96   
36   

1    
  0.0061802465633942   0.0078615869770630  -0.0000016179393865
  -0.1139740000   -0.1574381800    0.0006123700
  -0.0000689000   -0.0004153700    0.0000170200
   0.0000428300   -0.0004825100    0.0000864200
  -0.0000845800   -0.0002338500    0.0001958100
  -0.0002371000   -0.0006928300    0.0002727500
   0.0001507400   -0.0006001500   -0.0001743200
  -0.0005405400   -0.0007618900    0.0002958900
   0.0000806700   -0.0006321500    0.0001362600
   0.0002586000   -0.0039779200    0.0034150400
   0.0004395200   -0.0065319600    0.0000459500
   0.0003065900   -0.0058984500   -0.0001055900
   0.0000431500   -0.0059248500    0.0000300400
   0.0005813400   -0.0035553100   -0.0025340300
   0.0006076300   -0.0063802500   -0.0003176000
  -0.0003904400   -0.0062907200   -0.0001020500
  -0.0000223000   -0.0059346500   -0.0000438400
   0.0022213100    0.0066934600   -0.0039919500
   0.0005058200    0.0055052200    0.0003869000
  -0.0002108000    0.0060793600   -0.0002169000
  -0.0004302100    0.0059655100   -0.0001650300
   0.0006613000    0.0078309400    0.0009137200
  -0.0007854800    0.0064760200    0.0013524900
   0.0000716200    0.0058507100    0.0002625600
   0.0000289500    0.0058192500    0.0000841100
  -0.0011941200   -0.0068491900   -0.0003517900
   0.0025640400   -0.0041614500    0.0023559000
   0.0022905500   -0.0039163100    0.0019472100
  -0.0010545100   -0.0069156300   -0.0010381700
   0.0000360800   -0.0085361000   -0.0000059800
   0.0002192900   -0.0082212000   -0.0001321800
   0.0002874800   -0.0082548100    0.0003240800
  -0.0001550700   -0.0084812500    0.0000464700
  -0.0186908700   -0.0123152900   -0.0074050000
  -0.0029005400   -0.0088271600    0.0166832800
  -0.0186019700   -0.0125942600   -0.0059498900
  -0.0188253000   -0.0130879900   -0.0057684000
  -0.0185853800   -0.0120998900   -0.0061704200
  -0.0182249600   -0.0127995500   -0.0071006000
  -0.0187528400   -0.0122599700   -0.0059652100
  -0.0185006000   -0.0129826300   -0.0061467400
   0.0159050600   -0.0069073500   -0.0037093200
   0.0175983900   -0.0028151900   -0.0018471400
   0.0168740500   -0.0066854100   -0.0031303400
   0.0147396800   -0.0056368500   -0.0039121400
   0.0158659700   -0.0065701100   -0.0032804400
   0.0148023200   -0.0053771600   -0.0054318800
   0.0161419500   -0.0068693000   -0.0031622700
   0.0161076600   -0.0065680400   -0.0038668000
   0.0106100800    0.0241772500    0.0250071100
   0.0185433400    0.0146366100    0.0133270000
   0.0174009800    0.0140328300    0.0138804900
   0.0170448400    0.0130981000    0.0139905400
   0.0170486000    0.0122028200    0.0145967600
   0.0173709000    0.0133181900    0.0143834000
   0.0174247100    0.0129745500    0.0134403800
   0.0175070900    0.0133174000    0.0140330200
   0.0307207400    0.0633387900   -0.0232178700
  -0.0110267100    0.0100419200    0.0066549200
  -0.0118772300    0.0102309200    0.0062472800
  -0.0122513100    0.0101273400    0.0066655000
  -0.0115198400    0.0106572900    0.0067796000
  -0.0115076800    0.0097481400    0.0064709000
  -0.0114935300    0.0107585700    0.0057167300
  -0.0120084600    0.0101851000    0.0065914600
   0.0124604300    0.0103976700   -0.0067863500
   0.0006832500    0.0236154600    0.0017983000
   0.0119957400    0.0102266800   -0.0069188900
   0.0117869800    0.0117856200   -0.0058194600
   0.0113893600    0.0103730700   -0.0063863900
   0.0116195500    0.0096847600   -0.0062336900
   0.0117549900    0.0104479700   -0.0061962200
   0.0116272700    0.0101914000   -0.0063613800
  -0.0166427000    0.0128270500   -0.0137770400
   0.0227465300    0.0603303600   -0.0517483000
  -0.0171437100    0.0132794800   -0.0142071700
  -0.0172049800    0.0131553600   -0.0136805100
  -0.0177958800    0.0136367300   -0.0134814000
  -0.0178427900    0.0138625000   -0.0128286900
  -0.0175365700    0.0134362700   -0.0139214300
  -0.0171098200    0.0134341000   -0.0131987000
  -0.0162344400   -0.0047268200    0.0029798200
  -0.0148608200   -0.0058111100    0.0044877000
  -0.0145254600   -0.0029717000    0.0048152300
  -0.0162925800   -0.0068170700    0.0031076800
  -0.0157810000   -0.0063392700    0.0035244500
  -0.0162679400   -0.0066813300    0.0034779100
  -0.0157243600   -0.0057845000    0.0017760500
  -0.0162973400   -0.0068836800    0.0035022500
   0.0398291100   -0.0124871900    0.0294704900
   0.0195930600   -0.0136624100    0.0057960200
   0.0185802400   -0.0132400500    0.0059094500
   0.0184822900   -0.0125838400    0.0057454800
   0.0187607200   -0.0126982700    0.0049218700
   0.0192449100   -0.0127034800    0.0063783400
   0.0187754100   -0.0123480400    0.0060285900
   0.0187419600   -0.0125288800    0.0058205100

1    
 -0.0061802465633942  -0.0078615869770630   0.0000016179393865
   0.1141803700    0.1559324100   -0.0004550900
   0.0000810700   -0.0008990600   -0.0000261100
  -0.0000409200   -0.0008269700   -0.0000913600
   0.0000832400   -0.0010796800   -0.0002006500
   0.0002305200   -0.0006137900   -0.0002700200
  -0.0001487100   -0.0007031000    0.0001843400
   0.0005411900   -0.0005444100   -0.0002981700
  -0.0000691300   -0.0006714000   -0.0001403100
  -0.0002539400   -0.0083530700   -0.0034364100
  -0.0004455400   -0.0057935500   -0.0000489200
  -0.0002871300   -0.0064139900    0.0001113000
  -0.0000451500   -0.0063741700   -0.0000242600
  -0.0005490900   -0.0087222100    0.0025064800
  -0.0006147100   -0.0059379200    0.0003281400
   0.0003976300   -0.0060373600    0.0001073200
   0.0000248600   -0.0063833500    0.0000352200
  -0.0021328900    0.0057159700    0.0038375500
  -0.0005003800    0.0069391100   -0.0003775300
   0.0002165200    0.0063581600    0.0002305000
   0.0004441600    0.0064924300    0.0001739200
  -0.0007002100    0.0045725000   -0.0009350700
   0.0007733700    0.0059728000   -0.0013625900
  -0.0000715300    0.0065955800   -0.0002775600
  -0.0000322900    0.0066345000   -0.0001029600
   0.0011947500   -0.0096222700    0.0003529300
  -0.0026354200   -0.0123871600   -0.0024170700
  -0.0022625300   -0.0124776400   -0.0019013000
   0.0010532600   -0.0095692900    0.0010501400
  -0.0000317400   -0.0079327400   -0.0000002800
  -0.0002265600   -0.0082477200    0.0001397200
  -0.0002813700   -0.0082131400   -0.0003220600
   0.0001592000   -0.0079868200   -0.0000528100
  -0.0189927900   -0.0130385900   -0.0041983300
  -0.0351923400   -0.0164419700   -0.0289033200
  -0.0190993200   -0.0127354900   -0.0056318200
  -0.0188685000   -0.0122460500   -0.0058409100
  -0.0191227000   -0.0132396000   -0.0054326500
  -0.0194646900   -0.0125334600   -0.0044737200
  -0.0189335000   -0.0130963800   -0.0056294100
  -0.0191597500   -0.0123687000   -0.0054345500
   0.0162339400   -0.0060877100   -0.0032375500
   0.0145405100   -0.0102309000   -0.0051146100
   0.0152750600   -0.0063602800   -0.0037882100
   0.0173598100   -0.0073715100   -0.0030620500
   0.0162759600   -0.0064537500   -0.0036542800
   0.0173640000   -0.0076494600   -0.0014691100
   0.0160218400   -0.0061464400   -0.0037755100
   0.0160311500   -0.0064650000   -0.0031038400
   0.0246634900    0.0020581700    0.0029496700
   0.0164521400    0.0117738700    0.0147392900
   0.0176154500    0.0123886700    0.0142352600
   0.0179729600    0.0133217300    0.0141354200
   0.0179738100    0.0141777400    0.0135402700
   0.0176557900    0.0130895200    0.0137299200
   0.0175921400    0.0134376900    0.0146816400
   0.0174946900    0.0130918400    0.0140727000
  -0.0522676700   -0.0402475000    0.0343778500
  -0.0121624300    0.0107393500    0.0060153800
  -0.0112971200    0.0105706600    0.0064016000
  -0.0109271300    0.0106453200    0.0059747800
  -0.0116604400    0.0101363400    0.0058750900
  -0.0116732900    0.0110220400    0.0061759100
  -0.0116922000    0.0100283800    0.0069595900
  -0.0111735600    0.0105904300    0.0060829800
   0.0107909800    0.0103953600   -0.0058817000
   0.0221844100   -0.0026927000   -0.0142429300
   0.0111882500    0.0105594200   -0.0057342400
   0.0114268900    0.0089957000   -0.0068483200
   0.0117806200    0.0104089800   -0.0062776300
   0.0115627400    0.0111041700   -0.0064549900
   0.0114141000    0.0103371300   -0.0064578400
   0.0115520900    0.0105730600   -0.0063100600
  -0.0183757700    0.0135986200   -0.0143311400
  -0.0594370000   -0.0360660300    0.0252696400
  -0.0178496200    0.0131504700   -0.0138828700
  -0.0178140300    0.0132504300   -0.0144086100
  -0.0172010400    0.0127728200   -0.0146186600
  -0.0171533200    0.0125447200   -0.0152544400
  -0.0174828700    0.0129714100   -0.0142157700
  -0.0178995200    0.0129926300   -0.0149134300
  -0.0159095400   -0.0083032300    0.0039654300
  -0.0172866400   -0.0072175200    0.0024244700
  -0.0176432900   -0.0100259500    0.0021231400
  -0.0158395400   -0.0062242700    0.0038503500
  -0.0163826500   -0.0066554700    0.0034230200
  -0.0158911600   -0.0063386100    0.0034639300
  -0.0164069500   -0.0072323900    0.0051460600
  -0.0158387300   -0.0061352200    0.0034287300
  -0.0019376500   -0.0129779900   -0.0173696700
   0.0180413200   -0.0115987900    0.0057836800
   0.0191100200   -0.0121075300    0.0056899100
   0.0191985300   -0.0127775000    0.0058389700
   0.0189291200   -0.0126266600    0.0067474800
   0.0184304100   -0.0126553600    0.0052151600
   0.0188947600   -0.0129937000    0.0055589100
   0.0189588900   -0.0128076200    0.0057589200

1    
 -0.0000099969758374   0.0000000000000000   0.0099999950030225
   0.0009195700   -0.0001981300   -0.2160654600
   0.0000331700   -0.0006614000    0.0003137300
   0.0001356600   -0.0006500400   -0.0001463100
   0.0003123500   -0.0006468700   -0.0005462100
   0.0004331000   -0.0006717400    0.0001535300
  -0.0002901000   -0.0006688600    0.0009867600
   0.0004773400   -0.0006538400    0.0000533100
   0.0002114000   -0.0006539600   -0.0003191700
   0.0006688300   -0.0024204900    0.0075489500
  -0.0002307700   -0.0058637500    0.0005604600
  -0.0002310500   -0.0061379700   -0.0002402800
   0.0000019400   -0.0061090200   -0.0001071500
   0.0006491300   -0.0100177000    0.0077494100
  -0.0002343900   -0.0064567300    0.0005545000
  -0.0002205000   -0.0061713400   -0.0002550900
  -0.0000086100   -0.0062001600   -0.0001165100
  -0.0009807700    0.0059448000    0.0024498600
   0.0017198200    0.0030780900    0.0022354300
  -0.0000599400    0.0059572100    0.0000848000
   0.0001055500    0.0060708200    0.0000001100
   0.0017676800    0.0094696600    0.0022521300
  -0.0009709500    0.0064959400    0.0024193700
   0.0001244400    0.0063790000   -0.0000027100
  -0.0000551800    0.0064900700    0.0000788700
  -0.0006465400   -0.0065908800   -0.0006333200
  -0.0006561100   -0.0098602700   -0.0006738700
  -0.0015068600   -0.0098526200   -0.0007527300
  -0.0015393400   -0.0065852400   -0.0008181800
  -0.0002825800   -0.0079521300    0.0001759000
  -0.0002906700   -0.0085109900    0.0001859500
   0.0002120900   -0.0081514300    0.0002250000
   0.0002091700   -0.0083210300    0.0002285100
  -0.0191582200   -0.0139026200   -0.0048967500
   0.0145720900   -0.0029961600    0.0476399600
  -0.0188141800   -0.0126103500   -0.0056301800
  -0.0190694800   -0.0122743300   -0.0057078400
  -0.0182697300   -0.0122446900   -0.0057776000
  -0.0200519300   -0.0122028400   -0.0017519400
  -0.0191064800   -0.0125632300   -0.0059850400
  -0.0190082700   -0.0128617800   -0.0060470200
   0.0155913900   -0.0057656400   -0.0037819800
   0.0172853900   -0.0046693700   -0.0028696700
   0.0159726000   -0.0065289800   -0.0032634600
   0.0172155500   -0.0092327400   -0.0025850400
   0.0161670700   -0.0058701100   -0.0041171400
   0.0155012000   -0.0073447500   -0.0032238000
   0.0166833200   -0.0066455000   -0.0032598800
   0.0160773200   -0.0064656100   -0.0029805200
   0.0017877300    0.0334763600    0.0331688200
   0.0178055100    0.0136228400    0.0124835000
   0.0172177800    0.0124895100    0.0140804100
   0.0176438000    0.0130095400    0.0145697900
   0.0173917700    0.0124536600    0.0158242700
   0.0177675600    0.0133353500    0.0139207300
   0.0175286600    0.0130611900    0.0139787600
   0.0176513000    0.0134651700    0.0140815200
  -0.0310064500   -0.0143606400    0.0198863300
  -0.0109891900    0.0108084900    0.0072400800
  -0.0112093000    0.0102857600    0.0062696800
  -0.0118268000    0.0100553900    0.0062507500
  -0.0113601800    0.0110043800    0.0068763600
  -0.0118880800    0.0103221100    0.0063014200
  -0.0118862000    0.0103233000    0.0065708300
  -0.0113546500    0.0102432100    0.0065584200
   0.0121886500    0.0099536300   -0.0054385300
  -0.0081977000    0.0356444600    0.0074090900
   0.0113660500    0.0107096200   -0.0064180300
   0.0119781600    0.0104947700   -0.0063997600
   0.0112992700    0.0104663200   -0.0063652800
   0.0118105700    0.0097822400   -0.0057763200
   0.0118579400    0.0105164700   -0.0061197400
   0.0113261800    0.0104350000   -0.0061046700
  -0.0171032300    0.0127892200   -0.0156966400
  -0.0336868600   -0.0077494600    0.0053308200
  -0.0173576800    0.0133872100   -0.0135316400
  -0.0177795500    0.0139132800   -0.0140058600
  -0.0172106100    0.0130747000   -0.0141609300
  -0.0175876800    0.0139428700   -0.0122724700
  -0.0173395200    0.0129593600   -0.0140266900
  -0.0174385000    0.0133660900   -0.0141122500
  -0.0148876500   -0.0083287300    0.0040696400
  -0.0165397400   -0.0072201400    0.0031669000
  -0.0149308200   -0.0037448200    0.0043509000
  -0.0161696700   -0.0064958400    0.0036968400
  -0.0166717200   -0.0056446900    0.0037298100
  -0.0160063700   -0.0071151200    0.0028317700
  -0.0160872900   -0.0065486100    0.0039749500
  -0.0154966800   -0.0063504500    0.0036730900
   0.0538969900   -0.0226147900    0.0614740000
   0.0184587100   -0.0114562600    0.0066942600
   0.0185903100   -0.0130999300    0.0059052000
   0.0188451800   -0.0127491900    0.0059649900
   0.0176281800   -0.0131933300    0.0097954100
   0.0194150600   -0.0130961400    0.0058417600
   0.0186418900   -0.0125164700    0.0055290800
   0.0185503300   -0.0128071500    0.0055869600

9    
  0.0061802465633942   0.0078615869770630  -0.0000016179393865
   0.0001541400    0.0016051800    0.0034102500
   0.0004330100   -0.0010230800    0.0000834100
   0.0001890200   -0.0003017600   -0.0001195400
   0.0000116900   -0.0004018100    0.0000361800
   0.0006477500    0.0018280600   -0.0025732400
   0.0006184600   -0.0009025800   -0.0003786000
  -0.0002956000   -0.0008591200   -0.0001613300
   0.0000059500   -0.0004550300   -0.0000385000
  -0.1093010600   -0.1549821200   -0.0011601100
   0.0002042700   -0.0061742200    0.0000163500
  -0.0000619100   -0.0056404300    0.0002824000
  -0.0002416400   -0.0056922100    0.0002904600
  -0.0004815700   -0.0062278100    0.0003672200
   0.0001995100   -0.0061491300   -0.0001453800
  -0.0005202900   -0.0063220000    0.0004009400
   0.0001466900   -0.0060054900    0.0001894900
   0.0023752500    0.0106009700    0.0018168100
  -0.0013083600    0.0077769900   -0.0002566700
  -0.0012803200    0.0076939300   -0.0010064300
   0.0019487500    0.0106244500    0.0010011300
   0.0002542700    0.0063399000   -0.0001083600
   0.0000011000    0.0059665600    0.0000692600
  -0.0001730900    0.0059707600   -0.0000253300
   0.0002047000    0.0062462600    0.0003974900
  -0.0000725000   -0.0083341200    0.0001579900
   0.0012310500   -0.0069629800   -0.0028972200
  -0.0001815700   -0.0083331000    0.0000111300
  -0.0002520400   -0.0084324800   -0.0001820200
  -0.0006655500   -0.0077774100    0.0007856600
   0.0008802800   -0.0065634500    0.0013015900
   0.0000005000   -0.0085233800   -0.0000235500
  -0.0000946600   -0.0084668400    0.0001705600
  -0.0177116000   -0.0112472100   -0.0065405900
  -0.0238077500   -0.0027088700    0.0036145300
  -0.0191728800   -0.0127429700   -0.0057621300
  -0.0186193200   -0.0119757600   -0.0057686900
  -0.0188749500   -0.0124486200   -0.0052531100
  -0.0194426400   -0.0134044000   -0.0055555800
  -0.0188568400   -0.0125471100   -0.0056044400
  -0.0189078500   -0.0127639700   -0.0062806700
   0.0165217000   -0.0063902200   -0.0036987500
   0.0517721900    0.0372427000   -0.0266631100
   0.0152225200   -0.0065961000   -0.0032998700
   0.0157709100   -0.0067804800   -0.0035398700
   0.0162835700   -0.0070976100   -0.0033417300
   0.0162573100   -0.0063888200   -0.0031846500
   0.0155360800   -0.0068839800   -0.0030559300
   0.0160905900   -0.0061567500   -0.0041421100
   0.0333781500    0.0177148500    0.0342859500
   0.0176484500    0.0135162200    0.0124690600
   0.0174985300    0.0127251400    0.0139861700
   0.0176122600    0.0130904800    0.0138056300
   0.0181044800    0.0129879000    0.0128176500
   0.0181000400    0.0136481400    0.0137367700
   0.0177566300    0.0128417500    0.0134158800
   0.0175246700    0.0135659900    0.0137036000
  -0.0102865300    0.0142895400    0.0080862200
  -0.0118839500    0.0102104100    0.0059758400
  -0.0130195200    0.0107431400    0.0059986600
  -0.0100267300    0.0101155400    0.0066862100
  -0.0126660300    0.0117307000    0.0044227700
  -0.0115708800    0.0104411100    0.0065040800
  -0.0113862500    0.0104437200    0.0058948600
  -0.0115011000    0.0100324300    0.0065012200
   0.0113244500    0.0101624600   -0.0062713400
   0.0119196300    0.0106150300   -0.0061379800
   0.0113539700    0.0100130000   -0.0061019200
   0.0121258900    0.0112206600   -0.0078881100
   0.0133769600    0.0113466200   -0.0054918600
   0.0113621500    0.0120749600   -0.0066496100
   0.0112282700    0.0101998800   -0.0065280600
   0.0132266300    0.0141587400   -0.0043760600
  -0.0171062300    0.0132197300   -0.0133092700
  -0.0175428600    0.0128825300   -0.0151613900
  -0.0175204400    0.0132691700   -0.0140613200
  -0.0177043700    0.0135011400   -0.0138366800
  -0.0168096900    0.0122864100   -0.0136193500
   0.0028884800    0.0160243200    0.0078460200
  -0.0179242000    0.0131263600   -0.0141937100
  -0.0177990400    0.0127154300   -0.0141950200
  -0.0161157500   -0.0073148100    0.0035005600
  -0.0161109500   -0.0065841200    0.0033420200
  -0.0159808300   -0.0067233800    0.0034303000
  -0.0158145900   -0.0064990500    0.0036816500
  -0.0239397400    0.0047272400    0.0102191300
  -0.0149356500   -0.0066564900    0.0030158500
  -0.0156383300   -0.0054302200    0.0038916200
  -0.0155037900   -0.0068094300    0.0030074700
   0.0185523900   -0.0122942100    0.0068810500
   0.0186602400   -0.0121842400    0.0062378500
   0.0193189500   -0.0123629000    0.0064799800
   0.0188382500   -0.0124308600    0.0057557100
   0.0565026000    0.0317609500   -0.0290697600
   0.0195839700   -0.0122223900    0.0059040200
   0.0190671900   -0.0126193800    0.0063057300
   0.0191969600   -0.0125025300    0.0054665700

9    
 -0.0061802465633942  -0.0078615869770630   0.0000016179393865
  -0.0001637400   -0.0029087200   -0.0033799100
  -0.0004163000   -0.0002880700   -0.0000852500
  -0.0001998400   -0.0009987000    0.0001229600
  -0.0000079200   -0.0009067000   -0.0000336000
  -0.0006771500   -0.0031796800    0.0025899800
  -0.0006255300   -0.0004292900    0.0003797300
   0.0002938100   -0.0004564500    0.0001535200
  -0.0000118600   -0.0008598200    0.0000328200
   0.1090453700    0.1428553600    0.0010634300
  -0.0002165100   -0.0061382500   -0.0000106600
   0.0000652400   -0.0066827200   -0.0002679800
   0.0002397600   -0.0066288200   -0.0002790100
   0.0004910000   -0.0060768300   -0.0003764600
  -0.0002117700   -0.0061796900    0.0001371400
   0.0005188900   -0.0059999100   -0.0003852200
  -0.0001619900   -0.0063109500   -0.0001890200
  -0.0022939200    0.0019386300   -0.0017542700
   0.0012942600    0.0046786700    0.0002559100
   0.0012752300    0.0047619800    0.0010170800
  -0.0020005900    0.0017490400   -0.0010540700
  -0.0002489200    0.0061046500    0.0001003300
   0.0000055400    0.0064850700   -0.0000568800
   0.0001806700    0.0064618400    0.0000197400
  -0.0002046500    0.0061850200   -0.0004213800
   0.0000692000   -0.0081456700   -0.0001545400
  -0.0013102800   -0.0094755400    0.0030395800
   0.0001753800   -0.0081393300   -0.0000248300
   0.0002495400   -0.0080399100    0.0001844400
   0.0006784900   -0.0086638900   -0.0007709500
  -0.0008510000   -0.0098583600   -0.0012837000
   0.0000048700   -0.0079564100    0.0000216400
   0.0000923200   -0.0080061700   -0.0001643600
  -0.0199366100   -0.0141068500   -0.0050222900
  -0.0141211500   -0.0224243000   -0.0150245300
  -0.0185096100   -0.0126046400   -0.0057967300
  -0.0190638000   -0.0133829200   -0.0058203400
  -0.0188263500   -0.0128939400   -0.0063483500
  -0.0182424100   -0.0119263000   -0.0061302700
  -0.0187938100   -0.0128163200   -0.0059989600
  -0.0187545100   -0.0126009900   -0.0053188000
   0.0156517800   -0.0066191500   -0.0032433500
  -0.0213617100   -0.0527544400    0.0212159700
   0.0169304100   -0.0064260500   -0.0036302100
   0.0163899400   -0.0062522900   -0.0033956500
   0.0158810000   -0.0059172700   -0.0036206200
   0.0159227800   -0.0066139700   -0.0037684900
   0.0166113900   -0.0061128400   -0.0039054800
   0.0160581400   -0.0068681400   -0.0028312500
   0.0021143700    0.0086662100   -0.0055001300
   0.0173417500    0.0129036800    0.0156325900
   0.0175181300    0.0136956300    0.0141230900
   0.0173910500    0.0133329600    0.0143115100
   0.0168770800    0.0134172700    0.0152628900
   0.0169354900    0.0127681200    0.0144025800
   0.0172304800    0.0135758100    0.0146707300
   0.0174755000    0.0128663300    0.0143843100
  -0.0128794900    0.0065239400    0.0046063200
  -0.0113050000    0.0105557000    0.0067054000
  -0.0101106100    0.0100373000    0.0067147300
  -0.0131846300    0.0106520500    0.0059761700
  -0.0105205700    0.0090723700    0.0081775300
  -0.0116018000    0.0103463700    0.0061419000
  -0.0118139900    0.0103303000    0.0067759700
  -0.0117281600    0.0107275000    0.0061538500
   0.0118579000    0.0106297900   -0.0063745800
   0.0112727000    0.0101373000   -0.0065097800
   0.0118287500    0.0107462600   -0.0065673500
   0.0110521900    0.0095537200   -0.0047604300
   0.0098106100    0.0094533200   -0.0071422600
   0.0118189900    0.0087171000   -0.0060232500
   0.0119497700    0.0105648800   -0.0061537300
   0.0099770700    0.0065573400   -0.0083065600
  -0.0179143200    0.0131780000   -0.0148151900
  -0.0174320500    0.0135244600   -0.0129966800
  -0.0174700600    0.0131663700   -0.0140222500
  -0.0172955800    0.0129212500   -0.0142439600
  -0.0181357300    0.0140633400   -0.0144516600
  -0.0381808400    0.0104593600   -0.0365191700
  -0.0170824300    0.0132956500   -0.0139223000
  -0.0172003600    0.0137098000   -0.0139165500
  -0.0160540200   -0.0056826500    0.0034614700
  -0.0160520100   -0.0064354000    0.0035856300
  -0.0161674800   -0.0062818200    0.0035379900
  -0.0163345700   -0.0065076800    0.0032611600
  -0.0079114000   -0.0179369900   -0.0034977200
  -0.0173199400   -0.0063729200    0.0039644400
  -0.0165352000   -0.0075891200    0.0030596700
  -0.0166501600   -0.0062152000    0.0039203000
   0.0190963400   -0.0130707500    0.0047183300
   0.0190286500   -0.0131529600    0.0053568600
   0.0183610500   -0.0130002800    0.0051100600
   0.0188191600   -0.0129301000    0.0058399800
  -0.0169407200   -0.0548038200    0.0390088700
   0.0180802200   -0.0131628600    0.0057063100
   0.0186081600   -0.0127211300    0.0052596200
   0.0184626100   -0.0128558200    0.0061064700

9    
 -0.0000099969758374   0.0000000000000000   0.0099999950030225
   0.0007227400    0.0031863300    0.0077552900
  -0.0002230800   -0.0004273300    0.0005567400
  -0.0001603900   -0.0006484700   -0.0002582100
  -0.0000018500   -0.0006112700   -0.0001094500
   0.0007465300   -0.0043871900    0.0075451300
  -0.0002279700   -0.0008949800    0.0005546800
  -0.0001749300   -0.0006558800   -0.0002499300
  -0.0000045400   -0.0006991500   -0.0001136100
  -0.0017510300   -0.0065767300   -0.2050232200
   0.0000080300   -0.0061559400    0.0001378100
   0.0004561200   -0.0061530500   -0.0002811200
   0.0004552100   -0.0061591600   -0.0006709800
   0.0006098700   -0.0061510200    0.0005407200
  -0.0002386200   -0.0061555800    0.0008465600
   0.0006490300   -0.0061545400   -0.0000082900
   0.0003072100   -0.0061531700   -0.0003622400
  -0.0002227000    0.0050514500   -0.0001881700
  -0.0002283400    0.0073611400   -0.0002260000
  -0.0008155200    0.0074192100    0.0001944800
  -0.0008412900    0.0050013400    0.0001316000
  -0.0002770200    0.0059294900    0.0002075600
  -0.0002830500    0.0065085100    0.0002057500
   0.0002360000    0.0061769200    0.0001875300
   0.0002355300    0.0062718000    0.0001806100
   0.0016720800   -0.0110481900    0.0025716300
  -0.0011609600   -0.0089959100    0.0026260700
   0.0001766900   -0.0082788800   -0.0000424600
  -0.0000598300   -0.0084152700    0.0000604500
  -0.0011496200   -0.0074742400    0.0026249400
   0.0016359300   -0.0055353500    0.0025409700
  -0.0000558700   -0.0080482400    0.0000436100
   0.0001709800   -0.0081810400   -0.0000574400
  -0.0185234100   -0.0122046900   -0.0073565800
  -0.0321773600    0.0041133900    0.0122072100
  -0.0187214900   -0.0127235100   -0.0053267800
  -0.0194075400   -0.0135245300   -0.0058745000
  -0.0185038100   -0.0126108100   -0.0059501700
  -0.0187686200   -0.0130799100   -0.0041451300
  -0.0186867600   -0.0124363700   -0.0057831100
  -0.0187913700   -0.0130013800   -0.0059132600
   0.0166598400   -0.0062540800   -0.0023287400
  -0.0009086700   -0.0285220800    0.0095705200
   0.0157532300   -0.0069608900   -0.0034543700
   0.0164199500   -0.0064838200   -0.0034253600
   0.0158637700   -0.0067479300   -0.0035682100
   0.0164569900   -0.0058437400   -0.0028648300
   0.0163039600   -0.0066412800   -0.0032993900
   0.0157095000   -0.0068038200   -0.0031544800
   0.0476976000    0.0213703600    0.0637543000
   0.0169526600    0.0121707300    0.0151680800
   0.0172370400    0.0134839700    0.0141699000
   0.0175466300    0.0131910600    0.0141895500
   0.0161764800    0.0136666400    0.0179780300
   0.0181707000    0.0134299700    0.0146617500
   0.0172949000    0.0131516600    0.0138638100
   0.0172650600    0.0133704000    0.0139833800
  -0.0104808400    0.0123758900    0.0067434100
  -0.0123772900    0.0112772000    0.0063115200
  -0.0102157000    0.0074075300    0.0068261000
  -0.0119025800    0.0105222100    0.0066585900
  -0.0121690100    0.0094662800    0.0066941200
  -0.0113708800    0.0109815300    0.0057503200
  -0.0118034100    0.0104134600    0.0067565000
  -0.0110842500    0.0100788000    0.0066494900
   0.0118273800    0.0097762100   -0.0069250200
   0.0110013900    0.0113043500   -0.0059903700
   0.0121335100    0.0106752000   -0.0060421900
   0.0113876800    0.0103691300   -0.0059383800
   0.0107879700    0.0094855800   -0.0063676700
   0.0127081500    0.0084030300   -0.0059364800
   0.0112920900    0.0102565300   -0.0060234600
   0.0129345800    0.0133430600   -0.0058301800
  -0.0168361000    0.0129668700   -0.0134572400
  -0.0188325100    0.0127998400   -0.0100223900
  -0.0176901900    0.0130594400   -0.0140955700
  -0.0176973800    0.0132673600   -0.0142288700
  -0.0179696600    0.0142515000   -0.0129049500
   0.0109768400    0.0052713400    0.0332258100
  -0.0174417200    0.0132313200   -0.0139382200
  -0.0177506000    0.0129350900   -0.0139282100
  -0.0157073000   -0.0071429800    0.0040547100
  -0.0163185900   -0.0062643500    0.0033730600
  -0.0164749400   -0.0061851900    0.0038041000
  -0.0158917600   -0.0063404400    0.0036642200
  -0.0326941200    0.0149678400    0.0162099300
  -0.0154949900   -0.0067182600    0.0046147600
  -0.0157446200   -0.0065059100    0.0035075700
  -0.0164073900   -0.0060324000    0.0034704900
   0.0188927800   -0.0122745900    0.0074642800
   0.0191644500   -0.0127225900    0.0056226700
   0.0188608100   -0.0123854700    0.0056779800
   0.0189462200   -0.0129627100    0.0058122000
   0.0059804500   -0.0287717800    0.0234379900
   0.0190235500   -0.0131745800    0.0043147800
   0.0182591300   -0.0118461600    0.0057210700
   0.0189542400   -0.0126141500    0.0062409500

17   
  0.0061802465633942   0.0078615869770630  -0.0000016179393865
   0.0008708200    0.0009038600   -0.0008253700
  -0.0008903500   -0.0002681800   -0.0014376500
   0.0000826500   -0.0010324300   -0.0002490500
  -0.0001118500   -0.0011847100   -0.0000482800
   0.0020383500   -0.0001148400    0.0035232300
   0.0005474100   -0.0014503400   -0.0003835400
  -0.0002510400   -0.0007804200    0.0001875300
  -0.0002627500   -0.0008417800    0.0001698800
   0.0022578500   -0.0018233800   -0.0010291400
  -0.0012520800   -0.0046351200    0.0007584300
  -0.0015530700   -0.0044799000    0.0004497000
   0.0022778400   -0.0018892700   -0.0014857500
   0.0003625500   -0.0061167400   -0.0004096100
  -0.0001178400   -0.0063278600    0.0000460000
  -0.0001638800   -0.0064072500    0.0001121000
   0.0001914800   -0.0061132900    0.0001786400
  -0.1076167600   -0.1395623200    0.0042021300
   0.0002087700    0.0061707400    0.0001246800
  -0.0000656000    0.0066162500   -0.0001085400
  -0.0000888400    0.0065446900   -0.0001566700
  -0.0003135900    0.0060544200   -0.0004235800
   0.0000960800    0.0062186700    0.0001183100
  -0.0003868000    0.0060443200   -0.0002754600
  -0.0000069700    0.0062492500   -0.0001726800
  -0.0001305900   -0.0082530800    0.0001293000
   0.0001679900   -0.0080190700    0.0000903800
  -0.0001038700   -0.0056611400    0.0024565800
   0.0005009400   -0.0082761200    0.0001979300
   0.0003309400   -0.0077249800    0.0001910400
   0.0002831900   -0.0078900900    0.0000577200
   0.0004428600   -0.0052196700   -0.0033730300
   0.0002754200   -0.0085943000   -0.0001456200
  -0.0267178500   -0.0006666500   -0.0114228900
  -0.0181039800   -0.0126913800   -0.0054865600
  -0.0184346400   -0.0115271600   -0.0062852200
  -0.0183869600   -0.0129192600   -0.0054462300
  -0.0189633900   -0.0134860200   -0.0056100500
  -0.0188983900   -0.0127298400   -0.0057383700
  -0.0187232100   -0.0127796300   -0.0057427700
  -0.0184284000   -0.0128781300   -0.0059236000
   0.0161569800   -0.0065407300   -0.0040065900
   0.0162398500   -0.0065875200   -0.0030014400
   0.0534393000    0.0367614900    0.0292480000
   0.0165181100   -0.0064077200   -0.0035654700
   0.0162881200   -0.0064581500   -0.0040430300
   0.0161473200   -0.0062721700   -0.0033017100
   0.0156608500   -0.0060349400   -0.0043138000
   0.0160274300   -0.0059438600   -0.0038494500
   0.0192829700    0.0172223900    0.0125372600
   0.0172529300    0.0128567700    0.0143302400
   0.0172543800    0.0149869700    0.0142079700
   0.0196093900    0.0142129900    0.0132733300
   0.0180068800    0.0139319500    0.0154287100
   0.0171365800    0.0130633700    0.0139766300
   0.0178362800    0.0132380700    0.0142121300
   0.0171791800    0.0130567200    0.0138248600
   0.0078109200    0.0117271500   -0.0146999200
  -0.0105775500    0.0090457700    0.0058909500
  -0.0119849600    0.0101380800    0.0062690200
  -0.0116601300    0.0104257000    0.0061455000
  -0.0114464600    0.0099679300    0.0077697900
  -0.0112088400    0.0103026500    0.0058025200
  -0.0117097000    0.0104925300    0.0061838100
  -0.0116826600    0.0106076000    0.0062357600
   0.0122039000    0.0105442100   -0.0048942600
   0.0120313200    0.0111076200   -0.0059430600
   0.0118312800    0.0101575200   -0.0059274300
   0.0115754200    0.0109018800   -0.0059987200
   0.0284157100    0.0144750000   -0.0283314000
   0.0121429700    0.0108334600   -0.0045943900
   0.0116437500    0.0098907800   -0.0064681300
   0.0116763400    0.0103453100   -0.0063173000
  -0.0176623300    0.0127849900   -0.0136986500
  -0.0175920100    0.0128211000   -0.0142790400
  -0.0188843100    0.0142324300   -0.0121507200
  -0.0176837500    0.0131977300   -0.0144005700
  -0.0186002100    0.0140586800   -0.0139090800
  -0.0165404800    0.0127169700   -0.0145055200
  -0.0159950400    0.0171070800   -0.0159960700
  -0.0177828300    0.0130962200   -0.0137635000
  -0.0163160300   -0.0066661600    0.0040018900
  -0.0161046800   -0.0064543400    0.0032114800
  -0.0166822000   -0.0074695700    0.0029656500
  -0.0162473100   -0.0063811000    0.0030258300
  -0.0159720900   -0.0055430000    0.0036009200
  -0.0164793600   -0.0065087300    0.0034875700
  -0.0216606600    0.0034943000   -0.0058126000
  -0.0149130200   -0.0050274900    0.0040643800
   0.0190176900   -0.0127905000    0.0055166500
   0.0192665500   -0.0131205800    0.0057168000
   0.0189832000   -0.0123144300    0.0064920600
   0.0185808400   -0.0128835600    0.0055320600
   0.0531428300    0.0314990000    0.0266230400
   0.0193245700   -0.0127545000    0.0057546300
   0.0187233900   -0.0127300900    0.0059550700
   0.0180169400   -0.0128710800    0.0056734100

17   
 -0.0061802465633942  -0.0078615869770630   0.0000016179393865
  -0.0008386900   -0.0021721500    0.0008085000
   0.0009022900   -0.0010382100    0.0014359600
  -0.0000791000   -0.0002830500    0.0002416000
   0.0001152800   -0.0001429300    0.0000419000
  -0.0021232300   -0.0011649100   -0.0036817200
  -0.0005532600    0.0001309200    0.0003989500
   0.0002496000   -0.0005336400   -0.0002058200
   0.0002415500   -0.0004766300   -0.0001654800
  -0.0022805800   -0.0105577300    0.0010881000
   0.0012633900   -0.0076478200   -0.0007783400
   0.0015495900   -0.0078371300   -0.0004125400
  -0.0021981500   -0.0103474900    0.0014368600
  -0.0003552000   -0.0061904400    0.0003966300
   0.0001030500   -0.0060044000   -0.0000648800
   0.0001573400   -0.0058886700   -0.0000952100
  -0.0002040800   -0.0061967400   -0.0001988800
   0.1073410300    0.1522561200   -0.0041221500
  -0.0002138800    0.0062558100   -0.0001205000
   0.0000658900    0.0058275700    0.0000999200
   0.0000738700    0.0058923200    0.0001754200
   0.0003166900    0.0063799800    0.0004099600
  -0.0000921400    0.0062213300   -0.0001282000
   0.0003975900    0.0064136700    0.0002637500
   0.0000148900    0.0061764600    0.0001541000
   0.0001185500   -0.0081998600   -0.0000994300
  -0.0001731700   -0.0084527900   -0.0000733700
   0.0000705500   -0.0108198000   -0.0024750900
  -0.0004915400   -0.0082112800   -0.0001893800
  -0.0003222700   -0.0087405900   -0.0001947300
  -0.0002860100   -0.0085860100   -0.0000543000
  -0.0004556800   -0.0112101500    0.0033595700
  -0.0002699400   -0.0078838400    0.0001275200
  -0.0106201700   -0.0249004400    0.0000596200
  -0.0196331200   -0.0126899800   -0.0061145500
  -0.0192704900   -0.0137982300   -0.0053053300
  -0.0192844300   -0.0124361000   -0.0061355600
  -0.0187369500   -0.0118550400   -0.0060043200
  -0.0187720400   -0.0126100700   -0.0058799800
  -0.0189407500   -0.0125854600   -0.0058494100
  -0.0192107000   -0.0124936000   -0.0056572600
   0.0159994500   -0.0064655500   -0.0029431500
   0.0159100000   -0.0064361100   -0.0039482400
  -0.0195275300   -0.0475590600   -0.0345537500
   0.0156615800   -0.0066040300   -0.0033662900
   0.0158592700   -0.0065844700   -0.0028820500
   0.0160250200   -0.0067350200   -0.0036553400
   0.0164877700   -0.0069666800   -0.0026221300
   0.0161283100   -0.0070807500   -0.0031129600
   0.0157130300    0.0091326200    0.0155589100
   0.0177330600    0.0135649000    0.0137637000
   0.0177362900    0.0114238900    0.0139050000
   0.0154122600    0.0122043000    0.0148299300
   0.0169798900    0.0124689500    0.0126327500
   0.0178796600    0.0133443500    0.0141370700
   0.0171669800    0.0131627600    0.0138889800
   0.0178074800    0.0133732400    0.0142475300
  -0.0312648200    0.0091504000    0.0279361600
  -0.0125406800    0.0116750500    0.0067850100
  -0.0112039600    0.0106490800    0.0063986700
  -0.0115309500    0.0103542400    0.0065122300
  -0.0117443500    0.0107895900    0.0049769100
  -0.0119601900    0.0104749800    0.0068345000
  -0.0114932900    0.0102675600    0.0064892200
  -0.0115209100    0.0101692800    0.0064307000
   0.0109815300    0.0102317900   -0.0077584200
   0.0111446900    0.0096596200   -0.0067348400
   0.0113494100    0.0106280200   -0.0067366700
   0.0116278900    0.0098704400   -0.0066632900
  -0.0047299600    0.0062438300    0.0149667800
   0.0110617400    0.0099374000   -0.0080783300
   0.0115487000    0.0108839300   -0.0062057700
   0.0115204000    0.0104175300   -0.0063592500
  -0.0173572200    0.0136178400   -0.0144248900
  -0.0174225400    0.0136038300   -0.0138079100
  -0.0161158700    0.0122138100   -0.0158728000
  -0.0173213100    0.0132126200   -0.0136933100
  -0.0163508000    0.0123421100   -0.0142086200
  -0.0184766700    0.0136996600   -0.0135591100
  -0.0189968500    0.0093471200   -0.0121742700
  -0.0171806500    0.0133284500   -0.0143379600
  -0.0158573800   -0.0063376300    0.0029428200
  -0.0160440300   -0.0065566900    0.0037242200
  -0.0154805200   -0.0055111100    0.0040108200
  -0.0159125200   -0.0066215200    0.0039200700
  -0.0161856900   -0.0074668400    0.0033686600
  -0.0156845800   -0.0065053500    0.0034633600
  -0.0107533900   -0.0162732700    0.0125565600
  -0.0172439000   -0.0079929700    0.0028461300
   0.0186365600   -0.0125834000    0.0060784500
   0.0184531200   -0.0121978900    0.0058746700
   0.0186795100   -0.0130648400    0.0051064700
   0.0190830000   -0.0124852900    0.0060698800
  -0.0171835800   -0.0592921800   -0.0164308200
   0.0183211600   -0.0126205700    0.0058588200
   0.0189380600   -0.0126445200    0.0056210900
   0.0196627500   -0.0124564800    0.0059022000

17   
 -0.0000099969758374   0.0000000000000000   0.0099999950030225
  -0.0020984100   -0.0040787400    0.0024445900
   0.0010547300   -0.0010096600    0.0022328000
  -0.0001094300   -0.0008577600    0.0000828000
   0.0000831700   -0.0009320500    0.0000040900
   0.0010574000   -0.0003112300    0.0022546000
  -0.0020547200    0.0026397600    0.0024194600
   0.0000839200   -0.0003817600   -0.0000064100
  -0.0001047000   -0.0004504800    0.0000845000
   0.0012244500   -0.0048617300   -0.0001692400
   0.0012558000   -0.0074617000   -0.0002430000
   0.0000102100   -0.0074597300    0.0001860900
   0.0000064400   -0.0048754600    0.0001432900
  -0.0000262700   -0.0062531500    0.0002016800
  -0.0000350100   -0.0060555900    0.0002049600
   0.0003124800   -0.0064299100    0.0001946200
   0.0003081600   -0.0058824200    0.0001857600
   0.0069167200    0.0057233400   -0.2006896300
   0.0002057100    0.0062170700   -0.0000896900
  -0.0001756700    0.0062224400   -0.0000101000
  -0.0002656800    0.0062163900   -0.0005705000
  -0.0006831200    0.0062309700    0.0000425000
   0.0001926100    0.0062306500    0.0006182900
  -0.0004298700    0.0062273500   -0.0002753200
  -0.0002770800    0.0062190700   -0.0002921900
   0.0003510400   -0.0084091100    0.0000164800
   0.0001504200   -0.0081673800    0.0001305000
  -0.0007754900   -0.0044613000    0.0079300600
  -0.0001230400   -0.0080041700    0.0005293000
   0.0003576100   -0.0080498300    0.0000135300
   0.0001593500   -0.0082929500    0.0001286500
  -0.0008072600   -0.0118788700    0.0076960100
  -0.0001108700   -0.0084649400    0.0005251100
  -0.0033852500   -0.0331310100    0.0056521800
  -0.0194141200   -0.0123386800   -0.0047530700
  -0.0192115200   -0.0125786900   -0.0060407600
  -0.0184509000   -0.0129479600   -0.0059631000
  -0.0194114700   -0.0121479700   -0.0056728100
  -0.0187242500   -0.0125818600   -0.0058040000
  -0.0186977300   -0.0131156600   -0.0055671900
  -0.0191299100   -0.0128564700   -0.0055889400
   0.0164014800   -0.0074569800   -0.0034671500
   0.0159079000   -0.0065806900   -0.0030172000
   0.0306611200    0.0103397200    0.0126757000
   0.0158378700   -0.0058041500   -0.0050575400
   0.0161936000   -0.0065297500   -0.0037363200
   0.0160006100   -0.0064531700   -0.0034275800
   0.0165927000   -0.0067519600   -0.0020497000
   0.0157979200   -0.0064712500   -0.0037747300
   0.0162579100    0.0102007100    0.0147235700
   0.0175613200    0.0133011100    0.0141676600
   0.0164157700    0.0148911200    0.0146913300
   0.0184094400    0.0140343600    0.0139879700
   0.0175445200    0.0132690300    0.0144104300
   0.0169865300    0.0131284800    0.0143047900
   0.0180239200    0.0125034800    0.0140662700
   0.0174166500    0.0136367500    0.0136689300
  -0.0436291200    0.0194178000    0.0578974100
  -0.0110897000    0.0091671000    0.0076651400
  -0.0113911700    0.0109172600    0.0062878500
  -0.0116422200    0.0103873000    0.0064002200
  -0.0104982200    0.0103289000    0.0113154100
  -0.0123462500    0.0108206700    0.0070749900
  -0.0115864300    0.0101670500    0.0063181300
  -0.0115144700    0.0104685700    0.0062163000
   0.0127136400    0.0105177200   -0.0012701300
   0.0108424500    0.0099391600   -0.0055843800
   0.0116315400    0.0106198100   -0.0063671900
   0.0116834300    0.0103131400   -0.0064595300
  -0.0186755200    0.0016068500    0.0427645800
   0.0120653700    0.0116213400   -0.0050167400
   0.0118049700    0.0098548500   -0.0063880800
   0.0115499200    0.0103832300   -0.0062765900
  -0.0174607100    0.0131516400   -0.0137140300
  -0.0180291100    0.0132710600   -0.0138037800
  -0.0169666300    0.0138891600   -0.0140537300
  -0.0175714900    0.0127617200   -0.0144305300
  -0.0186887100    0.0161987100   -0.0133531200
  -0.0174119500    0.0131182700   -0.0139282300
  -0.0185878000    0.0115122600   -0.0134224800
  -0.0165561900    0.0123639500   -0.0141264400
  -0.0159637700   -0.0064742900    0.0031872500
  -0.0161669600   -0.0065706100    0.0035074000
  -0.0155747700   -0.0062330200    0.0049082900
  -0.0163636600   -0.0065395500    0.0031630000
  -0.0157654700   -0.0055485300    0.0034688500
  -0.0162726300   -0.0064026600    0.0039240800
  -0.0020432000   -0.0226087400    0.0192342000
  -0.0162460500   -0.0071806800    0.0019488600
   0.0182527600   -0.0132104700    0.0058841200
   0.0189738000   -0.0127690300    0.0057846300
   0.0189544500   -0.0122555800    0.0060174900
   0.0185279900   -0.0125094900    0.0059940800
   0.0339332500    0.0072476600    0.0169299600
   0.0182092800   -0.0130359900    0.0068190300
   0.0184517100   -0.0127730400    0.0055246700
   0.0192099300   -0.0123891400    0.0056067300

25   
  0.0061802465633942   0.0078615869770630  -0.0000016179393865
  -0.0010356400    0.0005843400    0.0008800000
   0.0024617800    0.0036159400   -0.0017129300
   0.0024468600    0.0034143100   -0.0022069700
  -0.0012556600    0.0008414400    0.0003365900
  -0.0000734200   -0.0008755600    0.0000540600
   0.0003316700   -0.0007401700   -0.0003997800
   0.0002012000   -0.0006202800    0.0001930600
  -0.0000785300   -0.0009743800    0.0000756600
  -0.0007219500   -0.0057433800   -0.0011432800
   0.0008042300   -0.0045600500   -0.0013104700
  -0.0000623000   -0.0063438000    0.0000847500
  -0.0000622900   -0.0064877300   -0.0001814900
  -0.0002099500   -0.0060586200   -0.0001234000
   0.0015497300   -0.0050257000    0.0032678100
  -0.0001740000   -0.0062953100    0.0001028700
  -0.0002200800   -0.0062777600    0.0001444500
  -0.0002396700    0.0062616900    0.0000716400
   0.0001395400    0.0064529100    0.0001517500
  -0.0000710500    0.0088091600    0.0024262000
   0.0005892500    0.0061102100    0.0001078300
   0.0004313500    0.0066399600    0.0003583700
   0.0003074900    0.0065465100    0.0000486300
   0.0004442500    0.0092124200   -0.0033975000
   0.0001743800    0.0059309400   -0.0002589200
  -0.1089389500   -0.1563050100   -0.0027454000
   0.0001160200   -0.0084736800    0.0000533500
  -0.0000517700   -0.0078291400   -0.0001405600
   0.0000227000   -0.0078400600   -0.0001763100
  -0.0003752800   -0.0083783900   -0.0004042600
   0.0001642000   -0.0082185700    0.0001287800
  -0.0002737500   -0.0084142000   -0.0002449200
   0.0002247100   -0.0080700000   -0.0000883200
  -0.0168853100   -0.0087824500   -0.0082610500
  -0.0190688800   -0.0129141900   -0.0055351700
  -0.0188399000   -0.0108178000   -0.0056261700
  -0.0175701300   -0.0118250600   -0.0066545100
  -0.0184430800   -0.0118249700   -0.0042582800
  -0.0190279900   -0.0130375900   -0.0060563900
  -0.0185867800   -0.0125339500   -0.0056514600
  -0.0192076200   -0.0128693600   -0.0058376700
   0.0355876900   -0.0039208200   -0.0246166300
   0.0168392200   -0.0076685600   -0.0041905400
   0.0157810500   -0.0069821500   -0.0033785700
   0.0159300700   -0.0065009600   -0.0034966400
   0.0163194100   -0.0069471100   -0.0023815000
   0.0165445400   -0.0063068100   -0.0042598700
   0.0160530700   -0.0064275900   -0.0037608800
   0.0159546900   -0.0062913500   -0.0035574200
   0.0094151900    0.0242035200    0.0075138300
   0.0185488000    0.0134066600    0.0144450900
   0.0179872600    0.0143130000    0.0134839400
   0.0180078500    0.0131433700    0.0145083300
   0.0172232300    0.0123336000    0.0141302500
   0.0173863900    0.0131038500    0.0141554600
   0.0176893700    0.0132454500    0.0138942600
   0.0177842600    0.0131053200    0.0138188900
  -0.0114326100    0.0104508800    0.0058190300
  -0.0113605800    0.0105382700    0.0066196600
   0.0265173600    0.0537383300    0.0424491700
  -0.0111346100    0.0105455100    0.0063122100
  -0.0114577200    0.0104079700    0.0056591600
  -0.0116331400    0.0105563900    0.0063514000
  -0.0120969800    0.0107556100    0.0053037100
  -0.0116858400    0.0107569000    0.0058949400
   0.0118933300    0.0110591000   -0.0062671400
   0.0111285800    0.0104446000   -0.0062502200
   0.0053401600    0.0201730100   -0.0164928000
   0.0125141400    0.0119199500   -0.0055684300
   0.0113158500    0.0103471700   -0.0056869300
   0.0115791900    0.0105407200   -0.0064782500
   0.0110468500    0.0094952200   -0.0065188900
   0.0115144800    0.0105348600   -0.0065707500
   0.0196133900    0.0589897200    0.0130116900
  -0.0169188500    0.0132652300   -0.0139412200
  -0.0178301600    0.0132042500   -0.0135471400
  -0.0183853600    0.0129987300   -0.0141967200
  -0.0172276300    0.0131084100   -0.0142836100
  -0.0171297000    0.0127518700   -0.0139386400
  -0.0173998300    0.0135870000   -0.0133373000
  -0.0178164900    0.0129801800   -0.0142992100
  -0.0000543300   -0.0031576400   -0.0159820500
  -0.0156208900   -0.0061685500    0.0052344600
  -0.0159979800   -0.0069234700    0.0033793500
  -0.0159624100   -0.0064688800    0.0036102000
  -0.0154271100   -0.0066651600    0.0048193800
  -0.0154216200   -0.0058369100    0.0035029200
  -0.0158132500   -0.0069170500    0.0037789700
  -0.0161767400   -0.0060721000    0.0036890200
   0.0173982600   -0.0117774700    0.0064520100
   0.0198045300   -0.0129626100    0.0050551500
   0.0200742600   -0.0089365500    0.0036204800
   0.0187479400   -0.0129716500    0.0061263200
   0.0187135600   -0.0128327400    0.0060914700
   0.0187285900   -0.0130635700    0.0054606200
   0.0174755500   -0.0117542900    0.0073312600
   0.0185902800   -0.0127333100    0.0054081500

25   
 -0.0061802465633942  -0.0078615869770630   0.0000016179393865
   0.0010456000   -0.0019228100   -0.0008819800
  -0.0024271500   -0.0048578100    0.0016723400
  -0.0025111300   -0.0048086700    0.0022532400
   0.0012608400   -0.0021495800   -0.0003385300
   0.0000738800   -0.0004388200   -0.0000439800
  -0.0003275400   -0.0005841400    0.0003933700
  -0.0002003300   -0.0006938000   -0.0001975900
   0.0000761300   -0.0003544200   -0.0000687000
   0.0007151900   -0.0065645200    0.0011450400
  -0.0008390500   -0.0077839600    0.0013151100
   0.0000627600   -0.0059553900   -0.0000527000
   0.0000617900   -0.0058191400    0.0001845900
   0.0002303300   -0.0062395800    0.0001068300
  -0.0014802000   -0.0073240600   -0.0031133300
   0.0001945800   -0.0060114600   -0.0001079800
   0.0002136100   -0.0060345100   -0.0001556800
   0.0002375300    0.0061629200   -0.0000667500
  -0.0001444600    0.0059862900   -0.0001524300
   0.0000999700    0.0036503400   -0.0024112000
  -0.0006084100    0.0063321100   -0.0001017800
  -0.0004204600    0.0058089500   -0.0003674300
  -0.0003071100    0.0059048500   -0.0000492200
  -0.0004347100    0.0032168600    0.0033911900
  -0.0001818300    0.0064996000    0.0002480500
   0.1091368500    0.1396087800    0.0026963400
  -0.0001286100   -0.0079889500   -0.0000396600
   0.0000452300   -0.0086311300    0.0001498700
  -0.0000312100   -0.0086246500    0.0001662300
   0.0003780200   -0.0080672200    0.0003888400
  -0.0001560200   -0.0082265300   -0.0001196700
   0.0002876900   -0.0080486100    0.0002326200
  -0.0002177000   -0.0083986800    0.0000803400
  -0.0207607600   -0.0165489500   -0.0033505000
  -0.0185625200   -0.0124684300   -0.0060841400
  -0.0188180100   -0.0145211400   -0.0059560200
  -0.0200975800   -0.0135519700   -0.0049264300
  -0.0192407800   -0.0135171100   -0.0073099100
  -0.0186526800   -0.0123089300   -0.0055743900
  -0.0190562900   -0.0128422900   -0.0059387700
  -0.0184341500   -0.0125240300   -0.0057392100
  -0.0031457600   -0.0091593800    0.0170949400
   0.0152625500   -0.0052480500   -0.0027637600
   0.0163802100   -0.0060379800   -0.0035420200
   0.0162419900   -0.0064936200   -0.0034403900
   0.0158488800   -0.0060345100   -0.0046178300
   0.0156598000   -0.0066571300   -0.0026749900
   0.0161098500   -0.0065590700   -0.0031986300
   0.0162165600   -0.0067223600   -0.0033978700
   0.0252596200    0.0024169800    0.0203545700
   0.0165138500    0.0130359500    0.0136422500
   0.0170217500    0.0120885900    0.0146329700
   0.0170031500    0.0132829500    0.0136011700
   0.0177718900    0.0140764100    0.0139547200
   0.0176052200    0.0133068100    0.0139612100
   0.0172935100    0.0131681700    0.0142011000
   0.0171691300    0.0133249300    0.0142646500
  -0.0117548000    0.0103226700    0.0068480400
  -0.0118097500    0.0102572500    0.0060545600
  -0.0514915100   -0.0352498000   -0.0314960800
  -0.0120769500    0.0102233900    0.0063391800
  -0.0117087300    0.0103933800    0.0069789000
  -0.0115322300    0.0102176000    0.0063065000
  -0.0111122000    0.0100064200    0.0073692500
  -0.0115222000    0.0100112500    0.0068022300
   0.0112825400    0.0097211600   -0.0063996000
   0.0120410400    0.0103264700   -0.0064019100
   0.0181329500    0.0003611900    0.0039868600
   0.0106829300    0.0088487300   -0.0070777100
   0.0118749100    0.0104393400   -0.0069883400
   0.0115816300    0.0102233900   -0.0061903100
   0.0121633800    0.0112379400   -0.0061770100
   0.0116865000    0.0102185200   -0.0060894600
  -0.0528623500   -0.0300732100   -0.0396314900
  -0.0180446600    0.0131685900   -0.0141417300
  -0.0171423100    0.0132340500   -0.0145347800
  -0.0166073900    0.0134069600   -0.0138825200
  -0.0177512200    0.0133189900   -0.0137906800
  -0.0178891400    0.0136434400   -0.0141398300
  -0.0175936700    0.0128464000   -0.0148001300
  -0.0171716400    0.0134438200   -0.0137984900
  -0.0326173200   -0.0097838400    0.0236000200
  -0.0165626900   -0.0068570400    0.0016944200
  -0.0161562800   -0.0060763600    0.0035792600
  -0.0162180400   -0.0065325200    0.0033561900
  -0.0167427300   -0.0063049000    0.0021333800
  -0.0167498900   -0.0071501600    0.0034810900
  -0.0163450600   -0.0060815000    0.0031675800
  -0.0159811000   -0.0069303900    0.0032483400
   0.0202234900   -0.0135882500    0.0051933000
   0.0179059500   -0.0123670800    0.0065227300
   0.0175660700   -0.0164922600    0.0080068300
   0.0188747400   -0.0124137600    0.0054564900
   0.0189410800   -0.0125555600    0.0055375700
   0.0189483800   -0.0123197200    0.0061444000
   0.0201777200   -0.0136347400    0.0042059200
   0.0190670200   -0.0126079300    0.0061789000

25   
 -0.0000099969758374   0.0000000000000000   0.0099999950030225
   0.0016309500   -0.0023835600   -0.0006202800
   0.0016628500    0.0011015000   -0.0006862300
   0.0007120000    0.0012341300   -0.0007679700
   0.0007115400   -0.0025417700   -0.0008013500
  -0.0001101900   -0.0005786300    0.0001774400
  -0.0001112800   -0.0007350600    0.0001824800
   0.0003021200   -0.0004777900    0.0002278300
   0.0003033900   -0.0008348400    0.0002205100
   0.0011709900   -0.0068893300    0.0025527500
  -0.0017427900   -0.0084758100    0.0026137200
   0.0001437900   -0.0062487700   -0.0000455700
  -0.0001691000   -0.0062633300    0.0000568100
  -0.0017909100   -0.0037073200    0.0026368500
   0.0011813600   -0.0054225700    0.0025420000
  -0.0001676800   -0.0060534200    0.0000590900
   0.0001387000   -0.0060630000   -0.0000425800
   0.0002606200    0.0061749800    0.0000174900
   0.0001128600    0.0062434600    0.0001214400
  -0.0007395900    0.0098762400    0.0077028100
   0.0000545100    0.0064336300    0.0005267300
   0.0002543700    0.0062656500    0.0000118000
   0.0001087300    0.0062001200    0.0001222800
  -0.0007016000    0.0024544600    0.0079296600
   0.0000425900    0.0060087900    0.0005297300
  -0.0041995600   -0.0077926700   -0.2022973000
   0.0000870100   -0.0082299300    0.0000309600
  -0.0002289100   -0.0082327300   -0.0000645100
  -0.0002631700   -0.0082308700   -0.0004578700
  -0.0006501600   -0.0082357200    0.0001828100
   0.0001910400   -0.0082359000    0.0004629600
  -0.0003847300   -0.0082384300   -0.0003188600
  -0.0001601400   -0.0082349800   -0.0002802200
  -0.0197087900   -0.0157249700   -0.0048956900
  -0.0186950200   -0.0127809100   -0.0058407800
  -0.0197970400   -0.0111919200   -0.0048185900
  -0.0184927100   -0.0117541300   -0.0060634900
  -0.0187043200   -0.0125989500   -0.0053424200
  -0.0192160900   -0.0129396900   -0.0057351600
  -0.0183743700   -0.0132078100   -0.0059449400
  -0.0188310900   -0.0121785100   -0.0061973700
  -0.0131314100   -0.0001414700    0.0416376600
   0.0164290100   -0.0078493100   -0.0022459100
   0.0163835300   -0.0060970100   -0.0033827900
   0.0160063900   -0.0065640400   -0.0031810700
   0.0171229000   -0.0061925500    0.0008287900
   0.0150151600   -0.0061278000   -0.0026296600
   0.0161104900   -0.0066572700   -0.0035255400
   0.0161731200   -0.0063723500   -0.0037248400
   0.0339214500   -0.0079321200    0.0286310300
   0.0167946200    0.0136919200    0.0151365600
   0.0172246300    0.0130171600    0.0138325700
   0.0177561700    0.0130151400    0.0138758900
   0.0171582000    0.0138257700    0.0145488800
   0.0175726000    0.0132851600    0.0140746300
   0.0177293300    0.0128250700    0.0142503000
   0.0172261100    0.0130811100    0.0142288900
  -0.0113587600    0.0096770200    0.0061903100
  -0.0117193000    0.0104002700    0.0066848400
   0.0042423900    0.0289947300    0.0247737600
  -0.0119271700    0.0109159300    0.0049822700
  -0.0114876500    0.0102777000    0.0060648500
  -0.0117600000    0.0104012600    0.0063315100
  -0.0109721300    0.0099263800    0.0076211800
  -0.0118665300    0.0102832200    0.0060967400
   0.0118425600    0.0111048000   -0.0064769900
   0.0114789100    0.0103664300   -0.0059931600
   0.0279816800   -0.0089702800    0.0124108700
   0.0111933700    0.0098295300   -0.0077712900
   0.0116963500    0.0105117900   -0.0066027300
   0.0114406000    0.0103912800   -0.0063369100
   0.0122296700    0.0108156700   -0.0050745800
   0.0113396200    0.0104781800   -0.0065725600
  -0.0006843300    0.0348889700    0.0008172600
  -0.0181572600    0.0127278500   -0.0129431000
  -0.0177520200    0.0133966000   -0.0142408600
  -0.0172302500    0.0133819500   -0.0142187600
  -0.0178258900    0.0125876300   -0.0135153800
  -0.0174456000    0.0131362600   -0.0140237100
  -0.0172603800    0.0135965300   -0.0138588800
  -0.0177481800    0.0133456300   -0.0138618600
  -0.0469943800   -0.0130797400    0.0509406700
  -0.0157003600   -0.0051450900    0.0046952900
  -0.0157924900   -0.0068947700    0.0035597500
  -0.0161643700   -0.0064258400    0.0037527900
  -0.0150599700   -0.0068700300    0.0076846400
  -0.0171710600   -0.0068501600    0.0043155200
  -0.0160744200   -0.0063496000    0.0034157100
  -0.0159932900   -0.0066398800    0.0032200300
   0.0178982300   -0.0096261400    0.0066695500
   0.0189620500   -0.0125893400    0.0057493700
   0.0178623200   -0.0141710700    0.0067597200
   0.0191419600   -0.0136087600    0.0055255300
   0.0189600900   -0.0127733700    0.0062704000
   0.0184561500   -0.0124257100    0.0058747500
   0.0192767300   -0.0121517300    0.0056618200
   0.0188206400   -0.0131811300    0.0053793100

33   
  0.0099999996573246   0.0000000000000000  -0.0000026179203604
   0.0007194800   -0.0010725600   -0.0003523800
   0.0301931200   -0.0036327100    0.0347479800
  -0.0000790800   -0.0002543600    0.0000127800
  -0.0001867600   -0.0004656000   -0.0002250300
   0.0005431800   -0.0007576100    0.0006021600
   0.0004431600   -0.0002035100   -0.0012057700
  -0.0000294900   -0.0005071600   -0.0002831900
   0.0002082900   -0.0003973700   -0.0001955600
   0.0014672100   -0.0059351400    0.0002442900
   0.0261069500   -0.0331187000   -0.0134116800
   0.0000236600   -0.0066033300    0.0001239100
   0.0003561500   -0.0061637200   -0.0005523500
  -0.0001822700   -0.0060630100    0.0003195200
  -0.0007124800   -0.0063578200    0.0000419900
  -0.0000152800   -0.0061808000    0.0001273500
   0.0003357900   -0.0064994900    0.0000243100
   0.0217724500   -0.0208151800    0.0150620600
   0.0010297400    0.0063769500   -0.0005980800
   0.0002457300    0.0065387200   -0.0003735800
  -0.0002941100    0.0070410500    0.0003875900
   0.0000696700    0.0060252100   -0.0005737000
   0.0002718500    0.0059206300    0.0001132700
   0.0002061600    0.0061910500    0.0001218900
   0.0001087300    0.0066266400   -0.0003089800
   0.0004164200   -0.0061166400   -0.0008963800
   0.0005606900   -0.0089942000    0.0001301100
   0.0010226500   -0.0090465800   -0.0009503300
   0.0009661800   -0.0073982400    0.0003310600
   0.0002375000   -0.0079106100    0.0001270500
  -0.0002350700   -0.0082661400   -0.0003774500
  -0.0008958300   -0.0072308600    0.0004536500
  -0.0005144300   -0.0083343100   -0.0000193400
  -0.1740965800    0.0431039300   -0.0377145800
  -0.0159998900   -0.0123612600   -0.0065463000
  -0.0180784100   -0.0123068100   -0.0055423200
  -0.0193642400   -0.0130223100   -0.0049349300
  -0.0187544300   -0.0124150300   -0.0049725900
  -0.0176483000   -0.0125029000   -0.0042868000
  -0.0209211800   -0.0124023400   -0.0056347900
  -0.0188113500   -0.0129162200   -0.0051959100
   0.0141890700   -0.0076963500   -0.0008916500
   0.0174989900   -0.0056863700   -0.0028195300
   0.0140829300   -0.0091991400   -0.0047225300
   0.0175654700   -0.0058604900   -0.0027700100
   0.0162083100   -0.0067976300   -0.0030514100
   0.0161387600   -0.0067141100   -0.0034065800
   0.0160357300   -0.0073926200   -0.0033671300
   0.0158204900   -0.0068174000   -0.0035287700
   0.0207854100    0.0103397000    0.0151694600
   0.0336992200    0.0042914200    0.0223895500
   0.0177559900    0.0124807400    0.0145264500
   0.0180639900    0.0125134300    0.0140383700
   0.0174914400    0.0122310300    0.0132470500
   0.0171784600    0.0125392000    0.0139674600
   0.0192336100    0.0133238800    0.0138481300
   0.0176238000    0.0131988800    0.0134412700
   0.0021373900    0.0047530500    0.0002184400
   0.0011255700    0.0161515700    0.0027308000
  -0.0120093600    0.0116827300    0.0073943100
  -0.0114579600    0.0103256100    0.0060453900
  -0.0109944700    0.0108168600    0.0061709100
  -0.0116350600    0.0107286900    0.0062705400
  -0.0111838300    0.0101556700    0.0062654800
  -0.0113501200    0.0102914900    0.0071880900
   0.0098355200    0.0147728100   -0.0008334500
   0.0132714500    0.0097177800   -0.0072482500
   0.0113278800    0.0104987400   -0.0067233000
   0.0109757800    0.0093057500   -0.0058274000
   0.0085275400    0.0093693600   -0.0045962000
   0.0133989900    0.0105055400   -0.0061242100
   0.0114526700    0.0097820100   -0.0070191000
   0.0117016800    0.0106387100   -0.0064313000
  -0.0197032300    0.0109326100   -0.0166501300
  -0.0156222400    0.0134153400   -0.0141888000
  -0.0178820500    0.0133582300   -0.0132365900
  -0.0179634100    0.0136365000   -0.0137977900
  -0.0210034000    0.0116950500   -0.0220867500
  -0.0146557300    0.0123446500   -0.0137739000
  -0.0177384500    0.0126880500   -0.0143303900
  -0.0179732400    0.0134186400   -0.0137346100
  -0.0161633200   -0.0060126400    0.0024000100
  -0.0161393600   -0.0071773000    0.0038224200
  -0.0154815100   -0.0068433400    0.0028941400
  -0.0166030100   -0.0068444100    0.0038457700
  -0.0164434800   -0.0061706300    0.0039752100
  -0.0165739300   -0.0025816700    0.0040731900
  -0.0162975200   -0.0039537600   -0.0001327100
  -0.0159338300   -0.0051252400    0.0037176300
   0.0189505400   -0.0130265100    0.0058479900
   0.0177702800   -0.0113606200    0.0020553900
   0.0190820400   -0.0124378500    0.0053704800
   0.0198633700   -0.0124241500    0.0054184100
   0.0338751700   -0.0083626000    0.0145850500
   0.0297772300   -0.0087890000    0.0007094200
   0.0192031100   -0.0128483900    0.0057035300
   0.0186750100   -0.0133531000    0.0061432300

33   
 -0.0099999996573246   0.0000000000000000   0.0000026179203604
  -0.0007678100   -0.0002398200    0.0003451900
  -0.0297460900    0.0023806400   -0.0337370900
   0.0000927800   -0.0010466100   -0.0000249500
   0.0001938800   -0.0008391200    0.0002297700
  -0.0005317600   -0.0005427400   -0.0005712400
  -0.0004413400   -0.0010932100    0.0012210600
   0.0000120000   -0.0007931700    0.0002768900
  -0.0002263200   -0.0009053000    0.0001967300
  -0.0015353000   -0.0063785000   -0.0002515500
  -0.0254756200    0.0197368900    0.0127658600
  -0.0000416100   -0.0057280900   -0.0001087600
  -0.0003717700   -0.0061674800    0.0005774700
   0.0001701500   -0.0062513900   -0.0003326500
   0.0007005900   -0.0059398500   -0.0000857600
   0.0000335800   -0.0061538300   -0.0001233600
  -0.0003139000   -0.0058150900   -0.0000246900
  -0.0221175500    0.0341351500   -0.0155251100
  -0.0009877600    0.0060630600    0.0005980600
  -0.0002338800    0.0059045200    0.0003733600
   0.0002975900    0.0054098200   -0.0003661900
  -0.0000810500    0.0064425300    0.0005836300
  -0.0002545700    0.0065348800   -0.0001325700
  -0.0002025400    0.0062688200   -0.0001359200
  -0.0001177300    0.0058085600    0.0002831300
  -0.0004149300   -0.0103759400    0.0008859400
  -0.0005687900   -0.0074932900   -0.0001213300
  -0.0010215300   -0.0074353500    0.0009637300
  -0.0009482400   -0.0090792800   -0.0003275500
  -0.0002300100   -0.0085565400   -0.0001282700
   0.0002382100   -0.0081787000    0.0003928500
   0.0008821700   -0.0092433900   -0.0004510000
   0.0005134400   -0.0081388800    0.0000241200
   0.1355261500   -0.0681754300    0.0260460900
  -0.0215950300   -0.0129863600   -0.0050691900
  -0.0196211300   -0.0130304600   -0.0060168400
  -0.0183218400   -0.0123389700   -0.0066402300
  -0.0189482300   -0.0129342900   -0.0066415800
  -0.0200786500   -0.0128497200   -0.0073660400
  -0.0167407700   -0.0129699900   -0.0059508100
  -0.0188562300   -0.0124631500   -0.0063396900
   0.0179964300   -0.0053501100   -0.0060773200
   0.0146879200   -0.0073085600   -0.0041649000
   0.0180660800   -0.0037196600   -0.0022070400
   0.0146154100   -0.0070953100   -0.0041526400
   0.0159804900   -0.0062530700   -0.0038518400
   0.0160444200   -0.0062618000   -0.0035279100
   0.0161034200   -0.0056181600   -0.0035924500
   0.0162991500   -0.0062099400   -0.0034389000
   0.0137547300    0.0161081600    0.0128916500
   0.0017815000    0.0217002600    0.0059700600
   0.0172829300    0.0139580800    0.0135719800
   0.0169841600    0.0139344500    0.0140798100
   0.0175232100    0.0141969600    0.0148399100
   0.0178531100    0.0138470700    0.0141594000
   0.0157800600    0.0131114400    0.0142466600
   0.0173879300    0.0132346400    0.0146319300
  -0.0256307500    0.0161063500    0.0125544100
  -0.0240660500    0.0047211400    0.0099754700
  -0.0111808400    0.0090574200    0.0052588800
  -0.0117417100    0.0104386400    0.0066117400
  -0.0122103100    0.0099902800    0.0064418500
  -0.0115605600    0.0100707400    0.0063247400
  -0.0120196600    0.0106004800    0.0064193200
  -0.0118550500    0.0104667400    0.0054862600
   0.0134071500    0.0059859000   -0.0117384400
   0.0099187900    0.0110716900   -0.0053164300
   0.0118818200    0.0102447200   -0.0059193400
   0.0122261200    0.0114378500   -0.0068248200
   0.0145781400    0.0114779700   -0.0081455200
   0.0098112800    0.0102698400   -0.0065543200
   0.0117575200    0.0109647100   -0.0056637300
   0.0115140100    0.0101090600   -0.0062307800
  -0.0152927200    0.0154587400   -0.0113692700
  -0.0193793700    0.0130012200   -0.0139093500
  -0.0171030800    0.0130999000   -0.0148201200
  -0.0170430900    0.0128131400   -0.0142739900
  -0.0139502600    0.0146355400   -0.0059916100
  -0.0202887800    0.0140236000   -0.0143280400
  -0.0172904500    0.0137420100   -0.0138129700
  -0.0170247700    0.0130222600   -0.0143841900
  -0.0160135600   -0.0070064200    0.0045564400
  -0.0159956800   -0.0058246100    0.0030903700
  -0.0166687400   -0.0061651500    0.0040666500
  -0.0155238700   -0.0061938600    0.0031157900
  -0.0157297100   -0.0068211900    0.0029805800
  -0.0155592300   -0.0104210900    0.0028364400
  -0.0159121200   -0.0089942900    0.0070057200
  -0.0162541500   -0.0079067000    0.0032086700
   0.0187145600   -0.0122959000    0.0057503100
   0.0199728600   -0.0139820800    0.0096653500
   0.0185765800   -0.0129125900    0.0061857800
   0.0177898500   -0.0129352100    0.0061416700
   0.0034334900   -0.0170686100   -0.0031950500
   0.0082225300   -0.0166170200    0.0108258600
   0.0184604200   -0.0124873400    0.0058758800
   0.0190199200   -0.0119932100    0.0054298600

33   
  0.0000000000000000   0.0100000000000000   0.0000000000000000
   0.0011605400   -0.0010739500   -0.0012451100
   0.0028496300    0.0019540700    0.0097912400
  -0.0000237100   -0.0005619500    0.0000579600
   0.0001137300   -0.0012828100    0.0004083900
   0.0005049200   -0.0003074900    0.0004287400
  -0.0001013800   -0.0007450700    0.0005326300
   0.0002279500   -0.0003130800    0.0001266300
  -0.0005170800   -0.0006499700   -0.0001751900
   0.0007804500   -0.0049416100    0.0004895300
  -0.0262343000    0.0268194300    0.0158560600
  -0.0001966000   -0.0060965400   -0.0000479600
   0.0005422500   -0.0056763300   -0.0008442600
  -0.0002122000   -0.0057065900    0.0000462900
  -0.0009161200   -0.0063709100   -0.0004004300
  -0.0000879800   -0.0059263300    0.0002701300
  -0.0003252200   -0.0060251400   -0.0003043900
  -0.0276825900    0.0435244500   -0.0207279600
   0.0000645000    0.0061911600    0.0003392400
   0.0009303800    0.0069096900    0.0000935400
  -0.0000467200    0.0059381900   -0.0002662400
  -0.0005698300    0.0056487200    0.0005229800
   0.0003227900    0.0059103900    0.0000929300
  -0.0003823700    0.0064193100   -0.0004386500
   0.0000064000    0.0059629200   -0.0001741100
   0.0024059100   -0.0051870300   -0.0030487500
   0.0000517000   -0.0085701800   -0.0000867900
  -0.0015741000   -0.0046142200    0.0015225100
   0.0009301100   -0.0078575900    0.0009241600
   0.0008037800   -0.0077634700    0.0000779100
   0.0000000800   -0.0087060100   -0.0002576700
  -0.0006426200   -0.0075331700   -0.0005411400
  -0.0000907200   -0.0083821400    0.0005169000
   0.0368622700   -0.1708131900   -0.0072218500
  -0.0184529700   -0.0125816500   -0.0059172400
  -0.0184931700   -0.0124670400   -0.0049787800
  -0.0191922100   -0.0126325300   -0.0061519200
  -0.0185859800   -0.0125257600   -0.0065264000
  -0.0186501900   -0.0124653300   -0.0058244100
  -0.0185696100   -0.0144532300   -0.0050779500
  -0.0190604700   -0.0126442300   -0.0059125600
   0.0188667600    0.0157635300   -0.0070518900
   0.0154044200   -0.0058133200   -0.0030965200
   0.0163578800    0.0147504000   -0.0020449300
   0.0151751700   -0.0056221400   -0.0032859900
   0.0166584600   -0.0069312000   -0.0033304200
   0.0159182100   -0.0062761200   -0.0032715400
   0.0162657100   -0.0069630000   -0.0026790900
   0.0161247600   -0.0065096700   -0.0036413500
   0.0145715900    0.0203437000    0.0142858800
   0.0086636900    0.0177955700    0.0067982000
   0.0172081700    0.0122529500    0.0139742600
   0.0166481500    0.0128648000    0.0137107400
   0.0164565100    0.0132383600    0.0132764900
   0.0165332300    0.0135725200    0.0146630600
   0.0173918300    0.0130271200    0.0141747700
   0.0173271900    0.0130374900    0.0139650000
  -0.0175781700    0.0142653200    0.0122538800
  -0.0065187300    0.0141929500    0.0067107200
  -0.0113756600    0.0109702400    0.0066648100
  -0.0129443800    0.0112252000    0.0051495900
  -0.0117929600    0.0102350500    0.0059523700
  -0.0113937200    0.0101494100    0.0064046800
  -0.0114884600    0.0108445800    0.0066164800
  -0.0114477600    0.0106863200    0.0062566100
   0.0102311500    0.0126825400   -0.0033898600
   0.0118501100    0.0105207100   -0.0054836200
   0.0109514800    0.0109048100   -0.0062217500
   0.0118191000    0.0099466400   -0.0064356200
   0.0164612500    0.0127678100   -0.0197777300
   0.0108758800    0.0102969200   -0.0063473000
   0.0113966300    0.0104607600   -0.0056525500
   0.0106593000    0.0102794700   -0.0055249600
  -0.0165698300    0.0197537800   -0.0209841800
  -0.0172152800    0.0123752900   -0.0136213300
  -0.0168188700    0.0139525900   -0.0132185400
  -0.0174305700    0.0133032700   -0.0139750100
  -0.0146363400    0.0202106800    0.0036776300
  -0.0175677500    0.0126616900   -0.0144113800
  -0.0174809100    0.0138802000   -0.0136875200
  -0.0177994900    0.0133736200   -0.0143021600
  -0.0161956200   -0.0063229400    0.0026149600
  -0.0157275600   -0.0065615300    0.0038411900
  -0.0166716300   -0.0064502300    0.0037913500
  -0.0153801500   -0.0061375800    0.0021530600
  -0.0146842300   -0.0076174200    0.0023759700
  -0.0130004500   -0.0085183300    0.0021336200
  -0.0124230100   -0.0086856900    0.0078833800
  -0.0155234600   -0.0073462900    0.0030425300
   0.0192065400   -0.0120878300    0.0068063200
   0.0175166300   -0.0106872800    0.0045446500
   0.0186178700   -0.0125920000    0.0055726500
   0.0185917900   -0.0126613600    0.0052045100
   0.0144867400   -0.0133706000    0.0018466000
   0.0149060900   -0.0148929900    0.0077019300
   0.0190195200   -0.0126137300    0.0052967600
   0.0195539600   -0.0123288000    0.0061625200

33   
  0.0000000000000000  -0.0100000000000000   0.0000000000000000
  -0.0011182100   -0.0002417300    0.0012111600
  -0.0028891400   -0.0032093400   -0.0098560900
   0.0000253000   -0.0007580000   -0.0000555200
  -0.0001200400   -0.0000186200   -0.0004049100
  -0.0004767800   -0.0010069900   -0.0004180100
   0.0000741600   -0.0005342900   -0.0004472300
  -0.0002313300   -0.0010030400   -0.0001370400
   0.0005049300   -0.0006587200    0.0001639600
  -0.0007899100   -0.0073628800   -0.0004887900
   0.0278420200   -0.0407571500   -0.0169953700
   0.0001969500   -0.0062173300    0.0000675700
  -0.0005154500   -0.0066090300    0.0008401800
   0.0001913400   -0.0066065800   -0.0000725100
   0.0009147400   -0.0059210800    0.0004031600
   0.0000990300   -0.0063916900   -0.0002559800
   0.0003176300   -0.0062944800    0.0003213400
   0.0261710400   -0.0296028000    0.0197146900
  -0.0000467800    0.0062549600   -0.0003537000
  -0.0009787800    0.0054851700   -0.0000935700
   0.0000266900    0.0064838700    0.0002784400
   0.0005680100    0.0068199500   -0.0005144200
  -0.0003327200    0.0065422600   -0.0000903500
   0.0003860400    0.0060277300    0.0004215600
  -0.0000065400    0.0064577700    0.0001756100
  -0.0024142400   -0.0113008900    0.0030501600
  -0.0000562000   -0.0079007800    0.0000766500
   0.0015547700   -0.0117485100   -0.0014406000
  -0.0009334900   -0.0086019000   -0.0009374700
  -0.0007834200   -0.0086826600   -0.0000722000
   0.0000117900   -0.0077726100    0.0002622100
   0.0006246700   -0.0089081000    0.0005065600
   0.0000784400   -0.0080887200   -0.0005164000
  -0.0743653300    0.1458410300   -0.0025857500
  -0.0191405100   -0.0128042000   -0.0056722200
  -0.0191935000   -0.0128477900   -0.0065962500
  -0.0184832400   -0.0127114200   -0.0054365500
  -0.0191145800   -0.0128528400   -0.0050945400
  -0.0190231400   -0.0128819900   -0.0057765200
  -0.0190887500   -0.0109432100   -0.0065148900
  -0.0185705500   -0.0127471300   -0.0056656100
   0.0133455600   -0.0293363400    0.0002181900
   0.0168033400   -0.0071902700   -0.0038482800
   0.0157946800   -0.0271415300   -0.0048770100
   0.0169736800   -0.0073753000   -0.0036471700
   0.0155098400   -0.0060912800   -0.0035924700
   0.0162622800   -0.0067302800   -0.0036700800
   0.0158923800   -0.0060597700   -0.0042735600
   0.0160412200   -0.0065008100   -0.0033289700
   0.0199633200    0.0057149900    0.0139603300
   0.0265211900    0.0085275400    0.0214092400
   0.0177607800    0.0141581500    0.0141270000
   0.0183623800    0.0135402900    0.0144132700
   0.0185847700    0.0131626800    0.0147976200
   0.0184870400    0.0128225100    0.0134318000
   0.0176079100    0.0134075900    0.0139092400
   0.0176456200    0.0133910800    0.0141132200
  -0.0056493900    0.0065364000    0.0005010400
  -0.0167192100    0.0065270800    0.0060249400
  -0.0117758400    0.0097799900    0.0059781400
  -0.0101955000    0.0095441200    0.0074969100
  -0.0114333300    0.0105561900    0.0067025300
  -0.0117967000    0.0106594400    0.0062506200
  -0.0117226700    0.0099185400    0.0060620100
  -0.0117517600    0.0101052800    0.0064293000
   0.0129658900    0.0081328500   -0.0091383000
   0.0113571500    0.0102276700   -0.0071461800
   0.0122161400    0.0098737500   -0.0064104500
   0.0113692800    0.0108096600   -0.0062487500
   0.0067379000    0.0081100700    0.0068172300
   0.0122746100    0.0104640200   -0.0063097700
   0.0117953000    0.0102824500   -0.0070378400
   0.0125327900    0.0104729700   -0.0071616400
  -0.0184279800    0.0066114400   -0.0069974900
  -0.0177663800    0.0140409000   -0.0144669600
  -0.0181751200    0.0124550600   -0.0148290700
  -0.0175379500    0.0131128000   -0.0140838900
  -0.0203305500    0.0060669700   -0.0320276600
  -0.0174594700    0.0137393600   -0.0136971400
  -0.0175563100    0.0125321200   -0.0144756100
  -0.0172087100    0.0130546000   -0.0138119600
  -0.0159696200   -0.0066802400    0.0043241700
  -0.0164547400   -0.0064121900    0.0030906400
  -0.0154811000   -0.0065318900    0.0031658700
  -0.0167973400   -0.0068687300    0.0048097100
  -0.0174623300   -0.0053907700    0.0045789500
  -0.0192205000   -0.0044258900    0.0048663900
  -0.0196983200   -0.0042990900   -0.0009312100
  -0.0166167600   -0.0057322500    0.0039024500
   0.0184634700   -0.0132402600    0.0047760400
   0.0201592100   -0.0146546100    0.0070230100
   0.0190456400   -0.0127381200    0.0060297800
   0.0190687200   -0.0126826200    0.0063901700
   0.0232119500   -0.0119353900    0.0097763300
   0.0227397100   -0.0105262400    0.0039248700
   0.0186338300   -0.0127429200    0.0062870300
   0.0181650700   -0.0129780100    0.0054226900

33   
 -0.0000099969758374   0.0000000000000000   0.0099999950030225
  -0.0013047100   -0.0016889600    0.0009224900
   0.0383906700   -0.0009967600    0.0558122400
  -0.0001562300   -0.0007243400    0.0001608900
   0.0001283500   -0.0007051600    0.0000856800
   0.0001535600   -0.0012609900    0.0000339500
  -0.0017867000   -0.0009015500    0.0039759300
  -0.0001224500   -0.0007722200   -0.0002021200
  -0.0001099500   -0.0010379000   -0.0002615600
  -0.0005385500   -0.0067004600   -0.0015081400
  -0.0197011400    0.0211512700    0.0176613900
  -0.0002506300   -0.0059411600    0.0004744700
   0.0004365000   -0.0064772100   -0.0000511400
   0.0008041700   -0.0060829500   -0.0001712000
   0.0011256500   -0.0066557300    0.0016959400
   0.0001361000   -0.0059954700    0.0000040000
   0.0001710700   -0.0068891900   -0.0001443400
   0.0125103500   -0.0108047200    0.0111309500
   0.0002110600    0.0064588600    0.0010541200
  -0.0002548000    0.0057840800   -0.0002601600
   0.0001977800    0.0065105700   -0.0001745900
  -0.0000805400    0.0065401700    0.0001088200
  -0.0000224600    0.0063260700   -0.0000089400
   0.0006064000    0.0058068300    0.0002204200
  -0.0003270400    0.0062947500    0.0001965900
  -0.0014630900   -0.0101696000    0.0008841200
  -0.0003727300   -0.0075732300   -0.0000515500
  -0.0016126600   -0.0067238900    0.0009519400
  -0.0004384900   -0.0090001700   -0.0002704900
   0.0014362000   -0.0074590300    0.0004431300
  -0.0004831500   -0.0081647200    0.0000934600
   0.0013650300   -0.0091048400   -0.0001411000
  -0.0003613900   -0.0080160500   -0.0004080200
  -0.0517068700   -0.0149191500   -0.1728682200
  -0.0195836200   -0.0128037900   -0.0063392500
  -0.0186067200   -0.0118772800   -0.0058875200
  -0.0179694100   -0.0130284200   -0.0061826100
  -0.0179896200   -0.0133931900   -0.0055701100
  -0.0173118300   -0.0126946600   -0.0038012500
  -0.0186538300   -0.0119718500   -0.0075193000
  -0.0182333300   -0.0128163000   -0.0055407100
   0.0174892000   -0.0053935500   -0.0048102100
   0.0150236900   -0.0066338200   -0.0037523700
   0.0134741200   -0.0103137800   -0.0053840300
   0.0151375300   -0.0059519100   -0.0036075300
   0.0155837700   -0.0059834100   -0.0050117300
   0.0162634400   -0.0068997900   -0.0032222700
   0.0156847900   -0.0059854700   -0.0051496800
   0.0164299400   -0.0064604900   -0.0032150000
   0.0192996300    0.0136495800    0.0203147100
   0.0250136800    0.0058123600    0.0142760100
   0.0180570200    0.0129381000    0.0145560100
   0.0173415500    0.0130443800    0.0139653900
   0.0169051000    0.0127232000    0.0122164500
   0.0178210300    0.0140568200    0.0121122600
   0.0172272500    0.0135569200    0.0143417400
   0.0169021200    0.0130252900    0.0147065500
  -0.0075560900    0.0105077200    0.0046081600
  -0.0069952400    0.0151239000    0.0049403300
  -0.0112442700    0.0095882900    0.0058017700
  -0.0126508600    0.0112626300    0.0057115900
  -0.0118195800    0.0105225000    0.0055903000
  -0.0118778200    0.0098259600    0.0054629800
  -0.0123276000    0.0104452100    0.0060409500
  -0.0112400300    0.0104050000    0.0060511400
   0.0096901500    0.0218648900    0.0073797300
   0.0115504200    0.0105256000   -0.0056637400
   0.0120731600    0.0094833600   -0.0054308700
   0.0116567900    0.0100790400   -0.0063975800
   0.0053569300    0.0066269700    0.0089228500
   0.0128067700    0.0091123800   -0.0057554800
   0.0117027100    0.0104054800   -0.0052124300
   0.0111865800    0.0102662300   -0.0064765300
  -0.0249557900   -0.0019357400    0.0029805200
  -0.0169597600    0.0132947400   -0.0137418400
  -0.0174497900    0.0132180800   -0.0138456400
  -0.0171004900    0.0134023600   -0.0143256300
  -0.0189196000    0.0214330100    0.0059583100
  -0.0175233600    0.0134139500   -0.0137503000
  -0.0168519800    0.0123950700   -0.0139515900
  -0.0174863500    0.0132984500   -0.0141878200
  -0.0159622100   -0.0058568400    0.0036878400
  -0.0156085400   -0.0068277500    0.0034854200
  -0.0163222200   -0.0066010300    0.0036953900
  -0.0153405400   -0.0056468000    0.0036537900
  -0.0163198300   -0.0064073800    0.0046941900
  -0.0120999500   -0.0110413000    0.0038127600
  -0.0169029600   -0.0050534700    0.0037807000
  -0.0165972500   -0.0055958700    0.0044894200
   0.0188819100   -0.0137216900    0.0038100400
   0.0150524600   -0.0114199600    0.0036262300
   0.0183947100   -0.0124395100    0.0058755900
   0.0184546900   -0.0121102900    0.0059894900
   0.0276518100   -0.0086961200    0.0131760000
   0.0138296000   -0.0146486700    0.0121027200
   0.0187437300   -0.0121746500    0.0060762100
   0.0191948700   -0.0130298300    0.0064504900

33   
  0.0000099969758374   0.0000000000000000  -0.0099999950030225
   0.0012726800    0.0003751800   -0.0008935900
  -0.0364119200   -0.0002328000   -0.0533462300
   0.0001496400   -0.0005746700   -0.0001649300
  -0.0001218300   -0.0006058300   -0.0001057100
  -0.0001617800   -0.0000369500   -0.0000325400
   0.0018073900   -0.0003866800   -0.0040632100
   0.0001055000   -0.0005374400    0.0001866700
   0.0000935200   -0.0002710300    0.0002475900
   0.0005458100   -0.0055997700    0.0015267600
   0.0203089200   -0.0340321300   -0.0179608200
   0.0002489500   -0.0063786500   -0.0004534600
  -0.0004315300   -0.0058355600    0.0000675500
  -0.0007925300   -0.0062216000    0.0001676600
  -0.0010909400   -0.0056729100   -0.0016345600
  -0.0001212900   -0.0063166600   -0.0000034100
  -0.0001677300   -0.0054173500    0.0001274200
  -0.0129864000    0.0237809200   -0.0114631800
  -0.0001931800    0.0059908300   -0.0010225700
   0.0002693200    0.0066439300    0.0002519100
  -0.0001816500    0.0059213800    0.0001698400
   0.0000354000    0.0059346400   -0.0000901100
   0.0000143600    0.0061429300    0.0000130900
  -0.0006044900    0.0066272200   -0.0002279900
   0.0003214400    0.0061336300   -0.0001928000
   0.0014882100   -0.0062469500   -0.0008833400
   0.0003552800   -0.0088652100    0.0000474000
   0.0016374200   -0.0097370400   -0.0009733300
   0.0004323200   -0.0074752800    0.0002673000
  -0.0014738700   -0.0090320600   -0.0004721300
   0.0004751400   -0.0083015900   -0.0000737200
  -0.0013895200   -0.0073176200    0.0001290400
   0.0003557000   -0.0084569200    0.0004132700
   0.0118415700   -0.0101829500    0.1595227100
  -0.0180788200   -0.0125556500   -0.0052138100
  -0.0190784100   -0.0134743500   -0.0057086000
  -0.0196890400   -0.0123047900   -0.0053746500
  -0.0196997500   -0.0119488100   -0.0060284600
  -0.0203610400   -0.0126358800   -0.0078154100
  -0.0189844500   -0.0134168800   -0.0040588800
  -0.0193907800   -0.0125531400   -0.0060512800
   0.0147368300   -0.0077281300   -0.0021261700
   0.0171674900   -0.0063551100   -0.0031980700
   0.0186894500   -0.0026654400   -0.0015004100
   0.0170081500   -0.0070531200   -0.0033560600
   0.0165407100   -0.0069911600   -0.0019114700
   0.0159475000   -0.0060966800   -0.0037142100
   0.0164427600   -0.0070415300   -0.0018254900
   0.0157421700   -0.0065512200   -0.0037593500
   0.0153436100    0.0126316600    0.0079041200
   0.0099522300    0.0205549000    0.0137915700
   0.0169355100    0.0135272200    0.0135741300
   0.0176721800    0.0133712900    0.0141498800
   0.0181226900    0.0136505100    0.0158849000
   0.0171713600    0.0123792600    0.0159742300
   0.0177799500    0.0128156600    0.0137621200
   0.0180665800    0.0133888900    0.0133876600
  -0.0155298800    0.0102017200    0.0080144400
  -0.0161607600    0.0056442100    0.0078111400
  -0.0119593900    0.0111784500    0.0068353900
  -0.0105619600    0.0095016800    0.0069563500
  -0.0113822200    0.0102701700    0.0070938000
  -0.0112894200    0.0109466200    0.0071408100
  -0.0108774200    0.0103456600    0.0066257800
  -0.0119498400    0.0103598800    0.0066255300
   0.0135692200   -0.0009252700   -0.0197458400
   0.0116784300    0.0102123500   -0.0069917100
   0.0111237300    0.0112622100   -0.0072628900
   0.0115514200    0.0106521600   -0.0062992900
   0.0178826800    0.0143676400   -0.0218736400
   0.0103893600    0.0116636300   -0.0069162700
   0.0114810200    0.0103792300   -0.0074308400
   0.0120093200    0.0105121200   -0.0061813200
  -0.0100836300    0.0280499400   -0.0306651700
  -0.0179705000    0.0131397000   -0.0143739400
  -0.0174996100    0.0132233700   -0.0142380100
  -0.0178889900    0.0130368400   -0.0137756300
  -0.0160188700    0.0046923700   -0.0344429900
  -0.0175164100    0.0129795900   -0.0142959000
  -0.0181733100    0.0140616600   -0.0141719600
  -0.0175290900    0.0131282100   -0.0138910600
  -0.0162174200   -0.0071260500    0.0032628700
  -0.0165434400   -0.0061862300    0.0034435000
  -0.0158463600   -0.0064214500    0.0032913700
  -0.0167997600   -0.0073476800    0.0033254900
  -0.0158241700   -0.0065754700    0.0022725100
  -0.0200209700   -0.0019177600    0.0031364800
  -0.0152901200   -0.0079870900    0.0030791600
  -0.0155500800   -0.0074116500    0.0024290800
   0.0187699900   -0.0116561500    0.0077085300
   0.0226825800   -0.0139137800    0.0080026200
   0.0192117500   -0.0128971900    0.0057298200
   0.0191880100   -0.0132669700    0.0055967000
   0.0098975000   -0.0166253000   -0.0016982400
   0.0239578100   -0.0108510400   -0.0006637100
   0.0189386800   -0.0131573700    0.0055310800
   0.0184853100   -0.0123054700    0.0051390800

41   
  0.0099999996573246   0.0000000000000000  -0.0000026179203604
   0.0008512400   -0.0015346200   -0.0004713400
   0.0010992200    0.0004197700    0.0012014000
   0.0004522000   -0.0000164400   -0.0000797000
   0.0002131400   -0.0024875100    0.0011342300
  -0.0003228800   -0.0006551200    0.0000894100
  -0.0007953400   -0.0016629700   -0.0005877700
  -0.0001516000   -0.0004698900    0.0005810900
   0.0003135800   -0.0008393600   -0.0000080600
   0.0012987200   -0.0066299000    0.0005807100
   0.0232870200    0.0226807600   -0.0170482000
  -0.0002348000   -0.0070524500   -0.0003296700
   0.0001138100   -0.0066282500    0.0003428800
   0.0001389800   -0.0059998600   -0.0002457600
   0.0001105600   -0.0060158500    0.0003718200
  -0.0002274100   -0.0066529700    0.0001989300
   0.0000878900   -0.0061881900   -0.0003915600
   0.0001562900    0.0061736100    0.0003373400
  -0.0001855300    0.0065650300   -0.0001780500
   0.0248151600    0.0323978500    0.0140138700
   0.0013112700    0.0057370700   -0.0001950000
  -0.0000120300    0.0064835300    0.0001056800
   0.0000307300    0.0062838300   -0.0000879000
  -0.0008180100    0.0063455700    0.0004836400
  -0.0001791100    0.0062750000   -0.0002966500
   0.0285621700   -0.0062163100   -0.0294726700
   0.0010226000   -0.0080319600    0.0003688400
  -0.0001724200   -0.0084959100    0.0003048600
  -0.0000247900   -0.0084090100   -0.0000890400
   0.0007309900   -0.0084861300    0.0010288800
   0.0008893500   -0.0083705800   -0.0010995700
   0.0002095900   -0.0084275400    0.0000268100
  -0.0001821500   -0.0082487500    0.0000811100
  -0.0207175600   -0.0098640000   -0.0044394600
  -0.0174335800   -0.0133521500   -0.0068583300
  -0.0208334400   -0.0124075500   -0.0084070800
  -0.0173800100   -0.0136088200   -0.0067425600
  -0.0187316900   -0.0121036500   -0.0062594400
  -0.0187707300   -0.0128476600   -0.0056532400
  -0.0188635400   -0.0125072100   -0.0061732200
  -0.0190545500   -0.0126469200   -0.0054403200
  -0.1358509900   -0.0619107100    0.0255013200
   0.0178286100   -0.0065147600   -0.0026448500
   0.0172381800   -0.0068725600   -0.0032751400
   0.0157820400   -0.0059193300   -0.0041806000
   0.0160805400   -0.0063206800   -0.0040845500
   0.0165342400   -0.0067221600   -0.0046475700
   0.0145917700   -0.0068028300   -0.0031652200
   0.0165302100   -0.0062921200   -0.0039490800
   0.0306517100    0.0056979200    0.0174965600
   0.0323099500    0.0195573300    0.0206752500
   0.0172280900    0.0138190500    0.0143216500
   0.0174843900    0.0120446300    0.0131651700
   0.0178430100    0.0131898500    0.0139868200
   0.0174951400    0.0135032400    0.0141199800
   0.0180508800    0.0133647000    0.0134138700
   0.0178780500    0.0134785600    0.0144215000
  -0.0116130100    0.0112056000    0.0064022800
  -0.0115100300    0.0109835300    0.0059348200
   0.0019107000    0.0183771600   -0.0007563500
  -0.0070336800    0.0145225800    0.0049709400
  -0.0117139000    0.0102493100    0.0066434600
  -0.0104087000    0.0101222300    0.0062329000
  -0.0112447400    0.0112166400    0.0057959400
  -0.0116592100    0.0111551400    0.0067482000
   0.0116129700    0.0103220400   -0.0068026600
   0.0117489900    0.0096849100   -0.0064190100
   0.0076537600    0.0132946100   -0.0040133300
   0.0136768400    0.0101377000   -0.0060914800
   0.0118815500    0.0110975300   -0.0061747900
   0.0116774300    0.0105321800   -0.0064389400
   0.0081626200    0.0113347700    0.0008970000
   0.0136537200    0.0111323200   -0.0071417900
  -0.0201423600    0.0087164800   -0.0198762200
  -0.0155983000    0.0142268000   -0.0133245200
  -0.0179230700    0.0131646100   -0.0135971600
  -0.0175079200    0.0143981600   -0.0145556600
  -0.0197338200    0.0148939300   -0.0166950600
  -0.0160256600    0.0132343300   -0.0145278300
  -0.0175115300    0.0140275500   -0.0136531700
  -0.0178346900    0.0129392100   -0.0138626600
  -0.0165336600   -0.0076062200    0.0071564900
  -0.0156770500   -0.0063301500    0.0037409000
  -0.0150452100   -0.0064559800    0.0031922400
  -0.0167813200   -0.0070149800    0.0036673900
  -0.0064089200   -0.0104965000    0.0091971400
   0.0008093800   -0.0101139900   -0.0046245000
  -0.0169020700   -0.0060595100    0.0032160100
  -0.0158666700   -0.0062376900    0.0031015500
   0.0187456800   -0.0125652100    0.0059439600
   0.0187564400   -0.0130276400    0.0062658400
   0.0193870700   -0.0120763600    0.0055759200
   0.0182912900   -0.0134016600    0.0065422700
   0.0185045900   -0.0140837300    0.0055464400
   0.0183296000   -0.0157681300    0.0097260600
   0.0186118700   -0.0163257400    0.0049491700
   0.0189818700   -0.0132104700    0.0052561600

41   
 -0.0099999996573246   0.0000000000000000   0.0000026179203604
  -0.0008521000    0.0002045700    0.0004700900
  -0.0011118200   -0.0017534000   -0.0011780300
  -0.0004458100   -0.0013078500    0.0000918500
  -0.0002232500    0.0011582700   -0.0011518500
   0.0003189000   -0.0006600500   -0.0000788100
   0.0007978000    0.0003276800    0.0005775700
   0.0001469200   -0.0008394800   -0.0005856900
  -0.0003186300   -0.0004505100    0.0000181500
  -0.0013355900   -0.0056773500   -0.0005941800
  -0.0228896100   -0.0340554600    0.0165177200
   0.0002288700   -0.0052388100    0.0003325300
  -0.0001175500   -0.0056751200   -0.0003346200
  -0.0001470800   -0.0063027400    0.0002246900
  -0.0001086300   -0.0062704300   -0.0003728400
   0.0002317300   -0.0056560500   -0.0002078800
  -0.0000948000   -0.0061095500    0.0003761600
  -0.0001430900    0.0062486300   -0.0003065500
   0.0001980500    0.0058591000    0.0001877500
  -0.0253857400   -0.0209527100   -0.0146502600
  -0.0012582100    0.0066957600    0.0002046900
   0.0000097400    0.0059538000   -0.0001163700
  -0.0000273900    0.0061521400    0.0000761200
   0.0008223700    0.0061116800   -0.0005326200
   0.0001743300    0.0061553800    0.0002750700
  -0.0291179000   -0.0101559700    0.0305972900
  -0.0010029800   -0.0084288400   -0.0003658700
   0.0001962600   -0.0079734300   -0.0003022000
   0.0000236300   -0.0080591400    0.0000810500
  -0.0007385100   -0.0079511700   -0.0010381200
  -0.0008944100   -0.0080752300    0.0010668200
  -0.0002051700   -0.0080299300   -0.0000173600
   0.0001895000   -0.0082157100   -0.0000834600
  -0.0169447500   -0.0153851700   -0.0071621200
  -0.0202329500   -0.0119732600   -0.0047243600
  -0.0168605400   -0.0129932500   -0.0031680300
  -0.0203176400   -0.0117894800   -0.0048754200
  -0.0189497600   -0.0132651600   -0.0053056000
  -0.0189053000   -0.0125074400   -0.0059420500
  -0.0188035800   -0.0128971300   -0.0053994600
  -0.0185994800   -0.0127241800   -0.0061253600
   0.1687864100    0.0489827800   -0.0324475700
   0.0143551500   -0.0064791200   -0.0043021200
   0.0148810700   -0.0061305400   -0.0036678800
   0.0163719000   -0.0070851000   -0.0027563800
   0.0160793700   -0.0067054200   -0.0028278900
   0.0156372600   -0.0062757800   -0.0022894700
   0.0175894100   -0.0061926400   -0.0037961500
   0.0156443700   -0.0067242800   -0.0029935000
   0.0040613700    0.0208411300    0.0106351600
   0.0029888100    0.0069549300    0.0075110600
   0.0178048000    0.0125945100    0.0137599100
   0.0175229700    0.0143631100    0.0149675800
   0.0171804000    0.0132373600    0.0140988200
   0.0175414000    0.0129177600    0.0139852000
   0.0169290700    0.0130602300    0.0147010800
   0.0171088800    0.0129620900    0.0136819800
  -0.0115631900    0.0095652900    0.0062754600
  -0.0116779100    0.0097879400    0.0067498000
  -0.0255357400    0.0020402900    0.0136477700
  -0.0157180900    0.0063071300    0.0076217800
  -0.0114818800    0.0105454600    0.0060213500
  -0.0127983400    0.0106352000    0.0064203600
  -0.0119647000    0.0095276900    0.0068921000
  -0.0115301100    0.0096440500    0.0059232900
   0.0115609200    0.0105017800   -0.0058435800
   0.0114165100    0.0111325300   -0.0062035300
   0.0155192100    0.0074561700   -0.0085168800
   0.0094860900    0.0106260700   -0.0065532500
   0.0112990400    0.0097031000   -0.0065258200
   0.0115004300    0.0102322300   -0.0062495600
   0.0150691500    0.0093088100   -0.0136128200
   0.0095004300    0.0096062000   -0.0055429200
  -0.0148624900    0.0177130700   -0.0081407500
  -0.0194073100    0.0121850200   -0.0147249100
  -0.0170570300    0.0132182100   -0.0144778600
  -0.0175002400    0.0119940600   -0.0135050700
  -0.0152110000    0.0115780100   -0.0114836100
  -0.0189844800    0.0131722800   -0.0135651500
  -0.0175014000    0.0123680000   -0.0144947900
  -0.0171327800    0.0134833900   -0.0142411900
  -0.0156478300   -0.0054034600   -0.0001749900
  -0.0164994500   -0.0066553400    0.0031942700
  -0.0171320700   -0.0065383100    0.0037432000
  -0.0153538100   -0.0059768500    0.0032939900
  -0.0260285700   -0.0025027600   -0.0023322600
  -0.0326649900   -0.0029457900    0.0113493600
  -0.0152604800   -0.0069412300    0.0037095000
  -0.0162925900   -0.0067728800    0.0038236000
   0.0189138500   -0.0128065500    0.0056669700
   0.0189120400   -0.0122911200    0.0053337300
   0.0182366700   -0.0132846300    0.0060188600
   0.0193495200   -0.0119768700    0.0050601700
   0.0191832500   -0.0113227300    0.0060319300
   0.0194042200   -0.0095534800    0.0017929500
   0.0190111100   -0.0090552600    0.0065745100
   0.0186556000   -0.0121187300    0.0063057200

41   
  0.0000000000000000   0.0100000000000000   0.0000000000000000
  -0.0009044800   -0.0004860400    0.0007146100
   0.0015624200    0.0028734300    0.0018565100
   0.0001012900   -0.0009466600   -0.0000023300
  -0.0021344100    0.0021227200   -0.0027493500
   0.0000886600   -0.0008057300    0.0006221800
   0.0007930000    0.0001774500   -0.0008421500
  -0.0000071200   -0.0011267700   -0.0001715400
  -0.0006180700   -0.0002258600    0.0000421600
   0.0001991400   -0.0061683000    0.0002273700
   0.0280248900    0.0304846600   -0.0222518900
   0.0001718200   -0.0063973700   -0.0004676800
  -0.0010508200   -0.0056385100    0.0000044300
  -0.0004262500   -0.0065756800   -0.0002357900
   0.0007516800   -0.0065898500    0.0006585100
  -0.0003177200   -0.0064011600   -0.0001541300
   0.0004787300   -0.0060575900   -0.0003060400
  -0.0008267200    0.0068106800   -0.0009632600
  -0.0000597000    0.0061648700   -0.0000875300
   0.0253681700    0.0385528300    0.0159623900
  -0.0011062900    0.0072035300    0.0006962900
   0.0001830700    0.0061446600   -0.0000191200
   0.0001436200    0.0063921100    0.0000503500
   0.0011682600    0.0058944400   -0.0002457000
   0.0003723900    0.0066398800    0.0000348800
  -0.0005348600   -0.0043832000    0.0064431100
  -0.0012651900   -0.0087835300   -0.0013680700
  -0.0000303900   -0.0088065300    0.0004213300
  -0.0000280600   -0.0082158300   -0.0000707800
  -0.0002115600   -0.0086248300    0.0003804300
  -0.0003930900   -0.0077028500    0.0003456600
   0.0003877500   -0.0084659800   -0.0001467100
  -0.0001796700   -0.0078149600    0.0001225200
  -0.0199897500    0.0102347900   -0.0046293500
  -0.0180070400   -0.0119814100   -0.0059320400
  -0.0215714000    0.0080090400   -0.0095597000
  -0.0182539900   -0.0117949300   -0.0052446900
  -0.0191164300   -0.0131030200   -0.0052871600
  -0.0190539900   -0.0124427000   -0.0061993200
  -0.0197009200   -0.0131313000   -0.0052671700
  -0.0191363600   -0.0126852200   -0.0057488800
  -0.0395018200   -0.1624827700   -0.0023248900
   0.0160564000   -0.0068519100   -0.0036911300
   0.0157168200   -0.0065311200   -0.0030830900
   0.0166366800   -0.0064018200   -0.0038504400
   0.0162727100   -0.0068572300   -0.0046128000
   0.0158681800   -0.0069843500   -0.0037913000
   0.0157727100   -0.0083643500   -0.0030698200
   0.0162847900   -0.0066064700   -0.0039890800
   0.0109445000    0.0179560900    0.0145434000
   0.0248142600    0.0174747400    0.0206397200
   0.0187219700    0.0136769100    0.0131172200
   0.0177834100    0.0135032400    0.0148824300
   0.0175851300    0.0129828900    0.0140659400
   0.0175633500    0.0129603500    0.0136124600
   0.0176950500    0.0138937700    0.0141017700
   0.0176755700    0.0136655700    0.0139937200
  -0.0110019300    0.0101361800    0.0064711000
  -0.0110861100    0.0094420000    0.0065792800
  -0.0047760800    0.0141611400   -0.0000142200
  -0.0084251400    0.0173563100    0.0074505800
  -0.0117385600    0.0105649000    0.0060896500
  -0.0117231500    0.0100031600    0.0072116000
  -0.0107858600    0.0112356500    0.0069808200
  -0.0111987700    0.0103285000    0.0058873400
   0.0109523500    0.0108407700   -0.0062159200
   0.0113349400    0.0107827000   -0.0065810800
   0.0106058400    0.0167279700   -0.0141107900
   0.0109287700    0.0096684300   -0.0065968400
   0.0118878800    0.0112532500   -0.0062822700
   0.0122042100    0.0108199200   -0.0068733900
   0.0087580100    0.0167931300    0.0103840500
   0.0117155300    0.0099095300   -0.0066588500
  -0.0162637600    0.0156801600   -0.0102525300
  -0.0175636600    0.0131999500   -0.0131065300
  -0.0170860400    0.0136120300   -0.0138031400
  -0.0178309000    0.0129240600   -0.0138935000
  -0.0217482700    0.0164562000   -0.0277084200
  -0.0167107800    0.0134855900   -0.0143315700
  -0.0175450400    0.0137867300   -0.0131407500
  -0.0166527300    0.0131577600   -0.0133755700
  -0.0149790900   -0.0034399700    0.0029614000
  -0.0162487000   -0.0062195400    0.0045791100
  -0.0161126000   -0.0060295200    0.0031491000
  -0.0155381400   -0.0065997700    0.0034621700
  -0.0120790600   -0.0093083900    0.0058312100
  -0.0125360400   -0.0069803200   -0.0000795300
  -0.0165282700   -0.0070116500    0.0040402600
  -0.0163346200   -0.0070674500    0.0033547700
   0.0183383600   -0.0124979200    0.0051543800
   0.0195184800   -0.0127242700    0.0061126900
   0.0191646600   -0.0126305800    0.0059006800
   0.0191484300   -0.0123302800    0.0049487800
   0.0185032800   -0.0138343500    0.0057162100
   0.0148985200   -0.0147096300    0.0103599200
   0.0163431900   -0.0148428400    0.0043419500
   0.0174305000   -0.0134823500    0.0048813400

41   
  0.0000000000000000  -0.0100000000000000   0.0000000000000000
   0.0008981900   -0.0008512000   -0.0007302900
  -0.0015519000   -0.0041385800   -0.0017760700
  -0.0000969300   -0.0003695800   -0.0000057200
   0.0021491300   -0.0034547500    0.0027384200
  -0.0000889100   -0.0005158500   -0.0006220700
  -0.0007813200   -0.0014836100    0.0008313000
  -0.0000029600   -0.0001990800    0.0001643800
   0.0006130700   -0.0010737000   -0.0000325500
  -0.0002199000   -0.0061254900   -0.0002506600
  -0.0264372600   -0.0411999700    0.0211795100
  -0.0001562600   -0.0059168200    0.0004623100
   0.0011055200   -0.0067006900   -0.0000091000
   0.0004245300   -0.0057322100    0.0002364400
  -0.0007571200   -0.0057118600   -0.0006313600
   0.0003218600   -0.0059338300    0.0001551500
  -0.0004594100   -0.0062498800    0.0002984000
   0.0007774300    0.0056677400    0.0009483700
   0.0000691200    0.0062831500    0.0000910200
  -0.0268555800   -0.0276804300   -0.0170439000
   0.0011190200    0.0052180200   -0.0006657100
  -0.0001918900    0.0062928000    0.0000315900
  -0.0001485400    0.0060561700   -0.0000484300
  -0.0011641600    0.0065626200    0.0002695800
  -0.0003656400    0.0057851100   -0.0000450500
   0.0005863200   -0.0119529000   -0.0065028200
   0.0012502600   -0.0076838900    0.0013463100
   0.0000305500   -0.0076425500   -0.0004038800
   0.0000423700   -0.0082508900    0.0000850100
   0.0002551700   -0.0078143400   -0.0003247800
   0.0003785200   -0.0087486300   -0.0003366500
  -0.0003997500   -0.0079987700    0.0001505000
   0.0001715800   -0.0086414200   -0.0001428300
  -0.0176730100   -0.0348970900   -0.0069724300
  -0.0195980000   -0.0133777700   -0.0056596400
  -0.0161398500   -0.0338785300   -0.0018926500
  -0.0194527000   -0.0135647100   -0.0063411700
  -0.0185816800   -0.0122861200   -0.0062988700
  -0.0186301800   -0.0128993100   -0.0054039700
  -0.0179441300   -0.0122312600   -0.0063239500
  -0.0185053100   -0.0127005700   -0.0058176000
   0.0714527300    0.1494631300   -0.0027784000
   0.0160877400   -0.0061848400   -0.0032715900
   0.0164139200   -0.0064699600   -0.0038647000
   0.0155152000   -0.0066171700   -0.0030800100
   0.0158815000   -0.0061675300   -0.0023360900
   0.0163275200   -0.0059968000   -0.0031521600
   0.0163910700   -0.0046299400   -0.0038853600
   0.0158754500   -0.0064157600   -0.0029693100
   0.0239465500    0.0084465900    0.0136273200
   0.0101883300    0.0089876500    0.0074996700
   0.0162251800    0.0127145800    0.0149530400
   0.0172214100    0.0129065400    0.0132284300
   0.0174226200    0.0134217800    0.0140328300
   0.0174434300    0.0134551800    0.0145103000
   0.0172825500    0.0125384100    0.0139858500
   0.0173068100    0.0127435100    0.0140805700
  -0.0121817700    0.0106061600    0.0061950400
  -0.0120722900    0.0113387800    0.0060641700
  -0.0185546000    0.0065167600    0.0127861900
  -0.0143725200    0.0030809300    0.0052953600
  -0.0114452200    0.0102445800    0.0065546400
  -0.0114465200    0.0107952900    0.0054290700
  -0.0124332900    0.0095139200    0.0056878500
  -0.0120215100    0.0104328800    0.0067782700
   0.0122244600    0.0099343900   -0.0064098300
   0.0118404400    0.0100079900   -0.0060342500
   0.0125482500    0.0040295200    0.0015408500
   0.0122639700    0.0111028600   -0.0060785700
   0.0113166500    0.0095252900   -0.0064095900
   0.0109830800    0.0099602600   -0.0057996800
   0.0144089500    0.0038372000   -0.0233429600
   0.0114885500    0.0108534100   -0.0060355300
  -0.0187345500    0.0108044400   -0.0176814900
  -0.0174186200    0.0132282300   -0.0149690400
  -0.0179024800    0.0128077600   -0.0142335400
  -0.0171805400    0.0134939600   -0.0141768000
  -0.0132238500    0.0100630200   -0.0006910100
  -0.0182662300    0.0129121300   -0.0137179900
  -0.0174682200    0.0126101700   -0.0149957700
  -0.0183323600    0.0132428800   -0.0147247100
  -0.0171832900   -0.0095274200    0.0039390500
  -0.0159423600   -0.0067785000    0.0023472100
  -0.0160445600   -0.0069372000    0.0038043400
  -0.0165867300   -0.0063832400    0.0035234500
  -0.0200823100   -0.0037181200    0.0011327700
  -0.0197189800   -0.0059386900    0.0070922900
  -0.0156605100   -0.0059805100    0.0028943800
  -0.0157902800   -0.0059533600    0.0035809000
   0.0193457100   -0.0128684600    0.0064279200
   0.0181735800   -0.0125828100    0.0054659500
   0.0185004700   -0.0127277600    0.0056942400
   0.0184895500   -0.0130840900    0.0066443200
   0.0191539700   -0.0116061700    0.0059104800
   0.0227547200   -0.0106736400    0.0012471200
   0.0213636700   -0.0104829500    0.0072779400
   0.0202353100   -0.0118545800    0.0067003700

41   
 -0.0000099969758374   0.0000000000000000   0.0099999950030225
   0.0006486100   -0.0014628200   -0.0003067000
   0.0009114900    0.0006917000    0.0005949800
  -0.0000268300   -0.0002065800    0.0001997700
   0.0007186400   -0.0017427400    0.0008705100
   0.0001516800   -0.0005337400   -0.0006473100
  -0.0015514200   -0.0019354400    0.0002382300
   0.0002708300   -0.0004819400    0.0002177200
  -0.0016575400    0.0001619000    0.0004788700
  -0.0005824000   -0.0059881500    0.0011561300
  -0.0135574400   -0.0254788300    0.0127204600
  -0.0002434200   -0.0057679200    0.0000257500
   0.0002713000   -0.0064811200    0.0000386400
   0.0000181400   -0.0059550300   -0.0001024100
   0.0002670700   -0.0059729100    0.0006129100
   0.0005303200   -0.0060279000    0.0001871800
  -0.0005695900   -0.0065456100    0.0003169000
  -0.0003366800    0.0058087100   -0.0000041800
   0.0003949600    0.0065054500    0.0004574300
   0.0180495700    0.0320425900    0.0158080800
   0.0003962500    0.0057750000   -0.0015384800
  -0.0000554800    0.0055072100   -0.0002728800
  -0.0000667400    0.0065023400    0.0000399800
  -0.0010903000    0.0059882900    0.0014440900
  -0.0006631500    0.0062618400   -0.0003212500
  -0.0339299800   -0.0088852000    0.0475859800
   0.0008662200   -0.0098207400    0.0012448200
  -0.0000236200   -0.0080985100    0.0000792100
   0.0000827700   -0.0083199200    0.0002783600
   0.0019838100   -0.0083524600    0.0041998800
  -0.0006415500   -0.0087318400    0.0008657500
   0.0000115400   -0.0085998100   -0.0000562900
   0.0001130400   -0.0084227400   -0.0002462400
  -0.0162582900   -0.0163172100   -0.0071175600
  -0.0181280100   -0.0123318400   -0.0060784200
  -0.0201365800   -0.0113234600   -0.0077169200
  -0.0181517800   -0.0125063200   -0.0059112400
  -0.0184273100   -0.0125409300   -0.0073599400
  -0.0187932500   -0.0124707900   -0.0055703800
  -0.0187043400   -0.0118741600   -0.0074533800
  -0.0188613800   -0.0128622300   -0.0054945800
   0.0463422000   -0.0061355400   -0.1614784600
   0.0169228600   -0.0066950000   -0.0046384200
   0.0162824700   -0.0061230600   -0.0034459400
   0.0153788400   -0.0068766300   -0.0037596700
   0.0154581600   -0.0076319900   -0.0030321700
   0.0149176000   -0.0067889700   -0.0022661700
   0.0163920500   -0.0060999600   -0.0048195800
   0.0155997900   -0.0070207500   -0.0029330600
   0.0105030800    0.0200963800    0.0125838700
   0.0139193700    0.0133786100    0.0121340200
   0.0183510200    0.0138699700    0.0135272400
   0.0169570700    0.0120684600    0.0136854400
   0.0175738000    0.0130630800    0.0132341100
   0.0174767000    0.0129008800    0.0132101000
   0.0171781900    0.0133899500    0.0138778400
   0.0180469100    0.0130074400    0.0138253300
  -0.0117159300    0.0102415800    0.0061241900
  -0.0124839300    0.0105043100    0.0066116200
  -0.0180576800    0.0034476000    0.0055693400
  -0.0126347400    0.0112074600    0.0121424300
  -0.0114208000    0.0104564300    0.0067798200
  -0.0114578600    0.0114647900    0.0063152700
  -0.0122193000    0.0116239200    0.0041604700
  -0.0109395200    0.0103403300    0.0047795900
   0.0117321100    0.0103168700   -0.0058715300
   0.0115614900    0.0110259400   -0.0060197500
   0.0193943200   -0.0069206300    0.0125169400
   0.0111730800    0.0106488300   -0.0059893900
   0.0114414700    0.0101310000   -0.0055655500
   0.0118919800    0.0105657900   -0.0059536600
   0.0135055400    0.0170954000    0.0129949200
   0.0118924500    0.0102868100   -0.0060914400
  -0.0150977200    0.0264357300    0.0001321900
  -0.0172368400    0.0132231400   -0.0133532500
  -0.0178989100    0.0125194200   -0.0129761200
  -0.0174390200    0.0126942400   -0.0142335400
  -0.0114926100    0.0094162700    0.0005599500
  -0.0185702900    0.0125401300   -0.0136765200
  -0.0175193100    0.0131024800   -0.0132651000
  -0.0167756300    0.0130340200   -0.0141907600
  -0.0124177500   -0.0059992700    0.0020974900
  -0.0157994000   -0.0076244200    0.0014209800
  -0.0163717100   -0.0061759400    0.0035352700
  -0.0158664800   -0.0064853700    0.0029990900
  -0.0103812700   -0.0088949400    0.0100363500
  -0.0240488100   -0.0028764800    0.0090008800
  -0.0163272000   -0.0070960100    0.0034767400
  -0.0164534500   -0.0063810800    0.0028825900
   0.0177293000   -0.0118149100    0.0060187000
   0.0192010400   -0.0130313700    0.0058592000
   0.0182442400   -0.0130243300    0.0060051100
   0.0191948300   -0.0113661200    0.0059713300
   0.0193262400   -0.0115880500    0.0070162500
   0.0194716800   -0.0113550300    0.0061000300
   0.0152401200   -0.0170648200    0.0061111400
   0.0190970000   -0.0122327200    0.0068007600

41   
  0.0000099969758374   0.0000000000000000  -0.0099999950030225
  -0.0006437500    0.0001335700    0.0002994500
  -0.0009302800   -0.0020252800   -0.0006023800
   0.0000297600   -0.0010769200   -0.0002192800
  -0.0007540600    0.0005033900   -0.0008998700
  -0.0001543200   -0.0007794600    0.0006443600
   0.0015833400    0.0006568000   -0.0002490200
  -0.0002681500   -0.0008121400   -0.0002052200
   0.0016918500   -0.0014842100   -0.0005200100
   0.0005638900   -0.0063044400   -0.0011337500
   0.0141073200    0.0137538500   -0.0130571900
   0.0002285300   -0.0065452600   -0.0000082700
  -0.0002755600   -0.0058541000   -0.0000484400
  -0.0000171400   -0.0063325600    0.0000937500
  -0.0002353100   -0.0063245100   -0.0005850600
  -0.0005184100   -0.0062943900   -0.0001610600
   0.0005825500   -0.0057800200   -0.0003188300
   0.0003477300    0.0066399100    0.0000021700
  -0.0004001800    0.0059291500   -0.0004637800
  -0.0186442500   -0.0201579700   -0.0161182200
  -0.0004200900    0.0066583500    0.0015639300
   0.0000377500    0.0069260800    0.0002752600
   0.0000558000    0.0059512700   -0.0000382700
   0.0010818700    0.0064355300   -0.0013886800
   0.0006569400    0.0061691300    0.0003023400
   0.0318692800   -0.0075165700   -0.0449822000
  -0.0008565100   -0.0066579200   -0.0012087500
   0.0000184200   -0.0083534600   -0.0000889300
  -0.0000966300   -0.0081307400   -0.0002868200
  -0.0020056600   -0.0080856600   -0.0043148200
   0.0006515500   -0.0077250300   -0.0008403500
  -0.0000136400   -0.0078621200    0.0000503300
  -0.0001166200   -0.0080483700    0.0002362100
  -0.0214234400   -0.0090354300   -0.0044429000
  -0.0195050100   -0.0130818800   -0.0055403100
  -0.0175921000   -0.0141367900   -0.0038676600
  -0.0195438600   -0.0128506800   -0.0056840300
  -0.0192414900   -0.0128116500   -0.0042567000
  -0.0189095000   -0.0128676700   -0.0060542000
  -0.0189428700   -0.0134515100   -0.0041369100
  -0.0187802800   -0.0125281900   -0.0060540900
  -0.0118634600   -0.0067025000    0.1526982600
   0.0152899100   -0.0062810300   -0.0023451400
   0.0158861300   -0.0068967900   -0.0035356100
   0.0167865300   -0.0061009400   -0.0031788500
   0.0167033300   -0.0053654400   -0.0039394900
   0.0172734700   -0.0061807300   -0.0046966300
   0.0157508600   -0.0069032900   -0.0021578900
   0.0165436800   -0.0059873000   -0.0040718100
   0.0244057200    0.0063905700    0.0155476700
   0.0209105200    0.0129886600    0.0158672500
   0.0166724300    0.0125737900    0.0145614600
   0.0180743500    0.0143471000    0.0144166600
   0.0174112400    0.0133446700    0.0148208600
   0.0175444100    0.0135276400    0.0149201200
   0.0178028000    0.0130554200    0.0142065600
   0.0169487500    0.0134350800    0.0142568200
  -0.0114860400    0.0105166800    0.0065718800
  -0.0106892900    0.0103095400    0.0061010600
  -0.0051610300    0.0172249100    0.0071376900
  -0.0102085600    0.0093928100    0.0007094000
  -0.0117495500    0.0103158600    0.0058776200
  -0.0117108900    0.0092639200    0.0063249100
  -0.0109856600    0.0091425200    0.0085193500
  -0.0122942000    0.0103817100    0.0079519100
   0.0114387900    0.0104723600   -0.0067871100
   0.0116394100    0.0097362100   -0.0066305600
   0.0038155200    0.0273735000   -0.0247406800
   0.0119800000    0.0101293400   -0.0067089000
   0.0117344400    0.0106918900   -0.0071050300
   0.0112894400    0.0102011800   -0.0067284100
   0.0096365200    0.0034030800   -0.0260856400
   0.0113249200    0.0104477800   -0.0065790700
  -0.0199578100    0.0002050700   -0.0279341300
  -0.0177690900    0.0132102200   -0.0147645700
  -0.0171153300    0.0138812100   -0.0151232200
  -0.0175755900    0.0137141700   -0.0138766800
  -0.0235621700    0.0172207900   -0.0289427200
  -0.0164247700    0.0138763100   -0.0144060600
  -0.0174888300    0.0133338900   -0.0148482000
  -0.0182113700    0.0134230800   -0.0139289300
  -0.0197206700   -0.0069966600    0.0048743200
  -0.0163564900   -0.0054147700    0.0054596200
  -0.0157924900   -0.0068371500    0.0034466100
  -0.0162422900   -0.0065258700    0.0039894400
  -0.0219043200   -0.0042146800   -0.0031957400
  -0.0080411200   -0.0100571000   -0.0021177000
  -0.0158300400   -0.0059191000    0.0034815700
  -0.0157192300   -0.0066117600    0.0040724500
   0.0198995500   -0.0135291100    0.0056069800
   0.0184901300   -0.0122868300    0.0058009900
   0.0194032900   -0.0123474300    0.0056223900
   0.0184616100   -0.0139950700    0.0056482800
   0.0183364300   -0.0138052300    0.0045836500
   0.0182152000   -0.0140851900    0.0054434300
   0.0223959100   -0.0082448200    0.0054414000
   0.0185775400   -0.0130843000    0.0047763700

49   
  0.0099999996573246   0.0000000000000000  -0.0000026179203604
   0.0273404100   -0.0308394600   -0.0156371600
   0.0015838300   -0.0005360600    0.0003562400
   0.0001821000   -0.0008991200   -0.0002938700
  -0.0000918600   -0.0011635800    0.0001384600
  -0.0006518100   -0.0007451400   -0.0000667100
  -0.0003418700   -0.0005545000    0.0002861400
   0.0002378500   -0.0009564700    0.0000387600
  -0.0000231500   -0.0006271800    0.0001651300
   0.0289324800   -0.0093293200    0.0287395600
   0.0006953300   -0.0064714400   -0.0005102800
  -0.0002531300   -0.0059781300   -0.0002572000
  -0.0002566100   -0.0058216100    0.0000532500
   0.0004340200   -0.0057427800   -0.0013510300
   0.0007942800   -0.0060456600    0.0006774500
   0.0000651200   -0.0058755800   -0.0001920500
   0.0000022300   -0.0061374200   -0.0002041800
   0.0005482800    0.0080823200   -0.0012015400
   0.0005819600    0.0054648100    0.0000702200
   0.0010144200    0.0051114000   -0.0010891100
   0.0014572100    0.0077544800    0.0009188600
   0.0002843000    0.0066597600    0.0000435200
  -0.0003856000    0.0060370800   -0.0005151600
  -0.0008491000    0.0073222500    0.0005167200
  -0.0004086000    0.0061395300   -0.0000769400
   0.0230746800   -0.0367692000    0.0169124900
   0.0012686500   -0.0079411500   -0.0006893000
   0.0001280400   -0.0076900400   -0.0002537100
  -0.0003325500   -0.0073542200    0.0002534900
  -0.0000078900   -0.0085828000   -0.0003351500
   0.0002130400   -0.0085403900    0.0000617900
   0.0002361600   -0.0081634900    0.0002312900
  -0.0000179300   -0.0078441100   -0.0002627700
  -0.0150843800   -0.0153951700   -0.0038032200
  -0.0031334100   -0.0214261100    0.0016027000
  -0.0186319900   -0.0129419500   -0.0052146800
  -0.0183132000   -0.0135104600   -0.0059425600
  -0.0188513900   -0.0137556500   -0.0063998300
  -0.0191927500   -0.0136449200   -0.0054702100
  -0.0171204300   -0.0128004900   -0.0060605100
  -0.0187233700   -0.0128527800   -0.0063453300
   0.0295176200   -0.0130727900   -0.0104673900
   0.0305954100    0.0007444600   -0.0069959700
   0.0157892200   -0.0052528200   -0.0026241200
   0.0160435600   -0.0062152500   -0.0040146300
   0.0164254400   -0.0064248700   -0.0033810300
   0.0160805900   -0.0064477400   -0.0034953100
   0.0166221700   -0.0063093700   -0.0037979500
   0.0164498800   -0.0063294700   -0.0029241900
  -0.1396844600    0.0726216600   -0.0158641600
   0.0203043400    0.0136983700    0.0134246200
   0.0182428400    0.0136013400    0.0141177100
   0.0175336000    0.0128455900    0.0148503000
   0.0177208300    0.0135264300    0.0149903200
   0.0185749800    0.0135581500    0.0155358300
   0.0157535400    0.0133923300    0.0142325000
   0.0174446400    0.0128517200    0.0146910900
  -0.0133617400    0.0101823600    0.0087043700
  -0.0102418300    0.0108421500    0.0071263900
  -0.0135160800    0.0079454900    0.0050267200
  -0.0101187200    0.0108999800    0.0072500300
  -0.0115567600    0.0100192200    0.0069822300
  -0.0116398500    0.0099733200    0.0064488000
  -0.0114958600    0.0099125000    0.0063365000
  -0.0117719400    0.0101365300    0.0063171200
   0.0113461900    0.0104374500   -0.0061099500
   0.0102645800    0.0143891000   -0.0056390300
   0.0112426500    0.0131213700   -0.0101150000
   0.0118310500    0.0116952000   -0.0059900600
   0.0111304000    0.0110795300   -0.0074706100
   0.0118011200    0.0097874100   -0.0063613800
   0.0117454900    0.0106514600   -0.0066868500
   0.0111111400    0.0103128900   -0.0060621300
  -0.0008901200    0.0168869400   -0.0060012000
  -0.0081549600    0.0161090700   -0.0176667900
  -0.0172292800    0.0132226200   -0.0143104500
  -0.0177455100    0.0124563200   -0.0140012100
  -0.0170824200    0.0128717500   -0.0137596100
  -0.0184002700    0.0145424600   -0.0174640300
  -0.0174880600    0.0132779600   -0.0143964800
  -0.0166854700    0.0133208400   -0.0140818300
  -0.0187071300   -0.0077672500    0.0059308500
  -0.0141969000   -0.0064370600    0.0037373500
  -0.0164973600   -0.0069104100    0.0030987500
  -0.0160832000   -0.0061879800    0.0035318200
  -0.0183729400   -0.0022346100    0.0094991800
  -0.0146061700   -0.0072812100    0.0023907700
  -0.0160754800   -0.0064561700    0.0034419800
  -0.0164278200   -0.0073615300    0.0041597400
   0.0166144100   -0.0135711900   -0.0016436700
   0.0207003600   -0.0129381500    0.0063089300
   0.0184539700   -0.0133515400    0.0058014400
   0.0183614400   -0.0127267500    0.0061782900
   0.0152917700   -0.0155339200    0.0042842500
   0.0216407800   -0.0126311100    0.0057868500
   0.0186238800   -0.0127199100    0.0064441300
   0.0183690600   -0.0123880800    0.0058026100

49   
 -0.0099999996573246   0.0000000000000000   0.0000026179203604
  -0.0277678200    0.0304244600    0.0162026800
  -0.0015055300   -0.0007745600   -0.0003585000
  -0.0001567200   -0.0004010100    0.0002818400
   0.0001083200   -0.0001410600   -0.0001358400
   0.0006596700   -0.0005732600    0.0001296900
   0.0003565700   -0.0007566200   -0.0002521800
  -0.0002673700   -0.0003463600   -0.0000373200
  -0.0000015100   -0.0006646500   -0.0001663600
  -0.0295761900   -0.0030733600   -0.0299475400
  -0.0006536000   -0.0058378500    0.0005029000
   0.0002500400   -0.0063285700    0.0002676300
   0.0002381800   -0.0065016400   -0.0000455100
  -0.0004654400   -0.0065911600    0.0013233800
  -0.0008050800   -0.0062731300   -0.0006792100
  -0.0000451500   -0.0064500900    0.0001888000
   0.0000074600   -0.0061776100    0.0002013300
  -0.0005368700    0.0043765100    0.0012326700
  -0.0005904500    0.0069958300   -0.0000771600
  -0.0010008700    0.0073336400    0.0010712000
  -0.0014694600    0.0046790400   -0.0009288300
  -0.0003021700    0.0057887700   -0.0000361900
   0.0003688200    0.0064080000    0.0005217700
   0.0008519600    0.0051242400   -0.0005237000
   0.0003909200    0.0062946500    0.0000716800
  -0.0227224100    0.0193996800   -0.0164064900
  -0.0012917600   -0.0085185400    0.0006860900
  -0.0001276200   -0.0087706300    0.0002547000
   0.0003275900   -0.0091192500   -0.0002546700
   0.0000237400   -0.0079067300    0.0003258000
  -0.0002282500   -0.0079347700   -0.0000488800
  -0.0002406500   -0.0083165900   -0.0002416300
   0.0000132700   -0.0086326800    0.0002723500
  -0.0221409000   -0.0099936700   -0.0077730700
  -0.0350104900   -0.0035441600   -0.0134667200
  -0.0190812300   -0.0123980800   -0.0063473100
  -0.0194017000   -0.0118296000   -0.0056314300
  -0.0188376900   -0.0116271300   -0.0051855800
  -0.0184959800   -0.0116944100   -0.0061440700
  -0.0205452900   -0.0125864700   -0.0054992500
  -0.0189278500   -0.0125341500   -0.0051951900
   0.0029583000   -0.0000415200    0.0033951900
   0.0012529200   -0.0138621300   -0.0000167000
   0.0163454900   -0.0077434100   -0.0043149400
   0.0161171500   -0.0067806300   -0.0028961700
   0.0157683600   -0.0065918600   -0.0035303700
   0.0161300200   -0.0065629200   -0.0034265800
   0.0154946200   -0.0066994400   -0.0031786200
   0.0156832100   -0.0066935100   -0.0040592500
   0.1755843800   -0.0463302000    0.0441540900
   0.0146493500    0.0127225200    0.0146652400
   0.0167928300    0.0128208800    0.0139696600
   0.0175100500    0.0135942100    0.0132549200
   0.0173012700    0.0128927000    0.0131119200
   0.0164764300    0.0128462200    0.0126149500
   0.0192761800    0.0130380200    0.0138730900
   0.0175687400    0.0135923600    0.0133839400
  -0.0098469800    0.0105943700    0.0039746900
  -0.0129669900    0.0099157300    0.0055878300
  -0.0096522800    0.0127742500    0.0076304000
  -0.0130756600    0.0098135300    0.0054196100
  -0.0116333000    0.0108246900    0.0056243500
  -0.0115182700    0.0108142900    0.0061785600
  -0.0117051400    0.0108330800    0.0063450400
  -0.0114268800    0.0106170300    0.0063563500
   0.0118421800    0.0103504100   -0.0065195500
   0.0128756300    0.0064549900   -0.0069088700
   0.0120117100    0.0075775400   -0.0024819100
   0.0113959900    0.0091213000   -0.0066923500
   0.0120239700    0.0097177500   -0.0052154400
   0.0113521700    0.0109726400   -0.0063116700
   0.0114509000    0.0100935400   -0.0060031500
   0.0121084400    0.0104390000   -0.0066155800
  -0.0338002500    0.0095920100   -0.0218790900
  -0.0271035200    0.0103183000   -0.0103912500
  -0.0177751000    0.0131801200   -0.0137729100
  -0.0172831600    0.0139536800   -0.0140943500
  -0.0178961000    0.0135137000   -0.0143123800
  -0.0165974900    0.0118798800   -0.0106702700
  -0.0175372600    0.0131496800   -0.0137253600
  -0.0183207700    0.0131294100   -0.0140282700
  -0.0134342900   -0.0052932700    0.0010987800
  -0.0179981000   -0.0065660600    0.0031893600
  -0.0156506700   -0.0060960200    0.0038750900
  -0.0160669900   -0.0068191700    0.0034077900
  -0.0138434200   -0.0107309000   -0.0025784500
  -0.0175900300   -0.0057281600    0.0045332700
  -0.0160689600   -0.0065465600    0.0034843700
  -0.0157265800   -0.0056455300    0.0027538700
   0.0210073600   -0.0116904500    0.0132425400
   0.0169490500   -0.0123832300    0.0052868800
   0.0192187200   -0.0120049900    0.0057881300
   0.0192789700   -0.0126270600    0.0053909300
   0.0223372700   -0.0098285500    0.0072176000
   0.0160100600   -0.0127492600    0.0058010900
   0.0190380200   -0.0126629800    0.0051049100
   0.0193079900   -0.0129870100    0.0057571700

49   
  0.0000000000000000   0.0100000000000000   0.0000000000000000
  -0.0307605200    0.0377758900    0.0210984400
   0.0014643800   -0.0000000200    0.0004090000
   0.0006819400   -0.0001836000   -0.0007029600
  -0.0001448200   -0.0006718800   -0.0002080600
  -0.0013226000   -0.0008639400   -0.0007508700
  -0.0002561200   -0.0003140900    0.0001497000
  -0.0003629900   -0.0006689000   -0.0001649300
  -0.0001080200   -0.0004227500    0.0002542400
   0.0014446800   -0.0015608300    0.0080670900
   0.0009415900   -0.0065214900   -0.0010232800
   0.0000149000   -0.0067799500    0.0002811200
  -0.0000429200   -0.0062827500   -0.0000188800
   0.0001263700   -0.0065095100    0.0004066400
   0.0003215600   -0.0058790600    0.0002410500
  -0.0005191500   -0.0062080800   -0.0000563400
   0.0002280400   -0.0058944500    0.0001557400
   0.0025801500    0.0093617300   -0.0029995000
   0.0001277200    0.0056809100    0.0000849900
  -0.0016662800    0.0097932100    0.0016164400
   0.0008984400    0.0067710000    0.0008577000
   0.0009135600    0.0064184400    0.0000570400
   0.0002100700    0.0058922200   -0.0000640000
  -0.0007704500    0.0068979200   -0.0006791700
  -0.0001179700    0.0061100600    0.0004227300
  -0.0264353200    0.0262475700   -0.0209039500
   0.0000853200   -0.0081068600    0.0004885400
   0.0009205600   -0.0075197400   -0.0001996100
   0.0001253900   -0.0084063900   -0.0001863800
  -0.0006127500   -0.0088692500    0.0006196300
   0.0002757400   -0.0085912400    0.0000712500
  -0.0002723200   -0.0079857400   -0.0003853600
   0.0001037400   -0.0084568400   -0.0001255800
  -0.0214819200   -0.0052117400   -0.0053687900
  -0.0276160800   -0.0079841800   -0.0132420200
  -0.0195715900   -0.0136207400   -0.0061083500
  -0.0195436100   -0.0130183600   -0.0059691200
  -0.0198325100   -0.0126549000   -0.0062522000
  -0.0194830300   -0.0122814200   -0.0049751900
  -0.0187329300   -0.0128885300   -0.0054239900
  -0.0188452000   -0.0128525200   -0.0059646100
   0.0085317500   -0.0017529400    0.0032974200
   0.0223606900   -0.0022633100   -0.0033097500
   0.0166782700   -0.0060124000   -0.0028189900
   0.0149070700   -0.0061926400   -0.0045930700
   0.0160699000   -0.0067206800   -0.0036155000
   0.0163829800   -0.0067550500   -0.0038033700
   0.0162295400   -0.0058118200   -0.0033061900
   0.0163362400   -0.0060689600   -0.0037031600
   0.0768600500   -0.1532233700    0.0120309600
   0.0179400300    0.0131392500    0.0137563700
   0.0178665200    0.0128398800    0.0146648900
   0.0171445800    0.0131290900    0.0137629200
   0.0178278100    0.0132574500    0.0134817700
   0.0178457700    0.0133886600    0.0144506600
   0.0176815100    0.0116907500    0.0149769400
   0.0171252300    0.0132823700    0.0140742100
  -0.0091626900    0.0312317900    0.0028775200
  -0.0123186600    0.0111712000    0.0065562700
  -0.0107739000    0.0338151000    0.0078509300
  -0.0122804100    0.0110564100    0.0067038300
  -0.0112779600    0.0097369600    0.0066645500
  -0.0116049500    0.0103154500    0.0067032100
  -0.0113357400    0.0101371100    0.0073350500
  -0.0115893900    0.0105127000    0.0062842400
   0.0124888100    0.0095710200   -0.0075448700
   0.0148835500    0.0080006000   -0.0078546400
   0.0149865000    0.0087850100   -0.0019677400
   0.0118819500    0.0096673200   -0.0065701700
   0.0112896400    0.0107380900   -0.0073535100
   0.0115869800    0.0103414100   -0.0063249400
   0.0109409800    0.0102353500   -0.0062548000
   0.0122925900    0.0106937900   -0.0076620000
  -0.0211909300    0.0134165500   -0.0172430700
  -0.0203747100    0.0117493900   -0.0133131700
  -0.0175114600    0.0128327800   -0.0145642700
  -0.0167607600    0.0131753900   -0.0140145500
  -0.0171666600    0.0135666700   -0.0132857800
  -0.0188175500    0.0158746000   -0.0145513700
  -0.0175692300    0.0131775000   -0.0145763800
  -0.0175823500    0.0134245800   -0.0149368800
  -0.0115844700   -0.0041141500   -0.0094841700
  -0.0170906800   -0.0065175600    0.0034544400
  -0.0160588400   -0.0060857100    0.0041789200
  -0.0172650800   -0.0067882600    0.0039937400
  -0.0177100400   -0.0033334600    0.0072948900
  -0.0161222800   -0.0062163500    0.0041338900
  -0.0169076400   -0.0059033800    0.0035684200
  -0.0158041900   -0.0065491300    0.0036742600
   0.0210609700   -0.0060330200    0.0209346000
   0.0186486500   -0.0134907700    0.0057245500
   0.0187052400   -0.0119395100    0.0058192000
   0.0184370500   -0.0125829100    0.0056330000
   0.0202696000   -0.0056077600   -0.0026355800
   0.0196483600   -0.0132220300    0.0055866900
   0.0193508700   -0.0120030500    0.0066086300
   0.0186358600   -0.0125052500    0.0057027200

49   
  0.0000000000000000  -0.0100000000000000   0.0000000000000000
   0.0293100400   -0.0376242000   -0.0200576500
  -0.0014581100   -0.0013095200   -0.0004161100
  -0.0007071400   -0.0011510600    0.0007062500
   0.0001300900   -0.0006199300    0.0001922800
   0.0013263300   -0.0004651700    0.0007501600
   0.0002705000   -0.0009981700   -0.0001263800
   0.0003659500   -0.0006506500    0.0001402000
   0.0000969100   -0.0008844000   -0.0002580400
  -0.0013989500   -0.0108649400   -0.0080327400
  -0.0009757200   -0.0057791600    0.0010450900
  -0.0000039300   -0.0055295600   -0.0002746400
   0.0000225900   -0.0060269000    0.0000181900
  -0.0000687700   -0.0058192700   -0.0004833400
  -0.0003476900   -0.0064509200   -0.0002342300
   0.0005303700   -0.0061057600    0.0000680600
  -0.0002427000   -0.0064118700   -0.0001579200
  -0.0025621300    0.0031316500    0.0029941600
  -0.0001253000    0.0067554300   -0.0000782300
   0.0016983300    0.0025614600   -0.0017211600
  -0.0009124200    0.0056711600   -0.0008355500
  -0.0009199400    0.0060179600   -0.0000622300
  -0.0002228800    0.0065704200    0.0000776900
   0.0008099000    0.0055436400    0.0006978600
   0.0001268600    0.0063272300   -0.0004492100
   0.0280013100   -0.0442765000    0.0219798700
  -0.0001220600   -0.0083766400   -0.0004709900
  -0.0008737000   -0.0088936000    0.0001823600
  -0.0001161900   -0.0080514100    0.0001789800
   0.0006246500   -0.0075978000   -0.0006285300
  -0.0002757700   -0.0078655000   -0.0000574600
   0.0002754800   -0.0084845200    0.0003766600
  -0.0001085400   -0.0080107700    0.0001155400
  -0.0157279800   -0.0197939600   -0.0063923700
  -0.0101976700   -0.0172969700    0.0015226200
  -0.0180821600   -0.0117288700   -0.0054769600
  -0.0181080100   -0.0123200200   -0.0056419500
  -0.0178693600   -0.0127057600   -0.0053339000
  -0.0182073100   -0.0130528400   -0.0066205800
  -0.0189342900   -0.0125044400   -0.0061631000
  -0.0188019400   -0.0125136300   -0.0056016800
   0.0236781600   -0.0112712600   -0.0103534800
   0.0097691900   -0.0107361500   -0.0037265400
   0.0154441300   -0.0069921700   -0.0041052700
   0.0172238400   -0.0067969700   -0.0023310700
   0.0161163100   -0.0062752100   -0.0033397100
   0.0157983900   -0.0062544400   -0.0031749800
   0.0159325900   -0.0071897400   -0.0036528500
   0.0158213700   -0.0069668100   -0.0032621600
  -0.0421549700    0.1796403600    0.0144068200
   0.0169950600    0.0133050300    0.0143360400
   0.0171322600    0.0135453400    0.0134386400
   0.0178672600    0.0132753900    0.0143506100
   0.0171891700    0.0131760500    0.0146241400
   0.0171538000    0.0130298800    0.0136641100
   0.0173255600    0.0147537600    0.0131039800
   0.0178593300    0.0131554800    0.0139916300
  -0.0140647300   -0.0099930700    0.0096835000
  -0.0109214400    0.0096087500    0.0061192000
  -0.0124336700   -0.0137237700    0.0048141400
  -0.0108870700    0.0097316800    0.0059641200
  -0.0119264000    0.0110539200    0.0059752300
  -0.0115704000    0.0104546800    0.0059538300
  -0.0118889900    0.0106414800    0.0053462600
  -0.0116139700    0.0102524200    0.0063928800
   0.0106778600    0.0111819100   -0.0051159900
   0.0083053200    0.0127578200   -0.0048210900
   0.0081617900    0.0119845100   -0.0106993400
   0.0113311100    0.0111766600   -0.0061115600
   0.0119085600    0.0100399500   -0.0053129700
   0.0116145100    0.0103850900   -0.0063554400
   0.0122499200    0.0105122800   -0.0063996500
   0.0109248800    0.0100611900   -0.0050092400
  -0.0138961600    0.0129296400   -0.0109073800
  -0.0145727200    0.0147119000   -0.0148078800
  -0.0174660600    0.0135799400   -0.0135123000
  -0.0182650100    0.0132104700   -0.0140632900
  -0.0178210700    0.0128191200   -0.0147983400
  -0.0161530000    0.0105325100   -0.0134728300
  -0.0174345800    0.0132142800   -0.0135488400
  -0.0174005700    0.0129959800   -0.0131616300
  -0.0205811900   -0.0090007500    0.0167061500
  -0.0150391700   -0.0064870200    0.0034635600
  -0.0160924200   -0.0068993500    0.0028073900
  -0.0148838900   -0.0062131500    0.0029869100
  -0.0144274500   -0.0097055100   -0.0004874800
  -0.0160504700   -0.0067747300    0.0028072400
  -0.0152342000   -0.0071066200    0.0033467700
  -0.0163580500   -0.0064618900    0.0032758200
   0.0165586400   -0.0191684400   -0.0090758300
   0.0190502900   -0.0118271200    0.0058823100
   0.0189725500   -0.0134348500    0.0058016900
   0.0192277500   -0.0127808500    0.0059770100
   0.0173250900   -0.0197376400    0.0141113900
   0.0179802700   -0.0121454700    0.0060047400
   0.0182964200   -0.0133496500    0.0049409500
   0.0190276400   -0.0128390900    0.0058590600

49   
 -0.0000099969758374   0.0000000000000000   0.0099999950030225
  -0.0225191600    0.0311546300    0.0193599200
  -0.0003574800   -0.0012831500   -0.0016130500
   0.0001694900   -0.0010127600    0.0000155900
  -0.0002075900   -0.0005905900    0.0005017600
   0.0013963800   -0.0010883400    0.0017412800
   0.0007238300   -0.0008159100   -0.0001243000
   0.0001881900   -0.0015923000   -0.0000570700
   0.0000961400   -0.0007617400    0.0000504300
   0.0329476200   -0.0076589500    0.0471389400
  -0.0009314000   -0.0074229300    0.0010934900
  -0.0001676100   -0.0061285700    0.0001489300
  -0.0003134800   -0.0062328800    0.0001399600
  -0.0018812500   -0.0062382200    0.0040306100
   0.0003440900   -0.0068516300    0.0005954600
  -0.0003427000   -0.0066934100   -0.0001885200
  -0.0002894600   -0.0063616000   -0.0000731600
  -0.0011238500    0.0051411700    0.0007008300
  -0.0001566000    0.0066936500    0.0001254200
  -0.0014413300    0.0075262400    0.0006572200
  -0.0003948900    0.0055501300   -0.0000666100
   0.0014371000    0.0068996000    0.0003578700
  -0.0002411700    0.0063334400    0.0002411200
   0.0016649700    0.0051167900    0.0000035400
  -0.0004589000    0.0063085300   -0.0003833800
   0.0163280900   -0.0293188000    0.0148727800
   0.0004089900   -0.0080457800    0.0010716000
  -0.0000781500   -0.0088859000   -0.0001990900
   0.0002425500   -0.0078425400   -0.0001804700
  -0.0001024400   -0.0080279500    0.0005039600
   0.0001569700   -0.0082406600    0.0000280500
   0.0004659700   -0.0087821000    0.0002020800
  -0.0003938200   -0.0082161900    0.0001708000
  -0.0175149300   -0.0124220300    0.0003268300
  -0.0106445900   -0.0199494400   -0.0055289400
  -0.0183540200   -0.0127659400   -0.0052743900
  -0.0188607500   -0.0130317400   -0.0058750600
  -0.0196472100   -0.0134427900   -0.0076446700
  -0.0189043700   -0.0120774200   -0.0077462300
  -0.0190523800   -0.0125319100   -0.0055084000
  -0.0194122000   -0.0127691600   -0.0051239300
   0.0194661700   -0.0060332800   -0.0049107300
   0.0226297200    0.0000359800   -0.0053581200
   0.0163515800   -0.0074500300   -0.0039934800
   0.0151848800   -0.0056633600   -0.0038361100
   0.0160309300   -0.0065123200   -0.0042829100
   0.0161667900   -0.0069367000   -0.0043200200
   0.0154435200   -0.0064486400   -0.0036353300
   0.0164442500   -0.0065611400   -0.0037064100
  -0.0112861500    0.0118525300   -0.1486676800
   0.0168833500    0.0129303900    0.0135931900
   0.0175673000    0.0138410900    0.0140955500
   0.0183017900    0.0129180300    0.0139073900
   0.0184272700    0.0126390100    0.0148713800
   0.0189493300    0.0135923000    0.0155448200
   0.0176806600    0.0141443900    0.0123541600
   0.0181507300    0.0132456500    0.0143066800
  -0.0102264500    0.0112295800    0.0053815500
  -0.0124498700    0.0106487200    0.0062996400
  -0.0140864400    0.0062656600    0.0048249900
  -0.0125430500    0.0105399500    0.0063448000
  -0.0120841600    0.0111624600    0.0046478500
  -0.0114682300    0.0103139000    0.0063833400
  -0.0123150300    0.0107931700    0.0046257400
  -0.0115300500    0.0104676300    0.0063641600
   0.0109738900    0.0110466700   -0.0054708300
   0.0152006800    0.0058982000   -0.0066745400
   0.0107239500    0.0121071400   -0.0066234900
   0.0110433900    0.0114192100   -0.0053823100
   0.0116685400    0.0112862700   -0.0060858500
   0.0123440700    0.0102789000   -0.0060189900
   0.0115327600    0.0102516400   -0.0060636600
   0.0127118700    0.0113779800   -0.0058048400
  -0.0095197600    0.0163333000   -0.0085102300
  -0.0211322700    0.0125420800   -0.0081246000
  -0.0177688300    0.0137572100   -0.0140420600
  -0.0174510800    0.0131648000   -0.0136193300
  -0.0172127700    0.0124601600   -0.0161349200
  -0.0208648800    0.0137407800   -0.0154397100
  -0.0178471300    0.0137275600   -0.0141696200
  -0.0175346500    0.0141099600   -0.0141288500
  -0.0219777700   -0.0103127000    0.0176181200
  -0.0154196500   -0.0074410300    0.0041674200
  -0.0156600900   -0.0067260700    0.0045521600
  -0.0165960900   -0.0066520600    0.0032986200
  -0.0187258900    0.0068973800    0.0180692000
  -0.0165899500   -0.0061842600    0.0038551900
  -0.0156376400   -0.0074406400    0.0043010500
  -0.0158784600   -0.0071840500    0.0033529100
   0.0161049200   -0.0055567700    0.0227904100
   0.0187134600   -0.0130736300    0.0061075100
   0.0196483200   -0.0135153400    0.0059904300
   0.0190645500   -0.0127551500    0.0055010700
   0.0108080600   -0.0303488100    0.0257503900
   0.0190640600   -0.0123386200    0.0060961800
   0.0185798200   -0.0130868500    0.0058845600
   0.0191670500   -0.0124390600    0.0056329400

49   
  0.0000099969758374   0.0000000000000000  -0.0099999950030225
   0.0219649500   -0.0319241600   -0.0191678200
   0.0003361200   -0.0000345600    0.0015837600
  -0.0001510000   -0.0003005000   -0.0000352600
   0.0001972100   -0.0007032200   -0.0005250300
  -0.0014237000   -0.0002057200   -0.0017954900
  -0.0007291500   -0.0005008700    0.0001402200
  -0.0001895900    0.0002886800    0.0000700700
  -0.0001138200   -0.0005419500   -0.0000451600
  -0.0351447700   -0.0047207100   -0.0498426400
   0.0009650000   -0.0048677300   -0.0011434300
   0.0001586100   -0.0061857400   -0.0001001600
   0.0003369200   -0.0060791700   -0.0001221600
   0.0018550000   -0.0060918000   -0.0039419300
  -0.0003359600   -0.0054880100   -0.0006190400
   0.0003548000   -0.0056352800    0.0001997100
   0.0002768800   -0.0059636900    0.0000572600
   0.0010907500    0.0072183300   -0.0006792800
   0.0001445200    0.0057231300   -0.0001264800
   0.0014213300    0.0049010800   -0.0006233500
   0.0004028500    0.0069028500    0.0000867100
  -0.0014045900    0.0056022700   -0.0003418000
   0.0002614300    0.0061325700   -0.0002521600
  -0.0016244400    0.0073041300   -0.0000003600
   0.0004704300    0.0061275100    0.0003670800
  -0.0158367700    0.0122729800   -0.0145881900
  -0.0004282700   -0.0084351100   -0.0011179600
   0.0000448100   -0.0075521600    0.0002159500
  -0.0002729200   -0.0086271700    0.0001711500
   0.0001687700   -0.0084550000   -0.0005401900
  -0.0001370300   -0.0082444900   -0.0000012800
  -0.0004637800   -0.0076757600   -0.0002253000
   0.0003959600   -0.0082664600   -0.0001756100
  -0.0197777400   -0.0127643200   -0.0120916100
  -0.0270192800   -0.0053546000   -0.0060364900
  -0.0193308300   -0.0125851300   -0.0063001400
  -0.0188172900   -0.0122995600   -0.0057076600
  -0.0180505800   -0.0118920300   -0.0039687200
  -0.0187381600   -0.0132975000   -0.0038651100
  -0.0186567200   -0.0127922300   -0.0060731300
  -0.0182436300   -0.0126003900   -0.0064447000
   0.0126172500   -0.0069569300   -0.0019917300
   0.0094709700   -0.0130832400   -0.0016455500
   0.0157746200   -0.0056014800   -0.0029325000
   0.0169779900   -0.0073439200   -0.0030874000
   0.0161213800   -0.0065361900   -0.0026962800
   0.0160046700   -0.0060590900   -0.0026188200
   0.0167140700   -0.0065840200   -0.0032983600
   0.0156919100   -0.0064628500   -0.0032551600
   0.0485278100    0.0143411700    0.1789546000
   0.0181296200    0.0135067300    0.0144813000
   0.0174525800    0.0125973500    0.0139951100
   0.0167163400    0.0134970000    0.0141844900
   0.0165690600    0.0137683100    0.0132582200
   0.0160432200    0.0128077600    0.0125896400
   0.0173302600    0.0122818800    0.0157301300
   0.0168528200    0.0131511100    0.0137882200
  -0.0130278500    0.0096534300    0.0072567800
  -0.0107440900    0.0101239700    0.0063512900
  -0.0091032800    0.0144796000    0.0077773300
  -0.0106391100    0.0102309300    0.0063335400
  -0.0111006300    0.0095720500    0.0080220700
  -0.0117216100    0.0104881400    0.0062604500
  -0.0108558600    0.0099859500    0.0080514800
  -0.0116904400    0.0102980700    0.0063158500
   0.0122259000    0.0096926000   -0.0071868000
   0.0079247500    0.0148553300   -0.0059427800
   0.0125212300    0.0086841700   -0.0059540700
   0.0121489800    0.0093679100   -0.0072682200
   0.0115210800    0.0094828100   -0.0065727300
   0.0108267000    0.0104936600   -0.0066675100
   0.0116555200    0.0105376100   -0.0066186300
   0.0104657200    0.0093641600   -0.0068676400
  -0.0253671200    0.0100135500   -0.0194942200
  -0.0138515800    0.0140045500   -0.0198933100
  -0.0172488100    0.0126692700   -0.0140736200
  -0.0175646200    0.0132374200   -0.0144851500
  -0.0177750100    0.0139726400   -0.0118806900
  -0.0140895100    0.0126804300   -0.0126169100
  -0.0171870200    0.0126901600   -0.0139616200
  -0.0175008000    0.0123273800   -0.0139688800
  -0.0102447200   -0.0028877400   -0.0104273300
  -0.0167791900   -0.0055845600    0.0027612300
  -0.0164979300   -0.0063147100    0.0024029000
  -0.0155356400   -0.0063803500    0.0036582700
  -0.0134841500   -0.0201072800   -0.0114071600
  -0.0156131800   -0.0067888800    0.0031346300
  -0.0164865300   -0.0055865300    0.0026806800
  -0.0162501000   -0.0058375500    0.0035911400
   0.0214252000   -0.0195423400   -0.0108504900
   0.0189767100   -0.0122192900    0.0054760900
   0.0180485000   -0.0118806900    0.0056045600
   0.0186109700   -0.0126260300    0.0060615000
   0.0268635700    0.0053682500   -0.0146366700
   0.0185232900   -0.0130363700    0.0055562900
   0.0191103000   -0.0122868600    0.0056786200
   0.0185595000   -0.0129070000    0.0059495400

57   
  0.0099999996573246   0.0000000000000000  -0.0000026179203604
   0.0247651800    0.0321577300   -0.0193725200
   0.0011313400   -0.0008223700    0.0006046500
  -0.0000861700   -0.0009626000    0.0003721300
  -0.0002190800   -0.0013515300   -0.0002379100
   0.0000901400   -0.0006409800    0.0002311000
  -0.0000963100   -0.0004715600   -0.0002743100
   0.0001108200   -0.0006321500   -0.0002632100
  -0.0001933200   -0.0010444500    0.0002610800
   0.0008689400   -0.0051820800    0.0011193900
   0.0012126700   -0.0074696600   -0.0007987500
   0.0001253600   -0.0081179700    0.0013644500
   0.0009907600   -0.0049213300   -0.0003218600
  -0.0005984800   -0.0070328500   -0.0005915300
  -0.0002085700   -0.0059746900    0.0002161400
   0.0006043700   -0.0063654400   -0.0002060400
  -0.0001031300   -0.0059467900    0.0005283100
   0.0294962500    0.0080410700   -0.0316979400
   0.0012033000    0.0065104200    0.0004855100
  -0.0002858000    0.0059508100    0.0002087600
   0.0000098000    0.0061346800   -0.0000331500
   0.0006315100    0.0059047400    0.0011001200
   0.0006559000    0.0061834300   -0.0007425000
   0.0001057300    0.0060119100    0.0000162900
  -0.0000837800    0.0061760500    0.0000797700
   0.0003738400   -0.0082988000    0.0002308500
  -0.0001923500   -0.0077989600   -0.0001281800
   0.0266505400    0.0211318800    0.0164423000
   0.0010807900   -0.0085143400   -0.0003761400
  -0.0001189700   -0.0079552600    0.0001110900
  -0.0000439900   -0.0082582200   -0.0001527000
  -0.0008471800   -0.0081944900    0.0006611100
  -0.0001463400   -0.0082215500   -0.0002507000
  -0.0048099000   -0.0187175800   -0.0018135300
  -0.0063533800   -0.0076339500   -0.0012348800
  -0.0192648000   -0.0124823400   -0.0054123400
  -0.0186989400   -0.0140454700   -0.0068397600
  -0.0182427500   -0.0128540900   -0.0059970100
  -0.0188843300   -0.0124659700   -0.0060831200
  -0.0184091400   -0.0125789500   -0.0065262500
  -0.0185927300   -0.0125441000   -0.0054310400
   0.0160465200   -0.0059085400   -0.0035868200
   0.0161718800   -0.0060010100   -0.0043772700
   0.0300359500    0.0005720100   -0.0100105400
   0.0201953100   -0.0035312800   -0.0046625900
   0.0159549400   -0.0066740700   -0.0032999000
   0.0172833500   -0.0066331400   -0.0033469800
   0.0164464800   -0.0056661700   -0.0040818300
   0.0159985700   -0.0061199900   -0.0027803300
   0.0157279900    0.0156216400    0.0154658000
   0.0188650300    0.0124795000    0.0131956100
   0.0155790500    0.0140400900    0.0115472200
   0.0189836700    0.0125171200    0.0131122600
   0.0175449200    0.0135398300    0.0135660400
   0.0174507200    0.0131823200    0.0141918700
   0.0176063900    0.0134975800    0.0133270800
   0.0173143500    0.0132149700    0.0141357400
  -0.1658083500   -0.0503615800    0.0373363000
  -0.0091044000    0.0102558000    0.0069032800
  -0.0105337600    0.0100286800    0.0065077300
  -0.0115250600    0.0109412500    0.0056742500
  -0.0112963000    0.0108289600    0.0054472100
  -0.0111948500    0.0104415300    0.0049866800
  -0.0127964300    0.0104156200    0.0066266400
  -0.0115735900    0.0108109600    0.0057012000
   0.0226207000    0.0061150700   -0.0020515000
   0.0262181500    0.0071248100   -0.0121395500
   0.0112662500    0.0108105200   -0.0064344000
   0.0116018000    0.0105730900   -0.0066411100
   0.0110596200    0.0091123600   -0.0031653200
   0.0121082900    0.0103276200   -0.0060388000
   0.0122105400    0.0103750300   -0.0064269300
   0.0110013400    0.0099513400   -0.0059962900
  -0.0177617700    0.0123188800   -0.0147005500
  -0.0188303400    0.0098674700   -0.0103927600
  -0.0178441100    0.0098040700   -0.0149126300
  -0.0172741600    0.0129198800   -0.0146059400
  -0.0179543400    0.0135176600   -0.0139752800
  -0.0172561500    0.0132020000   -0.0132923900
  -0.0173327400    0.0138470300   -0.0141315300
  -0.0179878000    0.0125262000   -0.0129491400
  -0.0160503500   -0.0058696000    0.0036095800
  -0.0159046400   -0.0062571900    0.0034240800
  -0.0200270700   -0.0054704400    0.0112644800
  -0.0139686900   -0.0058326200    0.0030811100
  -0.0157814400   -0.0067958000    0.0033342000
  -0.0159927100   -0.0071283600    0.0037607600
  -0.0195026300   -0.0036565800    0.0053389200
  -0.0139825400   -0.0066156300    0.0037458700
   0.0170213200   -0.0113462100    0.0038670800
   0.0205163000   -0.0128982800    0.0057418100
   0.0185625000   -0.0120443200    0.0062774200
   0.0182002800   -0.0129153200    0.0058548700
   0.0157974100   -0.0175523100   -0.0005055000
   0.0206273500   -0.0119768700    0.0069851400
   0.0186895500   -0.0124776200    0.0058928100
   0.0189498500   -0.0117501400    0.0053552000

57   
 -0.0099999996573246   0.0000000000000000   0.0000026179203604
  -0.0250092100   -0.0342969400    0.0198172300
  -0.0010988200   -0.0005012400   -0.0006062000
   0.0000831500   -0.0003621500   -0.0003859600
   0.0002144800    0.0000256600    0.0002257100
  -0.0000882100   -0.0006962900   -0.0002236600
   0.0000948400   -0.0008477600    0.0002950500
  -0.0001108700   -0.0006978600    0.0002770200
   0.0001880900   -0.0002706600   -0.0002394100
  -0.0008634800   -0.0071165300   -0.0011140700
  -0.0011930100   -0.0048375600    0.0007941500
  -0.0001380500   -0.0041883700   -0.0013387200
  -0.0009839000   -0.0073744700    0.0003009900
   0.0005965200   -0.0052641900    0.0005933800
   0.0002031900   -0.0063212100   -0.0002321400
  -0.0006075600   -0.0059522900    0.0001889200
   0.0000936800   -0.0063695800   -0.0005407300
  -0.0289367700    0.0043131200    0.0305533500
  -0.0012495300    0.0059247900   -0.0004809900
   0.0002703900    0.0064945500   -0.0002046800
  -0.0000106400    0.0063126100    0.0000576200
  -0.0006230500    0.0065044800   -0.0011098300
  -0.0006482600    0.0062369200    0.0007528500
  -0.0001125600    0.0064282100   -0.0000359600
   0.0000897300    0.0062648200   -0.0000844800
  -0.0003837400   -0.0081390600   -0.0002541200
   0.0001845700   -0.0086399100    0.0001078000
  -0.0261121300   -0.0365888900   -0.0158177200
  -0.0011352300   -0.0079410800    0.0003651200
   0.0001260300   -0.0084967300   -0.0000988700
   0.0000406000   -0.0081814600    0.0001647100
   0.0008382400   -0.0082768500   -0.0005950800
   0.0001402200   -0.0082327300    0.0002703900
  -0.0325570800   -0.0067808100   -0.0098117200
  -0.0315801900   -0.0178195700   -0.0104383700
  -0.0184330500   -0.0128658100   -0.0061339200
  -0.0189546300   -0.0113049200   -0.0047348300
  -0.0194473100   -0.0125058100   -0.0055660900
  -0.0188149100   -0.0128899300   -0.0054973400
  -0.0192517300   -0.0127914600   -0.0050618000
  -0.0190713300   -0.0128376000   -0.0061543400
   0.0161081200   -0.0070739600   -0.0033696900
   0.0159855100   -0.0069862000   -0.0025810900
   0.0025783700   -0.0132194800    0.0028522700
   0.0115181500   -0.0094842800   -0.0022369400
   0.0162049900   -0.0063605800   -0.0036221200
   0.0148800400   -0.0063677900   -0.0035944300
   0.0157113400   -0.0073307600   -0.0028626900
   0.0161443700   -0.0069218200   -0.0041504900
   0.0192732800    0.0106967800    0.0126525700
   0.0161287900    0.0139017400    0.0149022700
   0.0194446100    0.0123937400    0.0165483700
   0.0160418600    0.0139166600    0.0150135100
   0.0174640000    0.0128753100    0.0145239000
   0.0175720200    0.0132174500    0.0139369600
   0.0174076200    0.0129470200    0.0147725300
   0.0176885700    0.0131942400    0.0139617400
   0.1416860500    0.0709339300   -0.0245737900
  -0.0141172700    0.0105123700    0.0057740500
  -0.0126391800    0.0107219400    0.0061911400
  -0.0116556700    0.0098382000    0.0070032500
  -0.0118760400    0.0099791700    0.0072106300
  -0.0120015000    0.0103385700    0.0076750700
  -0.0104218900    0.0103486500    0.0060654500
  -0.0116328000    0.0099763000    0.0069699900
   0.0008684700    0.0146527500   -0.0105476000
  -0.0033499300    0.0137038500   -0.0003065000
   0.0119401100    0.0099716300   -0.0062409900
   0.0116074500    0.0101971900   -0.0060304000
   0.0121347400    0.0116921900   -0.0095734000
   0.0110941800    0.0104234000   -0.0066377700
   0.0109978000    0.0104078800   -0.0062534000
   0.0121782300    0.0108116400   -0.0066972300
  -0.0172400600    0.0141347800   -0.0134295800
  -0.0162538000    0.0164561200   -0.0176439400
  -0.0171147400    0.0166293100   -0.0131325700
  -0.0176878000    0.0134804900   -0.0135083300
  -0.0170391200    0.0128923600   -0.0141235600
  -0.0177358900    0.0131664900   -0.0148062200
  -0.0176617100    0.0125449800   -0.0139850700
  -0.0169898300    0.0139007100   -0.0151729200
  -0.0161113300   -0.0071466500    0.0033307500
  -0.0162273400   -0.0067442200    0.0035076500
  -0.0121648400   -0.0074120300   -0.0042832500
  -0.0181586100   -0.0071619900    0.0038684700
  -0.0163629800   -0.0062397500    0.0036004500
  -0.0161698600   -0.0058843400    0.0031637700
  -0.0125888700   -0.0093174200    0.0015020600
  -0.0181371500   -0.0063873500    0.0031912700
   0.0205912600   -0.0140487400    0.0078011100
   0.0171606500   -0.0124354400    0.0058433400
   0.0191059600   -0.0133156800    0.0053202900
   0.0194530800   -0.0124382700    0.0057410900
   0.0218556700   -0.0078142900    0.0120218800
   0.0170471000   -0.0133992400    0.0045633400
   0.0189719000   -0.0128759200    0.0056651900
   0.0187454700   -0.0136070900    0.0061863600

57   
  0.0000000000000000   0.0100000000000000   0.0000000000000000
   0.0305430200    0.0399457200   -0.0244858800
  -0.0002750900   -0.0008632800    0.0004456400
  -0.0012892400    0.0001435300   -0.0001009500
  -0.0000735800   -0.0009332800   -0.0003226100
   0.0007856500   -0.0009394600    0.0006094100
  -0.0004975700   -0.0010500400   -0.0000672400
   0.0004407600   -0.0005497900   -0.0000543600
  -0.0002085400   -0.0007605300   -0.0001523400
   0.0017752000   -0.0026586200    0.0019509300
  -0.0009108200   -0.0056549000    0.0008938700
  -0.0027930700   -0.0035036200   -0.0029788200
  -0.0000633500   -0.0064471100    0.0001404800
   0.0008705800   -0.0051619400   -0.0009316300
   0.0002199800   -0.0062683000    0.0005899000
  -0.0006378100   -0.0055981200    0.0000241200
   0.0000200700   -0.0066112500   -0.0002909900
  -0.0023141000    0.0096159300    0.0089650900
  -0.0014230000    0.0056690200   -0.0012130100
   0.0001999900    0.0057388700    0.0005335200
   0.0000571700    0.0062270000    0.0000034100
  -0.0004703900    0.0060338100   -0.0001359600
  -0.0006706600    0.0066335900    0.0004396100
   0.0002785400    0.0061473000   -0.0002252000
  -0.0002396300    0.0066772300    0.0000738900
  -0.0004670000   -0.0077702100   -0.0007098700
   0.0000703200   -0.0080946700    0.0000107800
   0.0287749800    0.0271609600    0.0195787600
  -0.0011312000   -0.0071334200    0.0005357100
   0.0000460900   -0.0082406500   -0.0001312700
   0.0000123700   -0.0080148200    0.0000160400
   0.0010137900   -0.0085469500   -0.0004685500
   0.0001550400   -0.0078875500   -0.0001124500
  -0.0244597600   -0.0088030000   -0.0056907800
  -0.0130896800   -0.0088674500   -0.0010717100
  -0.0174983000   -0.0120719600   -0.0065539600
  -0.0188724600   -0.0118334800   -0.0049040200
  -0.0184188300   -0.0128155200   -0.0056767100
  -0.0185092200   -0.0129219800   -0.0063608600
  -0.0190380600   -0.0122422700   -0.0057187400
  -0.0189119100   -0.0124192100   -0.0057445000
   0.0169041800   -0.0066999500   -0.0036103200
   0.0166765000   -0.0074414700   -0.0033782300
   0.0243134900   -0.0026733400   -0.0103930900
   0.0199849800    0.0008101900   -0.0026343900
   0.0159265900   -0.0063379500   -0.0033998600
   0.0158327400   -0.0068840700   -0.0023775400
   0.0169361100   -0.0056383600   -0.0022247700
   0.0168436600   -0.0065364900   -0.0034857600
   0.0172574900    0.0335162900    0.0148301800
   0.0179199700    0.0139951100    0.0143000900
   0.0151027800    0.0372401300    0.0098862900
   0.0180808300    0.0138690300    0.0142311100
   0.0171017900    0.0125624400    0.0148284100
   0.0170976200    0.0131391800    0.0139623100
   0.0170317300    0.0129470600    0.0144544100
   0.0172495800    0.0133277300    0.0141409100
  -0.0722181700   -0.1523680000    0.0030034300
  -0.0117220000    0.0105954200    0.0056963500
  -0.0119604000    0.0100494800    0.0066342500
  -0.0110498600    0.0099677600    0.0059215100
  -0.0111653100    0.0102761400    0.0055470600
  -0.0115457600    0.0104907400    0.0060597300
  -0.0115815000    0.0089800100    0.0065025000
  -0.0111790300    0.0105043300    0.0059170000
   0.0158772400    0.0076407100   -0.0040701500
   0.0149296800    0.0094203100   -0.0093224800
   0.0111940500    0.0102858200   -0.0054661100
   0.0114153600    0.0098905300   -0.0063040100
   0.0128740300    0.0126509800   -0.0073721400
   0.0116446200    0.0106438500   -0.0051949400
   0.0116181200    0.0105560700   -0.0068104800
   0.0120192900    0.0102269900   -0.0063212200
  -0.0175504800    0.0124500900   -0.0147473100
  -0.0214740000    0.0107846300   -0.0095603800
  -0.0202939100    0.0115717600   -0.0157859000
  -0.0187712000    0.0124461400   -0.0150752400
  -0.0181935300    0.0135494700   -0.0149336800
  -0.0169043000    0.0131544600   -0.0139236600
  -0.0177994900    0.0130429700   -0.0139382800
  -0.0174288200    0.0135322500   -0.0150610300
  -0.0160159100   -0.0060323900    0.0035568100
  -0.0153491700   -0.0061104800    0.0028274500
  -0.0189755800   -0.0000783800    0.0207586400
  -0.0158398200   -0.0072256500    0.0032312700
  -0.0167937400   -0.0056148400    0.0037472600
  -0.0162244300   -0.0060549400    0.0032904300
  -0.0170788900   -0.0000150500   -0.0034166200
  -0.0168362300   -0.0069867700    0.0035317100
   0.0144492700   -0.0104627600   -0.0054613500
   0.0194951400   -0.0125053800    0.0056228000
   0.0186993700   -0.0121574000    0.0066862100
   0.0198942000   -0.0131115800    0.0060777600
   0.0198779700   -0.0103610300    0.0096267100
   0.0187006600   -0.0127669600    0.0070642700
   0.0194064400   -0.0126109000    0.0057409200
   0.0185957400   -0.0127734900    0.0058824300

57   
  0.0000000000000000  -0.0100000000000000   0.0000000000000000
  -0.0319766500   -0.0426516500    0.0254697600
   0.0003024600   -0.0004517200   -0.0004310700
   0.0012452800   -0.0014232300    0.0001142500
   0.0000748300   -0.0003718700    0.0003303200
  -0.0007830000   -0.0003759200   -0.0006102100
   0.0004980300   -0.0002523600    0.0000788600
  -0.0004534000   -0.0007667700    0.0000479000
   0.0002067900   -0.0005449800    0.0001439400
  -0.0017877500   -0.0097341100   -0.0020364900
   0.0009075100   -0.0066528000   -0.0008916200
   0.0027779800   -0.0087847600    0.0029816700
   0.0000670000   -0.0058784300   -0.0001204000
  -0.0009024800   -0.0071596600    0.0009310800
  -0.0002306600   -0.0060431800   -0.0006017500
   0.0006353000   -0.0067328400   -0.0000516000
  -0.0000122000   -0.0056974700    0.0002913900
   0.0022516100    0.0027528500   -0.0088454800
   0.0014484300    0.0067661900    0.0012522700
  -0.0001849400    0.0067032400   -0.0005306300
  -0.0000613000    0.0062291300    0.0000036300
   0.0004144900    0.0063771100    0.0000613900
   0.0006684700    0.0058061500   -0.0004478300
  -0.0002781100    0.0062890000    0.0002151100
   0.0002358500    0.0057548800   -0.0000747200
   0.0005120400   -0.0087108100    0.0007093600
  -0.0000666700   -0.0083568100   -0.0000226800
  -0.0272161400   -0.0420337900   -0.0184590300
   0.0011173900   -0.0093133700   -0.0005532800
  -0.0000437800   -0.0082124100    0.0001149400
  -0.0000087200   -0.0084386700   -0.0000087200
  -0.0010084600   -0.0079315300    0.0004167000
  -0.0001786500   -0.0085750300    0.0001044100
  -0.0130910800   -0.0165718800   -0.0059686000
  -0.0245258900   -0.0165096900   -0.0105540700
  -0.0201146200   -0.0132635600   -0.0049979100
  -0.0187761600   -0.0135132900   -0.0066752000
  -0.0192515600   -0.0125273600   -0.0059085600
  -0.0191661600   -0.0124102600   -0.0052429200
  -0.0186033800   -0.0131713800   -0.0058422300
  -0.0187253500   -0.0129740700   -0.0058101300
   0.0152511000   -0.0062514900   -0.0033492200
   0.0154705400   -0.0055569300   -0.0035730300
   0.0080075800   -0.0102559800    0.0033451700
   0.0117767800   -0.0134673800   -0.0044311600
   0.0162317300   -0.0066683800   -0.0035280000
   0.0163536100   -0.0061000200   -0.0045846600
   0.0152318700   -0.0073308400   -0.0047144300
   0.0153301100   -0.0064571300   -0.0034625000
   0.0176806000   -0.0077303100    0.0132464400
   0.0169762600    0.0124318800    0.0137826100
   0.0199198900   -0.0102938500    0.0180913200
   0.0169726900    0.0125518100    0.0138930500
   0.0179068800    0.0138794900    0.0132531800
   0.0179132400    0.0132740800    0.0141350400
   0.0179670200    0.0134516500    0.0136365600
   0.0177337000    0.0130785600    0.0139535900
   0.0490515500    0.1728215000    0.0077780500
  -0.0114504700    0.0101904800    0.0069936200
  -0.0112288600    0.0107138200    0.0060597400
  -0.0121618800    0.0107947900    0.0067315100
  -0.0120295000    0.0105310600    0.0071429400
  -0.0116349600    0.0103049400    0.0065958100
  -0.0116310200    0.0117904800    0.0061935700
  -0.0120288400    0.0102716700    0.0067674600
   0.0073490900    0.0131629400   -0.0085808400
   0.0083557000    0.0112804200   -0.0033746700
   0.0120278100    0.0104646400   -0.0072138200
   0.0117775500    0.0108738100   -0.0063839100
   0.0103021000    0.0081153200   -0.0052848100
   0.0115546300    0.0101131200   -0.0074832900
   0.0115727400    0.0101889700   -0.0058609600
   0.0111617000    0.0104935900   -0.0063620400
  -0.0174518600    0.0140281700   -0.0133949600
  -0.0135473300    0.0155624800   -0.0185023900
  -0.0147403700    0.0148013500   -0.0123293900
  -0.0161953000    0.0139391800   -0.0130195400
  -0.0168154300    0.0128380500   -0.0131401000
  -0.0180634600    0.0132123300   -0.0141493200
  -0.0172442300    0.0133281400   -0.0141902800
  -0.0175708100    0.0128903800   -0.0130314900
  -0.0161791800   -0.0069457600    0.0033960100
  -0.0168147400   -0.0068915100    0.0041174500
  -0.0131683900   -0.0127617200   -0.0135104700
  -0.0163151100   -0.0057811200    0.0037380300
  -0.0153661800   -0.0073625600    0.0031817700
  -0.0159447600   -0.0069387800    0.0036657100
  -0.0150547400   -0.0129542100    0.0102648500
  -0.0153048400   -0.0060173800    0.0033937300
   0.0232176500   -0.0150060300    0.0173379100
   0.0181706600   -0.0128024800    0.0059213300
   0.0189546500   -0.0131926100    0.0049206400
   0.0177624500   -0.0122467900    0.0055048900
   0.0177435500   -0.0150469400    0.0018527000
   0.0189448800   -0.0126119400    0.0045129300
   0.0182481000   -0.0127718200    0.0057879500
   0.0191075200   -0.0125780200    0.0056778400

57   
 -0.0000099969758374   0.0000000000000000   0.0099999950030225
  -0.0170569500   -0.0243583400    0.0137706800
  -0.0000954500   -0.0001883900    0.0008963100
   0.0003610200   -0.0010124800   -0.0000671100
  -0.0001945600   -0.0000414100   -0.0000868500
   0.0004215500   -0.0004431700    0.0005376900
   0.0000792000   -0.0005398900   -0.0000333000
  -0.0005324200   -0.0010097300    0.0002328900
   0.0003051500   -0.0005522100    0.0002086100
   0.0011719700   -0.0048453700    0.0004251300
   0.0003788400   -0.0069052200   -0.0000226600
   0.0013228800   -0.0076692600    0.0005385600
   0.0001444100   -0.0058221900    0.0003271400
  -0.0013822800   -0.0074807400    0.0003452400
   0.0001913700   -0.0060849800   -0.0005981800
  -0.0016552000   -0.0054223100    0.0004320300
   0.0003161600   -0.0061875200    0.0002814700
  -0.0337301500    0.0064193800    0.0490091000
   0.0010593300    0.0048342500    0.0013221200
  -0.0001652800    0.0062673300   -0.0000382000
  -0.0001232300    0.0060656700    0.0000776500
   0.0023148100    0.0061688000    0.0050549100
  -0.0001002000    0.0056238400    0.0007245600
   0.0001987000    0.0058530800   -0.0000433400
   0.0001940500    0.0059346300   -0.0001430600
  -0.0003753900   -0.0085971200   -0.0001389500
   0.0002947100   -0.0080962400    0.0003371500
   0.0219013700    0.0220515800    0.0187042700
   0.0006233000   -0.0087336800   -0.0014067900
  -0.0000076000   -0.0090641000   -0.0002595200
  -0.0000985300   -0.0081256300    0.0000137200
  -0.0009780200   -0.0087444600    0.0012442500
  -0.0005716500   -0.0083769300   -0.0002328300
  -0.0249815700   -0.0068456600   -0.0075323100
  -0.0224097000   -0.0123170900   -0.0072158800
  -0.0177977900   -0.0123172900   -0.0062999000
  -0.0191425400   -0.0138384400   -0.0064159300
  -0.0189744600   -0.0130492900   -0.0065455700
  -0.0188726800   -0.0125992600   -0.0066442400
  -0.0188971200   -0.0123969100   -0.0060841300
  -0.0179710000   -0.0127677400   -0.0060793200
   0.0161520300   -0.0063918800   -0.0037279800
   0.0156538800   -0.0062793800   -0.0032527000
   0.0088945000   -0.0128789500   -0.0042756000
   0.0145801300   -0.0053550400    0.0021499900
   0.0163846500   -0.0067362600   -0.0030340900
   0.0159975300   -0.0055872300   -0.0034809300
   0.0155342600   -0.0058365700   -0.0056803400
   0.0165045200   -0.0069281900   -0.0051001400
   0.0198846300    0.0097849900    0.0130774900
   0.0182655900    0.0134305700    0.0140138800
   0.0162172700    0.0147972100    0.0125547700
   0.0184572900    0.0135862400    0.0140514800
   0.0181649700    0.0135483000    0.0123730100
   0.0176427300    0.0135871800    0.0141273800
   0.0175044200    0.0141774500    0.0123412000
   0.0174796600    0.0131615600    0.0140521700
   0.0182233500    0.0079652100   -0.1562756000
  -0.0110418300    0.0097427100    0.0058973500
  -0.0114421600    0.0106704200    0.0067429600
  -0.0122567900    0.0099647700    0.0066581900
  -0.0124865800    0.0095736300    0.0068823100
  -0.0129155900    0.0101021900    0.0076400600
  -0.0113112700    0.0105330900    0.0052105500
  -0.0122331300    0.0099371900    0.0068557100
   0.0158749500    0.0082136500    0.0001121900
   0.0056143100    0.0133465800   -0.0018233500
   0.0115049300    0.0095258400   -0.0065635700
   0.0113172600    0.0103418800   -0.0072654500
   0.0147810500    0.0114391900   -0.0080169100
   0.0118856500    0.0092506900   -0.0085664100
   0.0115008500    0.0108455500   -0.0065293800
   0.0119241000    0.0103453700   -0.0068372500
  -0.0173094600    0.0144189600   -0.0131955900
  -0.0169106000    0.0147317000   -0.0143622200
  -0.0213132500    0.0088471300   -0.0143491200
  -0.0171584800    0.0134378800   -0.0131091300
  -0.0186019400    0.0141923600   -0.0138192600
  -0.0175133700    0.0131885600   -0.0137494300
  -0.0178535100    0.0131473500   -0.0137903900
  -0.0172304900    0.0145225400   -0.0135275500
  -0.0165536000   -0.0066356500    0.0039317900
  -0.0161901000   -0.0062565200    0.0037769000
  -0.0137646000    0.0014270300    0.0223049500
  -0.0158415600   -0.0062434900    0.0038373200
  -0.0158993300   -0.0065963600    0.0042581600
  -0.0161880300   -0.0059631000    0.0038872000
  -0.0088265900   -0.0232023000    0.0228116900
  -0.0168354100   -0.0061903500    0.0037140200
   0.0243113000   -0.0156428100    0.0195127300
   0.0178877500   -0.0134993300    0.0064724300
   0.0184270300   -0.0127687900    0.0067180700
   0.0193165600   -0.0125884800    0.0057796200
   0.0206346400    0.0004914800    0.0210475300
   0.0190637700   -0.0126797100    0.0063927500
   0.0181739500   -0.0133427500    0.0069100500
   0.0187531000   -0.0134588300    0.0056411000

57   
  0.0000099969758374   0.0000000000000000  -0.0099999950030225
   0.0165802100    0.0225234300   -0.0135278400
   0.0001183100   -0.0011581800   -0.0009203500
  -0.0003641200   -0.0002706500    0.0000745400
   0.0002051900   -0.0012621800    0.0000679900
  -0.0004653000   -0.0008745700   -0.0005581600
  -0.0000867300   -0.0007672500    0.0000405800
   0.0005284000   -0.0002631500   -0.0002351300
  -0.0003135500   -0.0007345200   -0.0002171300
  -0.0011401700   -0.0074490300   -0.0004034100
  -0.0003736100   -0.0053871100    0.0000147200
  -0.0012769100   -0.0047140400   -0.0004873000
  -0.0001383400   -0.0065231900   -0.0003168100
   0.0013617800   -0.0048751400   -0.0003515100
  -0.0001860800   -0.0062434200    0.0005949300
   0.0015929500   -0.0068818700   -0.0003825700
  -0.0003308300   -0.0061446800   -0.0003136500
   0.0358922400    0.0059742200   -0.0516822700
  -0.0010494600    0.0076155400   -0.0013423600
   0.0001600100    0.0061812400    0.0000518500
   0.0001432200    0.0063551500   -0.0000598900
  -0.0022744400    0.0062329400   -0.0049554000
   0.0000737100    0.0068109300   -0.0007511200
  -0.0002212900    0.0065900500    0.0000218100
  -0.0001984300    0.0064883400    0.0001157900
   0.0003550100   -0.0078679300    0.0001483700
  -0.0002857000   -0.0083674900   -0.0003387000
  -0.0212863000   -0.0379403400   -0.0184956800
  -0.0006027700   -0.0077420600    0.0013780100
   0.0000106600   -0.0073864900    0.0002632400
   0.0001016800   -0.0083366000    0.0000102700
   0.0009974700   -0.0076856500   -0.0012918500
   0.0005626400   -0.0081039700    0.0002426100
  -0.0126018300   -0.0185894100   -0.0041699100
  -0.0151053000   -0.0130095300   -0.0043193300
  -0.0199105200   -0.0130375900   -0.0052738300
  -0.0185560900   -0.0115216400   -0.0051792300
  -0.0186843200   -0.0123049600   -0.0050133400
  -0.0188208600   -0.0127609600   -0.0049890000
  -0.0187662900   -0.0129688300   -0.0054841100
  -0.0196820400   -0.0126254200   -0.0054912200
   0.0160427500   -0.0066273200   -0.0032756500
   0.0164855100   -0.0067780500   -0.0037416000
   0.0233320200   -0.0000687200   -0.0027371000
   0.0172503900   -0.0074715600   -0.0092923800
   0.0157615400   -0.0062390200   -0.0039224100
   0.0162223600   -0.0073309300   -0.0034931800
   0.0166374100   -0.0071392700   -0.0012814500
   0.0156887900   -0.0060360400   -0.0019284500
   0.0151251600    0.0166254500    0.0149340100
   0.0167282700    0.0129981900    0.0140463400
   0.0188040800    0.0117462600    0.0155064900
   0.0165965300    0.0128350400    0.0140401800
   0.0168078100    0.0128639300    0.0157368000
   0.0173707000    0.0128372600    0.0139845200
   0.0174885100    0.0121965900    0.0157747300
   0.0175135900    0.0132616600    0.0140306800
  -0.0439284700    0.0125908500    0.1710002400
  -0.0121893200    0.0110402000    0.0067957800
  -0.0117697600    0.0100983800    0.0059215200
  -0.0109341900    0.0107735200    0.0059879000
  -0.0107088300    0.0111663500    0.0058431100
  -0.0102365600    0.0106438500    0.0050571100
  -0.0118737200    0.0102201900    0.0075295800
  -0.0109625700    0.0107984000    0.0058979300
   0.0074034400    0.0127146600   -0.0126312300
   0.0174936300    0.0073734400   -0.0106970200
   0.0116992600    0.0112570500   -0.0060940700
   0.0119301200    0.0104167700   -0.0054121300
   0.0083678300    0.0093314300   -0.0046618200
   0.0112977200    0.0115526500   -0.0040701200
   0.0116786900    0.0099178800   -0.0061582500
   0.0112460000    0.0103859400   -0.0058557000
  -0.0177035000    0.0119951300   -0.0149080400
  -0.0181416400    0.0116982000   -0.0136296800
  -0.0136597200    0.0175583500   -0.0137041400
  -0.0178390500    0.0129713100   -0.0150022200
  -0.0163598900    0.0121792300   -0.0142759900
  -0.0174746400    0.0132163800   -0.0143756900
  -0.0171443400    0.0132702300   -0.0143411500
  -0.0177633500    0.0118737100   -0.0145893100
  -0.0156154400   -0.0064165500    0.0030223400
  -0.0159947100   -0.0067739500    0.0031648200
  -0.0182989600   -0.0141944000   -0.0149459800
  -0.0162992100   -0.0067771400    0.0031117100
  -0.0162611500   -0.0064286600    0.0027008200
  -0.0160161800   -0.0070146200    0.0031058900
  -0.0233571800    0.0105284500   -0.0162767900
  -0.0152681400   -0.0067927700    0.0032302400
   0.0133622600   -0.0099171500   -0.0076391100
   0.0198080100   -0.0118368700    0.0051630500
   0.0192258200   -0.0125987700    0.0048915500
   0.0183355300   -0.0127950900    0.0058378000
   0.0170916300   -0.0260999200   -0.0097379700
   0.0185988700   -0.0127235300    0.0052517600
   0.0195099000   -0.0119958000    0.0046845500
   0.0189341900   -0.0118548000    0.0059535600
