  15  120
1 1
    22.408183080277531     2.819615192397586     5.081788455163913
     2.819615192399059    19.152371899592850     2.933971932554361
     5.081778524629896     2.933966199156362    24.325803893120874
1 2
    -0.072221271707455    -0.017339465060878     0.019805554403786
    -0.017339465060887    -0.052199382066446     0.011434742166478
     0.019807459331667     0.011435841977098    -0.054199343981822
1 3
    -0.022886829525087    -0.002052331879064     0.001778804794593
    -0.002052538749995     0.025235743048914    -0.016827146730548
     0.001795424754700    -0.016826719693361    -0.004562631013515
1 4
     0.019608795554208     0.000667646170902    -0.004557769558235
     0.000672724266544     0.005708114934262    -0.014312032661485
    -0.004543705810636    -0.014307076328953    -0.026627693718530
1 5
     0.011427638783407    -0.021864006264997    -0.013683334144562
    -0.021863799394078    -0.009078725259580     0.009954063505766
    -0.013674654339465     0.009968243294834    -0.004562631013515
1 6
     0.009763682513904     0.006356802930564    -0.014673468643753
     0.006351724834926     0.015553227974567     0.003208872108715
    -0.014662144460078     0.003218573505144    -0.026627693718530
1 7
     0.015574799997939     0.000699883887688     0.016032158511014
     0.000699883887688     0.014766643696022     0.009256171032027
     0.016045664269056     0.009263968585063     0.028110904534151
1 8
    -0.004838044167196     0.000339501066232    -0.000074952322263
     0.000339501066232    -0.005230066231154    -0.000043273743435
    -0.000062983776144    -0.000036363700112     0.002503964534385
1 9
    -6.170077364611799    -0.041366553989904    -0.086930371725048
     0.041135610155527    -0.830963150671336    -0.549725932507239
     0.086832439594529    -0.550003992045003    -1.868758367678070
1 10
     0.007618717889536     0.055500677135441     0.097334422419781
    -0.006466271871431    -0.134092912379417     0.034704715347912
     0.000765465347584     0.028949386208717    -0.075622198166359
1 11
     0.007608435016903     0.006463711835714    -0.000790579908708
    -0.055495018338462    -0.134102852519928     0.028949858728958
    -0.097331842872709     0.034705410854771    -0.075625755528643
1 12
     0.047100043760708     0.006757682028817    -0.000118396024976
    -0.006755865168584     0.008260144549952     0.038703264367077
     0.000107678543585     0.038706914922393     0.051086024213931
1 13
    -0.002989894238722    -0.005048730821700    -0.036638795696691
     0.005049946936501     0.005343647188510    -0.006277173458501
     0.036629110972141    -0.006265069827781     0.015321140841890
1 14
    -0.000121710596102    -0.003677054167133    -0.005581799693609
    -0.002000449220901    -0.006613330415885     0.000178056294643
     0.000116862822862    -0.012937811636643     0.006374583955454
1 15
    -0.000122066340704     0.001999812465162    -0.000129853704812
     0.003679493037676    -0.006611974507206    -0.012945188752611
     0.005572240974140     0.000186185160819     0.006374793212059
1 16
    -0.000229100581549    -0.001614976133510    -0.002706399458011
     0.001617671202586    -0.005763640487130    -0.003250492078515
     0.002694944160497    -0.003245113040750    -0.003565732547712
1 17
     0.271261976446396     0.241932773812557     0.107138377133085
     0.241932773812684    -0.008097927726621     0.061856370878343
    -0.287242277858302    -0.165839406444089    -0.537000995738209
1 18
    -0.531324594671540    -0.668051012423816    -0.346393350845826
    -0.668051012424165     0.240074269039246    -0.199990294356386
    -0.140519970155519    -0.081129242595786    -0.237874747457112
1 19
     0.107305782876082     0.079922592037025     0.007931578866714
    -0.035650875360916     0.004495569962324     0.039532356215816
     0.058099542644794     0.039574078067275     0.001062605039746
1 20
    -0.002816328074085     0.016612387782413    -0.000057765802508
     0.019844489768870    -0.035692907267911    -0.000711398291753
     0.000607585892910    -0.018643886370657    -0.016143937812406
1 21
     0.049368338846106    -0.002200676454041     0.038201814187700
     0.113372790943941     0.062433013992300    -0.012897229317212
     0.063321928260015     0.030528640844998     0.001062605039746
1 22
    -0.011687471418421     0.024966246766730    -0.000644971894121
     0.021734144780295    -0.026821763923576     0.000305672493435
    -0.015842286275809     0.009848128003569    -0.016143937812406
1 23
     0.015065241717536     0.008756835023044    -0.004307132811815
     0.008756835023049     0.004953719601926    -0.002486724288337
     0.016331591180743     0.009429048564494    -0.000693894901890
1 24
    -0.005034598979155     0.000307757998771    -0.004746821275535
     0.000307757998772    -0.005389967306027    -0.002740578541226
    -0.004670603229340    -0.002696574031737     0.003923352085507
1 25
     0.055154424636305    -0.018413058682459     0.009849308029323
     0.018281143209076    -0.006415483652485    -0.001629793916752
     0.045152858682470    -0.023233945582434     0.027762492286972
1 26
     0.008771341779232    -0.024667919344345    -0.024045373346562
     0.037784407974272     0.000138691156407     0.007163320497628
    -0.007191026071352     0.002471921440554     0.009159161597027
1 27
    -2.025799505469486     0.698835100174413    -0.372983761326040
     0.917586353811145    -2.792754340569870    -1.666538010620441
    -0.057087229350211    -1.929418577210593    -2.634548816857898
1 28
    -0.085559164707707    -0.069818494728874    -0.018860773220613
    -0.013648486024889    -0.047986861125780     0.134179199460191
     0.027201921743809     0.103255207451353    -0.043451506240298
1 29
    -0.020260633661709     0.016579259194604    -0.026590410480211
    -0.172007914681838    -0.062639585768308     0.069863115929541
    -0.045294391257692    -0.046693672290144    -0.035202610874641
1 30
     0.019963988102895    -0.015220580512353    -0.002517347740712
    -0.013676810903688     0.007947827152754    -0.000461127215073
     0.018578844531665    -0.010202440751918     0.001846480281749
1 31
     0.005267284911308     0.019355806765248     0.024078791579418
    -0.015535849155321     0.002518079001853    -0.033488640468711
    -0.024345051750175     0.002315427600499     0.013990687347855
1 32
    -0.003871732623544     0.004528990691813     0.003405317928029
     0.001866182747628     0.010746796514590    -0.000752742632615
    -0.006080220784622     0.001618397490744     0.007205960446772
1 33
    -0.004826546891987     0.009696965251504     0.009399116692420
     0.000444156084375    -0.006189421445239    -0.002526414855564
    -0.003414170392327    -0.002150393203528     0.004232842604173
1 34
    -0.003779572194277    -0.006460484908915    -0.038199904574394
    -0.024916301751798    -0.017932577703283     0.010209847161228
     0.024108158083085    -0.040202282331123     0.006014244081795
1 35
    -0.285903020039194    -0.028532355355895    -0.242448801967123
     0.264554268260523     0.414205156204303     0.444954135814873
    -0.183053015856972    -0.018922535109374    -0.381467048261386
1 36
     0.312069849867718    -0.066738565233535    -0.441144066462511
    -0.324887410956700    -0.606660058201404    -0.721753395365498
    -0.520760141770772    -0.327058450250163    -0.210269197623825
1 37
    -0.006050989139830    -0.036137942607064     0.005011302718424
    -0.009973143118727     0.004182058820675     0.003910899016540
    -0.015075176644546    -0.032245545890370     0.008499166265132
1 38
     0.000488923240419    -0.030164842974241     0.017458162247313
     0.000022441529349    -0.002507386841134    -0.017619579930389
    -0.005325060411617    -0.039698567496056    -0.012756491892080
1 39
     0.007274741806973     0.127719387832020     0.014612838421286
     0.002095276109112     0.061732749091672     0.053666332582658
    -0.009299087385610     0.041984771379550     0.047685813640705
1 40
    -0.025223870575385     0.007197741572169     0.009556182386843
     0.000000277836781     0.001399472308853     0.005609324539122
     0.030105362882434     0.000442074697810    -0.023400329100962
1 41
    -2.165841705770171    -2.270710925374801    -0.519541808532761
    -2.353213089521441    -4.835198809512963     0.199579055979286
    -0.432901209496688     0.350201094583921    -1.868758367678070
1 42
    -0.077432484503125     0.042638062724864     0.078722376332282
     0.104605011731786    -0.049041709986756     0.066941724804282
     0.025453636554515    -0.013811780667635    -0.075622198166359
1 43
     0.003260788424856     0.001441113618063    -0.023755589527368
    -0.008657564140140    -0.000907035475068    -0.028591541108160
     0.012888845858727     0.034854275533796     0.015321140841890
1 44
    -0.007448856542995     0.002229880463929    -0.002636698572340
     0.000553275517696     0.000713815531007    -0.004923008480824
    -0.011146042135283     0.006570111991678     0.006374583955454
1 45
    -0.119906209141773     0.018125595792179     0.024676023140888
     0.080084325966368    -0.006588208361251    -0.015159591649142
    -0.018610153987339    -0.101644553952284    -0.075625755528643
1 46
     0.017970906076201     0.010061850314827     0.033458812138777
     0.023575397512236     0.037389282234459    -0.019454166148874
     0.033575010896717    -0.019260205107009     0.051086024213931
1 47
    -0.002530286044925     0.005069879332173    -0.011275789168949
     0.003390198759664    -0.004203754802984     0.006360137769163
     0.002947361566147     0.004732609659203     0.006374793212059
1 48
    -0.004378838511593     0.004013523513562    -0.004168208443799
     0.000780876177467    -0.001613902557086    -0.000718564644169
    -0.001462878251194     0.003956446625145    -0.003565732547712
1 49
    -0.004000485380925     0.002008629938123     0.001209262626062
     0.003214404925310    -0.000987253388430     0.001001359935661
    -0.000266499018780    -0.001538241064084     0.001879542825325
1 50
    -0.001679493425560     0.022659031538693    -0.008542655124653
     0.012835411885729    -0.020444722587634     0.006187318424363
     0.000601230829859    -0.013115362831480    -0.006151097901407
1 51
     0.030011938756423    -0.001816926468988    -0.010277061409880
     0.010181185309432     0.034836524680748     0.022476161836896
    -0.024600954269295    -0.002326386174616    -0.010387288611259
1 52
    -0.011305490210075     0.036114346563609     0.138934870888938
    -0.208827568415796    -0.391267272965173    -0.023726139075603
     0.409017623551525     0.408816455374628     0.168851665583279
1 53
    -0.031120530651734     0.005657821045693     0.011668692106670
    -0.004162702634346     0.008997148535683     0.006046747665434
    -0.009629014998162     0.004316071123664    -0.006153608980666
1 54
     0.019728656178499    -0.030101720487419    -0.033543312527570
     0.036896044180157     0.023637994712837    -0.014681099810907
    -0.004050215347656     0.036395032424079    -0.016463054134898
1 55
    -0.221473174759541    -0.085242384131419    -0.149517947831115
    -0.330223107725136    -0.181085236663930    -0.558615517050299
     0.090065191773037    -0.108426466051678     0.168864639492784
1 56
     0.218923710565575    -0.103964130741033    -0.335849420976424
     0.050476701464911     0.188076627113836     0.349084051338881
    -0.470199733383878     0.116315233566308    -0.636442663985170
1 57
     0.008919872344157     0.044974674420793     0.003513211079821
     0.008280472529272     0.039819068639663     0.009344647921470
     0.002455242236696     0.050720495463715     0.027762492286972
1 58
     0.007976459993090     0.038243333187456    -0.005819069146887
    -0.024208994131155     0.000933572942550    -0.024405564410423
    -0.001454766271996    -0.007463571977343     0.009159161597027
1 59
    -0.119347429805639    -0.114800126254927     0.047208027942398
     0.073787047621463     0.036447210375622    -0.057959528937695
    -0.063085102028107    -0.015879257333031    -0.035202610874641
1 60
    -0.001561070144408    -0.001249312730281    -0.001658021752985
    -0.002793082338955     0.029472885400057    -0.001949523486080
     0.000453849394064     0.021190971713338     0.001846480281749
1 61
    -1.901084610607965     0.845582175690431    -1.629756134232328
     0.626830922054505    -2.917469235431393     0.510255592802717
    -1.699469117073543     0.915270297756358    -2.634548816857898
1 62
    -0.093522199876240    -0.009051025526764     0.106772208781648
    -0.065221034230790    -0.040023825957247    -0.083423508474168
     0.103022593597832    -0.028070048463788    -0.043451506240298
1 63
     0.004859470645009    -0.015300397478885    -0.016962617594391
     0.019591258441685     0.002925893268152     0.037597165434568
    -0.010167306752431    -0.022241147072342     0.013990687347855
1 64
     0.009861355560138    -0.006062619412025     0.001050764721659
    -0.003399811467840    -0.002986291669093     0.003325463149944
    -0.001638537051905    -0.006074824405472     0.007205960446772
1 65
    -0.001457468457059    -0.001500982256951     0.002511618900793
     0.007751826910182    -0.009558499880167     0.009403081256554
    -0.003569380338544    -0.001881561690839     0.004232842604173
1 66
    -0.027980873494681    -0.010943673931262    -0.010257965276820
     0.007512142911613     0.006268723597121    -0.038187011364189
    -0.022762118747333     0.040979418503959     0.006014244081795
1 67
    -0.018342888986763    -0.002876411433245     0.005892589259170
    -0.029041210921602     0.016473958667608     0.002384465951941
    -0.035463050222238     0.003067287004474     0.008499166265132
1 68
    -0.014810352011921     0.008855482214692    -0.006529922700067
    -0.021331802288909     0.012791888411207     0.023929001974762
    -0.037042498151254     0.015237646154882    -0.012756491892080
1 69
     0.341378598355999    -0.097606942977690     0.264117184150969
    -0.390693566594173    -0.213076462190889    -0.432443889528122
    -0.107913904037211    -0.149067294416765    -0.381467048261386
1 70
    -0.546556603265407     0.170840802893083    -0.845628808885288
     0.428989648616304     0.251966394931720    -0.021165270602655
    -0.543620997324470    -0.287462286926675    -0.210269197623825
1 71
     0.104329645648891    -0.053939398750179     0.053782826555158
     0.071684712972767    -0.035322154750246    -0.014178076997095
     0.031710334893976    -0.029045631597723     0.047685813640705
1 72
    -0.002139529579663    -0.013327472651161     0.009635908742371
    -0.006130008915776    -0.021684868686869     0.005471234440645
     0.015435529359891     0.025850971697426    -0.023400329100962
1 73
     0.018732414121528     0.042700755064170     0.004467540329524
     0.042700755064192    -0.030574170740283     0.002579335611867
     0.027946976232529     0.016135194250882    -0.021185138681357
1 74
    -0.001700998372372    -0.002053293832574     0.001415978266442
    -0.002053293832575     0.000669941121552     0.000817515433297
    -0.023236855662666    -0.013415804871957    -0.002262691668921
1 75
     0.039838467141807     0.014235551606105     0.010474228983731
     0.039078124420664     0.048015117318642    -0.022016688395458
     0.045060344419901     0.020844271594298     0.005498635807290
1 76
    -0.012336154495945    -0.025444777234422    -0.011498259119105
     0.004012001982339     0.006046604723436    -0.010779020920418
     0.021720821110137     0.022462615926964    -0.001105921156963
1 77
     0.069056453678588     0.022209112028459    -0.013829896965802
    -0.002633460786081     0.018797130781861     0.020079292582697
     0.040581840934000     0.028601267173751     0.005498635807290
1 78
    -0.007829749002366     0.001410227557542    -0.015084035504556
    -0.028046551659232     0.001540199229857    -0.004568274036234
     0.030313606583277     0.007579474908949    -0.001105921156963
1 79
    -1.834155830728602    -0.763629640644985     0.629738431375499
    -0.763629640645385    -0.952392273553254     0.363579652873797
     0.751339309789468     0.433785952759584    -4.944823554426117
1 80
    -0.106716342018406     0.058615084711364    -0.070651873097552
     0.058615084711394    -0.174399211891780    -0.040790877951634
     0.027039475853998     0.015611248663048     0.100565794728553
1 81
     0.000521079051738     0.000603878482953     0.001471834455645
    -0.000601896504233    -0.005508817821094     0.000546572186186
    -0.001465405348031     0.000538325611695     0.001879542825325
1 82
    -0.000383870447745     0.012087383610713     0.001087047374474
     0.021911003263694    -0.021740345565449    -0.010491815565902
    -0.011057621976986     0.007078362587936    -0.006151097901407
1 83
    -0.000384865998224    -0.021907946895765     0.011070983141874
    -0.012087423215735    -0.021738516117827     0.007082009960601
    -0.001076680261447    -0.010497007163660    -0.006153608980666
1 84
     0.025602688538968     0.033504670015594    -0.029485861655523
    -0.033493094651981     0.017763962352369    -0.021708810870511
     0.029493914976991    -0.021705105593906    -0.016463054134898
1 85
     0.037252208519493     0.006001013612714     0.014326396425377
    -0.005997098165703     0.027596254917679    -0.020138277175659
    -0.014315186660879    -0.020141858267235    -0.010387288611259
1 86
    -0.371063846123096    -0.001120984786141     0.048919996271280
     0.243820930193280    -0.031508917052152     0.132184197199164
     0.558554247615391     0.149811424903755     0.168851665583279
1 87
    -0.371084056359592    -0.243845224959499    -0.558534202629169
     0.001135498634045    -0.031474355063879     0.149821417381653
    -0.048867478156830     0.132211977097986     0.168864639492784
1 88
     0.172627661708631     0.077205737734850     0.134390946027171
    -0.077235094471107     0.234372675970780    -0.465396156081393
    -0.134367919576369    -0.465362530746156    -0.636442663985170
1 89
     0.003627254883588     0.003681830740985     0.005954651691617
     0.003681830740986    -0.000624157055249     0.003437919757086
     0.005938464470507     0.003428574060619     0.006978707773837
1 90
    -0.002184204911084    -0.003676336326157     0.010167736048108
    -0.003676336326159     0.002060862623994     0.005870345144426
     0.010159456177981     0.005865564759176     0.000834515340392
1 91
    -0.014353671897687    -0.010068720239440    -0.008787563031155
    -0.010070491837924    -0.013210802232987    -0.005816046243428
    -0.008801122420660    -0.005821322248709    -0.013420881612678
1 92
    -0.041101158874188     0.016591172525204    -0.009494597357723
     0.016583839003871    -0.053479274939676     0.060562293009384
    -0.009505348431356     0.060578027655734    -0.122609513259866
1 93
    -0.022217054284762    -0.005530565900002    -0.009430625311970
    -0.005528794301525    -0.005347419845912    -0.004702229700625
    -0.009441974161329    -0.004711334473752    -0.013420881612678
1 94
    -0.036019544545793     0.013649967603447     0.047701185578688
     0.013657301124795    -0.058560889268070    -0.038503709015186
     0.047709436645357    -0.038520887041242    -0.122609513259866
1 95
    -5.127735069094834    -1.202689457844903    -3.354295924910874
    -1.202689457845529    -3.738988904617906    -1.936603655189456
    -3.351841900241509    -1.935186823384996    -7.625428285229050
1 96
    -0.353637363568730     0.089718702077381     0.202808571556636
     0.089718702077427    -0.457235597160196     0.117091583382218
     0.202791756422134     0.117081875159725    -0.282044840878681
1 97
     0.043656292491483     0.027979402496239    -0.033100759643891
     0.027979402496254     0.011348461365537    -0.019110732490787
     0.005989634707596     0.003458117210777    -0.015069405146180
1 98
     0.041278241539404    -0.004397909272595    -0.065775198117205
    -0.004397909272597     0.046356509744214    -0.037975328338979
    -0.138514672678845    -0.079971483557823     0.019954500587866
1 99
     0.090197974559753     0.012662813662519     0.233443065615752
     0.087951271087822     0.197531774779293     0.045597019762290
     0.035917910340985     0.146363980505635     0.185960485600937
1 100
    -0.022901020702877     0.001000000980140     0.001067473838087
    -0.033434869305668     0.074256410269176     0.002605795990018
    -0.021433105594534     0.056446638425620     0.010628979989933
1 101
     0.214265501410558     0.016320851062791     0.156209710258870
    -0.058967606362496     0.073464247928489     0.179369115279467
     0.144713880487416    -0.042076167446681     0.185960485600937
1 102
     0.035922342557011    -0.067396553918377     0.002790422443478
    -0.032961683632604     0.015433047009287    -0.000378438533350
     0.038167670037567    -0.046784933139666     0.010628979989933
1 103
    -0.104306098581060    -0.033787473897441    -0.046766907268699
    -0.033787473897458    -0.065291684281200    -0.027000886500757
     0.079909678819740     0.046135874577422    -0.089617698416127
1 104
    -0.017684928446348    -0.011025630485869    -0.002721676364460
    -0.011025630485875    -0.004953626988341    -0.001571360581668
    -0.053201010205089    -0.030715617563060     0.035596222548482
1 105
    -0.057953489914347    -0.018203748639232    -0.013533906903363
    -0.018203748639241    -0.036933611560100    -0.007813804793846
    -0.096765174153684    -0.055867399345796     0.112333967675630
1 106
    -0.209153289193164     0.037072325422381    -0.086672096525403
     0.037072325422400    -0.251960723317369    -0.050040158260184
     0.024274705929237     0.014015008002740     0.026543781819960
1 107
    -0.569963849349251     1.033479385177777     0.540910381427555
     0.106133878456721    -0.636020328592963    -0.197134227289687
    -0.051318567173139     0.343544395123031     0.225639723024474
1 108
    -0.001973082889254     0.000661992846846    -0.018053484195477
     0.077225261428188    -0.002608859611580     0.011963398471625
     0.063323853441881    -0.028600034042960     0.012679694718077
1 109
    -0.126039190383347    -0.150166142897145     0.099731941925538
     0.777179363824371    -1.079944987558867     0.567009245131958
     0.271858889917812    -0.216215380419261     0.225639723024475
1 110
     0.031276254985591     0.058028747255733     0.001333864894282
    -0.018534521325578    -0.035858197486426    -0.021616475175920
     0.006893570690631     0.069140082767658     0.012679694718077
1 111
     0.002257551906446     0.000172973160170     0.002906431451821
     0.000172973160170     0.002057819705273     0.001678028981090
    -0.004821388703015    -0.002783630065553     0.004420964291990
1 112
     0.006345204290452     0.007084124434430     0.000004296629939
     0.007084124434434    -0.001834838007932     0.000002480660452
     0.008703982343610     0.005025246549103    -0.003909750406188
1 113
    -0.009784293658524    -0.010663909690660     0.002570339509955
    -0.010663909690665     0.002529328602511     0.001483986207982
    -0.007040551594427    -0.004064864358285     0.003527857102222
1 114
     0.002647211894867    -0.002335475172103     0.004213084356492
    -0.002335475172105     0.005343986333467     0.002432425387340
     0.033549099069413     0.019369581378790    -0.021033009129586
1 115
     0.030172417298469    -0.124407487086931     0.019555872464018
    -0.025241773303604     0.004486332010210    -0.015432739927766
     0.071466375925825    -0.142907896243481     0.039043097344603
1 116
    -0.101751764397440     0.033836802749772     0.130070923325541
    -0.043221809059762    -0.080956497327564    -0.095908121269584
     0.062155701212375    -0.119656085250354    -0.134608914755373
1 117
    -0.053892177245615     0.023292942985740    -0.003587208595431
    -0.075872770797640     0.088550926554293     0.024652252310896
    -0.088028680585365     0.133345645189897     0.039043097344603
1 118
    -0.090219141034589    -0.049880172262742    -0.018023407785906
     0.027178439546783    -0.092489120690415     0.160598784528438
    -0.072547358938042     0.113656458865114    -0.134608914755373
1 119
    -0.694812699024708    -0.413363189421426     1.137308396689253
    -0.413363189421642    -0.217502001653498     0.656625308980334
     0.096304660930534     0.055601521912445    -0.184856657010025
1 120
     0.011512544521281    -0.013673722515892    -0.028777395118975
    -0.013673722515899     0.027301599272034    -0.016614636818521
     0.097018470276700     0.056013639930604     0.016268654748934
9 1
    -6.170077364609387     0.041366553991317     0.086930371725046
    -0.041135610155322    -0.830963150671654    -0.549725932507242
    -0.086832439594370    -0.550003992045200    -1.868758367678071
9 2
     0.007608435016902    -0.006463711835719     0.000790579908708
     0.055495018338471    -0.134102852519993     0.028949858728958
     0.097331842872663     0.034705410854762    -0.075625755528643
9 3
     0.007618717889545    -0.055500677135464    -0.097334422419781
     0.006466271871459    -0.134092912379471     0.034704715347912
    -0.000765465347590     0.028949386208729    -0.075622198166359
9 4
     0.047100043760691    -0.006757682028830     0.000118396024976
     0.006755865168579     0.008260144549954     0.038703264367077
    -0.000107678543594     0.038706914922408     0.051086024213931
9 5
    -0.002989894238722     0.005048730821703     0.036638795696691
    -0.005049946936500     0.005343647188513    -0.006277173458501
    -0.036629110972126    -0.006265069827776     0.015321140841890
9 6
    -0.000122066340703    -0.001999812465163     0.000129853704812
    -0.003679493037673    -0.006611974507208    -0.012945188752611
    -0.005572240974138     0.000186185160820     0.006374793212059
9 7
    -0.000121710596103     0.003677054167135     0.005581799693609
     0.002000449220901    -0.006613330415888     0.000178056294643
    -0.000116862822859    -0.012937811636649     0.006374583955454
9 8
    -0.000229100581549     0.001614976133511     0.002706399458011
    -0.001617671202584    -0.005763640487132    -0.003250492078515
    -0.002694944160495    -0.003245113040751    -0.003565732547712
9 9
    22.408183080269367    -2.819615192403774    -5.081788455163891
    -2.819615192402299    19.152371899601022     2.933971932554400
    -5.081778524628566     2.933966199158666    24.325803893120874
9 10
    -0.022886829525079     0.002052331879070    -0.001778804794593
     0.002052538749988     0.025235743048924    -0.016827146730548
    -0.001795424754695    -0.016826719693368    -0.004562631013515
9 11
    -0.072221271707431     0.017339465060901    -0.019805554403786
     0.017339465060892    -0.052199382066470     0.011434742166478
    -0.019807459331662     0.011435841977107    -0.054199343981822
9 12
     0.019608795554201    -0.000667646170907     0.004557769558235
    -0.000672724266545     0.005708114934264    -0.014312032661486
     0.004543705810637    -0.014307076328960    -0.026627693718530
9 13
     0.011427638783398     0.021864006265003     0.013683334144562
     0.021863799394072    -0.009078725259589     0.009954063505766
     0.013674654339457     0.009968243294835    -0.004562631013515
9 14
     0.015574799997933    -0.000699883887692    -0.016032158511014
    -0.000699883887692     0.014766643696028     0.009256171032027
    -0.016045664269052     0.009263968585071     0.028110904534151
9 15
     0.009763682513901    -0.006356802930569     0.014673468643753
    -0.006351724834927     0.015553227974574     0.003208872108715
     0.014662144460071     0.003218573505142    -0.026627693718530
9 16
    -0.004838044167194    -0.000339501066231     0.000074952322263
    -0.000339501066231    -0.005230066231156    -0.000043273743435
     0.000062983776144    -0.000036363700112     0.002503964534385
9 17
     0.055154424636280     0.018413058682454    -0.009849308029323
    -0.018281143209068    -0.006415483652484    -0.001629793916752
    -0.045152858682447    -0.023233945582433     0.027762492286972
9 18
    -2.025799505468531    -0.698835100174228     0.372983761326038
    -0.917586353810154    -2.792754340570762    -1.666538010620446
     0.057087229350625    -1.929418577211362    -2.634548816857898
9 19
     0.008771341779223     0.024667919344353     0.024045373346562
    -0.037784407974258     0.000138691156416     0.007163320497628
     0.007191026071349     0.002471921440554     0.009159161597027
9 20
    -0.085559164707690     0.069818494728920     0.018860773220613
     0.013648486024894    -0.047986861125801     0.134179199460191
    -0.027201921743821     0.103255207451400    -0.043451506240298
9 21
    -0.020260633661697    -0.016579259194606     0.026590410480211
     0.172007914681785    -0.062639585768372     0.069863115929541
     0.045294391257685    -0.046693672290172    -0.035202610874641
9 22
     0.005267284911310    -0.019355806765256    -0.024078791579418
     0.015535849155314     0.002518079001850    -0.033488640468711
     0.024345051750165     0.002315427600494     0.013990687347855
9 23
     0.019963988102884     0.015220580512354     0.002517347740712
     0.013676810903681     0.007947827152754    -0.000461127215073
    -0.018578844531655    -0.010202440751918     0.001846480281749
9 24
    -0.003871732623542    -0.004528990691814    -0.003405317928029
    -0.001866182747629     0.010746796514594    -0.000752742632615
     0.006080220784619     0.001618397490744     0.007205960446772
9 25
     0.271261976446345    -0.241932773812713    -0.107138377133085
    -0.241932773812587    -0.008097927726570     0.061856370878342
     0.287242277858227    -0.165839406444219    -0.537000995738209
9 26
     0.107305782876058    -0.079922592037081    -0.007931578866714
     0.035650875360901     0.004495569962318     0.039532356215816
    -0.058099542644780     0.039574078067304     0.001062605039746
9 27
    -0.531324594671483     0.668051012424198     0.346393350845826
     0.668051012423849     0.240074269039189    -0.199990294356387
     0.140519970155483    -0.081129242595850    -0.237874747457112
9 28
    -0.002816328074081    -0.016612387782419     0.000057765802508
    -0.019844489768854    -0.035692907267921    -0.000711398291753
    -0.000607585892906    -0.018643886370664    -0.016143937812406
9 29
     0.049368338846086     0.002200676454030    -0.038201814187700
    -0.113372790943911     0.062433013992350    -0.012897229317212
    -0.063321928259997     0.030528640845024     0.001062605039746
9 30
     0.015065241717532    -0.008756835023051     0.004307132811815
    -0.008756835023047     0.004953719601930    -0.002486724288337
    -0.016331591180738     0.009429048564502    -0.000693894901890
9 31
    -0.011687471418410    -0.024966246766737     0.000644971894121
    -0.021734144780280    -0.026821763923582     0.000305672493434
     0.015842286275800     0.009848128003570    -0.016143937812406
9 32
    -0.005034598979153    -0.000307757998770     0.004746821275535
    -0.000307757998770    -0.005389967306029    -0.002740578541226
     0.004670603229339    -0.002696574031739     0.003923352085507
9 33
    -0.004826546891983    -0.009696965251506    -0.009399116692420
    -0.000444156084373    -0.006189421445241    -0.002526414855564
     0.003414170392326    -0.002150393203530     0.004232842604173
9 34
    -0.285903020039088     0.028532355355971     0.242448801967122
    -0.264554268260512     0.414205156204526     0.444954135814873
     0.183053015856904    -0.018922535109423    -0.381467048261386
9 35
    -0.003779572194277     0.006460484908919     0.038199904574394
     0.024916301751793    -0.017932577703296     0.010209847161228
    -0.024108158083067    -0.040202282331133     0.006014244081795
9 36
     0.312069849867581     0.066738565233490     0.441144066462511
     0.324887410956711    -0.606660058201717    -0.721753395365499
     0.520760141770641    -0.327058450250409    -0.210269197623825
9 37
    -0.006050989139836     0.036137942607079    -0.005011302718424
     0.009973143118723     0.004182058820674     0.003910899016540
     0.015075176644547    -0.032245545890387     0.008499166265132
9 38
     0.007274741806999    -0.127719387832072    -0.014612838421286
    -0.002095276109125     0.061732749091696     0.053666332582658
     0.009299087385597     0.041984771379564     0.047685813640705
9 39
     0.000488923240412     0.030164842974252    -0.017458162247313
    -0.000022441529348    -0.002507386841135    -0.017619579930389
     0.005325060411624    -0.039698567496073    -0.012756491892080
9 40
    -0.025223870575374    -0.007197741572166    -0.009556182386843
    -0.000000277836781     0.001399472308854     0.005609324539122
    -0.030105362882423     0.000442074697817    -0.023400329100962
9 41
    -2.165841705769835     2.270710925376184     0.519541808532759
     2.353213089521615    -4.835198809515395     0.199579055979284
     0.432901209496439     0.350201094583961    -1.868758367678070
9 42
     0.003260788424855    -0.001441113618065     0.023755589527368
     0.008657564140136    -0.000907035475071    -0.028591541108160
    -0.012888845858730     0.034854275533813     0.015321140841890
9 43
    -0.077432484503085    -0.042638062724863    -0.078722376332282
    -0.104605011731734    -0.049041709986752     0.066941724804282
    -0.025453636554501    -0.013811780667634    -0.075622198166359
9 44
    -0.007448856542991    -0.002229880463928     0.002636698572340
    -0.000553275517696     0.000713815531007    -0.004923008480824
     0.011146042135277     0.006570111991678     0.006374583955454
9 45
    -0.119906209141722    -0.018125595792159    -0.024676023140888
    -0.080084325966335    -0.006588208361236    -0.015159591649142
     0.018610153987354    -0.101644553952329    -0.075625755528643
9 46
    -0.002530286044923    -0.005069879332175     0.011275789168949
    -0.003390198759661    -0.004203754802985     0.006360137769163
    -0.002947361566147     0.004732609659206     0.006374793212059
9 47
     0.017970906076196    -0.010061850314835    -0.033458812138777
    -0.023575397512236     0.037389282234479    -0.019454166148874
    -0.033575010896699    -0.019260205107009     0.051086024213931
9 48
    -0.004378838511590    -0.004013523513562     0.004168208443799
    -0.000780876177466    -0.001613902557086    -0.000718564644169
     0.001462878251193     0.003956446625147    -0.003565732547712
9 49
    -0.004000485380923    -0.002008629938123    -0.001209262626061
    -0.003214404925309    -0.000987253388430     0.001001359935661
     0.000266499018780    -0.001538241064085     0.001879542825325
9 50
     0.030011938756411     0.001816926468982     0.010277061409880
    -0.010181185309436     0.034836524680765     0.022476161836896
     0.024600954269286    -0.002326386174623    -0.010387288611259
9 51
    -0.001679493425555    -0.022659031538701     0.008542655124653
    -0.012835411885719    -0.020444722587639     0.006187318424363
    -0.000601230829856    -0.013115362831485    -0.006151097901407
9 52
    -0.011305490210063    -0.036114346563620    -0.138934870888938
     0.208827568415802    -0.391267272965373    -0.023726139075602
    -0.409017623551458     0.408816455374881     0.168851665583279
9 53
    -0.031120530651720    -0.005657821045688    -0.011668692106670
     0.004162702634342     0.008997148535686     0.006046747665434
     0.009629014998158     0.004316071123663    -0.006153608980666
9 54
    -0.221473174759474     0.085242384131503     0.149517947831116
     0.330223107725047    -0.181085236664076    -0.558615517050299
    -0.090065191772978    -0.108426466051700     0.168864639492784
9 55
     0.019728656178485     0.030101720487426     0.033543312527570
    -0.036896044180148     0.023637994712855    -0.014681099810907
     0.004050215347646     0.036395032424093    -0.016463054134898
9 56
     0.218923710565466     0.103964130741024     0.335849420976423
    -0.050476701464933     0.188076627113921     0.349084051338881
     0.470199733383667     0.116315233566247    -0.636442663985170
9 57
     0.008919872344164    -0.044974674420813    -0.003513211079821
    -0.008280472529277     0.039819068639680     0.009344647921470
    -0.002455242236707     0.050720495463735     0.027762492286972
9 58
    -0.119347429805618     0.114800126254999    -0.047208027942398
    -0.073787047621443     0.036447210375653    -0.057959528937695
     0.063085102028086    -0.015879257333052    -0.035202610874641
9 59
     0.007976459993096    -0.038243333187472     0.005819069146887
     0.024208994131145     0.000933572942545    -0.024405564410423
     0.001454766271997    -0.007463571977346     0.009159161597027
9 60
    -0.001561070144407     0.001249312730282     0.001658021752985
     0.002793082338947     0.029472885400068    -0.001949523486080
    -0.000453849394068     0.021190971713347     0.001846480281749
9 61
    -1.901084610607026    -0.845582175690329     1.629756134232325
    -0.626830922053597    -2.917469235432395     0.510255592802713
     1.699469117072669     0.915270297756332    -2.634548816857898
9 62
     0.004859470645004     0.015300397478890     0.016962617594391
    -0.019591258441678     0.002925893268158     0.037597165434568
     0.010167306752432    -0.022241147072353     0.013990687347855
9 63
    -0.093522199876206     0.009051025526788    -0.106772208781648
     0.065221034230773    -0.040023825957277    -0.083423508474168
    -0.103022593597785    -0.028070048463776    -0.043451506240298
9 64
     0.009861355560133     0.006062619412025    -0.001050764721659
     0.003399811467840    -0.002986291669095     0.003325463149944
     0.001638537051906    -0.006074824405474     0.007205960446772
9 65
     0.018732414121530    -0.042700755064191    -0.004467540329524
    -0.042700755064169    -0.030574170740285     0.002579335611867
    -0.027946976232522     0.016135194250895    -0.021185138681357
9 66
     0.039838467141795    -0.014235551606120    -0.010474228983731
    -0.039078124420660     0.048015117318669    -0.022016688395458
    -0.045060344419888     0.020844271594317     0.005498635807290
9 67
    -0.001700998372372     0.002053293832575    -0.001415978266442
     0.002053293832574     0.000669941121552     0.000817515433297
     0.023236855662660    -0.013415804871968    -0.002262691668921
9 68
    -0.012336154495946     0.025444777234435     0.011498259119105
    -0.004012001982339     0.006046604723439    -0.010779020920418
    -0.021720821110133     0.022462615926977    -0.001105921156963
9 69
     0.069056453678566    -0.022209112028483     0.013829896965802
     0.002633460786076     0.018797130781868     0.020079292582697
    -0.040581840933990     0.028601267173771     0.005498635807290
9 70
    -1.834155830728057     0.763629640645700    -0.629738431375503
     0.763629640645300    -0.952392273553800     0.363579652873790
    -0.751339309789272     0.433785952759924    -4.944823554426117
9 71
    -0.007829749002362    -0.001410227557541     0.015084035504556
     0.028046551659221     0.001540199229851    -0.004568274036234
    -0.030313606583267     0.007579474908959    -0.001105921156963
9 72
    -0.106716342018351    -0.058615084711362     0.070651873097552
    -0.058615084711332    -0.174399211891835    -0.040790877951634
    -0.027039475853991     0.015611248663060     0.100565794728553
9 73
    -0.001457468457059     0.001500982256952    -0.002511618900793
    -0.007751826910177    -0.009558499880169     0.009403081256554
     0.003569380338543    -0.001881561690840     0.004232842604173
9 74
    -0.018342888986756     0.002876411433251    -0.005892589259170
     0.029041210921587     0.016473958667608     0.002384465951941
     0.035463050222223     0.003067287004467     0.008499166265132
9 75
    -0.027980873494672     0.010943673931272     0.010257965276820
    -0.007512142911611     0.006268723597125    -0.038187011364189
     0.022762118747315     0.040979418503970     0.006014244081795
9 76
    -0.014810352011914    -0.008855482214692     0.006529922700067
     0.021331802288898     0.012791888411207     0.023929001974762
     0.037042498151236     0.015237646154880    -0.012756491892080
9 77
     0.341378598355843     0.097606942977651    -0.264117184150969
     0.390693566594068    -0.213076462191062    -0.432443889528123
     0.107913904037203    -0.149067294416848    -0.381467048261386
9 78
     0.104329645648838     0.053939398750176    -0.053782826555158
    -0.071684712972731    -0.035322154750244    -0.014178076997095
    -0.031710334893957    -0.029045631597727     0.047685813640705
9 79
    -0.546556603265153    -0.170840802893027     0.845628808885287
    -0.428989648616192     0.251966394931916    -0.021165270602656
     0.543620997324322    -0.287462286926911    -0.210269197623825
9 80
    -0.002139529579666     0.013327472651167    -0.009635908742371
     0.006130008915778    -0.021684868686878     0.005471234440645
    -0.015435529359891     0.025850971697439    -0.023400329100962
9 81
     0.003627254883588    -0.003681830740987    -0.005954651691617
    -0.003681830740985    -0.000624157055248     0.003437919757086
    -0.005938464470506     0.003428574060622     0.006978707773837
9 82
    -0.014353671897684     0.010068720239447     0.008787563031155
     0.010070491837923    -0.013210802232994    -0.005816046243428
     0.008801122420658    -0.005821322248713    -0.013420881612678
9 83
    -0.002184204911084     0.003676336326159    -0.010167736048108
     0.003676336326157     0.002060862623994     0.005870345144426
    -0.010159456177978     0.005865564759180     0.000834515340392
9 84
    -0.041101158874168    -0.016591172525201     0.009494597357723
    -0.016583839003853    -0.053479274939693     0.060562293009384
     0.009505348431339     0.060578027655755    -0.122609513259866
9 85
    -0.022217054284754     0.005530565900009     0.009430625311970
     0.005528794301524    -0.005347419845916    -0.004702229700625
     0.009441974161326    -0.004711334473756    -0.013420881612678
9 86
    -5.127735069093092     1.202689457846536     3.354295924910867
     1.202689457845910    -3.738988904619650    -1.936603655189469
     3.351841900240633    -1.935186823386515    -7.625428285229050
9 87
    -0.036019544545776    -0.013649967603444    -0.047701185578688
    -0.013657301124777    -0.058560889268090    -0.038503709015186
    -0.047709436645330    -0.038520887041246    -0.122609513259866
9 88
    -0.353637363568571    -0.089718702077335    -0.202808571556636
    -0.089718702077289    -0.457235597160355     0.117091583382217
    -0.202791756422081     0.117081875159817    -0.282044840878681
9 89
     0.000521079051738    -0.000603878482953    -0.001471834455645
     0.000601896504234    -0.005508817821096     0.000546572186186
     0.001465405348031     0.000538325611695     0.001879542825325
9 90
    -0.000384865998229     0.021907946895773    -0.011070983141874
     0.012087423215735    -0.021738516117838     0.007082009960601
     0.001076680261449    -0.010497007163664    -0.006153608980666
9 91
    -0.000383870447743    -0.012087383610717    -0.001087047374474
    -0.021911003263681    -0.021740345565453    -0.010491815565902
     0.011057621976980     0.007078362587937    -0.006151097901407
9 92
     0.025602688538965    -0.033504670015613     0.029485861655523
     0.033493094651964     0.017763962352368    -0.021708810870511
    -0.029493914976975    -0.021705105593908    -0.016463054134898
9 93
     0.037252208519479    -0.006001013612725    -0.014326396425377
     0.005997098165695     0.027596254917689    -0.020138277175659
     0.014315186660878    -0.020141858267246    -0.010387288611259
9 94
    -0.371084056359501     0.243845224959679     0.558534202629169
    -0.001135498634038    -0.031474355063891     0.149821417381653
     0.048867478156781     0.132211977098027     0.168864639492784
9 95
    -0.371063846122951     0.001120984786225    -0.048919996271280
    -0.243820930193179    -0.031508917052109     0.132184197199164
    -0.558554247615205     0.149811424903940     0.168851665583279
9 96
     0.172627661708580    -0.077205737734920    -0.134390946027171
     0.077235094471024     0.234372675970854    -0.465396156081394
     0.134367919576422    -0.465362530746368    -0.636442663985170
9 97
     0.043656292491472    -0.027979402496260     0.033100759643891
    -0.027979402496245     0.011348461365548    -0.019110732490787
    -0.005989634707594     0.003458117210780    -0.015069405146180
9 98
     0.090197974559721    -0.012662813662544    -0.233443065615752
    -0.087951271087832     0.197531774779391     0.045597019762290
    -0.035917910341004     0.146363980505700     0.185960485600937
9 99
     0.041278241539386     0.004397909272587     0.065775198117205
     0.004397909272585     0.046356509744231    -0.037975328338979
     0.138514672678808    -0.079971483557886     0.019954500587866
9 100
    -0.022901020702868    -0.001000000980135    -0.001067473838087
     0.033434869305638     0.074256410269197     0.002605795990018
     0.021433105594513     0.056446638425637     0.010628979989933
9 101
     0.214265501410477    -0.016320851062846    -0.156209710258870
     0.058967606362456     0.073464247928504     0.179369115279467
    -0.144713880487350    -0.042076167446664     0.185960485600937
9 102
    -0.104306098581027     0.033787473897478     0.046766907268699
     0.033787473897460    -0.065291684281233    -0.027000886500757
    -0.079909678819719     0.046135874577458    -0.089617698416127
9 103
     0.035922342556982     0.067396553918395    -0.002790422443478
     0.032961683632588     0.015433047009286    -0.000378438533350
    -0.038167670037542    -0.046784933139676     0.010628979989933
9 104
    -0.017684928446344     0.011025630485878     0.002721676364460
     0.011025630485872    -0.004953626988345    -0.001571360581668
     0.053201010205075    -0.030715617563084     0.035596222548482
9 105
    -0.057953489914328     0.018203748639252     0.013533906903363
     0.018203748639242    -0.036933611560119    -0.007813804793846
     0.096765174153659    -0.055867399345840     0.112333967675630
9 106
    -0.569963849348794    -1.033479385178052    -0.540910381427555
    -0.106133878456535    -0.636020328593189    -0.197134227289687
     0.051318567173041     0.343544395123154     0.225639723024475
9 107
    -0.209153289193073    -0.037072325422348     0.086672096525403
    -0.037072325422329    -0.251960723317459    -0.050040158260184
    -0.024274705929231     0.014015008002751     0.026543781819960
9 108
    -0.001973082889253    -0.000661992846845     0.018053484195477
    -0.077225261428157    -0.002608859611563     0.011963398471625
    -0.063323853441850    -0.028600034042957     0.012679694718077
9 109
    -0.126039190383331     0.150166142897233    -0.099731941925538
    -0.777179363823823    -1.079944987559116     0.567009245131959
    -0.271858889917657    -0.216215380419284     0.225639723024474
9 110
     0.002257551906446    -0.000172973160170    -0.002906431451821
    -0.000172973160170     0.002057819705274     0.001678028981090
     0.004821388703014    -0.002783630065555     0.004420964291990
9 111
     0.031276254985592    -0.058028747255763    -0.001333864894282
     0.018534521325579    -0.035858197486444    -0.021616475175920
    -0.006893570690644     0.069140082767686     0.012679694718077
9 112
     0.006345204290451    -0.007084124434434    -0.000004296629939
    -0.007084124434431    -0.001834838007931     0.000002480660452
    -0.008703982343607     0.005025246549107    -0.003909750406188
9 113
    -0.009784293658523     0.010663909690666    -0.002570339509955
     0.010663909690661     0.002529328602510     0.001483986207981
     0.007040551594426    -0.004064864358288     0.003527857102222
9 114
     0.030172417298429     0.124407487086973    -0.019555872464018
     0.025241773303593     0.004486332010205    -0.015432739927766
    -0.071466375925764    -0.142907896243521     0.039043097344603
9 115
     0.002647211894866     0.002335475172104    -0.004213084356492
     0.002335475172103     0.005343986333469     0.002432425387340
    -0.033549099069404     0.019369581378805    -0.021033009129586
9 116
    -0.101751764397392    -0.033836802749762    -0.130070923325541
     0.043221809059763    -0.080956497327606    -0.095908121269584
    -0.062155701212323    -0.119656085250386    -0.134608914755373
9 117
    -0.053892177245588    -0.023292942985737     0.003587208595431
     0.075872770797590     0.088550926554311     0.024652252310896
     0.088028680585301     0.133345645189930     0.039043097344603
9 118
    -0.694812699024529     0.413363189421746    -1.137308396689253
     0.413363189421530    -0.217502001653677     0.656625308980334
    -0.096304660930509     0.055601521912489    -0.184856657010025
9 119
    -0.090219141034565     0.049880172262782     0.018023407785906
    -0.027178439546751    -0.092489120690445     0.160598784528438
     0.072547358937988     0.113656458865143    -0.134608914755373
9 120
     0.011512544521274     0.013673722515895     0.028777395118975
     0.013673722515887     0.027301599272042    -0.016614636818521
    -0.097018470276675     0.056013639930648     0.016268654748934
17 1
     0.271119286071510     0.241863458150916    -0.287253104160521
     0.241863458151042    -0.008160579269693    -0.165845657012675
     0.107123642187499     0.061847863653510    -0.536997647632530
17 2
    -0.531360467538905    -0.668076197682525    -0.140442987997398
    -0.668076197682873     0.240067477603671    -0.081084796926114
    -0.346418011908756    -0.200004532427603    -0.237892952781740
17 3
     0.107311282315227    -0.035718345274246     0.058098075223523
     0.079927408599556     0.004455914034216     0.039577559361824
     0.007938946215913     0.039550518991961     0.001055490315179
17 4
    -0.002867316756547     0.019802885587277     0.000581954655021
     0.016586763618327    -0.035714107976016    -0.018649880904653
    -0.000032442897975    -0.000694483717551    -0.016145193352036
17 5
     0.049312842063073     0.113412823691666     0.063324209438879
    -0.002232930182096     0.062454354286371     0.030525629373652
     0.038221227287862    -0.012899930393723     0.001055490315179
17 6
    -0.011745229847720     0.021712429131348    -0.015860293313469
     0.024928551100319    -0.026836194884843     0.009828927967426
    -0.000617661990902     0.000319145484957    -0.016145193352036
17 7
     0.015011959991960     0.008723092122471     0.016330058186759
     0.008723092122476     0.004939400821808     0.009428163490010
    -0.004282737397726    -0.002472639589445    -0.000701846652877
17 8
    -0.005069572134485     0.000284577780045    -0.004670914146619
     0.000284577780046    -0.005398174250314    -0.002696753539913
    -0.004727486682657    -0.002729415708822     0.003910168919398
17 9
     0.055206507569088    -0.018316177156901    -0.045174289771446
     0.018443219942336    -0.006441673850888    -0.023248474124185
    -0.009863290857689    -0.001604573672277     0.027765212622835
17 10
    -2.025794211157673    -0.918602181885979     0.056318793025600
    -0.697918897345428    -2.792525460698674    -1.929127220217037
     0.373630353699783    -1.666632855129705    -2.634547979831479
17 11
     0.008838064924855    -0.037821748892858     0.007194945533902
     0.024702285162460     0.000111640511203     0.002471564696688
     0.024020024869328     0.007178264201931     0.009148489510176
17 12
    -0.085502285259149     0.013629501170027    -0.027228698727761
     0.069837322745095    -0.048022010711146     0.103249222432916
     0.018830339290060     0.134191106869668    -0.043459876504494
17 13
    -0.020217626101125     0.172052160875848     0.045289821376463
    -0.016540867660052    -0.062595611095551    -0.046690715392540
     0.026565534487112     0.069850052355773    -0.035210144112418
17 14
     0.005316414655413     0.015505310987009     0.024345182635613
    -0.019322173711718     0.002498009639366     0.002308392364756
    -0.024105268092501    -0.033474742580635     0.013983991136498
17 15
     0.020021815731791     0.013654284731352    -0.018599633601010
     0.015254332517486     0.007937326475806    -0.010212603450618
     0.002491331600325    -0.000448195336693     0.001843969202490
17 16
    -0.003831159472558    -0.001886413311732     0.006082595783123
    -0.004501332160397     0.010738001857858     0.001611602406773
    -0.003429282130930    -0.000742483395006     0.007195497616526
17 17
    31.513048032420716     4.438345051997103    -3.880113677573997
     4.438345051999432    26.388088611365419    -2.240184676234300
    -3.880072640625189    -2.240160983539667    18.744640838215826
17 18
    -0.033194728893463    -0.037271014889382     0.004681417019802
    -0.037271014889401     0.009842132065258     0.002702817376572
     0.004719594602535     0.002724859214239    -0.009865611895212
17 19
     0.002658868769337    -0.012542643455992     0.019088017204034
    -0.012547624704538     0.002184847374698    -0.011854525040690
     0.019131277651543    -0.011831229946304     0.000115300389307
17 20
    -0.102943706196408    -0.014304290484578    -0.005073365150871
    -0.014288577364250    -0.029238810465336    -0.044396931361556
    -0.005038669617507    -0.044377231344704    -0.094626045998107
17 21
    -0.008561052084034    -0.006069800379553    -0.000722311233017
    -0.006064819131017     0.013404768228069     0.022457970326917
    -0.000680506865746     0.022483787426237     0.000115300389307
17 22
    -0.060046109360173    -0.039055516445224    -0.040985552984607
    -0.039071229565581    -0.072136407301572     0.017804802577448
    -0.040951144502896     0.017824999782315    -0.094626045998107
17 23
     0.102886129998096     0.060515195468777    -0.024143241028497
     0.060515195468809     0.033009201210155    -0.013939106706917
    -0.024094561503000    -0.013911001569760     0.007393663621379
17 24
    -0.030670204657512    -0.017492699227325    -0.001374921580362
    -0.017492699227334    -0.010471375442009    -0.000793811344537
    -0.001336180511026    -0.000771444177726     0.003143243462393
17 25
    -2.368177044470839     0.143638214139672     0.181373162196128
    -0.143629976100709     0.830359777692962    -0.323759815674519
    -0.181447980455345    -0.323788640135288    -0.055036370401472
17 26
    -0.040374967492946     0.026933838474109    -0.035770876449088
    -0.034299859165012     0.032376648270604     0.018026132615525
    -0.013834574486804    -0.045589116775233     0.015645279322899
17 27
    -0.040382779242947     0.034281082495607     0.013794091716313
    -0.026937100791481     0.032355119747905    -0.045606115517279
     0.035740233808640     0.018044786168990     0.015649045941788
17 28
    -1.173085813353934    -0.092481495645175     0.091100489782153
     0.092529742805437     0.054715063143794     0.256992288359733
    -0.091158781073590     0.257079994584579     0.731799434047632
17 29
     0.050692002415211    -0.020813741663566     0.011165509000524
     0.020804657723088    -0.008583387625862     0.005835615898102
    -0.011208034378921     0.005861659805281     0.003692123537079
17 30
    -0.009944198416941     0.010655736311987     0.008651980486424
     0.019976583009879    -0.013355114587443    -0.012102591085858
     0.018416082273615     0.006917796221747     0.003578078687401
17 31
    -0.009918434208824    -0.019984232370496    -0.018450206359811
    -0.010640138838204    -0.013355267769408     0.006894306653091
    -0.008702172576013    -0.012071701498301     0.003573056528884
17 32
    -0.001006847977366     0.014348331315556     0.013917261774554
    -0.014346122672006     0.003363020075640     0.000291064159664
    -0.013956405528706     0.000316979784020    -0.046107181813244
17 33
     0.014269692503507     0.111127374426820     0.019640850256138
     0.007722766767849     0.082903714148128     0.021206614943515
    -0.008551902609874    -0.027568962756939     0.015510518069336
17 34
    -0.043769194846826    -0.044790729842670     0.024863642648208
     0.057136961613455    -0.133958902630718    -0.039643985936141
    -0.095419344302414     0.070686989652631    -0.058146969833499
17 35
    -5.930254677220502     2.955397569573313     2.011839680365061
     1.669599133991837    -3.260288039417826    -0.873804926493205
     1.763231805369801    -1.305797497609967    -1.063877529160931
17 36
    -0.002623622688536    -0.033837711051290    -0.003498411576699
     0.044313761041296     0.000327478576198    -0.013619928395467
     0.020610720533196     0.000979099864044     0.021741970507030
17 37
    -0.116760322859101    -0.086820272115209    -0.108878034854904
     0.014999654504067    -0.060986602132075     0.047311431763338
     0.046770839768715    -0.001680195891360    -0.058150108682572
17 38
    -0.000114676792484    -0.054372892841289    -0.000763367919097
     0.002317124554243    -0.030168967884758    -0.001960548643643
     0.001311901920573     0.001685565625925     0.007817617502932
17 39
    -0.004947400049800    -0.035194501072367     0.009489345921131
     0.042969793196767     0.002640530089822    -0.018319677435641
     0.010046547248570     0.009898038532624     0.021743435303264
17 40
    -0.004013960329248     0.024010950738708     0.004910093213203
    -0.008146645863498     0.005142480293135     0.011734902081131
    -0.007705784105072    -0.010085181682746    -0.002306635555952
17 41
     0.009025382643879     0.045105904849369    -0.042720914076487
     0.008346507750145     0.039739451074321    -0.027497845477909
    -0.006321246991280    -0.007739573611533     0.027765212622835
17 42
    -3.300816808497170     0.038215742451559    -1.642513783326778
    -0.182467542089453    -1.517502863359182     1.013337115579182
    -1.256531214474600     1.156889805493745    -2.634547979831479
17 43
     0.015337250403201    -0.037068485180815    -0.017790434962567
     0.151524543355156    -0.098150487599878     0.062567493541157
     0.073774687039344    -0.011918598446942    -0.035210144112418
17 44
     0.001549860852203    -0.017147552859508     0.014171717747587
     0.017679931839218     0.006264563442575     0.019929350439840
    -0.041042611506232    -0.004138403242818     0.013983991136498
17 45
    -0.003387647822667     0.031760803708262     0.005737910581379
    -0.030763230347059     0.012337353258726     0.004995223262862
     0.018226571588614     0.017212819635402     0.009148489510176
17 46
    -0.021249884406304     0.032741181816599     0.075802100183992
    -0.023466639758445    -0.112274411563991    -0.075205356026698
     0.125628077156145    -0.050788001247766    -0.043459876504494
17 47
     0.023476247252689     0.013259915548991    -0.018144190827515
     0.011659867762870     0.004482894954907    -0.011001453474252
     0.000857517252729     0.002381654123478     0.001843969202490
17 48
     0.004329736599368    -0.009213027704349     0.004436986516627
    -0.006598108855689     0.002577105785932     0.004461881265751
    -0.002357650547429    -0.002598603744625     0.007195497616526
17 49
    -0.010240483807905     0.006523281548318     0.000163271937668
    -0.002685823333981    -0.000799445881238     0.004036310183819
     0.006886550950521    -0.006851824036577     0.004240166585345
17 50
     0.021612114790438    -0.020239911412748     0.020409469611827
     0.005995419894521    -0.023488727488449     0.029187175245502
    -0.000881531476533    -0.006268160449867     0.008501677344391
17 51
     0.136977959947473     0.215558166393724    -0.075106046133933
     0.508627736499029    -0.008778098810725     0.168009068555478
    -0.506554604172001    -0.012482584466478    -0.381470814880274
17 52
    -0.008091561305169     0.118825249615620    -0.041001784697708
    -0.006769873960509     0.077078476137837    -0.012931682934597
    -0.039170302220099    -0.039478618734747     0.047691045055828
17 53
    -0.000828647312103    -0.004809049977730     0.046865252353961
    -0.023205840408103    -0.020941409119705    -0.000767075337447
    -0.027943174201658     0.028006147634361     0.006027427247904
17 54
     0.011317620066508    -0.023980855671976     0.031732044306774
     0.006275380320739    -0.013346562051383     0.024470337211106
     0.023985030847405    -0.006281188801501    -0.012752306759982
17 55
    -0.207385081581722    -0.366614401065128     0.022897218346295
    -0.624930826561476    -0.087210849364536     0.614481644195717
     0.404493180405194     0.742954458925601    -0.210270453163456
17 56
    -0.008367760367675     0.016888077114385     0.014712615716528
     0.009725008365341    -0.015478146955699    -0.026274052988415
    -0.000078673691266    -0.011061479104372    -0.023396771738679
17 57
     0.030729139327554    -1.528639107076932    -0.189697644000564
    -1.241370916837273    -1.568546406105430     0.318953673863863
    -0.371133178041723     0.004755759527974    -0.055036370401472
17 58
     0.010999163808161    -0.063960727701064    -0.002274349447516
    -0.002727030061962    -0.018997483030503    -0.039991554028315
    -0.046398620506860     0.010813465431499     0.015645279322899
17 59
     0.006231526422792     0.046473925505593     0.010636546114746
     0.004855526118952     0.035877088366557     0.006751806491589
    -0.000527670889744    -0.012637272401273     0.003692123537079
17 60
     0.000761797809968     0.013795473206321    -0.006155161088753
     0.004474626508442    -0.024061110814352     0.013544130437222
     0.015199028403046     0.012489896976257     0.003578078687401
17 61
     0.017350682360549    -0.060269530389486    -0.032599008747724
     0.000948652897589    -0.025378341855592     0.034749091607103
     0.033497360132527     0.021929557330974     0.015649045941788
17 62
    -0.252214264347434    -0.439135693902442     0.268112095187244
    -0.624146932353332    -0.866156485862704    -0.049600805731298
     0.177058415578275    -0.207485817480023     0.731799434047632
17 63
    -0.025756801100092    -0.001495853450002    -0.003254458476850
    -0.010839946982306     0.002483099121860    -0.019425500739211
    -0.014805486452441    -0.001500451769791     0.003573056528884
17 64
     0.002271509433102    -0.016238883205432     0.007210699843677
     0.012455570782129     0.000084662665171     0.011907170168053
    -0.006703690218905    -0.012245091625384    -0.046107181813244
17 65
     0.117208829495960    -0.051709171684880     0.028185892397423
     0.051695435974122    -0.020035422844325     0.006406167801988
    -0.028151373408439     0.006378316467630     0.015510518069336
17 66
    -0.106065400507501     0.093103692721098    -0.021900877603858
    -0.008823998735001    -0.071662696970042     0.041354539132042
     0.013507056605036    -0.117979071004639    -0.058146969833499
17 67
    -0.106029271997212     0.008804079400262    -0.013466115630998
    -0.093015847219055    -0.071717652993964    -0.117946859980168
     0.021930327559105     0.041344833341709    -0.058150108682572
17 68
    -0.045196203986745     0.028344956415321    -0.002079568890298
    -0.028345060980224     0.014912559309503     0.000319178311449
     0.002115693612084     0.000293357577527     0.007817617502932
17 69
    -1.925097380014997    -0.642779509696817     0.249182575887616
     0.643018925885861    -7.265445336623332     2.179206734784767
    -0.249237902443776     2.179902285015530    -1.063877529160930
17 70
     0.004125965971336     0.040416884211578    -0.013544409776546
    -0.037734587881005    -0.006422110083674     0.003780250899418
     0.011153285621702     0.017359857640023     0.021741970507030
17 71
     0.004110347805696     0.037740300034125    -0.011120633087832
    -0.040423994235009    -0.006417217765673     0.017377853350820
     0.013595226441176     0.003751545871268     0.021743435303264
17 72
     0.009722815655199    -0.016077577175910     0.012617769919781
     0.016080019426301    -0.008594295691313    -0.001615185582981
    -0.012586915591577    -0.001630813949696    -0.002306635555952
17 73
    -0.037260384109052    -0.018122214198919     0.024520867059771
    -0.018122214198929    -0.016334653616930     0.014157129197725
     0.024491239445553     0.014140023686674     0.021742807533449
17 74
    -0.077786220514270    -0.050361698709372     0.005132085760032
    -0.050361698709398    -0.019633539900850     0.002963011095060
     0.005094704460086     0.002941428991472    -0.014184877477214
17 75
     0.224245924965381     0.212992520571869     0.024765774966272
     0.212932742459669     0.026342308301050    -0.067868664926392
     0.024726195653153    -0.067899975788452     0.136645190777777
17 76
    -0.068671573752699    -0.034854447836157     0.042819736565076
    -0.034823667136369    -0.102652860720823     0.049551743780142
     0.042770664309657     0.049537754777823    -0.088432259749297
17 77
     0.260249261416573     0.192146206467743    -0.046393100464038
     0.192205984580155    -0.009661028150142     0.055382122728402
    -0.046440006122586     0.055363501468796     0.136645190777778
17 78
    -0.124329047805802    -0.002689809509386     0.064322937197948
    -0.002720590209193    -0.046995386667720     0.012307107758652
     0.064286286238878     0.012271604439978    -0.088432259749297
17 79
    -0.091740287785731    -0.012831034893037    -0.029404703090015
    -0.012831034893044    -0.076924284886774    -0.016976813244466
    -0.029440483863206    -0.016997471283490    -0.078799550455353
17 80
    -0.208776173191891     0.109884982486795    -0.049912040383777
     0.109884982486852    -0.335660421629221    -0.028816729951384
    -0.049953564426591    -0.028840703868666    -0.628627139048288
17 81
    -0.001498037213115    -0.007733277228856     0.003577183125574
     0.001475827653442    -0.009541892476027    -0.001876757446164
    -0.002490578202677     0.009389840085894     0.004240166585345
17 82
    -0.018381562678118     0.029085780346866     0.035481570033220
     0.002850449039602     0.016504949980108     0.003081531538862
    -0.005869151922849     0.002370651572020     0.008501677344391
17 83
    -0.028044022046986    -0.007493036478814     0.022768319448135
     0.010903753951553     0.006273965615178     0.040970036762032
     0.010282448212671    -0.038202572538184     0.006027427247904
17 84
    -0.014847212242039     0.021381653297373     0.037057955817371
    -0.008874582695344     0.012818270257164     0.015245587878134
     0.006552846355635     0.023912240425151    -0.012752306759982
17 85
     0.341242610362639     0.390695485595674     0.107947098368200
     0.097625915490685    -0.213042749225890    -0.149048278207547
    -0.264087537338858    -0.432447863383570    -0.381470814880274
17 86
     0.104307367751067    -0.071663425907732    -0.031700058283897
     0.053931697668422    -0.035320452918399    -0.029042745681427
    -0.053774637840669    -0.014183167429138     0.047691045055828
17 87
    -0.546606085481734    -0.429081488644753     0.543605323205730
    -0.170765063148822     0.252010154535477    -0.287411249333962
     0.845664025487258    -0.021175859574432    -0.210270453163456
17 88
    -0.002176746259428     0.006150624703383    -0.015397689490076
     0.013313693452439    -0.021669161063946     0.025878525460842
    -0.009618858753452     0.005462606136940    -0.023396771738679
17 89
     0.018773878434789     0.042719494649733     0.027955306590717
     0.042719494649756    -0.030554345036560     0.016140003785433
     0.004443962098172     0.002565722713647    -0.021177814700185
17 90
    -0.001637621000082    -0.002020149885210    -0.023234265094814
    -0.002020149885211     0.000695047159978    -0.013414309206917
     0.001393903807405     0.000804770738430    -0.002255367687749
17 91
     0.039877004706357     0.039105846458177     0.045087402366020
     0.014262456220008     0.048038966669977     0.020854912417255
     0.010453806581696    -0.022037400097027     0.005503030195993
17 92
    -0.012296436745877     0.004057304834622     0.021739515279496
    -0.025417125773005     0.006078401820047     0.022467892968724
    -0.011517874066819    -0.010794581593101    -0.001101945281470
17 93
     0.069107629117157    -0.002613852652152     0.040604585130048
     0.022229537586037     0.018808342259177     0.028619379631007
    -0.013858045026544     0.020071962114509     0.005503030195993
17 94
    -0.007764381597893    -0.028033709032662     0.030327523720168
     0.001440721574953     0.001546346672064     0.007593026013647
    -0.015107318916261    -0.004577480742902    -0.001101945281470
17 95
    -1.834128730784236    -0.763636130223499     0.752497922755469
    -0.763636130223899    -0.952357680089083     0.434454878267623
     0.628680186028937     0.362968674637896    -4.944712229912303
17 96
    -0.106675803247413     0.058649050515975     0.027057310933543
     0.058649050516006    -0.174397893453659     0.015621545751032
    -0.070661646672784    -0.040796520727903     0.100563702162503
17 97
    -0.097503793602838    -0.146732484746624     1.441489268001330
    -0.146732484746701     0.071928285531857     0.832244216914743
     0.956336356005242     0.552141052575308    -0.843765319355224
17 98
    -0.064078012829317    -0.038805280505657    -0.101397124728420
    -0.038805280505678    -0.019269534537465    -0.058541657257023
    -0.003619906494395    -0.002089953988980     0.023956533156820
17 99
     0.045491865977734     0.179056934450665     0.126336197102217
     0.060565664536598     0.010922547460190     0.022125837455332
     0.112799188538645    -0.112703816878048    -0.047885653698397
17 100
    -0.230056963623658     0.025681618682613    -0.022126211973973
    -0.171503818014375    -0.009016644454244    -0.007841367687753
    -0.107204624882945     0.033512459805658    -0.066127388975053
17 101
     0.123324506111500     0.015628968803610     0.082329635867426
     0.134120238717778    -0.066910092673576     0.098347437380401
    -0.041204774250561     0.154038871239736    -0.047885653698397
17 102
    -0.127419588775088    -0.230761534012008    -0.017853929604994
    -0.033576097315128    -0.111654019302814    -0.015241177815108
    -0.024579670906460    -0.109598158454617    -0.066127388975053
17 103
     0.048902496203534     0.027466639181926     0.084083138285714
     0.027466639181940     0.017186753152688     0.048545422523578
    -0.003953249814462    -0.002282409844553    -0.004645078115851
17 104
    -0.076458983079716    -0.044263923338269    -0.062020420954168
    -0.044263923338292    -0.025347406970225    -0.035807506733152
    -0.057442550429987    -0.033164471953683     0.027775675453081
17 105
   -11.613559013800847    -4.154269515412738     0.831157281848651
    -4.154269515414912    -6.816621767779991     0.479868880414365
     2.225915899773184     1.285133143927180    -3.167585236959434
17 106
     0.024266755815587     0.023858461041504     0.021514180909381
     0.023858461041517    -0.003282621993945     0.012421218139429
     0.007526132828786     0.004345214814656     0.001935205082232
17 107
    -0.007944014849330    -0.043533310147581    -0.028801742688627
    -0.005865219185559    -0.026509852202207    -0.006530200824572
    -0.012574516590433     0.015688009780616    -0.000361176900079
17 108
     0.119879900189286    -0.136229217907527     0.022752087735034
     0.130367875544507     0.042134762359652    -0.111819904293463
     0.077516744587305    -0.083472186857206    -0.165274214665692
17 109
    -0.043258583520037     0.014523656542787    -0.020056191150206
    -0.023144434419251     0.008804716468500    -0.021677940429334
     0.007298956709619    -0.018733855697929    -0.000361176900079
17 110
     0.059033011123704     0.165497843325795    -0.085462833899341
    -0.101099250126224     0.102981651425234     0.075613838114408
    -0.033530662034148     0.108867563459862    -0.165274214665692
17 111
    -0.045335496822788    -0.026996949651836    -0.002008913197974
    -0.026996949651850    -0.014162104525207    -0.001159846575629
     0.005491802803522     0.003170693826949    -0.006991890939946
17 112
     0.035388879503939     0.026342766817303     0.020013224850819
     0.026342766817317     0.004970872477592     0.011554640754976
    -0.002501010365838    -0.001443959007962    -0.005732375434977
17 113
    -0.039506634112523    -0.025720448886258    -0.179450181596928
    -0.025720448886271    -0.009807217936197    -0.103605610651141
    -0.061722955308237    -0.035635764862381     0.054339755163718
17 114
     0.112970650315456     0.049093099046036     0.032606169797622
     0.049093099046062     0.056282822416278     0.018825180909905
     0.015636696400076     0.009027850875818     0.015937401543357
17 115
     0.147975890148452    -0.305352584426919    -0.166980406708367
     0.885108332579168    -0.764572037357335    -0.363530866551575
    -0.146654748869990    -0.076730439682890    -0.271270636804938
17 116
     0.055795042223876    -0.009748480277103     0.014404690570926
     0.014984729426704    -0.004999034185005     0.001182172519694
     0.016518524336498     0.011307329986977     0.026594631174954
17 117
    -0.285393452536073     1.135314239236082    -0.398317168847536
    -0.055146677769571    -0.331202694672810     0.037156159132047
    -0.139777884443945    -0.088641518265561    -0.271270636804938
17 118
     0.012466847309262     0.040000274424143     0.008226136719174
     0.015267064720352     0.038329160729609     0.011883741708232
     0.018051697185947     0.008651796714947     0.026594631174954
17 119
    -0.017961581805560    -0.018572966871001    -0.000382877467865
    -0.018572966871010     0.003484633039690    -0.000221054409138
    -0.012580563069666    -0.007263391474827     0.021053934790077
17 120
     0.032874985276912     0.070164379511287     0.026131625883431
     0.070164379511324    -0.048143861519838     0.015087101238165
     0.035587144043248     0.020546247193054    -0.044669798194099
25 1
     0.055206507569062     0.018316177156896     0.045174289771446
    -0.018443219942328    -0.006441673850887    -0.023248474124185
     0.009863290857686    -0.001604573672280     0.027765212622835
25 2
     0.008838064924843     0.037821748892871    -0.007194945533902
    -0.024702285162451     0.000111640511209     0.002471564696688
    -0.024020024869321     0.007178264201939     0.009148489510176
25 3
    -2.025794211157087     0.918602181886798    -0.056318793025601
     0.697918897345787    -2.792525460699932    -1.929127220217042
    -0.373630353699259    -1.666632855130274    -2.634547979831479
25 4
    -0.085502285259112    -0.013629501170013     0.027228698727761
    -0.069837322745057    -0.048022010711149     0.103249222432916
    -0.018830339290083     0.134191106869725    -0.043459876504494
25 5
    -0.020217626101078    -0.172052160875911    -0.045289821376463
     0.016540867660060    -0.062595611095580    -0.046690715392540
    -0.026565534487118     0.069850052355806    -0.035210144112418
25 6
     0.020021815731786    -0.013654284731362     0.018599633601010
    -0.015254332517482     0.007937326475813    -0.010212603450618
    -0.002491331600324    -0.000448195336692     0.001843969202490
25 7
     0.005316414655414    -0.015505310987016    -0.024345182635613
     0.019322173711710     0.002498009639362     0.002308392364756
     0.024105268092499    -0.033474742580653     0.013983991136498
25 8
    -0.003831159472557     0.001886413311733    -0.006082595783123
     0.004501332160393     0.010738001857861     0.001611602406773
     0.003429282130928    -0.000742483395007     0.007195497616526
25 9
     0.271119286071458    -0.241863458151072     0.287253104160521
    -0.241863458150946    -0.008160579269641    -0.165845657012676
    -0.107123642187471     0.061847863653558    -0.536997647632530
25 10
     0.107311282315177     0.035718345274235    -0.058098075223523
    -0.079927408599526     0.004455914034236     0.039577559361824
    -0.007938946215919     0.039550518991978     0.001055490315179
25 11
    -0.531360467538847     0.668076197682906     0.140442987997398
     0.668076197682558     0.240067477603614    -0.081084796926114
     0.346418011908665    -0.200004532427760    -0.237892952781740
25 12
    -0.002867316756542    -0.019802885587284    -0.000581954655021
    -0.016586763618313    -0.035714107976026    -0.018649880904653
     0.000032442897975    -0.000694483717552    -0.016145193352036
25 13
     0.049312842063079    -0.113412823691721    -0.063324209438879
     0.002232930182081     0.062454354286395     0.030525629373652
    -0.038221227287844    -0.012899930393720     0.001055490315179
25 14
     0.015011959991956    -0.008723092122478    -0.016330058186759
    -0.008723092122473     0.004939400821812     0.009428163490010
     0.004282737397725    -0.002472639589447    -0.000701846652877
25 15
    -0.011745229847710    -0.021712429131354     0.015860293313469
    -0.024928551100303    -0.026836194884848     0.009828927967426
     0.000617661990902     0.000319145484957    -0.016145193352036
25 16
    -0.005069572134483    -0.000284577780044     0.004670914146619
    -0.000284577780044    -0.005398174250316    -0.002696753539913
     0.004727486682656    -0.002729415708824     0.003910168919398
25 17
    -2.368177044469876    -0.143638214139193    -0.181373162196128
     0.143629976100465     0.830359777693255    -0.323759815674520
     0.181447980455347    -0.323788640135456    -0.055036370401472
25 18
    -0.040382779242924    -0.034281082495612    -0.013794091716313
     0.026937100791463     0.032355119747911    -0.045606115517279
    -0.035740233808630     0.018044786169005     0.015649045941788
25 19
    -0.040374967492924    -0.026933838474110     0.035770876449088
     0.034299859164992     0.032376648270609     0.018026132615525
     0.013834574486809    -0.045589116775254     0.015645279322899
25 20
    -1.173085813353494     0.092481495645477    -0.091100489782153
    -0.092529742805413     0.054715063143837     0.256992288359734
     0.091158781073497     0.257079994584660     0.731799434047632
25 21
     0.050692002415186     0.020813741663562    -0.011165509000524
    -0.020804657723078    -0.008583387625860     0.005835615898102
     0.011208034378915     0.005861659805281     0.003692123537079
25 22
    -0.009918434208824     0.019984232370506     0.018450206359811
     0.010640138838202    -0.013355267769416     0.006894306653091
     0.008702172576012    -0.012071701498308     0.003573056528884
25 23
    -0.009944198416935    -0.010655736311989    -0.008651980486424
    -0.019976583009869    -0.013355114587444    -0.012102591085858
    -0.018416082273609     0.006917796221754     0.003578078687401
25 24
    -0.001006847977363    -0.014348331315561    -0.013917261774554
     0.014346122672000     0.003363020075638     0.000291064159664
     0.013956405528700     0.000316979784017    -0.046107181813244
25 25
    31.513048032409358    -4.438345052005991     3.880113677574016
    -4.438345052003660    26.388088611376784    -2.240184676234269
     3.880072640624175    -2.240160983541424    18.744640838215826
25 26
     0.002658868769333     0.012542643455997    -0.019088017204034
     0.012547624704533     0.002184847374696    -0.011854525040690
    -0.019131277651532    -0.011831229946304     0.000115300389307
25 27
    -0.033194728893459     0.037271014889404    -0.004681417019802
     0.037271014889385     0.009842132065254     0.002702817376572
    -0.004719594602533     0.002724859214241    -0.009865611895212
25 28
    -0.102943706196371     0.014304290484607     0.005073365150871
     0.014288577364251    -0.029238810465351    -0.044396931361556
     0.005038669617515    -0.044377231344722    -0.094626045998107
25 29
    -0.008561052084032     0.006069800379558     0.000722311233017
     0.006064819131012     0.013404768228073     0.022457970326917
     0.000680506865740     0.022483787426245     0.000115300389307
25 30
     0.102886129998070    -0.060515195468824     0.024143241028497
    -0.060515195468793     0.033009201210182    -0.013939106706917
     0.024094561502994    -0.013911001569771     0.007393663621379
25 31
    -0.060046109360158     0.039055516445253     0.040985552984607
     0.039071229565582    -0.072136407301609     0.017804802577448
     0.040951144502876     0.017824999782313    -0.094626045998107
25 32
    -0.030670204657504     0.017492699227338     0.001374921580362
     0.017492699227329    -0.010471375442017    -0.000793811344537
     0.001336180511025    -0.000771444177727     0.003143243462393
25 33
     0.014269692503526    -0.111127374426866    -0.019640850256138
    -0.007722766767865     0.082903714148162     0.021206614943515
     0.008551902609877    -0.027568962756951     0.015510518069336
25 34
    -5.930254677217505    -2.955397569573127    -2.011839680365061
    -1.669599133990449    -3.260288039418731    -0.873804926493208
    -1.763231805368814    -1.305797497610080    -1.063877529160931
25 35
    -0.043769194846819     0.044790729842697    -0.024863642648208
    -0.057136961613402    -0.133958902630757    -0.039643985936141
     0.095419344302361     0.070686989652638    -0.058146969833499
25 36
    -0.002623622688542     0.033837711051304     0.003498411576699
    -0.044313761041279     0.000327478576208    -0.013619928395467
    -0.020610720533188     0.000979099864049     0.021741970507030
25 37
    -0.116760322859074     0.086820272115270     0.108878034854904
    -0.014999654504047    -0.060986602132096     0.047311431763338
    -0.046770839768697    -0.001680195891350    -0.058150108682572
25 38
    -0.004947400049806     0.035194501072382    -0.009489345921131
    -0.042969793196751     0.002640530089833    -0.018319677435641
    -0.010046547248568     0.009898038532630     0.021743435303264
25 39
    -0.000114676792496     0.054372892841310     0.000763367919097
    -0.002317124554235    -0.030168967884769    -0.001960548643643
    -0.001311901920573     0.001685565625926     0.007817617502932
25 40
    -0.004013960329241    -0.024010950738717    -0.004910093213203
     0.008146645863494     0.005142480293135     0.011734902081131
     0.007705784105071    -0.010085181682751    -0.002306635555952
25 41
     0.009025382643885    -0.045105904849388     0.042720914076487
    -0.008346507750151     0.039739451074338    -0.027497845477909
     0.006321246991280    -0.007739573611538     0.027765212622835
25 42
     0.015337250403187     0.037068485180826     0.017790434962567
    -0.151524543355075    -0.098150487599882     0.062567493541156
    -0.073774687039313    -0.011918598446930    -0.035210144112418
25 43
    -3.300816808495864    -0.038215742450824     1.642513783326774
     0.182467542089726    -1.517502863359817     1.013337115579179
     1.256531214473846     1.156889805493914    -2.634547979831478
25 44
     0.001549860852199     0.017147552859515    -0.014171717747587
    -0.017679931839212     0.006264563442582     0.019929350439840
     0.041042611506217    -0.004138403242828     0.013983991136498
25 45
    -0.003387647822659    -0.031760803708274    -0.005737910581379
     0.030763230347044     0.012337353258724     0.004995223262862
    -0.018226571588611     0.017212819635412     0.009148489510176
25 46
     0.023476247252683    -0.013259915549001     0.018144190827515
    -0.011659867762867     0.004482894954912    -0.011001453474252
    -0.000857517252729     0.002381654123479     0.001843969202490
25 47
    -0.021249884406288    -0.032741181816607    -0.075802100183991
     0.023466639758461    -0.112274411564041    -0.075205356026699
    -0.125628077156085    -0.050788001247757    -0.043459876504494
25 48
     0.004329736599364     0.009213027704351    -0.004436986516627
     0.006598108855686     0.002577105785931     0.004461881265751
     0.002357650547428    -0.002598603744627     0.007195497616526
25 49
    -0.010240483807899    -0.006523281548318    -0.000163271937668
     0.002685823333981    -0.000799445881239     0.004036310183819
    -0.006886550950517    -0.006851824036578     0.004240166585345
25 50
     0.136977959947469    -0.215558166393839     0.075106046133933
    -0.508627736498828    -0.008778098810613     0.168009068555477
     0.506554604171805    -0.012482584466598    -0.381470814880274
25 51
     0.021612114790425     0.020239911412751    -0.020409469611827
    -0.005995419894513    -0.023488727488456     0.029187175245502
     0.000881531476534    -0.006268160449869     0.008501677344391
25 52
    -0.008091561305139    -0.118825249615665     0.041001784697708
     0.006769873960489     0.077078476137866    -0.012931682934596
     0.039170302220093    -0.039478618734771     0.047691045055828
25 53
    -0.000828647312104     0.004809049977732    -0.046865252353961
     0.023205840408099    -0.020941409119718    -0.000767075337447
     0.027943174201641     0.028006147634366     0.006027427247904
25 54
    -0.207385081581724     0.366614401065319    -0.022897218346296
     0.624930826561250    -0.087210849364710     0.614481644195717
    -0.404493180405204     0.742954458925984    -0.210270453163456
25 55
     0.011317620066498     0.023980855671983    -0.031732044306774
    -0.006275380320734    -0.013346562051387     0.024470337211106
    -0.023985030847395    -0.006281188801498    -0.012752306759982
25 56
    -0.008367760367668    -0.016888077114389    -0.014712615716528
    -0.009725008365333    -0.015478146955703    -0.026274052988415
     0.000078673691268    -0.011061479104376    -0.023396771738679
25 57
     0.030729139327196     1.528639107077525     0.189697644000564
     1.241370916837143    -1.568546406106327     0.318953673863863
     0.371133178041576     0.004755759527892    -0.055036370401472
25 58
     0.006231526422800    -0.046473925505612    -0.010636546114746
    -0.004855526118959     0.035877088366573     0.006751806491589
     0.000527670889746    -0.012637272401278     0.003692123537079
25 59
     0.010999163808143     0.063960727701087     0.002274349447516
     0.002727030061966    -0.018997483030511    -0.039991554028315
     0.046398620506839     0.010813465431493     0.015645279322899
25 60
     0.000761797809971    -0.013795473206327     0.006155161088753
    -0.004474626508435    -0.024061110814361     0.013544130437222
    -0.015199028403043     0.012489896976265     0.003578078687401
25 61
     0.017350682360529     0.060269530389506     0.032599008747724
    -0.000948652897583    -0.025378341855602     0.034749091607103
    -0.033497360132519     0.021929557330990     0.015649045941788
25 62
    -0.025756801100083     0.001495853450009     0.003254458476850
     0.010839946982301     0.002483099121859    -0.019425500739211
     0.014805486452435    -0.001500451769795     0.003573056528884
25 63
    -0.252214264347436     0.439135693902671    -0.268112095187243
     0.624146932353283    -0.866156485863186    -0.049600805731297
    -0.177058415578158    -0.207485817480064     0.731799434047632
25 64
     0.002271509433098     0.016238883205438    -0.007210699843677
    -0.012455570782124     0.000084662665174     0.011907170168053
     0.006703690218905    -0.012245091625390    -0.046107181813244
25 65
    -0.037260384109041     0.018122214198935    -0.024520867059771
     0.018122214198925    -0.016334653616941     0.014157129197725
    -0.024491239445546     0.014140023686685     0.021742807533449
25 66
     0.224245924965342    -0.212992520572003    -0.024765774966272
    -0.212932742459592     0.026342308301108    -0.067868664926392
    -0.024726195653128    -0.067899975788473     0.136645190777777
25 67
    -0.077786220514251     0.050361698709409    -0.005132085760032
     0.050361698709383    -0.019633539900869     0.002963011095060
    -0.005094704460085     0.002941428991474    -0.014184877477214
25 68
    -0.068671573752680     0.034854447836186    -0.042819736565076
     0.034823667136378    -0.102652860720871     0.049551743780142
    -0.042770664309652     0.049537754777852    -0.088432259749297
25 69
     0.260249261416515    -0.192146206467877     0.046393100464038
    -0.192205984580077    -0.009661028150102     0.055382122728402
     0.046440006122555     0.055363501468807     0.136645190777778
25 70
    -0.091740287785698     0.012831034893063     0.029404703090015
     0.012831034893056    -0.076924284886807    -0.016976813244466
     0.029440483863198    -0.016997471283504    -0.078799550455353
25 71
    -0.124329047805754     0.002689809509415    -0.064322937197948
     0.002720590209203    -0.046995386667739     0.012307107758652
    -0.064286286238856     0.012271604439998    -0.088432259749297
25 72
    -0.208776173191784    -0.109884982486791     0.049912040383777
    -0.109884982486733    -0.335660421629328    -0.028816729951385
     0.049953564426578    -0.028840703868689    -0.628627139048288
25 73
     0.117208829495902     0.051709171684874    -0.028185892397423
    -0.051695435974097    -0.020035422844321     0.006406167801988
     0.028151373408426     0.006378316467626     0.015510518069336
25 74
    -0.106029271997168    -0.008804079400241     0.013466115630998
     0.093015847219035    -0.071717652994013    -0.117946859980168
    -0.021930327559106     0.041344833341730    -0.058150108682572
25 75
    -0.106065400507439    -0.093103692721111     0.021900877603858
     0.008823998735013    -0.071662696970073     0.041354539132042
    -0.013507056605004    -0.117979071004682    -0.058146969833499
25 76
    -0.045196203986721    -0.028344956415322     0.002079568890298
     0.028345060980210     0.014912559309503     0.000319178311449
    -0.002115693612084     0.000293357577528     0.007817617502932
25 77
    -1.925097380014387     0.642779509697511    -0.249182575887618
    -0.643018925883964    -7.265445336626035     2.179206734784765
     0.249237902443185     2.179902285016328    -1.063877529160930
25 78
     0.004110347805702    -0.037740300034140     0.011120633087832
     0.040423994234994    -0.006417217765685     0.017377853350820
    -0.013595226441172     0.003751545871273     0.021743435303264
25 79
     0.004125965971343    -0.040416884211595     0.013544409776546
     0.037734587880992    -0.006422110083685     0.003780250899418
    -0.011153285621701     0.017359857640032     0.021741970507030
25 80
     0.009722815655192     0.016077577175914    -0.012617769919781
    -0.016080019426292    -0.008594295691313    -0.001615185582981
     0.012586915591573    -0.001630813949699    -0.002306635555952
25 81
     0.018773878434791    -0.042719494649754    -0.027955306590717
    -0.042719494649732    -0.030554345036563     0.016140003785433
    -0.004443962098171     0.002565722713649    -0.021177814700185
25 82
     0.039877004706350    -0.039105846458202    -0.045087402366020
    -0.014262456220013     0.048038966669999     0.020854912417255
    -0.010453806581687    -0.022037400097033     0.005503030195993
25 83
    -0.001637621000082     0.002020149885212     0.023234265094814
     0.002020149885211     0.000695047159978    -0.013414309206917
    -0.001393903807405     0.000804770738430    -0.002255367687749
25 84
    -0.012296436745871    -0.004057304834621    -0.021739515279496
     0.025417125772994     0.006078401820044     0.022467892968724
     0.011517874066817    -0.010794581593108    -0.001101945281470
25 85
     0.069107629117129     0.002613852652137    -0.040604585130048
    -0.022229537586033     0.018808342259189     0.028619379631007
     0.013858045026534     0.020071962114514     0.005503030195993
25 86
    -1.834128730783690     0.763636130224214    -0.752497922755473
     0.763636130223814    -0.952357680089629     0.434454878267615
    -0.628680186028773     0.362968674638180    -4.944712229912303
25 87
    -0.007764381597897     0.028033709032674    -0.030327523720168
    -0.001440721574953     0.001546346672065     0.007593026013647
     0.015107318916256    -0.004577480742907    -0.001101945281470
25 88
    -0.106675803247358    -0.058649050515974    -0.027057310933543
    -0.058649050515943    -0.174397893453715     0.015621545751032
     0.070661646672765    -0.040796520727935     0.100563702162503
25 89
    -0.001498037213117     0.007733277228860    -0.003577183125574
    -0.001475827653439    -0.009541892476031    -0.001876757446164
     0.002490578202674     0.009389840085897     0.004240166585345
25 90
    -0.028044022046977     0.007493036478823    -0.022768319448135
    -0.010903753951550     0.006273965615183     0.040970036762032
    -0.010282448212659    -0.038202572538197     0.006027427247904
25 91
    -0.018381562678104    -0.029085780346873    -0.035481570033220
    -0.002850449039604     0.016504949980115     0.003081531538862
     0.005869151922847     0.002370651572020     0.008501677344391
25 92
    -0.014847212242028    -0.021381653297378    -0.037057955817371
     0.008874582695338     0.012818270257167     0.015245587878134
    -0.006552846355638     0.023912240425162    -0.012752306759982
25 93
     0.341242610362593    -0.390695485595904    -0.107947098368201
    -0.097625915490599    -0.213042749225953    -0.149048278207548
     0.264087537338852    -0.432447863383799    -0.381470814880274
25 94
    -0.546606085481617     0.429081488645045    -0.543605323205730
     0.170765063148697     0.252010154535537    -0.287411249333962
    -0.845664025486922    -0.021175859574248    -0.210270453163456
25 95
     0.104307367751010     0.071663425907736     0.031700058283898
    -0.053931697668393    -0.035320452918401    -0.029042745681426
     0.053774637840651    -0.014183167429155     0.047691045055828
25 96
    -0.002176746259426    -0.006150624703385     0.015397689490076
    -0.013313693452429    -0.021669161063952     0.025878525460842
     0.009618858753447     0.005462606136940    -0.023396771738679
25 97
    -0.097503793602834     0.146732484746703    -1.441489268001331
     0.146732484746626     0.071928285531853     0.832244216914742
    -0.956336356004992     0.552141052575741    -0.843765319355224
25 98
     0.045491865977757    -0.179056934450746    -0.126336197102217
    -0.060565664536577     0.010922547460207     0.022125837455332
    -0.112799188538576    -0.112703816878066    -0.047885653698397
25 99
    -0.064078012829301     0.038805280505687     0.101397124728420
     0.038805280505667    -0.019269534537482    -0.058541657257023
     0.003619906494394    -0.002089953988981     0.023956533156820
25 100
    -0.230056963623562    -0.025681618682571     0.022126211973973
     0.171503818014310    -0.009016644454287    -0.007841367687754
     0.107204624882895     0.033512459805647    -0.066127388975053
25 101
     0.123324506111455    -0.015628968803644    -0.082329635867426
    -0.134120238717710    -0.066910092673572     0.098347437380401
     0.041204774250510     0.154038871239787    -0.047885653698397
25 102
     0.048902496203521    -0.027466639181948    -0.084083138285714
    -0.027466639181933     0.017186753152701     0.048545422523578
     0.003953249814461    -0.002282409844555    -0.004645078115851
25 103
    -0.127419588775090     0.230761534012128     0.017853929604994
     0.033576097315140    -0.111654019302866    -0.015241177815108
     0.024579670906475    -0.109598158454665    -0.066127388975053
25 104
    -0.076458983079695     0.044263923338303     0.062020420954168
     0.044263923338280    -0.025347406970245    -0.035807506733152
     0.057442550429972    -0.033164471953709     0.027775675453081
25 105
   -11.613559013797236     4.154269515416998    -0.831157281848654
     4.154269515414824    -6.816621767783605     0.479868880414360
    -2.225915899772602     1.285133143928187    -3.167585236959434
25 106
    -0.007944014849337     0.043533310147600     0.028801742688627
     0.005865219185562    -0.026509852202219    -0.006530200824572
     0.012574516590425     0.015688009780619    -0.000361176900079
25 107
     0.024266755815583    -0.023858461041519    -0.021514180909381
    -0.023858461041507    -0.003282621993941     0.012421218139429
    -0.007526132828784     0.004345214814659     0.001935205082232
25 108
     0.119879900189208     0.136229217907554    -0.022752087735034
    -0.130367875544465     0.042134762359698    -0.111819904293463
    -0.077516744587256    -0.083472186857221    -0.165274214665692
25 109
    -0.043258583520017    -0.014523656542783     0.020056191150206
     0.023144434419239     0.008804716468498    -0.021677940429334
    -0.007298956709612    -0.018733855697935    -0.000361176900079
25 110
    -0.045335496822776     0.026996949651856     0.002008913197974
     0.026996949651842    -0.014162104525219    -0.001159846575629
    -0.005491802803521     0.003170693826952    -0.006991890939946
25 111
     0.059033011123718    -0.165497843325873     0.085462833899341
     0.101099250126161     0.102981651425252     0.075613838114408
     0.033530662034110     0.108867563459897    -0.165274214665692
25 112
     0.035388879503931    -0.026342766817321    -0.020013224850819
    -0.026342766817308     0.004970872477600     0.011554640754976
     0.002501010365837    -0.001443959007963    -0.005732375434977
25 113
    -0.039506634112513     0.025720448886277     0.179450181596928
     0.025720448886264    -0.009807217936207    -0.103605610651141
     0.061722955308221    -0.035635764862409     0.054339755163718
25 114
     0.147975890148326     0.305352584427005     0.166980406708367
    -0.885108332578648    -0.764572037357435    -0.363530866551575
     0.146654748869950    -0.076730439682953    -0.271270636804938
25 115
     0.112970650315423    -0.049093099046081    -0.032606169797622
    -0.049093099046055     0.056282822416311     0.018825180909905
    -0.015636696400072     0.009027850875825     0.015937401543357
25 116
     0.055795042223852     0.009748480277095    -0.014404690570926
    -0.014984729426697    -0.004999034185004     0.001182172519694
    -0.016518524336494     0.011307329986985     0.026594631174954
25 117
    -0.285393452535703    -1.135314239236462     0.398317168847535
     0.055146677769625    -0.331202694672953     0.037156159132046
     0.139777884443910    -0.088641518265627    -0.271270636804938
25 118
    -0.017961581805557     0.018572966871012     0.000382877467865
     0.018572966871002     0.003484633039688    -0.000221054409138
     0.012580563069663    -0.007263391474833     0.021053934790077
25 119
     0.012466847309266    -0.040000274424161    -0.008226136719174
    -0.015267064720354     0.038329160729628     0.011883741708232
    -0.018051697185942     0.008651796714954     0.026594631174954
25 120
     0.032874985276915    -0.070164379511322    -0.026131625883431
    -0.070164379511285    -0.048143861519841     0.015087101238165
    -0.035587144043239     0.020546247193070    -0.044669798194099
33 1
    -0.004821373512692     0.000442901453726    -0.003413911187906
     0.009652006336025    -0.006218556176449    -0.002159552737655
     0.009377129153194    -0.002538016049316     0.004240166585345
33 2
    -0.003782415288627    -0.024911199144469     0.024096932905825
    -0.006514408714101    -0.017987641143194    -0.040202961424586
    -0.038225622414312     0.010196424903819     0.006027427247904
33 3
    -0.285920778604818     0.264467035955648    -0.183053144502133
    -0.028602534149340     0.414120639741894    -0.018960790347930
    -0.242467066832947     0.444930447850167    -0.381470814880274
33 4
     0.312097270643875    -0.325007550664462    -0.520708104859434
    -0.066691125168531    -0.606693201590581    -0.327070394861755
    -0.441170845082054    -0.721778599351552    -0.210270453163456
33 5
    -0.006045471159336    -0.009972694798720    -0.015072100421393
    -0.036208026105985     0.004168858461319    -0.032268706784364
     0.004987620446315     0.003897508877849     0.008501677344391
33 6
     0.000486179198218     0.000021845019719    -0.005325911510597
    -0.030234390972997    -0.002515121183102    -0.039715925089240
     0.017432184491759    -0.017631051623654    -0.012752306759982
33 7
     0.007264565803101     0.002095990159166    -0.009301726413811
     0.127691113735320     0.061722349029617     0.041974428616023
     0.014604335620577     0.053661786163909     0.047691045055828
33 8
    -0.025224354357948    -0.000007150712578     0.030110305206604
     0.007155918036478     0.001378447034586     0.000395527527573
     0.009540185062184     0.005598872967436    -0.023396771738679
33 9
    -0.004821373512692    -0.000442901453729     0.003413911187906
    -0.009652006336028    -0.006218556176453    -0.002159552737655
    -0.009377129153195    -0.002538016049321     0.004240166585345
33 10
    -0.285920778604938    -0.264467035955778     0.183053144502134
     0.028602534149527     0.414120639741907    -0.018960790347930
     0.242467066833148     0.444930447850277    -0.381470814880274
33 11
    -0.003782415288616     0.024911199144467    -0.024096932905825
     0.006514408714093    -0.017987641143191    -0.040202961424586
     0.038225622414317     0.010196424903836     0.006027427247904
33 12
     0.312097270644021     0.325007550664605     0.520708104859435
     0.066691125168257    -0.606693201590550    -0.327070394861754
     0.441170845081727    -0.721778599351352    -0.210270453163456
33 13
    -0.006045471159331     0.009972694798718     0.015072100421393
     0.036208026105986     0.004168858461335    -0.032268706784364
    -0.004987620446313     0.003897508877847     0.008501677344391
33 14
     0.007264565803100    -0.002095990159163     0.009301726413811
    -0.127691113735292     0.061722349029560     0.041974428616023
    -0.014604335620552     0.053661786163902     0.047691045055828
33 15
     0.000486179198218    -0.000021845019719     0.005325911510597
     0.030234390972996    -0.002515121183088    -0.039715925089240
    -0.017432184491767    -0.017631051623662    -0.012752306759982
33 16
    -0.025224354357948     0.000007150712566    -0.030110305206604
    -0.007155918036478     0.001378447034583     0.000395527527573
    -0.009540185062181     0.005598872967432    -0.023396771738679
33 17
     0.014281587977982     0.007729634623244    -0.008545042141285
     0.111134242282246     0.082891818673707    -0.027612782745504
     0.019599470798562     0.021190646289321     0.015510518069336
33 18
    -0.043830792630421     0.057105538413444    -0.095411919223906
    -0.044714388205873    -0.133916132360787     0.070635428216830
     0.024840512209591    -0.039664637450358    -0.058150108682572
33 19
    -5.930462017719295     1.669479425895927     1.762657104477445
     2.955277861478605    -3.260080698916942    -1.305401808291560
     2.012469707812590    -0.874104787405451    -1.063877529160931
33 20
    -0.002623252695851     0.044311640297193     0.020609979008963
    -0.033852653971940     0.000316382735877     0.000941824084820
    -0.003548679192608    -0.013649584403898     0.021743435303264
33 21
    -0.116757550861939     0.014997114620353     0.046764520252066
    -0.086930576835746    -0.060970546615599    -0.001710553195901
    -0.108926400907396     0.047292081352001    -0.058146969833499
33 22
    -0.000114586236634     0.002317176836687     0.001316200971201
    -0.054372840558859    -0.030169058440632     0.001641370332193
    -0.000803791691511    -0.001978923203454     0.007817617502932
33 23
    -0.004946559451296     0.042972612875992     0.010045998199847
    -0.035178859216591     0.002650415338962     0.009839677496050
     0.009457434911486    -0.018338957504071     0.021741970507030
33 24
    -0.004016075380122    -0.008147866988689    -0.007707676706579
     0.024009729613522     0.005144595344015    -0.010119716498150
     0.004881131486506     0.011715995632447    -0.002306635555952
33 25
     0.014281587977979    -0.007729634623238     0.008545042141285
    -0.111134242282208     0.082891818673656    -0.027612782745504
    -0.019599470798553     0.021190646289312     0.015510518069336
33 26
    -5.930462017720047    -1.669479425898611    -1.762657104477442
    -2.955277861480087    -3.260080698918281    -1.305401808291561
    -2.012469707812986    -0.874104787406363    -1.063877529160931
33 27
    -0.043830792630447    -0.057105538413464     0.095411919223906
     0.044714388205812    -0.133916132360767     0.070635428216830
    -0.024840512209609    -0.039664637450370    -0.058150108682572
33 28
    -0.002623252695871    -0.044311640297194    -0.020609979008963
     0.033852653971940     0.000316382735893     0.000941824084820
     0.003548679192602    -0.013649584403896     0.021743435303264
33 29
    -0.116757550861946    -0.014997114620406    -0.046764520252066
     0.086930576835719    -0.060970546615560    -0.001710553195901
     0.108926400907418     0.047292081352050    -0.058146969833499
33 30
    -0.004946559451315    -0.042972612875995    -0.010045998199847
     0.035178859216592     0.002650415338978     0.009839677496050
    -0.009457434911494    -0.018338957504076     0.021741970507030
33 31
    -0.000114586236635    -0.002317176836687    -0.001316200971201
     0.054372840558845    -0.030169058440607     0.001641370332193
     0.000803791691510    -0.001978923203453     0.007817617502932
33 32
    -0.004016075380118     0.008147866988687     0.007707676706579
    -0.024009729613520     0.005144595344004    -0.010119716498150
    -0.004881131486501     0.011715995632445    -0.002306635555952
33 33
    23.825608900828438     0.000000000005391    -0.000000000000018
     0.000000000007722    34.075527742961725     4.480369352468578
     0.000000000001013     4.480321967081100    18.744640838215826
33 34
     0.013167757530745     0.006480314949254    -0.019810328437051
     0.006475333700708    -0.008324041386716    -0.010603445286227
    -0.019811784517283    -0.010652557479942     0.000115300389307
33 35
     0.013167757530743    -0.006480314949248     0.019810328437051
    -0.006475333700711    -0.008324041386719    -0.010603445286227
     0.019811784517278    -0.010652557479933     0.000115300389307
33 36
    -0.001929263183815    -0.000000000000001    -0.000000000000000
     0.000000000000031     0.137824594392121     0.027878213413833
     0.000000000000006     0.027822003139530     0.007393663621379
33 37
     0.031360562544607     0.000000000000007     0.000000000000000
    -0.000000000000012    -0.054713159372846    -0.005405634753145
    -0.000000000000001    -0.005449718428479    -0.009865611895212
33 38
    -0.035283959436028    -0.024774795641168    -0.035912187833736
    -0.024759082520839    -0.096898557225752     0.026592128784108
    -0.035912474885369     0.026552231562391    -0.094626045998107
33 39
    -0.035283959436017     0.024774795641152     0.035912187833736
     0.024759082520795    -0.096898557225741     0.026592128784108
     0.035912474885381     0.026552231562408    -0.094626045998107
33 40
    -0.000371960834257    -0.000000000000000    -0.000000000000000
    -0.000000000000009    -0.040769619265280     0.001587622689074
     0.000000000000000     0.001542888355454     0.003143243462393
33 41
    -0.055218456772213    -0.000000000000013     0.000000000000000
     0.000000000000010     0.043437990170481    -0.032280007570866
    -0.000000000000001    -0.005131445427297    -0.021177814700185
33 42
     0.022889323240976    -0.004454613753060    -0.004482817235972
    -0.029298003991229     0.065026648135366    -0.049474292048262
    -0.024311851608230     0.001965437982513     0.005503030195993
33 43
     0.022889323240978     0.004454613753070     0.004482817235972
     0.029298003991259     0.065026648135380    -0.049474292048262
     0.024311851608231     0.001965437982524     0.005503030195993
33 44
    -0.511472154741305    -0.000000000000115     0.000000000000005
    -0.000000000000515    -2.275014256132704    -0.868909756535238
    -0.000000000000164    -0.725937349276077    -4.944712229912303
33 45
     0.001861381240007     0.000000000000000     0.000000000000000
    -0.000000000000001    -0.002803955080113     0.026828618413835
    -0.000000000000000    -0.001609541476860    -0.002255367687749
33 46
     0.010733765955025     0.012120632044145     0.008588008440671
    -0.017353798563483    -0.016951800880866    -0.030060918982371
    -0.003589444849437     0.015372062336008    -0.001101945281470
33 47
     0.010733765955019    -0.012120632044140    -0.008588008440672
     0.017353798563475    -0.016951800880858    -0.030060918982371
     0.003589444849444     0.015372062336010    -0.001101945281470
33 48
    -0.208258938556701    -0.000000000000047    -0.000000000000000
    -0.000000000000017    -0.072814758144319    -0.031243091502065
     0.000000000000018     0.081593041455839     0.100563702162503
33 49
    -0.147800511940236    -0.000000000000033     0.000000000000000
     0.000000000000093     0.410759218742272     0.331691314025352
    -0.000000000000028    -0.123695727307068    -0.536997647632530
33 50
     0.011026670145855    -0.024337461844736     0.005226134215356
     0.091308292029066     0.100740526203639    -0.070103188735476
     0.030282281071931    -0.026650588598241     0.001055490315179
33 51
     0.011026670145866     0.024337461844741    -0.005226134215356
    -0.091308292029020     0.100740526203597    -0.070103188735476
    -0.030282281071943    -0.026650588598255     0.001055490315179
33 52
    -0.000096878763268    -0.000000000000000     0.000000000000000
     0.000000000000005     0.020048239577044    -0.018856326980020
     0.000000000000001     0.004945279178892    -0.000701846652877
33 53
     0.625781450174714     0.000000000000141     0.000000000000000
    -0.000000000000207    -0.917074440110552     0.162169593852228
     0.000000000000091     0.400009064855362    -0.237892952781740
33 54
    -0.043259590494559     0.006733726497501    -0.016442247968490
     0.003517604528552     0.004678165762017     0.008820952937227
    -0.000585219092926     0.000375338232595    -0.016145193352036
33 55
    -0.043259590494562    -0.006733726497521     0.016442247968490
    -0.003517604528550     0.004678165762016     0.008820952937227
     0.000585219092927     0.000375338232595    -0.016145193352036
33 56
    -0.005562475308227    -0.000000000000001     0.000000000000000
    -0.000000000000001    -0.004905271076572     0.005393507079826
     0.000000000000001     0.005458831417646     0.003910168919398
33 57
    -0.005871788370867    -0.000000000000001    -0.000000000000000
    -0.000000000000011    -0.047723249355131    -0.028314258395451
    -0.000000000000006    -0.028280047373358     0.021742807533449
33 58
    -0.108612836482270    -0.020756646935692    -0.071158875430310
    -0.020816425047892     0.359201069748875     0.012486542197990
    -0.071166201775709     0.012536474319645     0.136645190777778
33 59
    -0.108612836482261     0.020756646935643     0.071158875430310
     0.020816425048055     0.359201069748885     0.012486542197990
     0.071166201775715     0.012536474319677     0.136645190777778
33 60
    -0.069516283437268    -0.000000000000016     0.000000000000000
    -0.000000000000022    -0.099148289235249     0.033953626488931
     0.000000000000008     0.033994942566994    -0.078799550455353
33 61
     0.009442800405857     0.000000000000002     0.000000000000000
    -0.000000000000024    -0.106862560821022    -0.005926022190119
    -0.000000000000001    -0.005882857982946    -0.014184877477214
33 62
    -0.063986030151749     0.032118467277060     0.021503200632872
     0.032149247976848    -0.107338404321775    -0.061858851538794
     0.021515621929199    -0.061809359217821    -0.088432259749297
33 63
    -0.063986030151764    -0.032118467277089    -0.021503200632871
    -0.032149247976896    -0.107338404321790    -0.061858851538794
    -0.021515621929227    -0.061809359217831    -0.088432259749297
33 64
    -0.399102545847729    -0.000000000000090     0.000000000000001
    -0.000000000000033    -0.145334048973283     0.057633459902769
     0.000000000000013     0.057681407737355    -0.628627139048288
33 65
     0.030722004976738     1.241375035856637     0.371070806196692
     1.528643226096296    -1.568539271754614     0.004806141810656
     0.189685197586376     0.319032880607482    -0.055036370401472
33 66
     0.006239393346018    -0.004860068089194     0.000528962885778
    -0.046478467475835     0.035869221443332    -0.012587422389691
    -0.010680363489172     0.006775612595992     0.003692123537079
33 67
     0.010990607639830     0.002723337954485     0.046393100464038
     0.063941521241560    -0.019018267134870     0.010857023910177
     0.002242873676102    -0.039974343499979     0.015649045941788
33 68
     0.000764682341567    -0.004472238622048    -0.015195747882960
    -0.013816332154352    -0.024038384319813     0.012531194086120
     0.006103313876428     0.013572153268099     0.003573056528884
33 69
     0.017378324851265    -0.000955980283478    -0.033496527001572
     0.060277717355624    -0.025376644073610     0.021965421412790
     0.032564046020051     0.034775651343755     0.015645279322899
33 70
    -0.025766568899591     0.010841533152487     0.014807141575177
     0.001520686454607     0.002467255895220    -0.001441539351364
     0.003217053870563    -0.019407693198011     0.003578078687401
33 71
    -0.252256047613600     0.624171055933300    -0.177011605405091
     0.439159817482410    -0.866114702596539    -0.207391482628437
    -0.268217196651771    -0.049594177104637     0.731799434047632
33 72
     0.002269596691670    -0.012454466460348     0.006706561930877
     0.016239987527213     0.000086575406603    -0.012198234327717
    -0.007252715309795     0.011928111841367    -0.046107181813244
33 73
     0.030722004976176    -1.241375035856624    -0.371070806196692
    -1.528643226097006    -1.568539271755308     0.004806141810656
    -0.189685197586232     0.319032880607396    -0.055036370401472
33 74
     0.010990607639829    -0.002723337954480    -0.046393100464038
    -0.063941521241569    -0.019018267134899     0.010857023910177
    -0.002242873676120    -0.039974343499981     0.015649045941788
33 75
     0.006239393346020     0.004860068089197    -0.000528962885778
     0.046478467475851     0.035869221443353    -0.012587422389691
     0.010680363489175     0.006775612595997     0.003692123537079
33 76
     0.000764682341569     0.004472238622049     0.015195747882960
     0.013816332154341    -0.024038384319806     0.012531194086120
    -0.006103313876422     0.013572153268096     0.003573056528884
33 77
     0.017378324851265     0.000955980283486     0.033496527001572
    -0.060277717355635    -0.025376644073637     0.021965421412790
    -0.032564046020035     0.034775651343740     0.015645279322900
33 78
    -0.252256047613883    -0.624171055933415     0.177011605405090
    -0.439159817482802    -0.866114702596738    -0.207391482628436
     0.268217196651749    -0.049594177104516     0.731799434047632
33 79
    -0.025766568899596    -0.010841533152498    -0.014807141575177
    -0.001520686454606     0.002467255895220    -0.001441539351364
    -0.003217053870572    -0.019407693198012     0.003578078687401
33 80
     0.002269596691676     0.012454466460349    -0.006706561930877
    -0.016239987527213     0.000086575406596    -0.012198234327717
     0.007252715309801     0.011928111841370    -0.046107181813244
33 81
     0.008915360364327    -0.008282986357430    -0.002453375694959
    -0.045042383456653     0.039849473353872     0.050746319602095
    -0.003542043866406     0.009344147283813     0.027765212622836
33 82
    -0.119339480097061    -0.073768896747230     0.063080256339030
     0.114824131788741     0.036526242900455    -0.015876778148616
    -0.047209152552227    -0.057931453908865    -0.035210144112418
33 83
     0.007974141051902     0.024203498481849     0.001457034952523
    -0.038320535573473     0.000975564384150    -0.007466787959550
     0.005793453280706    -0.024391083837340     0.009148489510176
33 84
    -0.001559349673084     0.002794440861551    -0.000455442773495
     0.001194393075431     0.029518491880693     0.021214056924870
     0.001633814347595    -0.001933458786786     0.001843969202490
33 85
    -1.900868488129081    -0.625792997526839     1.698832576352379
    -0.846476282067851    -2.917451183728003     0.915790104637859
     1.630161568173859     0.509743049636529    -2.634547979831479
33 86
     0.004855360934545    -0.019588363201565     0.010173464888027
     0.015239121497161     0.002959063360231    -0.022237742804596
     0.016937343413733     0.037613145823471     0.013983991136498
33 87
    -0.093534274289938     0.065200051715980    -0.103030798911753
     0.008992230140936    -0.039990021680319    -0.028043866406218
    -0.106797737866062    -0.083403105621959    -0.043459876504494
33 88
     0.009861686451137     0.003404236119626     0.001645609266496
     0.006019154968285    -0.002954844065840    -0.006073483672525
    -0.001071631583500     0.003341087139633     0.007195497616526
33 89
     0.008915360364331     0.008282986357434     0.002453375694959
     0.045042383456671     0.039849473353893     0.050746319602095
     0.003542043866410     0.009344147283814     0.027765212622836
33 90
     0.007974141051891    -0.024203498481845    -0.001457034952523
     0.038320535573473     0.000975564384168    -0.007466787959550
    -0.005793453280717    -0.024391083837343     0.009148489510176
33 91
    -0.119339480097028     0.073768896747177    -0.063080256339030
    -0.114824131788724     0.036526242900403    -0.015876778148616
     0.047209152552201    -0.057931453908843    -0.035210144112418
33 92
    -0.001559349673085    -0.002794440861552     0.000455442773495
    -0.001194393075418     0.029518491880693     0.021214056924870
    -0.001633814347596    -0.001933458786786     0.001843969202490
33 93
    -1.900868488128794     0.625792997525978    -1.698832576352375
     0.846476282066528    -2.917451183727620     0.915790104637858
    -1.630161568173628     0.509743049635791    -2.634547979831478
33 94
    -0.093534274289968    -0.065200051716022     0.103030798911753
    -0.008992230140954    -0.039990021680323    -0.028043866406218
     0.106797737866025    -0.083403105621911    -0.043459876504494
33 95
     0.004855360934554     0.019588363201567    -0.010173464888027
    -0.015239121497160     0.002959063360224    -0.022237742804596
    -0.016937343413716     0.037613145823463     0.013983991136498
33 96
     0.009861686451135    -0.003404236119621    -0.001645609266496
    -0.006019154968287    -0.002954844065843    -0.006073483672525
     0.001071631583501     0.003341087139633     0.007195497616526
33 97
     0.156644325099144     0.000000000000036     0.000000000000001
    -0.000000000000041    -0.182219833170258    -1.664488433829485
    -0.000000000000250    -1.104282105151049    -0.843765319355224
33 98
    -0.084194751932312     0.014308939224079    -0.044006561234791
    -0.104182330689988     0.140609165370304    -0.120473274835733
    -0.154003962789156    -0.041335054361739    -0.047885653698397
33 99
    -0.084194751932319    -0.014308939224117     0.044006561234791
     0.104182330690052     0.140609165370351    -0.120473274835733
     0.154003962789137    -0.041335054361669    -0.047885653698397
33 100
     0.001328881627264     0.000000000000000     0.000000000000000
     0.000000000000015     0.064760367728983    -0.097090845047157
     0.000000000000001     0.004564819689108    -0.004645078115851
33 101
     0.003134704608460     0.000000000000001    -0.000000000000000
    -0.000000000000020    -0.086482251975277     0.117083314514045
     0.000000000000001     0.004179907977961     0.023956533156820
33 102
    -0.001133859718098     0.039335002350741     0.004272282368979
    -0.157850434346247    -0.237939748359923     0.023082545502862
     0.082624953976470     0.076085698649007    -0.066127388975053
33 103
    -0.001133859718116    -0.039335002350742    -0.004272282368979
     0.157850434346139    -0.237939748359852     0.023082545502862
    -0.082624953976435     0.076085698648969    -0.066127388975052
33 104
     0.000208381084520    -0.000000000000000    -0.000000000000000
    -0.000000000000023    -0.102014771134501     0.071615013466304
     0.000000000000015     0.066328943907392     0.027775675453081
33 105
     0.005042490151964     0.000000000000001     0.000000000000000
    -0.000000000000012    -0.054356342200707     0.207211221302282
     0.000000000000016     0.071271529724790     0.054339755163718
33 106
    -0.787476658425473    -0.345024551845749    -0.231336762139169
     0.845436365160337     0.170880511217079     0.326374707419528
     0.006876864426081     0.165371957948517    -0.271270636804938
33 107
    -0.787476658425317     0.345024551845392     0.231336762139169
    -0.845436365160261     0.170880511216697     0.326374707419528
    -0.006876864426006     0.165371957948514    -0.271270636804938
33 108
     0.014207740462310     0.000000000000003    -0.000000000000000
    -0.000000000000006    -0.028684689228196     0.000442108818277
     0.000000000000003     0.014526782949660     0.021053934790077
33 109
     0.027938908466677     0.000000000000006     0.000000000000000
     0.000000000000032     0.141314564265101    -0.037650361819810
    -0.000000000000004    -0.018055701751643     0.015937401543357
33 110
     0.007932122525168     0.012648940145554    -0.006178553851752
     0.037382149849361     0.042863885513728    -0.013065914227926
     0.001533172849444    -0.019959126701931     0.026594631174954
33 111
     0.007932122525163    -0.012648940145550     0.006178553851752
    -0.037382149849342     0.042863885513711    -0.013065914227926
    -0.001533172849453    -0.019959126701932     0.026594631174954
33 112
    -0.088653284918178    -0.000000000000020     0.000000000000000
     0.000000000000017     0.073384408675316    -0.030174202476331
    -0.000000000000009    -0.041092494386124    -0.044669798194099
33 113
    -4.418153144767832    -0.000000000000999     0.000000000000003
    -0.000000000003173   -14.012027636816772    -0.959737760828727
    -0.000000000000581    -2.570266287855369    -3.167585236959435
33 114
    -0.000478202207938     0.001554830247331     0.008745551538421
     0.039222921209353    -0.033975664843603     0.028208141253907
     0.019873473300045     0.003045845917319    -0.000361176900079
33 115
    -0.000478202207939    -0.001554830247331    -0.008745551538421
    -0.039222921209369    -0.033975664843621     0.028208141253907
    -0.019873473300044     0.003045845917310    -0.000361176900079
33 116
     0.001424591623582     0.000000000000000    -0.000000000000000
    -0.000000000000014    -0.060922192971602     0.002319693151258
    -0.000000000000001    -0.006341387653901    -0.006991890939946
33 117
    -0.017057310898705    -0.000000000000004    -0.000000000000000
     0.000000000000009     0.038041444720368    -0.024842436278858
    -0.000000000000002    -0.008690429629314     0.001935205082232
33 118
     0.064109082510371    -0.098168578944651    -0.108214921634375
     0.168428514507383     0.097905580038597     0.036206066179055
    -0.111047406621415    -0.025395376602691    -0.165274214665692
33 119
     0.064109082510415     0.098168578944680     0.108214921634375
    -0.168428514507339     0.097905580038521     0.036206066179055
     0.111047406621404    -0.025395376602641    -0.165274214665692
33 120
    -0.010238131035577    -0.000000000000002    -0.000000000000000
     0.000000000000011     0.050597883017132    -0.023109281509952
     0.000000000000001     0.002887918015925    -0.005732375434977
41 1
    -2.165641702542418    -2.353097617604426    -0.432611436807711
    -2.270595453458995    -4.835398812742813     0.350146876527955
    -0.519733649090967     0.199802897461042    -1.868758367678070
41 2
    -0.077443852129613     0.104599979217709     0.025466603049596
     0.042641249043533    -0.049050565373367    -0.013790267079816
     0.078721688885354     0.066939143097558    -0.075625755528643
41 3
     0.003259735238544    -0.008658172197537     0.012883206169324
     0.001440505560664    -0.000905982288760     0.034868714566661
    -0.023740265113411    -0.028589205706031     0.015321140841890
41 4
    -0.007448708886232     0.000550546008243    -0.011145935464137
     0.002230226580756     0.000714668038326     0.006585050983448
    -0.002624879407993    -0.004918794820024     0.006374793212059
41 5
    -0.119897525121168     0.080087809099730    -0.018612046087499
     0.018120860092858    -0.006576669368647    -0.101646440152194
     0.024688171206918    -0.015137605541083    -0.075622198166359
41 6
     0.017969332629080     0.023574489082119     0.033577208163753
     0.010060941884719     0.037390855681596    -0.019249098218203
     0.033467332353114    -0.019446709815384     0.051086024213931
41 7
    -0.002531994378883     0.003392027211713     0.002945101121269
     0.005068632157945    -0.004203046633104     0.004744952186181
    -0.011262904958139     0.006367699644965     0.006374583955454
41 8
    -0.004381172509875     0.000779528642929    -0.001461808985788
     0.004012175979025    -0.001611568558802     0.003969056722684
    -0.004157822411690    -0.000711333584396    -0.003565732547712
41 9
    -2.165641702541353     2.353097617603444     0.432611436807714
     2.270595453456805    -4.835398812741782     0.350146876527955
     0.519733649091058     0.199802897461277    -1.868758367678070
41 10
     0.003259735238548     0.008658172197538    -0.012883206169324
    -0.001440505560665    -0.000905982288760     0.034868714566661
     0.023740265113398    -0.028589205706021     0.015321140841890
41 11
    -0.077443852129660    -0.104599979217744    -0.025466603049596
    -0.042641249043555    -0.049050565373387    -0.013790267079816
    -0.078721688885324     0.066939143097522    -0.075625755528643
41 12
    -0.007448708886233    -0.000550546008246     0.011145935464137
    -0.002230226580756     0.000714668038325     0.006585050983448
     0.002624879407991    -0.004918794820023     0.006374793212059
41 13
    -0.119897525121204    -0.080087809099784     0.018612046087499
    -0.018120860092861    -0.006576669368655    -0.101646440152194
    -0.024688171206924    -0.015137605541094    -0.075622198166359
41 14
    -0.002531994378884    -0.003392027211714    -0.002945101121269
    -0.005068632157947    -0.004203046633106     0.004744952186181
     0.011262904958142     0.006367699644970     0.006374583955454
41 15
     0.017969332629069    -0.023574489082111    -0.033577208163753
    -0.010060941884702     0.037390855681592    -0.019249098218203
    -0.033467332353123    -0.019446709815399     0.051086024213931
41 16
    -0.004381172509875    -0.000779528642931     0.001461808985788
    -0.004012175979025    -0.001611568558804     0.003969056722684
     0.004157822411689    -0.000711333584394    -0.003565732547712
41 17
     0.009034114495266     0.008346430265969    -0.006336096949502
     0.045040632157504     0.039704826488579    -0.007714854004718
    -0.042697616445763    -0.027486549881301     0.027762492286972
41 18
    -3.300946652980332    -0.181379804939182    -1.256772372906285
     0.037371448697550    -1.517607193058357     1.156282417817727
    -1.642381887722458     1.014148279454260    -2.634548816857898
41 19
     0.015257734322350     0.151501375365059     0.073798438422610
    -0.037085798511383    -0.098157953752386    -0.011903586991845
    -0.017790710770393     0.062572929623196    -0.035202610874641
41 20
     0.001551290313428     0.017681279636714    -0.041041409173809
    -0.017210376283854     0.006234073599735    -0.004108524965857
     0.014177744997742     0.019925719471854     0.013990687347855
41 21
    -0.003382752368868    -0.030767238446109     0.018226304199675
     0.031685088872509     0.012292785304514     0.017242243912795
     0.005736259799355     0.004991650536792     0.009159161597027
41 22
    -0.021237674166280    -0.023487543853892     0.125632982002261
     0.032682464850093    -0.112308351667241    -0.050755690986023
     0.075820671853976    -0.075185158987577    -0.043451506240298
41 23
     0.023464804924980     0.011655613369073     0.000859325987726
     0.013199382977738     0.004447010330668     0.002410650701153
    -0.018124995137597    -0.010988530961429     0.001846480281749
41 24
     0.004322972899971    -0.006597398187560    -0.002354553206370
    -0.009260206131746     0.002552090991070    -0.002572720517329
     0.004441683732716     0.004456426914730     0.007205960446772
41 25
     0.009034114495262    -0.008346430265965     0.006336096949502
    -0.045040632157486     0.039704826488558    -0.007714854004718
     0.042697616445751    -0.027486549881282     0.027762492286972
41 26
     0.015257734322282    -0.151501375365053    -0.073798438422609
     0.037085798511338    -0.098157953752370    -0.011903586991846
     0.017790710770422     0.062572929623204    -0.035202610874641
41 27
    -3.300946652980253     0.181379804937685     1.256772372906290
    -0.037371448698240    -1.517607193058374     1.156282417817728
     1.642381887722917     1.014148279455004    -2.634548816857898
41 28
     0.001551290313420    -0.017681279636714     0.041041409173809
     0.017210376283857     0.006234073599743    -0.004108524965857
    -0.014177744997734     0.019925719471848     0.013990687347855
41 29
    -0.003382752368854     0.030767238446107    -0.018226304199675
    -0.031685088872503     0.012292785304500     0.017242243912795
    -0.005736259799353     0.004991650536789     0.009159161597027
41 30
     0.023464804924975    -0.011655613369063    -0.000859325987726
    -0.013199382977736     0.004447010330662     0.002410650701153
     0.018124995137592    -0.010988530961421     0.001846480281749
41 31
    -0.021237674166269     0.023487543853883    -0.125632982002261
    -0.032682464850144    -0.112308351667256    -0.050755690986023
    -0.075820671854010    -0.075185158987612    -0.043451506240298
41 32
     0.004322972899974     0.006597398187562     0.002354553206370
     0.009260206131747     0.002552090991074    -0.002572720517329
    -0.004441683732714     0.004456426914728     0.007205960446772
41 33
    -0.055227463171166    -0.000000000000012     0.000000000000000
     0.000000000000010     0.043385706552450    -0.005158671223734
    -0.000000000000007    -0.032270388501778    -0.021185138681357
41 34
     0.022885455870263    -0.029290298799461    -0.024304125949533
    -0.004447725984901     0.064968128590195     0.001937395812760
    -0.004478503485910    -0.049445538768070     0.005498635807290
41 35
     0.022885455870276     0.029290298799471     0.024304125949533
     0.004447725984931     0.064968128590197     0.001937395812760
     0.004478503485888    -0.049445538768068     0.005498635807290
41 36
    -0.511510494965378    -0.000000000000115     0.000000000000004
    -0.000000000000515    -2.275037609317169    -0.727159305747587
    -0.000000000000196    -0.867571905519508    -4.944823554426117
41 37
     0.001855410868514     0.000000000000000     0.000000000000000
    -0.000000000000001    -0.002886468119336    -0.001635030866595
     0.000000000000006     0.026831609743925    -0.002262691668921
41 38
     0.010731578839539    -0.017330164033179    -0.003585776385451
     0.012126615183583    -0.017021128612060     0.015347294956652
     0.008592785473130    -0.030042090835923    -0.001105921156963
41 39
     0.010731578839547     0.017330164033184     0.003585776385451
    -0.012126615183591    -0.017021128612066     0.015347294956652
    -0.008592785473143    -0.030042090835926    -0.001105921156963
41 40
    -0.208240646828386    -0.000000000000047    -0.000000000000000
    -0.000000000000017    -0.072874907081747     0.081581755903267
    -0.000000000000007    -0.031222497326108     0.100565794728553
41 41
    17.524466309243657     0.000000000003975    -0.000000000000022
     0.000000000005450    24.036088670629287    -5.867943865108754
    -0.000000000001330    -5.867932398315022    24.325803893120870
41 42
     0.014982561027410    -0.019811364079542    -0.015462138939155
    -0.019811570950473    -0.012633647503603     0.006873083224782
    -0.015470079094157     0.006858476398527    -0.004562631013515
41 43
     0.014982561027419     0.019811364079549     0.015462138939156
     0.019811570950468    -0.012633647503594     0.006873083224782
     0.015470079094160     0.006858476398534    -0.004562631013515
41 44
     0.014362565545058     0.000000000000003    -0.000000000000000
     0.000000000000004     0.015978878148904    -0.018512342064054
    -0.000000000000004    -0.018527937170134     0.028110904534151
41 45
    -0.042188437245924    -0.000000000000009     0.000000000000000
    -0.000000000000019    -0.082232216527992    -0.022869484332957
    -0.000000000000005    -0.022871683954204    -0.054199343981822
41 46
     0.008602887664592     0.005681539616204    -0.010115699085518
     0.005686617711846     0.016714022823885     0.011103160552771
    -0.010118438649435     0.011088502823811    -0.026627693718530
41 47
     0.008602887664589    -0.005681539616200     0.010115699085518
    -0.005686617711838     0.016714022823882     0.011103160552771
     0.010118438649440     0.011088502823816    -0.026627693718530
41 48
    -0.005426077263131    -0.000000000000001     0.000000000000000
    -0.000000000000001    -0.004642033135219     0.000086547486870
     0.000000000000000     0.000072727400223     0.002503964534385
41 49
    -0.002749863024666    -0.000000000000001    -0.000000000000000
     0.000000000000001     0.005752960853009    -0.006875839514173
    -0.000000000000002    -0.006857148121242     0.006978707773837
41 50
    -0.004775985013559     0.004540811737158    -0.000643062280815
     0.004539040138673    -0.022788489117120     0.010518275944053
    -0.000640851740666     0.010532656722465    -0.013420881612678
41 51
    -0.004775985013561    -0.004540811737160     0.000643062280815
    -0.004539040138683    -0.022788489117122     0.010518275944053
     0.000640851740670     0.010532656722465    -0.013420881612678
41 52
    -3.044615822378254    -0.000000000000694     0.000000000000007
    -0.000000000001320    -5.822108151335576     3.873207310378923
     0.000000000000876     3.870373646771509    -7.625428285229049
41 53
     0.004183396391531     0.000000000000001    -0.000000000000000
    -0.000000000000001    -0.004306738678625    -0.011740690288852
    -0.000000000000003    -0.011731129518356     0.000834515340392
41 54
    -0.064749947300789    -0.002930204639761     0.057195782936411
    -0.002937538161093    -0.029830486513062    -0.022058583994197
     0.057214785076686    -0.022057140614488    -0.122609513259866
41 55
    -0.064749947300788     0.002930204639732    -0.057195782936410
     0.002937538161080    -0.029830486513061    -0.022058583994197
    -0.057214785076696    -0.022057140614514    -0.122609513259866
41 56
    -0.509034713955729    -0.000000000000115     0.000000000000000
    -0.000000000000069    -0.301838246773115    -0.234183166764435
    -0.000000000000053    -0.234163750319543    -0.282044840878681
41 57
    -0.147777879813073    -0.000000000000034     0.000000000000000
     0.000000000000093     0.410941928533067    -0.123712741756685
     0.000000000000075     0.331678812888308    -0.537000995738209
41 58
     0.011027907535438     0.091236932605856     0.030270235320986
    -0.024336534792085     0.100773445303018    -0.026635126898604
     0.005222385615203    -0.070102718912300     0.001062605039746
41 59
     0.011027907535397    -0.091236932605851    -0.030270235320986
     0.024336534792131     0.100773445303029    -0.026635126898604
    -0.005222385615235    -0.070102718912302     0.001062605039746
41 60
    -0.000102041455879    -0.000000000000000    -0.000000000000000
     0.000000000000005     0.020121002775349     0.004973448576675
    -0.000000000000004    -0.018858097128996    -0.000693894901890
41 61
     0.625773700894393     0.000000000000141     0.000000000000000
    -0.000000000000207    -0.917024026527292     0.399980588712773
     0.000000000000037     0.162258485191636    -0.237874747457112
41 62
    -0.043260053520471     0.003505706004639    -0.000587206091613
     0.006737807991095     0.004750818178496     0.000405725798319
    -0.016449872168710     0.008795758367087    -0.016143937812406
41 63
    -0.043260053520473    -0.003505706004658     0.000587206091613
    -0.006737807991093     0.004750818178493     0.000405725798319
     0.016449872168714     0.008795758367095    -0.016143937812406
41 64
    -0.005567651469461    -0.000000000000001    -0.000000000000000
    -0.000000000000001    -0.004856914815721     0.005481157082452
     0.000000000000001     0.005393148063476     0.003923352085507
41 65
    -0.010239937156788     0.002681266242237    -0.006887497791626
    -0.006571542924891    -0.000776031180435    -0.006876666400990
    -0.000155209946217     0.004031954894368     0.004232842604173
41 66
     0.136977625930690    -0.508704523046382     0.506565986118092
    -0.215617899429965    -0.008675489765802    -0.012510246286750
     0.075139111819770     0.167989829526222    -0.381467048261386
41 67
     0.021590482647850    -0.005985668058691     0.000881286540746
     0.020179131429645    -0.023459412967020    -0.006295364968480
    -0.020387873577678     0.029178258885903     0.008499166265132
41 68
    -0.008093151107893     0.006777381002165     0.039169988133871
    -0.118846730720742     0.077100642006546    -0.039488255585564
     0.041009422279567    -0.012939139781823     0.047685813640705
41 69
    -0.000807779157377     0.023200536241968     0.027941939297574
     0.004744719399085    -0.020904370740185     0.027977164202961
    -0.046870276830400    -0.000777136172847     0.006014244081795
41 70
    -0.207398559102619     0.624802636711309    -0.404484742422777
     0.366653790988144    -0.087191649230796     0.742918665968154
    -0.022860855553550     0.614520737177073    -0.210269197623825
41 71
     0.011293733370425    -0.006260601566452    -0.023988084947380
     0.023926682937138    -0.013312196971145    -0.006309422044373
    -0.031717437739618     0.024460921341177    -0.012756491892080
41 72
    -0.008373197244748    -0.009729018620253     0.000079726355528
    -0.016926482355641    -0.015451201021793    -0.011080558979767
    -0.014669833522544    -0.026293046395249    -0.023400329100962
41 73
    -0.010239937156789    -0.002681266242242     0.006887497791626
     0.006571542924891    -0.000776031180432    -0.006876666400990
     0.000155209946219     0.004031954894368     0.004232842604173
41 74
     0.021590482647853     0.005985668058701    -0.000881286540746
    -0.020179131429655    -0.023459412967029    -0.006295364968480
     0.020387873577691     0.029178258885912     0.008499166265132
41 75
     0.136977625930921     0.508704523046444    -0.506565986118091
     0.215617899429961    -0.008675489765704    -0.012510246286751
    -0.075139111819693     0.167989829526188    -0.381467048261386
41 76
    -0.008093151107896    -0.006777381002169    -0.039169988133872
     0.118846730720777     0.077100642006599    -0.039488255585564
    -0.041009422279573    -0.012939139781841     0.047685813640705
41 77
    -0.000807779157387    -0.023200536241968    -0.027941939297574
    -0.004744719399094    -0.020904370740187     0.027977164202961
     0.046870276830400    -0.000777136172826     0.006014244081795
41 78
     0.011293733370427     0.006260601566457     0.023988084947380
    -0.023926682937144    -0.013312196971156    -0.006309422044373
     0.031717437739629     0.024460921341191    -0.012756491892080
41 79
    -0.207398559102902    -0.624802636711404     0.404484742422777
    -0.366653790988184    -0.087191649230962     0.742918665968154
     0.022860855553828     0.614520737177084    -0.210269197623825
41 80
    -0.008373197244744     0.009729018620249    -0.000079726355528
     0.016926482355634    -0.015451201021785    -0.011080558979767
     0.014669833522532    -0.026293046395242    -0.023400329100962
41 81
    -0.004002201824846    -0.003213413935951     0.000262571829583
    -0.002007638948763    -0.000985536944510    -0.001547932121847
    -0.001198906329251     0.000999915452389     0.001879542825325
41 82
     0.030008547879828    -0.010179227585917     0.024603457835257
     0.001818884192503     0.034839915557344    -0.002337884661237
     0.010285767608417     0.022468244441863    -0.010387288611259
41 83
    -0.001679676524121    -0.012834982421409    -0.000597708964796
    -0.022655506101447    -0.020443705591945    -0.013128757626035
     0.008552334736713     0.006180936040000    -0.006153608980666
41 84
    -0.011280386016022     0.208868244562315    -0.409016254798054
    -0.036112479031401    -0.391278025407559     0.408794099668645
    -0.138932669929818    -0.023785511046349     0.168864639492784
41 85
    -0.031122960146473     0.004163781551470     0.009629702499126
    -0.005659838101493     0.008998744133294     0.004304497141539
    -0.011658852806839     0.006037000243544    -0.006151097901407
41 86
    -0.221489808429539     0.330177541119272    -0.090014874617658
     0.085235626139868    -0.181082954745599    -0.108458058123562
     0.149536624063680    -0.558627880278568     0.168851665583279
41 87
     0.019718631619521    -0.036890256498333     0.004057450872048
     0.030107508169244     0.023648019271815     0.036389910681418
     0.033544130324631    -0.014689926830171    -0.016463054134898
41 88
     0.218949134244813    -0.050491379832963     0.470240367003595
     0.103949452372981     0.188051203434597     0.116312104742513
     0.335831813807456     0.349047297180061    -0.636442663985170
41 89
    -0.004002201824844     0.003213413935949    -0.000262571829583
     0.002007638948763    -0.000985536944509    -0.001547932121847
     0.001198906329251     0.000999915452390     0.001879542825325
41 90
    -0.001679676524115     0.012834982421408     0.000597708964796
     0.022655506101438    -0.020443705591935    -0.013128757626035
    -0.008552334736710     0.006180936039996    -0.006153608980666
41 91
     0.030008547879832     0.010179227585930    -0.024603457835257
    -0.001818884192487     0.034839915557343    -0.002337884661237
    -0.010285767608407     0.022468244441858    -0.010387288611259
41 92
    -0.011280386016117    -0.208868244562320     0.409016254798053
     0.036112479031224    -0.391278025407542     0.408794099668646
     0.138932669929808    -0.023785511046286     0.168864639492784
41 93
    -0.031122960146475    -0.004163781551484    -0.009629702499126
     0.005659838101498     0.008998744133296     0.004304497141539
     0.011658852806841     0.006037000243549    -0.006151097901407
41 94
     0.019718631619538     0.036890256498342    -0.004057450872048
    -0.030107508169233     0.023648019271801     0.036389910681418
    -0.033544130324638    -0.014689926830186    -0.016463054134898
41 95
    -0.221489808429688    -0.330177541119372     0.090014874617658
    -0.085235626139950    -0.181082954745638    -0.108458058123562
    -0.149536624063933    -0.558627880278636     0.168851665583279
41 96
     0.218949134244837     0.050491379833062    -0.470240367003594
    -0.103949452372895     0.188051203434550     0.116312104742512
    -0.335831813807298     0.349047297179909    -0.636442663985170
41 97
    -0.004805454197434    -0.000000000000001     0.000000000000000
     0.000000000000014     0.059810208054479     0.038221464981573
    -0.000000000000002    -0.006916234421557    -0.015069405146180
41 98
     0.127131148038185    -0.109274648737627    -0.077233355356882
    -0.033986191312324     0.160598601300843    -0.224966135041757
     0.108795970146364    -0.104287813058970     0.185960485600937
41 99
     0.127131148038234     0.109274648737684     0.077233355356882
     0.033986191312397     0.160598601300858    -0.224966135041757
    -0.108795970146412    -0.104287813059020     0.185960485600937
41 100
    -0.045784477131252    -0.000000000000010     0.000000000000000
    -0.000000000000028    -0.123813305731038     0.054001773001513
    -0.000000000000021    -0.092271749154879    -0.089617698416127
41 101
     0.048895643846599     0.000000000000011    -0.000000000000000
     0.000000000000009     0.038739107437014     0.075950656677959
     0.000000000000036     0.159942967115709     0.019954500587866
41 102
     0.064011762495285    -0.016744249469824     0.001722948605391
    -0.051179119755631    -0.012656372929032    -0.002227357456668
     0.059600775632076    -0.009661705285944     0.010628979989933
41 103
     0.064011762495292     0.016744249469853    -0.001722948605391
     0.051179119755626    -0.012656372929008    -0.002227357456668
    -0.059600775632080    -0.009661705285971     0.010628979989933
41 104
     0.001412023740662     0.000000000000000    -0.000000000000000
    -0.000000000000005    -0.024050579175361     0.003142721163337
     0.000000000000014     0.061431235126144     0.035596222548482
41 105
    -0.026423672382966    -0.000000000000006    -0.000000000000000
    -0.000000000000016    -0.068463429091497     0.015627609587692
     0.000000000000025     0.111734798691636     0.112333967675630
41 106
    -1.112973227180241     0.207372732006574    -0.441178439502017
    -0.719972774714482    -0.093010950761690    -0.369875017842272
     0.323177457090796    -0.127329014703747     0.225639723024474
41 107
    -1.112973227180334    -0.207372732007078     0.441178439502017
     0.719972774714439    -0.093010950761364    -0.369875017842272
    -0.323177457090853    -0.127329014703894     0.225639723024475
41 108
     0.001957953604686     0.000000000000000    -0.000000000000000
     0.000000000000001     0.002357418007034    -0.003356057962181
     0.000000000000001     0.005567260131108     0.004420964291990
41 109
    -0.273364440379365    -0.000000000000062    -0.000000000000000
    -0.000000000000043    -0.187749572131134     0.100080316520368
    -0.000000000000006    -0.028030016005492     0.026543781819960
41 110
    -0.036176085847587    -0.057478148463096     0.019387349089759
     0.019085120118247     0.031594143346771     0.009653076704296
    -0.056430282751237    -0.040540048724726     0.012679694718077
41 111
    -0.036176085847561     0.057478148463079    -0.019387349089759
    -0.019085120118232     0.031594143346762     0.009653076704296
     0.056430282751219    -0.040540048724700     0.012679694718077
41 112
    -0.005924859157122    -0.000000000000001    -0.000000000000000
     0.000000000000002     0.010435225439648    -0.000004961320903
    -0.000000000000002    -0.010050493098211    -0.003909750406188
41 113
     0.008686139733026     0.000000000000002     0.000000000000000
    -0.000000000000004    -0.015941104789049    -0.002967972415963
     0.000000000000002     0.008129728716573     0.003527857102222
41 114
     0.075707883910134    -0.001048140602323    -0.023143081059449
     0.098117573181005    -0.041049134601478    -0.009219512383130
    -0.159495056511126     0.009562251053551     0.039043097344603
41 115
     0.075707883910134     0.001048140602357     0.023143081059449
    -0.098117573181023    -0.041049134601523    -0.009219512383130
     0.159495056511130     0.009562251053624     0.039043097344603
41 116
     0.021153347032099     0.000000000000005     0.000000000000000
    -0.000000000000211    -0.933468047710679    -1.313250617960668
    -0.000000000000025    -0.111203043824934    -0.184856657010025
41 117
     0.006692373552764     0.000000000000002    -0.000000000000000
     0.000000000000000     0.001298824675568    -0.004864850774679
    -0.000000000000009    -0.038739162757595    -0.021033009129586
41 118
    -0.082091487155438     0.031870942701747    -0.148094331111447
    -0.045187669107787    -0.100616774569576    -0.064690663258854
    -0.134703060150363     0.005999626385211    -0.134608914755373
41 119
    -0.082091487155452    -0.031870942701784     0.148094331111447
     0.045187669107741    -0.100616774569556    -0.064690663258854
     0.134703060150366     0.005999626385272    -0.134608914755373
41 120
     0.035196126647397     0.000000000000008     0.000000000000000
     0.000000000000001     0.003618017145906     0.033229273637041
    -0.000000000000025    -0.112027279861251     0.016268654748934
49 1
    -0.004002201824844     0.003213413935949    -0.000262571829583
     0.002007638948763    -0.000985536944509    -0.001547932121847
     0.001198906329251     0.000999915452390     0.001879542825325
49 2
    -0.001679676524115     0.012834982421408     0.000597708964796
     0.022655506101438    -0.020443705591935    -0.013128757626035
    -0.008552334736710     0.006180936039996    -0.006153608980666
49 3
     0.030008547879832     0.010179227585930    -0.024603457835257
    -0.001818884192487     0.034839915557343    -0.002337884661237
    -0.010285767608407     0.022468244441858    -0.010387288611259
49 4
    -0.011280386016117    -0.208868244562320     0.409016254798053
     0.036112479031224    -0.391278025407542     0.408794099668646
     0.138932669929808    -0.023785511046286     0.168864639492784
49 5
    -0.031122960146475    -0.004163781551484    -0.009629702499126
     0.005659838101498     0.008998744133296     0.004304497141539
     0.011658852806841     0.006037000243549    -0.006151097901407
49 6
     0.019718631619538     0.036890256498342    -0.004057450872048
    -0.030107508169233     0.023648019271801     0.036389910681418
    -0.033544130324638    -0.014689926830186    -0.016463054134898
49 7
    -0.221489808429688    -0.330177541119372     0.090014874617658
    -0.085235626139950    -0.181082954745638    -0.108458058123562
    -0.149536624063933    -0.558627880278636     0.168851665583279
49 8
     0.218949134244837     0.050491379833062    -0.470240367003594
    -0.103949452372895     0.188051203434550     0.116312104742512
    -0.335831813807298     0.349047297179909    -0.636442663985170
49 9
    -0.004002201824846    -0.003213413935951     0.000262571829583
    -0.002007638948763    -0.000985536944510    -0.001547932121847
    -0.001198906329251     0.000999915452389     0.001879542825325
49 10
     0.030008547879828    -0.010179227585917     0.024603457835257
     0.001818884192503     0.034839915557344    -0.002337884661237
     0.010285767608417     0.022468244441863    -0.010387288611259
49 11
    -0.001679676524121    -0.012834982421409    -0.000597708964796
    -0.022655506101447    -0.020443705591945    -0.013128757626035
     0.008552334736713     0.006180936040000    -0.006153608980666
49 12
    -0.011280386016022     0.208868244562315    -0.409016254798054
    -0.036112479031401    -0.391278025407559     0.408794099668645
    -0.138932669929818    -0.023785511046349     0.168864639492784
49 13
    -0.031122960146473     0.004163781551470     0.009629702499126
    -0.005659838101493     0.008998744133294     0.004304497141539
    -0.011658852806839     0.006037000243544    -0.006151097901407
49 14
    -0.221489808429539     0.330177541119272    -0.090014874617658
     0.085235626139868    -0.181082954745599    -0.108458058123562
     0.149536624063680    -0.558627880278568     0.168851665583279
49 15
     0.019718631619521    -0.036890256498333     0.004057450872048
     0.030107508169244     0.023648019271815     0.036389910681418
     0.033544130324631    -0.014689926830171    -0.016463054134898
49 16
     0.218949134244813    -0.050491379832963     0.470240367003595
     0.103949452372981     0.188051203434597     0.116312104742513
     0.335831813807456     0.349047297180061    -0.636442663985170
49 17
    -0.010239937156789    -0.002681266242242     0.006887497791626
     0.006571542924891    -0.000776031180432    -0.006876666400990
     0.000155209946219     0.004031954894368     0.004232842604173
49 18
     0.021590482647853     0.005985668058701    -0.000881286540746
    -0.020179131429655    -0.023459412967029    -0.006295364968480
     0.020387873577691     0.029178258885912     0.008499166265132
49 19
     0.136977625930921     0.508704523046444    -0.506565986118091
     0.215617899429961    -0.008675489765704    -0.012510246286751
    -0.075139111819693     0.167989829526188    -0.381467048261386
49 20
    -0.008093151107896    -0.006777381002169    -0.039169988133872
     0.118846730720777     0.077100642006599    -0.039488255585564
    -0.041009422279573    -0.012939139781841     0.047685813640705
49 21
    -0.000807779157387    -0.023200536241968    -0.027941939297574
    -0.004744719399094    -0.020904370740187     0.027977164202961
     0.046870276830400    -0.000777136172826     0.006014244081795
49 22
     0.011293733370427     0.006260601566457     0.023988084947380
    -0.023926682937144    -0.013312196971156    -0.006309422044373
     0.031717437739629     0.024460921341191    -0.012756491892080
49 23
    -0.207398559102902    -0.624802636711404     0.404484742422777
    -0.366653790988184    -0.087191649230962     0.742918665968154
     0.022860855553828     0.614520737177084    -0.210269197623825
49 24
    -0.008373197244744     0.009729018620249    -0.000079726355528
     0.016926482355634    -0.015451201021785    -0.011080558979767
     0.014669833522532    -0.026293046395242    -0.023400329100962
49 25
    -0.010239937156788     0.002681266242237    -0.006887497791626
    -0.006571542924891    -0.000776031180435    -0.006876666400990
    -0.000155209946217     0.004031954894368     0.004232842604173
49 26
     0.136977625930690    -0.508704523046382     0.506565986118092
    -0.215617899429965    -0.008675489765802    -0.012510246286750
     0.075139111819770     0.167989829526222    -0.381467048261386
49 27
     0.021590482647850    -0.005985668058691     0.000881286540746
     0.020179131429645    -0.023459412967020    -0.006295364968480
    -0.020387873577678     0.029178258885903     0.008499166265132
49 28
    -0.008093151107893     0.006777381002165     0.039169988133871
    -0.118846730720742     0.077100642006546    -0.039488255585564
     0.041009422279567    -0.012939139781823     0.047685813640705
49 29
    -0.000807779157377     0.023200536241968     0.027941939297574
     0.004744719399085    -0.020904370740185     0.027977164202961
    -0.046870276830400    -0.000777136172847     0.006014244081795
49 30
    -0.207398559102619     0.624802636711309    -0.404484742422777
     0.366653790988144    -0.087191649230796     0.742918665968154
    -0.022860855553550     0.614520737177073    -0.210269197623825
49 31
     0.011293733370425    -0.006260601566452    -0.023988084947380
     0.023926682937138    -0.013312196971145    -0.006309422044373
    -0.031717437739618     0.024460921341177    -0.012756491892080
49 32
    -0.008373197244748    -0.009729018620253     0.000079726355528
    -0.016926482355641    -0.015451201021793    -0.011080558979767
    -0.014669833522544    -0.026293046395249    -0.023400329100962
49 33
    -0.147777879813073    -0.000000000000034     0.000000000000000
     0.000000000000093     0.410941928533067    -0.123712741756685
     0.000000000000075     0.331678812888308    -0.537000995738209
49 34
     0.011027907535438     0.091236932605856     0.030270235320986
    -0.024336534792085     0.100773445303018    -0.026635126898604
     0.005222385615203    -0.070102718912300     0.001062605039746
49 35
     0.011027907535397    -0.091236932605851    -0.030270235320986
     0.024336534792131     0.100773445303029    -0.026635126898604
    -0.005222385615235    -0.070102718912302     0.001062605039746
49 36
    -0.000102041455879    -0.000000000000000    -0.000000000000000
     0.000000000000005     0.020121002775349     0.004973448576675
    -0.000000000000004    -0.018858097128996    -0.000693894901890
49 37
     0.625773700894393     0.000000000000141     0.000000000000000
    -0.000000000000207    -0.917024026527292     0.399980588712773
     0.000000000000037     0.162258485191636    -0.237874747457112
49 38
    -0.043260053520471     0.003505706004639    -0.000587206091613
     0.006737807991095     0.004750818178496     0.000405725798319
    -0.016449872168710     0.008795758367087    -0.016143937812406
49 39
    -0.043260053520473    -0.003505706004658     0.000587206091613
    -0.006737807991093     0.004750818178493     0.000405725798319
     0.016449872168714     0.008795758367095    -0.016143937812406
49 40
    -0.005567651469461    -0.000000000000001    -0.000000000000000
    -0.000000000000001    -0.004856914815721     0.005481157082452
     0.000000000000001     0.005393148063476     0.003923352085507
49 41
    -0.002749863024666    -0.000000000000001    -0.000000000000000
     0.000000000000001     0.005752960853009    -0.006875839514173
    -0.000000000000002    -0.006857148121242     0.006978707773837
49 42
    -0.004775985013559     0.004540811737158    -0.000643062280815
     0.004539040138673    -0.022788489117120     0.010518275944053
    -0.000640851740666     0.010532656722465    -0.013420881612678
49 43
    -0.004775985013561    -0.004540811737160     0.000643062280815
    -0.004539040138683    -0.022788489117122     0.010518275944053
     0.000640851740670     0.010532656722465    -0.013420881612678
49 44
    -3.044615822378254    -0.000000000000694     0.000000000000007
    -0.000000000001320    -5.822108151335576     3.873207310378923
     0.000000000000876     3.870373646771509    -7.625428285229049
49 45
     0.004183396391531     0.000000000000001    -0.000000000000000
    -0.000000000000001    -0.004306738678625    -0.011740690288852
    -0.000000000000003    -0.011731129518356     0.000834515340392
49 46
    -0.064749947300789    -0.002930204639761     0.057195782936411
    -0.002937538161093    -0.029830486513062    -0.022058583994197
     0.057214785076686    -0.022057140614488    -0.122609513259866
49 47
    -0.064749947300788     0.002930204639732    -0.057195782936410
     0.002937538161080    -0.029830486513061    -0.022058583994197
    -0.057214785076696    -0.022057140614514    -0.122609513259866
49 48
    -0.509034713955729    -0.000000000000115     0.000000000000000
    -0.000000000000069    -0.301838246773115    -0.234183166764435
    -0.000000000000053    -0.234163750319543    -0.282044840878681
49 49
    17.524466309243657     0.000000000003975    -0.000000000000022
     0.000000000005450    24.036088670629287    -5.867943865108754
    -0.000000000001330    -5.867932398315022    24.325803893120870
49 50
     0.014982561027410    -0.019811364079542    -0.015462138939155
    -0.019811570950473    -0.012633647503603     0.006873083224782
    -0.015470079094157     0.006858476398527    -0.004562631013515
49 51
     0.014982561027419     0.019811364079549     0.015462138939156
     0.019811570950468    -0.012633647503594     0.006873083224782
     0.015470079094160     0.006858476398534    -0.004562631013515
49 52
     0.014362565545058     0.000000000000003    -0.000000000000000
     0.000000000000004     0.015978878148904    -0.018512342064054
    -0.000000000000004    -0.018527937170134     0.028110904534151
49 53
    -0.042188437245924    -0.000000000000009     0.000000000000000
    -0.000000000000019    -0.082232216527992    -0.022869484332957
    -0.000000000000005    -0.022871683954204    -0.054199343981822
49 54
     0.008602887664592     0.005681539616204    -0.010115699085518
     0.005686617711846     0.016714022823885     0.011103160552771
    -0.010118438649435     0.011088502823811    -0.026627693718530
49 55
     0.008602887664589    -0.005681539616200     0.010115699085518
    -0.005686617711838     0.016714022823882     0.011103160552771
     0.010118438649440     0.011088502823816    -0.026627693718530
49 56
    -0.005426077263131    -0.000000000000001     0.000000000000000
    -0.000000000000001    -0.004642033135219     0.000086547486870
     0.000000000000000     0.000072727400223     0.002503964534385
49 57
    -0.055227463171166    -0.000000000000012     0.000000000000000
     0.000000000000010     0.043385706552450    -0.005158671223734
    -0.000000000000007    -0.032270388501778    -0.021185138681357
49 58
     0.022885455870263    -0.029290298799461    -0.024304125949533
    -0.004447725984901     0.064968128590195     0.001937395812760
    -0.004478503485910    -0.049445538768070     0.005498635807290
49 59
     0.022885455870276     0.029290298799471     0.024304125949533
     0.004447725984931     0.064968128590197     0.001937395812760
     0.004478503485888    -0.049445538768068     0.005498635807290
49 60
    -0.511510494965378    -0.000000000000115     0.000000000000004
    -0.000000000000515    -2.275037609317169    -0.727159305747587
    -0.000000000000196    -0.867571905519508    -4.944823554426117
49 61
     0.001855410868514     0.000000000000000     0.000000000000000
    -0.000000000000001    -0.002886468119336    -0.001635030866595
     0.000000000000006     0.026831609743925    -0.002262691668921
49 62
     0.010731578839539    -0.017330164033179    -0.003585776385451
     0.012126615183583    -0.017021128612060     0.015347294956652
     0.008592785473130    -0.030042090835923    -0.001105921156963
49 63
     0.010731578839547     0.017330164033184     0.003585776385451
    -0.012126615183591    -0.017021128612066     0.015347294956652
    -0.008592785473143    -0.030042090835926    -0.001105921156963
49 64
    -0.208240646828386    -0.000000000000047    -0.000000000000000
    -0.000000000000017    -0.072874907081747     0.081581755903267
    -0.000000000000007    -0.031222497326108     0.100565794728553
49 65
     0.009034114495262    -0.008346430265965     0.006336096949502
    -0.045040632157486     0.039704826488558    -0.007714854004718
     0.042697616445751    -0.027486549881282     0.027762492286972
49 66
     0.015257734322282    -0.151501375365053    -0.073798438422609
     0.037085798511338    -0.098157953752370    -0.011903586991846
     0.017790710770422     0.062572929623204    -0.035202610874641
49 67
    -3.300946652980253     0.181379804937685     1.256772372906290
    -0.037371448698240    -1.517607193058374     1.156282417817728
     1.642381887722917     1.014148279455004    -2.634548816857898
49 68
     0.001551290313420    -0.017681279636714     0.041041409173809
     0.017210376283857     0.006234073599743    -0.004108524965857
    -0.014177744997734     0.019925719471848     0.013990687347855
49 69
    -0.003382752368854     0.030767238446107    -0.018226304199675
    -0.031685088872503     0.012292785304500     0.017242243912795
    -0.005736259799353     0.004991650536789     0.009159161597027
49 70
     0.023464804924975    -0.011655613369063    -0.000859325987726
    -0.013199382977736     0.004447010330662     0.002410650701153
     0.018124995137592    -0.010988530961421     0.001846480281749
49 71
    -0.021237674166269     0.023487543853883    -0.125632982002261
    -0.032682464850144    -0.112308351667256    -0.050755690986023
    -0.075820671854010    -0.075185158987612    -0.043451506240298
49 72
     0.004322972899974     0.006597398187562     0.002354553206370
     0.009260206131747     0.002552090991074    -0.002572720517329
    -0.004441683732714     0.004456426914728     0.007205960446772
49 73
     0.009034114495266     0.008346430265969    -0.006336096949502
     0.045040632157504     0.039704826488579    -0.007714854004718
    -0.042697616445763    -0.027486549881301     0.027762492286972
49 74
    -3.300946652980332    -0.181379804939182    -1.256772372906285
     0.037371448697550    -1.517607193058357     1.156282417817727
    -1.642381887722458     1.014148279454260    -2.634548816857898
49 75
     0.015257734322350     0.151501375365059     0.073798438422610
    -0.037085798511383    -0.098157953752386    -0.011903586991845
    -0.017790710770393     0.062572929623196    -0.035202610874641
49 76
     0.001551290313428     0.017681279636714    -0.041041409173809
    -0.017210376283854     0.006234073599735    -0.004108524965857
     0.014177744997742     0.019925719471854     0.013990687347855
49 77
    -0.003382752368868    -0.030767238446109     0.018226304199675
     0.031685088872509     0.012292785304514     0.017242243912795
     0.005736259799355     0.004991650536792     0.009159161597027
49 78
    -0.021237674166280    -0.023487543853892     0.125632982002261
     0.032682464850093    -0.112308351667241    -0.050755690986023
     0.075820671853976    -0.075185158987577    -0.043451506240298
49 79
     0.023464804924980     0.011655613369073     0.000859325987726
     0.013199382977738     0.004447010330668     0.002410650701153
    -0.018124995137597    -0.010988530961429     0.001846480281749
49 80
     0.004322972899971    -0.006597398187560    -0.002354553206370
    -0.009260206131746     0.002552090991070    -0.002572720517329
     0.004441683732716     0.004456426914730     0.007205960446772
49 81
    -2.165641702541353     2.353097617603444     0.432611436807714
     2.270595453456805    -4.835398812741782     0.350146876527955
     0.519733649091058     0.199802897461277    -1.868758367678070
49 82
     0.003259735238548     0.008658172197538    -0.012883206169324
    -0.001440505560665    -0.000905982288760     0.034868714566661
     0.023740265113398    -0.028589205706021     0.015321140841890
49 83
    -0.077443852129660    -0.104599979217744    -0.025466603049596
    -0.042641249043555    -0.049050565373387    -0.013790267079816
    -0.078721688885324     0.066939143097522    -0.075625755528643
49 84
    -0.007448708886233    -0.000550546008246     0.011145935464137
    -0.002230226580756     0.000714668038325     0.006585050983448
     0.002624879407991    -0.004918794820023     0.006374793212059
49 85
    -0.119897525121204    -0.080087809099784     0.018612046087499
    -0.018120860092861    -0.006576669368655    -0.101646440152194
    -0.024688171206924    -0.015137605541094    -0.075622198166359
49 86
    -0.002531994378884    -0.003392027211714    -0.002945101121269
    -0.005068632157947    -0.004203046633106     0.004744952186181
     0.011262904958142     0.006367699644970     0.006374583955454
49 87
     0.017969332629069    -0.023574489082111    -0.033577208163753
    -0.010060941884702     0.037390855681592    -0.019249098218203
    -0.033467332353123    -0.019446709815399     0.051086024213931
49 88
    -0.004381172509875    -0.000779528642931     0.001461808985788
    -0.004012175979025    -0.001611568558804     0.003969056722684
     0.004157822411689    -0.000711333584394    -0.003565732547712
49 89
    -2.165641702542418    -2.353097617604426    -0.432611436807711
    -2.270595453458995    -4.835398812742813     0.350146876527955
    -0.519733649090967     0.199802897461042    -1.868758367678070
49 90
    -0.077443852129613     0.104599979217709     0.025466603049596
     0.042641249043533    -0.049050565373367    -0.013790267079816
     0.078721688885354     0.066939143097558    -0.075625755528643
49 91
     0.003259735238544    -0.008658172197537     0.012883206169324
     0.001440505560664    -0.000905982288760     0.034868714566661
    -0.023740265113411    -0.028589205706031     0.015321140841890
49 92
    -0.007448708886232     0.000550546008243    -0.011145935464137
     0.002230226580756     0.000714668038326     0.006585050983448
    -0.002624879407993    -0.004918794820024     0.006374793212059
49 93
    -0.119897525121168     0.080087809099730    -0.018612046087499
     0.018120860092858    -0.006576669368647    -0.101646440152194
     0.024688171206918    -0.015137605541083    -0.075622198166359
49 94
     0.017969332629080     0.023574489082119     0.033577208163753
     0.010060941884719     0.037390855681596    -0.019249098218203
     0.033467332353114    -0.019446709815384     0.051086024213931
49 95
    -0.002531994378883     0.003392027211713     0.002945101121269
     0.005068632157945    -0.004203046633104     0.004744952186181
    -0.011262904958139     0.006367699644965     0.006374583955454
49 96
    -0.004381172509875     0.000779528642929    -0.001461808985788
     0.004012175979025    -0.001611568558802     0.003969056722684
    -0.004157822411690    -0.000711333584396    -0.003565732547712
49 97
    -0.004805454197434    -0.000000000000001     0.000000000000000
     0.000000000000014     0.059810208054479     0.038221464981573
    -0.000000000000002    -0.006916234421557    -0.015069405146180
49 98
     0.127131148038185    -0.109274648737627    -0.077233355356882
    -0.033986191312324     0.160598601300843    -0.224966135041757
     0.108795970146364    -0.104287813058970     0.185960485600937
49 99
     0.127131148038234     0.109274648737684     0.077233355356882
     0.033986191312397     0.160598601300858    -0.224966135041757
    -0.108795970146412    -0.104287813059020     0.185960485600937
49 100
    -0.045784477131252    -0.000000000000010     0.000000000000000
    -0.000000000000028    -0.123813305731038     0.054001773001513
    -0.000000000000021    -0.092271749154879    -0.089617698416127
49 101
     0.048895643846599     0.000000000000011    -0.000000000000000
     0.000000000000009     0.038739107437014     0.075950656677959
     0.000000000000036     0.159942967115709     0.019954500587866
49 102
     0.064011762495285    -0.016744249469824     0.001722948605391
    -0.051179119755631    -0.012656372929032    -0.002227357456668
     0.059600775632076    -0.009661705285944     0.010628979989933
49 103
     0.064011762495292     0.016744249469853    -0.001722948605391
     0.051179119755626    -0.012656372929008    -0.002227357456668
    -0.059600775632080    -0.009661705285971     0.010628979989933
49 104
     0.001412023740662     0.000000000000000    -0.000000000000000
    -0.000000000000005    -0.024050579175361     0.003142721163337
     0.000000000000014     0.061431235126144     0.035596222548482
49 105
     0.008686139733026     0.000000000000002     0.000000000000000
    -0.000000000000004    -0.015941104789049    -0.002967972415963
     0.000000000000002     0.008129728716573     0.003527857102222
49 106
     0.075707883910134    -0.001048140602323    -0.023143081059449
     0.098117573181005    -0.041049134601478    -0.009219512383130
    -0.159495056511126     0.009562251053551     0.039043097344603
49 107
     0.075707883910134     0.001048140602357     0.023143081059449
    -0.098117573181023    -0.041049134601523    -0.009219512383130
     0.159495056511130     0.009562251053624     0.039043097344603
49 108
     0.021153347032099     0.000000000000005     0.000000000000000
    -0.000000000000211    -0.933468047710679    -1.313250617960668
    -0.000000000000025    -0.111203043824934    -0.184856657010025
49 109
     0.006692373552764     0.000000000000002    -0.000000000000000
     0.000000000000000     0.001298824675568    -0.004864850774679
    -0.000000000000009    -0.038739162757595    -0.021033009129586
49 110
    -0.082091487155438     0.031870942701747    -0.148094331111447
    -0.045187669107787    -0.100616774569576    -0.064690663258854
    -0.134703060150363     0.005999626385211    -0.134608914755373
49 111
    -0.082091487155452    -0.031870942701784     0.148094331111447
     0.045187669107741    -0.100616774569556    -0.064690663258854
     0.134703060150366     0.005999626385272    -0.134608914755373
49 112
     0.035196126647397     0.000000000000008     0.000000000000000
     0.000000000000001     0.003618017145906     0.033229273637041
    -0.000000000000025    -0.112027279861251     0.016268654748934
49 113
    -0.026423672382966    -0.000000000000006    -0.000000000000000
    -0.000000000000016    -0.068463429091497     0.015627609587692
     0.000000000000025     0.111734798691636     0.112333967675630
49 114
    -1.112973227180241     0.207372732006574    -0.441178439502017
    -0.719972774714482    -0.093010950761690    -0.369875017842272
     0.323177457090796    -0.127329014703747     0.225639723024474
49 115
    -1.112973227180334    -0.207372732007078     0.441178439502017
     0.719972774714439    -0.093010950761364    -0.369875017842272
    -0.323177457090853    -0.127329014703894     0.225639723024475
49 116
     0.001957953604686     0.000000000000000    -0.000000000000000
     0.000000000000001     0.002357418007034    -0.003356057962181
     0.000000000000001     0.005567260131108     0.004420964291990
49 117
    -0.273364440379365    -0.000000000000062    -0.000000000000000
    -0.000000000000043    -0.187749572131134     0.100080316520368
    -0.000000000000006    -0.028030016005492     0.026543781819960
49 118
    -0.036176085847587    -0.057478148463096     0.019387349089759
     0.019085120118247     0.031594143346771     0.009653076704296
    -0.056430282751237    -0.040540048724726     0.012679694718077
49 119
    -0.036176085847561     0.057478148463079    -0.019387349089759
    -0.019085120118232     0.031594143346762     0.009653076704296
     0.056430282751219    -0.040540048724700     0.012679694718077
49 120
    -0.005924859157122    -0.000000000000001    -0.000000000000000
     0.000000000000002     0.010435225439648    -0.000004961320903
    -0.000000000000002    -0.010050493098211    -0.003909750406188
57 1
     0.008915360364331     0.008282986357434     0.002453375694959
     0.045042383456671     0.039849473353893     0.050746319602095
     0.003542043866410     0.009344147283814     0.027765212622836
57 2
     0.007974141051891    -0.024203498481845    -0.001457034952523
     0.038320535573473     0.000975564384168    -0.007466787959550
    -0.005793453280717    -0.024391083837343     0.009148489510176
57 3
    -0.119339480097028     0.073768896747177    -0.063080256339030
    -0.114824131788724     0.036526242900403    -0.015876778148616
     0.047209152552201    -0.057931453908843    -0.035210144112418
57 4
    -0.001559349673085    -0.002794440861552     0.000455442773495
    -0.001194393075418     0.029518491880693     0.021214056924870
    -0.001633814347596    -0.001933458786786     0.001843969202490
57 5
    -1.900868488128794     0.625792997525978    -1.698832576352375
     0.846476282066528    -2.917451183727620     0.915790104637858
    -1.630161568173628     0.509743049635791    -2.634547979831478
57 6
    -0.093534274289968    -0.065200051716022     0.103030798911753
    -0.008992230140954    -0.039990021680323    -0.028043866406218
     0.106797737866025    -0.083403105621911    -0.043459876504494
57 7
     0.004855360934554     0.019588363201567    -0.010173464888027
    -0.015239121497160     0.002959063360224    -0.022237742804596
    -0.016937343413716     0.037613145823463     0.013983991136498
57 8
     0.009861686451135    -0.003404236119621    -0.001645609266496
    -0.006019154968287    -0.002954844065843    -0.006073483672525
     0.001071631583501     0.003341087139633     0.007195497616526
57 9
     0.008915360364327    -0.008282986357430    -0.002453375694959
    -0.045042383456653     0.039849473353872     0.050746319602095
    -0.003542043866406     0.009344147283813     0.027765212622836
57 10
    -0.119339480097061    -0.073768896747230     0.063080256339030
     0.114824131788741     0.036526242900455    -0.015876778148616
    -0.047209152552227    -0.057931453908865    -0.035210144112418
57 11
     0.007974141051902     0.024203498481849     0.001457034952523
    -0.038320535573473     0.000975564384150    -0.007466787959550
     0.005793453280706    -0.024391083837340     0.009148489510176
57 12
    -0.001559349673084     0.002794440861551    -0.000455442773495
     0.001194393075431     0.029518491880693     0.021214056924870
     0.001633814347595    -0.001933458786786     0.001843969202490
57 13
    -1.900868488129081    -0.625792997526839     1.698832576352379
    -0.846476282067851    -2.917451183728003     0.915790104637859
     1.630161568173859     0.509743049636529    -2.634547979831479
57 14
     0.004855360934545    -0.019588363201565     0.010173464888027
     0.015239121497161     0.002959063360231    -0.022237742804596
     0.016937343413733     0.037613145823471     0.013983991136498
57 15
    -0.093534274289938     0.065200051715980    -0.103030798911753
     0.008992230140936    -0.039990021680319    -0.028043866406218
    -0.106797737866062    -0.083403105621959    -0.043459876504494
57 16
     0.009861686451137     0.003404236119626     0.001645609266496
     0.006019154968285    -0.002954844065840    -0.006073483672525
    -0.001071631583500     0.003341087139633     0.007195497616526
57 17
     0.030722004976176    -1.241375035856624    -0.371070806196692
    -1.528643226097006    -1.568539271755308     0.004806141810656
    -0.189685197586232     0.319032880607396    -0.055036370401472
57 18
     0.010990607639829    -0.002723337954480    -0.046393100464038
    -0.063941521241569    -0.019018267134899     0.010857023910177
    -0.002242873676120    -0.039974343499981     0.015649045941788
57 19
     0.006239393346020     0.004860068089197    -0.000528962885778
     0.046478467475851     0.035869221443353    -0.012587422389691
     0.010680363489175     0.006775612595997     0.003692123537079
57 20
     0.000764682341569     0.004472238622049     0.015195747882960
     0.013816332154341    -0.024038384319806     0.012531194086120
    -0.006103313876422     0.013572153268096     0.003573056528884
57 21
     0.017378324851265     0.000955980283486     0.033496527001572
    -0.060277717355635    -0.025376644073637     0.021965421412790
    -0.032564046020035     0.034775651343740     0.015645279322900
57 22
    -0.252256047613883    -0.624171055933415     0.177011605405090
    -0.439159817482802    -0.866114702596738    -0.207391482628436
     0.268217196651749    -0.049594177104516     0.731799434047632
57 23
    -0.025766568899596    -0.010841533152498    -0.014807141575177
    -0.001520686454606     0.002467255895220    -0.001441539351364
    -0.003217053870572    -0.019407693198012     0.003578078687401
57 24
     0.002269596691676     0.012454466460349    -0.006706561930877
    -0.016239987527213     0.000086575406596    -0.012198234327717
     0.007252715309801     0.011928111841370    -0.046107181813244
57 25
     0.030722004976738     1.241375035856637     0.371070806196692
     1.528643226096296    -1.568539271754614     0.004806141810656
     0.189685197586376     0.319032880607482    -0.055036370401472
57 26
     0.006239393346018    -0.004860068089194     0.000528962885778
    -0.046478467475835     0.035869221443332    -0.012587422389691
    -0.010680363489172     0.006775612595992     0.003692123537079
57 27
     0.010990607639830     0.002723337954485     0.046393100464038
     0.063941521241560    -0.019018267134870     0.010857023910177
     0.002242873676102    -0.039974343499979     0.015649045941788
57 28
     0.000764682341567    -0.004472238622048    -0.015195747882960
    -0.013816332154352    -0.024038384319813     0.012531194086120
     0.006103313876428     0.013572153268099     0.003573056528884
57 29
     0.017378324851265    -0.000955980283478    -0.033496527001572
     0.060277717355624    -0.025376644073610     0.021965421412790
     0.032564046020051     0.034775651343755     0.015645279322899
57 30
    -0.025766568899591     0.010841533152487     0.014807141575177
     0.001520686454607     0.002467255895220    -0.001441539351364
     0.003217053870563    -0.019407693198011     0.003578078687401
57 31
    -0.252256047613600     0.624171055933300    -0.177011605405091
     0.439159817482410    -0.866114702596539    -0.207391482628437
    -0.268217196651771    -0.049594177104637     0.731799434047632
57 32
     0.002269596691670    -0.012454466460348     0.006706561930877
     0.016239987527213     0.000086575406603    -0.012198234327717
    -0.007252715309795     0.011928111841367    -0.046107181813244
57 33
    -0.005871788370867    -0.000000000000001    -0.000000000000000
    -0.000000000000011    -0.047723249355131    -0.028314258395451
    -0.000000000000006    -0.028280047373358     0.021742807533449
57 34
    -0.108612836482270    -0.020756646935692    -0.071158875430310
    -0.020816425047892     0.359201069748875     0.012486542197990
    -0.071166201775709     0.012536474319645     0.136645190777778
57 35
    -0.108612836482261     0.020756646935643     0.071158875430310
     0.020816425048055     0.359201069748885     0.012486542197990
     0.071166201775715     0.012536474319677     0.136645190777778
57 36
    -0.069516283437268    -0.000000000000016     0.000000000000000
    -0.000000000000022    -0.099148289235249     0.033953626488931
     0.000000000000008     0.033994942566994    -0.078799550455353
57 37
     0.009442800405857     0.000000000000002     0.000000000000000
    -0.000000000000024    -0.106862560821022    -0.005926022190119
    -0.000000000000001    -0.005882857982946    -0.014184877477214
57 38
    -0.063986030151749     0.032118467277060     0.021503200632872
     0.032149247976848    -0.107338404321775    -0.061858851538794
     0.021515621929199    -0.061809359217821    -0.088432259749297
57 39
    -0.063986030151764    -0.032118467277089    -0.021503200632871
    -0.032149247976896    -0.107338404321790    -0.061858851538794
    -0.021515621929227    -0.061809359217831    -0.088432259749297
57 40
    -0.399102545847729    -0.000000000000090     0.000000000000001
    -0.000000000000033    -0.145334048973283     0.057633459902769
     0.000000000000013     0.057681407737355    -0.628627139048288
57 41
    -0.147800511940236    -0.000000000000033     0.000000000000000
     0.000000000000093     0.410759218742272     0.331691314025352
    -0.000000000000028    -0.123695727307068    -0.536997647632530
57 42
     0.011026670145855    -0.024337461844736     0.005226134215356
     0.091308292029066     0.100740526203639    -0.070103188735476
     0.030282281071931    -0.026650588598241     0.001055490315179
57 43
     0.011026670145866     0.024337461844741    -0.005226134215356
    -0.091308292029020     0.100740526203597    -0.070103188735476
    -0.030282281071943    -0.026650588598255     0.001055490315179
57 44
    -0.000096878763268    -0.000000000000000     0.000000000000000
     0.000000000000005     0.020048239577044    -0.018856326980020
     0.000000000000001     0.004945279178892    -0.000701846652877
57 45
     0.625781450174714     0.000000000000141     0.000000000000000
    -0.000000000000207    -0.917074440110552     0.162169593852228
     0.000000000000091     0.400009064855362    -0.237892952781740
57 46
    -0.043259590494559     0.006733726497501    -0.016442247968490
     0.003517604528552     0.004678165762017     0.008820952937227
    -0.000585219092926     0.000375338232595    -0.016145193352036
57 47
    -0.043259590494562    -0.006733726497521     0.016442247968490
    -0.003517604528550     0.004678165762016     0.008820952937227
     0.000585219092927     0.000375338232595    -0.016145193352036
57 48
    -0.005562475308227    -0.000000000000001     0.000000000000000
    -0.000000000000001    -0.004905271076572     0.005393507079826
     0.000000000000001     0.005458831417646     0.003910168919398
57 49
    -0.055218456772213    -0.000000000000013     0.000000000000000
     0.000000000000010     0.043437990170481    -0.032280007570866
    -0.000000000000001    -0.005131445427297    -0.021177814700185
57 50
     0.022889323240976    -0.004454613753060    -0.004482817235972
    -0.029298003991229     0.065026648135366    -0.049474292048262
    -0.024311851608230     0.001965437982513     0.005503030195993
57 51
     0.022889323240978     0.004454613753070     0.004482817235972
     0.029298003991259     0.065026648135380    -0.049474292048262
     0.024311851608231     0.001965437982524     0.005503030195993
57 52
    -0.511472154741305    -0.000000000000115     0.000000000000005
    -0.000000000000515    -2.275014256132704    -0.868909756535238
    -0.000000000000164    -0.725937349276077    -4.944712229912303
57 53
     0.001861381240007     0.000000000000000     0.000000000000000
    -0.000000000000001    -0.002803955080113     0.026828618413835
    -0.000000000000000    -0.001609541476860    -0.002255367687749
57 54
     0.010733765955025     0.012120632044145     0.008588008440671
    -0.017353798563483    -0.016951800880866    -0.030060918982371
    -0.003589444849437     0.015372062336008    -0.001101945281470
57 55
     0.010733765955019    -0.012120632044140    -0.008588008440672
     0.017353798563475    -0.016951800880858    -0.030060918982371
     0.003589444849444     0.015372062336010    -0.001101945281470
57 56
    -0.208258938556701    -0.000000000000047    -0.000000000000000
    -0.000000000000017    -0.072814758144319    -0.031243091502065
     0.000000000000018     0.081593041455839     0.100563702162503
57 57
    23.825608900828438     0.000000000005391    -0.000000000000018
     0.000000000007722    34.075527742961725     4.480369352468578
     0.000000000001013     4.480321967081100    18.744640838215826
57 58
     0.013167757530745     0.006480314949254    -0.019810328437051
     0.006475333700708    -0.008324041386716    -0.010603445286227
    -0.019811784517283    -0.010652557479942     0.000115300389307
57 59
     0.013167757530743    -0.006480314949248     0.019810328437051
    -0.006475333700711    -0.008324041386719    -0.010603445286227
     0.019811784517278    -0.010652557479933     0.000115300389307
57 60
    -0.001929263183815    -0.000000000000001    -0.000000000000000
     0.000000000000031     0.137824594392121     0.027878213413833
     0.000000000000006     0.027822003139530     0.007393663621379
57 61
     0.031360562544607     0.000000000000007     0.000000000000000
    -0.000000000000012    -0.054713159372846    -0.005405634753145
    -0.000000000000001    -0.005449718428479    -0.009865611895212
57 62
    -0.035283959436028    -0.024774795641168    -0.035912187833736
    -0.024759082520839    -0.096898557225752     0.026592128784108
    -0.035912474885369     0.026552231562391    -0.094626045998107
57 63
    -0.035283959436017     0.024774795641152     0.035912187833736
     0.024759082520795    -0.096898557225741     0.026592128784108
     0.035912474885381     0.026552231562408    -0.094626045998107
57 64
    -0.000371960834257    -0.000000000000000    -0.000000000000000
    -0.000000000000009    -0.040769619265280     0.001587622689074
     0.000000000000000     0.001542888355454     0.003143243462393
57 65
     0.014281587977979    -0.007729634623238     0.008545042141285
    -0.111134242282208     0.082891818673656    -0.027612782745504
    -0.019599470798553     0.021190646289312     0.015510518069336
57 66
    -5.930462017720047    -1.669479425898611    -1.762657104477442
    -2.955277861480087    -3.260080698918281    -1.305401808291561
    -2.012469707812986    -0.874104787406363    -1.063877529160931
57 67
    -0.043830792630447    -0.057105538413464     0.095411919223906
     0.044714388205812    -0.133916132360767     0.070635428216830
    -0.024840512209609    -0.039664637450370    -0.058150108682572
57 68
    -0.002623252695871    -0.044311640297194    -0.020609979008963
     0.033852653971940     0.000316382735893     0.000941824084820
     0.003548679192602    -0.013649584403896     0.021743435303264
57 69
    -0.116757550861946    -0.014997114620406    -0.046764520252066
     0.086930576835719    -0.060970546615560    -0.001710553195901
     0.108926400907418     0.047292081352050    -0.058146969833499
57 70
    -0.004946559451315    -0.042972612875995    -0.010045998199847
     0.035178859216592     0.002650415338978     0.009839677496050
    -0.009457434911494    -0.018338957504076     0.021741970507030
57 71
    -0.000114586236635    -0.002317176836687    -0.001316200971201
     0.054372840558845    -0.030169058440607     0.001641370332193
     0.000803791691510    -0.001978923203453     0.007817617502932
57 72
    -0.004016075380118     0.008147866988687     0.007707676706579
    -0.024009729613520     0.005144595344004    -0.010119716498150
    -0.004881131486501     0.011715995632445    -0.002306635555952
57 73
     0.014281587977982     0.007729634623244    -0.008545042141285
     0.111134242282246     0.082891818673707    -0.027612782745504
     0.019599470798562     0.021190646289321     0.015510518069336
57 74
    -0.043830792630421     0.057105538413444    -0.095411919223906
    -0.044714388205873    -0.133916132360787     0.070635428216830
     0.024840512209591    -0.039664637450358    -0.058150108682572
57 75
    -5.930462017719295     1.669479425895927     1.762657104477445
     2.955277861478605    -3.260080698916942    -1.305401808291560
     2.012469707812590    -0.874104787405451    -1.063877529160931
57 76
    -0.002623252695851     0.044311640297193     0.020609979008963
    -0.033852653971940     0.000316382735877     0.000941824084820
    -0.003548679192608    -0.013649584403898     0.021743435303264
57 77
    -0.116757550861939     0.014997114620353     0.046764520252066
    -0.086930576835746    -0.060970546615599    -0.001710553195901
    -0.108926400907396     0.047292081352001    -0.058146969833499
57 78
    -0.000114586236634     0.002317176836687     0.001316200971201
    -0.054372840558859    -0.030169058440632     0.001641370332193
    -0.000803791691511    -0.001978923203454     0.007817617502932
57 79
    -0.004946559451296     0.042972612875992     0.010045998199847
    -0.035178859216591     0.002650415338962     0.009839677496050
     0.009457434911486    -0.018338957504071     0.021741970507030
57 80
    -0.004016075380122    -0.008147866988689    -0.007707676706579
     0.024009729613522     0.005144595344015    -0.010119716498150
     0.004881131486506     0.011715995632447    -0.002306635555952
57 81
    -0.004821373512692    -0.000442901453729     0.003413911187906
    -0.009652006336028    -0.006218556176453    -0.002159552737655
    -0.009377129153195    -0.002538016049321     0.004240166585345
57 82
    -0.285920778604938    -0.264467035955778     0.183053144502134
     0.028602534149527     0.414120639741907    -0.018960790347930
     0.242467066833148     0.444930447850277    -0.381470814880274
57 83
    -0.003782415288616     0.024911199144467    -0.024096932905825
     0.006514408714093    -0.017987641143191    -0.040202961424586
     0.038225622414317     0.010196424903836     0.006027427247904
57 84
     0.312097270644021     0.325007550664605     0.520708104859435
     0.066691125168257    -0.606693201590550    -0.327070394861754
     0.441170845081727    -0.721778599351352    -0.210270453163456
57 85
    -0.006045471159331     0.009972694798718     0.015072100421393
     0.036208026105986     0.004168858461335    -0.032268706784364
    -0.004987620446313     0.003897508877847     0.008501677344391
57 86
     0.007264565803100    -0.002095990159163     0.009301726413811
    -0.127691113735292     0.061722349029560     0.041974428616023
    -0.014604335620552     0.053661786163902     0.047691045055828
57 87
     0.000486179198218    -0.000021845019719     0.005325911510597
     0.030234390972996    -0.002515121183088    -0.039715925089240
    -0.017432184491767    -0.017631051623662    -0.012752306759982
57 88
    -0.025224354357948     0.000007150712566    -0.030110305206604
    -0.007155918036478     0.001378447034583     0.000395527527573
    -0.009540185062181     0.005598872967432    -0.023396771738679
57 89
    -0.004821373512692     0.000442901453726    -0.003413911187906
     0.009652006336025    -0.006218556176449    -0.002159552737655
     0.009377129153194    -0.002538016049316     0.004240166585345
57 90
    -0.003782415288627    -0.024911199144469     0.024096932905825
    -0.006514408714101    -0.017987641143194    -0.040202961424586
    -0.038225622414312     0.010196424903819     0.006027427247904
57 91
    -0.285920778604818     0.264467035955648    -0.183053144502133
    -0.028602534149340     0.414120639741894    -0.018960790347930
    -0.242467066832947     0.444930447850167    -0.381470814880274
57 92
     0.312097270643875    -0.325007550664462    -0.520708104859434
    -0.066691125168531    -0.606693201590581    -0.327070394861755
    -0.441170845082054    -0.721778599351552    -0.210270453163456
57 93
    -0.006045471159336    -0.009972694798720    -0.015072100421393
    -0.036208026105985     0.004168858461319    -0.032268706784364
     0.004987620446315     0.003897508877849     0.008501677344391
57 94
     0.000486179198218     0.000021845019719    -0.005325911510597
    -0.030234390972997    -0.002515121183102    -0.039715925089240
     0.017432184491759    -0.017631051623654    -0.012752306759982
57 95
     0.007264565803101     0.002095990159166    -0.009301726413811
     0.127691113735320     0.061722349029617     0.041974428616023
     0.014604335620577     0.053661786163909     0.047691045055828
57 96
    -0.025224354357948    -0.000007150712578     0.030110305206604
     0.007155918036478     0.001378447034586     0.000395527527573
     0.009540185062184     0.005598872967436    -0.023396771738679
57 97
     0.156644325099144     0.000000000000036     0.000000000000001
    -0.000000000000041    -0.182219833170258    -1.664488433829485
    -0.000000000000250    -1.104282105151049    -0.843765319355224
57 98
    -0.084194751932312     0.014308939224079    -0.044006561234791
    -0.104182330689988     0.140609165370304    -0.120473274835733
    -0.154003962789156    -0.041335054361739    -0.047885653698397
57 99
    -0.084194751932319    -0.014308939224117     0.044006561234791
     0.104182330690052     0.140609165370351    -0.120473274835733
     0.154003962789137    -0.041335054361669    -0.047885653698397
57 100
     0.001328881627264     0.000000000000000     0.000000000000000
     0.000000000000015     0.064760367728983    -0.097090845047157
     0.000000000000001     0.004564819689108    -0.004645078115851
57 101
     0.003134704608460     0.000000000000001    -0.000000000000000
    -0.000000000000020    -0.086482251975277     0.117083314514045
     0.000000000000001     0.004179907977961     0.023956533156820
57 102
    -0.001133859718098     0.039335002350741     0.004272282368979
    -0.157850434346247    -0.237939748359923     0.023082545502862
     0.082624953976470     0.076085698649007    -0.066127388975053
57 103
    -0.001133859718116    -0.039335002350742    -0.004272282368979
     0.157850434346139    -0.237939748359852     0.023082545502862
    -0.082624953976435     0.076085698648969    -0.066127388975052
57 104
     0.000208381084520    -0.000000000000000    -0.000000000000000
    -0.000000000000023    -0.102014771134501     0.071615013466304
     0.000000000000015     0.066328943907392     0.027775675453081
57 105
    -4.418153144767832    -0.000000000000999     0.000000000000003
    -0.000000000003173   -14.012027636816772    -0.959737760828727
    -0.000000000000581    -2.570266287855369    -3.167585236959435
57 106
    -0.000478202207938     0.001554830247331     0.008745551538421
     0.039222921209353    -0.033975664843603     0.028208141253907
     0.019873473300045     0.003045845917319    -0.000361176900079
57 107
    -0.000478202207939    -0.001554830247331    -0.008745551538421
    -0.039222921209369    -0.033975664843621     0.028208141253907
    -0.019873473300044     0.003045845917310    -0.000361176900079
57 108
     0.001424591623582     0.000000000000000    -0.000000000000000
    -0.000000000000014    -0.060922192971602     0.002319693151258
    -0.000000000000001    -0.006341387653901    -0.006991890939946
57 109
    -0.017057310898705    -0.000000000000004    -0.000000000000000
     0.000000000000009     0.038041444720368    -0.024842436278858
    -0.000000000000002    -0.008690429629314     0.001935205082232
57 110
     0.064109082510371    -0.098168578944651    -0.108214921634375
     0.168428514507383     0.097905580038597     0.036206066179055
    -0.111047406621415    -0.025395376602691    -0.165274214665692
57 111
     0.064109082510415     0.098168578944680     0.108214921634375
    -0.168428514507339     0.097905580038521     0.036206066179055
     0.111047406621404    -0.025395376602641    -0.165274214665692
57 112
    -0.010238131035577    -0.000000000000002    -0.000000000000000
     0.000000000000011     0.050597883017132    -0.023109281509952
     0.000000000000001     0.002887918015925    -0.005732375434977
57 113
     0.005042490151964     0.000000000000001     0.000000000000000
    -0.000000000000012    -0.054356342200707     0.207211221302282
     0.000000000000016     0.071271529724790     0.054339755163718
57 114
    -0.787476658425473    -0.345024551845749    -0.231336762139169
     0.845436365160337     0.170880511217079     0.326374707419528
     0.006876864426081     0.165371957948517    -0.271270636804938
57 115
    -0.787476658425317     0.345024551845392     0.231336762139169
    -0.845436365160261     0.170880511216697     0.326374707419528
    -0.006876864426006     0.165371957948514    -0.271270636804938
57 116
     0.014207740462310     0.000000000000003    -0.000000000000000
    -0.000000000000006    -0.028684689228196     0.000442108818277
     0.000000000000003     0.014526782949660     0.021053934790077
57 117
     0.027938908466677     0.000000000000006     0.000000000000000
     0.000000000000032     0.141314564265101    -0.037650361819810
    -0.000000000000004    -0.018055701751643     0.015937401543357
57 118
     0.007932122525168     0.012648940145554    -0.006178553851752
     0.037382149849361     0.042863885513728    -0.013065914227926
     0.001533172849444    -0.019959126701931     0.026594631174954
57 119
     0.007932122525163    -0.012648940145550     0.006178553851752
    -0.037382149849342     0.042863885513711    -0.013065914227926
    -0.001533172849453    -0.019959126701932     0.026594631174954
57 120
    -0.088653284918178    -0.000000000000020     0.000000000000000
     0.000000000000017     0.073384408675316    -0.030174202476331
    -0.000000000000009    -0.041092494386124    -0.044669798194099
65 1
    -0.001498037213117     0.007733277228860    -0.003577183125574
    -0.001475827653439    -0.009541892476031    -0.001876757446164
     0.002490578202674     0.009389840085897     0.004240166585345
65 2
    -0.028044022046977     0.007493036478823    -0.022768319448135
    -0.010903753951550     0.006273965615183     0.040970036762032
    -0.010282448212659    -0.038202572538197     0.006027427247904
65 3
    -0.018381562678104    -0.029085780346873    -0.035481570033220
    -0.002850449039604     0.016504949980115     0.003081531538862
     0.005869151922847     0.002370651572020     0.008501677344391
65 4
    -0.014847212242028    -0.021381653297378    -0.037057955817371
     0.008874582695338     0.012818270257167     0.015245587878134
    -0.006552846355638     0.023912240425162    -0.012752306759982
65 5
     0.341242610362593    -0.390695485595904    -0.107947098368201
    -0.097625915490599    -0.213042749225953    -0.149048278207548
     0.264087537338852    -0.432447863383799    -0.381470814880274
65 6
    -0.546606085481617     0.429081488645045    -0.543605323205730
     0.170765063148697     0.252010154535537    -0.287411249333962
    -0.845664025486922    -0.021175859574248    -0.210270453163456
65 7
     0.104307367751010     0.071663425907736     0.031700058283898
    -0.053931697668393    -0.035320452918401    -0.029042745681426
     0.053774637840651    -0.014183167429155     0.047691045055828
65 8
    -0.002176746259426    -0.006150624703385     0.015397689490076
    -0.013313693452429    -0.021669161063952     0.025878525460842
     0.009618858753447     0.005462606136940    -0.023396771738679
65 9
     0.018773878434791    -0.042719494649754    -0.027955306590717
    -0.042719494649732    -0.030554345036563     0.016140003785433
    -0.004443962098171     0.002565722713649    -0.021177814700185
65 10
     0.039877004706350    -0.039105846458202    -0.045087402366020
    -0.014262456220013     0.048038966669999     0.020854912417255
    -0.010453806581687    -0.022037400097033     0.005503030195993
65 11
    -0.001637621000082     0.002020149885212     0.023234265094814
     0.002020149885211     0.000695047159978    -0.013414309206917
    -0.001393903807405     0.000804770738430    -0.002255367687749
65 12
    -0.012296436745871    -0.004057304834621    -0.021739515279496
     0.025417125772994     0.006078401820044     0.022467892968724
     0.011517874066817    -0.010794581593108    -0.001101945281470
65 13
     0.069107629117129     0.002613852652137    -0.040604585130048
    -0.022229537586033     0.018808342259189     0.028619379631007
     0.013858045026534     0.020071962114514     0.005503030195993
65 14
    -1.834128730783690     0.763636130224214    -0.752497922755473
     0.763636130223814    -0.952357680089629     0.434454878267615
    -0.628680186028773     0.362968674638180    -4.944712229912303
65 15
    -0.007764381597897     0.028033709032674    -0.030327523720168
    -0.001440721574953     0.001546346672065     0.007593026013647
     0.015107318916256    -0.004577480742907    -0.001101945281470
65 16
    -0.106675803247358    -0.058649050515974    -0.027057310933543
    -0.058649050515943    -0.174397893453715     0.015621545751032
     0.070661646672765    -0.040796520727935     0.100563702162503
65 17
     0.117208829495902     0.051709171684874    -0.028185892397423
    -0.051695435974097    -0.020035422844321     0.006406167801988
     0.028151373408426     0.006378316467626     0.015510518069336
65 18
    -0.106029271997168    -0.008804079400241     0.013466115630998
     0.093015847219035    -0.071717652994013    -0.117946859980168
    -0.021930327559106     0.041344833341730    -0.058150108682572
65 19
    -0.106065400507439    -0.093103692721111     0.021900877603858
     0.008823998735013    -0.071662696970073     0.041354539132042
    -0.013507056605004    -0.117979071004682    -0.058146969833499
65 20
    -0.045196203986721    -0.028344956415322     0.002079568890298
     0.028345060980210     0.014912559309503     0.000319178311449
    -0.002115693612084     0.000293357577528     0.007817617502932
65 21
    -1.925097380014387     0.642779509697511    -0.249182575887618
    -0.643018925883964    -7.265445336626035     2.179206734784765
     0.249237902443185     2.179902285016328    -1.063877529160930
65 22
     0.004110347805702    -0.037740300034140     0.011120633087832
     0.040423994234994    -0.006417217765685     0.017377853350820
    -0.013595226441172     0.003751545871273     0.021743435303264
65 23
     0.004125965971343    -0.040416884211595     0.013544409776546
     0.037734587880992    -0.006422110083685     0.003780250899418
    -0.011153285621701     0.017359857640032     0.021741970507030
65 24
     0.009722815655192     0.016077577175914    -0.012617769919781
    -0.016080019426292    -0.008594295691313    -0.001615185582981
     0.012586915591573    -0.001630813949699    -0.002306635555952
65 25
    -0.037260384109041     0.018122214198935    -0.024520867059771
     0.018122214198925    -0.016334653616941     0.014157129197725
    -0.024491239445546     0.014140023686685     0.021742807533449
65 26
     0.224245924965342    -0.212992520572003    -0.024765774966272
    -0.212932742459592     0.026342308301108    -0.067868664926392
    -0.024726195653128    -0.067899975788473     0.136645190777777
65 27
    -0.077786220514251     0.050361698709409    -0.005132085760032
     0.050361698709383    -0.019633539900869     0.002963011095060
    -0.005094704460085     0.002941428991474    -0.014184877477214
65 28
    -0.068671573752680     0.034854447836186    -0.042819736565076
     0.034823667136378    -0.102652860720871     0.049551743780142
    -0.042770664309652     0.049537754777852    -0.088432259749297
65 29
     0.260249261416515    -0.192146206467877     0.046393100464038
    -0.192205984580077    -0.009661028150102     0.055382122728402
     0.046440006122555     0.055363501468807     0.136645190777778
65 30
    -0.091740287785698     0.012831034893063     0.029404703090015
     0.012831034893056    -0.076924284886807    -0.016976813244466
     0.029440483863198    -0.016997471283504    -0.078799550455353
65 31
    -0.124329047805754     0.002689809509415    -0.064322937197948
     0.002720590209203    -0.046995386667739     0.012307107758652
    -0.064286286238856     0.012271604439998    -0.088432259749297
65 32
    -0.208776173191784    -0.109884982486791     0.049912040383777
    -0.109884982486733    -0.335660421629328    -0.028816729951385
     0.049953564426578    -0.028840703868689    -0.628627139048288
65 33
     0.030729139327196     1.528639107077525     0.189697644000564
     1.241370916837143    -1.568546406106327     0.318953673863863
     0.371133178041576     0.004755759527892    -0.055036370401472
65 34
     0.006231526422800    -0.046473925505612    -0.010636546114746
    -0.004855526118959     0.035877088366573     0.006751806491589
     0.000527670889746    -0.012637272401278     0.003692123537079
65 35
     0.010999163808143     0.063960727701087     0.002274349447516
     0.002727030061966    -0.018997483030511    -0.039991554028315
     0.046398620506839     0.010813465431493     0.015645279322899
65 36
     0.000761797809971    -0.013795473206327     0.006155161088753
    -0.004474626508435    -0.024061110814361     0.013544130437222
    -0.015199028403043     0.012489896976265     0.003578078687401
65 37
     0.017350682360529     0.060269530389506     0.032599008747724
    -0.000948652897583    -0.025378341855602     0.034749091607103
    -0.033497360132519     0.021929557330990     0.015649045941788
65 38
    -0.025756801100083     0.001495853450009     0.003254458476850
     0.010839946982301     0.002483099121859    -0.019425500739211
     0.014805486452435    -0.001500451769795     0.003573056528884
65 39
    -0.252214264347436     0.439135693902671    -0.268112095187243
     0.624146932353283    -0.866156485863186    -0.049600805731297
    -0.177058415578158    -0.207485817480064     0.731799434047632
65 40
     0.002271509433098     0.016238883205438    -0.007210699843677
    -0.012455570782124     0.000084662665174     0.011907170168053
     0.006703690218905    -0.012245091625390    -0.046107181813244
65 41
    -0.010240483807899    -0.006523281548318    -0.000163271937668
     0.002685823333981    -0.000799445881239     0.004036310183819
    -0.006886550950517    -0.006851824036578     0.004240166585345
65 42
     0.136977959947469    -0.215558166393839     0.075106046133933
    -0.508627736498828    -0.008778098810613     0.168009068555477
     0.506554604171805    -0.012482584466598    -0.381470814880274
65 43
     0.021612114790425     0.020239911412751    -0.020409469611827
    -0.005995419894513    -0.023488727488456     0.029187175245502
     0.000881531476534    -0.006268160449869     0.008501677344391
65 44
    -0.008091561305139    -0.118825249615665     0.041001784697708
     0.006769873960489     0.077078476137866    -0.012931682934596
     0.039170302220093    -0.039478618734771     0.047691045055828
65 45
    -0.000828647312104     0.004809049977732    -0.046865252353961
     0.023205840408099    -0.020941409119718    -0.000767075337447
     0.027943174201641     0.028006147634366     0.006027427247904
65 46
    -0.207385081581724     0.366614401065319    -0.022897218346296
     0.624930826561250    -0.087210849364710     0.614481644195717
    -0.404493180405204     0.742954458925984    -0.210270453163456
65 47
     0.011317620066498     0.023980855671983    -0.031732044306774
    -0.006275380320734    -0.013346562051387     0.024470337211106
    -0.023985030847395    -0.006281188801498    -0.012752306759982
65 48
    -0.008367760367668    -0.016888077114389    -0.014712615716528
    -0.009725008365333    -0.015478146955703    -0.026274052988415
     0.000078673691268    -0.011061479104376    -0.023396771738679
65 49
     0.009025382643885    -0.045105904849388     0.042720914076487
    -0.008346507750151     0.039739451074338    -0.027497845477909
     0.006321246991280    -0.007739573611538     0.027765212622835
65 50
     0.015337250403187     0.037068485180826     0.017790434962567
    -0.151524543355075    -0.098150487599882     0.062567493541156
    -0.073774687039313    -0.011918598446930    -0.035210144112418
65 51
    -3.300816808495864    -0.038215742450824     1.642513783326774
     0.182467542089726    -1.517502863359817     1.013337115579179
     1.256531214473846     1.156889805493914    -2.634547979831478
65 52
     0.001549860852199     0.017147552859515    -0.014171717747587
    -0.017679931839212     0.006264563442582     0.019929350439840
     0.041042611506217    -0.004138403242828     0.013983991136498
65 53
    -0.003387647822659    -0.031760803708274    -0.005737910581379
     0.030763230347044     0.012337353258724     0.004995223262862
    -0.018226571588611     0.017212819635412     0.009148489510176
65 54
     0.023476247252683    -0.013259915549001     0.018144190827515
    -0.011659867762867     0.004482894954912    -0.011001453474252
    -0.000857517252729     0.002381654123479     0.001843969202490
65 55
    -0.021249884406288    -0.032741181816607    -0.075802100183991
     0.023466639758461    -0.112274411564041    -0.075205356026699
    -0.125628077156085    -0.050788001247757    -0.043459876504494
65 56
     0.004329736599364     0.009213027704351    -0.004436986516627
     0.006598108855686     0.002577105785931     0.004461881265751
     0.002357650547428    -0.002598603744627     0.007195497616526
65 57
     0.014269692503526    -0.111127374426866    -0.019640850256138
    -0.007722766767865     0.082903714148162     0.021206614943515
     0.008551902609877    -0.027568962756951     0.015510518069336
65 58
    -5.930254677217505    -2.955397569573127    -2.011839680365061
    -1.669599133990449    -3.260288039418731    -0.873804926493208
    -1.763231805368814    -1.305797497610080    -1.063877529160931
65 59
    -0.043769194846819     0.044790729842697    -0.024863642648208
    -0.057136961613402    -0.133958902630757    -0.039643985936141
     0.095419344302361     0.070686989652638    -0.058146969833499
65 60
    -0.002623622688542     0.033837711051304     0.003498411576699
    -0.044313761041279     0.000327478576208    -0.013619928395467
    -0.020610720533188     0.000979099864049     0.021741970507030
65 61
    -0.116760322859074     0.086820272115270     0.108878034854904
    -0.014999654504047    -0.060986602132096     0.047311431763338
    -0.046770839768697    -0.001680195891350    -0.058150108682572
65 62
    -0.004947400049806     0.035194501072382    -0.009489345921131
    -0.042969793196751     0.002640530089833    -0.018319677435641
    -0.010046547248568     0.009898038532630     0.021743435303264
65 63
    -0.000114676792496     0.054372892841310     0.000763367919097
    -0.002317124554235    -0.030168967884769    -0.001960548643643
    -0.001311901920573     0.001685565625926     0.007817617502932
65 64
    -0.004013960329241    -0.024010950738717    -0.004910093213203
     0.008146645863494     0.005142480293135     0.011734902081131
     0.007705784105071    -0.010085181682751    -0.002306635555952
65 65
    31.513048032409358    -4.438345052005991     3.880113677574016
    -4.438345052003660    26.388088611376784    -2.240184676234269
     3.880072640624175    -2.240160983541424    18.744640838215826
65 66
     0.002658868769333     0.012542643455997    -0.019088017204034
     0.012547624704533     0.002184847374696    -0.011854525040690
    -0.019131277651532    -0.011831229946304     0.000115300389307
65 67
    -0.033194728893459     0.037271014889404    -0.004681417019802
     0.037271014889385     0.009842132065254     0.002702817376572
    -0.004719594602533     0.002724859214241    -0.009865611895212
65 68
    -0.102943706196371     0.014304290484607     0.005073365150871
     0.014288577364251    -0.029238810465351    -0.044396931361556
     0.005038669617515    -0.044377231344722    -0.094626045998107
65 69
    -0.008561052084032     0.006069800379558     0.000722311233017
     0.006064819131012     0.013404768228073     0.022457970326917
     0.000680506865740     0.022483787426245     0.000115300389307
65 70
     0.102886129998070    -0.060515195468824     0.024143241028497
    -0.060515195468793     0.033009201210182    -0.013939106706917
     0.024094561502994    -0.013911001569771     0.007393663621379
65 71
    -0.060046109360158     0.039055516445253     0.040985552984607
     0.039071229565582    -0.072136407301609     0.017804802577448
     0.040951144502876     0.017824999782313    -0.094626045998107
65 72
    -0.030670204657504     0.017492699227338     0.001374921580362
     0.017492699227329    -0.010471375442017    -0.000793811344537
     0.001336180511025    -0.000771444177727     0.003143243462393
65 73
    -2.368177044469876    -0.143638214139193    -0.181373162196128
     0.143629976100465     0.830359777693255    -0.323759815674520
     0.181447980455347    -0.323788640135456    -0.055036370401472
65 74
    -0.040382779242924    -0.034281082495612    -0.013794091716313
     0.026937100791463     0.032355119747911    -0.045606115517279
    -0.035740233808630     0.018044786169005     0.015649045941788
65 75
    -0.040374967492924    -0.026933838474110     0.035770876449088
     0.034299859164992     0.032376648270609     0.018026132615525
     0.013834574486809    -0.045589116775254     0.015645279322899
65 76
    -1.173085813353494     0.092481495645477    -0.091100489782153
    -0.092529742805413     0.054715063143837     0.256992288359734
     0.091158781073497     0.257079994584660     0.731799434047632
65 77
     0.050692002415186     0.020813741663562    -0.011165509000524
    -0.020804657723078    -0.008583387625860     0.005835615898102
     0.011208034378915     0.005861659805281     0.003692123537079
65 78
    -0.009918434208824     0.019984232370506     0.018450206359811
     0.010640138838202    -0.013355267769416     0.006894306653091
     0.008702172576012    -0.012071701498308     0.003573056528884
65 79
    -0.009944198416935    -0.010655736311989    -0.008651980486424
    -0.019976583009869    -0.013355114587444    -0.012102591085858
    -0.018416082273609     0.006917796221754     0.003578078687401
65 80
    -0.001006847977363    -0.014348331315561    -0.013917261774554
     0.014346122672000     0.003363020075638     0.000291064159664
     0.013956405528700     0.000316979784017    -0.046107181813244
65 81
     0.271119286071458    -0.241863458151072     0.287253104160521
    -0.241863458150946    -0.008160579269641    -0.165845657012676
    -0.107123642187471     0.061847863653558    -0.536997647632530
65 82
     0.107311282315177     0.035718345274235    -0.058098075223523
    -0.079927408599526     0.004455914034236     0.039577559361824
    -0.007938946215919     0.039550518991978     0.001055490315179
65 83
    -0.531360467538847     0.668076197682906     0.140442987997398
     0.668076197682558     0.240067477603614    -0.081084796926114
     0.346418011908665    -0.200004532427760    -0.237892952781740
65 84
    -0.002867316756542    -0.019802885587284    -0.000581954655021
    -0.016586763618313    -0.035714107976026    -0.018649880904653
     0.000032442897975    -0.000694483717552    -0.016145193352036
65 85
     0.049312842063079    -0.113412823691721    -0.063324209438879
     0.002232930182081     0.062454354286395     0.030525629373652
    -0.038221227287844    -0.012899930393720     0.001055490315179
65 86
     0.015011959991956    -0.008723092122478    -0.016330058186759
    -0.008723092122473     0.004939400821812     0.009428163490010
     0.004282737397725    -0.002472639589447    -0.000701846652877
65 87
    -0.011745229847710    -0.021712429131354     0.015860293313469
    -0.024928551100303    -0.026836194884848     0.009828927967426
     0.000617661990902     0.000319145484957    -0.016145193352036
65 88
    -0.005069572134483    -0.000284577780044     0.004670914146619
    -0.000284577780044    -0.005398174250316    -0.002696753539913
     0.004727486682656    -0.002729415708824     0.003910168919398
65 89
     0.055206507569062     0.018316177156896     0.045174289771446
    -0.018443219942328    -0.006441673850887    -0.023248474124185
     0.009863290857686    -0.001604573672280     0.027765212622835
65 90
     0.008838064924843     0.037821748892871    -0.007194945533902
    -0.024702285162451     0.000111640511209     0.002471564696688
    -0.024020024869321     0.007178264201939     0.009148489510176
65 91
    -2.025794211157087     0.918602181886798    -0.056318793025601
     0.697918897345787    -2.792525460699932    -1.929127220217042
    -0.373630353699259    -1.666632855130274    -2.634547979831479
65 92
    -0.085502285259112    -0.013629501170013     0.027228698727761
    -0.069837322745057    -0.048022010711149     0.103249222432916
    -0.018830339290083     0.134191106869725    -0.043459876504494
65 93
    -0.020217626101078    -0.172052160875911    -0.045289821376463
     0.016540867660060    -0.062595611095580    -0.046690715392540
    -0.026565534487118     0.069850052355806    -0.035210144112418
65 94
     0.020021815731786    -0.013654284731362     0.018599633601010
    -0.015254332517482     0.007937326475813    -0.010212603450618
    -0.002491331600324    -0.000448195336692     0.001843969202490
65 95
     0.005316414655414    -0.015505310987016    -0.024345182635613
     0.019322173711710     0.002498009639362     0.002308392364756
     0.024105268092499    -0.033474742580653     0.013983991136498
65 96
    -0.003831159472557     0.001886413311733    -0.006082595783123
     0.004501332160393     0.010738001857861     0.001611602406773
     0.003429282130928    -0.000742483395007     0.007195497616526
65 97
    -0.097503793602834     0.146732484746703    -1.441489268001331
     0.146732484746626     0.071928285531853     0.832244216914742
    -0.956336356004992     0.552141052575741    -0.843765319355224
65 98
     0.045491865977757    -0.179056934450746    -0.126336197102217
    -0.060565664536577     0.010922547460207     0.022125837455332
    -0.112799188538576    -0.112703816878066    -0.047885653698397
65 99
    -0.064078012829301     0.038805280505687     0.101397124728420
     0.038805280505667    -0.019269534537482    -0.058541657257023
     0.003619906494394    -0.002089953988981     0.023956533156820
65 100
    -0.230056963623562    -0.025681618682571     0.022126211973973
     0.171503818014310    -0.009016644454287    -0.007841367687754
     0.107204624882895     0.033512459805647    -0.066127388975053
65 101
     0.123324506111455    -0.015628968803644    -0.082329635867426
    -0.134120238717710    -0.066910092673572     0.098347437380401
     0.041204774250510     0.154038871239787    -0.047885653698397
65 102
     0.048902496203521    -0.027466639181948    -0.084083138285714
    -0.027466639181933     0.017186753152701     0.048545422523578
     0.003953249814461    -0.002282409844555    -0.004645078115851
65 103
    -0.127419588775090     0.230761534012128     0.017853929604994
     0.033576097315140    -0.111654019302866    -0.015241177815108
     0.024579670906475    -0.109598158454665    -0.066127388975053
65 104
    -0.076458983079695     0.044263923338303     0.062020420954168
     0.044263923338280    -0.025347406970245    -0.035807506733152
     0.057442550429972    -0.033164471953709     0.027775675453081
65 105
    -0.039506634112513     0.025720448886277     0.179450181596928
     0.025720448886264    -0.009807217936207    -0.103605610651141
     0.061722955308221    -0.035635764862409     0.054339755163718
65 106
     0.147975890148326     0.305352584427005     0.166980406708367
    -0.885108332578648    -0.764572037357435    -0.363530866551575
     0.146654748869950    -0.076730439682953    -0.271270636804938
65 107
     0.112970650315423    -0.049093099046081    -0.032606169797622
    -0.049093099046055     0.056282822416311     0.018825180909905
    -0.015636696400072     0.009027850875825     0.015937401543357
65 108
     0.055795042223852     0.009748480277095    -0.014404690570926
    -0.014984729426697    -0.004999034185004     0.001182172519694
    -0.016518524336494     0.011307329986985     0.026594631174954
65 109
    -0.285393452535703    -1.135314239236462     0.398317168847535
     0.055146677769625    -0.331202694672953     0.037156159132046
     0.139777884443910    -0.088641518265627    -0.271270636804938
65 110
    -0.017961581805557     0.018572966871012     0.000382877467865
     0.018572966871002     0.003484633039688    -0.000221054409138
     0.012580563069663    -0.007263391474833     0.021053934790077
65 111
     0.012466847309266    -0.040000274424161    -0.008226136719174
    -0.015267064720354     0.038329160729628     0.011883741708232
    -0.018051697185942     0.008651796714954     0.026594631174954
65 112
     0.032874985276915    -0.070164379511322    -0.026131625883431
    -0.070164379511285    -0.048143861519841     0.015087101238165
    -0.035587144043239     0.020546247193070    -0.044669798194099
65 113
   -11.613559013797236     4.154269515416998    -0.831157281848654
     4.154269515414824    -6.816621767783605     0.479868880414360
    -2.225915899772602     1.285133143928187    -3.167585236959434
65 114
    -0.007944014849337     0.043533310147600     0.028801742688627
     0.005865219185562    -0.026509852202219    -0.006530200824572
     0.012574516590425     0.015688009780619    -0.000361176900079
65 115
     0.024266755815583    -0.023858461041519    -0.021514180909381
    -0.023858461041507    -0.003282621993941     0.012421218139429
    -0.007526132828784     0.004345214814659     0.001935205082232
65 116
     0.119879900189208     0.136229217907554    -0.022752087735034
    -0.130367875544465     0.042134762359698    -0.111819904293463
    -0.077516744587256    -0.083472186857221    -0.165274214665692
65 117
    -0.043258583520017    -0.014523656542783     0.020056191150206
     0.023144434419239     0.008804716468498    -0.021677940429334
    -0.007298956709612    -0.018733855697935    -0.000361176900079
65 118
    -0.045335496822776     0.026996949651856     0.002008913197974
     0.026996949651842    -0.014162104525219    -0.001159846575629
    -0.005491802803521     0.003170693826952    -0.006991890939946
65 119
     0.059033011123718    -0.165497843325873     0.085462833899341
     0.101099250126161     0.102981651425252     0.075613838114408
     0.033530662034110     0.108867563459897    -0.165274214665692
65 120
     0.035388879503931    -0.026342766817321    -0.020013224850819
    -0.026342766817308     0.004970872477600     0.011554640754976
     0.002501010365837    -0.001443959007963    -0.005732375434977
73 1
     0.018773878434789     0.042719494649733     0.027955306590717
     0.042719494649756    -0.030554345036560     0.016140003785433
     0.004443962098172     0.002565722713647    -0.021177814700185
73 2
    -0.001637621000082    -0.002020149885210    -0.023234265094814
    -0.002020149885211     0.000695047159978    -0.013414309206917
     0.001393903807405     0.000804770738430    -0.002255367687749
73 3
     0.039877004706357     0.039105846458177     0.045087402366020
     0.014262456220008     0.048038966669977     0.020854912417255
     0.010453806581696    -0.022037400097027     0.005503030195993
73 4
    -0.012296436745877     0.004057304834622     0.021739515279496
    -0.025417125773005     0.006078401820047     0.022467892968724
    -0.011517874066819    -0.010794581593101    -0.001101945281470
73 5
     0.069107629117157    -0.002613852652152     0.040604585130048
     0.022229537586037     0.018808342259177     0.028619379631007
    -0.013858045026544     0.020071962114509     0.005503030195993
73 6
    -0.007764381597893    -0.028033709032662     0.030327523720168
     0.001440721574953     0.001546346672064     0.007593026013647
    -0.015107318916261    -0.004577480742902    -0.001101945281470
73 7
    -1.834128730784236    -0.763636130223499     0.752497922755469
    -0.763636130223899    -0.952357680089083     0.434454878267623
     0.628680186028937     0.362968674637896    -4.944712229912303
73 8
    -0.106675803247413     0.058649050515975     0.027057310933543
     0.058649050516006    -0.174397893453659     0.015621545751032
    -0.070661646672784    -0.040796520727903     0.100563702162503
73 9
    -0.001498037213115    -0.007733277228856     0.003577183125574
     0.001475827653442    -0.009541892476027    -0.001876757446164
    -0.002490578202677     0.009389840085894     0.004240166585345
73 10
    -0.018381562678118     0.029085780346866     0.035481570033220
     0.002850449039602     0.016504949980108     0.003081531538862
    -0.005869151922849     0.002370651572020     0.008501677344391
73 11
    -0.028044022046986    -0.007493036478814     0.022768319448135
     0.010903753951553     0.006273965615178     0.040970036762032
     0.010282448212671    -0.038202572538184     0.006027427247904
73 12
    -0.014847212242039     0.021381653297373     0.037057955817371
    -0.008874582695344     0.012818270257164     0.015245587878134
     0.006552846355635     0.023912240425151    -0.012752306759982
73 13
     0.341242610362639     0.390695485595674     0.107947098368200
     0.097625915490685    -0.213042749225890    -0.149048278207547
    -0.264087537338858    -0.432447863383570    -0.381470814880274
73 14
     0.104307367751067    -0.071663425907732    -0.031700058283897
     0.053931697668422    -0.035320452918399    -0.029042745681427
    -0.053774637840669    -0.014183167429138     0.047691045055828
73 15
    -0.546606085481734    -0.429081488644753     0.543605323205730
    -0.170765063148822     0.252010154535477    -0.287411249333962
     0.845664025487258    -0.021175859574432    -0.210270453163456
73 16
    -0.002176746259428     0.006150624703383    -0.015397689490076
     0.013313693452439    -0.021669161063946     0.025878525460842
    -0.009618858753452     0.005462606136940    -0.023396771738679
73 17
    -0.037260384109052    -0.018122214198919     0.024520867059771
    -0.018122214198929    -0.016334653616930     0.014157129197725
     0.024491239445553     0.014140023686674     0.021742807533449
73 18
    -0.077786220514270    -0.050361698709372     0.005132085760032
    -0.050361698709398    -0.019633539900850     0.002963011095060
     0.005094704460086     0.002941428991472    -0.014184877477214
73 19
     0.224245924965381     0.212992520571869     0.024765774966272
     0.212932742459669     0.026342308301050    -0.067868664926392
     0.024726195653153    -0.067899975788452     0.136645190777777
73 20
    -0.068671573752699    -0.034854447836157     0.042819736565076
    -0.034823667136369    -0.102652860720823     0.049551743780142
     0.042770664309657     0.049537754777823    -0.088432259749297
73 21
     0.260249261416573     0.192146206467743    -0.046393100464038
     0.192205984580155    -0.009661028150142     0.055382122728402
    -0.046440006122586     0.055363501468796     0.136645190777778
73 22
    -0.124329047805802    -0.002689809509386     0.064322937197948
    -0.002720590209193    -0.046995386667720     0.012307107758652
     0.064286286238878     0.012271604439978    -0.088432259749297
73 23
    -0.091740287785731    -0.012831034893037    -0.029404703090015
    -0.012831034893044    -0.076924284886774    -0.016976813244466
    -0.029440483863206    -0.016997471283490    -0.078799550455353
73 24
    -0.208776173191891     0.109884982486795    -0.049912040383777
     0.109884982486852    -0.335660421629221    -0.028816729951384
    -0.049953564426591    -0.028840703868666    -0.628627139048288
73 25
     0.117208829495960    -0.051709171684880     0.028185892397423
     0.051695435974122    -0.020035422844325     0.006406167801988
    -0.028151373408439     0.006378316467630     0.015510518069336
73 26
    -0.106065400507501     0.093103692721098    -0.021900877603858
    -0.008823998735001    -0.071662696970042     0.041354539132042
     0.013507056605036    -0.117979071004639    -0.058146969833499
73 27
    -0.106029271997212     0.008804079400262    -0.013466115630998
    -0.093015847219055    -0.071717652993964    -0.117946859980168
     0.021930327559105     0.041344833341709    -0.058150108682572
73 28
    -0.045196203986745     0.028344956415321    -0.002079568890298
    -0.028345060980224     0.014912559309503     0.000319178311449
     0.002115693612084     0.000293357577527     0.007817617502932
73 29
    -1.925097380014997    -0.642779509696817     0.249182575887616
     0.643018925885861    -7.265445336623332     2.179206734784767
    -0.249237902443776     2.179902285015530    -1.063877529160930
73 30
     0.004125965971336     0.040416884211578    -0.013544409776546
    -0.037734587881005    -0.006422110083674     0.003780250899418
     0.011153285621702     0.017359857640023     0.021741970507030
73 31
     0.004110347805696     0.037740300034125    -0.011120633087832
    -0.040423994235009    -0.006417217765673     0.017377853350820
     0.013595226441176     0.003751545871268     0.021743435303264
73 32
     0.009722815655199    -0.016077577175910     0.012617769919781
     0.016080019426301    -0.008594295691313    -0.001615185582981
    -0.012586915591577    -0.001630813949696    -0.002306635555952
73 33
     0.030729139327554    -1.528639107076932    -0.189697644000564
    -1.241370916837273    -1.568546406105430     0.318953673863863
    -0.371133178041723     0.004755759527974    -0.055036370401472
73 34
     0.010999163808161    -0.063960727701064    -0.002274349447516
    -0.002727030061962    -0.018997483030503    -0.039991554028315
    -0.046398620506860     0.010813465431499     0.015645279322899
73 35
     0.006231526422792     0.046473925505593     0.010636546114746
     0.004855526118952     0.035877088366557     0.006751806491589
    -0.000527670889744    -0.012637272401273     0.003692123537079
73 36
     0.000761797809968     0.013795473206321    -0.006155161088753
     0.004474626508442    -0.024061110814352     0.013544130437222
     0.015199028403046     0.012489896976257     0.003578078687401
73 37
     0.017350682360549    -0.060269530389486    -0.032599008747724
     0.000948652897589    -0.025378341855592     0.034749091607103
     0.033497360132527     0.021929557330974     0.015649045941788
73 38
    -0.252214264347434    -0.439135693902442     0.268112095187244
    -0.624146932353332    -0.866156485862704    -0.049600805731298
     0.177058415578275    -0.207485817480023     0.731799434047632
73 39
    -0.025756801100092    -0.001495853450002    -0.003254458476850
    -0.010839946982306     0.002483099121860    -0.019425500739211
    -0.014805486452441    -0.001500451769791     0.003573056528884
73 40
     0.002271509433102    -0.016238883205432     0.007210699843677
     0.012455570782129     0.000084662665171     0.011907170168053
    -0.006703690218905    -0.012245091625384    -0.046107181813244
73 41
    -0.010240483807905     0.006523281548318     0.000163271937668
    -0.002685823333981    -0.000799445881238     0.004036310183819
     0.006886550950521    -0.006851824036577     0.004240166585345
73 42
     0.021612114790438    -0.020239911412748     0.020409469611827
     0.005995419894521    -0.023488727488449     0.029187175245502
    -0.000881531476533    -0.006268160449867     0.008501677344391
73 43
     0.136977959947473     0.215558166393724    -0.075106046133933
     0.508627736499029    -0.008778098810725     0.168009068555478
    -0.506554604172001    -0.012482584466478    -0.381470814880274
73 44
    -0.008091561305169     0.118825249615620    -0.041001784697708
    -0.006769873960509     0.077078476137837    -0.012931682934597
    -0.039170302220099    -0.039478618734747     0.047691045055828
73 45
    -0.000828647312103    -0.004809049977730     0.046865252353961
    -0.023205840408103    -0.020941409119705    -0.000767075337447
    -0.027943174201658     0.028006147634361     0.006027427247904
73 46
     0.011317620066508    -0.023980855671976     0.031732044306774
     0.006275380320739    -0.013346562051383     0.024470337211106
     0.023985030847405    -0.006281188801501    -0.012752306759982
73 47
    -0.207385081581722    -0.366614401065128     0.022897218346295
    -0.624930826561476    -0.087210849364536     0.614481644195717
     0.404493180405194     0.742954458925601    -0.210270453163456
73 48
    -0.008367760367675     0.016888077114385     0.014712615716528
     0.009725008365341    -0.015478146955699    -0.026274052988415
    -0.000078673691266    -0.011061479104372    -0.023396771738679
73 49
     0.009025382643879     0.045105904849369    -0.042720914076487
     0.008346507750145     0.039739451074321    -0.027497845477909
    -0.006321246991280    -0.007739573611533     0.027765212622835
73 50
    -3.300816808497170     0.038215742451559    -1.642513783326778
    -0.182467542089453    -1.517502863359182     1.013337115579182
    -1.256531214474600     1.156889805493745    -2.634547979831479
73 51
     0.015337250403201    -0.037068485180815    -0.017790434962567
     0.151524543355156    -0.098150487599878     0.062567493541157
     0.073774687039344    -0.011918598446942    -0.035210144112418
73 52
     0.001549860852203    -0.017147552859508     0.014171717747587
     0.017679931839218     0.006264563442575     0.019929350439840
    -0.041042611506232    -0.004138403242818     0.013983991136498
73 53
    -0.003387647822667     0.031760803708262     0.005737910581379
    -0.030763230347059     0.012337353258726     0.004995223262862
     0.018226571588614     0.017212819635402     0.009148489510176
73 54
    -0.021249884406304     0.032741181816599     0.075802100183992
    -0.023466639758445    -0.112274411563991    -0.075205356026698
     0.125628077156145    -0.050788001247766    -0.043459876504494
73 55
     0.023476247252689     0.013259915548991    -0.018144190827515
     0.011659867762870     0.004482894954907    -0.011001453474252
     0.000857517252729     0.002381654123478     0.001843969202490
73 56
     0.004329736599368    -0.009213027704349     0.004436986516627
    -0.006598108855689     0.002577105785932     0.004461881265751
    -0.002357650547429    -0.002598603744625     0.007195497616526
73 57
     0.014269692503507     0.111127374426820     0.019640850256138
     0.007722766767849     0.082903714148128     0.021206614943515
    -0.008551902609874    -0.027568962756939     0.015510518069336
73 58
    -0.043769194846826    -0.044790729842670     0.024863642648208
     0.057136961613455    -0.133958902630718    -0.039643985936141
    -0.095419344302414     0.070686989652631    -0.058146969833499
73 59
    -5.930254677220502     2.955397569573313     2.011839680365061
     1.669599133991837    -3.260288039417826    -0.873804926493205
     1.763231805369801    -1.305797497609967    -1.063877529160931
73 60
    -0.002623622688536    -0.033837711051290    -0.003498411576699
     0.044313761041296     0.000327478576198    -0.013619928395467
     0.020610720533196     0.000979099864044     0.021741970507030
73 61
    -0.116760322859101    -0.086820272115209    -0.108878034854904
     0.014999654504067    -0.060986602132075     0.047311431763338
     0.046770839768715    -0.001680195891360    -0.058150108682572
73 62
    -0.000114676792484    -0.054372892841289    -0.000763367919097
     0.002317124554243    -0.030168967884758    -0.001960548643643
     0.001311901920573     0.001685565625925     0.007817617502932
73 63
    -0.004947400049800    -0.035194501072367     0.009489345921131
     0.042969793196767     0.002640530089822    -0.018319677435641
     0.010046547248570     0.009898038532624     0.021743435303264
73 64
    -0.004013960329248     0.024010950738708     0.004910093213203
    -0.008146645863498     0.005142480293135     0.011734902081131
    -0.007705784105072    -0.010085181682746    -0.002306635555952
73 65
    -2.368177044470839     0.143638214139672     0.181373162196128
    -0.143629976100709     0.830359777692962    -0.323759815674519
    -0.181447980455345    -0.323788640135288    -0.055036370401472
73 66
    -0.040374967492946     0.026933838474109    -0.035770876449088
    -0.034299859165012     0.032376648270604     0.018026132615525
    -0.013834574486804    -0.045589116775233     0.015645279322899
73 67
    -0.040382779242947     0.034281082495607     0.013794091716313
    -0.026937100791481     0.032355119747905    -0.045606115517279
     0.035740233808640     0.018044786168990     0.015649045941788
73 68
    -1.173085813353934    -0.092481495645175     0.091100489782153
     0.092529742805437     0.054715063143794     0.256992288359733
    -0.091158781073590     0.257079994584579     0.731799434047632
73 69
     0.050692002415211    -0.020813741663566     0.011165509000524
     0.020804657723088    -0.008583387625862     0.005835615898102
    -0.011208034378921     0.005861659805281     0.003692123537079
73 70
    -0.009944198416941     0.010655736311987     0.008651980486424
     0.019976583009879    -0.013355114587443    -0.012102591085858
     0.018416082273615     0.006917796221747     0.003578078687401
73 71
    -0.009918434208824    -0.019984232370496    -0.018450206359811
    -0.010640138838204    -0.013355267769408     0.006894306653091
    -0.008702172576013    -0.012071701498301     0.003573056528884
73 72
    -0.001006847977366     0.014348331315556     0.013917261774554
    -0.014346122672006     0.003363020075640     0.000291064159664
    -0.013956405528706     0.000316979784020    -0.046107181813244
73 73
    31.513048032420716     4.438345051997103    -3.880113677573997
     4.438345051999432    26.388088611365419    -2.240184676234300
    -3.880072640625189    -2.240160983539667    18.744640838215826
73 74
    -0.033194728893463    -0.037271014889382     0.004681417019802
    -0.037271014889401     0.009842132065258     0.002702817376572
     0.004719594602535     0.002724859214239    -0.009865611895212
73 75
     0.002658868769337    -0.012542643455992     0.019088017204034
    -0.012547624704538     0.002184847374698    -0.011854525040690
     0.019131277651543    -0.011831229946304     0.000115300389307
73 76
    -0.102943706196408    -0.014304290484578    -0.005073365150871
    -0.014288577364250    -0.029238810465336    -0.044396931361556
    -0.005038669617507    -0.044377231344704    -0.094626045998107
73 77
    -0.008561052084034    -0.006069800379553    -0.000722311233017
    -0.006064819131017     0.013404768228069     0.022457970326917
    -0.000680506865746     0.022483787426237     0.000115300389307
73 78
    -0.060046109360173    -0.039055516445224    -0.040985552984607
    -0.039071229565581    -0.072136407301572     0.017804802577448
    -0.040951144502896     0.017824999782315    -0.094626045998107
73 79
     0.102886129998096     0.060515195468777    -0.024143241028497
     0.060515195468809     0.033009201210155    -0.013939106706917
    -0.024094561503000    -0.013911001569760     0.007393663621379
73 80
    -0.030670204657512    -0.017492699227325    -0.001374921580362
    -0.017492699227334    -0.010471375442009    -0.000793811344537
    -0.001336180511026    -0.000771444177726     0.003143243462393
73 81
     0.055206507569088    -0.018316177156901    -0.045174289771446
     0.018443219942336    -0.006441673850888    -0.023248474124185
    -0.009863290857689    -0.001604573672277     0.027765212622835
73 82
    -2.025794211157673    -0.918602181885979     0.056318793025600
    -0.697918897345428    -2.792525460698674    -1.929127220217037
     0.373630353699783    -1.666632855129705    -2.634547979831479
73 83
     0.008838064924855    -0.037821748892858     0.007194945533902
     0.024702285162460     0.000111640511203     0.002471564696688
     0.024020024869328     0.007178264201931     0.009148489510176
73 84
    -0.085502285259149     0.013629501170027    -0.027228698727761
     0.069837322745095    -0.048022010711146     0.103249222432916
     0.018830339290060     0.134191106869668    -0.043459876504494
73 85
    -0.020217626101125     0.172052160875848     0.045289821376463
    -0.016540867660052    -0.062595611095551    -0.046690715392540
     0.026565534487112     0.069850052355773    -0.035210144112418
73 86
     0.005316414655413     0.015505310987009     0.024345182635613
    -0.019322173711718     0.002498009639366     0.002308392364756
    -0.024105268092501    -0.033474742580635     0.013983991136498
73 87
     0.020021815731791     0.013654284731352    -0.018599633601010
     0.015254332517486     0.007937326475806    -0.010212603450618
     0.002491331600325    -0.000448195336693     0.001843969202490
73 88
    -0.003831159472558    -0.001886413311732     0.006082595783123
    -0.004501332160397     0.010738001857858     0.001611602406773
    -0.003429282130930    -0.000742483395006     0.007195497616526
73 89
     0.271119286071510     0.241863458150916    -0.287253104160521
     0.241863458151042    -0.008160579269693    -0.165845657012675
     0.107123642187499     0.061847863653510    -0.536997647632530
73 90
    -0.531360467538905    -0.668076197682525    -0.140442987997398
    -0.668076197682873     0.240067477603671    -0.081084796926114
    -0.346418011908756    -0.200004532427603    -0.237892952781740
73 91
     0.107311282315227    -0.035718345274246     0.058098075223523
     0.079927408599556     0.004455914034216     0.039577559361824
     0.007938946215913     0.039550518991961     0.001055490315179
73 92
    -0.002867316756547     0.019802885587277     0.000581954655021
     0.016586763618327    -0.035714107976016    -0.018649880904653
    -0.000032442897975    -0.000694483717551    -0.016145193352036
73 93
     0.049312842063073     0.113412823691666     0.063324209438879
    -0.002232930182096     0.062454354286371     0.030525629373652
     0.038221227287862    -0.012899930393723     0.001055490315179
73 94
    -0.011745229847720     0.021712429131348    -0.015860293313469
     0.024928551100319    -0.026836194884843     0.009828927967426
    -0.000617661990902     0.000319145484957    -0.016145193352036
73 95
     0.015011959991960     0.008723092122471     0.016330058186759
     0.008723092122476     0.004939400821808     0.009428163490010
    -0.004282737397726    -0.002472639589445    -0.000701846652877
73 96
    -0.005069572134485     0.000284577780045    -0.004670914146619
     0.000284577780046    -0.005398174250314    -0.002696753539913
    -0.004727486682657    -0.002729415708822     0.003910168919398
73 97
    -0.097503793602838    -0.146732484746624     1.441489268001330
    -0.146732484746701     0.071928285531857     0.832244216914743
     0.956336356005242     0.552141052575308    -0.843765319355224
73 98
    -0.064078012829317    -0.038805280505657    -0.101397124728420
    -0.038805280505678    -0.019269534537465    -0.058541657257023
    -0.003619906494395    -0.002089953988980     0.023956533156820
73 99
     0.045491865977734     0.179056934450665     0.126336197102217
     0.060565664536598     0.010922547460190     0.022125837455332
     0.112799188538645    -0.112703816878048    -0.047885653698397
73 100
    -0.230056963623658     0.025681618682613    -0.022126211973973
    -0.171503818014375    -0.009016644454244    -0.007841367687753
    -0.107204624882945     0.033512459805658    -0.066127388975053
73 101
     0.123324506111500     0.015628968803610     0.082329635867426
     0.134120238717778    -0.066910092673576     0.098347437380401
    -0.041204774250561     0.154038871239736    -0.047885653698397
73 102
    -0.127419588775088    -0.230761534012008    -0.017853929604994
    -0.033576097315128    -0.111654019302814    -0.015241177815108
    -0.024579670906460    -0.109598158454617    -0.066127388975053
73 103
     0.048902496203534     0.027466639181926     0.084083138285714
     0.027466639181940     0.017186753152688     0.048545422523578
    -0.003953249814462    -0.002282409844553    -0.004645078115851
73 104
    -0.076458983079716    -0.044263923338269    -0.062020420954168
    -0.044263923338292    -0.025347406970225    -0.035807506733152
    -0.057442550429987    -0.033164471953683     0.027775675453081
73 105
    -0.039506634112523    -0.025720448886258    -0.179450181596928
    -0.025720448886271    -0.009807217936197    -0.103605610651141
    -0.061722955308237    -0.035635764862381     0.054339755163718
73 106
     0.112970650315456     0.049093099046036     0.032606169797622
     0.049093099046062     0.056282822416278     0.018825180909905
     0.015636696400076     0.009027850875818     0.015937401543357
73 107
     0.147975890148452    -0.305352584426919    -0.166980406708367
     0.885108332579168    -0.764572037357335    -0.363530866551575
    -0.146654748869990    -0.076730439682890    -0.271270636804938
73 108
     0.055795042223876    -0.009748480277103     0.014404690570926
     0.014984729426704    -0.004999034185005     0.001182172519694
     0.016518524336498     0.011307329986977     0.026594631174954
73 109
    -0.285393452536073     1.135314239236082    -0.398317168847536
    -0.055146677769571    -0.331202694672810     0.037156159132047
    -0.139777884443945    -0.088641518265561    -0.271270636804938
73 110
     0.012466847309262     0.040000274424143     0.008226136719174
     0.015267064720352     0.038329160729609     0.011883741708232
     0.018051697185947     0.008651796714947     0.026594631174954
73 111
    -0.017961581805560    -0.018572966871001    -0.000382877467865
    -0.018572966871010     0.003484633039690    -0.000221054409138
    -0.012580563069666    -0.007263391474827     0.021053934790077
73 112
     0.032874985276912     0.070164379511287     0.026131625883431
     0.070164379511324    -0.048143861519838     0.015087101238165
     0.035587144043248     0.020546247193054    -0.044669798194099
73 113
   -11.613559013800847    -4.154269515412738     0.831157281848651
    -4.154269515414912    -6.816621767779991     0.479868880414365
     2.225915899773184     1.285133143927180    -3.167585236959434
73 114
     0.024266755815587     0.023858461041504     0.021514180909381
     0.023858461041517    -0.003282621993945     0.012421218139429
     0.007526132828786     0.004345214814656     0.001935205082232
73 115
    -0.007944014849330    -0.043533310147581    -0.028801742688627
    -0.005865219185559    -0.026509852202207    -0.006530200824572
    -0.012574516590433     0.015688009780616    -0.000361176900079
73 116
     0.119879900189286    -0.136229217907527     0.022752087735034
     0.130367875544507     0.042134762359652    -0.111819904293463
     0.077516744587305    -0.083472186857206    -0.165274214665692
73 117
    -0.043258583520037     0.014523656542787    -0.020056191150206
    -0.023144434419251     0.008804716468500    -0.021677940429334
     0.007298956709619    -0.018733855697929    -0.000361176900079
73 118
     0.059033011123704     0.165497843325795    -0.085462833899341
    -0.101099250126224     0.102981651425234     0.075613838114408
    -0.033530662034148     0.108867563459862    -0.165274214665692
73 119
    -0.045335496822788    -0.026996949651836    -0.002008913197974
    -0.026996949651850    -0.014162104525207    -0.001159846575629
     0.005491802803522     0.003170693826949    -0.006991890939946
73 120
     0.035388879503939     0.026342766817303     0.020013224850819
     0.026342766817317     0.004970872477592     0.011554640754976
    -0.002501010365838    -0.001443959007962    -0.005732375434977
81 1
     0.000521079051738    -0.000603878482953    -0.001471834455645
     0.000601896504234    -0.005508817821096     0.000546572186186
     0.001465405348031     0.000538325611695     0.001879542825325
81 2
    -0.000384865998229     0.021907946895773    -0.011070983141874
     0.012087423215735    -0.021738516117838     0.007082009960601
     0.001076680261449    -0.010497007163664    -0.006153608980666
81 3
    -0.000383870447743    -0.012087383610717    -0.001087047374474
    -0.021911003263681    -0.021740345565453    -0.010491815565902
     0.011057621976980     0.007078362587937    -0.006151097901407
81 4
     0.025602688538965    -0.033504670015613     0.029485861655523
     0.033493094651964     0.017763962352368    -0.021708810870511
    -0.029493914976975    -0.021705105593908    -0.016463054134898
81 5
     0.037252208519479    -0.006001013612725    -0.014326396425377
     0.005997098165695     0.027596254917689    -0.020138277175659
     0.014315186660878    -0.020141858267246    -0.010387288611259
81 6
    -0.371084056359501     0.243845224959679     0.558534202629169
    -0.001135498634038    -0.031474355063891     0.149821417381653
     0.048867478156781     0.132211977098027     0.168864639492784
81 7
    -0.371063846122951     0.001120984786225    -0.048919996271280
    -0.243820930193179    -0.031508917052109     0.132184197199164
    -0.558554247615205     0.149811424903940     0.168851665583279
81 8
     0.172627661708580    -0.077205737734920    -0.134390946027171
     0.077235094471024     0.234372675970854    -0.465396156081394
     0.134367919576422    -0.465362530746368    -0.636442663985170
81 9
     0.003627254883588    -0.003681830740987    -0.005954651691617
    -0.003681830740985    -0.000624157055248     0.003437919757086
    -0.005938464470506     0.003428574060622     0.006978707773837
81 10
    -0.014353671897684     0.010068720239447     0.008787563031155
     0.010070491837923    -0.013210802232994    -0.005816046243428
     0.008801122420658    -0.005821322248713    -0.013420881612678
81 11
    -0.002184204911084     0.003676336326159    -0.010167736048108
     0.003676336326157     0.002060862623994     0.005870345144426
    -0.010159456177978     0.005865564759180     0.000834515340392
81 12
    -0.041101158874168    -0.016591172525201     0.009494597357723
    -0.016583839003853    -0.053479274939693     0.060562293009384
     0.009505348431339     0.060578027655755    -0.122609513259866
81 13
    -0.022217054284754     0.005530565900009     0.009430625311970
     0.005528794301524    -0.005347419845916    -0.004702229700625
     0.009441974161326    -0.004711334473756    -0.013420881612678
81 14
    -5.127735069093092     1.202689457846536     3.354295924910867
     1.202689457845910    -3.738988904619650    -1.936603655189469
     3.351841900240633    -1.935186823386515    -7.625428285229050
81 15
    -0.036019544545776    -0.013649967603444    -0.047701185578688
    -0.013657301124777    -0.058560889268090    -0.038503709015186
    -0.047709436645330    -0.038520887041246    -0.122609513259866
81 16
    -0.353637363568571    -0.089718702077335    -0.202808571556636
    -0.089718702077289    -0.457235597160355     0.117091583382217
    -0.202791756422081     0.117081875159817    -0.282044840878681
81 17
    -0.001457468457059     0.001500982256952    -0.002511618900793
    -0.007751826910177    -0.009558499880169     0.009403081256554
     0.003569380338543    -0.001881561690840     0.004232842604173
81 18
    -0.018342888986756     0.002876411433251    -0.005892589259170
     0.029041210921587     0.016473958667608     0.002384465951941
     0.035463050222223     0.003067287004467     0.008499166265132
81 19
    -0.027980873494672     0.010943673931272     0.010257965276820
    -0.007512142911611     0.006268723597125    -0.038187011364189
     0.022762118747315     0.040979418503970     0.006014244081795
81 20
    -0.014810352011914    -0.008855482214692     0.006529922700067
     0.021331802288898     0.012791888411207     0.023929001974762
     0.037042498151236     0.015237646154880    -0.012756491892080
81 21
     0.341378598355843     0.097606942977651    -0.264117184150969
     0.390693566594068    -0.213076462191062    -0.432443889528123
     0.107913904037203    -0.149067294416848    -0.381467048261386
81 22
     0.104329645648838     0.053939398750176    -0.053782826555158
    -0.071684712972731    -0.035322154750244    -0.014178076997095
    -0.031710334893957    -0.029045631597727     0.047685813640705
81 23
    -0.546556603265153    -0.170840802893027     0.845628808885287
    -0.428989648616192     0.251966394931916    -0.021165270602656
     0.543620997324322    -0.287462286926911    -0.210269197623825
81 24
    -0.002139529579666     0.013327472651167    -0.009635908742371
     0.006130008915778    -0.021684868686878     0.005471234440645
    -0.015435529359891     0.025850971697439    -0.023400329100962
81 25
     0.018732414121530    -0.042700755064191    -0.004467540329524
    -0.042700755064169    -0.030574170740285     0.002579335611867
    -0.027946976232522     0.016135194250895    -0.021185138681357
81 26
     0.039838467141795    -0.014235551606120    -0.010474228983731
    -0.039078124420660     0.048015117318669    -0.022016688395458
    -0.045060344419888     0.020844271594317     0.005498635807290
81 27
    -0.001700998372372     0.002053293832575    -0.001415978266442
     0.002053293832574     0.000669941121552     0.000817515433297
     0.023236855662660    -0.013415804871968    -0.002262691668921
81 28
    -0.012336154495946     0.025444777234435     0.011498259119105
    -0.004012001982339     0.006046604723439    -0.010779020920418
    -0.021720821110133     0.022462615926977    -0.001105921156963
81 29
     0.069056453678566    -0.022209112028483     0.013829896965802
     0.002633460786076     0.018797130781868     0.020079292582697
    -0.040581840933990     0.028601267173771     0.005498635807290
81 30
    -1.834155830728057     0.763629640645700    -0.629738431375503
     0.763629640645300    -0.952392273553800     0.363579652873790
    -0.751339309789272     0.433785952759924    -4.944823554426117
81 31
    -0.007829749002362    -0.001410227557541     0.015084035504556
     0.028046551659221     0.001540199229851    -0.004568274036234
    -0.030313606583267     0.007579474908959    -0.001105921156963
81 32
    -0.106716342018351    -0.058615084711362     0.070651873097552
    -0.058615084711332    -0.174399211891835    -0.040790877951634
    -0.027039475853991     0.015611248663060     0.100565794728553
81 33
     0.008919872344164    -0.044974674420813    -0.003513211079821
    -0.008280472529277     0.039819068639680     0.009344647921470
    -0.002455242236707     0.050720495463735     0.027762492286972
81 34
    -0.119347429805618     0.114800126254999    -0.047208027942398
    -0.073787047621443     0.036447210375653    -0.057959528937695
     0.063085102028086    -0.015879257333052    -0.035202610874641
81 35
     0.007976459993096    -0.038243333187472     0.005819069146887
     0.024208994131145     0.000933572942545    -0.024405564410423
     0.001454766271997    -0.007463571977346     0.009159161597027
81 36
    -0.001561070144407     0.001249312730282     0.001658021752985
     0.002793082338947     0.029472885400068    -0.001949523486080
    -0.000453849394068     0.021190971713347     0.001846480281749
81 37
    -1.901084610607026    -0.845582175690329     1.629756134232325
    -0.626830922053597    -2.917469235432395     0.510255592802713
     1.699469117072669     0.915270297756332    -2.634548816857898
81 38
     0.004859470645004     0.015300397478890     0.016962617594391
    -0.019591258441678     0.002925893268158     0.037597165434568
     0.010167306752432    -0.022241147072353     0.013990687347855
81 39
    -0.093522199876206     0.009051025526788    -0.106772208781648
     0.065221034230773    -0.040023825957277    -0.083423508474168
    -0.103022593597785    -0.028070048463776    -0.043451506240298
81 40
     0.009861355560133     0.006062619412025    -0.001050764721659
     0.003399811467840    -0.002986291669095     0.003325463149944
     0.001638537051906    -0.006074824405474     0.007205960446772
81 41
    -0.004000485380923    -0.002008629938123    -0.001209262626061
    -0.003214404925309    -0.000987253388430     0.001001359935661
     0.000266499018780    -0.001538241064085     0.001879542825325
81 42
     0.030011938756411     0.001816926468982     0.010277061409880
    -0.010181185309436     0.034836524680765     0.022476161836896
     0.024600954269286    -0.002326386174623    -0.010387288611259
81 43
    -0.001679493425555    -0.022659031538701     0.008542655124653
    -0.012835411885719    -0.020444722587639     0.006187318424363
    -0.000601230829856    -0.013115362831485    -0.006151097901407
81 44
    -0.011305490210063    -0.036114346563620    -0.138934870888938
     0.208827568415802    -0.391267272965373    -0.023726139075602
    -0.409017623551458     0.408816455374881     0.168851665583279
81 45
    -0.031120530651720    -0.005657821045688    -0.011668692106670
     0.004162702634342     0.008997148535686     0.006046747665434
     0.009629014998158     0.004316071123663    -0.006153608980666
81 46
    -0.221473174759474     0.085242384131503     0.149517947831116
     0.330223107725047    -0.181085236664076    -0.558615517050299
    -0.090065191772978    -0.108426466051700     0.168864639492784
81 47
     0.019728656178485     0.030101720487426     0.033543312527570
    -0.036896044180148     0.023637994712855    -0.014681099810907
     0.004050215347646     0.036395032424093    -0.016463054134898
81 48
     0.218923710565466     0.103964130741024     0.335849420976423
    -0.050476701464933     0.188076627113921     0.349084051338881
     0.470199733383667     0.116315233566247    -0.636442663985170
81 49
    -2.165841705769835     2.270710925376184     0.519541808532759
     2.353213089521615    -4.835198809515395     0.199579055979284
     0.432901209496439     0.350201094583961    -1.868758367678070
81 50
     0.003260788424855    -0.001441113618065     0.023755589527368
     0.008657564140136    -0.000907035475071    -0.028591541108160
    -0.012888845858730     0.034854275533813     0.015321140841890
81 51
    -0.077432484503085    -0.042638062724863    -0.078722376332282
    -0.104605011731734    -0.049041709986752     0.066941724804282
    -0.025453636554501    -0.013811780667634    -0.075622198166359
81 52
    -0.007448856542991    -0.002229880463928     0.002636698572340
    -0.000553275517696     0.000713815531007    -0.004923008480824
     0.011146042135277     0.006570111991678     0.006374583955454
81 53
    -0.119906209141722    -0.018125595792159    -0.024676023140888
    -0.080084325966335    -0.006588208361236    -0.015159591649142
     0.018610153987354    -0.101644553952329    -0.075625755528643
81 54
    -0.002530286044923    -0.005069879332175     0.011275789168949
    -0.003390198759661    -0.004203754802985     0.006360137769163
    -0.002947361566147     0.004732609659206     0.006374793212059
81 55
     0.017970906076196    -0.010061850314835    -0.033458812138777
    -0.023575397512236     0.037389282234479    -0.019454166148874
    -0.033575010896699    -0.019260205107009     0.051086024213931
81 56
    -0.004378838511590    -0.004013523513562     0.004168208443799
    -0.000780876177466    -0.001613902557086    -0.000718564644169
     0.001462878251193     0.003956446625147    -0.003565732547712
81 57
    -0.004826546891983    -0.009696965251506    -0.009399116692420
    -0.000444156084373    -0.006189421445241    -0.002526414855564
     0.003414170392326    -0.002150393203530     0.004232842604173
81 58
    -0.285903020039088     0.028532355355971     0.242448801967122
    -0.264554268260512     0.414205156204526     0.444954135814873
     0.183053015856904    -0.018922535109423    -0.381467048261386
81 59
    -0.003779572194277     0.006460484908919     0.038199904574394
     0.024916301751793    -0.017932577703296     0.010209847161228
    -0.024108158083067    -0.040202282331133     0.006014244081795
81 60
     0.312069849867581     0.066738565233490     0.441144066462511
     0.324887410956711    -0.606660058201717    -0.721753395365499
     0.520760141770641    -0.327058450250409    -0.210269197623825
81 61
    -0.006050989139836     0.036137942607079    -0.005011302718424
     0.009973143118723     0.004182058820674     0.003910899016540
     0.015075176644547    -0.032245545890387     0.008499166265132
81 62
     0.007274741806999    -0.127719387832072    -0.014612838421286
    -0.002095276109125     0.061732749091696     0.053666332582658
     0.009299087385597     0.041984771379564     0.047685813640705
81 63
     0.000488923240412     0.030164842974252    -0.017458162247313
    -0.000022441529348    -0.002507386841135    -0.017619579930389
     0.005325060411624    -0.039698567496073    -0.012756491892080
81 64
    -0.025223870575374    -0.007197741572166    -0.009556182386843
    -0.000000277836781     0.001399472308854     0.005609324539122
    -0.030105362882423     0.000442074697817    -0.023400329100962
81 65
     0.271261976446345    -0.241932773812713    -0.107138377133085
    -0.241932773812587    -0.008097927726570     0.061856370878342
     0.287242277858227    -0.165839406444219    -0.537000995738209
81 66
     0.107305782876058    -0.079922592037081    -0.007931578866714
     0.035650875360901     0.004495569962318     0.039532356215816
    -0.058099542644780     0.039574078067304     0.001062605039746
81 67
    -0.531324594671483     0.668051012424198     0.346393350845826
     0.668051012423849     0.240074269039189    -0.199990294356387
     0.140519970155483    -0.081129242595850    -0.237874747457112
81 68
    -0.002816328074081    -0.016612387782419     0.000057765802508
    -0.019844489768854    -0.035692907267921    -0.000711398291753
    -0.000607585892906    -0.018643886370664    -0.016143937812406
81 69
     0.049368338846086     0.002200676454030    -0.038201814187700
    -0.113372790943911     0.062433013992350    -0.012897229317212
    -0.063321928259997     0.030528640845024     0.001062605039746
81 70
     0.015065241717532    -0.008756835023051     0.004307132811815
    -0.008756835023047     0.004953719601930    -0.002486724288337
    -0.016331591180738     0.009429048564502    -0.000693894901890
81 71
    -0.011687471418410    -0.024966246766737     0.000644971894121
    -0.021734144780280    -0.026821763923582     0.000305672493434
     0.015842286275800     0.009848128003570    -0.016143937812406
81 72
    -0.005034598979153    -0.000307757998770     0.004746821275535
    -0.000307757998770    -0.005389967306029    -0.002740578541226
     0.004670603229339    -0.002696574031739     0.003923352085507
81 73
     0.055154424636280     0.018413058682454    -0.009849308029323
    -0.018281143209068    -0.006415483652484    -0.001629793916752
    -0.045152858682447    -0.023233945582433     0.027762492286972
81 74
    -2.025799505468531    -0.698835100174228     0.372983761326038
    -0.917586353810154    -2.792754340570762    -1.666538010620446
     0.057087229350625    -1.929418577211362    -2.634548816857898
81 75
     0.008771341779223     0.024667919344353     0.024045373346562
    -0.037784407974258     0.000138691156416     0.007163320497628
     0.007191026071349     0.002471921440554     0.009159161597027
81 76
    -0.085559164707690     0.069818494728920     0.018860773220613
     0.013648486024894    -0.047986861125801     0.134179199460191
    -0.027201921743821     0.103255207451400    -0.043451506240298
81 77
    -0.020260633661697    -0.016579259194606     0.026590410480211
     0.172007914681785    -0.062639585768372     0.069863115929541
     0.045294391257685    -0.046693672290172    -0.035202610874641
81 78
     0.005267284911310    -0.019355806765256    -0.024078791579418
     0.015535849155314     0.002518079001850    -0.033488640468711
     0.024345051750165     0.002315427600494     0.013990687347855
81 79
     0.019963988102884     0.015220580512354     0.002517347740712
     0.013676810903681     0.007947827152754    -0.000461127215073
    -0.018578844531655    -0.010202440751918     0.001846480281749
81 80
    -0.003871732623542    -0.004528990691814    -0.003405317928029
    -0.001866182747629     0.010746796514594    -0.000752742632615
     0.006080220784619     0.001618397490744     0.007205960446772
81 81
    22.408183080269367    -2.819615192403774    -5.081788455163891
    -2.819615192402299    19.152371899601022     2.933971932554400
    -5.081778524628566     2.933966199158666    24.325803893120874
81 82
    -0.022886829525079     0.002052331879070    -0.001778804794593
     0.002052538749988     0.025235743048924    -0.016827146730548
    -0.001795424754695    -0.016826719693368    -0.004562631013515
81 83
    -0.072221271707431     0.017339465060901    -0.019805554403786
     0.017339465060892    -0.052199382066470     0.011434742166478
    -0.019807459331662     0.011435841977107    -0.054199343981822
81 84
     0.019608795554201    -0.000667646170907     0.004557769558235
    -0.000672724266545     0.005708114934264    -0.014312032661486
     0.004543705810637    -0.014307076328960    -0.026627693718530
81 85
     0.011427638783398     0.021864006265003     0.013683334144562
     0.021863799394072    -0.009078725259589     0.009954063505766
     0.013674654339457     0.009968243294835    -0.004562631013515
81 86
     0.015574799997933    -0.000699883887692    -0.016032158511014
    -0.000699883887692     0.014766643696028     0.009256171032027
    -0.016045664269052     0.009263968585071     0.028110904534151
81 87
     0.009763682513901    -0.006356802930569     0.014673468643753
    -0.006351724834927     0.015553227974574     0.003208872108715
     0.014662144460071     0.003218573505142    -0.026627693718530
81 88
    -0.004838044167194    -0.000339501066231     0.000074952322263
    -0.000339501066231    -0.005230066231156    -0.000043273743435
     0.000062983776144    -0.000036363700112     0.002503964534385
81 89
    -6.170077364609387     0.041366553991317     0.086930371725046
    -0.041135610155322    -0.830963150671654    -0.549725932507242
    -0.086832439594370    -0.550003992045200    -1.868758367678071
81 90
     0.007608435016902    -0.006463711835719     0.000790579908708
     0.055495018338471    -0.134102852519993     0.028949858728958
     0.097331842872663     0.034705410854762    -0.075625755528643
81 91
     0.007618717889545    -0.055500677135464    -0.097334422419781
     0.006466271871459    -0.134092912379471     0.034704715347912
    -0.000765465347590     0.028949386208729    -0.075622198166359
81 92
     0.047100043760691    -0.006757682028830     0.000118396024976
     0.006755865168579     0.008260144549954     0.038703264367077
    -0.000107678543594     0.038706914922408     0.051086024213931
81 93
    -0.002989894238722     0.005048730821703     0.036638795696691
    -0.005049946936500     0.005343647188513    -0.006277173458501
    -0.036629110972126    -0.006265069827776     0.015321140841890
81 94
    -0.000122066340703    -0.001999812465163     0.000129853704812
    -0.003679493037673    -0.006611974507208    -0.012945188752611
    -0.005572240974138     0.000186185160820     0.006374793212059
81 95
    -0.000121710596103     0.003677054167135     0.005581799693609
     0.002000449220901    -0.006613330415888     0.000178056294643
    -0.000116862822859    -0.012937811636649     0.006374583955454
81 96
    -0.000229100581549     0.001614976133511     0.002706399458011
    -0.001617671202584    -0.005763640487132    -0.003250492078515
    -0.002694944160495    -0.003245113040751    -0.003565732547712
81 97
     0.043656292491472    -0.027979402496260     0.033100759643891
    -0.027979402496245     0.011348461365548    -0.019110732490787
    -0.005989634707594     0.003458117210780    -0.015069405146180
81 98
     0.090197974559721    -0.012662813662544    -0.233443065615752
    -0.087951271087832     0.197531774779391     0.045597019762290
    -0.035917910341004     0.146363980505700     0.185960485600937
81 99
     0.041278241539386     0.004397909272587     0.065775198117205
     0.004397909272585     0.046356509744231    -0.037975328338979
     0.138514672678808    -0.079971483557886     0.019954500587866
81 100
    -0.022901020702868    -0.001000000980135    -0.001067473838087
     0.033434869305638     0.074256410269197     0.002605795990018
     0.021433105594513     0.056446638425637     0.010628979989933
81 101
     0.214265501410477    -0.016320851062846    -0.156209710258870
     0.058967606362456     0.073464247928504     0.179369115279467
    -0.144713880487350    -0.042076167446664     0.185960485600937
81 102
    -0.104306098581027     0.033787473897478     0.046766907268699
     0.033787473897460    -0.065291684281233    -0.027000886500757
    -0.079909678819719     0.046135874577458    -0.089617698416127
81 103
     0.035922342556982     0.067396553918395    -0.002790422443478
     0.032961683632588     0.015433047009286    -0.000378438533350
    -0.038167670037542    -0.046784933139676     0.010628979989933
81 104
    -0.017684928446344     0.011025630485878     0.002721676364460
     0.011025630485872    -0.004953626988345    -0.001571360581668
     0.053201010205075    -0.030715617563084     0.035596222548482
81 105
    -0.009784293658523     0.010663909690666    -0.002570339509955
     0.010663909690661     0.002529328602510     0.001483986207981
     0.007040551594426    -0.004064864358288     0.003527857102222
81 106
     0.030172417298429     0.124407487086973    -0.019555872464018
     0.025241773303593     0.004486332010205    -0.015432739927766
    -0.071466375925764    -0.142907896243521     0.039043097344603
81 107
     0.002647211894866     0.002335475172104    -0.004213084356492
     0.002335475172103     0.005343986333469     0.002432425387340
    -0.033549099069404     0.019369581378805    -0.021033009129586
81 108
    -0.101751764397392    -0.033836802749762    -0.130070923325541
     0.043221809059763    -0.080956497327606    -0.095908121269584
    -0.062155701212323    -0.119656085250386    -0.134608914755373
81 109
    -0.053892177245588    -0.023292942985737     0.003587208595431
     0.075872770797590     0.088550926554311     0.024652252310896
     0.088028680585301     0.133345645189930     0.039043097344603
81 110
    -0.694812699024529     0.413363189421746    -1.137308396689253
     0.413363189421530    -0.217502001653677     0.656625308980334
    -0.096304660930509     0.055601521912489    -0.184856657010025
81 111
    -0.090219141034565     0.049880172262782     0.018023407785906
    -0.027178439546751    -0.092489120690445     0.160598784528438
     0.072547358937988     0.113656458865143    -0.134608914755373
81 112
     0.011512544521274     0.013673722515895     0.028777395118975
     0.013673722515887     0.027301599272042    -0.016614636818521
    -0.097018470276675     0.056013639930648     0.016268654748934
81 113
    -0.057953489914328     0.018203748639252     0.013533906903363
     0.018203748639242    -0.036933611560119    -0.007813804793846
     0.096765174153659    -0.055867399345840     0.112333967675630
81 114
    -0.569963849348794    -1.033479385178052    -0.540910381427555
    -0.106133878456535    -0.636020328593189    -0.197134227289687
     0.051318567173041     0.343544395123154     0.225639723024475
81 115
    -0.209153289193073    -0.037072325422348     0.086672096525403
    -0.037072325422329    -0.251960723317459    -0.050040158260184
    -0.024274705929231     0.014015008002751     0.026543781819960
81 116
    -0.001973082889253    -0.000661992846845     0.018053484195477
    -0.077225261428157    -0.002608859611563     0.011963398471625
    -0.063323853441850    -0.028600034042957     0.012679694718077
81 117
    -0.126039190383331     0.150166142897233    -0.099731941925538
    -0.777179363823823    -1.079944987559116     0.567009245131959
    -0.271858889917657    -0.216215380419284     0.225639723024474
81 118
     0.002257551906446    -0.000172973160170    -0.002906431451821
    -0.000172973160170     0.002057819705274     0.001678028981090
     0.004821388703014    -0.002783630065555     0.004420964291990
81 119
     0.031276254985592    -0.058028747255763    -0.001333864894282
     0.018534521325579    -0.035858197486444    -0.021616475175920
    -0.006893570690644     0.069140082767686     0.012679694718077
81 120
     0.006345204290451    -0.007084124434434    -0.000004296629939
    -0.007084124434431    -0.001834838007931     0.000002480660452
    -0.008703982343607     0.005025246549107    -0.003909750406188
89 1
     0.003627254883588     0.003681830740985     0.005954651691617
     0.003681830740986    -0.000624157055249     0.003437919757086
     0.005938464470507     0.003428574060619     0.006978707773837
89 2
    -0.002184204911084    -0.003676336326157     0.010167736048108
    -0.003676336326159     0.002060862623994     0.005870345144426
     0.010159456177981     0.005865564759176     0.000834515340392
89 3
    -0.014353671897687    -0.010068720239440    -0.008787563031155
    -0.010070491837924    -0.013210802232987    -0.005816046243428
    -0.008801122420660    -0.005821322248709    -0.013420881612678
89 4
    -0.041101158874188     0.016591172525204    -0.009494597357723
     0.016583839003871    -0.053479274939676     0.060562293009384
    -0.009505348431356     0.060578027655734    -0.122609513259866
89 5
    -0.022217054284762    -0.005530565900002    -0.009430625311970
    -0.005528794301525    -0.005347419845912    -0.004702229700625
    -0.009441974161329    -0.004711334473752    -0.013420881612678
89 6
    -0.036019544545793     0.013649967603447     0.047701185578688
     0.013657301124795    -0.058560889268070    -0.038503709015186
     0.047709436645357    -0.038520887041242    -0.122609513259866
89 7
    -5.127735069094834    -1.202689457844903    -3.354295924910874
    -1.202689457845529    -3.738988904617906    -1.936603655189456
    -3.351841900241509    -1.935186823384996    -7.625428285229050
89 8
    -0.353637363568730     0.089718702077381     0.202808571556636
     0.089718702077427    -0.457235597160196     0.117091583382218
     0.202791756422134     0.117081875159725    -0.282044840878681
89 9
     0.000521079051738     0.000603878482953     0.001471834455645
    -0.000601896504233    -0.005508817821094     0.000546572186186
    -0.001465405348031     0.000538325611695     0.001879542825325
89 10
    -0.000383870447745     0.012087383610713     0.001087047374474
     0.021911003263694    -0.021740345565449    -0.010491815565902
    -0.011057621976986     0.007078362587936    -0.006151097901407
89 11
    -0.000384865998224    -0.021907946895765     0.011070983141874
    -0.012087423215735    -0.021738516117827     0.007082009960601
    -0.001076680261447    -0.010497007163660    -0.006153608980666
89 12
     0.025602688538968     0.033504670015594    -0.029485861655523
    -0.033493094651981     0.017763962352369    -0.021708810870511
     0.029493914976991    -0.021705105593906    -0.016463054134898
89 13
     0.037252208519493     0.006001013612714     0.014326396425377
    -0.005997098165703     0.027596254917679    -0.020138277175659
    -0.014315186660879    -0.020141858267235    -0.010387288611259
89 14
    -0.371063846123096    -0.001120984786141     0.048919996271280
     0.243820930193280    -0.031508917052152     0.132184197199164
     0.558554247615391     0.149811424903755     0.168851665583279
89 15
    -0.371084056359592    -0.243845224959499    -0.558534202629169
     0.001135498634045    -0.031474355063879     0.149821417381653
    -0.048867478156830     0.132211977097986     0.168864639492784
89 16
     0.172627661708631     0.077205737734850     0.134390946027171
    -0.077235094471107     0.234372675970780    -0.465396156081393
    -0.134367919576369    -0.465362530746156    -0.636442663985170
89 17
     0.018732414121528     0.042700755064170     0.004467540329524
     0.042700755064192    -0.030574170740283     0.002579335611867
     0.027946976232529     0.016135194250882    -0.021185138681357
89 18
    -0.001700998372372    -0.002053293832574     0.001415978266442
    -0.002053293832575     0.000669941121552     0.000817515433297
    -0.023236855662666    -0.013415804871957    -0.002262691668921
89 19
     0.039838467141807     0.014235551606105     0.010474228983731
     0.039078124420664     0.048015117318642    -0.022016688395458
     0.045060344419901     0.020844271594298     0.005498635807290
89 20
    -0.012336154495945    -0.025444777234422    -0.011498259119105
     0.004012001982339     0.006046604723436    -0.010779020920418
     0.021720821110137     0.022462615926964    -0.001105921156963
89 21
     0.069056453678588     0.022209112028459    -0.013829896965802
    -0.002633460786081     0.018797130781861     0.020079292582697
     0.040581840934000     0.028601267173751     0.005498635807290
89 22
    -0.007829749002366     0.001410227557542    -0.015084035504556
    -0.028046551659232     0.001540199229857    -0.004568274036234
     0.030313606583277     0.007579474908949    -0.001105921156963
89 23
    -1.834155830728602    -0.763629640644985     0.629738431375499
    -0.763629640645385    -0.952392273553254     0.363579652873797
     0.751339309789468     0.433785952759584    -4.944823554426117
89 24
    -0.106716342018406     0.058615084711364    -0.070651873097552
     0.058615084711394    -0.174399211891780    -0.040790877951634
     0.027039475853998     0.015611248663048     0.100565794728553
89 25
    -0.001457468457059    -0.001500982256951     0.002511618900793
     0.007751826910182    -0.009558499880167     0.009403081256554
    -0.003569380338544    -0.001881561690839     0.004232842604173
89 26
    -0.027980873494681    -0.010943673931262    -0.010257965276820
     0.007512142911613     0.006268723597121    -0.038187011364189
    -0.022762118747333     0.040979418503959     0.006014244081795
89 27
    -0.018342888986763    -0.002876411433245     0.005892589259170
    -0.029041210921602     0.016473958667608     0.002384465951941
    -0.035463050222238     0.003067287004474     0.008499166265132
89 28
    -0.014810352011921     0.008855482214692    -0.006529922700067
    -0.021331802288909     0.012791888411207     0.023929001974762
    -0.037042498151254     0.015237646154882    -0.012756491892080
89 29
     0.341378598355999    -0.097606942977690     0.264117184150969
    -0.390693566594173    -0.213076462190889    -0.432443889528122
    -0.107913904037211    -0.149067294416765    -0.381467048261386
89 30
    -0.546556603265407     0.170840802893083    -0.845628808885288
     0.428989648616304     0.251966394931720    -0.021165270602655
    -0.543620997324470    -0.287462286926675    -0.210269197623825
89 31
     0.104329645648891    -0.053939398750179     0.053782826555158
     0.071684712972767    -0.035322154750246    -0.014178076997095
     0.031710334893976    -0.029045631597723     0.047685813640705
89 32
    -0.002139529579663    -0.013327472651161     0.009635908742371
    -0.006130008915776    -0.021684868686869     0.005471234440645
     0.015435529359891     0.025850971697426    -0.023400329100962
89 33
     0.008919872344157     0.044974674420793     0.003513211079821
     0.008280472529272     0.039819068639663     0.009344647921470
     0.002455242236696     0.050720495463715     0.027762492286972
89 34
     0.007976459993090     0.038243333187456    -0.005819069146887
    -0.024208994131155     0.000933572942550    -0.024405564410423
    -0.001454766271996    -0.007463571977343     0.009159161597027
89 35
    -0.119347429805639    -0.114800126254927     0.047208027942398
     0.073787047621463     0.036447210375622    -0.057959528937695
    -0.063085102028107    -0.015879257333031    -0.035202610874641
89 36
    -0.001561070144408    -0.001249312730281    -0.001658021752985
    -0.002793082338955     0.029472885400057    -0.001949523486080
     0.000453849394064     0.021190971713338     0.001846480281749
89 37
    -1.901084610607965     0.845582175690431    -1.629756134232328
     0.626830922054505    -2.917469235431393     0.510255592802717
    -1.699469117073543     0.915270297756358    -2.634548816857898
89 38
    -0.093522199876240    -0.009051025526764     0.106772208781648
    -0.065221034230790    -0.040023825957247    -0.083423508474168
     0.103022593597832    -0.028070048463788    -0.043451506240298
89 39
     0.004859470645009    -0.015300397478885    -0.016962617594391
     0.019591258441685     0.002925893268152     0.037597165434568
    -0.010167306752431    -0.022241147072342     0.013990687347855
89 40
     0.009861355560138    -0.006062619412025     0.001050764721659
    -0.003399811467840    -0.002986291669093     0.003325463149944
    -0.001638537051905    -0.006074824405472     0.007205960446772
89 41
    -0.004000485380925     0.002008629938123     0.001209262626062
     0.003214404925310    -0.000987253388430     0.001001359935661
    -0.000266499018780    -0.001538241064084     0.001879542825325
89 42
    -0.001679493425560     0.022659031538693    -0.008542655124653
     0.012835411885729    -0.020444722587634     0.006187318424363
     0.000601230829859    -0.013115362831480    -0.006151097901407
89 43
     0.030011938756423    -0.001816926468988    -0.010277061409880
     0.010181185309432     0.034836524680748     0.022476161836896
    -0.024600954269295    -0.002326386174616    -0.010387288611259
89 44
    -0.011305490210075     0.036114346563609     0.138934870888938
    -0.208827568415796    -0.391267272965173    -0.023726139075603
     0.409017623551525     0.408816455374628     0.168851665583279
89 45
    -0.031120530651734     0.005657821045693     0.011668692106670
    -0.004162702634346     0.008997148535683     0.006046747665434
    -0.009629014998162     0.004316071123664    -0.006153608980666
89 46
     0.019728656178499    -0.030101720487419    -0.033543312527570
     0.036896044180157     0.023637994712837    -0.014681099810907
    -0.004050215347656     0.036395032424079    -0.016463054134898
89 47
    -0.221473174759541    -0.085242384131419    -0.149517947831115
    -0.330223107725136    -0.181085236663930    -0.558615517050299
     0.090065191773037    -0.108426466051678     0.168864639492784
89 48
     0.218923710565575    -0.103964130741033    -0.335849420976424
     0.050476701464911     0.188076627113836     0.349084051338881
    -0.470199733383878     0.116315233566308    -0.636442663985170
89 49
    -2.165841705770171    -2.270710925374801    -0.519541808532761
    -2.353213089521441    -4.835198809512963     0.199579055979286
    -0.432901209496688     0.350201094583921    -1.868758367678070
89 50
    -0.077432484503125     0.042638062724864     0.078722376332282
     0.104605011731786    -0.049041709986756     0.066941724804282
     0.025453636554515    -0.013811780667635    -0.075622198166359
89 51
     0.003260788424856     0.001441113618063    -0.023755589527368
    -0.008657564140140    -0.000907035475068    -0.028591541108160
     0.012888845858727     0.034854275533796     0.015321140841890
89 52
    -0.007448856542995     0.002229880463929    -0.002636698572340
     0.000553275517696     0.000713815531007    -0.004923008480824
    -0.011146042135283     0.006570111991678     0.006374583955454
89 53
    -0.119906209141773     0.018125595792179     0.024676023140888
     0.080084325966368    -0.006588208361251    -0.015159591649142
    -0.018610153987339    -0.101644553952284    -0.075625755528643
89 54
     0.017970906076201     0.010061850314827     0.033458812138777
     0.023575397512236     0.037389282234459    -0.019454166148874
     0.033575010896717    -0.019260205107009     0.051086024213931
89 55
    -0.002530286044925     0.005069879332173    -0.011275789168949
     0.003390198759664    -0.004203754802984     0.006360137769163
     0.002947361566147     0.004732609659203     0.006374793212059
89 56
    -0.004378838511593     0.004013523513562    -0.004168208443799
     0.000780876177467    -0.001613902557086    -0.000718564644169
    -0.001462878251194     0.003956446625145    -0.003565732547712
89 57
    -0.004826546891987     0.009696965251504     0.009399116692420
     0.000444156084375    -0.006189421445239    -0.002526414855564
    -0.003414170392327    -0.002150393203528     0.004232842604173
89 58
    -0.003779572194277    -0.006460484908915    -0.038199904574394
    -0.024916301751798    -0.017932577703283     0.010209847161228
     0.024108158083085    -0.040202282331123     0.006014244081795
89 59
    -0.285903020039194    -0.028532355355895    -0.242448801967123
     0.264554268260523     0.414205156204303     0.444954135814873
    -0.183053015856972    -0.018922535109374    -0.381467048261386
89 60
     0.312069849867718    -0.066738565233535    -0.441144066462511
    -0.324887410956700    -0.606660058201404    -0.721753395365498
    -0.520760141770772    -0.327058450250163    -0.210269197623825
89 61
    -0.006050989139830    -0.036137942607064     0.005011302718424
    -0.009973143118727     0.004182058820675     0.003910899016540
    -0.015075176644546    -0.032245545890370     0.008499166265132
89 62
     0.000488923240419    -0.030164842974241     0.017458162247313
     0.000022441529349    -0.002507386841134    -0.017619579930389
    -0.005325060411617    -0.039698567496056    -0.012756491892080
89 63
     0.007274741806973     0.127719387832020     0.014612838421286
     0.002095276109112     0.061732749091672     0.053666332582658
    -0.009299087385610     0.041984771379550     0.047685813640705
89 64
    -0.025223870575385     0.007197741572169     0.009556182386843
     0.000000277836781     0.001399472308853     0.005609324539122
     0.030105362882434     0.000442074697810    -0.023400329100962
89 65
     0.055154424636305    -0.018413058682459     0.009849308029323
     0.018281143209076    -0.006415483652485    -0.001629793916752
     0.045152858682470    -0.023233945582434     0.027762492286972
89 66
     0.008771341779232    -0.024667919344345    -0.024045373346562
     0.037784407974272     0.000138691156407     0.007163320497628
    -0.007191026071352     0.002471921440554     0.009159161597027
89 67
    -2.025799505469486     0.698835100174413    -0.372983761326040
     0.917586353811145    -2.792754340569870    -1.666538010620441
    -0.057087229350211    -1.929418577210593    -2.634548816857898
89 68
    -0.085559164707707    -0.069818494728874    -0.018860773220613
    -0.013648486024889    -0.047986861125780     0.134179199460191
     0.027201921743809     0.103255207451353    -0.043451506240298
89 69
    -0.020260633661709     0.016579259194604    -0.026590410480211
    -0.172007914681838    -0.062639585768308     0.069863115929541
    -0.045294391257692    -0.046693672290144    -0.035202610874641
89 70
     0.019963988102895    -0.015220580512353    -0.002517347740712
    -0.013676810903688     0.007947827152754    -0.000461127215073
     0.018578844531665    -0.010202440751918     0.001846480281749
89 71
     0.005267284911308     0.019355806765248     0.024078791579418
    -0.015535849155321     0.002518079001853    -0.033488640468711
    -0.024345051750175     0.002315427600499     0.013990687347855
89 72
    -0.003871732623544     0.004528990691813     0.003405317928029
     0.001866182747628     0.010746796514590    -0.000752742632615
    -0.006080220784622     0.001618397490744     0.007205960446772
89 73
     0.271261976446396     0.241932773812557     0.107138377133085
     0.241932773812684    -0.008097927726621     0.061856370878343
    -0.287242277858302    -0.165839406444089    -0.537000995738209
89 74
    -0.531324594671540    -0.668051012423816    -0.346393350845826
    -0.668051012424165     0.240074269039246    -0.199990294356386
    -0.140519970155519    -0.081129242595786    -0.237874747457112
89 75
     0.107305782876082     0.079922592037025     0.007931578866714
    -0.035650875360916     0.004495569962324     0.039532356215816
     0.058099542644794     0.039574078067275     0.001062605039746
89 76
    -0.002816328074085     0.016612387782413    -0.000057765802508
     0.019844489768870    -0.035692907267911    -0.000711398291753
     0.000607585892910    -0.018643886370657    -0.016143937812406
89 77
     0.049368338846106    -0.002200676454041     0.038201814187700
     0.113372790943941     0.062433013992300    -0.012897229317212
     0.063321928260015     0.030528640844998     0.001062605039746
89 78
    -0.011687471418421     0.024966246766730    -0.000644971894121
     0.021734144780295    -0.026821763923576     0.000305672493435
    -0.015842286275809     0.009848128003569    -0.016143937812406
89 79
     0.015065241717536     0.008756835023044    -0.004307132811815
     0.008756835023049     0.004953719601926    -0.002486724288337
     0.016331591180743     0.009429048564494    -0.000693894901890
89 80
    -0.005034598979155     0.000307757998771    -0.004746821275535
     0.000307757998772    -0.005389967306027    -0.002740578541226
    -0.004670603229340    -0.002696574031737     0.003923352085507
89 81
    -6.170077364611799    -0.041366553989904    -0.086930371725048
     0.041135610155527    -0.830963150671336    -0.549725932507239
     0.086832439594529    -0.550003992045003    -1.868758367678070
89 82
     0.007618717889536     0.055500677135441     0.097334422419781
    -0.006466271871431    -0.134092912379417     0.034704715347912
     0.000765465347584     0.028949386208717    -0.075622198166359
89 83
     0.007608435016903     0.006463711835714    -0.000790579908708
    -0.055495018338462    -0.134102852519928     0.028949858728958
    -0.097331842872709     0.034705410854771    -0.075625755528643
89 84
     0.047100043760708     0.006757682028817    -0.000118396024976
    -0.006755865168584     0.008260144549952     0.038703264367077
     0.000107678543585     0.038706914922393     0.051086024213931
89 85
    -0.002989894238722    -0.005048730821700    -0.036638795696691
     0.005049946936501     0.005343647188510    -0.006277173458501
     0.036629110972141    -0.006265069827781     0.015321140841890
89 86
    -0.000121710596102    -0.003677054167133    -0.005581799693609
    -0.002000449220901    -0.006613330415885     0.000178056294643
     0.000116862822862    -0.012937811636643     0.006374583955454
89 87
    -0.000122066340704     0.001999812465162    -0.000129853704812
     0.003679493037676    -0.006611974507206    -0.012945188752611
     0.005572240974140     0.000186185160819     0.006374793212059
89 88
    -0.000229100581549    -0.001614976133510    -0.002706399458011
     0.001617671202586    -0.005763640487130    -0.003250492078515
     0.002694944160497    -0.003245113040750    -0.003565732547712
89 89
    22.408183080277531     2.819615192397586     5.081788455163913
     2.819615192399059    19.152371899592850     2.933971932554361
     5.081778524629896     2.933966199156362    24.325803893120874
89 90
    -0.072221271707455    -0.017339465060878     0.019805554403786
    -0.017339465060887    -0.052199382066446     0.011434742166478
     0.019807459331667     0.011435841977098    -0.054199343981822
89 91
    -0.022886829525087    -0.002052331879064     0.001778804794593
    -0.002052538749995     0.025235743048914    -0.016827146730548
     0.001795424754700    -0.016826719693361    -0.004562631013515
89 92
     0.019608795554208     0.000667646170902    -0.004557769558235
     0.000672724266544     0.005708114934262    -0.014312032661485
    -0.004543705810636    -0.014307076328953    -0.026627693718530
89 93
     0.011427638783407    -0.021864006264997    -0.013683334144562
    -0.021863799394078    -0.009078725259580     0.009954063505766
    -0.013674654339465     0.009968243294834    -0.004562631013515
89 94
     0.009763682513904     0.006356802930564    -0.014673468643753
     0.006351724834926     0.015553227974567     0.003208872108715
    -0.014662144460078     0.003218573505144    -0.026627693718530
89 95
     0.015574799997939     0.000699883887688     0.016032158511014
     0.000699883887688     0.014766643696022     0.009256171032027
     0.016045664269056     0.009263968585063     0.028110904534151
89 96
    -0.004838044167196     0.000339501066232    -0.000074952322263
     0.000339501066232    -0.005230066231154    -0.000043273743435
    -0.000062983776144    -0.000036363700112     0.002503964534385
89 97
     0.043656292491483     0.027979402496239    -0.033100759643891
     0.027979402496254     0.011348461365537    -0.019110732490787
     0.005989634707596     0.003458117210777    -0.015069405146180
89 98
     0.041278241539404    -0.004397909272595    -0.065775198117205
    -0.004397909272597     0.046356509744214    -0.037975328338979
    -0.138514672678845    -0.079971483557823     0.019954500587866
89 99
     0.090197974559753     0.012662813662519     0.233443065615752
     0.087951271087822     0.197531774779293     0.045597019762290
     0.035917910340985     0.146363980505635     0.185960485600937
89 100
    -0.022901020702877     0.001000000980140     0.001067473838087
    -0.033434869305668     0.074256410269176     0.002605795990018
    -0.021433105594534     0.056446638425620     0.010628979989933
89 101
     0.214265501410558     0.016320851062791     0.156209710258870
    -0.058967606362496     0.073464247928489     0.179369115279467
     0.144713880487416    -0.042076167446681     0.185960485600937
89 102
     0.035922342557011    -0.067396553918377     0.002790422443478
    -0.032961683632604     0.015433047009287    -0.000378438533350
     0.038167670037567    -0.046784933139666     0.010628979989933
89 103
    -0.104306098581060    -0.033787473897441    -0.046766907268699
    -0.033787473897458    -0.065291684281200    -0.027000886500757
     0.079909678819740     0.046135874577422    -0.089617698416127
89 104
    -0.017684928446348    -0.011025630485869    -0.002721676364460
    -0.011025630485875    -0.004953626988341    -0.001571360581668
    -0.053201010205089    -0.030715617563060     0.035596222548482
89 105
    -0.009784293658524    -0.010663909690660     0.002570339509955
    -0.010663909690665     0.002529328602511     0.001483986207982
    -0.007040551594427    -0.004064864358285     0.003527857102222
89 106
     0.002647211894867    -0.002335475172103     0.004213084356492
    -0.002335475172105     0.005343986333467     0.002432425387340
     0.033549099069413     0.019369581378790    -0.021033009129586
89 107
     0.030172417298469    -0.124407487086931     0.019555872464018
    -0.025241773303604     0.004486332010210    -0.015432739927766
     0.071466375925825    -0.142907896243481     0.039043097344603
89 108
    -0.101751764397440     0.033836802749772     0.130070923325541
    -0.043221809059762    -0.080956497327564    -0.095908121269584
     0.062155701212375    -0.119656085250354    -0.134608914755373
89 109
    -0.053892177245615     0.023292942985740    -0.003587208595431
    -0.075872770797640     0.088550926554293     0.024652252310896
    -0.088028680585365     0.133345645189897     0.039043097344603
89 110
    -0.090219141034589    -0.049880172262742    -0.018023407785906
     0.027178439546783    -0.092489120690415     0.160598784528438
    -0.072547358938042     0.113656458865114    -0.134608914755373
89 111
    -0.694812699024708    -0.413363189421426     1.137308396689253
    -0.413363189421642    -0.217502001653498     0.656625308980334
     0.096304660930534     0.055601521912445    -0.184856657010025
89 112
     0.011512544521281    -0.013673722515892    -0.028777395118975
    -0.013673722515899     0.027301599272034    -0.016614636818521
     0.097018470276700     0.056013639930604     0.016268654748934
89 113
    -0.057953489914347    -0.018203748639232    -0.013533906903363
    -0.018203748639241    -0.036933611560100    -0.007813804793846
    -0.096765174153684    -0.055867399345796     0.112333967675630
89 114
    -0.209153289193164     0.037072325422381    -0.086672096525403
     0.037072325422400    -0.251960723317369    -0.050040158260184
     0.024274705929237     0.014015008002740     0.026543781819960
89 115
    -0.569963849349251     1.033479385177777     0.540910381427555
     0.106133878456721    -0.636020328592963    -0.197134227289687
    -0.051318567173139     0.343544395123031     0.225639723024474
89 116
    -0.001973082889254     0.000661992846846    -0.018053484195477
     0.077225261428188    -0.002608859611580     0.011963398471625
     0.063323853441881    -0.028600034042960     0.012679694718077
89 117
    -0.126039190383347    -0.150166142897145     0.099731941925538
     0.777179363824371    -1.079944987558867     0.567009245131958
     0.271858889917812    -0.216215380419261     0.225639723024475
89 118
     0.031276254985591     0.058028747255733     0.001333864894282
    -0.018534521325578    -0.035858197486426    -0.021616475175920
     0.006893570690631     0.069140082767658     0.012679694718077
89 119
     0.002257551906446     0.000172973160170     0.002906431451821
     0.000172973160170     0.002057819705273     0.001678028981090
    -0.004821388703015    -0.002783630065553     0.004420964291990
89 120
     0.006345204290452     0.007084124434430     0.000004296629939
     0.007084124434434    -0.001834838007932     0.000002480660452
     0.008703982343610     0.005025246549103    -0.003909750406188
97 1
     0.043648845669466     0.027980398494778     0.005985205504514
     0.027980398494792     0.011339864463472     0.003455560009187
    -0.033138115367220    -0.019132299827696    -0.015082169799080
97 2
     0.041284086943974    -0.004385580935027    -0.138509504525013
    -0.004385580935029     0.046348119610756    -0.079968499722859
    -0.065772198764107    -0.037973596661641     0.019989864954096
97 3
     0.090162817858659     0.087935916935352     0.035896910927287
     0.012664242912535     0.197545874932491     0.146360620422625
     0.233516098514498     0.045554181971742     0.185974924306677
97 4
    -0.022894991148084    -0.033441058762427    -0.021429680520588
     0.000997301138477     0.074254140118524     0.056449909238380
     0.001050080447084     0.002614911736816     0.010613076487960
97 5
     0.214261257690564    -0.058984024730415     0.144700470863255
     0.016287649292416     0.073447435100586    -0.042092673430886
     0.156209128093407     0.179453782520261     0.185974924306677
97 6
     0.035918298153586    -0.032958567271761     0.038172215181456
    -0.067396927172699     0.015440850816855    -0.046783602345009
     0.002789620216279    -0.000398059525216     0.010613076487960
97 7
    -0.104295687980691    -0.033774310732345     0.079897743322160
    -0.033774310732363    -0.065296473194654     0.046128983614705
    -0.046814288893912    -0.027028242294814    -0.089574382298910
97 8
    -0.017674831007637    -0.011024377028563    -0.053193710850239
    -0.011024377028569    -0.004944976917456    -0.030711403278588
    -0.002724228169688    -0.001572833867103     0.035662347635634
97 9
     0.043648845669466    -0.027980398494778    -0.005985205504514
    -0.027980398494792     0.011339864463472     0.003455560009187
     0.033138115367220    -0.019132299827696    -0.015082169799080
97 10
     0.090162817858659    -0.087935916935352    -0.035896910927287
    -0.012664242912535     0.197545874932491     0.146360620422625
    -0.233516098514498     0.045554181971742     0.185974924306677
97 11
     0.041284086943974     0.004385580935026     0.138509504525013
     0.004385580935029     0.046348119610756    -0.079968499722859
     0.065772198764107    -0.037973596661641     0.019989864954096
97 12
    -0.022894991148083     0.033441058762427     0.021429680520588
    -0.000997301138477     0.074254140118524     0.056449909238380
    -0.001050080447084     0.002614911736816     0.010613076487960
97 13
     0.214261257690564     0.058984024730415    -0.144700470863255
    -0.016287649292416     0.073447435100586    -0.042092673430886
    -0.156209128093407     0.179453782520261     0.185974924306677
97 14
    -0.104295687980691     0.033774310732345    -0.079897743322160
     0.033774310732363    -0.065296473194654     0.046128983614705
     0.046814288893912    -0.027028242294814    -0.089574382298910
97 15
     0.035918298153586     0.032958567271761    -0.038172215181456
     0.067396927172699     0.015440850816855    -0.046783602345009
    -0.002789620216279    -0.000398059525216     0.010613076487960
97 16
    -0.017674831007637     0.011024377028563     0.053193710850239
     0.011024377028569    -0.004944976917456    -0.030711403278588
     0.002724228169688    -0.001572833867103     0.035662347635634
97 17
    -0.097514738839614    -0.146686797626092     0.956238863008786
    -0.146686797626169     0.071864585352406     0.552084764967849
     1.441705832427607     0.832369250444115    -0.843849649767002
97 18
    -0.064049659417496    -0.038786582081728    -0.003624446054899
    -0.038786582081748    -0.019262772205821    -0.002092574905460
    -0.101376410150065    -0.058529697689603     0.023955905387005
97 19
     0.045459785078481     0.060552116036297     0.112819954121935
     0.179068234617176     0.010933466762794    -0.112688686709428
     0.126357035124257     0.022264835770226    -0.047906160845678
97 20
    -0.230028668185183    -0.171519447295608    -0.107196620338919
     0.025708948206679    -0.009001752397698     0.033495806821127
    -0.022163887641347    -0.007889225597033    -0.066108346624006
97 21
     0.123323701806524     0.134113481334000    -0.041181288348478
     0.015597362753223    -0.066930449965248     0.154049289678131
     0.082460430950238     0.098295984479347    -0.047906160845678
97 22
    -0.127396279519342    -0.033545889017117    -0.024590090542115
    -0.230774284519510    -0.111634141063539    -0.109582899823928
    -0.017914213603892    -0.015249876945509    -0.066108346624006
97 23
     0.048870278179495     0.027447668313545    -0.003946215896970
     0.027447668313559     0.017176440800581    -0.002278348810397
     0.084051774043239     0.048527314369717    -0.004623106172335
97 24
    -0.076452167198903    -0.044256928964325    -0.057444510069525
    -0.044256928964348    -0.025348667496772    -0.033165603352115
    -0.061919009397290    -0.035748956743471     0.027748053581233
97 25
    -0.097514738839614     0.146686797626092    -0.956238863008786
     0.146686797626169     0.071864585352406     0.552084764967849
    -1.441705832427607     0.832369250444115    -0.843849649767002
97 26
     0.045459785078481    -0.060552116036297    -0.112819954121935
    -0.179068234617176     0.010933466762794    -0.112688686709428
    -0.126357035124257     0.022264835770226    -0.047906160845678
97 27
    -0.064049659417496     0.038786582081728     0.003624446054899
     0.038786582081748    -0.019262772205821    -0.002092574905460
     0.101376410150065    -0.058529697689603     0.023955905387005
97 28
    -0.230028668185183     0.171519447295608     0.107196620338919
    -0.025708948206679    -0.009001752397698     0.033495806821127
     0.022163887641347    -0.007889225597033    -0.066108346624006
97 29
     0.123323701806523    -0.134113481334000     0.041181288348478
    -0.015597362753223    -0.066930449965248     0.154049289678131
    -0.082460430950238     0.098295984479347    -0.047906160845678
97 30
     0.048870278179495    -0.027447668313545     0.003946215896970
    -0.027447668313559     0.017176440800581    -0.002278348810397
    -0.084051774043239     0.048527314369717    -0.004623106172335
97 31
    -0.127396279519342     0.033545889017117     0.024590090542115
     0.230774284519510    -0.111634141063539    -0.109582899823928
     0.017914213603892    -0.015249876945509    -0.066108346624006
97 32
    -0.076452167198903     0.044256928964325     0.057444510069525
     0.044256928964348    -0.025348667496772    -0.033165603352115
     0.061919009397290    -0.035748956743471     0.027748053581233
97 33
     0.156554247448417    -0.000000000000000    -0.000000000000000
     0.000000000000000    -0.182204400935623    -1.104169529935697
     0.000000000000000    -1.664738500888229    -0.843849649767001
97 34
    -0.084193609123092    -0.104212812573475    -0.154001242470413
     0.014303306007318     0.140586860964367    -0.041360602968702
    -0.043896604174019    -0.120560820249573    -0.047906160845678
97 35
    -0.084193609123092     0.104212812573475     0.154001242470413
    -0.014303306007318     0.140586860964367    -0.041360602968702
     0.043896604174019    -0.120560820249573    -0.047906160845678
97 36
     0.001329522111125     0.000000000000000     0.000000000000000
    -0.000000000000000     0.064717196868952     0.004556697620793
    -0.000000000000000    -0.097054628739434    -0.004623106172335
97 37
     0.003130671400016     0.000000000000000     0.000000000000000
    -0.000000000000000    -0.086443103023333     0.004185149810920
     0.000000000000000     0.117059395379206     0.023955905387006
97 38
    -0.001120683169797    -0.157869034974918     0.082606529796804
     0.039359360527375    -0.237909737413084     0.076087093002801
     0.004249674037455     0.023139102542542    -0.066108346624006
97 39
    -0.001120683169797     0.157869034974919    -0.082606529796804
    -0.039359360527375    -0.237909737413084     0.076087093002801
    -0.004249674037455     0.023139102542542    -0.066108346624006
97 40
     0.000203082354293     0.000000000000000     0.000000000000000
    -0.000000000000000    -0.102003917049969     0.066331206704230
     0.000000000000000     0.071497913486942     0.027748053581233
97 41
    -0.004814626139525     0.000000000000000     0.000000000000000
    -0.000000000000000     0.059803336272464    -0.006911120018374
     0.000000000000000     0.038264599655393    -0.015082169799080
97 42
     0.127138963637501    -0.034012430631533     0.108803559935968
    -0.109284104654413     0.160569729153649    -0.104267946991739
    -0.077306970421091    -0.225007964492003     0.185974924306677
97 43
     0.127138963637502     0.034012430631533    -0.108803559935968
     0.109284104654413     0.160569729153649    -0.104267946991739
     0.077306970421091    -0.225007964492003     0.185974924306677
97 44
    -0.045796865801635     0.000000000000000    -0.000000000000000
    -0.000000000000000    -0.123795295373710    -0.092257967229410
    -0.000000000000000     0.054056484589628    -0.089574382298910
97 45
     0.048880135944147     0.000000000000000     0.000000000000000
     0.000000000000000     0.038752070610583     0.159936999445718
    -0.000000000000000     0.075947193323282     0.019989864954096
97 46
     0.064015416450159    -0.051175048360689     0.059601895702044
    -0.016736688459794    -0.012656267479718    -0.009666306893371
     0.001739539769195    -0.002216852211600     0.010613076487960
97 47
     0.064015416450159     0.051175048360689    -0.059601895702044
     0.016736688459794    -0.012656267479718    -0.009666306893371
    -0.001739539769195    -0.002216852211600     0.010613076487960
97 48
     0.001419950127635     0.000000000000000     0.000000000000000
     0.000000000000000    -0.024039758052728     0.061422806557177
    -0.000000000000000     0.003145667734206     0.035662347635634
97 49
    -0.004814626139525    -0.000000000000000    -0.000000000000000
    -0.000000000000000     0.059803336272463    -0.006911120018374
    -0.000000000000000     0.038264599655393    -0.015082169799080
97 50
     0.127138963637501    -0.034012430631533     0.108803559935968
    -0.109284104654413     0.160569729153649    -0.104267946991739
    -0.077306970421091    -0.225007964492003     0.185974924306677
97 51
     0.127138963637502     0.034012430631533    -0.108803559935968
     0.109284104654413     0.160569729153649    -0.104267946991739
     0.077306970421091    -0.225007964492003     0.185974924306677
97 52
    -0.045796865801635    -0.000000000000000    -0.000000000000000
    -0.000000000000000    -0.123795295373710    -0.092257967229410
    -0.000000000000000     0.054056484589628    -0.089574382298911
97 53
     0.048880135944147    -0.000000000000000    -0.000000000000000
    -0.000000000000000     0.038752070610583     0.159936999445718
    -0.000000000000000     0.075947193323282     0.019989864954096
97 54
     0.064015416450159    -0.051175048360689     0.059601895702044
    -0.016736688459794    -0.012656267479718    -0.009666306893371
     0.001739539769195    -0.002216852211600     0.010613076487960
97 55
     0.064015416450159     0.051175048360689    -0.059601895702044
     0.016736688459794    -0.012656267479718    -0.009666306893371
    -0.001739539769195    -0.002216852211600     0.010613076487960
97 56
     0.001419950127635    -0.000000000000000    -0.000000000000000
     0.000000000000000    -0.024039758052728     0.061422806557177
    -0.000000000000000     0.003145667734206     0.035662347635634
97 57
     0.156554247448417    -0.000000000000000    -0.000000000000000
     0.000000000000000    -0.182204400935623    -1.104169529935697
    -0.000000000000000    -1.664738500888229    -0.843849649767002
97 58
    -0.084193609123092    -0.104212812573475    -0.154001242470413
     0.014303306007318     0.140586860964367    -0.041360602968702
    -0.043896604174019    -0.120560820249573    -0.047906160845678
97 59
    -0.084193609123092     0.104212812573475     0.154001242470413
    -0.014303306007318     0.140586860964367    -0.041360602968702
     0.043896604174019    -0.120560820249573    -0.047906160845678
97 60
     0.001329522111125    -0.000000000000000    -0.000000000000000
     0.000000000000000     0.064717196868952     0.004556697620793
    -0.000000000000000    -0.097054628739434    -0.004623106172335
97 61
     0.003130671400016    -0.000000000000000    -0.000000000000000
     0.000000000000000    -0.086443103023333     0.004185149810920
    -0.000000000000000     0.117059395379206     0.023955905387005
97 62
    -0.001120683169797    -0.157869034974919     0.082606529796804
     0.039359360527375    -0.237909737413084     0.076087093002801
     0.004249674037455     0.023139102542542    -0.066108346624006
97 63
    -0.001120683169797     0.157869034974918    -0.082606529796804
    -0.039359360527375    -0.237909737413084     0.076087093002801
    -0.004249674037455     0.023139102542542    -0.066108346624006
97 64
     0.000203082354293    -0.000000000000000    -0.000000000000000
     0.000000000000000    -0.102003917049969     0.066331206704230
    -0.000000000000000     0.071497913486942     0.027748053581233
97 65
    -0.097514738839614     0.146686797626092    -0.956238863008786
     0.146686797626169     0.071864585352406     0.552084764967849
    -1.441705832427607     0.832369250444115    -0.843849649767001
97 66
     0.045459785078481    -0.060552116036297    -0.112819954121935
    -0.179068234617176     0.010933466762794    -0.112688686709428
    -0.126357035124257     0.022264835770226    -0.047906160845678
97 67
    -0.064049659417496     0.038786582081728     0.003624446054899
     0.038786582081748    -0.019262772205822    -0.002092574905460
     0.101376410150066    -0.058529697689603     0.023955905387006
97 68
    -0.230028668185183     0.171519447295608     0.107196620338919
    -0.025708948206679    -0.009001752397698     0.033495806821127
     0.022163887641347    -0.007889225597033    -0.066108346624006
97 69
     0.123323701806524    -0.134113481334000     0.041181288348478
    -0.015597362753223    -0.066930449965248     0.154049289678131
    -0.082460430950238     0.098295984479347    -0.047906160845678
97 70
     0.048870278179495    -0.027447668313545     0.003946215896970
    -0.027447668313559     0.017176440800581    -0.002278348810397
    -0.084051774043239     0.048527314369717    -0.004623106172335
97 71
    -0.127396279519342     0.033545889017117     0.024590090542115
     0.230774284519511    -0.111634141063539    -0.109582899823928
     0.017914213603893    -0.015249876945509    -0.066108346624006
97 72
    -0.076452167198903     0.044256928964324     0.057444510069525
     0.044256928964348    -0.025348667496772    -0.033165603352115
     0.061919009397290    -0.035748956743471     0.027748053581233
97 73
    -0.097514738839614    -0.146686797626092     0.956238863008786
    -0.146686797626169     0.071864585352406     0.552084764967849
     1.441705832427607     0.832369250444115    -0.843849649767001
97 74
    -0.064049659417496    -0.038786582081728    -0.003624446054899
    -0.038786582081748    -0.019262772205822    -0.002092574905460
    -0.101376410150066    -0.058529697689603     0.023955905387006
97 75
     0.045459785078481     0.060552116036297     0.112819954121935
     0.179068234617176     0.010933466762794    -0.112688686709428
     0.126357035124257     0.022264835770226    -0.047906160845678
97 76
    -0.230028668185183    -0.171519447295608    -0.107196620338919
     0.025708948206679    -0.009001752397698     0.033495806821127
    -0.022163887641347    -0.007889225597033    -0.066108346624006
97 77
     0.123323701806523     0.134113481334000    -0.041181288348478
     0.015597362753222    -0.066930449965248     0.154049289678131
     0.082460430950238     0.098295984479347    -0.047906160845678
97 78
    -0.127396279519342    -0.033545889017117    -0.024590090542115
    -0.230774284519511    -0.111634141063539    -0.109582899823928
    -0.017914213603893    -0.015249876945509    -0.066108346624006
97 79
     0.048870278179495     0.027447668313545    -0.003946215896970
     0.027447668313559     0.017176440800581    -0.002278348810397
     0.084051774043239     0.048527314369717    -0.004623106172335
97 80
    -0.076452167198903    -0.044256928964325    -0.057444510069525
    -0.044256928964348    -0.025348667496772    -0.033165603352115
    -0.061919009397290    -0.035748956743471     0.027748053581233
97 81
     0.043648845669466    -0.027980398494778    -0.005985205504514
    -0.027980398494792     0.011339864463472     0.003455560009187
     0.033138115367220    -0.019132299827696    -0.015082169799080
97 82
     0.090162817858659    -0.087935916935352    -0.035896910927287
    -0.012664242912536     0.197545874932491     0.146360620422625
    -0.233516098514498     0.045554181971742     0.185974924306677
97 83
     0.041284086943974     0.004385580935027     0.138509504525013
     0.004385580935029     0.046348119610756    -0.079968499722859
     0.065772198764107    -0.037973596661641     0.019989864954096
97 84
    -0.022894991148084     0.033441058762427     0.021429680520588
    -0.000997301138477     0.074254140118524     0.056449909238380
    -0.001050080447084     0.002614911736816     0.010613076487960
97 85
     0.214261257690564     0.058984024730415    -0.144700470863255
    -0.016287649292416     0.073447435100586    -0.042092673430886
    -0.156209128093407     0.179453782520261     0.185974924306677
97 86
    -0.104295687980691     0.033774310732345    -0.079897743322160
     0.033774310732363    -0.065296473194654     0.046128983614705
     0.046814288893912    -0.027028242294814    -0.089574382298911
97 87
     0.035918298153586     0.032958567271761    -0.038172215181456
     0.067396927172699     0.015440850816855    -0.046783602345009
    -0.002789620216279    -0.000398059525216     0.010613076487960
97 88
    -0.017674831007637     0.011024377028563     0.053193710850239
     0.011024377028569    -0.004944976917456    -0.030711403278588
     0.002724228169688    -0.001572833867103     0.035662347635634
97 89
     0.043648845669466     0.027980398494778     0.005985205504514
     0.027980398494792     0.011339864463472     0.003455560009187
    -0.033138115367220    -0.019132299827696    -0.015082169799080
97 90
     0.041284086943974    -0.004385580935026    -0.138509504525013
    -0.004385580935029     0.046348119610756    -0.079968499722859
    -0.065772198764107    -0.037973596661641     0.019989864954096
97 91
     0.090162817858659     0.087935916935352     0.035896910927287
     0.012664242912536     0.197545874932491     0.146360620422625
     0.233516098514498     0.045554181971742     0.185974924306677
97 92
    -0.022894991148083    -0.033441058762427    -0.021429680520588
     0.000997301138477     0.074254140118524     0.056449909238380
     0.001050080447084     0.002614911736816     0.010613076487960
97 93
     0.214261257690564    -0.058984024730415     0.144700470863255
     0.016287649292416     0.073447435100586    -0.042092673430886
     0.156209128093407     0.179453782520261     0.185974924306677
97 94
     0.035918298153586    -0.032958567271761     0.038172215181456
    -0.067396927172699     0.015440850816855    -0.046783602345009
     0.002789620216279    -0.000398059525216     0.010613076487960
97 95
    -0.104295687980691    -0.033774310732345     0.079897743322160
    -0.033774310732363    -0.065296473194654     0.046128983614705
    -0.046814288893912    -0.027028242294814    -0.089574382298911
97 96
    -0.017674831007637    -0.011024377028563    -0.053193710850239
    -0.011024377028569    -0.004944976917456    -0.030711403278588
    -0.002724228169688    -0.001572833867103     0.035662347635634
97 97
    -2.037676179793594    -0.000000000000000     0.000000000000004
    -0.000000000000000    -2.037676179793594    -0.000000000000031
     0.000000000000000    -0.000000000000005    44.256555321125276
97 98
     0.003895571104103    -0.120494845838332    -0.114699013615097
    -0.120494845838395     0.143031034465587    -0.066221506386478
    -0.114788652211553    -0.066273259254237    -0.158080809615215
97 99
     0.003895571104103     0.120494845838332     0.114699013615097
     0.120494845838395     0.143031034465587    -0.066221506386478
     0.114788652211553    -0.066273259254237    -0.158080809615215
97 100
    -0.413651500186318    -0.000000000000000     0.000000000000000
    -0.000000000000000     0.084463171636869    -0.129865330934724
    -0.000000000000000    -0.129985574474670     0.145646782151305
97 101
     0.212598766146328     0.000000000000000    -0.000000000000000
     0.000000000000000    -0.065672160576638     0.132443012772956
    -0.000000000000000     0.132546518508475    -0.158080809615215
97 102
    -0.040065496318928    -0.215689979898258    -0.112466675660314
    -0.215689979898371    -0.289122832230521     0.064932665467362
    -0.112570809620608     0.064992787237335     0.145646782151305
97 103
    -0.040065496318928     0.215689979898258     0.112466675660314
     0.215689979898371    -0.289122832230521     0.064932665467362
     0.112570809620608     0.064992787237335     0.145646782151305
97 104
    -0.269315264717672    -0.000000000000000    -0.000000000000000
    -0.000000000000000    -0.269315264717672     0.000000000000000
    -0.000000000000000     0.000000000000000    -0.253320186722321
97 105
     0.616479344463218     0.000000000000000    -0.000000000000001
     0.000000000000000     0.616479344463218     0.000000000000014
    -0.000000000000000     0.000000000000002   -20.174578270331637
97 106
     0.014182869009809     0.127375324422913     0.067574053851512
     0.127375324422979    -0.132897486677598     0.039013898181415
     0.119618676644835     0.069061875160984     0.050849145737170
97 107
     0.014182869009809    -0.127375324422913    -0.067574053851512
    -0.127375324422979    -0.132897486677599     0.039013898181415
    -0.119618676644835     0.069061875160984     0.050849145737170
97 108
     0.344010986320411     0.000000000000000    -0.000000000000000
    -0.000000000000000    -0.065262874358943    -0.002985612668064
    -0.000000000000000     0.075876050868422    -0.002320655748481
97 109
    -0.206437664521302    -0.000000000000000    -0.000000000000000
    -0.000000000000000     0.087723046853513    -0.078027796362830
    -0.000000000000000    -0.138123750321969     0.050849145737170
97 110
     0.037055590810896     0.177220780226580    -0.002585616416403
     0.177220780226673     0.241692521150573     0.001492806334032
     0.065710587590911    -0.037938025434211    -0.002320655748481
97 111
     0.037055590810896    -0.177220780226580     0.002585616416403
    -0.177220780226673     0.241692521150573     0.001492806334032
    -0.065710587590911    -0.037938025434211    -0.002320655748481
97 112
     0.255831928603273     0.000000000000000    -0.000000000000000
     0.000000000000000     0.255831928603273    -0.000000000000000
    -0.000000000000000    -0.000000000000000     0.087908490467201
97 113
     0.616479344463218     0.000000000000000    -0.000000000000001
    -0.000000000000000     0.616479344463219     0.000000000000013
    -0.000000000000000     0.000000000000002   -20.174578270331637
97 114
     0.014182869009809     0.127375324422913     0.067574053851512
     0.127375324422979    -0.132897486677599     0.039013898181415
     0.119618676644835     0.069061875160984     0.050849145737170
97 115
     0.014182869009809    -0.127375324422913    -0.067574053851512
    -0.127375324422979    -0.132897486677599     0.039013898181415
    -0.119618676644835     0.069061875160984     0.050849145737170
97 116
     0.344010986320411     0.000000000000000     0.000000000000000
    -0.000000000000000    -0.065262874358943    -0.002985612668064
    -0.000000000000000     0.075876050868422    -0.002320655748481
97 117
    -0.206437664521302    -0.000000000000000     0.000000000000000
    -0.000000000000000     0.087723046853513    -0.078027796362830
    -0.000000000000000    -0.138123750321969     0.050849145737170
97 118
     0.037055590810896     0.177220780226580    -0.002585616416403
     0.177220780226673     0.241692521150573     0.001492806334032
     0.065710587590911    -0.037938025434211    -0.002320655748481
97 119
     0.037055590810896    -0.177220780226580     0.002585616416403
    -0.177220780226673     0.241692521150573     0.001492806334032
    -0.065710587590911    -0.037938025434211    -0.002320655748481
97 120
     0.255831928603273     0.000000000000000     0.000000000000000
     0.000000000000000     0.255831928603273    -0.000000000000000
    -0.000000000000000    -0.000000000000000     0.087908490467201
105 1
    -0.057932641196015    -0.018195245246878    -0.096757241798024
    -0.018195245246887    -0.036922581713498    -0.055862819598150
    -0.013537309000332    -0.007815768995443     0.112312414245324
105 2
    -0.209130520303120     0.037056356811611     0.024269275506697
     0.037056356811631    -0.251919515463872     0.014011872746833
    -0.086680673867107    -0.050045110390699     0.026554872420021
105 3
    -0.570014650296489     0.106200260551021    -0.051314651357077
     1.033439593028734    -0.635919939477097     0.343560723028752
     0.540923055198107    -0.197143876138699     0.225653743217004
105 4
    -0.001985225149773     0.077221267053693     0.063322299825573
     0.000663377565023    -0.002607849600074    -0.028603393152540
    -0.018056358132450     0.011949155386770     0.012677392895423
105 5
    -0.125965084999427     0.777067456970465     0.271874988206832
    -0.150171875506786    -1.079969504774160    -0.216220153175958
     0.099729922662363     0.567025045363480     0.225653743217004
105 6
     0.031272846914775    -0.018538179294167     0.006889884808259
     0.058019710194533    -0.035865921664623     0.069140416851286
     0.001320093052488    -0.021611842535912     0.012677392895423
105 7
     0.002257670465366     0.000176998984636    -0.004820818791145
     0.000176998984636     0.002053289642514    -0.002783301026782
     0.002922135634419     0.001687095795140     0.004448376907233
105 8
     0.006330992610449     0.007082267127240     0.008693514575831
     0.007082267127243    -0.001846905054322     0.005019202980561
    -0.000004370478503    -0.000002523296940    -0.003916655874150
105 9
    -0.057932641196015     0.018195245246878     0.096757241798024
     0.018195245246887    -0.036922581713498    -0.055862819598150
     0.013537309000332    -0.007815768995443     0.112312414245324
105 10
    -0.570014650296490    -0.106200260551021     0.051314651357077
    -1.033439593028734    -0.635919939477097     0.343560723028752
    -0.540923055198107    -0.197143876138699     0.225653743217004
105 11
    -0.209130520303120    -0.037056356811611    -0.024269275506697
    -0.037056356811631    -0.251919515463872     0.014011872746833
     0.086680673867107    -0.050045110390699     0.026554872420021
105 12
    -0.001985225149773    -0.077221267053693    -0.063322299825573
    -0.000663377565023    -0.002607849600074    -0.028603393152540
     0.018056358132450     0.011949155386770     0.012677392895423
105 13
    -0.125965084999427    -0.777067456970465    -0.271874988206832
     0.150171875506786    -1.079969504774160    -0.216220153175958
    -0.099729922662363     0.567025045363480     0.225653743217004
105 14
     0.002257670465366    -0.000176998984636     0.004820818791145
    -0.000176998984636     0.002053289642514    -0.002783301026782
    -0.002922135634419     0.001687095795140     0.004448376907233
105 15
     0.031272846914775     0.018538179294167    -0.006889884808259
    -0.058019710194533    -0.035865921664623     0.069140416851286
    -0.001320093052488    -0.021611842535912     0.012677392895423
105 16
     0.006330992610450    -0.007082267127240    -0.008693514575831
    -0.007082267127243    -0.001846905054322     0.005019202980561
     0.000004370478503    -0.000002523296940    -0.003916655874150
105 17
   -11.613508335126550    -4.154371897903520     2.226244378722734
    -4.154371897905693    -6.816452867988474     1.285322791337800
     0.830644285358227     0.479572701752272    -3.167508649042037
105 18
     0.024281713593680     0.023856782955309     0.007516237972646
     0.023856782955321    -0.003265726528819     0.004339502016802
     0.021567882187386     0.012452222586734     0.001914697934951
105 19
    -0.007957607359658    -0.005863886052107    -0.012569074780477
    -0.043526168859767    -0.026506601583317     0.015679979086116
    -0.028763696838030    -0.006513911354946    -0.000380009994521
105 20
     0.119857586088392     0.130357627971700     0.077502610833037
    -0.136259863579771     0.042101577024560    -0.083459340236248
     0.022836678264783    -0.111768011315153    -0.165301836537541
105 21
    -0.043255874151394    -0.023146705025614     0.007294722829143
     0.014515577782031     0.008791665208419    -0.018725127605020
    -0.020023061130400    -0.021653136491009    -0.000380009994521
105 22
     0.058984836302693    -0.101114965104623    -0.033526603411142
     0.165502526446864     0.102974326810259     0.108848899959170
    -0.085375597997023     0.075661149172926    -0.165301836537541
105 23
    -0.045296881192274    -0.026981923857257     0.005484886818326
    -0.026981923857271    -0.014140839187783     0.003166700881036
    -0.001897890474026    -0.001095747576071    -0.007016792475931
105 24
     0.035381476946765     0.026346445839191    -0.002500161220957
     0.026346445839204     0.004959221751864    -0.001443468753937
     0.020085960577341     0.011596634746257    -0.005753928865283
105 25
   -11.613508335126550     4.154371897903520    -2.226244378722735
     4.154371897905692    -6.816452867988474     1.285322791337801
    -0.830644285358227     0.479572701752272    -3.167508649042037
105 26
    -0.007957607359658     0.005863886052107     0.012569074780477
     0.043526168859767    -0.026506601583317     0.015679979086116
     0.028763696838030    -0.006513911354946    -0.000380009994521
105 27
     0.024281713593680    -0.023856782955309    -0.007516237972646
    -0.023856782955321    -0.003265726528819     0.004339502016802
    -0.021567882187386     0.012452222586734     0.001914697934951
105 28
     0.119857586088392    -0.130357627971700    -0.077502610833037
     0.136259863579771     0.042101577024560    -0.083459340236248
    -0.022836678264783    -0.111768011315153    -0.165301836537541
105 29
    -0.043255874151394     0.023146705025614    -0.007294722829143
    -0.014515577782031     0.008791665208419    -0.018725127605020
     0.020023061130400    -0.021653136491009    -0.000380009994521
105 30
    -0.045296881192274     0.026981923857257    -0.005484886818326
     0.026981923857271    -0.014140839187783     0.003166700881036
     0.001897890474026    -0.001095747576071    -0.007016792475931
105 31
     0.058984836302693     0.101114965104623     0.033526603411142
    -0.165502526446864     0.102974326810259     0.108848899959170
     0.085375597997023     0.075661149172926    -0.165301836537541
105 32
     0.035381476946765    -0.026346445839191     0.002500161220957
    -0.026346445839204     0.004959221751864    -0.001443468753937
    -0.020085960577341     0.011596634746257    -0.005753928865283
105 33
     0.005053331125578     0.000000000000000     0.000000000000000
    -0.000000000000000    -0.054356731936216     0.071263310940044
    -0.000000000000000     0.207107752727495     0.054322596122115
105 34
    -0.787541500718217     0.845525830689262     0.006892271824892
    -0.344999589303566     0.170953609537328     0.165378190332004
    -0.231416379798512     0.326495681596306    -0.271212254212168
105 35
    -0.787541500718217    -0.845525830689262    -0.006892271824892
     0.344999589303566     0.170953609537328     0.165378190332004
     0.231416379798512     0.326495681596306    -0.271212254212168
105 36
     0.014187796195027     0.000000000000000     0.000000000000000
     0.000000000000000    -0.028710337474958     0.014515722447462
    -0.000000000000000     0.000517194219267     0.021072140114704
105 37
     0.027930825095633     0.000000000000000     0.000000000000000
     0.000000000000000     0.141182430189676    -0.018087873497878
    -0.000000000000000    -0.037475827585232     0.015979462120945
105 38
     0.007928909938192     0.037356808270207     0.001524826224888
     0.012640903650454     0.042870756748938    -0.019950022610271
    -0.006183163859933    -0.013001213326814     0.026610743933532
105 39
     0.007928909938192    -0.037356808270207    -0.001524826224888
    -0.012640903650454     0.042870756748938    -0.019950022610271
     0.006183163859933    -0.013001213326814     0.026610743933532
105 40
    -0.088637545782631     0.000000000000000    -0.000000000000000
    -0.000000000000000     0.073362936608698    -0.041090762237347
    -0.000000000000000    -0.029961337486605    -0.044595721355960
105 41
    -0.026417551972239     0.000000000000000     0.000000000000000
    -0.000000000000000    -0.068437670937274     0.111725639196299
    -0.000000000000000     0.015631537990886     0.112312414245324
105 42
    -1.112922149364463    -0.719991802296314     0.323189639563909
     0.207247530180967    -0.093012440409123    -0.127340569852794
    -0.441193132535744    -0.369881169224781     0.225653743217004
105 43
    -1.112922149364463     0.719991802296314    -0.323189639563909
    -0.207247530180967    -0.093012440409123    -0.127340569852794
     0.441193132535744    -0.369881169224781     0.225653743217004
105 44
     0.001951099231089     0.000000000000000     0.000000000000000
    -0.000000000000000     0.002359860876792     0.005566602053565
    -0.000000000000000    -0.003374191590280     0.004448376907233
105 45
    -0.273314013044249     0.000000000000000     0.000000000000000
    -0.000000000000000    -0.187736022722744    -0.028023745493665
    -0.000000000000000     0.100090220781398     0.026554872420021
105 46
    -0.036177233889773     0.019077387885145    -0.056432415017314
    -0.057480501603555     0.031584159139926    -0.040537023698745
     0.019376451184938     0.009662687149142     0.012677392895423
105 47
    -0.036177233889773    -0.019077387885145     0.056432415017314
     0.057480501603555     0.031584159139926    -0.040537023698745
    -0.019376451184938     0.009662687149142     0.012677392895423
105 48
    -0.005935853886708     0.000000000000000     0.000000000000000
    -0.000000000000000     0.010419941442835    -0.010038405961123
    -0.000000000000000     0.000005046593881    -0.003916655874150
105 49
     0.008686925926534    -0.000000000000000    -0.000000000000000
     0.000000000000000    -0.015943990929121     0.008124989866062
    -0.000000000000000    -0.002983321077584     0.003536227366419
105 50
     0.075705746812998     0.098091984996084    -0.159481832658801
    -0.001054124641056    -0.041036684830687     0.009562394783340
    -0.023147489852614    -0.009212582020637     0.039043097344603
105 51
     0.075705746812998    -0.098091984996085     0.159481832658801
     0.001054124641056    -0.041036684830687     0.009562394783340
     0.023147489852614    -0.009212582020637     0.039043097344603
105 52
     0.021168346674728    -0.000000000000000    -0.000000000000000
     0.000000000000000    -0.933513924780263    -0.111194777859640
    -0.000000000000000    -1.313251871669260    -0.184853099647740
105 53
     0.006692814080534    -0.000000000000000    -0.000000000000000
    -0.000000000000000     0.001287669313946    -0.038733583550375
    -0.000000000000000    -0.004869366330344    -0.021052679250447
105 54
    -0.082101149646598    -0.045183311086690    -0.134700303382753
     0.031867056010823    -0.100600361123922     0.005996031940644
    -0.148086713811434    -0.064702651767587    -0.134593639023214
105 55
    -0.082101149646598     0.045183311086690     0.134700303382753
    -0.031867056010823    -0.100600361123922     0.005996031940644
     0.148086713811434    -0.064702651767587    -0.134593639023214
105 56
     0.035181285601393    -0.000000000000000    -0.000000000000000
    -0.000000000000000     0.003596821723973    -0.112024972224135
    -0.000000000000000     0.033226616039621     0.016269910288564
105 57
    -4.417925134419431    -0.000000000000000    -0.000000000000000
    -0.000000000000000   -14.012036068695597    -2.570645582675595
    -0.000000000000000    -0.959145403504541    -3.167508649042037
105 58
    -0.000482831903411     0.039210605237949     0.019863797609620
     0.001548322430313    -0.033981377039565     0.003045148518904
     0.008740635707630     0.028167047845955    -0.000380009994521
105 59
    -0.000482831903411    -0.039210605237949    -0.019863797609620
    -0.001548322430313    -0.033981377039565     0.003045148518904
    -0.008740635707630     0.028167047845955    -0.000380009994521
105 60
     0.001437181814462    -0.000000000000000    -0.000000000000000
     0.000000000000000    -0.060874902194520    -0.006333401762073
    -0.000000000000000     0.002191495152142    -0.007016792475931
105 61
    -0.017039446590069    -0.000000000000000    -0.000000000000000
    -0.000000000000000     0.038055433654929    -0.008679004033603
    -0.000000000000000    -0.024904445173468     0.001914697934951
105 62
     0.064096322278343     0.168453644250777    -0.111029214244179
    -0.098163847300674     0.097862840834609    -0.025389559722922
    -0.108212276261806     0.036106862142228    -0.165301836537541
105 63
     0.064096322278343    -0.168453644250777     0.111029214244179
     0.098163847300674     0.097862840834609    -0.025389559722922
     0.108212276261806     0.036106862142228    -0.165301836537541
105 64
    -0.010251905845586    -0.000000000000000    -0.000000000000000
    -0.000000000000000     0.050592604544216     0.002886937507875
    -0.000000000000000    -0.023193269492514    -0.005753928865283
105 65
    -0.039504216170767     0.025725311925967     0.061715837631851
     0.025725311925981    -0.009799184639871    -0.035631655470022
     0.179360575182763    -0.103553876363747     0.054322596122115
105 66
     0.148064052123954    -0.885171707091981     0.146667849971822
     0.305353712900827    -0.764651943304843    -0.076720212675856
     0.167045364589134    -0.363660304555440    -0.271212254212168
105 67
     0.112869528916165    -0.049039383515389    -0.015664557949598
    -0.049039383515415     0.056243726369144     0.009043936748939
    -0.032455018716665     0.018737913792616     0.015979462120945
105 68
     0.055784939373449    -0.014988787826338    -0.016514813274120
     0.009727116793428    -0.004985272686319     0.011295549552245
    -0.014350962951011     0.001145829684945     0.026610743933532
105 69
    -0.285404388177070     0.055090592207729     0.139775578146930
    -1.135434827785513    -0.331183503003819    -0.088657977656147
     0.398461744387646     0.037164622959134    -0.271212254212168
105 70
    -0.017985804057462     0.018575436766569     0.012570984393783
     0.018575436766579     0.003463262777531    -0.007257861223731
     0.000447903332576    -0.000258597109634     0.021072140114704
105 71
     0.012485650719054    -0.015271739166905    -0.018039639499008
    -0.039987643786686     0.038314015968075     0.008654473058026
    -0.008167799091078     0.011855383641869     0.026610743933532
105 72
     0.032862816010865    -0.070148266588094    -0.035585643958400
    -0.070148266588130    -0.048137425184799     0.020545381118674
    -0.025947279394766     0.014980668743302    -0.044595721355960
105 73
    -0.039504216170767    -0.025725311925967    -0.061715837631851
    -0.025725311925981    -0.009799184639871    -0.035631655470022
    -0.179360575182763    -0.103553876363747     0.054322596122115
105 74
     0.112869528916165     0.049039383515389     0.015664557949598
     0.049039383515415     0.056243726369144     0.009043936748939
     0.032455018716665     0.018737913792616     0.015979462120945
105 75
     0.148064052123954     0.885171707091981    -0.146667849971822
    -0.305353712900827    -0.764651943304843    -0.076720212675856
    -0.167045364589134    -0.363660304555440    -0.271212254212168
105 76
     0.055784939373448     0.014988787826338     0.016514813274120
    -0.009727116793428    -0.004985272686319     0.011295549552245
     0.014350962951011     0.001145829684945     0.026610743933532
105 77
    -0.285404388177070    -0.055090592207729    -0.139775578146930
     1.135434827785513    -0.331183503003819    -0.088657977656147
    -0.398461744387646     0.037164622959134    -0.271212254212168
105 78
     0.012485650719054     0.015271739166905     0.018039639499008
     0.039987643786686     0.038314015968075     0.008654473058026
     0.008167799091078     0.011855383641869     0.026610743933532
105 79
    -0.017985804057462    -0.018575436766569    -0.012570984393783
    -0.018575436766579     0.003463262777531    -0.007257861223731
    -0.000447903332576    -0.000258597109634     0.021072140114704
105 80
     0.032862816010865     0.070148266588093     0.035585643958400
     0.070148266588130    -0.048137425184799     0.020545381118674
     0.025947279394765     0.014980668743302    -0.044595721355960
105 81
    -0.009786261715207     0.010665499857747     0.007036447629499
     0.010665499857753     0.002529196712620    -0.004062494933031
    -0.002583631840834     0.001491660538792     0.003536227366419
105 82
     0.030167549178416     0.025237366021674    -0.071459639526015
     0.124383475658879     0.004501512803895    -0.142896515916326
    -0.019552074990629    -0.015440023235882     0.039043097344603
105 83
     0.002638955505593     0.002340496339498    -0.033544267334223
     0.002340496339499     0.005341527888887     0.019366791775188
    -0.004216994942411     0.002434683165172    -0.021052679250447
105 84
    -0.101741665844087     0.043206513324446    -0.062157435708877
    -0.033843853773067    -0.080959844926433    -0.119651900597288
    -0.130077497028680    -0.095895530239830    -0.134593639023214
105 85
    -0.053869703017947     0.075864545481299     0.088022193132786
    -0.023281564155853     0.088538765000259     0.133334121132986
     0.003595414861985     0.024652605256520     0.039043097344603
105 86
    -0.694843356916516     0.413389549811219    -0.096297502394591
     0.413389549811436    -0.217502221189021     0.055597388929820
    -1.137309482433338     0.656625935834630    -0.184853099647740
105 87
    -0.090209450665095    -0.027185726235107     0.072542867673876
     0.049864640862414    -0.092492060105425     0.113655868656644
     0.018009216782754     0.160598182007417    -0.134593639023214
105 88
     0.011492937693328     0.013676474041375    -0.097016471804322
     0.013676474041382     0.027285169632038     0.056012486112068
     0.028775093572111    -0.016613308019811     0.016269910288564
105 89
    -0.009786261715207    -0.010665499857747    -0.007036447629499
    -0.010665499857753     0.002529196712620    -0.004062494933031
     0.002583631840834     0.001491660538792     0.003536227366419
105 90
     0.002638955505593    -0.002340496339498     0.033544267334223
    -0.002340496339499     0.005341527888887     0.019366791775188
     0.004216994942411     0.002434683165172    -0.021052679250447
105 91
     0.030167549178417    -0.025237366021674     0.071459639526015
    -0.124383475658879     0.004501512803895    -0.142896515916326
     0.019552074990629    -0.015440023235882     0.039043097344603
105 92
    -0.101741665844087    -0.043206513324446     0.062157435708877
     0.033843853773067    -0.080959844926433    -0.119651900597288
     0.130077497028680    -0.095895530239830    -0.134593639023214
105 93
    -0.053869703017947    -0.075864545481299    -0.088022193132786
     0.023281564155853     0.088538765000259     0.133334121132986
    -0.003595414861985     0.024652605256520     0.039043097344603
105 94
    -0.090209450665095     0.027185726235107    -0.072542867673876
    -0.049864640862414    -0.092492060105425     0.113655868656644
    -0.018009216782754     0.160598182007417    -0.134593639023214
105 95
    -0.694843356916516    -0.413389549811219     0.096297502394591
    -0.413389549811436    -0.217502221189021     0.055597388929820
     1.137309482433338     0.656625935834630    -0.184853099647740
105 96
     0.011492937693328    -0.013676474041375     0.097016471804322
    -0.013676474041382     0.027285169632038     0.056012486112068
    -0.028775093572111    -0.016613308019811     0.016269910288564
105 97
     0.616642729313922     0.000000000000000    -0.000000000000001
     0.000000000000000     0.616642729313922     0.000000000000013
    -0.000000000000000     0.000000000000002   -20.174329045715183
105 98
     0.014180233544044     0.127377805338261     0.119431512790836
     0.127377805338327    -0.132902986857651     0.068953816059532
     0.067606439251511     0.039032595900802     0.050893089624202
105 99
     0.014180233544044    -0.127377805338261    -0.119431512790836
    -0.127377805338327    -0.132902986857652     0.068953816059532
    -0.067606439251511     0.039032595900802     0.050893089624202
105 100
     0.344012867707248    -0.000000000000000     0.000000000000000
    -0.000000000000000    -0.065262496648983     0.075849776486257
    -0.000000000000000    -0.002945815263123    -0.002352044239218
105 101
    -0.206444597058499    -0.000000000000000    -0.000000000000000
    -0.000000000000000     0.087721843744892    -0.137907632119063
    -0.000000000000000    -0.078065191801603     0.050893089624202
105 102
     0.037056344440075     0.177221431337768     0.065687833308453
     0.177221431337860     0.241694026618191    -0.037924888243128
    -0.002551150852721     0.001472907631561    -0.002352044239218
105 103
     0.037056344440075    -0.177221431337768    -0.065687833308453
    -0.177221431337860     0.241694026618191    -0.037924888243128
     0.002551150852721     0.001472907631561    -0.002352044239218
105 104
     0.255834490361651     0.000000000000000     0.000000000000000
     0.000000000000000     0.255834490361651    -0.000000000000000
    -0.000000000000000    -0.000000000000000     0.087928579101272
105 105
    34.429045468298412     0.000000000000000     0.000000000000002
     0.000000000000000    34.429045468298426    -0.000000000000023
    -0.000000000000000    -0.000000000000004    30.965115868370802
105 106
     0.006042427394528    -0.041904706984663    -0.025830384384400
    -0.041904706984685     0.054429815110356    -0.014913179377609
    -0.025810447935063    -0.014901669063209    -0.026476401193178
105 107
     0.006042427394528     0.041904706984663     0.025830384384400
     0.041904706984685     0.054429815110356    -0.014913179377609
     0.025810447935063    -0.014901669063209    -0.026476401193178
105 108
    -0.563927657409516     0.000000000000000    -0.000000000000000
    -0.000000000000000     0.114542944808586    -0.009201596502090
    -0.000000000000000    -0.009244874721130     0.061845371068725
105 109
     0.078623508968270     0.000000000000000    -0.000000000000000
     0.000000000000000    -0.018151266463386     0.029826358755218
    -0.000000000000000     0.029803338126419    -0.026476401193178
105 110
    -0.055074705745939    -0.293786388620825    -0.007968816326182
    -0.293786388620978    -0.394310006854990     0.004600798251045
    -0.008006296363305     0.004622437360565     0.061845371068725
105 111
    -0.055074705745939     0.293786388620825     0.007968816326182
     0.293786388620978    -0.394310006854990     0.004600798251045
     0.008006296363305     0.004622437360565     0.061845371068725
105 112
    -0.071291413624799    -0.000000000000000    -0.000000000000000
    -0.000000000000000    -0.071291413624799     0.000000000000000
    -0.000000000000000     0.000000000000000    -0.044242705463473
105 113
     0.206711095176843     0.000000000000000    -0.000000000000000
    -0.000000000000000     0.206711095176843     0.000000000000000
    -0.000000000000000     0.000000000000000    -0.336492153937324
105 114
     0.121361120615377    -0.014756861354598    -0.006395772365316
    -0.014756861354606     0.138400876366324    -0.003692600896792
    -0.006544831177055    -0.003778660041872     0.072572910919572
105 115
     0.121361120615377     0.014756861354598     0.006395772365316
     0.014756861354606     0.138400876366324    -0.003692600896792
     0.006544831177055    -0.003778660041872     0.072572910919572
105 116
    -0.095298896835070     0.000000000000000     0.000000000000000
    -0.000000000000000     0.023725156899283    -0.006663605231085
    -0.000000000000000    -0.006628175752410    -0.022234142041784
105 117
     0.146920754241797     0.000000000000000     0.000000000000000
     0.000000000000000     0.112841242739904     0.007385201793584
    -0.000000000000000     0.007557320083744     0.072572910919572
105 118
    -0.006030856534305    -0.051538927097664    -0.005770851410909
    -0.051538927097691    -0.065542883401482     0.003331802615542
    -0.005740168582337     0.003314087876205    -0.022234142041784
105 119
    -0.006030856534305     0.051538927097664     0.005770851410909
     0.051538927097691    -0.065542883401482     0.003331802615542
     0.005740168582337     0.003314087876205    -0.022234142041784
105 120
    -0.348359260115588    -0.000000000000000     0.000000000000000
    -0.000000000000000    -0.348359260115588    -0.000000000000000
     0.000000000000000    -0.000000000000000     0.239145772075353
113 1
    -0.009786261715207    -0.010665499857747    -0.007036447629499
    -0.010665499857753     0.002529196712620    -0.004062494933031
     0.002583631840834     0.001491660538792     0.003536227366419
113 2
     0.002638955505593    -0.002340496339498     0.033544267334223
    -0.002340496339499     0.005341527888887     0.019366791775188
     0.004216994942411     0.002434683165172    -0.021052679250447
113 3
     0.030167549178417    -0.025237366021674     0.071459639526015
    -0.124383475658879     0.004501512803895    -0.142896515916326
     0.019552074990629    -0.015440023235882     0.039043097344603
113 4
    -0.101741665844087    -0.043206513324446     0.062157435708877
     0.033843853773067    -0.080959844926433    -0.119651900597288
     0.130077497028680    -0.095895530239830    -0.134593639023214
113 5
    -0.053869703017947    -0.075864545481299    -0.088022193132786
     0.023281564155853     0.088538765000259     0.133334121132986
    -0.003595414861985     0.024652605256520     0.039043097344603
113 6
    -0.090209450665095     0.027185726235107    -0.072542867673876
    -0.049864640862414    -0.092492060105425     0.113655868656644
    -0.018009216782754     0.160598182007417    -0.134593639023214
113 7
    -0.694843356916516    -0.413389549811219     0.096297502394591
    -0.413389549811436    -0.217502221189021     0.055597388929820
     1.137309482433338     0.656625935834630    -0.184853099647740
113 8
     0.011492937693328    -0.013676474041375     0.097016471804322
    -0.013676474041382     0.027285169632038     0.056012486112068
    -0.028775093572111    -0.016613308019811     0.016269910288564
113 9
    -0.009786261715207     0.010665499857747     0.007036447629499
     0.010665499857753     0.002529196712620    -0.004062494933031
    -0.002583631840834     0.001491660538792     0.003536227366419
113 10
     0.030167549178416     0.025237366021674    -0.071459639526015
     0.124383475658879     0.004501512803895    -0.142896515916326
    -0.019552074990629    -0.015440023235882     0.039043097344603
113 11
     0.002638955505593     0.002340496339498    -0.033544267334223
     0.002340496339499     0.005341527888887     0.019366791775188
    -0.004216994942411     0.002434683165172    -0.021052679250447
113 12
    -0.101741665844087     0.043206513324446    -0.062157435708877
    -0.033843853773067    -0.080959844926433    -0.119651900597288
    -0.130077497028680    -0.095895530239830    -0.134593639023214
113 13
    -0.053869703017947     0.075864545481299     0.088022193132786
    -0.023281564155853     0.088538765000259     0.133334121132986
     0.003595414861985     0.024652605256520     0.039043097344603
113 14
    -0.694843356916516     0.413389549811219    -0.096297502394591
     0.413389549811436    -0.217502221189021     0.055597388929820
    -1.137309482433338     0.656625935834630    -0.184853099647740
113 15
    -0.090209450665095    -0.027185726235107     0.072542867673876
     0.049864640862414    -0.092492060105425     0.113655868656644
     0.018009216782754     0.160598182007417    -0.134593639023214
113 16
     0.011492937693328     0.013676474041375    -0.097016471804322
     0.013676474041382     0.027285169632038     0.056012486112068
     0.028775093572111    -0.016613308019811     0.016269910288564
113 17
    -0.039504216170767    -0.025725311925967    -0.061715837631851
    -0.025725311925981    -0.009799184639871    -0.035631655470022
    -0.179360575182763    -0.103553876363747     0.054322596122115
113 18
     0.112869528916165     0.049039383515389     0.015664557949598
     0.049039383515415     0.056243726369144     0.009043936748939
     0.032455018716665     0.018737913792616     0.015979462120945
113 19
     0.148064052123954     0.885171707091981    -0.146667849971822
    -0.305353712900827    -0.764651943304843    -0.076720212675856
    -0.167045364589134    -0.363660304555440    -0.271212254212168
113 20
     0.055784939373448     0.014988787826338     0.016514813274120
    -0.009727116793428    -0.004985272686319     0.011295549552245
     0.014350962951011     0.001145829684945     0.026610743933532
113 21
    -0.285404388177070    -0.055090592207729    -0.139775578146930
     1.135434827785513    -0.331183503003819    -0.088657977656147
    -0.398461744387646     0.037164622959134    -0.271212254212168
113 22
     0.012485650719054     0.015271739166905     0.018039639499008
     0.039987643786686     0.038314015968075     0.008654473058026
     0.008167799091078     0.011855383641869     0.026610743933532
113 23
    -0.017985804057462    -0.018575436766569    -0.012570984393783
    -0.018575436766579     0.003463262777531    -0.007257861223731
    -0.000447903332576    -0.000258597109634     0.021072140114704
113 24
     0.032862816010865     0.070148266588093     0.035585643958400
     0.070148266588130    -0.048137425184799     0.020545381118674
     0.025947279394765     0.014980668743302    -0.044595721355960
113 25
    -0.039504216170767     0.025725311925967     0.061715837631851
     0.025725311925981    -0.009799184639871    -0.035631655470022
     0.179360575182763    -0.103553876363747     0.054322596122115
113 26
     0.148064052123954    -0.885171707091981     0.146667849971822
     0.305353712900827    -0.764651943304843    -0.076720212675856
     0.167045364589134    -0.363660304555440    -0.271212254212168
113 27
     0.112869528916165    -0.049039383515389    -0.015664557949598
    -0.049039383515415     0.056243726369144     0.009043936748939
    -0.032455018716665     0.018737913792616     0.015979462120945
113 28
     0.055784939373449    -0.014988787826338    -0.016514813274120
     0.009727116793428    -0.004985272686319     0.011295549552245
    -0.014350962951011     0.001145829684945     0.026610743933532
113 29
    -0.285404388177070     0.055090592207729     0.139775578146930
    -1.135434827785513    -0.331183503003819    -0.088657977656147
     0.398461744387646     0.037164622959134    -0.271212254212168
113 30
    -0.017985804057462     0.018575436766569     0.012570984393783
     0.018575436766579     0.003463262777531    -0.007257861223731
     0.000447903332576    -0.000258597109634     0.021072140114704
113 31
     0.012485650719054    -0.015271739166905    -0.018039639499008
    -0.039987643786686     0.038314015968075     0.008654473058026
    -0.008167799091078     0.011855383641869     0.026610743933532
113 32
     0.032862816010865    -0.070148266588094    -0.035585643958400
    -0.070148266588130    -0.048137425184799     0.020545381118674
    -0.025947279394766     0.014980668743302    -0.044595721355960
113 33
    -4.417925134419431    -0.000000000000000    -0.000000000000000
    -0.000000000000000   -14.012036068695597    -2.570645582675595
     0.000000000000000    -0.959145403504541    -3.167508649042037
113 34
    -0.000482831903411     0.039210605237949     0.019863797609620
     0.001548322430313    -0.033981377039565     0.003045148518904
     0.008740635707630     0.028167047845955    -0.000380009994521
113 35
    -0.000482831903411    -0.039210605237949    -0.019863797609620
    -0.001548322430313    -0.033981377039565     0.003045148518904
    -0.008740635707630     0.028167047845955    -0.000380009994521
113 36
     0.001437181814462    -0.000000000000000    -0.000000000000000
     0.000000000000000    -0.060874902194520    -0.006333401762073
     0.000000000000000     0.002191495152142    -0.007016792475931
113 37
    -0.017039446590069    -0.000000000000000    -0.000000000000000
    -0.000000000000000     0.038055433654929    -0.008679004033603
     0.000000000000000    -0.024904445173468     0.001914697934951
113 38
     0.064096322278343     0.168453644250777    -0.111029214244179
    -0.098163847300674     0.097862840834609    -0.025389559722922
    -0.108212276261806     0.036106862142228    -0.165301836537541
113 39
     0.064096322278343    -0.168453644250777     0.111029214244179
     0.098163847300674     0.097862840834609    -0.025389559722922
     0.108212276261806     0.036106862142228    -0.165301836537541
113 40
    -0.010251905845586    -0.000000000000000    -0.000000000000000
    -0.000000000000000     0.050592604544216     0.002886937507875
     0.000000000000000    -0.023193269492514    -0.005753928865283
113 41
     0.008686925926534    -0.000000000000000    -0.000000000000000
     0.000000000000000    -0.015943990929121     0.008124989866062
     0.000000000000000    -0.002983321077584     0.003536227366419
113 42
     0.075705746812998     0.098091984996084    -0.159481832658801
    -0.001054124641056    -0.041036684830687     0.009562394783340
    -0.023147489852614    -0.009212582020637     0.039043097344603
113 43
     0.075705746812998    -0.098091984996085     0.159481832658801
     0.001054124641056    -0.041036684830687     0.009562394783340
     0.023147489852614    -0.009212582020637     0.039043097344603
113 44
     0.021168346674728    -0.000000000000000    -0.000000000000000
     0.000000000000000    -0.933513924780263    -0.111194777859640
     0.000000000000000    -1.313251871669260    -0.184853099647740
113 45
     0.006692814080534    -0.000000000000000    -0.000000000000000
     0.000000000000000     0.001287669313946    -0.038733583550375
     0.000000000000000    -0.004869366330344    -0.021052679250447
113 46
    -0.082101149646598    -0.045183311086690    -0.134700303382753
     0.031867056010823    -0.100600361123922     0.005996031940644
    -0.148086713811434    -0.064702651767587    -0.134593639023214
113 47
    -0.082101149646598     0.045183311086690     0.134700303382753
    -0.031867056010823    -0.100600361123922     0.005996031940644
     0.148086713811434    -0.064702651767587    -0.134593639023214
113 48
     0.035181285601393    -0.000000000000000    -0.000000000000000
     0.000000000000000     0.003596821723973    -0.112024972224135
     0.000000000000000     0.033226616039621     0.016269910288564
113 49
    -0.026417551972239     0.000000000000000     0.000000000000000
    -0.000000000000000    -0.068437670937274     0.111725639196299
    -0.000000000000000     0.015631537990886     0.112312414245324
113 50
    -1.112922149364463    -0.719991802296314     0.323189639563909
     0.207247530180967    -0.093012440409123    -0.127340569852794
    -0.441193132535744    -0.369881169224781     0.225653743217004
113 51
    -1.112922149364463     0.719991802296314    -0.323189639563909
    -0.207247530180967    -0.093012440409123    -0.127340569852794
     0.441193132535744    -0.369881169224781     0.225653743217004
113 52
     0.001951099231089     0.000000000000000     0.000000000000000
     0.000000000000000     0.002359860876792     0.005566602053565
     0.000000000000000    -0.003374191590280     0.004448376907233
113 53
    -0.273314013044249     0.000000000000000     0.000000000000000
     0.000000000000000    -0.187736022722744    -0.028023745493665
     0.000000000000000     0.100090220781398     0.026554872420021
113 54
    -0.036177233889773     0.019077387885145    -0.056432415017314
    -0.057480501603555     0.031584159139926    -0.040537023698745
     0.019376451184938     0.009662687149142     0.012677392895423
113 55
    -0.036177233889773    -0.019077387885145     0.056432415017314
     0.057480501603555     0.031584159139926    -0.040537023698745
    -0.019376451184938     0.009662687149142     0.012677392895423
113 56
    -0.005935853886708     0.000000000000000     0.000000000000000
    -0.000000000000000     0.010419941442835    -0.010038405961123
     0.000000000000000     0.000005046593881    -0.003916655874150
113 57
     0.005053331125578     0.000000000000000     0.000000000000000
     0.000000000000000    -0.054356731936216     0.071263310940044
     0.000000000000000     0.207107752727495     0.054322596122115
113 58
    -0.787541500718217     0.845525830689262     0.006892271824892
    -0.344999589303566     0.170953609537328     0.165378190332004
    -0.231416379798512     0.326495681596306    -0.271212254212168
113 59
    -0.787541500718217    -0.845525830689262    -0.006892271824892
     0.344999589303566     0.170953609537328     0.165378190332004
     0.231416379798512     0.326495681596306    -0.271212254212168
113 60
     0.014187796195027     0.000000000000000     0.000000000000000
     0.000000000000000    -0.028710337474958     0.014515722447462
     0.000000000000000     0.000517194219267     0.021072140114704
113 61
     0.027930825095633     0.000000000000000     0.000000000000000
     0.000000000000000     0.141182430189676    -0.018087873497878
     0.000000000000000    -0.037475827585232     0.015979462120945
113 62
     0.007928909938192     0.037356808270207     0.001524826224888
     0.012640903650454     0.042870756748938    -0.019950022610271
    -0.006183163859933    -0.013001213326814     0.026610743933532
113 63
     0.007928909938192    -0.037356808270207    -0.001524826224888
    -0.012640903650454     0.042870756748938    -0.019950022610271
     0.006183163859933    -0.013001213326814     0.026610743933532
113 64
    -0.088637545782631     0.000000000000000     0.000000000000000
    -0.000000000000000     0.073362936608698    -0.041090762237347
     0.000000000000000    -0.029961337486605    -0.044595721355960
113 65
   -11.613508335126550     4.154371897903520    -2.226244378722735
     4.154371897905692    -6.816452867988474     1.285322791337801
    -0.830644285358227     0.479572701752272    -3.167508649042037
113 66
    -0.007957607359658     0.005863886052107     0.012569074780477
     0.043526168859767    -0.026506601583317     0.015679979086116
     0.028763696838030    -0.006513911354946    -0.000380009994521
113 67
     0.024281713593680    -0.023856782955309    -0.007516237972646
    -0.023856782955321    -0.003265726528819     0.004339502016802
    -0.021567882187386     0.012452222586734     0.001914697934951
113 68
     0.119857586088392    -0.130357627971700    -0.077502610833037
     0.136259863579771     0.042101577024560    -0.083459340236248
    -0.022836678264783    -0.111768011315153    -0.165301836537541
113 69
    -0.043255874151394     0.023146705025614    -0.007294722829143
    -0.014515577782031     0.008791665208419    -0.018725127605020
     0.020023061130400    -0.021653136491009    -0.000380009994521
113 70
    -0.045296881192274     0.026981923857257    -0.005484886818326
     0.026981923857271    -0.014140839187783     0.003166700881036
     0.001897890474026    -0.001095747576071    -0.007016792475931
113 71
     0.058984836302693     0.101114965104623     0.033526603411142
    -0.165502526446864     0.102974326810259     0.108848899959170
     0.085375597997023     0.075661149172926    -0.165301836537541
113 72
     0.035381476946765    -0.026346445839191     0.002500161220957
    -0.026346445839204     0.004959221751864    -0.001443468753937
    -0.020085960577341     0.011596634746257    -0.005753928865283
113 73
   -11.613508335126550    -4.154371897903520     2.226244378722734
    -4.154371897905693    -6.816452867988474     1.285322791337800
     0.830644285358227     0.479572701752272    -3.167508649042037
113 74
     0.024281713593680     0.023856782955309     0.007516237972646
     0.023856782955321    -0.003265726528819     0.004339502016802
     0.021567882187386     0.012452222586734     0.001914697934951
113 75
    -0.007957607359658    -0.005863886052107    -0.012569074780477
    -0.043526168859767    -0.026506601583317     0.015679979086116
    -0.028763696838030    -0.006513911354946    -0.000380009994521
113 76
     0.119857586088392     0.130357627971700     0.077502610833037
    -0.136259863579771     0.042101577024560    -0.083459340236248
     0.022836678264783    -0.111768011315153    -0.165301836537541
113 77
    -0.043255874151394    -0.023146705025614     0.007294722829143
     0.014515577782031     0.008791665208419    -0.018725127605020
    -0.020023061130400    -0.021653136491009    -0.000380009994521
113 78
     0.058984836302693    -0.101114965104623    -0.033526603411142
     0.165502526446864     0.102974326810259     0.108848899959170
    -0.085375597997023     0.075661149172926    -0.165301836537541
113 79
    -0.045296881192274    -0.026981923857257     0.005484886818326
    -0.026981923857271    -0.014140839187783     0.003166700881036
    -0.001897890474026    -0.001095747576071    -0.007016792475931
113 80
     0.035381476946765     0.026346445839191    -0.002500161220957
     0.026346445839204     0.004959221751864    -0.001443468753937
     0.020085960577341     0.011596634746257    -0.005753928865283
113 81
    -0.057932641196015     0.018195245246878     0.096757241798024
     0.018195245246887    -0.036922581713498    -0.055862819598150
     0.013537309000332    -0.007815768995443     0.112312414245324
113 82
    -0.570014650296490    -0.106200260551021     0.051314651357077
    -1.033439593028734    -0.635919939477097     0.343560723028752
    -0.540923055198107    -0.197143876138699     0.225653743217004
113 83
    -0.209130520303120    -0.037056356811611    -0.024269275506697
    -0.037056356811631    -0.251919515463872     0.014011872746833
     0.086680673867107    -0.050045110390699     0.026554872420021
113 84
    -0.001985225149773    -0.077221267053693    -0.063322299825573
    -0.000663377565023    -0.002607849600074    -0.028603393152540
     0.018056358132450     0.011949155386770     0.012677392895423
113 85
    -0.125965084999427    -0.777067456970465    -0.271874988206832
     0.150171875506786    -1.079969504774160    -0.216220153175958
    -0.099729922662363     0.567025045363480     0.225653743217004
113 86
     0.002257670465366    -0.000176998984636     0.004820818791145
    -0.000176998984636     0.002053289642514    -0.002783301026782
    -0.002922135634419     0.001687095795140     0.004448376907233
113 87
     0.031272846914775     0.018538179294167    -0.006889884808259
    -0.058019710194533    -0.035865921664623     0.069140416851286
    -0.001320093052488    -0.021611842535912     0.012677392895423
113 88
     0.006330992610450    -0.007082267127240    -0.008693514575831
    -0.007082267127243    -0.001846905054322     0.005019202980561
     0.000004370478503    -0.000002523296940    -0.003916655874150
113 89
    -0.057932641196015    -0.018195245246878    -0.096757241798024
    -0.018195245246887    -0.036922581713498    -0.055862819598150
    -0.013537309000332    -0.007815768995443     0.112312414245324
113 90
    -0.209130520303120     0.037056356811611     0.024269275506697
     0.037056356811631    -0.251919515463872     0.014011872746833
    -0.086680673867107    -0.050045110390699     0.026554872420021
113 91
    -0.570014650296489     0.106200260551021    -0.051314651357077
     1.033439593028734    -0.635919939477097     0.343560723028752
     0.540923055198107    -0.197143876138699     0.225653743217004
113 92
    -0.001985225149773     0.077221267053693     0.063322299825573
     0.000663377565023    -0.002607849600074    -0.028603393152540
    -0.018056358132450     0.011949155386770     0.012677392895423
113 93
    -0.125965084999427     0.777067456970465     0.271874988206832
    -0.150171875506786    -1.079969504774160    -0.216220153175958
     0.099729922662363     0.567025045363480     0.225653743217004
113 94
     0.031272846914775    -0.018538179294167     0.006889884808259
     0.058019710194533    -0.035865921664623     0.069140416851286
     0.001320093052488    -0.021611842535912     0.012677392895423
113 95
     0.002257670465366     0.000176998984636    -0.004820818791145
     0.000176998984636     0.002053289642514    -0.002783301026782
     0.002922135634419     0.001687095795140     0.004448376907233
113 96
     0.006330992610449     0.007082267127240     0.008693514575831
     0.007082267127243    -0.001846905054322     0.005019202980561
    -0.000004370478503    -0.000002523296940    -0.003916655874150
113 97
     0.616642729313922     0.000000000000000    -0.000000000000001
     0.000000000000000     0.616642729313922     0.000000000000013
     0.000000000000000     0.000000000000002   -20.174329045715183
113 98
     0.014180233544044     0.127377805338261     0.119431512790836
     0.127377805338327    -0.132902986857651     0.068953816059532
     0.067606439251511     0.039032595900802     0.050893089624202
113 99
     0.014180233544044    -0.127377805338261    -0.119431512790836
    -0.127377805338327    -0.132902986857652     0.068953816059532
    -0.067606439251511     0.039032595900802     0.050893089624202
113 100
     0.344012867707248    -0.000000000000000     0.000000000000000
    -0.000000000000000    -0.065262496648983     0.075849776486257
     0.000000000000000    -0.002945815263123    -0.002352044239218
113 101
    -0.206444597058499    -0.000000000000000    -0.000000000000000
    -0.000000000000000     0.087721843744892    -0.137907632119063
     0.000000000000000    -0.078065191801603     0.050893089624202
113 102
     0.037056344440075     0.177221431337768     0.065687833308453
     0.177221431337860     0.241694026618191    -0.037924888243128
    -0.002551150852721     0.001472907631561    -0.002352044239218
113 103
     0.037056344440075    -0.177221431337768    -0.065687833308453
    -0.177221431337860     0.241694026618191    -0.037924888243128
     0.002551150852721     0.001472907631561    -0.002352044239218
113 104
     0.255834490361651     0.000000000000000     0.000000000000000
     0.000000000000000     0.255834490361651    -0.000000000000000
     0.000000000000000    -0.000000000000000     0.087928579101272
113 105
     0.206711095176843     0.000000000000000     0.000000000000000
     0.000000000000000     0.206711095176843     0.000000000000000
     0.000000000000000     0.000000000000000    -0.336492153937324
113 106
     0.121361120615377    -0.014756861354598    -0.006395772365316
    -0.014756861354606     0.138400876366324    -0.003692600896792
    -0.006544831177055    -0.003778660041872     0.072572910919572
113 107
     0.121361120615377     0.014756861354598     0.006395772365316
     0.014756861354606     0.138400876366324    -0.003692600896792
     0.006544831177055    -0.003778660041872     0.072572910919572
113 108
    -0.095298896835070     0.000000000000000     0.000000000000000
    -0.000000000000000     0.023725156899283    -0.006663605231085
    -0.000000000000000    -0.006628175752410    -0.022234142041784
113 109
     0.146920754241797     0.000000000000000     0.000000000000000
     0.000000000000000     0.112841242739904     0.007385201793584
     0.000000000000000     0.007557320083744     0.072572910919572
113 110
    -0.006030856534305    -0.051538927097664    -0.005770851410909
    -0.051538927097691    -0.065542883401482     0.003331802615542
    -0.005740168582337     0.003314087876205    -0.022234142041784
113 111
    -0.006030856534305     0.051538927097664     0.005770851410909
     0.051538927097691    -0.065542883401482     0.003331802615542
     0.005740168582337     0.003314087876205    -0.022234142041784
113 112
    -0.348359260115588    -0.000000000000000     0.000000000000000
    -0.000000000000000    -0.348359260115588    -0.000000000000000
     0.000000000000000    -0.000000000000000     0.239145772075353
113 113
    34.429045468298412     0.000000000000000     0.000000000000002
     0.000000000000000    34.429045468298426    -0.000000000000023
     0.000000000000000    -0.000000000000004    30.965115868370802
113 114
     0.006042427394528    -0.041904706984663    -0.025830384384400
    -0.041904706984685     0.054429815110356    -0.014913179377609
    -0.025810447935063    -0.014901669063209    -0.026476401193178
113 115
     0.006042427394528     0.041904706984663     0.025830384384400
     0.041904706984685     0.054429815110356    -0.014913179377609
     0.025810447935063    -0.014901669063209    -0.026476401193178
113 116
    -0.563927657409516     0.000000000000000    -0.000000000000000
     0.000000000000000     0.114542944808586    -0.009201596502090
     0.000000000000000    -0.009244874721130     0.061845371068725
113 117
     0.078623508968270     0.000000000000000    -0.000000000000000
     0.000000000000000    -0.018151266463386     0.029826358755218
    -0.000000000000000     0.029803338126419    -0.026476401193178
113 118
    -0.055074705745939    -0.293786388620825    -0.007968816326182
    -0.293786388620978    -0.394310006854990     0.004600798251045
    -0.008006296363305     0.004622437360565     0.061845371068725
113 119
    -0.055074705745939     0.293786388620825     0.007968816326182
     0.293786388620978    -0.394310006854990     0.004600798251045
     0.008006296363305     0.004622437360565     0.061845371068725
113 120
    -0.071291413624799    -0.000000000000000    -0.000000000000000
     0.000000000000000    -0.071291413624799     0.000000000000000
     0.000000000000000     0.000000000000000    -0.044242705463473