  48   48
1 1
    20.278622847240229    -0.000000000000000    -0.274849273296625
    -0.000000000000000    22.652843975863309     0.000000000000000
    -0.274849273296625     0.000000000000000     8.467711225607323
1 2
     0.818832402733980    -0.000000000000000    -0.133937724738000
    -0.000000000000000    -0.687045673846482     0.000000000000000
    -0.133937724738000     0.000000000000000    -0.369987084001482
1 3
     0.509358861957060     0.000000000000000     0.384821384110900
    -0.000000000000000    -3.039844131701003     0.000000000000000
     0.384821384110900    -0.000000000000000     0.061936577283701
1 4
    -0.268132391616196    -0.000000000000000    -0.101243677416584
    -0.000000000000000     0.227529810883570     0.000000000000000
    -0.101243677416584    -0.000000000000000    -0.031809793075357
1 5
    -0.006807087787148    -0.000000000000000    -0.050479609561076
    -0.000000000000000    -0.021803406462252     0.000000000000000
    -0.050479609561076     0.000000000000000     0.019736364208555
1 6
    -0.009055828018251    -0.000000000000000    -0.033902919588483
    -0.000000000000000     0.009948279999986     0.000000000000000
    -0.033902919588483     0.000000000000000    -0.143199984261626
1 7
     0.018616076893953     0.000000000000000    -0.039032489586608
    -0.000000000000000     0.026636202057680     0.000000000000000
    -0.039032489586608    -0.000000000000000    -0.028412358991870
1 8
    -0.004865954274912    -0.000000000000000    -0.013409369976806
    -0.000000000000000     0.009888714315885     0.000000000000000
    -0.013409369976806    -0.000000000000000    -0.023530068426045
1 9
    -0.852333805563715     0.579609785573321     0.257396905766229
     0.579609785573321    -0.144184678388494    -0.060850013912850
     0.257396905766229    -0.060850013912850    -0.004750310785392
1 10
    -3.141252155006720    -1.944163501860445    -0.544282057156727
    -1.944163501860445    -5.548263498732839    -0.490671479739148
    -0.544282057156727    -0.490671479739148    -1.470965238704292
1 11
    -0.852333805563715    -0.579609785573321     0.257396905766229
    -0.579609785573322    -0.144184678388493     0.060850013912850
     0.257396905766229     0.060850013912850    -0.004750310785392
1 12
    -3.141252155006720     1.944163501860445    -0.544282057156727
     1.944163501860446    -5.548263498732839     0.490671479739148
    -0.544282057156727     0.490671479739148    -1.470965238704292
1 13
    -0.014052397155263     0.015018653848055     0.041008884422561
     0.015018653848055    -0.009745723581997     0.033084888113022
     0.041008884422561     0.033084888113022     0.037032235664814
1 14
    -0.022398798135916     0.021225311352562     0.077237786116456
     0.021225311352562    -0.005503058455774     0.014203652910686
     0.077237786116456     0.014203652910686    -0.043287109707982
1 15
    -0.014052397155263    -0.015018653848055     0.041008884422561
    -0.015018653848055    -0.009745723581997    -0.033084888113022
     0.041008884422561    -0.033084888113022     0.037032235664814
1 16
    -0.022398798135916    -0.021225311352562     0.077237786116456
    -0.021225311352562    -0.005503058455774    -0.014203652910686
     0.077237786116456    -0.014203652910686    -0.043287109707982
1 17
    -3.152436455095338    -0.000000000000000    -0.393809934606124
    -0.000000000000000    -1.162415373829442     0.000000000000000
    -0.356197014557374    -0.000000000000000    -0.705329613231203
1 18
    -5.585483291112660    -0.000000000000000     1.369238478084322
    -0.000000000000000     0.046026619203030     0.000000000000000
     1.233103160373381    -0.000000000000000    -0.301231412322540
1 19
    -0.144412912723080    -0.000000000000000     0.258632842066469
    -0.000000000000000    -0.091280621845202     0.000000000000000
    -0.172956142520203    -0.000000000000000    -0.002184113329954
1 20
    -0.281805328287403    -0.000000000000000    -0.319840122141422
    -0.000000000000000    -0.459437054253641     0.000000000000000
     0.078422188780299    -0.000000000000000    -0.011662764395751
1 21
     0.012973990715634    -0.000000000000000    -0.064111570549321
    -0.000000000000000     0.004549047840805     0.000000000000000
     0.003012042958627    -0.000000000000000     0.030918308497370
1 22
     0.028551122712377    -0.000000000000000    -0.088354097768395
    -0.000000000000000    -0.032416224398500     0.000000000000000
     0.003021718689960    -0.000000000000000     0.103706920610394
1 23
    -0.000322901754661    -0.000000000000000    -0.034780217559080
    -0.000000000000000    -0.004621684883362     0.000000000000000
     0.021559906599036    -0.000000000000000     0.032911667311528
1 24
     0.018251806414724    -0.000000000000000    -0.073716487760012
    -0.000000000000000     0.030761125681664     0.000000000000000
     0.001416841604001    -0.000000000000000     0.073458926805398
1 25
    -1.162748075864041     1.355430540390544     0.437406179844797
     1.367978454880139    -2.259724875825835    -0.496253371591387
     0.670920262526874    -0.902955807559603    -0.623455119868676
1 26
    -0.609321619544857    -0.439556369506594    -0.232023778807699
    -0.526173011261385    -0.126979329088243    -0.122398375377387
    -0.213341499915974    -0.076761746129555    -0.066933237947643
1 27
    -1.162748075864041    -1.355430540390544     0.437406179844797
    -1.367978454880139    -2.259724875825835     0.496253371591387
     0.670920262526874     0.902955807559603    -0.623455119868676
1 28
    -0.609321619544857     0.439556369506594    -0.232023778807699
     0.526173011261385    -0.126979329088243     0.122398375377387
    -0.213341499915974     0.076761746129555    -0.066933237947643
1 29
    -0.002181185619924    -0.007244192908818     0.036526678597726
    -0.024995087537923     0.003273746544206     0.004979534931886
    -0.038284875524260     0.036834148102000    -0.036443424425730
1 30
     0.019512427711010    -0.011593091019192     0.009576503989990
    -0.006031547265538    -0.000251152088602     0.011916539398837
    -0.038273288039339    -0.017500696732434     0.046681979501014
1 31
    -0.002181185619924     0.007244192908818     0.036526678597726
     0.024995087537923     0.003273746544206    -0.004979534931886
    -0.038284875524260    -0.036834148102000    -0.036443424425730
1 32
     0.019512427711010     0.011593091019192     0.009576503989990
     0.006031547265538    -0.000251152088602    -0.011916539398837
    -0.038273288039339     0.017500696732434     0.046681979501014
1 33
    -0.133602248014938     0.037879536436196    -0.024526868366172
     0.089815094890340    -0.601600511793371     0.462660655770134
    -0.033397983435041     0.502269928806135    -0.638313164626215
1 34
    -0.086497868104342     0.014864419680015     0.025922747332353
    -0.044434274620438    -0.021446831385803    -0.039485991259860
    -0.005324719182314     0.088433509685142     0.008415785206112
1 35
    -0.133602248014938    -0.037879536436196    -0.024526868366172
    -0.089815094890340    -0.601600511793371    -0.462660655770134
    -0.033397983435041    -0.502269928806135    -0.638313164626215
1 36
    -0.086497868104342    -0.014864419680015     0.025922747332353
     0.044434274620438    -0.021446831385803     0.039485991259860
    -0.005324719182314    -0.088433509685142     0.008415785206112
1 37
    -0.004648084096629     0.027074100899639     0.031895377474094
     0.007641554431362    -0.006786525214902    -0.054059176572874
     0.013824335237056    -0.050731036168782    -0.078688431292225
1 38
     0.014522333729875     0.027897949453233     0.032137419360889
    -0.006296004818285    -0.004339964016600    -0.004221859308836
     0.005433080203052     0.019434367684899     0.024175469335529
1 39
    -0.004648084096629    -0.027074100899639     0.031895377474094
    -0.007641554431362    -0.006786525214902     0.054059176572874
     0.013824335237056     0.050731036168782    -0.078688431292225
1 40
     0.014522333729875    -0.027897949453233     0.032137419360889
     0.006296004818285    -0.004339964016600     0.004221859308836
     0.005433080203052    -0.019434367684899     0.024175469335529
1 41
     0.128573015139577    -0.000000000000000    -0.025539408800972
    -0.000000000000000    -0.043562974235608     0.000000000000000
    -0.027807436786325    -0.000000000000000     0.036511381365588
1 42
    -0.363797317408260    -0.000000000000000    -0.626269021783452
    -0.000000000000000     0.069977955960947     0.000000000000000
    -0.805023232563528    -0.000000000000000    -1.409978939805793
1 43
    -0.005597589453034    -0.000000000000000    -0.062938146645636
    -0.000000000000000     0.092771360638978     0.000000000000000
     0.007462236826225    -0.000000000000000     0.025220994526375
1 44
    -0.032383986533564    -0.000000000000000    -0.027757274409182
    -0.000000000000000    -0.205042366996525     0.000000000000000
    -0.133973472959114    -0.000000000000000    -0.030430634579251
1 45
     0.011692413292459    -0.000000000000000    -0.008767702707944
    -0.000000000000000     0.012741290108440     0.000000000000000
    -0.002995532695940    -0.000000000000000    -0.025668332900466
1 46
     0.015949447802807    -0.000000000000000     0.045598720522192
    -0.000000000000000    -0.003510611141636     0.000000000000000
     0.016570765335835    -0.000000000000000    -0.008149694901251
1 47
    -0.008080363596076    -0.000000000000000     0.020280107941983
    -0.000000000000000    -0.004765858657921     0.000000000000000
     0.001684719354386    -0.000000000000000    -0.049960356136269
1 48
     0.011762374088709    -0.000000000000000    -0.002384040979134
    -0.000000000000000     0.023176403753788     0.000000000000000
     0.008899269576872    -0.000000000000000    -0.017516080555998
2 1
     0.818832402733980    -0.000000000000000    -0.133937724738000
    -0.000000000000000    -0.687045673846482     0.000000000000000
    -0.133937724738000     0.000000000000000    -0.369987084001482
2 2
    20.278622847240229    -0.000000000000000    -0.274849273296626
    -0.000000000000000    22.652843975863306    -0.000000000000000
    -0.274849273296626    -0.000000000000000     8.467711225607323
2 3
    -0.268132391616196     0.000000000000000    -0.101243677416584
    -0.000000000000000     0.227529810883570     0.000000000000000
    -0.101243677416584    -0.000000000000000    -0.031809793075357
2 4
     0.509358861957060     0.000000000000000     0.384821384110900
    -0.000000000000000    -3.039844131701003     0.000000000000000
     0.384821384110900    -0.000000000000000     0.061936577283701
2 5
    -0.009055828018251    -0.000000000000000    -0.033902919588483
    -0.000000000000000     0.009948279999986     0.000000000000000
    -0.033902919588483     0.000000000000000    -0.143199984261626
2 6
    -0.006807087787148    -0.000000000000000    -0.050479609561076
    -0.000000000000000    -0.021803406462252     0.000000000000000
    -0.050479609561076     0.000000000000000     0.019736364208555
2 7
    -0.004865954274912     0.000000000000000    -0.013409369976806
    -0.000000000000000     0.009888714315886     0.000000000000000
    -0.013409369976806    -0.000000000000000    -0.023530068426045
2 8
     0.018616076893953    -0.000000000000000    -0.039032489586608
    -0.000000000000000     0.026636202057680     0.000000000000000
    -0.039032489586608    -0.000000000000000    -0.028412358991870
2 9
    -3.141252155006720    -1.944163501860445    -0.544282057156727
    -1.944163501860445    -5.548263498732839    -0.490671479739148
    -0.544282057156727    -0.490671479739148    -1.470965238704292
2 10
    -0.852333805563715     0.579609785573321     0.257396905766229
     0.579609785573321    -0.144184678388493    -0.060850013912850
     0.257396905766229    -0.060850013912850    -0.004750310785392
2 11
    -3.141252155006720     1.944163501860445    -0.544282057156727
     1.944163501860446    -5.548263498732839     0.490671479739148
    -0.544282057156727     0.490671479739148    -1.470965238704292
2 12
    -0.852333805563715    -0.579609785573321     0.257396905766229
    -0.579609785573322    -0.144184678388493     0.060850013912850
     0.257396905766229     0.060850013912850    -0.004750310785392
2 13
    -0.022398798135916     0.021225311352562     0.077237786116456
     0.021225311352562    -0.005503058455774     0.014203652910686
     0.077237786116456     0.014203652910686    -0.043287109707982
2 14
    -0.014052397155263     0.015018653848055     0.041008884422561
     0.015018653848055    -0.009745723581997     0.033084888113022
     0.041008884422561     0.033084888113022     0.037032235664814
2 15
    -0.022398798135916    -0.021225311352562     0.077237786116456
    -0.021225311352562    -0.005503058455774    -0.014203652910686
     0.077237786116456    -0.014203652910686    -0.043287109707982
2 16
    -0.014052397155263    -0.015018653848055     0.041008884422561
    -0.015018653848055    -0.009745723581997    -0.033084888113022
     0.041008884422561    -0.033084888113022     0.037032235664814
2 17
    -5.585483291112660     0.000000000000000     1.369238478084322
     0.000000000000000     0.046026619203030     0.000000000000000
     1.233103160373381    -0.000000000000000    -0.301231412322540
2 18
    -3.152436455095338    -0.000000000000000    -0.393809934606124
    -0.000000000000000    -1.162415373829441     0.000000000000000
    -0.356197014557374    -0.000000000000000    -0.705329613231203
2 19
    -0.281805328287403    -0.000000000000000    -0.319840122141422
     0.000000000000000    -0.459437054253641     0.000000000000000
     0.078422188780299    -0.000000000000000    -0.011662764395751
2 20
    -0.144412912723080    -0.000000000000000     0.258632842066469
    -0.000000000000000    -0.091280621845202     0.000000000000000
    -0.172956142520203    -0.000000000000000    -0.002184113329954
2 21
     0.028551122712377    -0.000000000000000    -0.088354097768395
     0.000000000000000    -0.032416224398500     0.000000000000000
     0.003021718689960    -0.000000000000000     0.103706920610395
2 22
     0.012973990715634    -0.000000000000000    -0.064111570549321
    -0.000000000000000     0.004549047840805     0.000000000000000
     0.003012042958627    -0.000000000000000     0.030918308497370
2 23
     0.018251806414724    -0.000000000000000    -0.073716487760012
     0.000000000000000     0.030761125681664     0.000000000000000
     0.001416841604001    -0.000000000000000     0.073458926805398
2 24
    -0.000322901754661    -0.000000000000000    -0.034780217559080
    -0.000000000000000    -0.004621684883362     0.000000000000000
     0.021559906599036    -0.000000000000000     0.032911667311528
2 25
    -0.609321619544857    -0.439556369506594    -0.232023778807699
    -0.526173011261385    -0.126979329088243    -0.122398375377387
    -0.213341499915974    -0.076761746129555    -0.066933237947643
2 26
    -1.162748075864041     1.355430540390544     0.437406179844797
     1.367978454880139    -2.259724875825835    -0.496253371591387
     0.670920262526874    -0.902955807559603    -0.623455119868676
2 27
    -0.609321619544857     0.439556369506594    -0.232023778807699
     0.526173011261385    -0.126979329088243     0.122398375377387
    -0.213341499915974     0.076761746129555    -0.066933237947643
2 28
    -1.162748075864041    -1.355430540390544     0.437406179844797
    -1.367978454880139    -2.259724875825835     0.496253371591387
     0.670920262526874     0.902955807559603    -0.623455119868676
2 29
     0.019512427711010    -0.011593091019192     0.009576503989990
    -0.006031547265538    -0.000251152088602     0.011916539398837
    -0.038273288039339    -0.017500696732434     0.046681979501014
2 30
    -0.002181185619924    -0.007244192908818     0.036526678597726
    -0.024995087537923     0.003273746544206     0.004979534931886
    -0.038284875524260     0.036834148102000    -0.036443424425730
2 31
     0.019512427711010     0.011593091019192     0.009576503989990
     0.006031547265538    -0.000251152088602    -0.011916539398837
    -0.038273288039339     0.017500696732434     0.046681979501014
2 32
    -0.002181185619924     0.007244192908818     0.036526678597726
     0.024995087537923     0.003273746544206    -0.004979534931886
    -0.038284875524260    -0.036834148102000    -0.036443424425730
2 33
    -0.086497868104342     0.014864419680015     0.025922747332353
    -0.044434274620438    -0.021446831385803    -0.039485991259860
    -0.005324719182314     0.088433509685142     0.008415785206112
2 34
    -0.133602248014938     0.037879536436196    -0.024526868366172
     0.089815094890340    -0.601600511793371     0.462660655770134
    -0.033397983435041     0.502269928806135    -0.638313164626215
2 35
    -0.086497868104342    -0.014864419680015     0.025922747332353
     0.044434274620438    -0.021446831385803     0.039485991259860
    -0.005324719182314    -0.088433509685142     0.008415785206112
2 36
    -0.133602248014938    -0.037879536436196    -0.024526868366172
    -0.089815094890340    -0.601600511793371    -0.462660655770134
    -0.033397983435041    -0.502269928806135    -0.638313164626215
2 37
     0.014522333729875     0.027897949453233     0.032137419360889
    -0.006296004818285    -0.004339964016600    -0.004221859308836
     0.005433080203052     0.019434367684899     0.024175469335529
2 38
    -0.004648084096629     0.027074100899639     0.031895377474094
     0.007641554431362    -0.006786525214902    -0.054059176572874
     0.013824335237056    -0.050731036168782    -0.078688431292225
2 39
     0.014522333729875    -0.027897949453233     0.032137419360889
     0.006296004818285    -0.004339964016600     0.004221859308836
     0.005433080203052    -0.019434367684899     0.024175469335529
2 40
    -0.004648084096629    -0.027074100899639     0.031895377474094
    -0.007641554431362    -0.006786525214902     0.054059176572874
     0.013824335237056     0.050731036168782    -0.078688431292225
2 41
    -0.363797317408260    -0.000000000000000    -0.626269021783452
    -0.000000000000000     0.069977955960947     0.000000000000000
    -0.805023232563528    -0.000000000000000    -1.409978939805793
2 42
     0.128573015139577     0.000000000000000    -0.025539408800972
    -0.000000000000000    -0.043562974235607     0.000000000000000
    -0.027807436786325    -0.000000000000000     0.036511381365588
2 43
    -0.032383986533564    -0.000000000000000    -0.027757274409182
    -0.000000000000000    -0.205042366996525     0.000000000000000
    -0.133973472959114    -0.000000000000000    -0.030430634579251
2 44
    -0.005597589453034     0.000000000000000    -0.062938146645636
    -0.000000000000000     0.092771360638978     0.000000000000000
     0.007462236826225    -0.000000000000000     0.025220994526375
2 45
     0.015949447802807     0.000000000000000     0.045598720522192
    -0.000000000000000    -0.003510611141636     0.000000000000000
     0.016570765335835    -0.000000000000000    -0.008149694901251
2 46
     0.011692413292459     0.000000000000000    -0.008767702707944
    -0.000000000000000     0.012741290108440     0.000000000000000
    -0.002995532695940    -0.000000000000000    -0.025668332900466
2 47
     0.011762374088709     0.000000000000000    -0.002384040979134
    -0.000000000000000     0.023176403753788     0.000000000000000
     0.008899269576872    -0.000000000000000    -0.017516080555998
2 48
    -0.008080363596076     0.000000000000000     0.020280107941983
    -0.000000000000000    -0.004765858657921     0.000000000000000
     0.001684719354386    -0.000000000000000    -0.049960356136269
3 1
     0.509358861957060    -0.000000000000000     0.384821384110900
     0.000000000000000    -3.039844131701003    -0.000000000000000
     0.384821384110900     0.000000000000000     0.061936577283701
3 2
    -0.268132391616196    -0.000000000000000    -0.101243677416584
     0.000000000000000     0.227529810883570    -0.000000000000000
    -0.101243677416584     0.000000000000000    -0.031809793075357
3 3
    20.278622847240232     0.000000000000000    -0.274849273296626
     0.000000000000000    22.652843975863306    -0.000000000000000
    -0.274849273296626    -0.000000000000000     8.467711225607323
3 4
     0.818832402733980    -0.000000000000000    -0.133937724738000
     0.000000000000000    -0.687045673846482    -0.000000000000000
    -0.133937724738000    -0.000000000000000    -0.369987084001482
3 5
     0.018616076893953    -0.000000000000000    -0.039032489586608
     0.000000000000000     0.026636202057680    -0.000000000000000
    -0.039032489586608     0.000000000000000    -0.028412358991870
3 6
    -0.004865954274912    -0.000000000000000    -0.013409369976806
     0.000000000000000     0.009888714315885    -0.000000000000000
    -0.013409369976806     0.000000000000000    -0.023530068426045
3 7
    -0.006807087787148     0.000000000000000    -0.050479609561076
     0.000000000000000    -0.021803406462252    -0.000000000000000
    -0.050479609561076    -0.000000000000000     0.019736364208555
3 8
    -0.009055828018251    -0.000000000000000    -0.033902919588483
     0.000000000000000     0.009948279999986    -0.000000000000000
    -0.033902919588483    -0.000000000000000    -0.143199984261626
3 9
    -0.852333805563715    -0.579609785573322     0.257396905766229
    -0.579609785573321    -0.144184678388494     0.060850013912850
     0.257396905766229     0.060850013912850    -0.004750310785392
3 10
    -3.141252155006720     1.944163501860446    -0.544282057156727
     1.944163501860445    -5.548263498732839     0.490671479739148
    -0.544282057156727     0.490671479739148    -1.470965238704292
3 11
    -0.852333805563715     0.579609785573322     0.257396905766229
     0.579609785573322    -0.144184678388493    -0.060850013912850
     0.257396905766229    -0.060850013912850    -0.004750310785392
3 12
    -3.141252155006720    -1.944163501860446    -0.544282057156727
    -1.944163501860446    -5.548263498732839    -0.490671479739148
    -0.544282057156727    -0.490671479739148    -1.470965238704292
3 13
    -0.014052397155263    -0.015018653848055     0.041008884422561
    -0.015018653848055    -0.009745723581997    -0.033084888113022
     0.041008884422561    -0.033084888113022     0.037032235664814
3 14
    -0.022398798135916    -0.021225311352562     0.077237786116456
    -0.021225311352562    -0.005503058455774    -0.014203652910686
     0.077237786116456    -0.014203652910686    -0.043287109707982
3 15
    -0.014052397155263     0.015018653848055     0.041008884422561
     0.015018653848055    -0.009745723581997     0.033084888113022
     0.041008884422561     0.033084888113022     0.037032235664814
3 16
    -0.022398798135916     0.021225311352562     0.077237786116456
     0.021225311352562    -0.005503058455774     0.014203652910686
     0.077237786116456     0.014203652910686    -0.043287109707982
3 17
    -0.144412912723080     0.000000000000000     0.258632842066469
     0.000000000000000    -0.091280621845202    -0.000000000000000
    -0.172956142520203    -0.000000000000000    -0.002184113329954
3 18
    -0.281805328287403    -0.000000000000000    -0.319840122141422
     0.000000000000000    -0.459437054253641    -0.000000000000000
     0.078422188780299    -0.000000000000000    -0.011662764395751
3 19
    -3.152436455095338    -0.000000000000000    -0.393809934606124
     0.000000000000000    -1.162415373829442    -0.000000000000000
    -0.356197014557374    -0.000000000000000    -0.705329613231203
3 20
    -5.585483291112660    -0.000000000000000     1.369238478084322
     0.000000000000000     0.046026619203030    -0.000000000000000
     1.233103160373381    -0.000000000000000    -0.301231412322540
3 21
    -0.000322901754661    -0.000000000000000    -0.034780217559080
     0.000000000000000    -0.004621684883362    -0.000000000000000
     0.021559906599036    -0.000000000000000     0.032911667311528
3 22
     0.018251806414724    -0.000000000000000    -0.073716487760012
     0.000000000000000     0.030761125681664    -0.000000000000000
     0.001416841604001    -0.000000000000000     0.073458926805398
3 23
     0.012973990715634    -0.000000000000000    -0.064111570549321
     0.000000000000000     0.004549047840805    -0.000000000000000
     0.003012042958627    -0.000000000000000     0.030918308497370
3 24
     0.028551122712377    -0.000000000000000    -0.088354097768395
     0.000000000000000    -0.032416224398500    -0.000000000000000
     0.003021718689960    -0.000000000000000     0.103706920610394
3 25
    -1.162748075864041    -1.355430540390544     0.437406179844797
    -1.367978454880139    -2.259724875825835     0.496253371591387
     0.670920262526874     0.902955807559603    -0.623455119868676
3 26
    -0.609321619544857     0.439556369506594    -0.232023778807699
     0.526173011261385    -0.126979329088243     0.122398375377387
    -0.213341499915974     0.076761746129555    -0.066933237947643
3 27
    -1.162748075864041     1.355430540390544     0.437406179844797
     1.367978454880139    -2.259724875825835    -0.496253371591387
     0.670920262526874    -0.902955807559603    -0.623455119868676
3 28
    -0.609321619544857    -0.439556369506594    -0.232023778807699
    -0.526173011261385    -0.126979329088243    -0.122398375377387
    -0.213341499915974    -0.076761746129555    -0.066933237947643
3 29
    -0.002181185619924     0.007244192908818     0.036526678597726
     0.024995087537923     0.003273746544206    -0.004979534931886
    -0.038284875524260    -0.036834148102000    -0.036443424425730
3 30
     0.019512427711010     0.011593091019192     0.009576503989990
     0.006031547265538    -0.000251152088602    -0.011916539398837
    -0.038273288039339     0.017500696732434     0.046681979501014
3 31
    -0.002181185619924    -0.007244192908818     0.036526678597726
    -0.024995087537923     0.003273746544206     0.004979534931886
    -0.038284875524260     0.036834148102000    -0.036443424425730
3 32
     0.019512427711010    -0.011593091019192     0.009576503989990
    -0.006031547265538    -0.000251152088602     0.011916539398837
    -0.038273288039339    -0.017500696732434     0.046681979501014
3 33
    -0.133602248014938    -0.037879536436196    -0.024526868366172
    -0.089815094890340    -0.601600511793371    -0.462660655770134
    -0.033397983435041    -0.502269928806135    -0.638313164626215
3 34
    -0.086497868104342    -0.014864419680015     0.025922747332353
     0.044434274620438    -0.021446831385803     0.039485991259860
    -0.005324719182314    -0.088433509685142     0.008415785206112
3 35
    -0.133602248014938     0.037879536436196    -0.024526868366172
     0.089815094890340    -0.601600511793371     0.462660655770134
    -0.033397983435041     0.502269928806135    -0.638313164626215
3 36
    -0.086497868104342     0.014864419680015     0.025922747332353
    -0.044434274620438    -0.021446831385803    -0.039485991259860
    -0.005324719182314     0.088433509685142     0.008415785206112
3 37
    -0.004648084096629    -0.027074100899639     0.031895377474094
    -0.007641554431362    -0.006786525214902     0.054059176572874
     0.013824335237056     0.050731036168782    -0.078688431292225
3 38
     0.014522333729875    -0.027897949453233     0.032137419360889
     0.006296004818285    -0.004339964016600     0.004221859308836
     0.005433080203052    -0.019434367684899     0.024175469335529
3 39
    -0.004648084096629     0.027074100899639     0.031895377474094
     0.007641554431362    -0.006786525214902    -0.054059176572874
     0.013824335237056    -0.050731036168782    -0.078688431292225
3 40
     0.014522333729875     0.027897949453233     0.032137419360889
    -0.006296004818285    -0.004339964016600    -0.004221859308836
     0.005433080203052     0.019434367684899     0.024175469335529
3 41
    -0.005597589453034    -0.000000000000000    -0.062938146645636
     0.000000000000000     0.092771360638978    -0.000000000000000
     0.007462236826225    -0.000000000000000     0.025220994526375
3 42
    -0.032383986533564    -0.000000000000000    -0.027757274409182
     0.000000000000000    -0.205042366996525    -0.000000000000000
    -0.133973472959114    -0.000000000000000    -0.030430634579251
3 43
     0.128573015139577    -0.000000000000000    -0.025539408800972
     0.000000000000000    -0.043562974235608    -0.000000000000000
    -0.027807436786325    -0.000000000000000     0.036511381365588
3 44
    -0.363797317408260    -0.000000000000000    -0.626269021783452
     0.000000000000000     0.069977955960947    -0.000000000000000
    -0.805023232563528    -0.000000000000000    -1.409978939805793
3 45
    -0.008080363596076    -0.000000000000000     0.020280107941983
     0.000000000000000    -0.004765858657921    -0.000000000000000
     0.001684719354386    -0.000000000000000    -0.049960356136269
3 46
     0.011762374088709    -0.000000000000000    -0.002384040979134
     0.000000000000000     0.023176403753788    -0.000000000000000
     0.008899269576872    -0.000000000000000    -0.017516080555998
3 47
     0.011692413292459    -0.000000000000000    -0.008767702707944
     0.000000000000000     0.012741290108440    -0.000000000000000
    -0.002995532695940    -0.000000000000000    -0.025668332900466
3 48
     0.015949447802807    -0.000000000000000     0.045598720522192
     0.000000000000000    -0.003510611141636    -0.000000000000000
     0.016570765335835    -0.000000000000000    -0.008149694901251
4 1
    -0.268132391616196    -0.000000000000000    -0.101243677416584
    -0.000000000000000     0.227529810883570    -0.000000000000000
    -0.101243677416584     0.000000000000000    -0.031809793075357
4 2
     0.509358861957060    -0.000000000000000     0.384821384110900
     0.000000000000000    -3.039844131701003    -0.000000000000000
     0.384821384110900     0.000000000000000     0.061936577283701
4 3
     0.818832402733980     0.000000000000000    -0.133937724738000
    -0.000000000000000    -0.687045673846482    -0.000000000000000
    -0.133937724738000    -0.000000000000000    -0.369987084001482
4 4
    20.278622847240229     0.000000000000000    -0.274849273296626
     0.000000000000000    22.652843975863306     0.000000000000000
    -0.274849273296626     0.000000000000000     8.467711225607323
4 5
    -0.004865954274912    -0.000000000000000    -0.013409369976806
    -0.000000000000000     0.009888714315886    -0.000000000000000
    -0.013409369976806     0.000000000000000    -0.023530068426045
4 6
     0.018616076893953     0.000000000000000    -0.039032489586608
     0.000000000000000     0.026636202057680    -0.000000000000000
    -0.039032489586608     0.000000000000000    -0.028412358991870
4 7
    -0.009055828018251     0.000000000000000    -0.033902919588483
    -0.000000000000000     0.009948279999986    -0.000000000000000
    -0.033902919588483    -0.000000000000000    -0.143199984261626
4 8
    -0.006807087787148     0.000000000000000    -0.050479609561076
     0.000000000000000    -0.021803406462252    -0.000000000000000
    -0.050479609561076    -0.000000000000000     0.019736364208555
4 9
    -3.141252155006720     1.944163501860446    -0.544282057156727
     1.944163501860445    -5.548263498732839     0.490671479739148
    -0.544282057156727     0.490671479739148    -1.470965238704292
4 10
    -0.852333805563715    -0.579609785573322     0.257396905766229
    -0.579609785573321    -0.144184678388493     0.060850013912850
     0.257396905766229     0.060850013912850    -0.004750310785392
4 11
    -3.141252155006720    -1.944163501860446    -0.544282057156727
    -1.944163501860446    -5.548263498732839    -0.490671479739148
    -0.544282057156727    -0.490671479739148    -1.470965238704292
4 12
    -0.852333805563715     0.579609785573322     0.257396905766229
     0.579609785573322    -0.144184678388493    -0.060850013912850
     0.257396905766229    -0.060850013912850    -0.004750310785392
4 13
    -0.022398798135916    -0.021225311352562     0.077237786116456
    -0.021225311352562    -0.005503058455774    -0.014203652910686
     0.077237786116456    -0.014203652910686    -0.043287109707982
4 14
    -0.014052397155263    -0.015018653848055     0.041008884422561
    -0.015018653848055    -0.009745723581997    -0.033084888113022
     0.041008884422561    -0.033084888113022     0.037032235664814
4 15
    -0.022398798135916     0.021225311352562     0.077237786116456
     0.021225311352562    -0.005503058455774     0.014203652910686
     0.077237786116456     0.014203652910686    -0.043287109707982
4 16
    -0.014052397155263     0.015018653848055     0.041008884422561
     0.015018653848055    -0.009745723581997     0.033084888113022
     0.041008884422561     0.033084888113022     0.037032235664814
4 17
    -0.281805328287403     0.000000000000000    -0.319840122141422
     0.000000000000000    -0.459437054253641    -0.000000000000000
     0.078422188780299    -0.000000000000000    -0.011662764395751
4 18
    -0.144412912723080     0.000000000000000     0.258632842066469
     0.000000000000000    -0.091280621845202    -0.000000000000000
    -0.172956142520203    -0.000000000000000    -0.002184113329954
4 19
    -5.585483291112660    -0.000000000000000     1.369238478084322
     0.000000000000000     0.046026619203030     0.000000000000000
     1.233103160373381    -0.000000000000000    -0.301231412322540
4 20
    -3.152436455095338     0.000000000000000    -0.393809934606124
     0.000000000000000    -1.162415373829441    -0.000000000000000
    -0.356197014557374    -0.000000000000000    -0.705329613231203
4 21
     0.018251806414724     0.000000000000000    -0.073716487760012
     0.000000000000000     0.030761125681664    -0.000000000000000
     0.001416841604001    -0.000000000000000     0.073458926805398
4 22
    -0.000322901754661     0.000000000000000    -0.034780217559080
     0.000000000000000    -0.004621684883362    -0.000000000000000
     0.021559906599036    -0.000000000000000     0.032911667311528
4 23
     0.028551122712377     0.000000000000000    -0.088354097768395
     0.000000000000000    -0.032416224398500     0.000000000000000
     0.003021718689960    -0.000000000000000     0.103706920610394
4 24
     0.012973990715634     0.000000000000000    -0.064111570549321
     0.000000000000000     0.004549047840805    -0.000000000000000
     0.003012042958627    -0.000000000000000     0.030918308497370
4 25
    -0.609321619544857     0.439556369506594    -0.232023778807699
     0.526173011261385    -0.126979329088243     0.122398375377387
    -0.213341499915974     0.076761746129555    -0.066933237947643
4 26
    -1.162748075864041    -1.355430540390544     0.437406179844797
    -1.367978454880139    -2.259724875825835     0.496253371591387
     0.670920262526874     0.902955807559603    -0.623455119868676
4 27
    -0.609321619544857    -0.439556369506594    -0.232023778807699
    -0.526173011261385    -0.126979329088243    -0.122398375377387
    -0.213341499915974    -0.076761746129555    -0.066933237947643
4 28
    -1.162748075864041     1.355430540390544     0.437406179844797
     1.367978454880139    -2.259724875825835    -0.496253371591387
     0.670920262526874    -0.902955807559603    -0.623455119868676
4 29
     0.019512427711010     0.011593091019192     0.009576503989990
     0.006031547265538    -0.000251152088602    -0.011916539398837
    -0.038273288039339     0.017500696732434     0.046681979501014
4 30
    -0.002181185619924     0.007244192908818     0.036526678597726
     0.024995087537923     0.003273746544206    -0.004979534931886
    -0.038284875524260    -0.036834148102000    -0.036443424425730
4 31
     0.019512427711010    -0.011593091019192     0.009576503989990
    -0.006031547265538    -0.000251152088602     0.011916539398837
    -0.038273288039339    -0.017500696732434     0.046681979501014
4 32
    -0.002181185619924    -0.007244192908818     0.036526678597726
    -0.024995087537923     0.003273746544206     0.004979534931886
    -0.038284875524260     0.036834148102000    -0.036443424425730
4 33
    -0.086497868104342    -0.014864419680015     0.025922747332353
     0.044434274620438    -0.021446831385803     0.039485991259860
    -0.005324719182314    -0.088433509685142     0.008415785206112
4 34
    -0.133602248014938    -0.037879536436196    -0.024526868366172
    -0.089815094890340    -0.601600511793371    -0.462660655770134
    -0.033397983435041    -0.502269928806135    -0.638313164626215
4 35
    -0.086497868104342     0.014864419680015     0.025922747332353
    -0.044434274620438    -0.021446831385803    -0.039485991259860
    -0.005324719182314     0.088433509685142     0.008415785206112
4 36
    -0.133602248014938     0.037879536436196    -0.024526868366172
     0.089815094890340    -0.601600511793371     0.462660655770134
    -0.033397983435041     0.502269928806135    -0.638313164626215
4 37
     0.014522333729875    -0.027897949453233     0.032137419360889
     0.006296004818285    -0.004339964016600     0.004221859308836
     0.005433080203052    -0.019434367684899     0.024175469335529
4 38
    -0.004648084096629    -0.027074100899639     0.031895377474094
    -0.007641554431362    -0.006786525214902     0.054059176572874
     0.013824335237056     0.050731036168782    -0.078688431292225
4 39
     0.014522333729875     0.027897949453233     0.032137419360889
    -0.006296004818285    -0.004339964016600    -0.004221859308836
     0.005433080203052     0.019434367684899     0.024175469335529
4 40
    -0.004648084096629     0.027074100899639     0.031895377474094
     0.007641554431362    -0.006786525214902    -0.054059176572874
     0.013824335237056    -0.050731036168782    -0.078688431292225
4 41
    -0.032383986533564     0.000000000000000    -0.027757274409182
     0.000000000000000    -0.205042366996525    -0.000000000000000
    -0.133973472959114    -0.000000000000000    -0.030430634579251
4 42
    -0.005597589453034     0.000000000000000    -0.062938146645636
     0.000000000000000     0.092771360638978    -0.000000000000000
     0.007462236826225    -0.000000000000000     0.025220994526375
4 43
    -0.363797317408260     0.000000000000000    -0.626269021783452
     0.000000000000000     0.069977955960947    -0.000000000000000
    -0.805023232563528    -0.000000000000000    -1.409978939805793
4 44
     0.128573015139577     0.000000000000000    -0.025539408800972
     0.000000000000000    -0.043562974235607    -0.000000000000000
    -0.027807436786325    -0.000000000000000     0.036511381365588
4 45
     0.011762374088709     0.000000000000000    -0.002384040979134
     0.000000000000000     0.023176403753788    -0.000000000000000
     0.008899269576872    -0.000000000000000    -0.017516080555998
4 46
    -0.008080363596076     0.000000000000000     0.020280107941983
     0.000000000000000    -0.004765858657921    -0.000000000000000
     0.001684719354386    -0.000000000000000    -0.049960356136269
4 47
     0.015949447802807     0.000000000000000     0.045598720522192
     0.000000000000000    -0.003510611141636    -0.000000000000000
     0.016570765335835    -0.000000000000000    -0.008149694901251
4 48
     0.011692413292459     0.000000000000000    -0.008767702707944
     0.000000000000000     0.012741290108440    -0.000000000000000
    -0.002995532695940    -0.000000000000000    -0.025668332900466
5 1
    -0.006807087787148    -0.000000000000000    -0.050479609561076
    -0.000000000000000    -0.021803406462252     0.000000000000000
    -0.050479609561076     0.000000000000000     0.019736364208555
5 2
    -0.009055828018251    -0.000000000000000    -0.033902919588483
    -0.000000000000000     0.009948279999986     0.000000000000000
    -0.033902919588483     0.000000000000000    -0.143199984261626
5 3
     0.018616076893953     0.000000000000000    -0.039032489586608
    -0.000000000000000     0.026636202057680     0.000000000000000
    -0.039032489586608    -0.000000000000000    -0.028412358991870
5 4
    -0.004865954274912    -0.000000000000000    -0.013409369976806
    -0.000000000000000     0.009888714315886     0.000000000000000
    -0.013409369976806    -0.000000000000000    -0.023530068426045
5 5
    20.278622847240225    -0.000000000000000    -0.274849273296626
    -0.000000000000000    22.652843975863302     0.000000000000000
    -0.274849273296626     0.000000000000000     8.467711225607323
5 6
     0.818832402733981    -0.000000000000000    -0.133937724738000
    -0.000000000000000    -0.687045673846482     0.000000000000000
    -0.133937724738000     0.000000000000000    -0.369987084001482
5 7
     0.509358861957061     0.000000000000000     0.384821384110900
    -0.000000000000000    -3.039844131701003     0.000000000000000
     0.384821384110900    -0.000000000000000     0.061936577283701
5 8
    -0.268132391616196    -0.000000000000000    -0.101243677416584
    -0.000000000000000     0.227529810883570     0.000000000000000
    -0.101243677416584    -0.000000000000000    -0.031809793075357
5 9
    -0.014052397155263     0.015018653848055     0.041008884422561
     0.015018653848055    -0.009745723581997     0.033084888113022
     0.041008884422561     0.033084888113022     0.037032235664814
5 10
    -0.022398798135916     0.021225311352562     0.077237786116456
     0.021225311352562    -0.005503058455774     0.014203652910686
     0.077237786116456     0.014203652910686    -0.043287109707982
5 11
    -0.014052397155263    -0.015018653848055     0.041008884422561
    -0.015018653848055    -0.009745723581997    -0.033084888113022
     0.041008884422561    -0.033084888113022     0.037032235664814
5 12
    -0.022398798135916    -0.021225311352562     0.077237786116456
    -0.021225311352562    -0.005503058455774    -0.014203652910686
     0.077237786116456    -0.014203652910686    -0.043287109707982
5 13
    -0.852333805563715     0.579609785573321     0.257396905766229
     0.579609785573321    -0.144184678388493    -0.060850013912850
     0.257396905766229    -0.060850013912850    -0.004750310785392
5 14
    -3.141252155006720    -1.944163501860445    -0.544282057156727
    -1.944163501860445    -5.548263498732839    -0.490671479739148
    -0.544282057156727    -0.490671479739148    -1.470965238704292
5 15
    -0.852333805563715    -0.579609785573321     0.257396905766229
    -0.579609785573322    -0.144184678388493     0.060850013912850
     0.257396905766229     0.060850013912850    -0.004750310785392
5 16
    -3.141252155006720     1.944163501860445    -0.544282057156727
     1.944163501860446    -5.548263498732839     0.490671479739148
    -0.544282057156727     0.490671479739148    -1.470965238704292
5 17
     0.012973990715634    -0.000000000000000    -0.064111570549321
    -0.000000000000000     0.004549047840805     0.000000000000000
     0.003012042958627    -0.000000000000000     0.030918308497370
5 18
     0.028551122712377    -0.000000000000000    -0.088354097768395
    -0.000000000000000    -0.032416224398500     0.000000000000000
     0.003021718689960    -0.000000000000000     0.103706920610394
5 19
    -0.000322901754661    -0.000000000000000    -0.034780217559080
    -0.000000000000000    -0.004621684883362     0.000000000000000
     0.021559906599036    -0.000000000000000     0.032911667311528
5 20
     0.018251806414724    -0.000000000000000    -0.073716487760012
    -0.000000000000000     0.030761125681664     0.000000000000000
     0.001416841604001    -0.000000000000000     0.073458926805398
5 21
    -3.152436455095338    -0.000000000000000    -0.393809934606124
    -0.000000000000000    -1.162415373829441     0.000000000000000
    -0.356197014557374    -0.000000000000000    -0.705329613231203
5 22
    -5.585483291112660    -0.000000000000000     1.369238478084322
    -0.000000000000000     0.046026619203030     0.000000000000000
     1.233103160373381    -0.000000000000000    -0.301231412322540
5 23
    -0.144412912723080    -0.000000000000000     0.258632842066469
    -0.000000000000000    -0.091280621845202     0.000000000000000
    -0.172956142520203    -0.000000000000000    -0.002184113329954
5 24
    -0.281805328287403    -0.000000000000000    -0.319840122141422
    -0.000000000000000    -0.459437054253641     0.000000000000000
     0.078422188780299    -0.000000000000000    -0.011662764395751
5 25
    -0.002181185619924    -0.007244192908818     0.036526678597726
    -0.024995087537923     0.003273746544206     0.004979534931886
    -0.038284875524260     0.036834148102000    -0.036443424425730
5 26
     0.019512427711010    -0.011593091019192     0.009576503989990
    -0.006031547265538    -0.000251152088602     0.011916539398837
    -0.038273288039339    -0.017500696732434     0.046681979501014
5 27
    -0.002181185619924     0.007244192908818     0.036526678597726
     0.024995087537923     0.003273746544206    -0.004979534931886
    -0.038284875524260    -0.036834148102000    -0.036443424425730
5 28
     0.019512427711010     0.011593091019192     0.009576503989990
     0.006031547265538    -0.000251152088602    -0.011916539398837
    -0.038273288039339     0.017500696732434     0.046681979501014
5 29
    -1.162748075864041     1.355430540390544     0.437406179844797
     1.367978454880139    -2.259724875825835    -0.496253371591387
     0.670920262526874    -0.902955807559603    -0.623455119868676
5 30
    -0.609321619544857    -0.439556369506594    -0.232023778807699
    -0.526173011261385    -0.126979329088243    -0.122398375377387
    -0.213341499915974    -0.076761746129555    -0.066933237947643
5 31
    -1.162748075864041    -1.355430540390544     0.437406179844797
    -1.367978454880139    -2.259724875825835     0.496253371591387
     0.670920262526874     0.902955807559603    -0.623455119868676
5 32
    -0.609321619544857     0.439556369506594    -0.232023778807699
     0.526173011261385    -0.126979329088243     0.122398375377387
    -0.213341499915974     0.076761746129555    -0.066933237947643
5 33
    -0.004648084096629     0.027074100899639     0.031895377474094
     0.007641554431362    -0.006786525214902    -0.054059176572874
     0.013824335237056    -0.050731036168782    -0.078688431292225
5 34
     0.014522333729875     0.027897949453233     0.032137419360889
    -0.006296004818285    -0.004339964016600    -0.004221859308836
     0.005433080203052     0.019434367684899     0.024175469335529
5 35
    -0.004648084096629    -0.027074100899639     0.031895377474094
    -0.007641554431362    -0.006786525214902     0.054059176572874
     0.013824335237056     0.050731036168782    -0.078688431292225
5 36
     0.014522333729875    -0.027897949453233     0.032137419360889
     0.006296004818285    -0.004339964016600     0.004221859308836
     0.005433080203052    -0.019434367684899     0.024175469335529
5 37
    -0.133602248014938     0.037879536436196    -0.024526868366172
     0.089815094890340    -0.601600511793371     0.462660655770134
    -0.033397983435041     0.502269928806135    -0.638313164626215
5 38
    -0.086497868104342     0.014864419680015     0.025922747332353
    -0.044434274620438    -0.021446831385803    -0.039485991259860
    -0.005324719182314     0.088433509685142     0.008415785206112
5 39
    -0.133602248014938    -0.037879536436196    -0.024526868366172
    -0.089815094890340    -0.601600511793371    -0.462660655770134
    -0.033397983435041    -0.502269928806135    -0.638313164626215
5 40
    -0.086497868104342    -0.014864419680015     0.025922747332353
     0.044434274620438    -0.021446831385803     0.039485991259860
    -0.005324719182314    -0.088433509685142     0.008415785206112
5 41
     0.011692413292460    -0.000000000000000    -0.008767702707944
    -0.000000000000000     0.012741290108440     0.000000000000000
    -0.002995532695940    -0.000000000000000    -0.025668332900466
5 42
     0.015949447802807    -0.000000000000000     0.045598720522192
    -0.000000000000000    -0.003510611141636     0.000000000000000
     0.016570765335835    -0.000000000000000    -0.008149694901251
5 43
    -0.008080363596076    -0.000000000000000     0.020280107941983
    -0.000000000000000    -0.004765858657921     0.000000000000000
     0.001684719354386    -0.000000000000000    -0.049960356136269
5 44
     0.011762374088709    -0.000000000000000    -0.002384040979134
    -0.000000000000000     0.023176403753788     0.000000000000000
     0.008899269576872    -0.000000000000000    -0.017516080555998
5 45
     0.128573015139577    -0.000000000000000    -0.025539408800972
    -0.000000000000000    -0.043562974235607     0.000000000000000
    -0.027807436786325    -0.000000000000000     0.036511381365588
5 46
    -0.363797317408260    -0.000000000000000    -0.626269021783452
    -0.000000000000000     0.069977955960947     0.000000000000000
    -0.805023232563528    -0.000000000000000    -1.409978939805793
5 47
    -0.005597589453034    -0.000000000000000    -0.062938146645636
    -0.000000000000000     0.092771360638978     0.000000000000000
     0.007462236826225    -0.000000000000000     0.025220994526375
5 48
    -0.032383986533563    -0.000000000000000    -0.027757274409182
    -0.000000000000000    -0.205042366996525     0.000000000000000
    -0.133973472959114    -0.000000000000000    -0.030430634579251
6 1
    -0.009055828018251    -0.000000000000000    -0.033902919588483
    -0.000000000000000     0.009948279999986     0.000000000000000
    -0.033902919588483     0.000000000000000    -0.143199984261626
6 2
    -0.006807087787148    -0.000000000000000    -0.050479609561076
    -0.000000000000000    -0.021803406462252     0.000000000000000
    -0.050479609561076     0.000000000000000     0.019736364208555
6 3
    -0.004865954274912     0.000000000000000    -0.013409369976806
    -0.000000000000000     0.009888714315885     0.000000000000000
    -0.013409369976806    -0.000000000000000    -0.023530068426045
6 4
     0.018616076893953     0.000000000000000    -0.039032489586608
     0.000000000000000     0.026636202057680     0.000000000000000
    -0.039032489586608    -0.000000000000000    -0.028412358991870
6 5
     0.818832402733981    -0.000000000000000    -0.133937724738000
    -0.000000000000000    -0.687045673846482     0.000000000000000
    -0.133937724738000     0.000000000000000    -0.369987084001482
6 6
    20.278622847240225    -0.000000000000000    -0.274849273296626
    -0.000000000000000    22.652843975863306    -0.000000000000000
    -0.274849273296626    -0.000000000000000     8.467711225607324
6 7
    -0.268132391616196     0.000000000000000    -0.101243677416584
    -0.000000000000000     0.227529810883570     0.000000000000000
    -0.101243677416584    -0.000000000000000    -0.031809793075357
6 8
     0.509358861957061     0.000000000000000     0.384821384110900
     0.000000000000000    -3.039844131701003     0.000000000000000
     0.384821384110900    -0.000000000000000     0.061936577283701
6 9
    -0.022398798135916     0.021225311352562     0.077237786116456
     0.021225311352562    -0.005503058455774     0.014203652910686
     0.077237786116456     0.014203652910686    -0.043287109707982
6 10
    -0.014052397155263     0.015018653848055     0.041008884422561
     0.015018653848055    -0.009745723581997     0.033084888113022
     0.041008884422561     0.033084888113022     0.037032235664814
6 11
    -0.022398798135916    -0.021225311352562     0.077237786116456
    -0.021225311352562    -0.005503058455774    -0.014203652910686
     0.077237786116456    -0.014203652910686    -0.043287109707982
6 12
    -0.014052397155263    -0.015018653848055     0.041008884422561
    -0.015018653848055    -0.009745723581997    -0.033084888113022
     0.041008884422561    -0.033084888113022     0.037032235664814
6 13
    -3.141252155006720    -1.944163501860445    -0.544282057156727
    -1.944163501860445    -5.548263498732839    -0.490671479739148
    -0.544282057156727    -0.490671479739148    -1.470965238704292
6 14
    -0.852333805563715     0.579609785573321     0.257396905766229
     0.579609785573321    -0.144184678388493    -0.060850013912850
     0.257396905766229    -0.060850013912850    -0.004750310785392
6 15
    -3.141252155006720     1.944163501860445    -0.544282057156727
     1.944163501860446    -5.548263498732839     0.490671479739148
    -0.544282057156727     0.490671479739148    -1.470965238704292
6 16
    -0.852333805563715    -0.579609785573321     0.257396905766229
    -0.579609785573322    -0.144184678388493     0.060850013912850
     0.257396905766229     0.060850013912850    -0.004750310785392
6 17
     0.028551122712377     0.000000000000000    -0.088354097768395
     0.000000000000000    -0.032416224398500     0.000000000000000
     0.003021718689960    -0.000000000000000     0.103706920610394
6 18
     0.012973990715634     0.000000000000000    -0.064111570549321
    -0.000000000000000     0.004549047840805     0.000000000000000
     0.003012042958627    -0.000000000000000     0.030918308497370
6 19
     0.018251806414724    -0.000000000000000    -0.073716487760012
     0.000000000000000     0.030761125681664     0.000000000000000
     0.001416841604001    -0.000000000000000     0.073458926805398
6 20
    -0.000322901754661     0.000000000000000    -0.034780217559080
     0.000000000000000    -0.004621684883362     0.000000000000000
     0.021559906599036    -0.000000000000000     0.032911667311528
6 21
    -5.585483291112660     0.000000000000000     1.369238478084322
     0.000000000000000     0.046026619203030     0.000000000000000
     1.233103160373381    -0.000000000000000    -0.301231412322540
6 22
    -3.152436455095338     0.000000000000000    -0.393809934606124
     0.000000000000000    -1.162415373829441     0.000000000000000
    -0.356197014557374    -0.000000000000000    -0.705329613231203
6 23
    -0.281805328287403     0.000000000000000    -0.319840122141422
     0.000000000000000    -0.459437054253641     0.000000000000000
     0.078422188780299    -0.000000000000000    -0.011662764395751
6 24
    -0.144412912723080     0.000000000000000     0.258632842066469
     0.000000000000000    -0.091280621845202     0.000000000000000
    -0.172956142520203    -0.000000000000000    -0.002184113329954
6 25
     0.019512427711010    -0.011593091019192     0.009576503989990
    -0.006031547265538    -0.000251152088602     0.011916539398837
    -0.038273288039339    -0.017500696732434     0.046681979501014
6 26
    -0.002181185619924    -0.007244192908818     0.036526678597726
    -0.024995087537923     0.003273746544206     0.004979534931886
    -0.038284875524260     0.036834148102000    -0.036443424425730
6 27
     0.019512427711010     0.011593091019192     0.009576503989990
     0.006031547265538    -0.000251152088602    -0.011916539398837
    -0.038273288039339     0.017500696732434     0.046681979501014
6 28
    -0.002181185619924     0.007244192908818     0.036526678597726
     0.024995087537923     0.003273746544206    -0.004979534931886
    -0.038284875524260    -0.036834148102000    -0.036443424425730
6 29
    -0.609321619544857    -0.439556369506594    -0.232023778807699
    -0.526173011261385    -0.126979329088243    -0.122398375377387
    -0.213341499915974    -0.076761746129555    -0.066933237947643
6 30
    -1.162748075864041     1.355430540390544     0.437406179844797
     1.367978454880139    -2.259724875825835    -0.496253371591387
     0.670920262526874    -0.902955807559603    -0.623455119868676
6 31
    -0.609321619544857     0.439556369506594    -0.232023778807699
     0.526173011261385    -0.126979329088243     0.122398375377387
    -0.213341499915974     0.076761746129555    -0.066933237947643
6 32
    -1.162748075864041    -1.355430540390544     0.437406179844797
    -1.367978454880139    -2.259724875825835     0.496253371591387
     0.670920262526874     0.902955807559603    -0.623455119868676
6 33
     0.014522333729875     0.027897949453233     0.032137419360889
    -0.006296004818285    -0.004339964016600    -0.004221859308836
     0.005433080203052     0.019434367684899     0.024175469335529
6 34
    -0.004648084096629     0.027074100899639     0.031895377474094
     0.007641554431362    -0.006786525214902    -0.054059176572874
     0.013824335237056    -0.050731036168782    -0.078688431292225
6 35
     0.014522333729875    -0.027897949453233     0.032137419360889
     0.006296004818285    -0.004339964016600     0.004221859308836
     0.005433080203052    -0.019434367684899     0.024175469335529
6 36
    -0.004648084096629    -0.027074100899639     0.031895377474094
    -0.007641554431362    -0.006786525214902     0.054059176572874
     0.013824335237056     0.050731036168782    -0.078688431292225
6 37
    -0.086497868104342     0.014864419680015     0.025922747332353
    -0.044434274620438    -0.021446831385803    -0.039485991259860
    -0.005324719182314     0.088433509685142     0.008415785206112
6 38
    -0.133602248014938     0.037879536436196    -0.024526868366172
     0.089815094890340    -0.601600511793371     0.462660655770134
    -0.033397983435041     0.502269928806135    -0.638313164626215
6 39
    -0.086497868104342    -0.014864419680015     0.025922747332353
     0.044434274620438    -0.021446831385803     0.039485991259860
    -0.005324719182314    -0.088433509685142     0.008415785206112
6 40
    -0.133602248014938    -0.037879536436196    -0.024526868366172
    -0.089815094890340    -0.601600511793371    -0.462660655770134
    -0.033397983435041    -0.502269928806135    -0.638313164626215
6 41
     0.015949447802807     0.000000000000000     0.045598720522192
     0.000000000000000    -0.003510611141636     0.000000000000000
     0.016570765335835    -0.000000000000000    -0.008149694901251
6 42
     0.011692413292460     0.000000000000000    -0.008767702707944
     0.000000000000000     0.012741290108440     0.000000000000000
    -0.002995532695940    -0.000000000000000    -0.025668332900466
6 43
     0.011762374088709     0.000000000000000    -0.002384040979134
     0.000000000000000     0.023176403753788     0.000000000000000
     0.008899269576872    -0.000000000000000    -0.017516080555998
6 44
    -0.008080363596076     0.000000000000000     0.020280107941983
     0.000000000000000    -0.004765858657921     0.000000000000000
     0.001684719354386    -0.000000000000000    -0.049960356136269
6 45
    -0.363797317408260     0.000000000000000    -0.626269021783452
     0.000000000000000     0.069977955960947     0.000000000000000
    -0.805023232563528    -0.000000000000000    -1.409978939805793
6 46
     0.128573015139577     0.000000000000000    -0.025539408800972
     0.000000000000000    -0.043562974235607     0.000000000000000
    -0.027807436786325    -0.000000000000000     0.036511381365588
6 47
    -0.032383986533563     0.000000000000000    -0.027757274409182
     0.000000000000000    -0.205042366996525     0.000000000000000
    -0.133973472959114    -0.000000000000000    -0.030430634579251
6 48
    -0.005597589453034     0.000000000000000    -0.062938146645636
     0.000000000000000     0.092771360638978     0.000000000000000
     0.007462236826225    -0.000000000000000     0.025220994526375
7 1
     0.018616076893953    -0.000000000000000    -0.039032489586608
     0.000000000000000     0.026636202057680    -0.000000000000000
    -0.039032489586608     0.000000000000000    -0.028412358991870
7 2
    -0.004865954274912    -0.000000000000000    -0.013409369976806
     0.000000000000000     0.009888714315886    -0.000000000000000
    -0.013409369976806     0.000000000000000    -0.023530068426045
7 3
    -0.006807087787148     0.000000000000000    -0.050479609561076
     0.000000000000000    -0.021803406462252    -0.000000000000000
    -0.050479609561076    -0.000000000000000     0.019736364208555
7 4
    -0.009055828018251    -0.000000000000000    -0.033902919588483
     0.000000000000000     0.009948279999986    -0.000000000000000
    -0.033902919588483    -0.000000000000000    -0.143199984261626
7 5
     0.509358861957061    -0.000000000000000     0.384821384110900
     0.000000000000000    -3.039844131701003    -0.000000000000000
     0.384821384110900     0.000000000000000     0.061936577283701
7 6
    -0.268132391616196    -0.000000000000000    -0.101243677416584
     0.000000000000000     0.227529810883570    -0.000000000000000
    -0.101243677416584     0.000000000000000    -0.031809793075357
7 7
    20.278622847240225     0.000000000000000    -0.274849273296626
     0.000000000000000    22.652843975863306    -0.000000000000000
    -0.274849273296626    -0.000000000000000     8.467711225607321
7 8
     0.818832402733981    -0.000000000000000    -0.133937724738000
     0.000000000000000    -0.687045673846482    -0.000000000000000
    -0.133937724738000    -0.000000000000000    -0.369987084001482
7 9
    -0.014052397155263    -0.015018653848055     0.041008884422561
    -0.015018653848055    -0.009745723581997    -0.033084888113022
     0.041008884422561    -0.033084888113022     0.037032235664814
7 10
    -0.022398798135916    -0.021225311352562     0.077237786116456
    -0.021225311352562    -0.005503058455774    -0.014203652910686
     0.077237786116456    -0.014203652910686    -0.043287109707982
7 11
    -0.014052397155263     0.015018653848055     0.041008884422561
     0.015018653848055    -0.009745723581997     0.033084888113022
     0.041008884422561     0.033084888113022     0.037032235664814
7 12
    -0.022398798135916     0.021225311352562     0.077237786116456
     0.021225311352562    -0.005503058455774     0.014203652910686
     0.077237786116456     0.014203652910686    -0.043287109707982
7 13
    -0.852333805563715    -0.579609785573322     0.257396905766229
    -0.579609785573321    -0.144184678388493     0.060850013912850
     0.257396905766229     0.060850013912850    -0.004750310785392
7 14
    -3.141252155006720     1.944163501860446    -0.544282057156727
     1.944163501860445    -5.548263498732839     0.490671479739148
    -0.544282057156727     0.490671479739148    -1.470965238704292
7 15
    -0.852333805563715     0.579609785573322     0.257396905766229
     0.579609785573322    -0.144184678388493    -0.060850013912850
     0.257396905766229    -0.060850013912850    -0.004750310785392
7 16
    -3.141252155006720    -1.944163501860446    -0.544282057156727
    -1.944163501860446    -5.548263498732839    -0.490671479739148
    -0.544282057156727    -0.490671479739148    -1.470965238704292
7 17
    -0.000322901754661     0.000000000000000    -0.034780217559080
     0.000000000000000    -0.004621684883362    -0.000000000000000
     0.021559906599036    -0.000000000000000     0.032911667311528
7 18
     0.018251806414724    -0.000000000000000    -0.073716487760012
     0.000000000000000     0.030761125681664    -0.000000000000000
     0.001416841604001    -0.000000000000000     0.073458926805398
7 19
     0.012973990715634    -0.000000000000000    -0.064111570549321
     0.000000000000000     0.004549047840805    -0.000000000000000
     0.003012042958627    -0.000000000000000     0.030918308497370
7 20
     0.028551122712377    -0.000000000000000    -0.088354097768395
     0.000000000000000    -0.032416224398500    -0.000000000000000
     0.003021718689960    -0.000000000000000     0.103706920610394
7 21
    -0.144412912723080    -0.000000000000000     0.258632842066469
     0.000000000000000    -0.091280621845202    -0.000000000000000
    -0.172956142520203    -0.000000000000000    -0.002184113329954
7 22
    -0.281805328287403    -0.000000000000000    -0.319840122141422
     0.000000000000000    -0.459437054253641    -0.000000000000000
     0.078422188780299    -0.000000000000000    -0.011662764395751
7 23
    -3.152436455095338    -0.000000000000000    -0.393809934606124
     0.000000000000000    -1.162415373829441    -0.000000000000000
    -0.356197014557374    -0.000000000000000    -0.705329613231203
7 24
    -5.585483291112660    -0.000000000000000     1.369238478084322
     0.000000000000000     0.046026619203030    -0.000000000000000
     1.233103160373381    -0.000000000000000    -0.301231412322540
7 25
    -0.002181185619924     0.007244192908818     0.036526678597726
     0.024995087537923     0.003273746544206    -0.004979534931886
    -0.038284875524260    -0.036834148102000    -0.036443424425730
7 26
     0.019512427711010     0.011593091019192     0.009576503989990
     0.006031547265538    -0.000251152088602    -0.011916539398837
    -0.038273288039339     0.017500696732434     0.046681979501014
7 27
    -0.002181185619924    -0.007244192908818     0.036526678597726
    -0.024995087537923     0.003273746544206     0.004979534931886
    -0.038284875524260     0.036834148102000    -0.036443424425730
7 28
     0.019512427711010    -0.011593091019192     0.009576503989990
    -0.006031547265538    -0.000251152088602     0.011916539398837
    -0.038273288039339    -0.017500696732434     0.046681979501014
7 29
    -1.162748075864041    -1.355430540390544     0.437406179844797
    -1.367978454880139    -2.259724875825835     0.496253371591387
     0.670920262526874     0.902955807559603    -0.623455119868676
7 30
    -0.609321619544857     0.439556369506594    -0.232023778807699
     0.526173011261385    -0.126979329088243     0.122398375377387
    -0.213341499915974     0.076761746129555    -0.066933237947643
7 31
    -1.162748075864041     1.355430540390544     0.437406179844797
     1.367978454880139    -2.259724875825835    -0.496253371591387
     0.670920262526874    -0.902955807559603    -0.623455119868676
7 32
    -0.609321619544857    -0.439556369506594    -0.232023778807699
    -0.526173011261385    -0.126979329088243    -0.122398375377387
    -0.213341499915974    -0.076761746129555    -0.066933237947643
7 33
    -0.004648084096629    -0.027074100899639     0.031895377474094
    -0.007641554431362    -0.006786525214902     0.054059176572874
     0.013824335237056     0.050731036168782    -0.078688431292225
7 34
     0.014522333729875    -0.027897949453233     0.032137419360889
     0.006296004818285    -0.004339964016600     0.004221859308836
     0.005433080203052    -0.019434367684899     0.024175469335529
7 35
    -0.004648084096629     0.027074100899639     0.031895377474094
     0.007641554431362    -0.006786525214902    -0.054059176572874
     0.013824335237056    -0.050731036168782    -0.078688431292225
7 36
     0.014522333729875     0.027897949453233     0.032137419360889
    -0.006296004818285    -0.004339964016600    -0.004221859308836
     0.005433080203052     0.019434367684899     0.024175469335529
7 37
    -0.133602248014938    -0.037879536436196    -0.024526868366172
    -0.089815094890340    -0.601600511793371    -0.462660655770134
    -0.033397983435041    -0.502269928806135    -0.638313164626215
7 38
    -0.086497868104342    -0.014864419680015     0.025922747332353
     0.044434274620438    -0.021446831385803     0.039485991259860
    -0.005324719182314    -0.088433509685142     0.008415785206112
7 39
    -0.133602248014938     0.037879536436196    -0.024526868366172
     0.089815094890340    -0.601600511793371     0.462660655770134
    -0.033397983435041     0.502269928806135    -0.638313164626215
7 40
    -0.086497868104342     0.014864419680015     0.025922747332353
    -0.044434274620438    -0.021446831385803    -0.039485991259860
    -0.005324719182314     0.088433509685142     0.008415785206112
7 41
    -0.008080363596076    -0.000000000000000     0.020280107941983
     0.000000000000000    -0.004765858657921    -0.000000000000000
     0.001684719354386    -0.000000000000000    -0.049960356136269
7 42
     0.011762374088709    -0.000000000000000    -0.002384040979134
     0.000000000000000     0.023176403753788    -0.000000000000000
     0.008899269576872    -0.000000000000000    -0.017516080555998
7 43
     0.011692413292460    -0.000000000000000    -0.008767702707944
     0.000000000000000     0.012741290108440    -0.000000000000000
    -0.002995532695940    -0.000000000000000    -0.025668332900466
7 44
     0.015949447802807    -0.000000000000000     0.045598720522192
     0.000000000000000    -0.003510611141636    -0.000000000000000
     0.016570765335835    -0.000000000000000    -0.008149694901251
7 45
    -0.005597589453034    -0.000000000000000    -0.062938146645636
     0.000000000000000     0.092771360638978    -0.000000000000000
     0.007462236826225    -0.000000000000000     0.025220994526375
7 46
    -0.032383986533563    -0.000000000000000    -0.027757274409182
     0.000000000000000    -0.205042366996525    -0.000000000000000
    -0.133973472959114    -0.000000000000000    -0.030430634579251
7 47
     0.128573015139577    -0.000000000000000    -0.025539408800972
     0.000000000000000    -0.043562974235607    -0.000000000000000
    -0.027807436786325    -0.000000000000000     0.036511381365588
7 48
    -0.363797317408260    -0.000000000000000    -0.626269021783452
     0.000000000000000     0.069977955960947    -0.000000000000000
    -0.805023232563528    -0.000000000000000    -1.409978939805793
8 1
    -0.004865954274912    -0.000000000000000    -0.013409369976806
    -0.000000000000000     0.009888714315885    -0.000000000000000
    -0.013409369976806     0.000000000000000    -0.023530068426045
8 2
     0.018616076893953    -0.000000000000000    -0.039032489586608
    -0.000000000000000     0.026636202057680    -0.000000000000000
    -0.039032489586608     0.000000000000000    -0.028412358991870
8 3
    -0.009055828018251     0.000000000000000    -0.033902919588483
    -0.000000000000000     0.009948279999986    -0.000000000000000
    -0.033902919588483    -0.000000000000000    -0.143199984261626
8 4
    -0.006807087787148     0.000000000000000    -0.050479609561076
     0.000000000000000    -0.021803406462252    -0.000000000000000
    -0.050479609561076    -0.000000000000000     0.019736364208555
8 5
    -0.268132391616196    -0.000000000000000    -0.101243677416584
    -0.000000000000000     0.227529810883570    -0.000000000000000
    -0.101243677416584     0.000000000000000    -0.031809793075357
8 6
     0.509358861957061     0.000000000000000     0.384821384110900
     0.000000000000000    -3.039844131701003    -0.000000000000000
     0.384821384110900     0.000000000000000     0.061936577283701
8 7
     0.818832402733981     0.000000000000000    -0.133937724738000
    -0.000000000000000    -0.687045673846482    -0.000000000000000
    -0.133937724738000    -0.000000000000000    -0.369987084001482
8 8
    20.278622847240225     0.000000000000000    -0.274849273296626
     0.000000000000000    22.652843975863306     0.000000000000000
    -0.274849273296626     0.000000000000000     8.467711225607324
8 9
    -0.022398798135916    -0.021225311352562     0.077237786116456
    -0.021225311352562    -0.005503058455774    -0.014203652910686
     0.077237786116456    -0.014203652910686    -0.043287109707982
8 10
    -0.014052397155263    -0.015018653848055     0.041008884422561
    -0.015018653848055    -0.009745723581997    -0.033084888113022
     0.041008884422561    -0.033084888113022     0.037032235664814
8 11
    -0.022398798135916     0.021225311352562     0.077237786116456
     0.021225311352562    -0.005503058455774     0.014203652910686
     0.077237786116456     0.014203652910686    -0.043287109707982
8 12
    -0.014052397155263     0.015018653848055     0.041008884422561
     0.015018653848055    -0.009745723581997     0.033084888113022
     0.041008884422561     0.033084888113022     0.037032235664814
8 13
    -3.141252155006720     1.944163501860446    -0.544282057156727
     1.944163501860445    -5.548263498732839     0.490671479739148
    -0.544282057156727     0.490671479739148    -1.470965238704292
8 14
    -0.852333805563715    -0.579609785573322     0.257396905766229
    -0.579609785573321    -0.144184678388493     0.060850013912850
     0.257396905766229     0.060850013912850    -0.004750310785392
8 15
    -3.141252155006720    -1.944163501860446    -0.544282057156727
    -1.944163501860446    -5.548263498732839    -0.490671479739148
    -0.544282057156727    -0.490671479739148    -1.470965238704292
8 16
    -0.852333805563715     0.579609785573322     0.257396905766229
     0.579609785573322    -0.144184678388493    -0.060850013912850
     0.257396905766229    -0.060850013912850    -0.004750310785392
8 17
     0.018251806414724     0.000000000000000    -0.073716487760012
     0.000000000000000     0.030761125681664    -0.000000000000000
     0.001416841604001    -0.000000000000000     0.073458926805398
8 18
    -0.000322901754661     0.000000000000000    -0.034780217559080
    -0.000000000000000    -0.004621684883362    -0.000000000000000
     0.021559906599036    -0.000000000000000     0.032911667311528
8 19
     0.028551122712377    -0.000000000000000    -0.088354097768395
     0.000000000000000    -0.032416224398500    -0.000000000000000
     0.003021718689960    -0.000000000000000     0.103706920610394
8 20
     0.012973990715634     0.000000000000000    -0.064111570549321
     0.000000000000000     0.004549047840805    -0.000000000000000
     0.003012042958627    -0.000000000000000     0.030918308497370
8 21
    -0.281805328287403     0.000000000000000    -0.319840122141422
     0.000000000000000    -0.459437054253641    -0.000000000000000
     0.078422188780299    -0.000000000000000    -0.011662764395751
8 22
    -0.144412912723080     0.000000000000000     0.258632842066469
     0.000000000000000    -0.091280621845202    -0.000000000000000
    -0.172956142520203    -0.000000000000000    -0.002184113329954
8 23
    -5.585483291112660     0.000000000000000     1.369238478084322
     0.000000000000000     0.046026619203030    -0.000000000000000
     1.233103160373381    -0.000000000000000    -0.301231412322540
8 24
    -3.152436455095338     0.000000000000000    -0.393809934606124
     0.000000000000000    -1.162415373829441    -0.000000000000000
    -0.356197014557374    -0.000000000000000    -0.705329613231203
8 25
     0.019512427711010     0.011593091019192     0.009576503989990
     0.006031547265538    -0.000251152088602    -0.011916539398837
    -0.038273288039339     0.017500696732434     0.046681979501014
8 26
    -0.002181185619924     0.007244192908818     0.036526678597726
     0.024995087537923     0.003273746544206    -0.004979534931886
    -0.038284875524260    -0.036834148102000    -0.036443424425730
8 27
     0.019512427711010    -0.011593091019192     0.009576503989990
    -0.006031547265538    -0.000251152088602     0.011916539398837
    -0.038273288039339    -0.017500696732434     0.046681979501014
8 28
    -0.002181185619924    -0.007244192908818     0.036526678597726
    -0.024995087537923     0.003273746544206     0.004979534931886
    -0.038284875524260     0.036834148102000    -0.036443424425730
8 29
    -0.609321619544857     0.439556369506594    -0.232023778807699
     0.526173011261385    -0.126979329088243     0.122398375377387
    -0.213341499915974     0.076761746129555    -0.066933237947643
8 30
    -1.162748075864041    -1.355430540390544     0.437406179844797
    -1.367978454880139    -2.259724875825835     0.496253371591387
     0.670920262526874     0.902955807559603    -0.623455119868676
8 31
    -0.609321619544857    -0.439556369506594    -0.232023778807699
    -0.526173011261385    -0.126979329088243    -0.122398375377387
    -0.213341499915974    -0.076761746129555    -0.066933237947643
8 32
    -1.162748075864041     1.355430540390544     0.437406179844797
     1.367978454880139    -2.259724875825835    -0.496253371591387
     0.670920262526874    -0.902955807559603    -0.623455119868676
8 33
     0.014522333729875    -0.027897949453233     0.032137419360889
     0.006296004818285    -0.004339964016600     0.004221859308836
     0.005433080203052    -0.019434367684899     0.024175469335529
8 34
    -0.004648084096629    -0.027074100899639     0.031895377474094
    -0.007641554431362    -0.006786525214902     0.054059176572874
     0.013824335237056     0.050731036168782    -0.078688431292225
8 35
     0.014522333729875     0.027897949453233     0.032137419360889
    -0.006296004818285    -0.004339964016600    -0.004221859308836
     0.005433080203052     0.019434367684899     0.024175469335529
8 36
    -0.004648084096629     0.027074100899639     0.031895377474094
     0.007641554431362    -0.006786525214902    -0.054059176572874
     0.013824335237056    -0.050731036168782    -0.078688431292225
8 37
    -0.086497868104342    -0.014864419680015     0.025922747332353
     0.044434274620438    -0.021446831385803     0.039485991259860
    -0.005324719182314    -0.088433509685142     0.008415785206112
8 38
    -0.133602248014938    -0.037879536436196    -0.024526868366172
    -0.089815094890340    -0.601600511793371    -0.462660655770134
    -0.033397983435041    -0.502269928806135    -0.638313164626215
8 39
    -0.086497868104342     0.014864419680015     0.025922747332353
    -0.044434274620438    -0.021446831385803    -0.039485991259860
    -0.005324719182314     0.088433509685142     0.008415785206112
8 40
    -0.133602248014938     0.037879536436196    -0.024526868366172
     0.089815094890340    -0.601600511793371     0.462660655770134
    -0.033397983435041     0.502269928806135    -0.638313164626215
8 41
     0.011762374088709     0.000000000000000    -0.002384040979134
     0.000000000000000     0.023176403753788    -0.000000000000000
     0.008899269576872    -0.000000000000000    -0.017516080555998
8 42
    -0.008080363596076     0.000000000000000     0.020280107941983
     0.000000000000000    -0.004765858657921    -0.000000000000000
     0.001684719354386    -0.000000000000000    -0.049960356136269
8 43
     0.015949447802807     0.000000000000000     0.045598720522192
     0.000000000000000    -0.003510611141636    -0.000000000000000
     0.016570765335835    -0.000000000000000    -0.008149694901251
8 44
     0.011692413292460     0.000000000000000    -0.008767702707944
     0.000000000000000     0.012741290108440    -0.000000000000000
    -0.002995532695940    -0.000000000000000    -0.025668332900466
8 45
    -0.032383986533563     0.000000000000000    -0.027757274409182
     0.000000000000000    -0.205042366996525    -0.000000000000000
    -0.133973472959114    -0.000000000000000    -0.030430634579251
8 46
    -0.005597589453034     0.000000000000000    -0.062938146645636
     0.000000000000000     0.092771360638978    -0.000000000000000
     0.007462236826225    -0.000000000000000     0.025220994526375
8 47
    -0.363797317408260     0.000000000000000    -0.626269021783452
     0.000000000000000     0.069977955960947    -0.000000000000000
    -0.805023232563528    -0.000000000000000    -1.409978939805793
8 48
     0.128573015139577     0.000000000000000    -0.025539408800972
     0.000000000000000    -0.043562974235607    -0.000000000000000
    -0.027807436786325    -0.000000000000000     0.036511381365588
9 1
    -0.852333805563715     0.579609785573321     0.257396905766229
     0.579609785573321    -0.144184678388494    -0.060850013912850
     0.257396905766229    -0.060850013912850    -0.004750310785392
9 2
    -3.141252155006720    -1.944163501860445    -0.544282057156727
    -1.944163501860445    -5.548263498732839    -0.490671479739148
    -0.544282057156727    -0.490671479739148    -1.470965238704292
9 3
    -0.852333805563715    -0.579609785573321     0.257396905766229
    -0.579609785573322    -0.144184678388494     0.060850013912850
     0.257396905766229     0.060850013912850    -0.004750310785392
9 4
    -3.141252155006720     1.944163501860445    -0.544282057156727
     1.944163501860446    -5.548263498732839     0.490671479739148
    -0.544282057156727     0.490671479739148    -1.470965238704292
9 5
    -0.014052397155263     0.015018653848055     0.041008884422561
     0.015018653848055    -0.009745723581997     0.033084888113022
     0.041008884422561     0.033084888113022     0.037032235664814
9 6
    -0.022398798135916     0.021225311352562     0.077237786116456
     0.021225311352562    -0.005503058455774     0.014203652910686
     0.077237786116456     0.014203652910686    -0.043287109707982
9 7
    -0.014052397155263    -0.015018653848055     0.041008884422561
    -0.015018653848055    -0.009745723581997    -0.033084888113022
     0.041008884422561    -0.033084888113022     0.037032235664814
9 8
    -0.022398798135916    -0.021225311352562     0.077237786116456
    -0.021225311352562    -0.005503058455774    -0.014203652910686
     0.077237786116456    -0.014203652910686    -0.043287109707982
9 9
    20.278622847240225    -0.000000000000000    -0.274849273296626
    -0.000000000000000    22.652843975863313     0.000000000000000
    -0.274849273296626     0.000000000000000     8.467711225607315
9 10
     0.818832402733980    -0.000000000000000    -0.133937724738000
    -0.000000000000000    -0.687045673846482     0.000000000000000
    -0.133937724738000     0.000000000000000    -0.369987084001482
9 11
     0.509358861957061     0.000000000000000     0.384821384110900
    -0.000000000000000    -3.039844131701003     0.000000000000000
     0.384821384110900    -0.000000000000000     0.061936577283701
9 12
    -0.268132391616196    -0.000000000000000    -0.101243677416584
    -0.000000000000000     0.227529810883570     0.000000000000000
    -0.101243677416584    -0.000000000000000    -0.031809793075357
9 13
    -0.006807087787148    -0.000000000000000    -0.050479609561076
    -0.000000000000000    -0.021803406462252     0.000000000000000
    -0.050479609561076     0.000000000000000     0.019736364208555
9 14
    -0.009055828018251    -0.000000000000000    -0.033902919588483
    -0.000000000000000     0.009948279999986     0.000000000000000
    -0.033902919588483     0.000000000000000    -0.143199984261626
9 15
     0.018616076893953     0.000000000000000    -0.039032489586608
    -0.000000000000000     0.026636202057680     0.000000000000000
    -0.039032489586608    -0.000000000000000    -0.028412358991870
9 16
    -0.004865954274912    -0.000000000000000    -0.013409369976806
    -0.000000000000000     0.009888714315885     0.000000000000000
    -0.013409369976806    -0.000000000000000    -0.023530068426045
9 17
    -1.162748075864041     1.355430540390544     0.437406179844797
     1.367978454880139    -2.259724875825835    -0.496253371591387
     0.670920262526874    -0.902955807559603    -0.623455119868676
9 18
    -0.609321619544857    -0.439556369506594    -0.232023778807699
    -0.526173011261385    -0.126979329088243    -0.122398375377387
    -0.213341499915974    -0.076761746129555    -0.066933237947643
9 19
    -1.162748075864041    -1.355430540390544     0.437406179844797
    -1.367978454880139    -2.259724875825835     0.496253371591387
     0.670920262526874     0.902955807559603    -0.623455119868676
9 20
    -0.609321619544857     0.439556369506594    -0.232023778807699
     0.526173011261385    -0.126979329088243     0.122398375377387
    -0.213341499915974     0.076761746129555    -0.066933237947643
9 21
    -0.002181185619924    -0.007244192908818     0.036526678597726
    -0.024995087537923     0.003273746544206     0.004979534931886
    -0.038284875524260     0.036834148102000    -0.036443424425730
9 22
     0.019512427711010    -0.011593091019192     0.009576503989990
    -0.006031547265538    -0.000251152088602     0.011916539398837
    -0.038273288039339    -0.017500696732434     0.046681979501014
9 23
    -0.002181185619924     0.007244192908818     0.036526678597726
     0.024995087537923     0.003273746544206    -0.004979534931886
    -0.038284875524260    -0.036834148102000    -0.036443424425730
9 24
     0.019512427711010     0.011593091019192     0.009576503989990
     0.006031547265538    -0.000251152088602    -0.011916539398837
    -0.038273288039339     0.017500696732434     0.046681979501014
9 25
    -3.152436455095338    -0.000000000000000    -0.393809934606124
    -0.000000000000000    -1.162415373829441     0.000000000000000
    -0.356197014557374     0.000000000000000    -0.705329613231203
9 26
    -5.585483291112660    -0.000000000000000     1.369238478084322
    -0.000000000000000     0.046026619203030     0.000000000000000
     1.233103160373381     0.000000000000000    -0.301231412322540
9 27
    -0.144412912723080    -0.000000000000000     0.258632842066469
    -0.000000000000000    -0.091280621845202     0.000000000000000
    -0.172956142520203     0.000000000000000    -0.002184113329954
9 28
    -0.281805328287403     0.000000000000000    -0.319840122141422
    -0.000000000000000    -0.459437054253641     0.000000000000000
     0.078422188780299     0.000000000000000    -0.011662764395751
9 29
     0.012973990715634    -0.000000000000000    -0.064111570549321
    -0.000000000000000     0.004549047840805     0.000000000000000
     0.003012042958627     0.000000000000000     0.030918308497370
9 30
     0.028551122712377    -0.000000000000000    -0.088354097768395
    -0.000000000000000    -0.032416224398500     0.000000000000000
     0.003021718689960     0.000000000000000     0.103706920610394
9 31
    -0.000322901754661     0.000000000000000    -0.034780217559080
    -0.000000000000000    -0.004621684883362     0.000000000000000
     0.021559906599036    -0.000000000000000     0.032911667311528
9 32
     0.018251806414724     0.000000000000000    -0.073716487760012
    -0.000000000000000     0.030761125681664     0.000000000000000
     0.001416841604001     0.000000000000000     0.073458926805398
9 33
     0.128573015139577    -0.000000000000000    -0.025539408800972
    -0.000000000000000    -0.043562974235607     0.000000000000000
    -0.027807436786325    -0.000000000000000     0.036511381365588
9 34
    -0.363797317408260    -0.000000000000000    -0.626269021783452
    -0.000000000000000     0.069977955960947     0.000000000000000
    -0.805023232563528    -0.000000000000000    -1.409978939805793
9 35
    -0.005597589453034    -0.000000000000000    -0.062938146645636
    -0.000000000000000     0.092771360638978     0.000000000000000
     0.007462236826225    -0.000000000000000     0.025220994526375
9 36
    -0.032383986533564    -0.000000000000000    -0.027757274409182
    -0.000000000000000    -0.205042366996525     0.000000000000000
    -0.133973472959114    -0.000000000000000    -0.030430634579251
9 37
     0.011692413292459    -0.000000000000000    -0.008767702707944
    -0.000000000000000     0.012741290108440     0.000000000000000
    -0.002995532695940    -0.000000000000000    -0.025668332900466
9 38
     0.015949447802807    -0.000000000000000     0.045598720522192
    -0.000000000000000    -0.003510611141636     0.000000000000000
     0.016570765335835    -0.000000000000000    -0.008149694901251
9 39
    -0.008080363596076    -0.000000000000000     0.020280107941983
    -0.000000000000000    -0.004765858657921     0.000000000000000
     0.001684719354386    -0.000000000000000    -0.049960356136269
9 40
     0.011762374088709    -0.000000000000000    -0.002384040979134
    -0.000000000000000     0.023176403753788     0.000000000000000
     0.008899269576872    -0.000000000000000    -0.017516080555998
9 41
    -0.133602248014938     0.037879536436196    -0.024526868366172
     0.089815094890340    -0.601600511793370     0.462660655770134
    -0.033397983435041     0.502269928806135    -0.638313164626215
9 42
    -0.086497868104342     0.014864419680015     0.025922747332353
    -0.044434274620438    -0.021446831385803    -0.039485991259860
    -0.005324719182314     0.088433509685142     0.008415785206112
9 43
    -0.133602248014938    -0.037879536436196    -0.024526868366172
    -0.089815094890340    -0.601600511793370    -0.462660655770134
    -0.033397983435041    -0.502269928806135    -0.638313164626215
9 44
    -0.086497868104342    -0.014864419680015     0.025922747332353
     0.044434274620438    -0.021446831385803     0.039485991259860
    -0.005324719182314    -0.088433509685142     0.008415785206112
9 45
    -0.004648084096629     0.027074100899639     0.031895377474094
     0.007641554431362    -0.006786525214902    -0.054059176572874
     0.013824335237056    -0.050731036168782    -0.078688431292225
9 46
     0.014522333729875     0.027897949453233     0.032137419360889
    -0.006296004818285    -0.004339964016600    -0.004221859308836
     0.005433080203052     0.019434367684899     0.024175469335529
9 47
    -0.004648084096629    -0.027074100899639     0.031895377474094
    -0.007641554431362    -0.006786525214902     0.054059176572874
     0.013824335237056     0.050731036168782    -0.078688431292225
9 48
     0.014522333729875    -0.027897949453233     0.032137419360889
     0.006296004818285    -0.004339964016600     0.004221859308836
     0.005433080203052    -0.019434367684899     0.024175469335529
10 1
    -3.141252155006720    -1.944163501860445    -0.544282057156727
    -1.944163501860445    -5.548263498732839    -0.490671479739148
    -0.544282057156727    -0.490671479739148    -1.470965238704292
10 2
    -0.852333805563715     0.579609785573321     0.257396905766229
     0.579609785573321    -0.144184678388493    -0.060850013912850
     0.257396905766229    -0.060850013912850    -0.004750310785392
10 3
    -3.141252155006720     1.944163501860445    -0.544282057156727
     1.944163501860446    -5.548263498732839     0.490671479739148
    -0.544282057156727     0.490671479739148    -1.470965238704292
10 4
    -0.852333805563715    -0.579609785573321     0.257396905766229
    -0.579609785573322    -0.144184678388493     0.060850013912850
     0.257396905766229     0.060850013912850    -0.004750310785392
10 5
    -0.022398798135916     0.021225311352562     0.077237786116456
     0.021225311352562    -0.005503058455774     0.014203652910686
     0.077237786116456     0.014203652910686    -0.043287109707982
10 6
    -0.014052397155263     0.015018653848055     0.041008884422561
     0.015018653848055    -0.009745723581997     0.033084888113022
     0.041008884422561     0.033084888113022     0.037032235664814
10 7
    -0.022398798135916    -0.021225311352562     0.077237786116456
    -0.021225311352562    -0.005503058455774    -0.014203652910686
     0.077237786116456    -0.014203652910686    -0.043287109707982
10 8
    -0.014052397155263    -0.015018653848055     0.041008884422561
    -0.015018653848055    -0.009745723581997    -0.033084888113022
     0.041008884422561    -0.033084888113022     0.037032235664814
10 9
     0.818832402733980    -0.000000000000000    -0.133937724738000
    -0.000000000000000    -0.687045673846482     0.000000000000000
    -0.133937724738000     0.000000000000000    -0.369987084001482
10 10
    20.278622847240225    -0.000000000000000    -0.274849273296626
    -0.000000000000000    22.652843975863306    -0.000000000000000
    -0.274849273296626    -0.000000000000000     8.467711225607317
10 11
    -0.268132391616196     0.000000000000000    -0.101243677416584
    -0.000000000000000     0.227529810883570     0.000000000000000
    -0.101243677416584    -0.000000000000000    -0.031809793075357
10 12
     0.509358861957061     0.000000000000000     0.384821384110900
    -0.000000000000000    -3.039844131701003     0.000000000000000
     0.384821384110900    -0.000000000000000     0.061936577283701
10 13
    -0.009055828018251    -0.000000000000000    -0.033902919588483
    -0.000000000000000     0.009948279999986     0.000000000000000
    -0.033902919588483     0.000000000000000    -0.143199984261626
10 14
    -0.006807087787148    -0.000000000000000    -0.050479609561076
    -0.000000000000000    -0.021803406462252     0.000000000000000
    -0.050479609561076     0.000000000000000     0.019736364208555
10 15
    -0.004865954274912     0.000000000000000    -0.013409369976806
    -0.000000000000000     0.009888714315886     0.000000000000000
    -0.013409369976806    -0.000000000000000    -0.023530068426045
10 16
     0.018616076893953     0.000000000000000    -0.039032489586608
    -0.000000000000000     0.026636202057680     0.000000000000000
    -0.039032489586608    -0.000000000000000    -0.028412358991870
10 17
    -0.609321619544857    -0.439556369506594    -0.232023778807699
    -0.526173011261385    -0.126979329088243    -0.122398375377387
    -0.213341499915974    -0.076761746129555    -0.066933237947643
10 18
    -1.162748075864041     1.355430540390544     0.437406179844797
     1.367978454880139    -2.259724875825835    -0.496253371591387
     0.670920262526874    -0.902955807559603    -0.623455119868676
10 19
    -0.609321619544857     0.439556369506594    -0.232023778807699
     0.526173011261385    -0.126979329088243     0.122398375377387
    -0.213341499915974     0.076761746129555    -0.066933237947643
10 20
    -1.162748075864041    -1.355430540390544     0.437406179844797
    -1.367978454880139    -2.259724875825835     0.496253371591387
     0.670920262526874     0.902955807559603    -0.623455119868676
10 21
     0.019512427711010    -0.011593091019192     0.009576503989990
    -0.006031547265538    -0.000251152088602     0.011916539398837
    -0.038273288039339    -0.017500696732434     0.046681979501014
10 22
    -0.002181185619924    -0.007244192908818     0.036526678597726
    -0.024995087537923     0.003273746544206     0.004979534931886
    -0.038284875524260     0.036834148102000    -0.036443424425730
10 23
     0.019512427711010     0.011593091019192     0.009576503989990
     0.006031547265538    -0.000251152088602    -0.011916539398837
    -0.038273288039339     0.017500696732434     0.046681979501014
10 24
    -0.002181185619924     0.007244192908818     0.036526678597726
     0.024995087537923     0.003273746544206    -0.004979534931886
    -0.038284875524260    -0.036834148102000    -0.036443424425730
10 25
    -5.585483291112660    -0.000000000000000     1.369238478084322
     0.000000000000000     0.046026619203030     0.000000000000000
     1.233103160373381    -0.000000000000000    -0.301231412322540
10 26
    -3.152436455095338    -0.000000000000000    -0.393809934606124
     0.000000000000000    -1.162415373829441     0.000000000000000
    -0.356197014557374    -0.000000000000000    -0.705329613231203
10 27
    -0.281805328287403     0.000000000000000    -0.319840122141422
    -0.000000000000000    -0.459437054253641     0.000000000000000
     0.078422188780299    -0.000000000000000    -0.011662764395751
10 28
    -0.144412912723080     0.000000000000000     0.258632842066469
    -0.000000000000000    -0.091280621845202     0.000000000000000
    -0.172956142520203    -0.000000000000000    -0.002184113329954
10 29
     0.028551122712377    -0.000000000000000    -0.088354097768395
     0.000000000000000    -0.032416224398500     0.000000000000000
     0.003021718689960    -0.000000000000000     0.103706920610395
10 30
     0.012973990715634    -0.000000000000000    -0.064111570549321
     0.000000000000000     0.004549047840805     0.000000000000000
     0.003012042958627    -0.000000000000000     0.030918308497370
10 31
     0.018251806414724     0.000000000000000    -0.073716487760012
    -0.000000000000000     0.030761125681664     0.000000000000000
     0.001416841604001    -0.000000000000000     0.073458926805398
10 32
    -0.000322901754661     0.000000000000000    -0.034780217559080
    -0.000000000000000    -0.004621684883362     0.000000000000000
     0.021559906599036    -0.000000000000000     0.032911667311528
10 33
    -0.363797317408260     0.000000000000000    -0.626269021783452
    -0.000000000000000     0.069977955960947     0.000000000000000
    -0.805023232563528    -0.000000000000000    -1.409978939805793
10 34
     0.128573015139577     0.000000000000000    -0.025539408800972
    -0.000000000000000    -0.043562974235607     0.000000000000000
    -0.027807436786325    -0.000000000000000     0.036511381365588
10 35
    -0.032383986533563     0.000000000000000    -0.027757274409182
    -0.000000000000000    -0.205042366996525     0.000000000000000
    -0.133973472959114    -0.000000000000000    -0.030430634579251
10 36
    -0.005597589453034     0.000000000000000    -0.062938146645636
    -0.000000000000000     0.092771360638978     0.000000000000000
     0.007462236826225    -0.000000000000000     0.025220994526375
10 37
     0.015949447802807     0.000000000000000     0.045598720522192
    -0.000000000000000    -0.003510611141635     0.000000000000000
     0.016570765335835    -0.000000000000000    -0.008149694901251
10 38
     0.011692413292459     0.000000000000000    -0.008767702707944
    -0.000000000000000     0.012741290108440     0.000000000000000
    -0.002995532695940    -0.000000000000000    -0.025668332900466
10 39
     0.011762374088709     0.000000000000000    -0.002384040979134
    -0.000000000000000     0.023176403753788     0.000000000000000
     0.008899269576872    -0.000000000000000    -0.017516080555998
10 40
    -0.008080363596076     0.000000000000000     0.020280107941983
    -0.000000000000000    -0.004765858657921     0.000000000000000
     0.001684719354386    -0.000000000000000    -0.049960356136269
10 41
    -0.086497868104342     0.014864419680015     0.025922747332353
    -0.044434274620438    -0.021446831385803    -0.039485991259860
    -0.005324719182314     0.088433509685142     0.008415785206112
10 42
    -0.133602248014938     0.037879536436196    -0.024526868366172
     0.089815094890340    -0.601600511793370     0.462660655770134
    -0.033397983435041     0.502269928806135    -0.638313164626215
10 43
    -0.086497868104342    -0.014864419680015     0.025922747332353
     0.044434274620438    -0.021446831385803     0.039485991259860
    -0.005324719182314    -0.088433509685142     0.008415785206112
10 44
    -0.133602248014938    -0.037879536436196    -0.024526868366172
    -0.089815094890340    -0.601600511793370    -0.462660655770134
    -0.033397983435041    -0.502269928806135    -0.638313164626215
10 45
     0.014522333729875     0.027897949453233     0.032137419360889
    -0.006296004818285    -0.004339964016600    -0.004221859308836
     0.005433080203052     0.019434367684899     0.024175469335529
10 46
    -0.004648084096629     0.027074100899639     0.031895377474094
     0.007641554431362    -0.006786525214902    -0.054059176572874
     0.013824335237056    -0.050731036168782    -0.078688431292225
10 47
     0.014522333729875    -0.027897949453233     0.032137419360889
     0.006296004818285    -0.004339964016600     0.004221859308836
     0.005433080203052    -0.019434367684899     0.024175469335529
10 48
    -0.004648084096629    -0.027074100899639     0.031895377474094
    -0.007641554431362    -0.006786525214902     0.054059176572874
     0.013824335237056     0.050731036168782    -0.078688431292225
11 1
    -0.852333805563715    -0.579609785573322     0.257396905766229
    -0.579609785573321    -0.144184678388493     0.060850013912850
     0.257396905766229     0.060850013912850    -0.004750310785392
11 2
    -3.141252155006720     1.944163501860446    -0.544282057156727
     1.944163501860445    -5.548263498732839     0.490671479739148
    -0.544282057156727     0.490671479739148    -1.470965238704292
11 3
    -0.852333805563715     0.579609785573322     0.257396905766229
     0.579609785573322    -0.144184678388493    -0.060850013912850
     0.257396905766229    -0.060850013912850    -0.004750310785392
11 4
    -3.141252155006720    -1.944163501860446    -0.544282057156727
    -1.944163501860446    -5.548263498732839    -0.490671479739148
    -0.544282057156727    -0.490671479739148    -1.470965238704292
11 5
    -0.014052397155263    -0.015018653848055     0.041008884422561
    -0.015018653848055    -0.009745723581997    -0.033084888113022
     0.041008884422561    -0.033084888113022     0.037032235664814
11 6
    -0.022398798135916    -0.021225311352562     0.077237786116456
    -0.021225311352562    -0.005503058455774    -0.014203652910686
     0.077237786116456    -0.014203652910686    -0.043287109707982
11 7
    -0.014052397155263     0.015018653848055     0.041008884422561
     0.015018653848055    -0.009745723581997     0.033084888113022
     0.041008884422561     0.033084888113022     0.037032235664814
11 8
    -0.022398798135916     0.021225311352562     0.077237786116456
     0.021225311352562    -0.005503058455774     0.014203652910686
     0.077237786116456     0.014203652910686    -0.043287109707982
11 9
     0.509358861957061    -0.000000000000000     0.384821384110900
     0.000000000000000    -3.039844131701003    -0.000000000000000
     0.384821384110900     0.000000000000000     0.061936577283701
11 10
    -0.268132391616196    -0.000000000000000    -0.101243677416584
     0.000000000000000     0.227529810883570    -0.000000000000000
    -0.101243677416584     0.000000000000000    -0.031809793075357
11 11
    20.278622847240225     0.000000000000000    -0.274849273296626
     0.000000000000000    22.652843975863302    -0.000000000000000
    -0.274849273296626    -0.000000000000000     8.467711225607319
11 12
     0.818832402733980    -0.000000000000000    -0.133937724738000
     0.000000000000000    -0.687045673846482    -0.000000000000000
    -0.133937724738000    -0.000000000000000    -0.369987084001482
11 13
     0.018616076893953    -0.000000000000000    -0.039032489586608
     0.000000000000000     0.026636202057680    -0.000000000000000
    -0.039032489586608     0.000000000000000    -0.028412358991870
11 14
    -0.004865954274912    -0.000000000000000    -0.013409369976806
     0.000000000000000     0.009888714315886    -0.000000000000000
    -0.013409369976806     0.000000000000000    -0.023530068426045
11 15
    -0.006807087787148     0.000000000000000    -0.050479609561076
     0.000000000000000    -0.021803406462252    -0.000000000000000
    -0.050479609561076    -0.000000000000000     0.019736364208555
11 16
    -0.009055828018251    -0.000000000000000    -0.033902919588483
     0.000000000000000     0.009948279999986    -0.000000000000000
    -0.033902919588483    -0.000000000000000    -0.143199984261626
11 17
    -1.162748075864041    -1.355430540390544     0.437406179844797
    -1.367978454880139    -2.259724875825835     0.496253371591387
     0.670920262526874     0.902955807559603    -0.623455119868676
11 18
    -0.609321619544857     0.439556369506594    -0.232023778807699
     0.526173011261385    -0.126979329088243     0.122398375377387
    -0.213341499915974     0.076761746129555    -0.066933237947643
11 19
    -1.162748075864041     1.355430540390544     0.437406179844797
     1.367978454880139    -2.259724875825835    -0.496253371591387
     0.670920262526874    -0.902955807559603    -0.623455119868676
11 20
    -0.609321619544857    -0.439556369506594    -0.232023778807699
    -0.526173011261385    -0.126979329088243    -0.122398375377387
    -0.213341499915974    -0.076761746129555    -0.066933237947643
11 21
    -0.002181185619924     0.007244192908818     0.036526678597726
     0.024995087537923     0.003273746544206    -0.004979534931886
    -0.038284875524260    -0.036834148102000    -0.036443424425730
11 22
     0.019512427711010     0.011593091019192     0.009576503989990
     0.006031547265538    -0.000251152088602    -0.011916539398837
    -0.038273288039339     0.017500696732434     0.046681979501014
11 23
    -0.002181185619924    -0.007244192908818     0.036526678597726
    -0.024995087537923     0.003273746544206     0.004979534931886
    -0.038284875524260     0.036834148102000    -0.036443424425730
11 24
     0.019512427711010    -0.011593091019192     0.009576503989990
    -0.006031547265538    -0.000251152088602     0.011916539398837
    -0.038273288039339    -0.017500696732434     0.046681979501014
11 25
    -0.144412912723080    -0.000000000000000     0.258632842066469
     0.000000000000000    -0.091280621845202    -0.000000000000000
    -0.172956142520203    -0.000000000000000    -0.002184113329954
11 26
    -0.281805328287403    -0.000000000000000    -0.319840122141422
     0.000000000000000    -0.459437054253641    -0.000000000000000
     0.078422188780299    -0.000000000000000    -0.011662764395751
11 27
    -3.152436455095338     0.000000000000000    -0.393809934606124
     0.000000000000000    -1.162415373829441    -0.000000000000000
    -0.356197014557374    -0.000000000000000    -0.705329613231203
11 28
    -5.585483291112660     0.000000000000000     1.369238478084322
     0.000000000000000     0.046026619203030    -0.000000000000000
     1.233103160373381    -0.000000000000000    -0.301231412322540
11 29
    -0.000322901754661    -0.000000000000000    -0.034780217559080
     0.000000000000000    -0.004621684883362    -0.000000000000000
     0.021559906599036    -0.000000000000000     0.032911667311528
11 30
     0.018251806414724    -0.000000000000000    -0.073716487760012
     0.000000000000000     0.030761125681664    -0.000000000000000
     0.001416841604001    -0.000000000000000     0.073458926805398
11 31
     0.012973990715634     0.000000000000000    -0.064111570549321
     0.000000000000000     0.004549047840805    -0.000000000000000
     0.003012042958627    -0.000000000000000     0.030918308497370
11 32
     0.028551122712377     0.000000000000000    -0.088354097768395
     0.000000000000000    -0.032416224398500    -0.000000000000000
     0.003021718689960    -0.000000000000000     0.103706920610394
11 33
    -0.005597589453034    -0.000000000000000    -0.062938146645636
     0.000000000000000     0.092771360638978    -0.000000000000000
     0.007462236826225    -0.000000000000000     0.025220994526375
11 34
    -0.032383986533563    -0.000000000000000    -0.027757274409182
     0.000000000000000    -0.205042366996525    -0.000000000000000
    -0.133973472959114    -0.000000000000000    -0.030430634579251
11 35
     0.128573015139577    -0.000000000000000    -0.025539408800972
     0.000000000000000    -0.043562974235607    -0.000000000000000
    -0.027807436786325    -0.000000000000000     0.036511381365588
11 36
    -0.363797317408260    -0.000000000000000    -0.626269021783452
     0.000000000000000     0.069977955960947    -0.000000000000000
    -0.805023232563528    -0.000000000000000    -1.409978939805793
11 37
    -0.008080363596076    -0.000000000000000     0.020280107941983
     0.000000000000000    -0.004765858657921    -0.000000000000000
     0.001684719354386    -0.000000000000000    -0.049960356136269
11 38
     0.011762374088709    -0.000000000000000    -0.002384040979134
     0.000000000000000     0.023176403753788    -0.000000000000000
     0.008899269576872    -0.000000000000000    -0.017516080555998
11 39
     0.011692413292460    -0.000000000000000    -0.008767702707944
     0.000000000000000     0.012741290108440    -0.000000000000000
    -0.002995532695940    -0.000000000000000    -0.025668332900466
11 40
     0.015949447802807    -0.000000000000000     0.045598720522192
     0.000000000000000    -0.003510611141635    -0.000000000000000
     0.016570765335835    -0.000000000000000    -0.008149694901251
11 41
    -0.133602248014938    -0.037879536436196    -0.024526868366172
    -0.089815094890340    -0.601600511793370    -0.462660655770134
    -0.033397983435041    -0.502269928806135    -0.638313164626215
11 42
    -0.086497868104342    -0.014864419680015     0.025922747332353
     0.044434274620438    -0.021446831385803     0.039485991259860
    -0.005324719182314    -0.088433509685142     0.008415785206112
11 43
    -0.133602248014938     0.037879536436196    -0.024526868366172
     0.089815094890340    -0.601600511793370     0.462660655770134
    -0.033397983435041     0.502269928806135    -0.638313164626215
11 44
    -0.086497868104342     0.014864419680015     0.025922747332353
    -0.044434274620438    -0.021446831385803    -0.039485991259860
    -0.005324719182314     0.088433509685142     0.008415785206112
11 45
    -0.004648084096629    -0.027074100899639     0.031895377474094
    -0.007641554431362    -0.006786525214902     0.054059176572874
     0.013824335237056     0.050731036168782    -0.078688431292225
11 46
     0.014522333729875    -0.027897949453233     0.032137419360889
     0.006296004818285    -0.004339964016600     0.004221859308836
     0.005433080203052    -0.019434367684899     0.024175469335529
11 47
    -0.004648084096629     0.027074100899639     0.031895377474094
     0.007641554431362    -0.006786525214902    -0.054059176572874
     0.013824335237056    -0.050731036168782    -0.078688431292225
11 48
     0.014522333729875     0.027897949453233     0.032137419360889
    -0.006296004818285    -0.004339964016600    -0.004221859308836
     0.005433080203052     0.019434367684899     0.024175469335529
12 1
    -3.141252155006720     1.944163501860446    -0.544282057156727
     1.944163501860445    -5.548263498732839     0.490671479739148
    -0.544282057156727     0.490671479739148    -1.470965238704292
12 2
    -0.852333805563715    -0.579609785573322     0.257396905766229
    -0.579609785573321    -0.144184678388493     0.060850013912850
     0.257396905766229     0.060850013912850    -0.004750310785392
12 3
    -3.141252155006720    -1.944163501860446    -0.544282057156727
    -1.944163501860446    -5.548263498732839    -0.490671479739148
    -0.544282057156727    -0.490671479739148    -1.470965238704292
12 4
    -0.852333805563715     0.579609785573322     0.257396905766229
     0.579609785573322    -0.144184678388493    -0.060850013912850
     0.257396905766229    -0.060850013912850    -0.004750310785392
12 5
    -0.022398798135916    -0.021225311352562     0.077237786116456
    -0.021225311352562    -0.005503058455774    -0.014203652910686
     0.077237786116456    -0.014203652910686    -0.043287109707982
12 6
    -0.014052397155263    -0.015018653848055     0.041008884422561
    -0.015018653848055    -0.009745723581997    -0.033084888113022
     0.041008884422561    -0.033084888113022     0.037032235664814
12 7
    -0.022398798135916     0.021225311352562     0.077237786116456
     0.021225311352562    -0.005503058455774     0.014203652910686
     0.077237786116456     0.014203652910686    -0.043287109707982
12 8
    -0.014052397155263     0.015018653848055     0.041008884422561
     0.015018653848055    -0.009745723581997     0.033084888113022
     0.041008884422561     0.033084888113022     0.037032235664814
12 9
    -0.268132391616196    -0.000000000000000    -0.101243677416584
    -0.000000000000000     0.227529810883570    -0.000000000000000
    -0.101243677416584     0.000000000000000    -0.031809793075357
12 10
     0.509358861957061    -0.000000000000000     0.384821384110900
     0.000000000000000    -3.039844131701003    -0.000000000000000
     0.384821384110900     0.000000000000000     0.061936577283701
12 11
     0.818832402733980     0.000000000000000    -0.133937724738000
    -0.000000000000000    -0.687045673846482    -0.000000000000000
    -0.133937724738000    -0.000000000000000    -0.369987084001482
12 12
    20.278622847240225     0.000000000000000    -0.274849273296626
     0.000000000000000    22.652843975863298     0.000000000000000
    -0.274849273296626     0.000000000000000     8.467711225607319
12 13
    -0.004865954274912    -0.000000000000000    -0.013409369976806
    -0.000000000000000     0.009888714315886    -0.000000000000000
    -0.013409369976806     0.000000000000000    -0.023530068426045
12 14
     0.018616076893953    -0.000000000000000    -0.039032489586608
     0.000000000000000     0.026636202057680    -0.000000000000000
    -0.039032489586608     0.000000000000000    -0.028412358991870
12 15
    -0.009055828018251     0.000000000000000    -0.033902919588483
    -0.000000000000000     0.009948279999986    -0.000000000000000
    -0.033902919588483    -0.000000000000000    -0.143199984261626
12 16
    -0.006807087787148     0.000000000000000    -0.050479609561076
     0.000000000000000    -0.021803406462252    -0.000000000000000
    -0.050479609561076    -0.000000000000000     0.019736364208555
12 17
    -0.609321619544857     0.439556369506594    -0.232023778807699
     0.526173011261385    -0.126979329088243     0.122398375377387
    -0.213341499915974     0.076761746129555    -0.066933237947643
12 18
    -1.162748075864041    -1.355430540390544     0.437406179844797
    -1.367978454880139    -2.259724875825835     0.496253371591387
     0.670920262526874     0.902955807559603    -0.623455119868676
12 19
    -0.609321619544857    -0.439556369506594    -0.232023778807699
    -0.526173011261385    -0.126979329088243    -0.122398375377387
    -0.213341499915974    -0.076761746129555    -0.066933237947643
12 20
    -1.162748075864041     1.355430540390544     0.437406179844797
     1.367978454880139    -2.259724875825835    -0.496253371591387
     0.670920262526874    -0.902955807559603    -0.623455119868676
12 21
     0.019512427711010     0.011593091019192     0.009576503989990
     0.006031547265538    -0.000251152088602    -0.011916539398837
    -0.038273288039339     0.017500696732434     0.046681979501014
12 22
    -0.002181185619924     0.007244192908818     0.036526678597726
     0.024995087537923     0.003273746544206    -0.004979534931886
    -0.038284875524260    -0.036834148102000    -0.036443424425730
12 23
     0.019512427711010    -0.011593091019192     0.009576503989990
    -0.006031547265538    -0.000251152088602     0.011916539398837
    -0.038273288039339    -0.017500696732434     0.046681979501014
12 24
    -0.002181185619924    -0.007244192908818     0.036526678597726
    -0.024995087537923     0.003273746544206     0.004979534931886
    -0.038284875524260     0.036834148102000    -0.036443424425730
12 25
    -0.281805328287403    -0.000000000000000    -0.319840122141422
     0.000000000000000    -0.459437054253641    -0.000000000000000
     0.078422188780299    -0.000000000000000    -0.011662764395751
12 26
    -0.144412912723080    -0.000000000000000     0.258632842066469
     0.000000000000000    -0.091280621845202    -0.000000000000000
    -0.172956142520203    -0.000000000000000    -0.002184113329954
12 27
    -5.585483291112660     0.000000000000000     1.369238478084322
    -0.000000000000000     0.046026619203030    -0.000000000000000
     1.233103160373381    -0.000000000000000    -0.301231412322540
12 28
    -3.152436455095338     0.000000000000000    -0.393809934606124
    -0.000000000000000    -1.162415373829441    -0.000000000000000
    -0.356197014557374    -0.000000000000000    -0.705329613231203
12 29
     0.018251806414724    -0.000000000000000    -0.073716487760012
     0.000000000000000     0.030761125681664    -0.000000000000000
     0.001416841604001    -0.000000000000000     0.073458926805398
12 30
    -0.000322901754661    -0.000000000000000    -0.034780217559080
     0.000000000000000    -0.004621684883362    -0.000000000000000
     0.021559906599036    -0.000000000000000     0.032911667311528
12 31
     0.028551122712377     0.000000000000000    -0.088354097768395
    -0.000000000000000    -0.032416224398500    -0.000000000000000
     0.003021718689960    -0.000000000000000     0.103706920610394
12 32
     0.012973990715634     0.000000000000000    -0.064111570549321
    -0.000000000000000     0.004549047840805    -0.000000000000000
     0.003012042958627    -0.000000000000000     0.030918308497370
12 33
    -0.032383986533563     0.000000000000000    -0.027757274409182
     0.000000000000000    -0.205042366996525    -0.000000000000000
    -0.133973472959114    -0.000000000000000    -0.030430634579251
12 34
    -0.005597589453034     0.000000000000000    -0.062938146645636
     0.000000000000000     0.092771360638978    -0.000000000000000
     0.007462236826225    -0.000000000000000     0.025220994526375
12 35
    -0.363797317408260     0.000000000000000    -0.626269021783452
     0.000000000000000     0.069977955960947    -0.000000000000000
    -0.805023232563528    -0.000000000000000    -1.409978939805793
12 36
     0.128573015139577     0.000000000000000    -0.025539408800972
     0.000000000000000    -0.043562974235607    -0.000000000000000
    -0.027807436786325    -0.000000000000000     0.036511381365588
12 37
     0.011762374088709     0.000000000000000    -0.002384040979134
     0.000000000000000     0.023176403753788    -0.000000000000000
     0.008899269576872    -0.000000000000000    -0.017516080555998
12 38
    -0.008080363596076     0.000000000000000     0.020280107941983
     0.000000000000000    -0.004765858657921    -0.000000000000000
     0.001684719354386    -0.000000000000000    -0.049960356136269
12 39
     0.015949447802807     0.000000000000000     0.045598720522192
     0.000000000000000    -0.003510611141636    -0.000000000000000
     0.016570765335835    -0.000000000000000    -0.008149694901251
12 40
     0.011692413292460     0.000000000000000    -0.008767702707944
     0.000000000000000     0.012741290108440    -0.000000000000000
    -0.002995532695940    -0.000000000000000    -0.025668332900466
12 41
    -0.086497868104342    -0.014864419680015     0.025922747332353
     0.044434274620438    -0.021446831385803     0.039485991259860
    -0.005324719182314    -0.088433509685142     0.008415785206112
12 42
    -0.133602248014938    -0.037879536436196    -0.024526868366172
    -0.089815094890340    -0.601600511793370    -0.462660655770134
    -0.033397983435041    -0.502269928806135    -0.638313164626215
12 43
    -0.086497868104342     0.014864419680015     0.025922747332353
    -0.044434274620438    -0.021446831385803    -0.039485991259860
    -0.005324719182314     0.088433509685142     0.008415785206112
12 44
    -0.133602248014938     0.037879536436196    -0.024526868366172
     0.089815094890340    -0.601600511793370     0.462660655770134
    -0.033397983435041     0.502269928806135    -0.638313164626215
12 45
     0.014522333729875    -0.027897949453233     0.032137419360889
     0.006296004818285    -0.004339964016600     0.004221859308836
     0.005433080203052    -0.019434367684899     0.024175469335529
12 46
    -0.004648084096629    -0.027074100899639     0.031895377474094
    -0.007641554431362    -0.006786525214902     0.054059176572874
     0.013824335237056     0.050731036168782    -0.078688431292225
12 47
     0.014522333729875     0.027897949453233     0.032137419360889
    -0.006296004818285    -0.004339964016600    -0.004221859308836
     0.005433080203052     0.019434367684899     0.024175469335529
12 48
    -0.004648084096629     0.027074100899639     0.031895377474094
     0.007641554431362    -0.006786525214902    -0.054059176572874
     0.013824335237056    -0.050731036168782    -0.078688431292225
13 1
    -0.014052397155263     0.015018653848055     0.041008884422561
     0.015018653848055    -0.009745723581997     0.033084888113022
     0.041008884422561     0.033084888113022     0.037032235664814
13 2
    -0.022398798135916     0.021225311352562     0.077237786116456
     0.021225311352562    -0.005503058455774     0.014203652910686
     0.077237786116456     0.014203652910686    -0.043287109707982
13 3
    -0.014052397155263    -0.015018653848055     0.041008884422561
    -0.015018653848055    -0.009745723581997    -0.033084888113022
     0.041008884422561    -0.033084888113022     0.037032235664814
13 4
    -0.022398798135916    -0.021225311352562     0.077237786116456
    -0.021225311352562    -0.005503058455774    -0.014203652910686
     0.077237786116456    -0.014203652910686    -0.043287109707982
13 5
    -0.852333805563715     0.579609785573321     0.257396905766229
     0.579609785573321    -0.144184678388493    -0.060850013912850
     0.257396905766229    -0.060850013912850    -0.004750310785392
13 6
    -3.141252155006720    -1.944163501860445    -0.544282057156727
    -1.944163501860445    -5.548263498732839    -0.490671479739148
    -0.544282057156727    -0.490671479739148    -1.470965238704292
13 7
    -0.852333805563715    -0.579609785573321     0.257396905766229
    -0.579609785573322    -0.144184678388493     0.060850013912850
     0.257396905766229     0.060850013912850    -0.004750310785392
13 8
    -3.141252155006720     1.944163501860445    -0.544282057156727
     1.944163501860446    -5.548263498732839     0.490671479739148
    -0.544282057156727     0.490671479739148    -1.470965238704292
13 9
    -0.006807087787148    -0.000000000000000    -0.050479609561076
    -0.000000000000000    -0.021803406462252     0.000000000000000
    -0.050479609561076     0.000000000000000     0.019736364208555
13 10
    -0.009055828018251    -0.000000000000000    -0.033902919588483
    -0.000000000000000     0.009948279999986     0.000000000000000
    -0.033902919588483     0.000000000000000    -0.143199984261626
13 11
     0.018616076893953     0.000000000000000    -0.039032489586608
    -0.000000000000000     0.026636202057680     0.000000000000000
    -0.039032489586608    -0.000000000000000    -0.028412358991870
13 12
    -0.004865954274912    -0.000000000000000    -0.013409369976806
    -0.000000000000000     0.009888714315886     0.000000000000000
    -0.013409369976806    -0.000000000000000    -0.023530068426045
13 13
    20.278622847240221    -0.000000000000000    -0.274849273296626
    -0.000000000000000    22.652843975863306     0.000000000000000
    -0.274849273296626     0.000000000000000     8.467711225607321
13 14
     0.818832402733980    -0.000000000000000    -0.133937724738000
    -0.000000000000000    -0.687045673846482     0.000000000000000
    -0.133937724738000     0.000000000000000    -0.369987084001482
13 15
     0.509358861957061     0.000000000000000     0.384821384110900
    -0.000000000000000    -3.039844131701003     0.000000000000000
     0.384821384110900    -0.000000000000000     0.061936577283701
13 16
    -0.268132391616196    -0.000000000000000    -0.101243677416584
    -0.000000000000000     0.227529810883570     0.000000000000000
    -0.101243677416584    -0.000000000000000    -0.031809793075357
13 17
    -0.002181185619924    -0.007244192908818     0.036526678597726
    -0.024995087537923     0.003273746544206     0.004979534931886
    -0.038284875524260     0.036834148102000    -0.036443424425730
13 18
     0.019512427711010    -0.011593091019192     0.009576503989990
    -0.006031547265538    -0.000251152088602     0.011916539398837
    -0.038273288039339    -0.017500696732434     0.046681979501014
13 19
    -0.002181185619924     0.007244192908818     0.036526678597726
     0.024995087537923     0.003273746544206    -0.004979534931886
    -0.038284875524260    -0.036834148102000    -0.036443424425730
13 20
     0.019512427711010     0.011593091019192     0.009576503989990
     0.006031547265538    -0.000251152088602    -0.011916539398837
    -0.038273288039339     0.017500696732434     0.046681979501014
13 21
    -1.162748075864041     1.355430540390544     0.437406179844797
     1.367978454880139    -2.259724875825835    -0.496253371591387
     0.670920262526874    -0.902955807559603    -0.623455119868676
13 22
    -0.609321619544857    -0.439556369506594    -0.232023778807699
    -0.526173011261385    -0.126979329088243    -0.122398375377387
    -0.213341499915974    -0.076761746129555    -0.066933237947643
13 23
    -1.162748075864041    -1.355430540390544     0.437406179844797
    -1.367978454880139    -2.259724875825835     0.496253371591387
     0.670920262526874     0.902955807559603    -0.623455119868676
13 24
    -0.609321619544857     0.439556369506594    -0.232023778807699
     0.526173011261385    -0.126979329088243     0.122398375377387
    -0.213341499915974     0.076761746129555    -0.066933237947643
13 25
     0.012973990715634    -0.000000000000000    -0.064111570549321
    -0.000000000000000     0.004549047840805     0.000000000000000
     0.003012042958627    -0.000000000000000     0.030918308497370
13 26
     0.028551122712377    -0.000000000000000    -0.088354097768395
    -0.000000000000000    -0.032416224398500     0.000000000000000
     0.003021718689960    -0.000000000000000     0.103706920610394
13 27
    -0.000322901754661    -0.000000000000000    -0.034780217559080
    -0.000000000000000    -0.004621684883362     0.000000000000000
     0.021559906599036    -0.000000000000000     0.032911667311528
13 28
     0.018251806414724     0.000000000000000    -0.073716487760012
    -0.000000000000000     0.030761125681664     0.000000000000000
     0.001416841604001    -0.000000000000000     0.073458926805398
13 29
    -3.152436455095338    -0.000000000000000    -0.393809934606124
    -0.000000000000000    -1.162415373829441     0.000000000000000
    -0.356197014557374    -0.000000000000000    -0.705329613231203
13 30
    -5.585483291112660    -0.000000000000000     1.369238478084322
    -0.000000000000000     0.046026619203030     0.000000000000000
     1.233103160373381    -0.000000000000000    -0.301231412322540
13 31
    -0.144412912723080     0.000000000000000     0.258632842066469
    -0.000000000000000    -0.091280621845202     0.000000000000000
    -0.172956142520203    -0.000000000000000    -0.002184113329954
13 32
    -0.281805328287403     0.000000000000000    -0.319840122141422
    -0.000000000000000    -0.459437054253641     0.000000000000000
     0.078422188780299    -0.000000000000000    -0.011662764395751
13 33
     0.011692413292459    -0.000000000000000    -0.008767702707944
    -0.000000000000000     0.012741290108440     0.000000000000000
    -0.002995532695940    -0.000000000000000    -0.025668332900466
13 34
     0.015949447802807    -0.000000000000000     0.045598720522192
    -0.000000000000000    -0.003510611141636     0.000000000000000
     0.016570765335835    -0.000000000000000    -0.008149694901251
13 35
    -0.008080363596076    -0.000000000000000     0.020280107941983
    -0.000000000000000    -0.004765858657921     0.000000000000000
     0.001684719354386    -0.000000000000000    -0.049960356136269
13 36
     0.011762374088709    -0.000000000000000    -0.002384040979134
    -0.000000000000000     0.023176403753788     0.000000000000000
     0.008899269576872    -0.000000000000000    -0.017516080555998
13 37
     0.128573015139577    -0.000000000000000    -0.025539408800972
    -0.000000000000000    -0.043562974235607     0.000000000000000
    -0.027807436786325    -0.000000000000000     0.036511381365588
13 38
    -0.363797317408260    -0.000000000000000    -0.626269021783452
    -0.000000000000000     0.069977955960947     0.000000000000000
    -0.805023232563528    -0.000000000000000    -1.409978939805793
13 39
    -0.005597589453034    -0.000000000000000    -0.062938146645636
    -0.000000000000000     0.092771360638978     0.000000000000000
     0.007462236826225    -0.000000000000000     0.025220994526375
13 40
    -0.032383986533563    -0.000000000000000    -0.027757274409182
    -0.000000000000000    -0.205042366996525     0.000000000000000
    -0.133973472959114    -0.000000000000000    -0.030430634579251
13 41
    -0.004648084096629     0.027074100899639     0.031895377474094
     0.007641554431362    -0.006786525214902    -0.054059176572874
     0.013824335237056    -0.050731036168782    -0.078688431292225
13 42
     0.014522333729875     0.027897949453233     0.032137419360889
    -0.006296004818285    -0.004339964016600    -0.004221859308836
     0.005433080203052     0.019434367684899     0.024175469335529
13 43
    -0.004648084096629    -0.027074100899639     0.031895377474094
    -0.007641554431362    -0.006786525214902     0.054059176572874
     0.013824335237056     0.050731036168782    -0.078688431292225
13 44
     0.014522333729875    -0.027897949453233     0.032137419360889
     0.006296004818285    -0.004339964016600     0.004221859308836
     0.005433080203052    -0.019434367684899     0.024175469335529
13 45
    -0.133602248014938     0.037879536436196    -0.024526868366172
     0.089815094890340    -0.601600511793371     0.462660655770134
    -0.033397983435041     0.502269928806135    -0.638313164626215
13 46
    -0.086497868104342     0.014864419680015     0.025922747332353
    -0.044434274620438    -0.021446831385803    -0.039485991259860
    -0.005324719182314     0.088433509685142     0.008415785206112
13 47
    -0.133602248014938    -0.037879536436196    -0.024526868366172
    -0.089815094890340    -0.601600511793371    -0.462660655770134
    -0.033397983435041    -0.502269928806135    -0.638313164626215
13 48
    -0.086497868104342    -0.014864419680015     0.025922747332353
     0.044434274620438    -0.021446831385803     0.039485991259860
    -0.005324719182314    -0.088433509685142     0.008415785206112
14 1
    -0.022398798135916     0.021225311352562     0.077237786116456
     0.021225311352562    -0.005503058455774     0.014203652910686
     0.077237786116456     0.014203652910686    -0.043287109707982
14 2
    -0.014052397155263     0.015018653848055     0.041008884422561
     0.015018653848055    -0.009745723581997     0.033084888113022
     0.041008884422561     0.033084888113022     0.037032235664814
14 3
    -0.022398798135916    -0.021225311352562     0.077237786116456
    -0.021225311352562    -0.005503058455774    -0.014203652910686
     0.077237786116456    -0.014203652910686    -0.043287109707982
14 4
    -0.014052397155263    -0.015018653848055     0.041008884422561
    -0.015018653848055    -0.009745723581997    -0.033084888113022
     0.041008884422561    -0.033084888113022     0.037032235664814
14 5
    -3.141252155006720    -1.944163501860445    -0.544282057156727
    -1.944163501860445    -5.548263498732839    -0.490671479739148
    -0.544282057156727    -0.490671479739148    -1.470965238704292
14 6
    -0.852333805563715     0.579609785573321     0.257396905766229
     0.579609785573321    -0.144184678388493    -0.060850013912850
     0.257396905766229    -0.060850013912850    -0.004750310785392
14 7
    -3.141252155006720     1.944163501860445    -0.544282057156727
     1.944163501860446    -5.548263498732839     0.490671479739148
    -0.544282057156727     0.490671479739148    -1.470965238704292
14 8
    -0.852333805563715    -0.579609785573321     0.257396905766229
    -0.579609785573322    -0.144184678388493     0.060850013912850
     0.257396905766229     0.060850013912850    -0.004750310785392
14 9
    -0.009055828018251    -0.000000000000000    -0.033902919588483
    -0.000000000000000     0.009948279999986     0.000000000000000
    -0.033902919588483     0.000000000000000    -0.143199984261626
14 10
    -0.006807087787148    -0.000000000000000    -0.050479609561076
    -0.000000000000000    -0.021803406462252     0.000000000000000
    -0.050479609561076     0.000000000000000     0.019736364208555
14 11
    -0.004865954274912     0.000000000000000    -0.013409369976806
    -0.000000000000000     0.009888714315886     0.000000000000000
    -0.013409369976806    -0.000000000000000    -0.023530068426045
14 12
     0.018616076893953     0.000000000000000    -0.039032489586608
    -0.000000000000000     0.026636202057680     0.000000000000000
    -0.039032489586608    -0.000000000000000    -0.028412358991870
14 13
     0.818832402733980    -0.000000000000000    -0.133937724738000
    -0.000000000000000    -0.687045673846482     0.000000000000000
    -0.133937724738000     0.000000000000000    -0.369987084001482
14 14
    20.278622847240221    -0.000000000000000    -0.274849273296625
    -0.000000000000000    22.652843975863302    -0.000000000000000
    -0.274849273296625    -0.000000000000000     8.467711225607321
14 15
    -0.268132391616196     0.000000000000000    -0.101243677416584
    -0.000000000000000     0.227529810883570     0.000000000000000
    -0.101243677416584    -0.000000000000000    -0.031809793075357
14 16
     0.509358861957061     0.000000000000000     0.384821384110900
    -0.000000000000000    -3.039844131701003     0.000000000000000
     0.384821384110900    -0.000000000000000     0.061936577283701
14 17
     0.019512427711010    -0.011593091019192     0.009576503989990
    -0.006031547265538    -0.000251152088602     0.011916539398837
    -0.038273288039339    -0.017500696732434     0.046681979501014
14 18
    -0.002181185619924    -0.007244192908818     0.036526678597726
    -0.024995087537923     0.003273746544206     0.004979534931886
    -0.038284875524260     0.036834148102000    -0.036443424425730
14 19
     0.019512427711010     0.011593091019192     0.009576503989990
     0.006031547265538    -0.000251152088602    -0.011916539398837
    -0.038273288039339     0.017500696732434     0.046681979501014
14 20
    -0.002181185619924     0.007244192908818     0.036526678597726
     0.024995087537923     0.003273746544206    -0.004979534931886
    -0.038284875524260    -0.036834148102000    -0.036443424425730
14 21
    -0.609321619544857    -0.439556369506594    -0.232023778807699
    -0.526173011261385    -0.126979329088243    -0.122398375377387
    -0.213341499915974    -0.076761746129555    -0.066933237947643
14 22
    -1.162748075864041     1.355430540390544     0.437406179844797
     1.367978454880139    -2.259724875825835    -0.496253371591387
     0.670920262526874    -0.902955807559603    -0.623455119868676
14 23
    -0.609321619544857     0.439556369506594    -0.232023778807699
     0.526173011261385    -0.126979329088243     0.122398375377387
    -0.213341499915974     0.076761746129555    -0.066933237947643
14 24
    -1.162748075864041    -1.355430540390544     0.437406179844797
    -1.367978454880139    -2.259724875825835     0.496253371591387
     0.670920262526874     0.902955807559603    -0.623455119868676
14 25
     0.028551122712377    -0.000000000000000    -0.088354097768395
     0.000000000000000    -0.032416224398500     0.000000000000000
     0.003021718689960    -0.000000000000000     0.103706920610394
14 26
     0.012973990715634    -0.000000000000000    -0.064111570549321
     0.000000000000000     0.004549047840805     0.000000000000000
     0.003012042958627    -0.000000000000000     0.030918308497370
14 27
     0.018251806414724     0.000000000000000    -0.073716487760012
    -0.000000000000000     0.030761125681664     0.000000000000000
     0.001416841604001    -0.000000000000000     0.073458926805398
14 28
    -0.000322901754661     0.000000000000000    -0.034780217559080
    -0.000000000000000    -0.004621684883362     0.000000000000000
     0.021559906599036    -0.000000000000000     0.032911667311528
14 29
    -5.585483291112660    -0.000000000000000     1.369238478084322
     0.000000000000000     0.046026619203030     0.000000000000000
     1.233103160373381    -0.000000000000000    -0.301231412322540
14 30
    -3.152436455095338    -0.000000000000000    -0.393809934606124
     0.000000000000000    -1.162415373829441     0.000000000000000
    -0.356197014557374    -0.000000000000000    -0.705329613231203
14 31
    -0.281805328287403     0.000000000000000    -0.319840122141422
    -0.000000000000000    -0.459437054253641     0.000000000000000
     0.078422188780299    -0.000000000000000    -0.011662764395751
14 32
    -0.144412912723080     0.000000000000000     0.258632842066469
    -0.000000000000000    -0.091280621845202     0.000000000000000
    -0.172956142520203    -0.000000000000000    -0.002184113329954
14 33
     0.015949447802807     0.000000000000000     0.045598720522192
    -0.000000000000000    -0.003510611141636     0.000000000000000
     0.016570765335835    -0.000000000000000    -0.008149694901251
14 34
     0.011692413292459     0.000000000000000    -0.008767702707944
    -0.000000000000000     0.012741290108440     0.000000000000000
    -0.002995532695940    -0.000000000000000    -0.025668332900466
14 35
     0.011762374088709     0.000000000000000    -0.002384040979134
    -0.000000000000000     0.023176403753788     0.000000000000000
     0.008899269576872    -0.000000000000000    -0.017516080555998
14 36
    -0.008080363596076     0.000000000000000     0.020280107941983
    -0.000000000000000    -0.004765858657921     0.000000000000000
     0.001684719354386    -0.000000000000000    -0.049960356136269
14 37
    -0.363797317408260     0.000000000000000    -0.626269021783452
    -0.000000000000000     0.069977955960947     0.000000000000000
    -0.805023232563528    -0.000000000000000    -1.409978939805793
14 38
     0.128573015139577     0.000000000000000    -0.025539408800972
    -0.000000000000000    -0.043562974235607     0.000000000000000
    -0.027807436786325    -0.000000000000000     0.036511381365588
14 39
    -0.032383986533563     0.000000000000000    -0.027757274409182
    -0.000000000000000    -0.205042366996525     0.000000000000000
    -0.133973472959114    -0.000000000000000    -0.030430634579251
14 40
    -0.005597589453034     0.000000000000000    -0.062938146645636
    -0.000000000000000     0.092771360638978     0.000000000000000
     0.007462236826225    -0.000000000000000     0.025220994526375
14 41
     0.014522333729875     0.027897949453233     0.032137419360889
    -0.006296004818285    -0.004339964016600    -0.004221859308836
     0.005433080203052     0.019434367684899     0.024175469335529
14 42
    -0.004648084096629     0.027074100899639     0.031895377474094
     0.007641554431362    -0.006786525214902    -0.054059176572874
     0.013824335237056    -0.050731036168782    -0.078688431292225
14 43
     0.014522333729875    -0.027897949453233     0.032137419360889
     0.006296004818285    -0.004339964016600     0.004221859308836
     0.005433080203052    -0.019434367684899     0.024175469335529
14 44
    -0.004648084096629    -0.027074100899639     0.031895377474094
    -0.007641554431362    -0.006786525214902     0.054059176572874
     0.013824335237056     0.050731036168782    -0.078688431292225
14 45
    -0.086497868104342     0.014864419680015     0.025922747332353
    -0.044434274620438    -0.021446831385803    -0.039485991259860
    -0.005324719182314     0.088433509685142     0.008415785206112
14 46
    -0.133602248014938     0.037879536436196    -0.024526868366172
     0.089815094890340    -0.601600511793371     0.462660655770134
    -0.033397983435041     0.502269928806135    -0.638313164626215
14 47
    -0.086497868104342    -0.014864419680015     0.025922747332353
     0.044434274620438    -0.021446831385803     0.039485991259860
    -0.005324719182314    -0.088433509685142     0.008415785206112
14 48
    -0.133602248014938    -0.037879536436196    -0.024526868366172
    -0.089815094890340    -0.601600511793371    -0.462660655770134
    -0.033397983435041    -0.502269928806135    -0.638313164626215
15 1
    -0.014052397155263    -0.015018653848055     0.041008884422561
    -0.015018653848055    -0.009745723581997    -0.033084888113022
     0.041008884422561    -0.033084888113022     0.037032235664814
15 2
    -0.022398798135916    -0.021225311352562     0.077237786116456
    -0.021225311352562    -0.005503058455774    -0.014203652910686
     0.077237786116456    -0.014203652910686    -0.043287109707982
15 3
    -0.014052397155263     0.015018653848055     0.041008884422561
     0.015018653848055    -0.009745723581997     0.033084888113022
     0.041008884422561     0.033084888113022     0.037032235664814
15 4
    -0.022398798135916     0.021225311352562     0.077237786116456
     0.021225311352562    -0.005503058455774     0.014203652910686
     0.077237786116456     0.014203652910686    -0.043287109707982
15 5
    -0.852333805563715    -0.579609785573322     0.257396905766229
    -0.579609785573321    -0.144184678388493     0.060850013912850
     0.257396905766229     0.060850013912850    -0.004750310785392
15 6
    -3.141252155006720     1.944163501860446    -0.544282057156727
     1.944163501860445    -5.548263498732839     0.490671479739148
    -0.544282057156727     0.490671479739148    -1.470965238704292
15 7
    -0.852333805563715     0.579609785573322     0.257396905766229
     0.579609785573322    -0.144184678388493    -0.060850013912850
     0.257396905766229    -0.060850013912850    -0.004750310785392
15 8
    -3.141252155006720    -1.944163501860446    -0.544282057156727
    -1.944163501860446    -5.548263498732839    -0.490671479739148
    -0.544282057156727    -0.490671479739148    -1.470965238704292
15 9
     0.018616076893953    -0.000000000000000    -0.039032489586608
     0.000000000000000     0.026636202057680    -0.000000000000000
    -0.039032489586608     0.000000000000000    -0.028412358991870
15 10
    -0.004865954274912    -0.000000000000000    -0.013409369976806
     0.000000000000000     0.009888714315886    -0.000000000000000
    -0.013409369976806     0.000000000000000    -0.023530068426045
15 11
    -0.006807087787148     0.000000000000000    -0.050479609561076
     0.000000000000000    -0.021803406462252    -0.000000000000000
    -0.050479609561076    -0.000000000000000     0.019736364208555
15 12
    -0.009055828018251    -0.000000000000000    -0.033902919588483
     0.000000000000000     0.009948279999986    -0.000000000000000
    -0.033902919588483    -0.000000000000000    -0.143199984261626
15 13
     0.509358861957061    -0.000000000000000     0.384821384110900
     0.000000000000000    -3.039844131701003    -0.000000000000000
     0.384821384110900     0.000000000000000     0.061936577283701
15 14
    -0.268132391616196    -0.000000000000000    -0.101243677416584
     0.000000000000000     0.227529810883570    -0.000000000000000
    -0.101243677416584     0.000000000000000    -0.031809793075357
15 15
    20.278622847240225     0.000000000000000    -0.274849273296626
     0.000000000000000    22.652843975863306    -0.000000000000000
    -0.274849273296626    -0.000000000000000     8.467711225607321
15 16
     0.818832402733980    -0.000000000000000    -0.133937724738000
     0.000000000000000    -0.687045673846482    -0.000000000000000
    -0.133937724738000    -0.000000000000000    -0.369987084001482
15 17
    -0.002181185619924     0.007244192908818     0.036526678597726
     0.024995087537923     0.003273746544206    -0.004979534931886
    -0.038284875524260    -0.036834148102000    -0.036443424425730
15 18
     0.019512427711010     0.011593091019192     0.009576503989990
     0.006031547265538    -0.000251152088602    -0.011916539398837
    -0.038273288039339     0.017500696732434     0.046681979501014
15 19
    -0.002181185619924    -0.007244192908818     0.036526678597726
    -0.024995087537923     0.003273746544206     0.004979534931886
    -0.038284875524260     0.036834148102000    -0.036443424425730
15 20
     0.019512427711010    -0.011593091019192     0.009576503989990
    -0.006031547265538    -0.000251152088602     0.011916539398837
    -0.038273288039339    -0.017500696732434     0.046681979501014
15 21
    -1.162748075864041    -1.355430540390544     0.437406179844797
    -1.367978454880139    -2.259724875825835     0.496253371591387
     0.670920262526874     0.902955807559603    -0.623455119868676
15 22
    -0.609321619544857     0.439556369506594    -0.232023778807699
     0.526173011261385    -0.126979329088243     0.122398375377387
    -0.213341499915974     0.076761746129555    -0.066933237947643
15 23
    -1.162748075864041     1.355430540390544     0.437406179844797
     1.367978454880139    -2.259724875825835    -0.496253371591387
     0.670920262526874    -0.902955807559603    -0.623455119868676
15 24
    -0.609321619544857    -0.439556369506594    -0.232023778807699
    -0.526173011261385    -0.126979329088243    -0.122398375377387
    -0.213341499915974    -0.076761746129555    -0.066933237947643
15 25
    -0.000322901754661    -0.000000000000000    -0.034780217559080
     0.000000000000000    -0.004621684883362    -0.000000000000000
     0.021559906599036    -0.000000000000000     0.032911667311528
15 26
     0.018251806414724    -0.000000000000000    -0.073716487760012
     0.000000000000000     0.030761125681664    -0.000000000000000
     0.001416841604001    -0.000000000000000     0.073458926805398
15 27
     0.012973990715634     0.000000000000000    -0.064111570549321
     0.000000000000000     0.004549047840805    -0.000000000000000
     0.003012042958627    -0.000000000000000     0.030918308497370
15 28
     0.028551122712377     0.000000000000000    -0.088354097768395
     0.000000000000000    -0.032416224398500    -0.000000000000000
     0.003021718689960    -0.000000000000000     0.103706920610394
15 29
    -0.144412912723080    -0.000000000000000     0.258632842066469
     0.000000000000000    -0.091280621845202    -0.000000000000000
    -0.172956142520203    -0.000000000000000    -0.002184113329954
15 30
    -0.281805328287403    -0.000000000000000    -0.319840122141422
     0.000000000000000    -0.459437054253641    -0.000000000000000
     0.078422188780299    -0.000000000000000    -0.011662764395751
15 31
    -3.152436455095338     0.000000000000000    -0.393809934606124
     0.000000000000000    -1.162415373829441    -0.000000000000000
    -0.356197014557374    -0.000000000000000    -0.705329613231203
15 32
    -5.585483291112660     0.000000000000000     1.369238478084322
     0.000000000000000     0.046026619203030    -0.000000000000000
     1.233103160373381    -0.000000000000000    -0.301231412322540
15 33
    -0.008080363596076    -0.000000000000000     0.020280107941983
     0.000000000000000    -0.004765858657921    -0.000000000000000
     0.001684719354386    -0.000000000000000    -0.049960356136269
15 34
     0.011762374088709    -0.000000000000000    -0.002384040979134
     0.000000000000000     0.023176403753788    -0.000000000000000
     0.008899269576872    -0.000000000000000    -0.017516080555998
15 35
     0.011692413292460    -0.000000000000000    -0.008767702707944
     0.000000000000000     0.012741290108440    -0.000000000000000
    -0.002995532695940    -0.000000000000000    -0.025668332900466
15 36
     0.015949447802807    -0.000000000000000     0.045598720522192
     0.000000000000000    -0.003510611141636    -0.000000000000000
     0.016570765335835    -0.000000000000000    -0.008149694901251
15 37
    -0.005597589453034    -0.000000000000000    -0.062938146645636
     0.000000000000000     0.092771360638978    -0.000000000000000
     0.007462236826225    -0.000000000000000     0.025220994526375
15 38
    -0.032383986533563    -0.000000000000000    -0.027757274409182
     0.000000000000000    -0.205042366996525    -0.000000000000000
    -0.133973472959114    -0.000000000000000    -0.030430634579251
15 39
     0.128573015139577    -0.000000000000000    -0.025539408800972
     0.000000000000000    -0.043562974235607    -0.000000000000000
    -0.027807436786325    -0.000000000000000     0.036511381365588
15 40
    -0.363797317408260    -0.000000000000000    -0.626269021783452
     0.000000000000000     0.069977955960947    -0.000000000000000
    -0.805023232563528    -0.000000000000000    -1.409978939805793
15 41
    -0.004648084096629    -0.027074100899639     0.031895377474094
    -0.007641554431362    -0.006786525214902     0.054059176572874
     0.013824335237056     0.050731036168782    -0.078688431292225
15 42
     0.014522333729875    -0.027897949453233     0.032137419360889
     0.006296004818285    -0.004339964016600     0.004221859308836
     0.005433080203052    -0.019434367684899     0.024175469335529
15 43
    -0.004648084096629     0.027074100899639     0.031895377474094
     0.007641554431362    -0.006786525214902    -0.054059176572874
     0.013824335237056    -0.050731036168782    -0.078688431292225
15 44
     0.014522333729875     0.027897949453233     0.032137419360889
    -0.006296004818285    -0.004339964016600    -0.004221859308836
     0.005433080203052     0.019434367684899     0.024175469335529
15 45
    -0.133602248014938    -0.037879536436196    -0.024526868366172
    -0.089815094890340    -0.601600511793370    -0.462660655770134
    -0.033397983435041    -0.502269928806135    -0.638313164626215
15 46
    -0.086497868104342    -0.014864419680015     0.025922747332353
     0.044434274620438    -0.021446831385803     0.039485991259860
    -0.005324719182314    -0.088433509685142     0.008415785206112
15 47
    -0.133602248014938     0.037879536436196    -0.024526868366172
     0.089815094890340    -0.601600511793370     0.462660655770134
    -0.033397983435041     0.502269928806135    -0.638313164626215
15 48
    -0.086497868104342     0.014864419680015     0.025922747332353
    -0.044434274620438    -0.021446831385803    -0.039485991259860
    -0.005324719182314     0.088433509685142     0.008415785206112
16 1
    -0.022398798135916    -0.021225311352562     0.077237786116456
    -0.021225311352562    -0.005503058455774    -0.014203652910686
     0.077237786116456    -0.014203652910686    -0.043287109707982
16 2
    -0.014052397155263    -0.015018653848055     0.041008884422561
    -0.015018653848055    -0.009745723581997    -0.033084888113022
     0.041008884422561    -0.033084888113022     0.037032235664814
16 3
    -0.022398798135916     0.021225311352562     0.077237786116456
     0.021225311352562    -0.005503058455774     0.014203652910686
     0.077237786116456     0.014203652910686    -0.043287109707982
16 4
    -0.014052397155263     0.015018653848055     0.041008884422561
     0.015018653848055    -0.009745723581997     0.033084888113022
     0.041008884422561     0.033084888113022     0.037032235664814
16 5
    -3.141252155006720     1.944163501860446    -0.544282057156727
     1.944163501860445    -5.548263498732839     0.490671479739148
    -0.544282057156727     0.490671479739148    -1.470965238704292
16 6
    -0.852333805563715    -0.579609785573322     0.257396905766229
    -0.579609785573321    -0.144184678388493     0.060850013912850
     0.257396905766229     0.060850013912850    -0.004750310785392
16 7
    -3.141252155006720    -1.944163501860446    -0.544282057156727
    -1.944163501860446    -5.548263498732839    -0.490671479739148
    -0.544282057156727    -0.490671479739148    -1.470965238704292
16 8
    -0.852333805563715     0.579609785573322     0.257396905766229
     0.579609785573322    -0.144184678388493    -0.060850013912850
     0.257396905766229    -0.060850013912850    -0.004750310785392
16 9
    -0.004865954274912    -0.000000000000000    -0.013409369976806
    -0.000000000000000     0.009888714315885    -0.000000000000000
    -0.013409369976806     0.000000000000000    -0.023530068426045
16 10
     0.018616076893953    -0.000000000000000    -0.039032489586608
     0.000000000000000     0.026636202057680    -0.000000000000000
    -0.039032489586608     0.000000000000000    -0.028412358991870
16 11
    -0.009055828018251     0.000000000000000    -0.033902919588483
    -0.000000000000000     0.009948279999986    -0.000000000000000
    -0.033902919588483    -0.000000000000000    -0.143199984261626
16 12
    -0.006807087787148     0.000000000000000    -0.050479609561076
     0.000000000000000    -0.021803406462252    -0.000000000000000
    -0.050479609561076    -0.000000000000000     0.019736364208555
16 13
    -0.268132391616196    -0.000000000000000    -0.101243677416584
    -0.000000000000000     0.227529810883570    -0.000000000000000
    -0.101243677416584     0.000000000000000    -0.031809793075357
16 14
     0.509358861957061    -0.000000000000000     0.384821384110900
     0.000000000000000    -3.039844131701003    -0.000000000000000
     0.384821384110900     0.000000000000000     0.061936577283701
16 15
     0.818832402733980     0.000000000000000    -0.133937724738000
    -0.000000000000000    -0.687045673846482    -0.000000000000000
    -0.133937724738000    -0.000000000000000    -0.369987084001482
16 16
    20.278622847240225     0.000000000000000    -0.274849273296625
     0.000000000000000    22.652843975863309    -0.000000000000000
    -0.274849273296625    -0.000000000000000     8.467711225607321
16 17
     0.019512427711010     0.011593091019192     0.009576503989990
     0.006031547265538    -0.000251152088602    -0.011916539398837
    -0.038273288039339     0.017500696732434     0.046681979501014
16 18
    -0.002181185619924     0.007244192908818     0.036526678597726
     0.024995087537923     0.003273746544206    -0.004979534931886
    -0.038284875524260    -0.036834148102000    -0.036443424425730
16 19
     0.019512427711010    -0.011593091019192     0.009576503989990
    -0.006031547265538    -0.000251152088602     0.011916539398837
    -0.038273288039339    -0.017500696732434     0.046681979501014
16 20
    -0.002181185619924    -0.007244192908818     0.036526678597726
    -0.024995087537923     0.003273746544206     0.004979534931886
    -0.038284875524260     0.036834148102000    -0.036443424425730
16 21
    -0.609321619544857     0.439556369506594    -0.232023778807699
     0.526173011261385    -0.126979329088243     0.122398375377387
    -0.213341499915974     0.076761746129555    -0.066933237947643
16 22
    -1.162748075864041    -1.355430540390544     0.437406179844797
    -1.367978454880139    -2.259724875825835     0.496253371591387
     0.670920262526874     0.902955807559603    -0.623455119868676
16 23
    -0.609321619544857    -0.439556369506594    -0.232023778807699
    -0.526173011261385    -0.126979329088243    -0.122398375377387
    -0.213341499915974    -0.076761746129555    -0.066933237947643
16 24
    -1.162748075864041     1.355430540390544     0.437406179844797
     1.367978454880139    -2.259724875825835    -0.496253371591387
     0.670920262526874    -0.902955807559603    -0.623455119868676
16 25
     0.018251806414724    -0.000000000000000    -0.073716487760012
     0.000000000000000     0.030761125681664    -0.000000000000000
     0.001416841604001    -0.000000000000000     0.073458926805398
16 26
    -0.000322901754661    -0.000000000000000    -0.034780217559080
     0.000000000000000    -0.004621684883362    -0.000000000000000
     0.021559906599036    -0.000000000000000     0.032911667311528
16 27
     0.028551122712377     0.000000000000000    -0.088354097768395
    -0.000000000000000    -0.032416224398500    -0.000000000000000
     0.003021718689960    -0.000000000000000     0.103706920610394
16 28
     0.012973990715634     0.000000000000000    -0.064111570549321
    -0.000000000000000     0.004549047840805    -0.000000000000000
     0.003012042958627    -0.000000000000000     0.030918308497370
16 29
    -0.281805328287403    -0.000000000000000    -0.319840122141422
     0.000000000000000    -0.459437054253641    -0.000000000000000
     0.078422188780299    -0.000000000000000    -0.011662764395751
16 30
    -0.144412912723080    -0.000000000000000     0.258632842066469
     0.000000000000000    -0.091280621845202    -0.000000000000000
    -0.172956142520203    -0.000000000000000    -0.002184113329954
16 31
    -5.585483291112660     0.000000000000000     1.369238478084322
    -0.000000000000000     0.046026619203030    -0.000000000000000
     1.233103160373381    -0.000000000000000    -0.301231412322540
16 32
    -3.152436455095338     0.000000000000000    -0.393809934606124
    -0.000000000000000    -1.162415373829441    -0.000000000000000
    -0.356197014557374    -0.000000000000000    -0.705329613231203
16 33
     0.011762374088709     0.000000000000000    -0.002384040979134
     0.000000000000000     0.023176403753788    -0.000000000000000
     0.008899269576872    -0.000000000000000    -0.017516080555998
16 34
    -0.008080363596076     0.000000000000000     0.020280107941983
     0.000000000000000    -0.004765858657921    -0.000000000000000
     0.001684719354386    -0.000000000000000    -0.049960356136269
16 35
     0.015949447802807     0.000000000000000     0.045598720522192
     0.000000000000000    -0.003510611141636    -0.000000000000000
     0.016570765335835    -0.000000000000000    -0.008149694901251
16 36
     0.011692413292460     0.000000000000000    -0.008767702707944
     0.000000000000000     0.012741290108440    -0.000000000000000
    -0.002995532695940    -0.000000000000000    -0.025668332900466
16 37
    -0.032383986533563     0.000000000000000    -0.027757274409182
     0.000000000000000    -0.205042366996525    -0.000000000000000
    -0.133973472959114    -0.000000000000000    -0.030430634579251
16 38
    -0.005597589453034     0.000000000000000    -0.062938146645636
     0.000000000000000     0.092771360638978    -0.000000000000000
     0.007462236826225    -0.000000000000000     0.025220994526375
16 39
    -0.363797317408260     0.000000000000000    -0.626269021783452
     0.000000000000000     0.069977955960947    -0.000000000000000
    -0.805023232563528    -0.000000000000000    -1.409978939805793
16 40
     0.128573015139577     0.000000000000000    -0.025539408800972
     0.000000000000000    -0.043562974235608    -0.000000000000000
    -0.027807436786325    -0.000000000000000     0.036511381365588
16 41
     0.014522333729875    -0.027897949453233     0.032137419360889
     0.006296004818285    -0.004339964016600     0.004221859308836
     0.005433080203052    -0.019434367684899     0.024175469335529
16 42
    -0.004648084096629    -0.027074100899639     0.031895377474094
    -0.007641554431362    -0.006786525214902     0.054059176572874
     0.013824335237056     0.050731036168782    -0.078688431292225
16 43
     0.014522333729875     0.027897949453233     0.032137419360889
    -0.006296004818285    -0.004339964016600    -0.004221859308836
     0.005433080203052     0.019434367684899     0.024175469335529
16 44
    -0.004648084096629     0.027074100899639     0.031895377474094
     0.007641554431362    -0.006786525214902    -0.054059176572874
     0.013824335237056    -0.050731036168782    -0.078688431292225
16 45
    -0.086497868104342    -0.014864419680015     0.025922747332353
     0.044434274620438    -0.021446831385803     0.039485991259860
    -0.005324719182314    -0.088433509685142     0.008415785206112
16 46
    -0.133602248014938    -0.037879536436196    -0.024526868366172
    -0.089815094890340    -0.601600511793371    -0.462660655770134
    -0.033397983435041    -0.502269928806135    -0.638313164626215
16 47
    -0.086497868104342     0.014864419680015     0.025922747332353
    -0.044434274620438    -0.021446831385803    -0.039485991259860
    -0.005324719182314     0.088433509685142     0.008415785206112
16 48
    -0.133602248014938     0.037879536436196    -0.024526868366172
     0.089815094890340    -0.601600511793371     0.462660655770134
    -0.033397983435041     0.502269928806135    -0.638313164626215
17 1
    -3.152436455095338    -0.000000000000000    -0.356197014557374
    -0.000000000000000    -1.162415373829442    -0.000000000000000
    -0.393809934606124     0.000000000000000    -0.705329613231203
17 2
    -5.585483291112660     0.000000000000000     1.233103160373381
     0.000000000000000     0.046026619203030    -0.000000000000000
     1.369238478084322     0.000000000000000    -0.301231412322540
17 3
    -0.144412912723080     0.000000000000000    -0.172956142520203
     0.000000000000000    -0.091280621845202    -0.000000000000000
     0.258632842066469    -0.000000000000000    -0.002184113329954
17 4
    -0.281805328287403     0.000000000000000     0.078422188780299
     0.000000000000000    -0.459437054253641    -0.000000000000000
    -0.319840122141422    -0.000000000000000    -0.011662764395751
17 5
     0.012973990715634    -0.000000000000000     0.003012042958627
    -0.000000000000000     0.004549047840805    -0.000000000000000
    -0.064111570549321     0.000000000000000     0.030918308497370
17 6
     0.028551122712377     0.000000000000000     0.003021718689960
     0.000000000000000    -0.032416224398500    -0.000000000000000
    -0.088354097768395     0.000000000000000     0.103706920610394
17 7
    -0.000322901754661     0.000000000000000     0.021559906599036
     0.000000000000000    -0.004621684883362    -0.000000000000000
    -0.034780217559080    -0.000000000000000     0.032911667311528
17 8
     0.018251806414724     0.000000000000000     0.001416841604001
     0.000000000000000     0.030761125681664    -0.000000000000000
    -0.073716487760012    -0.000000000000000     0.073458926805398
17 9
    -1.162748075864041     1.367978454880139     0.670920262526874
     1.355430540390544    -2.259724875825835    -0.902955807559603
     0.437406179844797    -0.496253371591387    -0.623455119868676
17 10
    -0.609321619544857    -0.526173011261385    -0.213341499915974
    -0.439556369506594    -0.126979329088243    -0.076761746129555
    -0.232023778807699    -0.122398375377387    -0.066933237947643
17 11
    -1.162748075864041    -1.367978454880139     0.670920262526874
    -1.355430540390544    -2.259724875825835     0.902955807559603
     0.437406179844797     0.496253371591387    -0.623455119868676
17 12
    -0.609321619544857     0.526173011261385    -0.213341499915974
     0.439556369506594    -0.126979329088243     0.076761746129555
    -0.232023778807699     0.122398375377387    -0.066933237947643
17 13
    -0.002181185619924    -0.024995087537923    -0.038284875524260
    -0.007244192908818     0.003273746544206     0.036834148102000
     0.036526678597726     0.004979534931886    -0.036443424425730
17 14
     0.019512427711010    -0.006031547265538    -0.038273288039339
    -0.011593091019192    -0.000251152088602    -0.017500696732434
     0.009576503989990     0.011916539398837     0.046681979501014
17 15
    -0.002181185619924     0.024995087537923    -0.038284875524260
     0.007244192908818     0.003273746544206    -0.036834148102000
     0.036526678597726    -0.004979534931886    -0.036443424425730
17 16
     0.019512427711010     0.006031547265538    -0.038273288039339
     0.011593091019192    -0.000251152088602     0.017500696732434
     0.009576503989990    -0.011916539398837     0.046681979501014
17 17
    16.154286885129714    -0.000000000000000    -0.686441562112343
    -0.000000000000000     8.843398260036935     0.000000000000000
    -0.686441562112343     0.000000000000000     4.901070499695024
17 18
    -0.125963480733595     0.000000000000000     0.031389212068987
     0.000000000000000    -0.157060793768293    -0.000000000000000
     0.031389212068987    -0.000000000000000     0.099589891725556
17 19
    -0.092632396207765    -0.000000000000000    -0.014291550953030
     0.000000000000000     0.511520328762069     0.000000000000000
    -0.014291550953030    -0.000000000000000     0.186826239181657
17 20
     0.049233877193065     0.000000000000000     0.026144833461002
     0.000000000000000     0.192126747985950     0.000000000000000
     0.026144833461002    -0.000000000000000    -0.075930688749794
17 21
    -0.043004711772556     0.000000000000000     0.050983737031751
     0.000000000000000    -0.017654060907786    -0.000000000000000
     0.050983737031751    -0.000000000000000     0.068075120558855
17 22
     0.008045048774439     0.000000000000000     0.028434639610097
     0.000000000000000    -0.003383711415465    -0.000000000000000
     0.028434639610097    -0.000000000000000     0.014820507991180
17 23
    -0.018560939427542     0.000000000000000     0.022679071225127
     0.000000000000000     0.004050880169442     0.000000000000000
     0.022679071225127    -0.000000000000000    -0.004951080709960
17 24
     0.001534288656604     0.000000000000000     0.026623373738433
     0.000000000000000     0.006989453918417     0.000000000000000
     0.026623373738433    -0.000000000000000     0.053506249372579
17 25
    -0.603849723985883    -0.941916771090236    -0.786551511455443
    -0.941916771090236    -1.036175238334865    -0.998795823991385
    -0.786551511455443    -0.998795823991385    -0.767679897277458
17 26
    -0.586886677321091     0.230257061158811     0.235936707202149
     0.230257061158811    -0.032170218123163    -0.031095166356784
     0.235936707202149    -0.031095166356784    -0.211156014224108
17 27
    -0.603849723985883     0.941916771090236    -0.786551511455443
     0.941916771090236    -1.036175238334866     0.998795823991385
    -0.786551511455443     0.998795823991385    -0.767679897277458
17 28
    -0.586886677321091    -0.230257061158811     0.235936707202149
    -0.230257061158811    -0.032170218123163     0.031095166356784
     0.235936707202149     0.031095166356784    -0.211156014224108
17 29
     0.000474272350676     0.009414334202629     0.021931110502559
     0.009414334202629     0.001121836929923     0.034234236582118
     0.021931110502559     0.034234236582118    -0.191045696304271
17 30
    -0.006543613211306    -0.000980285711700     0.002524938241458
    -0.000980285711700    -0.000026986564102     0.010918573210733
     0.002524938241458     0.010918573210733    -0.101296657888994
17 31
     0.000474272350676    -0.009414334202629     0.021931110502559
    -0.009414334202629     0.001121836929923    -0.034234236582118
     0.021931110502559    -0.034234236582118    -0.191045696304271
17 32
    -0.006543613211306     0.000980285711700     0.002524938241458
     0.000980285711700    -0.000026986564102    -0.010918573210733
     0.002524938241458    -0.010918573210733    -0.101296657888994
17 33
    -0.294386729629414    -0.138417012557617     0.097999041723393
    -0.325838925555773    -0.241601996927104     0.142057834242300
     0.152768500144068     0.041137293074149    -0.093018365799420
17 34
    -0.087492920134010     0.053355177846784    -0.053620550091790
     0.071833149327984    -0.115623354785731     0.011829170993587
    -0.053409805602874    -0.017422555050146    -0.018307531626306
17 35
    -0.294386729629414     0.138417012557617     0.097999041723393
     0.325838925555773    -0.241601996927104    -0.142057834242300
     0.152768500144068    -0.041137293074149    -0.093018365799420
17 36
    -0.087492920134010    -0.053355177846784    -0.053620550091790
    -0.071833149327984    -0.115623354785731    -0.011829170993587
    -0.053409805602874     0.017422555050146    -0.018307531626306
17 37
    -0.002699658522290    -0.002418498193020     0.005547662092990
     0.009975415070423    -0.005024373726918     0.001012819718346
    -0.022507829610063    -0.016382286066951    -0.002500858421873
17 38
    -0.002395357952669    -0.030137067585690    -0.035328076526607
    -0.012769101637005    -0.002342329524137     0.008147055967529
    -0.011215818273801     0.020335222763201     0.033563301989938
17 39
    -0.002699658522290     0.002418498193020     0.005547662092990
    -0.009975415070423    -0.005024373726918    -0.001012819718346
    -0.022507829610063     0.016382286066951    -0.002500858421873
17 40
    -0.002395357952669     0.030137067585690    -0.035328076526607
     0.012769101637005    -0.002342329524137    -0.008147055967529
    -0.011215818273801    -0.020335222763201     0.033563301989938
17 41
    -0.051275724493520     0.000000000000000     0.039072173371538
     0.000000000000000     0.074335185752924     0.000000000000000
     0.195721530989539    -0.000000000000000    -0.416118647526291
17 42
    -0.031580128751454     0.000000000000000     0.000297028684294
     0.000000000000000    -0.007807878144951     0.000000000000000
    -0.059166400301691    -0.000000000000000    -0.016146808128130
17 43
    -0.014322358446375     0.000000000000000     0.031037008496731
     0.000000000000000    -0.173678056033223     0.000000000000000
     0.073473944397705    -0.000000000000000    -0.118797916226022
17 44
     0.047424545020578     0.000000000000000    -0.003320587923696
     0.000000000000000     0.023102343753223     0.000000000000000
     0.026744034509583    -0.000000000000000    -0.018383776260987
17 45
    -0.050901794299934     0.000000000000000    -0.060829098590170
     0.000000000000000    -0.093824697032185     0.000000000000000
    -0.016901754884764    -0.000000000000000     0.102563194298434
17 46
    -0.026529317150913     0.000000000000000    -0.011675582718258
     0.000000000000000     0.020444920033203     0.000000000000000
     0.057958656562502    -0.000000000000000    -0.026123302663198
17 47
    -0.006880226880372     0.000000000000000    -0.019000201992713
     0.000000000000000     0.098943358273228     0.000000000000000
    -0.013708424621255    -0.000000000000000     0.090860246646165
17 48
    -0.017151874032373     0.000000000000000    -0.011405036797500
     0.000000000000000    -0.021619571869695     0.000000000000000
     0.015174019966186    -0.000000000000000     0.001735395436746
18 1
    -5.585483291112660    -0.000000000000000     1.233103160373381
    -0.000000000000000     0.046026619203030    -0.000000000000000
     1.369238478084322     0.000000000000000    -0.301231412322540
18 2
    -3.152436455095338    -0.000000000000000    -0.356197014557374
    -0.000000000000000    -1.162415373829441    -0.000000000000000
    -0.393809934606124     0.000000000000000    -0.705329613231203
18 3
    -0.281805328287403     0.000000000000000     0.078422188780299
    -0.000000000000000    -0.459437054253641    -0.000000000000000
    -0.319840122141422    -0.000000000000000    -0.011662764395751
18 4
    -0.144412912723080     0.000000000000000    -0.172956142520203
     0.000000000000000    -0.091280621845202    -0.000000000000000
     0.258632842066469    -0.000000000000000    -0.002184113329954
18 5
     0.028551122712377    -0.000000000000000     0.003021718689960
    -0.000000000000000    -0.032416224398500    -0.000000000000000
    -0.088354097768395     0.000000000000000     0.103706920610394
18 6
     0.012973990715634    -0.000000000000000     0.003012042958627
     0.000000000000000     0.004549047840805    -0.000000000000000
    -0.064111570549321     0.000000000000000     0.030918308497370
18 7
     0.018251806414724     0.000000000000000     0.001416841604001
    -0.000000000000000     0.030761125681664    -0.000000000000000
    -0.073716487760012    -0.000000000000000     0.073458926805398
18 8
    -0.000322901754661    -0.000000000000000     0.021559906599036
     0.000000000000000    -0.004621684883362    -0.000000000000000
    -0.034780217559080    -0.000000000000000     0.032911667311528
18 9
    -0.609321619544857    -0.526173011261385    -0.213341499915974
    -0.439556369506594    -0.126979329088243    -0.076761746129555
    -0.232023778807699    -0.122398375377387    -0.066933237947643
18 10
    -1.162748075864041     1.367978454880139     0.670920262526874
     1.355430540390544    -2.259724875825835    -0.902955807559603
     0.437406179844797    -0.496253371591387    -0.623455119868676
18 11
    -0.609321619544857     0.526173011261385    -0.213341499915974
     0.439556369506594    -0.126979329088243     0.076761746129555
    -0.232023778807699     0.122398375377387    -0.066933237947643
18 12
    -1.162748075864041    -1.367978454880139     0.670920262526874
    -1.355430540390544    -2.259724875825835     0.902955807559603
     0.437406179844797     0.496253371591387    -0.623455119868676
18 13
     0.019512427711010    -0.006031547265538    -0.038273288039339
    -0.011593091019192    -0.000251152088602    -0.017500696732434
     0.009576503989990     0.011916539398837     0.046681979501014
18 14
    -0.002181185619924    -0.024995087537923    -0.038284875524260
    -0.007244192908818     0.003273746544206     0.036834148102000
     0.036526678597726     0.004979534931886    -0.036443424425730
18 15
     0.019512427711010     0.006031547265538    -0.038273288039339
     0.011593091019192    -0.000251152088602     0.017500696732434
     0.009576503989990    -0.011916539398837     0.046681979501014
18 16
    -0.002181185619924     0.024995087537923    -0.038284875524260
     0.007244192908818     0.003273746544206    -0.036834148102000
     0.036526678597726    -0.004979534931886    -0.036443424425730
18 17
    -0.125963480733595     0.000000000000000     0.031389212068987
     0.000000000000000    -0.157060793768293    -0.000000000000000
     0.031389212068987    -0.000000000000000     0.099589891725556
18 18
    16.154286885129714     0.000000000000000    -0.686441562112343
     0.000000000000000     8.843398260036935     0.000000000000000
    -0.686441562112343     0.000000000000000     4.901070499695023
18 19
     0.049233877193065    -0.000000000000000     0.026144833461002
     0.000000000000000     0.192126747985950     0.000000000000000
     0.026144833461002    -0.000000000000000    -0.075930688749794
18 20
    -0.092632396207765    -0.000000000000000    -0.014291550953030
     0.000000000000000     0.511520328762069     0.000000000000000
    -0.014291550953030    -0.000000000000000     0.186826239181657
18 21
     0.008045048774439    -0.000000000000000     0.028434639610097
     0.000000000000000    -0.003383711415465    -0.000000000000000
     0.028434639610097    -0.000000000000000     0.014820507991180
18 22
    -0.043004711772556    -0.000000000000000     0.050983737031751
     0.000000000000000    -0.017654060907786    -0.000000000000000
     0.050983737031751    -0.000000000000000     0.068075120558855
18 23
     0.001534288656604    -0.000000000000000     0.026623373738433
     0.000000000000000     0.006989453918417     0.000000000000000
     0.026623373738433    -0.000000000000000     0.053506249372579
18 24
    -0.018560939427542    -0.000000000000000     0.022679071225127
     0.000000000000000     0.004050880169442     0.000000000000000
     0.022679071225127    -0.000000000000000    -0.004951080709960
18 25
    -0.586886677321091     0.230257061158811     0.235936707202149
     0.230257061158811    -0.032170218123163    -0.031095166356784
     0.235936707202149    -0.031095166356784    -0.211156014224108
18 26
    -0.603849723985883    -0.941916771090236    -0.786551511455443
    -0.941916771090236    -1.036175238334865    -0.998795823991385
    -0.786551511455443    -0.998795823991385    -0.767679897277458
18 27
    -0.586886677321091    -0.230257061158811     0.235936707202149
    -0.230257061158811    -0.032170218123163     0.031095166356784
     0.235936707202149     0.031095166356784    -0.211156014224108
18 28
    -0.603849723985883     0.941916771090236    -0.786551511455443
     0.941916771090236    -1.036175238334866     0.998795823991385
    -0.786551511455443     0.998795823991385    -0.767679897277458
18 29
    -0.006543613211306    -0.000980285711700     0.002524938241458
    -0.000980285711700    -0.000026986564102     0.010918573210733
     0.002524938241458     0.010918573210733    -0.101296657888994
18 30
     0.000474272350676     0.009414334202629     0.021931110502559
     0.009414334202629     0.001121836929923     0.034234236582118
     0.021931110502559     0.034234236582118    -0.191045696304271
18 31
    -0.006543613211306     0.000980285711700     0.002524938241458
     0.000980285711700    -0.000026986564102    -0.010918573210733
     0.002524938241458    -0.010918573210733    -0.101296657888994
18 32
     0.000474272350676    -0.009414334202629     0.021931110502559
    -0.009414334202629     0.001121836929923    -0.034234236582118
     0.021931110502559    -0.034234236582118    -0.191045696304271
18 33
    -0.087492920134010     0.053355177846784    -0.053620550091790
     0.071833149327984    -0.115623354785731     0.011829170993587
    -0.053409805602874    -0.017422555050146    -0.018307531626306
18 34
    -0.294386729629414    -0.138417012557617     0.097999041723393
    -0.325838925555773    -0.241601996927104     0.142057834242300
     0.152768500144068     0.041137293074149    -0.093018365799420
18 35
    -0.087492920134010    -0.053355177846784    -0.053620550091790
    -0.071833149327984    -0.115623354785731    -0.011829170993587
    -0.053409805602874     0.017422555050146    -0.018307531626306
18 36
    -0.294386729629414     0.138417012557617     0.097999041723393
     0.325838925555773    -0.241601996927104    -0.142057834242300
     0.152768500144068    -0.041137293074149    -0.093018365799420
18 37
    -0.002395357952669    -0.030137067585690    -0.035328076526607
    -0.012769101637005    -0.002342329524137     0.008147055967529
    -0.011215818273801     0.020335222763201     0.033563301989938
18 38
    -0.002699658522290    -0.002418498193020     0.005547662092990
     0.009975415070423    -0.005024373726918     0.001012819718346
    -0.022507829610063    -0.016382286066951    -0.002500858421873
18 39
    -0.002395357952669     0.030137067585690    -0.035328076526607
     0.012769101637005    -0.002342329524137    -0.008147055967529
    -0.011215818273801    -0.020335222763201     0.033563301989938
18 40
    -0.002699658522290     0.002418498193020     0.005547662092990
    -0.009975415070423    -0.005024373726918    -0.001012819718346
    -0.022507829610063     0.016382286066951    -0.002500858421873
18 41
    -0.031580128751454    -0.000000000000000     0.000297028684294
     0.000000000000000    -0.007807878144951     0.000000000000000
    -0.059166400301691    -0.000000000000000    -0.016146808128130
18 42
    -0.051275724493520     0.000000000000000     0.039072173371538
     0.000000000000000     0.074335185752924    -0.000000000000000
     0.195721530989539    -0.000000000000000    -0.416118647526291
18 43
     0.047424545020578    -0.000000000000000    -0.003320587923696
     0.000000000000000     0.023102343753223     0.000000000000000
     0.026744034509583    -0.000000000000000    -0.018383776260987
18 44
    -0.014322358446375     0.000000000000000     0.031037008496731
     0.000000000000000    -0.173678056033223     0.000000000000000
     0.073473944397705    -0.000000000000000    -0.118797916226022
18 45
    -0.026529317150913     0.000000000000000    -0.011675582718258
     0.000000000000000     0.020444920033203     0.000000000000000
     0.057958656562502    -0.000000000000000    -0.026123302663198
18 46
    -0.050901794299934     0.000000000000000    -0.060829098590170
     0.000000000000000    -0.093824697032185    -0.000000000000000
    -0.016901754884764    -0.000000000000000     0.102563194298434
18 47
    -0.017151874032373     0.000000000000000    -0.011405036797500
     0.000000000000000    -0.021619571869695     0.000000000000000
     0.015174019966186    -0.000000000000000     0.001735395436746
18 48
    -0.006880226880372     0.000000000000000    -0.019000201992713
     0.000000000000000     0.098943358273228     0.000000000000000
    -0.013708424621255    -0.000000000000000     0.090860246646165
19 1
    -0.144412912723080    -0.000000000000000    -0.172956142520203
    -0.000000000000000    -0.091280621845202    -0.000000000000000
     0.258632842066469     0.000000000000000    -0.002184113329954
19 2
    -0.281805328287403     0.000000000000000     0.078422188780299
    -0.000000000000000    -0.459437054253641    -0.000000000000000
    -0.319840122141422     0.000000000000000    -0.011662764395751
19 3
    -3.152436455095338     0.000000000000000    -0.356197014557374
    -0.000000000000000    -1.162415373829442    -0.000000000000000
    -0.393809934606124    -0.000000000000000    -0.705329613231203
19 4
    -5.585483291112660     0.000000000000000     1.233103160373381
    -0.000000000000000     0.046026619203030    -0.000000000000000
     1.369238478084322     0.000000000000000    -0.301231412322540
19 5
    -0.000322901754661    -0.000000000000000     0.021559906599036
    -0.000000000000000    -0.004621684883362    -0.000000000000000
    -0.034780217559080     0.000000000000000     0.032911667311528
19 6
     0.018251806414724     0.000000000000000     0.001416841604001
    -0.000000000000000     0.030761125681664    -0.000000000000000
    -0.073716487760012     0.000000000000000     0.073458926805398
19 7
     0.012973990715634     0.000000000000000     0.003012042958627
    -0.000000000000000     0.004549047840805    -0.000000000000000
    -0.064111570549321    -0.000000000000000     0.030918308497370
19 8
     0.028551122712377     0.000000000000000     0.003021718689960
    -0.000000000000000    -0.032416224398500    -0.000000000000000
    -0.088354097768395    -0.000000000000000     0.103706920610394
19 9
    -1.162748075864041    -1.367978454880139     0.670920262526874
    -1.355430540390544    -2.259724875825835     0.902955807559603
     0.437406179844797     0.496253371591387    -0.623455119868676
19 10
    -0.609321619544857     0.526173011261385    -0.213341499915974
     0.439556369506594    -0.126979329088243     0.076761746129555
    -0.232023778807699     0.122398375377387    -0.066933237947643
19 11
    -1.162748075864041     1.367978454880139     0.670920262526874
     1.355430540390544    -2.259724875825835    -0.902955807559603
     0.437406179844797    -0.496253371591387    -0.623455119868676
19 12
    -0.609321619544857    -0.526173011261385    -0.213341499915974
    -0.439556369506594    -0.126979329088243    -0.076761746129555
    -0.232023778807699    -0.122398375377387    -0.066933237947643
19 13
    -0.002181185619924     0.024995087537923    -0.038284875524260
     0.007244192908818     0.003273746544206    -0.036834148102000
     0.036526678597726    -0.004979534931886    -0.036443424425730
19 14
     0.019512427711010     0.006031547265538    -0.038273288039339
     0.011593091019192    -0.000251152088602     0.017500696732434
     0.009576503989990    -0.011916539398837     0.046681979501014
19 15
    -0.002181185619924    -0.024995087537923    -0.038284875524260
    -0.007244192908818     0.003273746544206     0.036834148102000
     0.036526678597726     0.004979534931886    -0.036443424425730
19 16
     0.019512427711010    -0.006031547265538    -0.038273288039339
    -0.011593091019192    -0.000251152088602    -0.017500696732434
     0.009576503989990     0.011916539398837     0.046681979501014
19 17
    -0.092632396207765     0.000000000000000    -0.014291550953030
    -0.000000000000000     0.511520328762069    -0.000000000000000
    -0.014291550953030     0.000000000000000     0.186826239181657
19 18
     0.049233877193065     0.000000000000000     0.026144833461002
    -0.000000000000000     0.192126747985950    -0.000000000000000
     0.026144833461002     0.000000000000000    -0.075930688749794
19 19
    16.154286885129714     0.000000000000000    -0.686441562112343
     0.000000000000000     8.843398260036935    -0.000000000000000
    -0.686441562112343    -0.000000000000000     4.901070499695024
19 20
    -0.125963480733595     0.000000000000000     0.031389212068987
    -0.000000000000000    -0.157060793768293    -0.000000000000000
     0.031389212068987     0.000000000000000     0.099589891725556
19 21
    -0.018560939427542     0.000000000000000     0.022679071225127
    -0.000000000000000     0.004050880169442    -0.000000000000000
     0.022679071225127     0.000000000000000    -0.004951080709960
19 22
     0.001534288656604     0.000000000000000     0.026623373738433
    -0.000000000000000     0.006989453918417    -0.000000000000000
     0.026623373738433     0.000000000000000     0.053506249372579
19 23
    -0.043004711772556     0.000000000000000     0.050983737031751
    -0.000000000000000    -0.017654060907786     0.000000000000000
     0.050983737031751     0.000000000000000     0.068075120558855
19 24
     0.008045048774439     0.000000000000000     0.028434639610097
    -0.000000000000000    -0.003383711415465    -0.000000000000000
     0.028434639610097     0.000000000000000     0.014820507991180
19 25
    -0.603849723985883     0.941916771090236    -0.786551511455443
     0.941916771090236    -1.036175238334866     0.998795823991385
    -0.786551511455443     0.998795823991385    -0.767679897277458
19 26
    -0.586886677321091    -0.230257061158811     0.235936707202149
    -0.230257061158811    -0.032170218123163     0.031095166356784
     0.235936707202149     0.031095166356784    -0.211156014224108
19 27
    -0.603849723985883    -0.941916771090236    -0.786551511455443
    -0.941916771090236    -1.036175238334866    -0.998795823991385
    -0.786551511455443    -0.998795823991385    -0.767679897277458
19 28
    -0.586886677321091     0.230257061158811     0.235936707202149
     0.230257061158811    -0.032170218123163    -0.031095166356784
     0.235936707202149    -0.031095166356784    -0.211156014224108
19 29
     0.000474272350676    -0.009414334202629     0.021931110502559
    -0.009414334202629     0.001121836929923    -0.034234236582118
     0.021931110502559    -0.034234236582118    -0.191045696304271
19 30
    -0.006543613211306     0.000980285711700     0.002524938241458
     0.000980285711700    -0.000026986564102    -0.010918573210733
     0.002524938241458    -0.010918573210733    -0.101296657888994
19 31
     0.000474272350676     0.009414334202629     0.021931110502559
     0.009414334202629     0.001121836929923     0.034234236582118
     0.021931110502559     0.034234236582118    -0.191045696304271
19 32
    -0.006543613211306    -0.000980285711700     0.002524938241458
    -0.000980285711700    -0.000026986564102     0.010918573210733
     0.002524938241458     0.010918573210733    -0.101296657888994
19 33
    -0.294386729629414     0.138417012557617     0.097999041723393
     0.325838925555773    -0.241601996927104    -0.142057834242300
     0.152768500144068    -0.041137293074149    -0.093018365799420
19 34
    -0.087492920134010    -0.053355177846784    -0.053620550091790
    -0.071833149327984    -0.115623354785731    -0.011829170993587
    -0.053409805602874     0.017422555050146    -0.018307531626306
19 35
    -0.294386729629414    -0.138417012557617     0.097999041723393
    -0.325838925555773    -0.241601996927104     0.142057834242300
     0.152768500144068     0.041137293074149    -0.093018365799420
19 36
    -0.087492920134010     0.053355177846784    -0.053620550091790
     0.071833149327984    -0.115623354785731     0.011829170993587
    -0.053409805602874    -0.017422555050146    -0.018307531626306
19 37
    -0.002699658522290     0.002418498193020     0.005547662092990
    -0.009975415070423    -0.005024373726918    -0.001012819718346
    -0.022507829610063     0.016382286066951    -0.002500858421873
19 38
    -0.002395357952669     0.030137067585690    -0.035328076526607
     0.012769101637005    -0.002342329524137    -0.008147055967529
    -0.011215818273801    -0.020335222763201     0.033563301989938
19 39
    -0.002699658522290    -0.002418498193020     0.005547662092990
     0.009975415070423    -0.005024373726918     0.001012819718346
    -0.022507829610063    -0.016382286066951    -0.002500858421873
19 40
    -0.002395357952669    -0.030137067585690    -0.035328076526607
    -0.012769101637005    -0.002342329524137     0.008147055967529
    -0.011215818273801     0.020335222763201     0.033563301989938
19 41
    -0.014322358446375     0.000000000000000     0.031037008496731
    -0.000000000000000    -0.173678056033223    -0.000000000000000
     0.073473944397705     0.000000000000000    -0.118797916226022
19 42
     0.047424545020578     0.000000000000000    -0.003320587923696
    -0.000000000000000     0.023102343753223    -0.000000000000000
     0.026744034509583     0.000000000000000    -0.018383776260987
19 43
    -0.051275724493520     0.000000000000000     0.039072173371538
    -0.000000000000000     0.074335185752924     0.000000000000000
     0.195721530989539     0.000000000000000    -0.416118647526291
19 44
    -0.031580128751454     0.000000000000000     0.000297028684294
    -0.000000000000000    -0.007807878144951     0.000000000000000
    -0.059166400301691     0.000000000000000    -0.016146808128130
19 45
    -0.006880226880372     0.000000000000000    -0.019000201992713
    -0.000000000000000     0.098943358273228    -0.000000000000000
    -0.013708424621255     0.000000000000000     0.090860246646165
19 46
    -0.017151874032373     0.000000000000000    -0.011405036797500
    -0.000000000000000    -0.021619571869695    -0.000000000000000
     0.015174019966186     0.000000000000000     0.001735395436746
19 47
    -0.050901794299934     0.000000000000000    -0.060829098590170
    -0.000000000000000    -0.093824697032184     0.000000000000000
    -0.016901754884764     0.000000000000000     0.102563194298434
19 48
    -0.026529317150913     0.000000000000000    -0.011675582718258
    -0.000000000000000     0.020444920033203     0.000000000000000
     0.057958656562502     0.000000000000000    -0.026123302663198
20 1
    -0.281805328287403    -0.000000000000000     0.078422188780299
    -0.000000000000000    -0.459437054253641    -0.000000000000000
    -0.319840122141422     0.000000000000000    -0.011662764395751
20 2
    -0.144412912723080    -0.000000000000000    -0.172956142520203
    -0.000000000000000    -0.091280621845202    -0.000000000000000
     0.258632842066469     0.000000000000000    -0.002184113329954
20 3
    -5.585483291112660     0.000000000000000     1.233103160373381
    -0.000000000000000     0.046026619203030    -0.000000000000000
     1.369238478084322    -0.000000000000000    -0.301231412322540
20 4
    -3.152436455095338     0.000000000000000    -0.356197014557374
     0.000000000000000    -1.162415373829441    -0.000000000000000
    -0.393809934606124    -0.000000000000000    -0.705329613231203
20 5
     0.018251806414724    -0.000000000000000     0.001416841604001
    -0.000000000000000     0.030761125681664    -0.000000000000000
    -0.073716487760012     0.000000000000000     0.073458926805398
20 6
    -0.000322901754661     0.000000000000000     0.021559906599036
     0.000000000000000    -0.004621684883362    -0.000000000000000
    -0.034780217559080     0.000000000000000     0.032911667311528
20 7
     0.028551122712377     0.000000000000000     0.003021718689960
    -0.000000000000000    -0.032416224398500    -0.000000000000000
    -0.088354097768395    -0.000000000000000     0.103706920610394
20 8
     0.012973990715634     0.000000000000000     0.003012042958627
     0.000000000000000     0.004549047840805    -0.000000000000000
    -0.064111570549321    -0.000000000000000     0.030918308497370
20 9
    -0.609321619544857     0.526173011261385    -0.213341499915974
     0.439556369506594    -0.126979329088243     0.076761746129555
    -0.232023778807699     0.122398375377387    -0.066933237947643
20 10
    -1.162748075864041    -1.367978454880139     0.670920262526874
    -1.355430540390544    -2.259724875825835     0.902955807559603
     0.437406179844797     0.496253371591387    -0.623455119868676
20 11
    -0.609321619544857    -0.526173011261385    -0.213341499915974
    -0.439556369506594    -0.126979329088243    -0.076761746129555
    -0.232023778807699    -0.122398375377387    -0.066933237947643
20 12
    -1.162748075864041     1.367978454880139     0.670920262526874
     1.355430540390544    -2.259724875825835    -0.902955807559603
     0.437406179844797    -0.496253371591387    -0.623455119868676
20 13
     0.019512427711010     0.006031547265538    -0.038273288039339
     0.011593091019192    -0.000251152088602     0.017500696732434
     0.009576503989990    -0.011916539398837     0.046681979501014
20 14
    -0.002181185619924     0.024995087537923    -0.038284875524260
     0.007244192908818     0.003273746544206    -0.036834148102000
     0.036526678597726    -0.004979534931886    -0.036443424425730
20 15
     0.019512427711010    -0.006031547265538    -0.038273288039339
    -0.011593091019192    -0.000251152088602    -0.017500696732434
     0.009576503989990     0.011916539398837     0.046681979501014
20 16
    -0.002181185619924    -0.024995087537923    -0.038284875524260
    -0.007244192908818     0.003273746544206     0.036834148102000
     0.036526678597726     0.004979534931886    -0.036443424425730
20 17
     0.049233877193065     0.000000000000000     0.026144833461002
     0.000000000000000     0.192126747985950    -0.000000000000000
     0.026144833461002     0.000000000000000    -0.075930688749794
20 18
    -0.092632396207765     0.000000000000000    -0.014291550953030
    -0.000000000000000     0.511520328762069    -0.000000000000000
    -0.014291550953030     0.000000000000000     0.186826239181657
20 19
    -0.125963480733595    -0.000000000000000     0.031389212068987
     0.000000000000000    -0.157060793768293     0.000000000000000
     0.031389212068987    -0.000000000000000     0.099589891725556
20 20
    16.154286885129718    -0.000000000000000    -0.686441562112343
    -0.000000000000000     8.843398260036935     0.000000000000000
    -0.686441562112343     0.000000000000000     4.901070499695024
20 21
     0.001534288656604     0.000000000000000     0.026623373738433
     0.000000000000000     0.006989453918417    -0.000000000000000
     0.026623373738433     0.000000000000000     0.053506249372579
20 22
    -0.018560939427542     0.000000000000000     0.022679071225127
     0.000000000000000     0.004050880169442    -0.000000000000000
     0.022679071225127     0.000000000000000    -0.004951080709960
20 23
     0.008045048774439     0.000000000000000     0.028434639610097
     0.000000000000000    -0.003383711415465     0.000000000000000
     0.028434639610097    -0.000000000000000     0.014820507991180
20 24
    -0.043004711772556     0.000000000000000     0.050983737031751
     0.000000000000000    -0.017654060907786     0.000000000000000
     0.050983737031751     0.000000000000000     0.068075120558855
20 25
    -0.586886677321091    -0.230257061158811     0.235936707202149
    -0.230257061158811    -0.032170218123163     0.031095166356784
     0.235936707202149     0.031095166356784    -0.211156014224108
20 26
    -0.603849723985883     0.941916771090236    -0.786551511455443
     0.941916771090236    -1.036175238334866     0.998795823991385
    -0.786551511455443     0.998795823991385    -0.767679897277458
20 27
    -0.586886677321091     0.230257061158811     0.235936707202149
     0.230257061158811    -0.032170218123163    -0.031095166356784
     0.235936707202149    -0.031095166356784    -0.211156014224108
20 28
    -0.603849723985883    -0.941916771090236    -0.786551511455443
    -0.941916771090236    -1.036175238334866    -0.998795823991385
    -0.786551511455443    -0.998795823991385    -0.767679897277458
20 29
    -0.006543613211306     0.000980285711700     0.002524938241458
     0.000980285711700    -0.000026986564102    -0.010918573210733
     0.002524938241458    -0.010918573210733    -0.101296657888994
20 30
     0.000474272350676    -0.009414334202629     0.021931110502559
    -0.009414334202629     0.001121836929923    -0.034234236582118
     0.021931110502559    -0.034234236582118    -0.191045696304271
20 31
    -0.006543613211306    -0.000980285711700     0.002524938241458
    -0.000980285711700    -0.000026986564102     0.010918573210733
     0.002524938241458     0.010918573210733    -0.101296657888994
20 32
     0.000474272350676     0.009414334202629     0.021931110502559
     0.009414334202629     0.001121836929923     0.034234236582118
     0.021931110502559     0.034234236582118    -0.191045696304271
20 33
    -0.087492920134010    -0.053355177846784    -0.053620550091790
    -0.071833149327984    -0.115623354785731    -0.011829170993587
    -0.053409805602874     0.017422555050146    -0.018307531626306
20 34
    -0.294386729629414     0.138417012557617     0.097999041723393
     0.325838925555773    -0.241601996927104    -0.142057834242300
     0.152768500144068    -0.041137293074149    -0.093018365799420
20 35
    -0.087492920134010     0.053355177846784    -0.053620550091790
     0.071833149327984    -0.115623354785731     0.011829170993587
    -0.053409805602874    -0.017422555050146    -0.018307531626306
20 36
    -0.294386729629414    -0.138417012557617     0.097999041723393
    -0.325838925555773    -0.241601996927104     0.142057834242300
     0.152768500144068     0.041137293074149    -0.093018365799420
20 37
    -0.002395357952669     0.030137067585690    -0.035328076526607
     0.012769101637005    -0.002342329524137    -0.008147055967529
    -0.011215818273801    -0.020335222763201     0.033563301989938
20 38
    -0.002699658522290     0.002418498193020     0.005547662092990
    -0.009975415070423    -0.005024373726918    -0.001012819718346
    -0.022507829610063     0.016382286066951    -0.002500858421873
20 39
    -0.002395357952669    -0.030137067585690    -0.035328076526607
    -0.012769101637005    -0.002342329524137     0.008147055967529
    -0.011215818273801     0.020335222763201     0.033563301989938
20 40
    -0.002699658522290    -0.002418498193020     0.005547662092990
     0.009975415070423    -0.005024373726918     0.001012819718346
    -0.022507829610063    -0.016382286066951    -0.002500858421873
20 41
     0.047424545020578     0.000000000000000    -0.003320587923696
     0.000000000000000     0.023102343753223     0.000000000000000
     0.026744034509583    -0.000000000000000    -0.018383776260987
20 42
    -0.014322358446375     0.000000000000000     0.031037008496731
     0.000000000000000    -0.173678056033223     0.000000000000000
     0.073473944397705    -0.000000000000000    -0.118797916226022
20 43
    -0.031580128751454     0.000000000000000     0.000297028684294
     0.000000000000000    -0.007807878144951     0.000000000000000
    -0.059166400301691    -0.000000000000000    -0.016146808128130
20 44
    -0.051275724493520     0.000000000000000     0.039072173371538
     0.000000000000000     0.074335185752924     0.000000000000000
     0.195721530989539    -0.000000000000000    -0.416118647526291
20 45
    -0.017151874032373     0.000000000000000    -0.011405036797500
     0.000000000000000    -0.021619571869695     0.000000000000000
     0.015174019966186    -0.000000000000000     0.001735395436746
20 46
    -0.006880226880372     0.000000000000000    -0.019000201992713
     0.000000000000000     0.098943358273228    -0.000000000000000
    -0.013708424621255    -0.000000000000000     0.090860246646165
20 47
    -0.026529317150913     0.000000000000000    -0.011675582718258
     0.000000000000000     0.020444920033203     0.000000000000000
     0.057958656562502    -0.000000000000000    -0.026123302663198
20 48
    -0.050901794299934     0.000000000000000    -0.060829098590170
     0.000000000000000    -0.093824697032185     0.000000000000000
    -0.016901754884764    -0.000000000000000     0.102563194298434
21 1
     0.012973990715634    -0.000000000000000     0.003012042958627
    -0.000000000000000     0.004549047840805    -0.000000000000000
    -0.064111570549321     0.000000000000000     0.030918308497370
21 2
     0.028551122712377     0.000000000000000     0.003021718689960
    -0.000000000000000    -0.032416224398500    -0.000000000000000
    -0.088354097768395     0.000000000000000     0.103706920610395
21 3
    -0.000322901754661     0.000000000000000     0.021559906599036
    -0.000000000000000    -0.004621684883362    -0.000000000000000
    -0.034780217559080    -0.000000000000000     0.032911667311528
21 4
     0.018251806414724     0.000000000000000     0.001416841604001
     0.000000000000000     0.030761125681664    -0.000000000000000
    -0.073716487760012    -0.000000000000000     0.073458926805398
21 5
    -3.152436455095338    -0.000000000000000    -0.356197014557374
    -0.000000000000000    -1.162415373829441    -0.000000000000000
    -0.393809934606124     0.000000000000000    -0.705329613231203
21 6
    -5.585483291112660     0.000000000000000     1.233103160373381
     0.000000000000000     0.046026619203030    -0.000000000000000
     1.369238478084322     0.000000000000000    -0.301231412322540
21 7
    -0.144412912723080     0.000000000000000    -0.172956142520203
    -0.000000000000000    -0.091280621845202    -0.000000000000000
     0.258632842066469    -0.000000000000000    -0.002184113329954
21 8
    -0.281805328287403     0.000000000000000     0.078422188780299
     0.000000000000000    -0.459437054253641    -0.000000000000000
    -0.319840122141422    -0.000000000000000    -0.011662764395751
21 9
    -0.002181185619924    -0.024995087537923    -0.038284875524260
    -0.007244192908818     0.003273746544206     0.036834148102000
     0.036526678597726     0.004979534931886    -0.036443424425730
21 10
     0.019512427711010    -0.006031547265538    -0.038273288039339
    -0.011593091019192    -0.000251152088602    -0.017500696732434
     0.009576503989990     0.011916539398837     0.046681979501014
21 11
    -0.002181185619924     0.024995087537923    -0.038284875524260
     0.007244192908818     0.003273746544206    -0.036834148102000
     0.036526678597726    -0.004979534931886    -0.036443424425730
21 12
     0.019512427711010     0.006031547265538    -0.038273288039339
     0.011593091019192    -0.000251152088602     0.017500696732434
     0.009576503989990    -0.011916539398837     0.046681979501014
21 13
    -1.162748075864041     1.367978454880139     0.670920262526874
     1.355430540390544    -2.259724875825835    -0.902955807559603
     0.437406179844797    -0.496253371591387    -0.623455119868676
21 14
    -0.609321619544857    -0.526173011261385    -0.213341499915974
    -0.439556369506594    -0.126979329088243    -0.076761746129555
    -0.232023778807699    -0.122398375377387    -0.066933237947643
21 15
    -1.162748075864041    -1.367978454880139     0.670920262526874
    -1.355430540390544    -2.259724875825835     0.902955807559603
     0.437406179844797     0.496253371591387    -0.623455119868676
21 16
    -0.609321619544857     0.526173011261385    -0.213341499915974
     0.439556369506594    -0.126979329088243     0.076761746129555
    -0.232023778807699     0.122398375377387    -0.066933237947643
21 17
    -0.043004711772556     0.000000000000000     0.050983737031751
     0.000000000000000    -0.017654060907786    -0.000000000000000
     0.050983737031751    -0.000000000000000     0.068075120558855
21 18
     0.008045048774439     0.000000000000000     0.028434639610097
    -0.000000000000000    -0.003383711415465    -0.000000000000000
     0.028434639610097    -0.000000000000000     0.014820507991180
21 19
    -0.018560939427542    -0.000000000000000     0.022679071225127
     0.000000000000000     0.004050880169442     0.000000000000000
     0.022679071225127    -0.000000000000000    -0.004951080709960
21 20
     0.001534288656604     0.000000000000000     0.026623373738433
     0.000000000000000     0.006989453918417     0.000000000000000
     0.026623373738433    -0.000000000000000     0.053506249372579
21 21
    16.154286885129714     0.000000000000000    -0.686441562112343
     0.000000000000000     8.843398260036935     0.000000000000000
    -0.686441562112343     0.000000000000000     4.901070499695023
21 22
    -0.125963480733595     0.000000000000000     0.031389212068987
     0.000000000000000    -0.157060793768293    -0.000000000000000
     0.031389212068987    -0.000000000000000     0.099589891725556
21 23
    -0.092632396207765     0.000000000000000    -0.014291550953030
     0.000000000000000     0.511520328762069     0.000000000000000
    -0.014291550953030    -0.000000000000000     0.186826239181657
21 24
     0.049233877193065     0.000000000000000     0.026144833461002
     0.000000000000000     0.192126747985950     0.000000000000000
     0.026144833461002    -0.000000000000000    -0.075930688749794
21 25
     0.000474272350676     0.009414334202629     0.021931110502559
     0.009414334202629     0.001121836929923     0.034234236582118
     0.021931110502559     0.034234236582118    -0.191045696304271
21 26
    -0.006543613211306    -0.000980285711700     0.002524938241458
    -0.000980285711700    -0.000026986564102     0.010918573210733
     0.002524938241458     0.010918573210733    -0.101296657888994
21 27
     0.000474272350676    -0.009414334202629     0.021931110502559
    -0.009414334202629     0.001121836929923    -0.034234236582118
     0.021931110502559    -0.034234236582118    -0.191045696304271
21 28
    -0.006543613211306     0.000980285711700     0.002524938241458
     0.000980285711700    -0.000026986564102    -0.010918573210733
     0.002524938241458    -0.010918573210733    -0.101296657888994
21 29
    -0.603849723985883    -0.941916771090236    -0.786551511455443
    -0.941916771090236    -1.036175238334865    -0.998795823991385
    -0.786551511455443    -0.998795823991385    -0.767679897277458
21 30
    -0.586886677321091     0.230257061158811     0.235936707202149
     0.230257061158811    -0.032170218123163    -0.031095166356784
     0.235936707202149    -0.031095166356784    -0.211156014224108
21 31
    -0.603849723985883     0.941916771090236    -0.786551511455443
     0.941916771090236    -1.036175238334866     0.998795823991385
    -0.786551511455443     0.998795823991385    -0.767679897277458
21 32
    -0.586886677321091    -0.230257061158811     0.235936707202149
    -0.230257061158811    -0.032170218123163     0.031095166356784
     0.235936707202149     0.031095166356784    -0.211156014224108
21 33
    -0.002699658522290    -0.002418498193020     0.005547662092990
     0.009975415070423    -0.005024373726918     0.001012819718346
    -0.022507829610063    -0.016382286066951    -0.002500858421873
21 34
    -0.002395357952669    -0.030137067585690    -0.035328076526607
    -0.012769101637005    -0.002342329524137     0.008147055967529
    -0.011215818273801     0.020335222763201     0.033563301989938
21 35
    -0.002699658522290     0.002418498193020     0.005547662092990
    -0.009975415070423    -0.005024373726918    -0.001012819718346
    -0.022507829610063     0.016382286066951    -0.002500858421873
21 36
    -0.002395357952669     0.030137067585690    -0.035328076526607
     0.012769101637005    -0.002342329524137    -0.008147055967529
    -0.011215818273801    -0.020335222763201     0.033563301989938
21 37
    -0.294386729629414    -0.138417012557617     0.097999041723393
    -0.325838925555773    -0.241601996927104     0.142057834242300
     0.152768500144068     0.041137293074149    -0.093018365799420
21 38
    -0.087492920134010     0.053355177846784    -0.053620550091790
     0.071833149327984    -0.115623354785731     0.011829170993587
    -0.053409805602874    -0.017422555050146    -0.018307531626306
21 39
    -0.294386729629414     0.138417012557617     0.097999041723393
     0.325838925555773    -0.241601996927104    -0.142057834242300
     0.152768500144068    -0.041137293074149    -0.093018365799420
21 40
    -0.087492920134010    -0.053355177846784    -0.053620550091790
    -0.071833149327984    -0.115623354785731    -0.011829170993587
    -0.053409805602874     0.017422555050146    -0.018307531626306
21 41
    -0.050901794299934     0.000000000000000    -0.060829098590170
     0.000000000000000    -0.093824697032185     0.000000000000000
    -0.016901754884764    -0.000000000000000     0.102563194298434
21 42
    -0.026529317150913     0.000000000000000    -0.011675582718258
     0.000000000000000     0.020444920033203     0.000000000000000
     0.057958656562502    -0.000000000000000    -0.026123302663198
21 43
    -0.006880226880372     0.000000000000000    -0.019000201992713
     0.000000000000000     0.098943358273228     0.000000000000000
    -0.013708424621255    -0.000000000000000     0.090860246646165
21 44
    -0.017151874032373     0.000000000000000    -0.011405036797500
     0.000000000000000    -0.021619571869695     0.000000000000000
     0.015174019966186    -0.000000000000000     0.001735395436746
21 45
    -0.051275724493520     0.000000000000000     0.039072173371538
     0.000000000000000     0.074335185752924     0.000000000000000
     0.195721530989539    -0.000000000000000    -0.416118647526291
21 46
    -0.031580128751454     0.000000000000000     0.000297028684294
     0.000000000000000    -0.007807878144951     0.000000000000000
    -0.059166400301691    -0.000000000000000    -0.016146808128130
21 47
    -0.014322358446375     0.000000000000000     0.031037008496731
     0.000000000000000    -0.173678056033223     0.000000000000000
     0.073473944397705    -0.000000000000000    -0.118797916226022
21 48
     0.047424545020578     0.000000000000000    -0.003320587923696
     0.000000000000000     0.023102343753223     0.000000000000000
     0.026744034509583    -0.000000000000000    -0.018383776260987
22 1
     0.028551122712377    -0.000000000000000     0.003021718689960
    -0.000000000000000    -0.032416224398500    -0.000000000000000
    -0.088354097768395     0.000000000000000     0.103706920610394
22 2
     0.012973990715634    -0.000000000000000     0.003012042958627
    -0.000000000000000     0.004549047840805    -0.000000000000000
    -0.064111570549321     0.000000000000000     0.030918308497370
22 3
     0.018251806414724     0.000000000000000     0.001416841604001
    -0.000000000000000     0.030761125681664    -0.000000000000000
    -0.073716487760012    -0.000000000000000     0.073458926805398
22 4
    -0.000322901754661     0.000000000000000     0.021559906599036
     0.000000000000000    -0.004621684883362    -0.000000000000000
    -0.034780217559080    -0.000000000000000     0.032911667311528
22 5
    -5.585483291112660    -0.000000000000000     1.233103160373381
    -0.000000000000000     0.046026619203030    -0.000000000000000
     1.369238478084322     0.000000000000000    -0.301231412322540
22 6
    -3.152436455095338     0.000000000000000    -0.356197014557374
     0.000000000000000    -1.162415373829441    -0.000000000000000
    -0.393809934606124     0.000000000000000    -0.705329613231203
22 7
    -0.281805328287403     0.000000000000000     0.078422188780299
    -0.000000000000000    -0.459437054253641    -0.000000000000000
    -0.319840122141422    -0.000000000000000    -0.011662764395751
22 8
    -0.144412912723080     0.000000000000000    -0.172956142520203
     0.000000000000000    -0.091280621845202    -0.000000000000000
     0.258632842066469    -0.000000000000000    -0.002184113329954
22 9
     0.019512427711010    -0.006031547265538    -0.038273288039339
    -0.011593091019192    -0.000251152088602    -0.017500696732434
     0.009576503989990     0.011916539398837     0.046681979501014
22 10
    -0.002181185619924    -0.024995087537923    -0.038284875524260
    -0.007244192908818     0.003273746544206     0.036834148102000
     0.036526678597726     0.004979534931886    -0.036443424425730
22 11
     0.019512427711010     0.006031547265538    -0.038273288039339
     0.011593091019192    -0.000251152088602     0.017500696732434
     0.009576503989990    -0.011916539398837     0.046681979501014
22 12
    -0.002181185619924     0.024995087537923    -0.038284875524260
     0.007244192908818     0.003273746544206    -0.036834148102000
     0.036526678597726    -0.004979534931886    -0.036443424425730
22 13
    -0.609321619544857    -0.526173011261385    -0.213341499915974
    -0.439556369506594    -0.126979329088243    -0.076761746129555
    -0.232023778807699    -0.122398375377387    -0.066933237947643
22 14
    -1.162748075864041     1.367978454880139     0.670920262526874
     1.355430540390544    -2.259724875825835    -0.902955807559603
     0.437406179844797    -0.496253371591387    -0.623455119868676
22 15
    -0.609321619544857     0.526173011261385    -0.213341499915974
     0.439556369506594    -0.126979329088243     0.076761746129555
    -0.232023778807699     0.122398375377387    -0.066933237947643
22 16
    -1.162748075864041    -1.367978454880139     0.670920262526874
    -1.355430540390544    -2.259724875825835     0.902955807559603
     0.437406179844797     0.496253371591387    -0.623455119868676
22 17
     0.008045048774439     0.000000000000000     0.028434639610097
     0.000000000000000    -0.003383711415465    -0.000000000000000
     0.028434639610097    -0.000000000000000     0.014820507991180
22 18
    -0.043004711772556     0.000000000000000     0.050983737031751
    -0.000000000000000    -0.017654060907786    -0.000000000000000
     0.050983737031751    -0.000000000000000     0.068075120558855
22 19
     0.001534288656604    -0.000000000000000     0.026623373738433
     0.000000000000000     0.006989453918417     0.000000000000000
     0.026623373738433    -0.000000000000000     0.053506249372579
22 20
    -0.018560939427542     0.000000000000000     0.022679071225127
     0.000000000000000     0.004050880169442     0.000000000000000
     0.022679071225127    -0.000000000000000    -0.004951080709960
22 21
    -0.125963480733595     0.000000000000000     0.031389212068987
     0.000000000000000    -0.157060793768293    -0.000000000000000
     0.031389212068987    -0.000000000000000     0.099589891725556
22 22
    16.154286885129714     0.000000000000000    -0.686441562112343
     0.000000000000000     8.843398260036938     0.000000000000000
    -0.686441562112343     0.000000000000000     4.901070499695023
22 23
     0.049233877193065     0.000000000000000     0.026144833461002
     0.000000000000000     0.192126747985950     0.000000000000000
     0.026144833461002    -0.000000000000000    -0.075930688749794
22 24
    -0.092632396207765     0.000000000000000    -0.014291550953030
    -0.000000000000000     0.511520328762069     0.000000000000000
    -0.014291550953030    -0.000000000000000     0.186826239181657
22 25
    -0.006543613211306    -0.000980285711700     0.002524938241458
    -0.000980285711700    -0.000026986564102     0.010918573210733
     0.002524938241458     0.010918573210733    -0.101296657888994
22 26
     0.000474272350676     0.009414334202629     0.021931110502559
     0.009414334202629     0.001121836929923     0.034234236582118
     0.021931110502559     0.034234236582118    -0.191045696304271
22 27
    -0.006543613211306     0.000980285711700     0.002524938241458
     0.000980285711700    -0.000026986564102    -0.010918573210733
     0.002524938241458    -0.010918573210733    -0.101296657888994
22 28
     0.000474272350676    -0.009414334202629     0.021931110502559
    -0.009414334202629     0.001121836929923    -0.034234236582118
     0.021931110502559    -0.034234236582118    -0.191045696304271
22 29
    -0.586886677321091     0.230257061158811     0.235936707202149
     0.230257061158811    -0.032170218123163    -0.031095166356784
     0.235936707202149    -0.031095166356784    -0.211156014224108
22 30
    -0.603849723985883    -0.941916771090236    -0.786551511455443
    -0.941916771090236    -1.036175238334865    -0.998795823991385
    -0.786551511455443    -0.998795823991385    -0.767679897277458
22 31
    -0.586886677321091    -0.230257061158811     0.235936707202149
    -0.230257061158811    -0.032170218123163     0.031095166356784
     0.235936707202149     0.031095166356784    -0.211156014224108
22 32
    -0.603849723985883     0.941916771090236    -0.786551511455443
     0.941916771090236    -1.036175238334866     0.998795823991385
    -0.786551511455443     0.998795823991385    -0.767679897277458
22 33
    -0.002395357952669    -0.030137067585690    -0.035328076526607
    -0.012769101637005    -0.002342329524137     0.008147055967529
    -0.011215818273801     0.020335222763201     0.033563301989938
22 34
    -0.002699658522290    -0.002418498193020     0.005547662092990
     0.009975415070423    -0.005024373726918     0.001012819718346
    -0.022507829610063    -0.016382286066951    -0.002500858421873
22 35
    -0.002395357952669     0.030137067585690    -0.035328076526607
     0.012769101637005    -0.002342329524137    -0.008147055967529
    -0.011215818273801    -0.020335222763201     0.033563301989938
22 36
    -0.002699658522290     0.002418498193020     0.005547662092990
    -0.009975415070423    -0.005024373726918    -0.001012819718346
    -0.022507829610063     0.016382286066951    -0.002500858421873
22 37
    -0.087492920134010     0.053355177846784    -0.053620550091790
     0.071833149327984    -0.115623354785732     0.011829170993587
    -0.053409805602874    -0.017422555050146    -0.018307531626306
22 38
    -0.294386729629414    -0.138417012557617     0.097999041723393
    -0.325838925555773    -0.241601996927104     0.142057834242300
     0.152768500144068     0.041137293074149    -0.093018365799420
22 39
    -0.087492920134010    -0.053355177846784    -0.053620550091790
    -0.071833149327984    -0.115623354785731    -0.011829170993587
    -0.053409805602874     0.017422555050146    -0.018307531626306
22 40
    -0.294386729629414     0.138417012557617     0.097999041723393
     0.325838925555773    -0.241601996927104    -0.142057834242300
     0.152768500144068    -0.041137293074149    -0.093018365799420
22 41
    -0.026529317150913     0.000000000000000    -0.011675582718258
     0.000000000000000     0.020444920033203     0.000000000000000
     0.057958656562502    -0.000000000000000    -0.026123302663198
22 42
    -0.050901794299934     0.000000000000000    -0.060829098590170
     0.000000000000000    -0.093824697032185     0.000000000000000
    -0.016901754884764    -0.000000000000000     0.102563194298434
22 43
    -0.017151874032373     0.000000000000000    -0.011405036797500
     0.000000000000000    -0.021619571869695     0.000000000000000
     0.015174019966186    -0.000000000000000     0.001735395436746
22 44
    -0.006880226880372     0.000000000000000    -0.019000201992713
     0.000000000000000     0.098943358273228     0.000000000000000
    -0.013708424621255    -0.000000000000000     0.090860246646165
22 45
    -0.031580128751454     0.000000000000000     0.000297028684294
     0.000000000000000    -0.007807878144951     0.000000000000000
    -0.059166400301691    -0.000000000000000    -0.016146808128130
22 46
    -0.051275724493520     0.000000000000000     0.039072173371538
     0.000000000000000     0.074335185752924    -0.000000000000000
     0.195721530989539    -0.000000000000000    -0.416118647526291
22 47
     0.047424545020578     0.000000000000000    -0.003320587923696
     0.000000000000000     0.023102343753223     0.000000000000000
     0.026744034509583    -0.000000000000000    -0.018383776260987
22 48
    -0.014322358446375     0.000000000000000     0.031037008496731
     0.000000000000000    -0.173678056033223     0.000000000000000
     0.073473944397705    -0.000000000000000    -0.118797916226022
23 1
    -0.000322901754661    -0.000000000000000     0.021559906599036
    -0.000000000000000    -0.004621684883362    -0.000000000000000
    -0.034780217559080     0.000000000000000     0.032911667311528
23 2
     0.018251806414724     0.000000000000000     0.001416841604001
    -0.000000000000000     0.030761125681664    -0.000000000000000
    -0.073716487760012     0.000000000000000     0.073458926805398
23 3
     0.012973990715634     0.000000000000000     0.003012042958627
    -0.000000000000000     0.004549047840805    -0.000000000000000
    -0.064111570549321    -0.000000000000000     0.030918308497370
23 4
     0.028551122712377     0.000000000000000     0.003021718689960
     0.000000000000000    -0.032416224398500    -0.000000000000000
    -0.088354097768395     0.000000000000000     0.103706920610394
23 5
    -0.144412912723080    -0.000000000000000    -0.172956142520203
    -0.000000000000000    -0.091280621845202    -0.000000000000000
     0.258632842066469     0.000000000000000    -0.002184113329954
23 6
    -0.281805328287403     0.000000000000000     0.078422188780299
     0.000000000000000    -0.459437054253641    -0.000000000000000
    -0.319840122141422     0.000000000000000    -0.011662764395751
23 7
    -3.152436455095338     0.000000000000000    -0.356197014557374
    -0.000000000000000    -1.162415373829441    -0.000000000000000
    -0.393809934606124    -0.000000000000000    -0.705329613231203
23 8
    -5.585483291112660     0.000000000000000     1.233103160373381
     0.000000000000000     0.046026619203030    -0.000000000000000
     1.369238478084322    -0.000000000000000    -0.301231412322540
23 9
    -0.002181185619924     0.024995087537923    -0.038284875524260
     0.007244192908818     0.003273746544206    -0.036834148102000
     0.036526678597726    -0.004979534931886    -0.036443424425730
23 10
     0.019512427711010     0.006031547265538    -0.038273288039339
     0.011593091019192    -0.000251152088602     0.017500696732434
     0.009576503989990    -0.011916539398837     0.046681979501014
23 11
    -0.002181185619924    -0.024995087537923    -0.038284875524260
    -0.007244192908818     0.003273746544206     0.036834148102000
     0.036526678597726     0.004979534931886    -0.036443424425730
23 12
     0.019512427711010    -0.006031547265538    -0.038273288039339
    -0.011593091019192    -0.000251152088602    -0.017500696732434
     0.009576503989990     0.011916539398837     0.046681979501014
23 13
    -1.162748075864041    -1.367978454880139     0.670920262526874
    -1.355430540390544    -2.259724875825835     0.902955807559603
     0.437406179844797     0.496253371591387    -0.623455119868676
23 14
    -0.609321619544857     0.526173011261385    -0.213341499915974
     0.439556369506594    -0.126979329088243     0.076761746129555
    -0.232023778807699     0.122398375377387    -0.066933237947643
23 15
    -1.162748075864041     1.367978454880139     0.670920262526874
     1.355430540390544    -2.259724875825835    -0.902955807559603
     0.437406179844797    -0.496253371591387    -0.623455119868676
23 16
    -0.609321619544857    -0.526173011261385    -0.213341499915974
    -0.439556369506594    -0.126979329088243    -0.076761746129555
    -0.232023778807699    -0.122398375377387    -0.066933237947643
23 17
    -0.018560939427542     0.000000000000000     0.022679071225127
     0.000000000000000     0.004050880169442    -0.000000000000000
     0.022679071225127     0.000000000000000    -0.004951080709960
23 18
     0.001534288656604     0.000000000000000     0.026623373738433
    -0.000000000000000     0.006989453918417    -0.000000000000000
     0.026623373738433     0.000000000000000     0.053506249372579
23 19
    -0.043004711772556    -0.000000000000000     0.050983737031751
     0.000000000000000    -0.017654060907786     0.000000000000000
     0.050983737031751     0.000000000000000     0.068075120558855
23 20
     0.008045048774439     0.000000000000000     0.028434639610097
     0.000000000000000    -0.003383711415465    -0.000000000000000
     0.028434639610097     0.000000000000000     0.014820507991180
23 21
    -0.092632396207765     0.000000000000000    -0.014291550953030
     0.000000000000000     0.511520328762069    -0.000000000000000
    -0.014291550953030     0.000000000000000     0.186826239181657
23 22
     0.049233877193065     0.000000000000000     0.026144833461002
     0.000000000000000     0.192126747985950    -0.000000000000000
     0.026144833461002     0.000000000000000    -0.075930688749794
23 23
    16.154286885129714     0.000000000000000    -0.686441562112343
     0.000000000000000     8.843398260036935    -0.000000000000000
    -0.686441562112343    -0.000000000000000     4.901070499695023
23 24
    -0.125963480733595     0.000000000000000     0.031389212068987
    -0.000000000000000    -0.157060793768293    -0.000000000000000
     0.031389212068987     0.000000000000000     0.099589891725556
23 25
     0.000474272350676    -0.009414334202629     0.021931110502559
    -0.009414334202629     0.001121836929923    -0.034234236582118
     0.021931110502559    -0.034234236582118    -0.191045696304271
23 26
    -0.006543613211306     0.000980285711700     0.002524938241458
     0.000980285711700    -0.000026986564102    -0.010918573210733
     0.002524938241458    -0.010918573210733    -0.101296657888994
23 27
     0.000474272350676     0.009414334202629     0.021931110502559
     0.009414334202629     0.001121836929923     0.034234236582118
     0.021931110502559     0.034234236582118    -0.191045696304271
23 28
    -0.006543613211306    -0.000980285711700     0.002524938241458
    -0.000980285711700    -0.000026986564102     0.010918573210733
     0.002524938241458     0.010918573210733    -0.101296657888994
23 29
    -0.603849723985883     0.941916771090236    -0.786551511455443
     0.941916771090236    -1.036175238334866     0.998795823991385
    -0.786551511455443     0.998795823991385    -0.767679897277458
23 30
    -0.586886677321091    -0.230257061158811     0.235936707202149
    -0.230257061158811    -0.032170218123163     0.031095166356784
     0.235936707202149     0.031095166356784    -0.211156014224108
23 31
    -0.603849723985883    -0.941916771090236    -0.786551511455443
    -0.941916771090236    -1.036175238334866    -0.998795823991385
    -0.786551511455443    -0.998795823991385    -0.767679897277458
23 32
    -0.586886677321091     0.230257061158811     0.235936707202149
     0.230257061158811    -0.032170218123163    -0.031095166356784
     0.235936707202149    -0.031095166356784    -0.211156014224108
23 33
    -0.002699658522290     0.002418498193020     0.005547662092990
    -0.009975415070423    -0.005024373726918    -0.001012819718346
    -0.022507829610063     0.016382286066951    -0.002500858421873
23 34
    -0.002395357952669     0.030137067585690    -0.035328076526607
     0.012769101637005    -0.002342329524137    -0.008147055967529
    -0.011215818273801    -0.020335222763201     0.033563301989938
23 35
    -0.002699658522290    -0.002418498193020     0.005547662092990
     0.009975415070423    -0.005024373726918     0.001012819718346
    -0.022507829610063    -0.016382286066951    -0.002500858421873
23 36
    -0.002395357952669    -0.030137067585690    -0.035328076526607
    -0.012769101637005    -0.002342329524137     0.008147055967529
    -0.011215818273801     0.020335222763201     0.033563301989938
23 37
    -0.294386729629414     0.138417012557617     0.097999041723393
     0.325838925555773    -0.241601996927104    -0.142057834242300
     0.152768500144068    -0.041137293074149    -0.093018365799420
23 38
    -0.087492920134010    -0.053355177846784    -0.053620550091790
    -0.071833149327984    -0.115623354785731    -0.011829170993587
    -0.053409805602874     0.017422555050146    -0.018307531626306
23 39
    -0.294386729629414    -0.138417012557617     0.097999041723393
    -0.325838925555773    -0.241601996927104     0.142057834242300
     0.152768500144068     0.041137293074149    -0.093018365799420
23 40
    -0.087492920134010     0.053355177846784    -0.053620550091790
     0.071833149327984    -0.115623354785731     0.011829170993587
    -0.053409805602874    -0.017422555050146    -0.018307531626306
23 41
    -0.006880226880372     0.000000000000000    -0.019000201992713
     0.000000000000000     0.098943358273228    -0.000000000000000
    -0.013708424621255     0.000000000000000     0.090860246646165
23 42
    -0.017151874032373     0.000000000000000    -0.011405036797500
     0.000000000000000    -0.021619571869695    -0.000000000000000
     0.015174019966186     0.000000000000000     0.001735395436746
23 43
    -0.050901794299934     0.000000000000000    -0.060829098590170
     0.000000000000000    -0.093824697032185    -0.000000000000000
    -0.016901754884764     0.000000000000000     0.102563194298434
23 44
    -0.026529317150913     0.000000000000000    -0.011675582718258
     0.000000000000000     0.020444920033203    -0.000000000000000
     0.057958656562502     0.000000000000000    -0.026123302663198
23 45
    -0.014322358446375     0.000000000000000     0.031037008496731
     0.000000000000000    -0.173678056033223    -0.000000000000000
     0.073473944397705     0.000000000000000    -0.118797916226022
23 46
     0.047424545020578     0.000000000000000    -0.003320587923696
     0.000000000000000     0.023102343753223    -0.000000000000000
     0.026744034509583     0.000000000000000    -0.018383776260987
23 47
    -0.051275724493520     0.000000000000000     0.039072173371538
     0.000000000000000     0.074335185752924    -0.000000000000000
     0.195721530989539     0.000000000000000    -0.416118647526291
23 48
    -0.031580128751454     0.000000000000000     0.000297028684294
     0.000000000000000    -0.007807878144951    -0.000000000000000
    -0.059166400301691     0.000000000000000    -0.016146808128130
24 1
     0.018251806414724    -0.000000000000000     0.001416841604001
    -0.000000000000000     0.030761125681664    -0.000000000000000
    -0.073716487760012     0.000000000000000     0.073458926805398
24 2
    -0.000322901754661    -0.000000000000000     0.021559906599036
    -0.000000000000000    -0.004621684883362    -0.000000000000000
    -0.034780217559080     0.000000000000000     0.032911667311528
24 3
     0.028551122712377     0.000000000000000     0.003021718689960
    -0.000000000000000    -0.032416224398500    -0.000000000000000
    -0.088354097768395    -0.000000000000000     0.103706920610394
24 4
     0.012973990715634     0.000000000000000     0.003012042958627
     0.000000000000000     0.004549047840805    -0.000000000000000
    -0.064111570549321    -0.000000000000000     0.030918308497370
24 5
    -0.281805328287403    -0.000000000000000     0.078422188780299
    -0.000000000000000    -0.459437054253641    -0.000000000000000
    -0.319840122141422     0.000000000000000    -0.011662764395751
24 6
    -0.144412912723080     0.000000000000000    -0.172956142520203
     0.000000000000000    -0.091280621845202    -0.000000000000000
     0.258632842066469     0.000000000000000    -0.002184113329954
24 7
    -5.585483291112660     0.000000000000000     1.233103160373381
    -0.000000000000000     0.046026619203030    -0.000000000000000
     1.369238478084322    -0.000000000000000    -0.301231412322540
24 8
    -3.152436455095338     0.000000000000000    -0.356197014557374
     0.000000000000000    -1.162415373829441    -0.000000000000000
    -0.393809934606124    -0.000000000000000    -0.705329613231203
24 9
     0.019512427711010     0.006031547265538    -0.038273288039339
     0.011593091019192    -0.000251152088602     0.017500696732434
     0.009576503989990    -0.011916539398837     0.046681979501014
24 10
    -0.002181185619924     0.024995087537923    -0.038284875524260
     0.007244192908818     0.003273746544206    -0.036834148102000
     0.036526678597726    -0.004979534931886    -0.036443424425730
24 11
     0.019512427711010    -0.006031547265538    -0.038273288039339
    -0.011593091019192    -0.000251152088602    -0.017500696732434
     0.009576503989990     0.011916539398837     0.046681979501014
24 12
    -0.002181185619924    -0.024995087537923    -0.038284875524260
    -0.007244192908818     0.003273746544206     0.036834148102000
     0.036526678597726     0.004979534931886    -0.036443424425730
24 13
    -0.609321619544857     0.526173011261385    -0.213341499915974
     0.439556369506594    -0.126979329088243     0.076761746129555
    -0.232023778807699     0.122398375377387    -0.066933237947643
24 14
    -1.162748075864041    -1.367978454880139     0.670920262526874
    -1.355430540390544    -2.259724875825835     0.902955807559603
     0.437406179844797     0.496253371591387    -0.623455119868676
24 15
    -0.609321619544857    -0.526173011261385    -0.213341499915974
    -0.439556369506594    -0.126979329088243    -0.076761746129555
    -0.232023778807699    -0.122398375377387    -0.066933237947643
24 16
    -1.162748075864041     1.367978454880139     0.670920262526874
     1.355430540390544    -2.259724875825835    -0.902955807559603
     0.437406179844797    -0.496253371591387    -0.623455119868676
24 17
     0.001534288656604     0.000000000000000     0.026623373738433
     0.000000000000000     0.006989453918417    -0.000000000000000
     0.026623373738433     0.000000000000000     0.053506249372579
24 18
    -0.018560939427542     0.000000000000000     0.022679071225127
    -0.000000000000000     0.004050880169442    -0.000000000000000
     0.022679071225127     0.000000000000000    -0.004951080709960
24 19
     0.008045048774439    -0.000000000000000     0.028434639610097
     0.000000000000000    -0.003383711415465     0.000000000000000
     0.028434639610097    -0.000000000000000     0.014820507991180
24 20
    -0.043004711772556     0.000000000000000     0.050983737031751
     0.000000000000000    -0.017654060907786     0.000000000000000
     0.050983737031751     0.000000000000000     0.068075120558855
24 21
     0.049233877193065     0.000000000000000     0.026144833461002
     0.000000000000000     0.192126747985950    -0.000000000000000
     0.026144833461002     0.000000000000000    -0.075930688749794
24 22
    -0.092632396207765    -0.000000000000000    -0.014291550953030
     0.000000000000000     0.511520328762069    -0.000000000000000
    -0.014291550953030     0.000000000000000     0.186826239181657
24 23
    -0.125963480733595    -0.000000000000000     0.031389212068987
     0.000000000000000    -0.157060793768293     0.000000000000000
     0.031389212068987    -0.000000000000000     0.099589891725556
24 24
    16.154286885129714    -0.000000000000000    -0.686441562112343
    -0.000000000000000     8.843398260036935     0.000000000000000
    -0.686441562112343     0.000000000000000     4.901070499695023
24 25
    -0.006543613211306     0.000980285711700     0.002524938241458
     0.000980285711700    -0.000026986564102    -0.010918573210733
     0.002524938241458    -0.010918573210733    -0.101296657888994
24 26
     0.000474272350676    -0.009414334202629     0.021931110502559
    -0.009414334202629     0.001121836929923    -0.034234236582118
     0.021931110502559    -0.034234236582118    -0.191045696304271
24 27
    -0.006543613211306    -0.000980285711700     0.002524938241458
    -0.000980285711700    -0.000026986564102     0.010918573210733
     0.002524938241458     0.010918573210733    -0.101296657888994
24 28
     0.000474272350676     0.009414334202629     0.021931110502559
     0.009414334202629     0.001121836929923     0.034234236582118
     0.021931110502559     0.034234236582118    -0.191045696304271
24 29
    -0.586886677321091    -0.230257061158811     0.235936707202149
    -0.230257061158811    -0.032170218123163     0.031095166356784
     0.235936707202149     0.031095166356784    -0.211156014224108
24 30
    -0.603849723985883     0.941916771090236    -0.786551511455443
     0.941916771090236    -1.036175238334866     0.998795823991385
    -0.786551511455443     0.998795823991385    -0.767679897277458
24 31
    -0.586886677321091     0.230257061158811     0.235936707202149
     0.230257061158811    -0.032170218123163    -0.031095166356784
     0.235936707202149    -0.031095166356784    -0.211156014224108
24 32
    -0.603849723985883    -0.941916771090236    -0.786551511455443
    -0.941916771090236    -1.036175238334866    -0.998795823991385
    -0.786551511455443    -0.998795823991385    -0.767679897277458
24 33
    -0.002395357952669     0.030137067585690    -0.035328076526607
     0.012769101637005    -0.002342329524137    -0.008147055967529
    -0.011215818273801    -0.020335222763201     0.033563301989938
24 34
    -0.002699658522290     0.002418498193020     0.005547662092990
    -0.009975415070423    -0.005024373726918    -0.001012819718346
    -0.022507829610063     0.016382286066951    -0.002500858421873
24 35
    -0.002395357952669    -0.030137067585690    -0.035328076526607
    -0.012769101637005    -0.002342329524137     0.008147055967529
    -0.011215818273801     0.020335222763201     0.033563301989938
24 36
    -0.002699658522290    -0.002418498193020     0.005547662092990
     0.009975415070423    -0.005024373726918     0.001012819718346
    -0.022507829610063    -0.016382286066951    -0.002500858421873
24 37
    -0.087492920134010    -0.053355177846784    -0.053620550091790
    -0.071833149327984    -0.115623354785731    -0.011829170993587
    -0.053409805602874     0.017422555050146    -0.018307531626306
24 38
    -0.294386729629414     0.138417012557617     0.097999041723393
     0.325838925555773    -0.241601996927104    -0.142057834242300
     0.152768500144068    -0.041137293074149    -0.093018365799420
24 39
    -0.087492920134010     0.053355177846784    -0.053620550091790
     0.071833149327984    -0.115623354785731     0.011829170993587
    -0.053409805602874    -0.017422555050146    -0.018307531626306
24 40
    -0.294386729629414    -0.138417012557617     0.097999041723393
    -0.325838925555773    -0.241601996927104     0.142057834242300
     0.152768500144068     0.041137293074149    -0.093018365799420
24 41
    -0.017151874032373     0.000000000000000    -0.011405036797500
     0.000000000000000    -0.021619571869695     0.000000000000000
     0.015174019966186    -0.000000000000000     0.001735395436746
24 42
    -0.006880226880372     0.000000000000000    -0.019000201992713
     0.000000000000000     0.098943358273228     0.000000000000000
    -0.013708424621255    -0.000000000000000     0.090860246646165
24 43
    -0.026529317150913     0.000000000000000    -0.011675582718258
     0.000000000000000     0.020444920033203     0.000000000000000
     0.057958656562502    -0.000000000000000    -0.026123302663198
24 44
    -0.050901794299934     0.000000000000000    -0.060829098590170
     0.000000000000000    -0.093824697032185     0.000000000000000
    -0.016901754884764    -0.000000000000000     0.102563194298434
24 45
     0.047424545020578     0.000000000000000    -0.003320587923696
     0.000000000000000     0.023102343753223     0.000000000000000
     0.026744034509583    -0.000000000000000    -0.018383776260987
24 46
    -0.014322358446375     0.000000000000000     0.031037008496731
     0.000000000000000    -0.173678056033223    -0.000000000000000
     0.073473944397705    -0.000000000000000    -0.118797916226022
24 47
    -0.031580128751454     0.000000000000000     0.000297028684294
     0.000000000000000    -0.007807878144951     0.000000000000000
    -0.059166400301691    -0.000000000000000    -0.016146808128130
24 48
    -0.051275724493520     0.000000000000000     0.039072173371538
     0.000000000000000     0.074335185752924     0.000000000000000
     0.195721530989539    -0.000000000000000    -0.416118647526291
25 1
    -1.162748075864041     1.367978454880139     0.670920262526874
     1.355430540390544    -2.259724875825835    -0.902955807559603
     0.437406179844797    -0.496253371591387    -0.623455119868676
25 2
    -0.609321619544857    -0.526173011261385    -0.213341499915974
    -0.439556369506594    -0.126979329088243    -0.076761746129555
    -0.232023778807699    -0.122398375377387    -0.066933237947643
25 3
    -1.162748075864041    -1.367978454880139     0.670920262526874
    -1.355430540390544    -2.259724875825835     0.902955807559603
     0.437406179844797     0.496253371591387    -0.623455119868676
25 4
    -0.609321619544857     0.526173011261385    -0.213341499915974
     0.439556369506594    -0.126979329088243     0.076761746129555
    -0.232023778807699     0.122398375377387    -0.066933237947643
25 5
    -0.002181185619924    -0.024995087537923    -0.038284875524260
    -0.007244192908818     0.003273746544206     0.036834148102000
     0.036526678597726     0.004979534931886    -0.036443424425730
25 6
     0.019512427711010    -0.006031547265538    -0.038273288039339
    -0.011593091019192    -0.000251152088602    -0.017500696732434
     0.009576503989990     0.011916539398837     0.046681979501014
25 7
    -0.002181185619924     0.024995087537923    -0.038284875524260
     0.007244192908818     0.003273746544206    -0.036834148102000
     0.036526678597726    -0.004979534931886    -0.036443424425730
25 8
     0.019512427711010     0.006031547265538    -0.038273288039339
     0.011593091019192    -0.000251152088602     0.017500696732434
     0.009576503989990    -0.011916539398837     0.046681979501014
25 9
    -3.152436455095338    -0.000000000000000    -0.356197014557374
    -0.000000000000000    -1.162415373829441     0.000000000000000
    -0.393809934606124     0.000000000000000    -0.705329613231203
25 10
    -5.585483291112660     0.000000000000000     1.233103160373381
    -0.000000000000000     0.046026619203030    -0.000000000000000
     1.369238478084322     0.000000000000000    -0.301231412322540
25 11
    -0.144412912723080     0.000000000000000    -0.172956142520203
    -0.000000000000000    -0.091280621845202    -0.000000000000000
     0.258632842066469    -0.000000000000000    -0.002184113329954
25 12
    -0.281805328287403     0.000000000000000     0.078422188780299
    -0.000000000000000    -0.459437054253641    -0.000000000000000
    -0.319840122141422    -0.000000000000000    -0.011662764395751
25 13
     0.012973990715634    -0.000000000000000     0.003012042958627
    -0.000000000000000     0.004549047840805    -0.000000000000000
    -0.064111570549321     0.000000000000000     0.030918308497370
25 14
     0.028551122712377     0.000000000000000     0.003021718689960
    -0.000000000000000    -0.032416224398500    -0.000000000000000
    -0.088354097768395     0.000000000000000     0.103706920610394
25 15
    -0.000322901754661     0.000000000000000     0.021559906599036
    -0.000000000000000    -0.004621684883362    -0.000000000000000
    -0.034780217559080    -0.000000000000000     0.032911667311528
25 16
     0.018251806414724     0.000000000000000     0.001416841604001
    -0.000000000000000     0.030761125681664    -0.000000000000000
    -0.073716487760012    -0.000000000000000     0.073458926805398
25 17
    -0.603849723985883    -0.941916771090236    -0.786551511455443
    -0.941916771090236    -1.036175238334865    -0.998795823991385
    -0.786551511455443    -0.998795823991385    -0.767679897277458
25 18
    -0.586886677321091     0.230257061158811     0.235936707202149
     0.230257061158811    -0.032170218123163    -0.031095166356784
     0.235936707202149    -0.031095166356784    -0.211156014224108
25 19
    -0.603849723985883     0.941916771090236    -0.786551511455443
     0.941916771090236    -1.036175238334866     0.998795823991385
    -0.786551511455443     0.998795823991385    -0.767679897277458
25 20
    -0.586886677321091    -0.230257061158811     0.235936707202149
    -0.230257061158811    -0.032170218123163     0.031095166356784
     0.235936707202149     0.031095166356784    -0.211156014224108
25 21
     0.000474272350676     0.009414334202629     0.021931110502559
     0.009414334202629     0.001121836929923     0.034234236582118
     0.021931110502559     0.034234236582118    -0.191045696304271
25 22
    -0.006543613211306    -0.000980285711700     0.002524938241458
    -0.000980285711700    -0.000026986564102     0.010918573210733
     0.002524938241458     0.010918573210733    -0.101296657888994
25 23
     0.000474272350676    -0.009414334202629     0.021931110502559
    -0.009414334202629     0.001121836929923    -0.034234236582118
     0.021931110502559    -0.034234236582118    -0.191045696304271
25 24
    -0.006543613211306     0.000980285711700     0.002524938241458
     0.000980285711700    -0.000026986564102    -0.010918573210733
     0.002524938241458    -0.010918573210733    -0.101296657888994
25 25
    16.154286885129718     0.000000000000000    -0.686441562112343
     0.000000000000000     8.843398260036933     0.000000000000000
    -0.686441562112343     0.000000000000000     4.901070499695025
25 26
    -0.125963480733595    -0.000000000000000     0.031389212068987
    -0.000000000000000    -0.157060793768293    -0.000000000000000
     0.031389212068987    -0.000000000000000     0.099589891725556
25 27
    -0.092632396207765     0.000000000000000    -0.014291550953030
    -0.000000000000000     0.511520328762069     0.000000000000000
    -0.014291550953030    -0.000000000000000     0.186826239181657
25 28
     0.049233877193065     0.000000000000000     0.026144833461002
    -0.000000000000000     0.192126747985950     0.000000000000000
     0.026144833461002    -0.000000000000000    -0.075930688749794
25 29
    -0.043004711772556    -0.000000000000000     0.050983737031751
    -0.000000000000000    -0.017654060907786    -0.000000000000000
     0.050983737031751    -0.000000000000000     0.068075120558855
25 30
     0.008045048774439    -0.000000000000000     0.028434639610097
    -0.000000000000000    -0.003383711415465    -0.000000000000000
     0.028434639610097    -0.000000000000000     0.014820507991180
25 31
    -0.018560939427542     0.000000000000000     0.022679071225127
    -0.000000000000000     0.004050880169442     0.000000000000000
     0.022679071225127    -0.000000000000000    -0.004951080709960
25 32
     0.001534288656604     0.000000000000000     0.026623373738433
    -0.000000000000000     0.006989453918417     0.000000000000000
     0.026623373738433    -0.000000000000000     0.053506249372579
25 33
    -0.051275724493520     0.000000000000000     0.039072173371538
    -0.000000000000000     0.074335185752924     0.000000000000000
     0.195721530989539    -0.000000000000000    -0.416118647526291
25 34
    -0.031580128751454     0.000000000000000     0.000297028684294
    -0.000000000000000    -0.007807878144951     0.000000000000000
    -0.059166400301691    -0.000000000000000    -0.016146808128130
25 35
    -0.014322358446375     0.000000000000000     0.031037008496731
    -0.000000000000000    -0.173678056033223     0.000000000000000
     0.073473944397705    -0.000000000000000    -0.118797916226022
25 36
     0.047424545020578     0.000000000000000    -0.003320587923696
    -0.000000000000000     0.023102343753223     0.000000000000000
     0.026744034509583    -0.000000000000000    -0.018383776260987
25 37
    -0.050901794299934     0.000000000000000    -0.060829098590170
    -0.000000000000000    -0.093824697032185     0.000000000000000
    -0.016901754884764    -0.000000000000000     0.102563194298434
25 38
    -0.026529317150913     0.000000000000000    -0.011675582718258
    -0.000000000000000     0.020444920033203     0.000000000000000
     0.057958656562502    -0.000000000000000    -0.026123302663198
25 39
    -0.006880226880372     0.000000000000000    -0.019000201992713
    -0.000000000000000     0.098943358273228     0.000000000000000
    -0.013708424621255    -0.000000000000000     0.090860246646165
25 40
    -0.017151874032373     0.000000000000000    -0.011405036797500
    -0.000000000000000    -0.021619571869695     0.000000000000000
     0.015174019966186    -0.000000000000000     0.001735395436746
25 41
    -0.294386729629414    -0.138417012557617     0.097999041723393
    -0.325838925555773    -0.241601996927104     0.142057834242300
     0.152768500144068     0.041137293074149    -0.093018365799420
25 42
    -0.087492920134010     0.053355177846784    -0.053620550091790
     0.071833149327984    -0.115623354785731     0.011829170993587
    -0.053409805602874    -0.017422555050146    -0.018307531626306
25 43
    -0.294386729629414     0.138417012557617     0.097999041723393
     0.325838925555773    -0.241601996927104    -0.142057834242300
     0.152768500144068    -0.041137293074149    -0.093018365799420
25 44
    -0.087492920134010    -0.053355177846784    -0.053620550091790
    -0.071833149327984    -0.115623354785731    -0.011829170993587
    -0.053409805602874     0.017422555050146    -0.018307531626306
25 45
    -0.002699658522290    -0.002418498193020     0.005547662092990
     0.009975415070423    -0.005024373726918     0.001012819718346
    -0.022507829610063    -0.016382286066951    -0.002500858421873
25 46
    -0.002395357952669    -0.030137067585690    -0.035328076526607
    -0.012769101637005    -0.002342329524137     0.008147055967529
    -0.011215818273801     0.020335222763201     0.033563301989938
25 47
    -0.002699658522290     0.002418498193020     0.005547662092990
    -0.009975415070423    -0.005024373726918    -0.001012819718346
    -0.022507829610063     0.016382286066951    -0.002500858421873
25 48
    -0.002395357952669     0.030137067585690    -0.035328076526607
     0.012769101637005    -0.002342329524137    -0.008147055967529
    -0.011215818273801    -0.020335222763201     0.033563301989938
26 1
    -0.609321619544857    -0.526173011261385    -0.213341499915974
    -0.439556369506594    -0.126979329088243    -0.076761746129555
    -0.232023778807699    -0.122398375377387    -0.066933237947643
26 2
    -1.162748075864041     1.367978454880139     0.670920262526874
     1.355430540390544    -2.259724875825835    -0.902955807559603
     0.437406179844797    -0.496253371591387    -0.623455119868676
26 3
    -0.609321619544857     0.526173011261385    -0.213341499915974
     0.439556369506594    -0.126979329088243     0.076761746129555
    -0.232023778807699     0.122398375377387    -0.066933237947643
26 4
    -1.162748075864041    -1.367978454880139     0.670920262526874
    -1.355430540390544    -2.259724875825835     0.902955807559603
     0.437406179844797     0.496253371591387    -0.623455119868676
26 5
     0.019512427711010    -0.006031547265538    -0.038273288039339
    -0.011593091019192    -0.000251152088602    -0.017500696732434
     0.009576503989990     0.011916539398837     0.046681979501014
26 6
    -0.002181185619924    -0.024995087537923    -0.038284875524260
    -0.007244192908818     0.003273746544206     0.036834148102000
     0.036526678597726     0.004979534931886    -0.036443424425730
26 7
     0.019512427711010     0.006031547265538    -0.038273288039339
     0.011593091019192    -0.000251152088602     0.017500696732434
     0.009576503989990    -0.011916539398837     0.046681979501014
26 8
    -0.002181185619924     0.024995087537923    -0.038284875524260
     0.007244192908818     0.003273746544206    -0.036834148102000
     0.036526678597726    -0.004979534931886    -0.036443424425730
26 9
    -5.585483291112660    -0.000000000000000     1.233103160373381
    -0.000000000000000     0.046026619203030     0.000000000000000
     1.369238478084322     0.000000000000000    -0.301231412322540
26 10
    -3.152436455095338     0.000000000000000    -0.356197014557374
    -0.000000000000000    -1.162415373829441    -0.000000000000000
    -0.393809934606124     0.000000000000000    -0.705329613231203
26 11
    -0.281805328287403     0.000000000000000     0.078422188780299
    -0.000000000000000    -0.459437054253641    -0.000000000000000
    -0.319840122141422    -0.000000000000000    -0.011662764395751
26 12
    -0.144412912723080     0.000000000000000    -0.172956142520203
    -0.000000000000000    -0.091280621845202    -0.000000000000000
     0.258632842066469    -0.000000000000000    -0.002184113329954
26 13
     0.028551122712377    -0.000000000000000     0.003021718689960
    -0.000000000000000    -0.032416224398500    -0.000000000000000
    -0.088354097768395     0.000000000000000     0.103706920610394
26 14
     0.012973990715634     0.000000000000000     0.003012042958627
    -0.000000000000000     0.004549047840805    -0.000000000000000
    -0.064111570549321     0.000000000000000     0.030918308497370
26 15
     0.018251806414724     0.000000000000000     0.001416841604001
    -0.000000000000000     0.030761125681664    -0.000000000000000
    -0.073716487760012    -0.000000000000000     0.073458926805398
26 16
    -0.000322901754661     0.000000000000000     0.021559906599036
    -0.000000000000000    -0.004621684883362    -0.000000000000000
    -0.034780217559080    -0.000000000000000     0.032911667311528
26 17
    -0.586886677321091     0.230257061158811     0.235936707202149
     0.230257061158811    -0.032170218123163    -0.031095166356784
     0.235936707202149    -0.031095166356784    -0.211156014224108
26 18
    -0.603849723985883    -0.941916771090236    -0.786551511455443
    -0.941916771090236    -1.036175238334865    -0.998795823991385
    -0.786551511455443    -0.998795823991385    -0.767679897277458
26 19
    -0.586886677321091    -0.230257061158811     0.235936707202149
    -0.230257061158811    -0.032170218123163     0.031095166356784
     0.235936707202149     0.031095166356784    -0.211156014224108
26 20
    -0.603849723985883     0.941916771090236    -0.786551511455443
     0.941916771090236    -1.036175238334866     0.998795823991385
    -0.786551511455443     0.998795823991385    -0.767679897277458
26 21
    -0.006543613211306    -0.000980285711700     0.002524938241458
    -0.000980285711700    -0.000026986564102     0.010918573210733
     0.002524938241458     0.010918573210733    -0.101296657888994
26 22
     0.000474272350676     0.009414334202629     0.021931110502559
     0.009414334202629     0.001121836929923     0.034234236582118
     0.021931110502559     0.034234236582118    -0.191045696304271
26 23
    -0.006543613211306     0.000980285711700     0.002524938241458
     0.000980285711700    -0.000026986564102    -0.010918573210733
     0.002524938241458    -0.010918573210733    -0.101296657888994
26 24
     0.000474272350676    -0.009414334202629     0.021931110502559
    -0.009414334202629     0.001121836929923    -0.034234236582118
     0.021931110502559    -0.034234236582118    -0.191045696304271
26 25
    -0.125963480733595    -0.000000000000000     0.031389212068987
    -0.000000000000000    -0.157060793768293    -0.000000000000000
     0.031389212068987    -0.000000000000000     0.099589891725556
26 26
    16.154286885129718     0.000000000000000    -0.686441562112343
     0.000000000000000     8.843398260036931     0.000000000000000
    -0.686441562112343     0.000000000000000     4.901070499695024
26 27
     0.049233877193065     0.000000000000000     0.026144833461002
    -0.000000000000000     0.192126747985950     0.000000000000000
     0.026144833461002    -0.000000000000000    -0.075930688749794
26 28
    -0.092632396207765     0.000000000000000    -0.014291550953030
    -0.000000000000000     0.511520328762069     0.000000000000000
    -0.014291550953030    -0.000000000000000     0.186826239181657
26 29
     0.008045048774439    -0.000000000000000     0.028434639610097
    -0.000000000000000    -0.003383711415465    -0.000000000000000
     0.028434639610097    -0.000000000000000     0.014820507991180
26 30
    -0.043004711772556    -0.000000000000000     0.050983737031751
    -0.000000000000000    -0.017654060907786    -0.000000000000000
     0.050983737031751    -0.000000000000000     0.068075120558855
26 31
     0.001534288656604     0.000000000000000     0.026623373738433
    -0.000000000000000     0.006989453918417     0.000000000000000
     0.026623373738433    -0.000000000000000     0.053506249372579
26 32
    -0.018560939427542     0.000000000000000     0.022679071225127
    -0.000000000000000     0.004050880169442     0.000000000000000
     0.022679071225127    -0.000000000000000    -0.004951080709960
26 33
    -0.031580128751454     0.000000000000000     0.000297028684294
    -0.000000000000000    -0.007807878144951     0.000000000000000
    -0.059166400301691    -0.000000000000000    -0.016146808128130
26 34
    -0.051275724493520     0.000000000000000     0.039072173371538
    -0.000000000000000     0.074335185752924     0.000000000000000
     0.195721530989539    -0.000000000000000    -0.416118647526291
26 35
     0.047424545020578     0.000000000000000    -0.003320587923696
    -0.000000000000000     0.023102343753223     0.000000000000000
     0.026744034509583    -0.000000000000000    -0.018383776260987
26 36
    -0.014322358446375     0.000000000000000     0.031037008496731
    -0.000000000000000    -0.173678056033223     0.000000000000000
     0.073473944397705    -0.000000000000000    -0.118797916226022
26 37
    -0.026529317150913     0.000000000000000    -0.011675582718258
    -0.000000000000000     0.020444920033203     0.000000000000000
     0.057958656562502    -0.000000000000000    -0.026123302663198
26 38
    -0.050901794299934     0.000000000000000    -0.060829098590170
    -0.000000000000000    -0.093824697032184    -0.000000000000000
    -0.016901754884764    -0.000000000000000     0.102563194298434
26 39
    -0.017151874032373     0.000000000000000    -0.011405036797500
    -0.000000000000000    -0.021619571869695     0.000000000000000
     0.015174019966186    -0.000000000000000     0.001735395436746
26 40
    -0.006880226880372     0.000000000000000    -0.019000201992713
    -0.000000000000000     0.098943358273228     0.000000000000000
    -0.013708424621255    -0.000000000000000     0.090860246646165
26 41
    -0.087492920134010     0.053355177846784    -0.053620550091790
     0.071833149327984    -0.115623354785731     0.011829170993587
    -0.053409805602874    -0.017422555050146    -0.018307531626306
26 42
    -0.294386729629414    -0.138417012557617     0.097999041723393
    -0.325838925555773    -0.241601996927104     0.142057834242300
     0.152768500144068     0.041137293074149    -0.093018365799420
26 43
    -0.087492920134010    -0.053355177846784    -0.053620550091790
    -0.071833149327984    -0.115623354785731    -0.011829170993587
    -0.053409805602874     0.017422555050146    -0.018307531626306
26 44
    -0.294386729629414     0.138417012557617     0.097999041723393
     0.325838925555773    -0.241601996927104    -0.142057834242300
     0.152768500144068    -0.041137293074149    -0.093018365799420
26 45
    -0.002395357952669    -0.030137067585690    -0.035328076526607
    -0.012769101637005    -0.002342329524137     0.008147055967529
    -0.011215818273801     0.020335222763201     0.033563301989938
26 46
    -0.002699658522290    -0.002418498193020     0.005547662092990
     0.009975415070423    -0.005024373726918     0.001012819718346
    -0.022507829610063    -0.016382286066951    -0.002500858421873
26 47
    -0.002395357952669     0.030137067585690    -0.035328076526607
     0.012769101637005    -0.002342329524137    -0.008147055967529
    -0.011215818273801    -0.020335222763201     0.033563301989938
26 48
    -0.002699658522290     0.002418498193020     0.005547662092990
    -0.009975415070423    -0.005024373726918    -0.001012819718346
    -0.022507829610063     0.016382286066951    -0.002500858421873
27 1
    -1.162748075864041    -1.367978454880139     0.670920262526874
    -1.355430540390544    -2.259724875825835     0.902955807559603
     0.437406179844797     0.496253371591387    -0.623455119868676
27 2
    -0.609321619544857     0.526173011261385    -0.213341499915974
     0.439556369506594    -0.126979329088243     0.076761746129555
    -0.232023778807699     0.122398375377387    -0.066933237947643
27 3
    -1.162748075864041     1.367978454880139     0.670920262526874
     1.355430540390544    -2.259724875825835    -0.902955807559603
     0.437406179844797    -0.496253371591387    -0.623455119868676
27 4
    -0.609321619544857    -0.526173011261385    -0.213341499915974
    -0.439556369506594    -0.126979329088243    -0.076761746129555
    -0.232023778807699    -0.122398375377387    -0.066933237947643
27 5
    -0.002181185619924     0.024995087537923    -0.038284875524260
     0.007244192908818     0.003273746544206    -0.036834148102000
     0.036526678597726    -0.004979534931886    -0.036443424425730
27 6
     0.019512427711010     0.006031547265538    -0.038273288039339
     0.011593091019192    -0.000251152088602     0.017500696732434
     0.009576503989990    -0.011916539398837     0.046681979501014
27 7
    -0.002181185619924    -0.024995087537923    -0.038284875524260
    -0.007244192908818     0.003273746544206     0.036834148102000
     0.036526678597726     0.004979534931886    -0.036443424425730
27 8
     0.019512427711010    -0.006031547265538    -0.038273288039339
    -0.011593091019192    -0.000251152088602    -0.017500696732434
     0.009576503989990     0.011916539398837     0.046681979501014
27 9
    -0.144412912723080    -0.000000000000000    -0.172956142520203
    -0.000000000000000    -0.091280621845202     0.000000000000000
     0.258632842066469     0.000000000000000    -0.002184113329954
27 10
    -0.281805328287403    -0.000000000000000     0.078422188780299
     0.000000000000000    -0.459437054253641    -0.000000000000000
    -0.319840122141422     0.000000000000000    -0.011662764395751
27 11
    -3.152436455095338     0.000000000000000    -0.356197014557374
     0.000000000000000    -1.162415373829441    -0.000000000000000
    -0.393809934606124    -0.000000000000000    -0.705329613231203
27 12
    -5.585483291112660    -0.000000000000000     1.233103160373381
     0.000000000000000     0.046026619203030    -0.000000000000000
     1.369238478084322    -0.000000000000000    -0.301231412322540
27 13
    -0.000322901754661    -0.000000000000000     0.021559906599036
    -0.000000000000000    -0.004621684883362    -0.000000000000000
    -0.034780217559080     0.000000000000000     0.032911667311528
27 14
     0.018251806414724    -0.000000000000000     0.001416841604001
     0.000000000000000     0.030761125681664    -0.000000000000000
    -0.073716487760012     0.000000000000000     0.073458926805398
27 15
     0.012973990715634     0.000000000000000     0.003012042958627
     0.000000000000000     0.004549047840805    -0.000000000000000
    -0.064111570549321    -0.000000000000000     0.030918308497370
27 16
     0.028551122712377    -0.000000000000000     0.003021718689960
     0.000000000000000    -0.032416224398500    -0.000000000000000
    -0.088354097768395    -0.000000000000000     0.103706920610394
27 17
    -0.603849723985883     0.941916771090236    -0.786551511455443
     0.941916771090236    -1.036175238334866     0.998795823991385
    -0.786551511455443     0.998795823991385    -0.767679897277458
27 18
    -0.586886677321091    -0.230257061158811     0.235936707202149
    -0.230257061158811    -0.032170218123163     0.031095166356784
     0.235936707202149     0.031095166356784    -0.211156014224108
27 19
    -0.603849723985883    -0.941916771090236    -0.786551511455443
    -0.941916771090236    -1.036175238334866    -0.998795823991385
    -0.786551511455443    -0.998795823991385    -0.767679897277458
27 20
    -0.586886677321091     0.230257061158811     0.235936707202149
     0.230257061158811    -0.032170218123163    -0.031095166356784
     0.235936707202149    -0.031095166356784    -0.211156014224108
27 21
     0.000474272350676    -0.009414334202629     0.021931110502559
    -0.009414334202629     0.001121836929923    -0.034234236582118
     0.021931110502559    -0.034234236582118    -0.191045696304271
27 22
    -0.006543613211306     0.000980285711700     0.002524938241458
     0.000980285711700    -0.000026986564102    -0.010918573210733
     0.002524938241458    -0.010918573210733    -0.101296657888994
27 23
     0.000474272350676     0.009414334202629     0.021931110502559
     0.009414334202629     0.001121836929923     0.034234236582118
     0.021931110502559     0.034234236582118    -0.191045696304271
27 24
    -0.006543613211306    -0.000980285711700     0.002524938241458
    -0.000980285711700    -0.000026986564102     0.010918573210733
     0.002524938241458     0.010918573210733    -0.101296657888994
27 25
    -0.092632396207765    -0.000000000000000    -0.014291550953030
     0.000000000000000     0.511520328762069    -0.000000000000000
    -0.014291550953030     0.000000000000000     0.186826239181657
27 26
     0.049233877193065    -0.000000000000000     0.026144833461002
     0.000000000000000     0.192126747985950    -0.000000000000000
     0.026144833461002     0.000000000000000    -0.075930688749794
27 27
    16.154286885129718    -0.000000000000000    -0.686441562112343
    -0.000000000000000     8.843398260036933    -0.000000000000000
    -0.686441562112343    -0.000000000000000     4.901070499695025
27 28
    -0.125963480733595     0.000000000000000     0.031389212068987
    -0.000000000000000    -0.157060793768293    -0.000000000000000
     0.031389212068987     0.000000000000000     0.099589891725556
27 29
    -0.018560939427542    -0.000000000000000     0.022679071225127
     0.000000000000000     0.004050880169442    -0.000000000000000
     0.022679071225127     0.000000000000000    -0.004951080709960
27 30
     0.001534288656604    -0.000000000000000     0.026623373738433
     0.000000000000000     0.006989453918417    -0.000000000000000
     0.026623373738433     0.000000000000000     0.053506249372579
27 31
    -0.043004711772556     0.000000000000000     0.050983737031751
     0.000000000000000    -0.017654060907786     0.000000000000000
     0.050983737031751     0.000000000000000     0.068075120558855
27 32
     0.008045048774439     0.000000000000000     0.028434639610097
    -0.000000000000000    -0.003383711415465    -0.000000000000000
     0.028434639610097     0.000000000000000     0.014820507991180
27 33
    -0.014322358446375    -0.000000000000000     0.031037008496731
     0.000000000000000    -0.173678056033223    -0.000000000000000
     0.073473944397705     0.000000000000000    -0.118797916226022
27 34
     0.047424545020578    -0.000000000000000    -0.003320587923696
     0.000000000000000     0.023102343753223     0.000000000000000
     0.026744034509583     0.000000000000000    -0.018383776260987
27 35
    -0.051275724493520    -0.000000000000000     0.039072173371538
     0.000000000000000     0.074335185752924     0.000000000000000
     0.195721530989539     0.000000000000000    -0.416118647526291
27 36
    -0.031580128751454    -0.000000000000000     0.000297028684294
     0.000000000000000    -0.007807878144951     0.000000000000000
    -0.059166400301691     0.000000000000000    -0.016146808128130
27 37
    -0.006880226880372    -0.000000000000000    -0.019000201992713
     0.000000000000000     0.098943358273228    -0.000000000000000
    -0.013708424621255     0.000000000000000     0.090860246646165
27 38
    -0.017151874032373    -0.000000000000000    -0.011405036797500
     0.000000000000000    -0.021619571869695    -0.000000000000000
     0.015174019966186     0.000000000000000     0.001735395436746
27 39
    -0.050901794299934    -0.000000000000000    -0.060829098590170
     0.000000000000000    -0.093824697032185     0.000000000000000
    -0.016901754884764     0.000000000000000     0.102563194298434
27 40
    -0.026529317150913    -0.000000000000000    -0.011675582718258
     0.000000000000000     0.020444920033203     0.000000000000000
     0.057958656562502     0.000000000000000    -0.026123302663198
27 41
    -0.294386729629414     0.138417012557617     0.097999041723393
     0.325838925555773    -0.241601996927104    -0.142057834242300
     0.152768500144068    -0.041137293074149    -0.093018365799420
27 42
    -0.087492920134010    -0.053355177846784    -0.053620550091790
    -0.071833149327984    -0.115623354785731    -0.011829170993587
    -0.053409805602874     0.017422555050146    -0.018307531626306
27 43
    -0.294386729629414    -0.138417012557617     0.097999041723393
    -0.325838925555773    -0.241601996927104     0.142057834242300
     0.152768500144068     0.041137293074149    -0.093018365799420
27 44
    -0.087492920134010     0.053355177846784    -0.053620550091790
     0.071833149327984    -0.115623354785731     0.011829170993587
    -0.053409805602874    -0.017422555050146    -0.018307531626306
27 45
    -0.002699658522290     0.002418498193020     0.005547662092990
    -0.009975415070423    -0.005024373726918    -0.001012819718346
    -0.022507829610063     0.016382286066951    -0.002500858421873
27 46
    -0.002395357952669     0.030137067585690    -0.035328076526607
     0.012769101637005    -0.002342329524137    -0.008147055967529
    -0.011215818273801    -0.020335222763201     0.033563301989938
27 47
    -0.002699658522290    -0.002418498193020     0.005547662092990
     0.009975415070423    -0.005024373726918     0.001012819718346
    -0.022507829610063    -0.016382286066951    -0.002500858421873
27 48
    -0.002395357952669    -0.030137067585690    -0.035328076526607
    -0.012769101637005    -0.002342329524137     0.008147055967529
    -0.011215818273801     0.020335222763201     0.033563301989938
28 1
    -0.609321619544857     0.526173011261385    -0.213341499915974
     0.439556369506594    -0.126979329088243     0.076761746129555
    -0.232023778807699     0.122398375377387    -0.066933237947643
28 2
    -1.162748075864041    -1.367978454880139     0.670920262526874
    -1.355430540390544    -2.259724875825835     0.902955807559603
     0.437406179844797     0.496253371591387    -0.623455119868676
28 3
    -0.609321619544857    -0.526173011261385    -0.213341499915974
    -0.439556369506594    -0.126979329088243    -0.076761746129555
    -0.232023778807699    -0.122398375377387    -0.066933237947643
28 4
    -1.162748075864041     1.367978454880139     0.670920262526874
     1.355430540390544    -2.259724875825835    -0.902955807559603
     0.437406179844797    -0.496253371591387    -0.623455119868676
28 5
     0.019512427711010     0.006031547265538    -0.038273288039339
     0.011593091019192    -0.000251152088602     0.017500696732434
     0.009576503989990    -0.011916539398837     0.046681979501014
28 6
    -0.002181185619924     0.024995087537923    -0.038284875524260
     0.007244192908818     0.003273746544206    -0.036834148102000
     0.036526678597726    -0.004979534931886    -0.036443424425730
28 7
     0.019512427711010    -0.006031547265538    -0.038273288039339
    -0.011593091019192    -0.000251152088602    -0.017500696732434
     0.009576503989990     0.011916539398837     0.046681979501014
28 8
    -0.002181185619924    -0.024995087537923    -0.038284875524260
    -0.007244192908818     0.003273746544206     0.036834148102000
     0.036526678597726     0.004979534931886    -0.036443424425730
28 9
    -0.281805328287403    -0.000000000000000     0.078422188780299
     0.000000000000000    -0.459437054253641     0.000000000000000
    -0.319840122141422     0.000000000000000    -0.011662764395751
28 10
    -0.144412912723080    -0.000000000000000    -0.172956142520203
     0.000000000000000    -0.091280621845202    -0.000000000000000
     0.258632842066469     0.000000000000000    -0.002184113329954
28 11
    -5.585483291112660     0.000000000000000     1.233103160373381
     0.000000000000000     0.046026619203030    -0.000000000000000
     1.369238478084322    -0.000000000000000    -0.301231412322540
28 12
    -3.152436455095338    -0.000000000000000    -0.356197014557374
     0.000000000000000    -1.162415373829441    -0.000000000000000
    -0.393809934606124    -0.000000000000000    -0.705329613231203
28 13
     0.018251806414724    -0.000000000000000     0.001416841604001
     0.000000000000000     0.030761125681664    -0.000000000000000
    -0.073716487760012     0.000000000000000     0.073458926805398
28 14
    -0.000322901754661    -0.000000000000000     0.021559906599036
     0.000000000000000    -0.004621684883362    -0.000000000000000
    -0.034780217559080     0.000000000000000     0.032911667311528
28 15
     0.028551122712377     0.000000000000000     0.003021718689960
     0.000000000000000    -0.032416224398500    -0.000000000000000
    -0.088354097768395    -0.000000000000000     0.103706920610394
28 16
     0.012973990715634    -0.000000000000000     0.003012042958627
     0.000000000000000     0.004549047840805    -0.000000000000000
    -0.064111570549321    -0.000000000000000     0.030918308497370
28 17
    -0.586886677321091    -0.230257061158811     0.235936707202149
    -0.230257061158811    -0.032170218123163     0.031095166356784
     0.235936707202149     0.031095166356784    -0.211156014224108
28 18
    -0.603849723985883     0.941916771090236    -0.786551511455443
     0.941916771090236    -1.036175238334866     0.998795823991385
    -0.786551511455443     0.998795823991385    -0.767679897277458
28 19
    -0.586886677321091     0.230257061158811     0.235936707202149
     0.230257061158811    -0.032170218123163    -0.031095166356784
     0.235936707202149    -0.031095166356784    -0.211156014224108
28 20
    -0.603849723985883    -0.941916771090236    -0.786551511455443
    -0.941916771090236    -1.036175238334866    -0.998795823991385
    -0.786551511455443    -0.998795823991385    -0.767679897277458
28 21
    -0.006543613211306     0.000980285711700     0.002524938241458
     0.000980285711700    -0.000026986564102    -0.010918573210733
     0.002524938241458    -0.010918573210733    -0.101296657888994
28 22
     0.000474272350676    -0.009414334202629     0.021931110502559
    -0.009414334202629     0.001121836929923    -0.034234236582118
     0.021931110502559    -0.034234236582118    -0.191045696304271
28 23
    -0.006543613211306    -0.000980285711700     0.002524938241458
    -0.000980285711700    -0.000026986564102     0.010918573210733
     0.002524938241458     0.010918573210733    -0.101296657888994
28 24
     0.000474272350676     0.009414334202629     0.021931110502559
     0.009414334202629     0.001121836929923     0.034234236582118
     0.021931110502559     0.034234236582118    -0.191045696304271
28 25
     0.049233877193065    -0.000000000000000     0.026144833461002
     0.000000000000000     0.192126747985950    -0.000000000000000
     0.026144833461002     0.000000000000000    -0.075930688749794
28 26
    -0.092632396207765    -0.000000000000000    -0.014291550953030
     0.000000000000000     0.511520328762069    -0.000000000000000
    -0.014291550953030     0.000000000000000     0.186826239181657
28 27
    -0.125963480733595    -0.000000000000000     0.031389212068987
     0.000000000000000    -0.157060793768293     0.000000000000000
     0.031389212068987    -0.000000000000000     0.099589891725556
28 28
    16.154286885129718    -0.000000000000000    -0.686441562112343
    -0.000000000000000     8.843398260036931     0.000000000000000
    -0.686441562112343     0.000000000000000     4.901070499695025
28 29
     0.001534288656604    -0.000000000000000     0.026623373738433
     0.000000000000000     0.006989453918417    -0.000000000000000
     0.026623373738433     0.000000000000000     0.053506249372579
28 30
    -0.018560939427542    -0.000000000000000     0.022679071225127
     0.000000000000000     0.004050880169442    -0.000000000000000
     0.022679071225127     0.000000000000000    -0.004951080709960
28 31
     0.008045048774439     0.000000000000000     0.028434639610097
     0.000000000000000    -0.003383711415465     0.000000000000000
     0.028434639610097    -0.000000000000000     0.014820507991180
28 32
    -0.043004711772556     0.000000000000000     0.050983737031751
     0.000000000000000    -0.017654060907786     0.000000000000000
     0.050983737031751     0.000000000000000     0.068075120558855
28 33
     0.047424545020578    -0.000000000000000    -0.003320587923696
     0.000000000000000     0.023102343753223     0.000000000000000
     0.026744034509583    -0.000000000000000    -0.018383776260987
28 34
    -0.014322358446375    -0.000000000000000     0.031037008496731
     0.000000000000000    -0.173678056033223     0.000000000000000
     0.073473944397705    -0.000000000000000    -0.118797916226022
28 35
    -0.031580128751454    -0.000000000000000     0.000297028684294
     0.000000000000000    -0.007807878144951     0.000000000000000
    -0.059166400301691    -0.000000000000000    -0.016146808128130
28 36
    -0.051275724493520    -0.000000000000000     0.039072173371538
     0.000000000000000     0.074335185752924     0.000000000000000
     0.195721530989539    -0.000000000000000    -0.416118647526291
28 37
    -0.017151874032373    -0.000000000000000    -0.011405036797500
     0.000000000000000    -0.021619571869695     0.000000000000000
     0.015174019966186    -0.000000000000000     0.001735395436746
28 38
    -0.006880226880372    -0.000000000000000    -0.019000201992713
     0.000000000000000     0.098943358273228     0.000000000000000
    -0.013708424621255    -0.000000000000000     0.090860246646165
28 39
    -0.026529317150913    -0.000000000000000    -0.011675582718258
     0.000000000000000     0.020444920033203     0.000000000000000
     0.057958656562502    -0.000000000000000    -0.026123302663198
28 40
    -0.050901794299934    -0.000000000000000    -0.060829098590170
     0.000000000000000    -0.093824697032184     0.000000000000000
    -0.016901754884764    -0.000000000000000     0.102563194298434
28 41
    -0.087492920134010    -0.053355177846784    -0.053620550091790
    -0.071833149327984    -0.115623354785731    -0.011829170993587
    -0.053409805602874     0.017422555050146    -0.018307531626306
28 42
    -0.294386729629414     0.138417012557617     0.097999041723393
     0.325838925555773    -0.241601996927104    -0.142057834242300
     0.152768500144068    -0.041137293074149    -0.093018365799420
28 43
    -0.087492920134010     0.053355177846784    -0.053620550091790
     0.071833149327984    -0.115623354785731     0.011829170993587
    -0.053409805602874    -0.017422555050146    -0.018307531626306
28 44
    -0.294386729629414    -0.138417012557617     0.097999041723393
    -0.325838925555773    -0.241601996927104     0.142057834242300
     0.152768500144068     0.041137293074149    -0.093018365799420
28 45
    -0.002395357952669     0.030137067585690    -0.035328076526607
     0.012769101637005    -0.002342329524137    -0.008147055967529
    -0.011215818273801    -0.020335222763201     0.033563301989938
28 46
    -0.002699658522290     0.002418498193020     0.005547662092990
    -0.009975415070423    -0.005024373726918    -0.001012819718346
    -0.022507829610063     0.016382286066951    -0.002500858421873
28 47
    -0.002395357952669    -0.030137067585690    -0.035328076526607
    -0.012769101637005    -0.002342329524137     0.008147055967529
    -0.011215818273801     0.020335222763201     0.033563301989938
28 48
    -0.002699658522290    -0.002418498193020     0.005547662092990
     0.009975415070423    -0.005024373726918     0.001012819718346
    -0.022507829610063    -0.016382286066951    -0.002500858421873
29 1
    -0.002181185619924    -0.024995087537923    -0.038284875524260
    -0.007244192908818     0.003273746544206     0.036834148102000
     0.036526678597726     0.004979534931886    -0.036443424425730
29 2
     0.019512427711010    -0.006031547265538    -0.038273288039339
    -0.011593091019192    -0.000251152088602    -0.017500696732434
     0.009576503989990     0.011916539398837     0.046681979501014
29 3
    -0.002181185619924     0.024995087537923    -0.038284875524260
     0.007244192908818     0.003273746544206    -0.036834148102000
     0.036526678597726    -0.004979534931886    -0.036443424425730
29 4
     0.019512427711010     0.006031547265538    -0.038273288039339
     0.011593091019192    -0.000251152088602     0.017500696732434
     0.009576503989990    -0.011916539398837     0.046681979501014
29 5
    -1.162748075864041     1.367978454880139     0.670920262526874
     1.355430540390544    -2.259724875825835    -0.902955807559603
     0.437406179844797    -0.496253371591387    -0.623455119868676
29 6
    -0.609321619544857    -0.526173011261385    -0.213341499915974
    -0.439556369506594    -0.126979329088243    -0.076761746129555
    -0.232023778807699    -0.122398375377387    -0.066933237947643
29 7
    -1.162748075864041    -1.367978454880139     0.670920262526874
    -1.355430540390544    -2.259724875825835     0.902955807559603
     0.437406179844797     0.496253371591387    -0.623455119868676
29 8
    -0.609321619544857     0.526173011261385    -0.213341499915974
     0.439556369506594    -0.126979329088243     0.076761746129555
    -0.232023778807699     0.122398375377387    -0.066933237947643
29 9
     0.012973990715634    -0.000000000000000     0.003012042958627
    -0.000000000000000     0.004549047840805     0.000000000000000
    -0.064111570549321     0.000000000000000     0.030918308497370
29 10
     0.028551122712377     0.000000000000000     0.003021718689960
    -0.000000000000000    -0.032416224398500    -0.000000000000000
    -0.088354097768395     0.000000000000000     0.103706920610395
29 11
    -0.000322901754661     0.000000000000000     0.021559906599036
    -0.000000000000000    -0.004621684883362    -0.000000000000000
    -0.034780217559080    -0.000000000000000     0.032911667311528
29 12
     0.018251806414724     0.000000000000000     0.001416841604001
    -0.000000000000000     0.030761125681664    -0.000000000000000
    -0.073716487760012    -0.000000000000000     0.073458926805398
29 13
    -3.152436455095338    -0.000000000000000    -0.356197014557374
    -0.000000000000000    -1.162415373829441    -0.000000000000000
    -0.393809934606124     0.000000000000000    -0.705329613231203
29 14
    -5.585483291112660     0.000000000000000     1.233103160373381
    -0.000000000000000     0.046026619203030    -0.000000000000000
     1.369238478084322     0.000000000000000    -0.301231412322540
29 15
    -0.144412912723080     0.000000000000000    -0.172956142520203
    -0.000000000000000    -0.091280621845202    -0.000000000000000
     0.258632842066469    -0.000000000000000    -0.002184113329954
29 16
    -0.281805328287403     0.000000000000000     0.078422188780299
    -0.000000000000000    -0.459437054253641    -0.000000000000000
    -0.319840122141422    -0.000000000000000    -0.011662764395751
29 17
     0.000474272350676     0.009414334202629     0.021931110502559
     0.009414334202629     0.001121836929923     0.034234236582118
     0.021931110502559     0.034234236582118    -0.191045696304271
29 18
    -0.006543613211306    -0.000980285711700     0.002524938241458
    -0.000980285711700    -0.000026986564102     0.010918573210733
     0.002524938241458     0.010918573210733    -0.101296657888994
29 19
     0.000474272350676    -0.009414334202629     0.021931110502559
    -0.009414334202629     0.001121836929923    -0.034234236582118
     0.021931110502559    -0.034234236582118    -0.191045696304271
29 20
    -0.006543613211306     0.000980285711700     0.002524938241458
     0.000980285711700    -0.000026986564102    -0.010918573210733
     0.002524938241458    -0.010918573210733    -0.101296657888994
29 21
    -0.603849723985883    -0.941916771090236    -0.786551511455443
    -0.941916771090236    -1.036175238334865    -0.998795823991385
    -0.786551511455443    -0.998795823991385    -0.767679897277458
29 22
    -0.586886677321091     0.230257061158811     0.235936707202149
     0.230257061158811    -0.032170218123163    -0.031095166356784
     0.235936707202149    -0.031095166356784    -0.211156014224108
29 23
    -0.603849723985883     0.941916771090236    -0.786551511455443
     0.941916771090236    -1.036175238334866     0.998795823991385
    -0.786551511455443     0.998795823991385    -0.767679897277458
29 24
    -0.586886677321091    -0.230257061158811     0.235936707202149
    -0.230257061158811    -0.032170218123163     0.031095166356784
     0.235936707202149     0.031095166356784    -0.211156014224108
29 25
    -0.043004711772556    -0.000000000000000     0.050983737031751
    -0.000000000000000    -0.017654060907786    -0.000000000000000
     0.050983737031751    -0.000000000000000     0.068075120558855
29 26
     0.008045048774439    -0.000000000000000     0.028434639610097
    -0.000000000000000    -0.003383711415465    -0.000000000000000
     0.028434639610097    -0.000000000000000     0.014820507991180
29 27
    -0.018560939427542     0.000000000000000     0.022679071225127
    -0.000000000000000     0.004050880169442     0.000000000000000
     0.022679071225127    -0.000000000000000    -0.004951080709960
29 28
     0.001534288656604     0.000000000000000     0.026623373738433
    -0.000000000000000     0.006989453918417     0.000000000000000
     0.026623373738433    -0.000000000000000     0.053506249372579
29 29
    16.154286885129721     0.000000000000000    -0.686441562112343
     0.000000000000000     8.843398260036933     0.000000000000000
    -0.686441562112343     0.000000000000000     4.901070499695023
29 30
    -0.125963480733595    -0.000000000000000     0.031389212068987
    -0.000000000000000    -0.157060793768293    -0.000000000000000
     0.031389212068987    -0.000000000000000     0.099589891725556
29 31
    -0.092632396207765     0.000000000000000    -0.014291550953030
    -0.000000000000000     0.511520328762069     0.000000000000000
    -0.014291550953030    -0.000000000000000     0.186826239181657
29 32
     0.049233877193065     0.000000000000000     0.026144833461002
    -0.000000000000000     0.192126747985950     0.000000000000000
     0.026144833461002    -0.000000000000000    -0.075930688749794
29 33
    -0.050901794299934     0.000000000000000    -0.060829098590170
    -0.000000000000000    -0.093824697032185     0.000000000000000
    -0.016901754884764    -0.000000000000000     0.102563194298434
29 34
    -0.026529317150913     0.000000000000000    -0.011675582718258
    -0.000000000000000     0.020444920033203     0.000000000000000
     0.057958656562502    -0.000000000000000    -0.026123302663198
29 35
    -0.006880226880372     0.000000000000000    -0.019000201992713
    -0.000000000000000     0.098943358273228     0.000000000000000
    -0.013708424621255    -0.000000000000000     0.090860246646165
29 36
    -0.017151874032373     0.000000000000000    -0.011405036797500
    -0.000000000000000    -0.021619571869695     0.000000000000000
     0.015174019966186    -0.000000000000000     0.001735395436746
29 37
    -0.051275724493520     0.000000000000000     0.039072173371538
    -0.000000000000000     0.074335185752924     0.000000000000000
     0.195721530989539    -0.000000000000000    -0.416118647526291
29 38
    -0.031580128751454     0.000000000000000     0.000297028684294
    -0.000000000000000    -0.007807878144951     0.000000000000000
    -0.059166400301691    -0.000000000000000    -0.016146808128130
29 39
    -0.014322358446375     0.000000000000000     0.031037008496731
    -0.000000000000000    -0.173678056033223     0.000000000000000
     0.073473944397705    -0.000000000000000    -0.118797916226022
29 40
     0.047424545020578     0.000000000000000    -0.003320587923696
    -0.000000000000000     0.023102343753223     0.000000000000000
     0.026744034509583    -0.000000000000000    -0.018383776260987
29 41
    -0.002699658522290    -0.002418498193020     0.005547662092990
     0.009975415070423    -0.005024373726918     0.001012819718346
    -0.022507829610063    -0.016382286066951    -0.002500858421873
29 42
    -0.002395357952669    -0.030137067585690    -0.035328076526607
    -0.012769101637005    -0.002342329524137     0.008147055967529
    -0.011215818273801     0.020335222763201     0.033563301989938
29 43
    -0.002699658522290     0.002418498193020     0.005547662092990
    -0.009975415070423    -0.005024373726918    -0.001012819718346
    -0.022507829610063     0.016382286066951    -0.002500858421873
29 44
    -0.002395357952669     0.030137067585690    -0.035328076526607
     0.012769101637005    -0.002342329524137    -0.008147055967529
    -0.011215818273801    -0.020335222763201     0.033563301989938
29 45
    -0.294386729629414    -0.138417012557617     0.097999041723393
    -0.325838925555773    -0.241601996927104     0.142057834242300
     0.152768500144068     0.041137293074149    -0.093018365799420
29 46
    -0.087492920134010     0.053355177846784    -0.053620550091790
     0.071833149327984    -0.115623354785731     0.011829170993587
    -0.053409805602874    -0.017422555050146    -0.018307531626306
29 47
    -0.294386729629414     0.138417012557617     0.097999041723393
     0.325838925555773    -0.241601996927104    -0.142057834242300
     0.152768500144068    -0.041137293074149    -0.093018365799420
29 48
    -0.087492920134010    -0.053355177846784    -0.053620550091790
    -0.071833149327984    -0.115623354785731    -0.011829170993587
    -0.053409805602874     0.017422555050146    -0.018307531626306
30 1
     0.019512427711010    -0.006031547265538    -0.038273288039339
    -0.011593091019192    -0.000251152088602    -0.017500696732434
     0.009576503989990     0.011916539398837     0.046681979501014
30 2
    -0.002181185619924    -0.024995087537923    -0.038284875524260
    -0.007244192908818     0.003273746544206     0.036834148102000
     0.036526678597726     0.004979534931886    -0.036443424425730
30 3
     0.019512427711010     0.006031547265538    -0.038273288039339
     0.011593091019192    -0.000251152088602     0.017500696732434
     0.009576503989990    -0.011916539398837     0.046681979501014
30 4
    -0.002181185619924     0.024995087537923    -0.038284875524260
     0.007244192908818     0.003273746544206    -0.036834148102000
     0.036526678597726    -0.004979534931886    -0.036443424425730
30 5
    -0.609321619544857    -0.526173011261385    -0.213341499915974
    -0.439556369506594    -0.126979329088243    -0.076761746129555
    -0.232023778807699    -0.122398375377387    -0.066933237947643
30 6
    -1.162748075864041     1.367978454880139     0.670920262526874
     1.355430540390544    -2.259724875825835    -0.902955807559603
     0.437406179844797    -0.496253371591387    -0.623455119868676
30 7
    -0.609321619544857     0.526173011261385    -0.213341499915974
     0.439556369506594    -0.126979329088243     0.076761746129555
    -0.232023778807699     0.122398375377387    -0.066933237947643
30 8
    -1.162748075864041    -1.367978454880139     0.670920262526874
    -1.355430540390544    -2.259724875825835     0.902955807559603
     0.437406179844797     0.496253371591387    -0.623455119868676
30 9
     0.028551122712377    -0.000000000000000     0.003021718689960
    -0.000000000000000    -0.032416224398500     0.000000000000000
    -0.088354097768395     0.000000000000000     0.103706920610394
30 10
     0.012973990715634     0.000000000000000     0.003012042958627
    -0.000000000000000     0.004549047840805    -0.000000000000000
    -0.064111570549321     0.000000000000000     0.030918308497370
30 11
     0.018251806414724     0.000000000000000     0.001416841604001
    -0.000000000000000     0.030761125681664    -0.000000000000000
    -0.073716487760012    -0.000000000000000     0.073458926805398
30 12
    -0.000322901754661     0.000000000000000     0.021559906599036
    -0.000000000000000    -0.004621684883362    -0.000000000000000
    -0.034780217559080    -0.000000000000000     0.032911667311528
30 13
    -5.585483291112660    -0.000000000000000     1.233103160373381
    -0.000000000000000     0.046026619203030    -0.000000000000000
     1.369238478084322     0.000000000000000    -0.301231412322540
30 14
    -3.152436455095338     0.000000000000000    -0.356197014557374
    -0.000000000000000    -1.162415373829441    -0.000000000000000
    -0.393809934606124     0.000000000000000    -0.705329613231203
30 15
    -0.281805328287403     0.000000000000000     0.078422188780299
    -0.000000000000000    -0.459437054253641    -0.000000000000000
    -0.319840122141422    -0.000000000000000    -0.011662764395751
30 16
    -0.144412912723080     0.000000000000000    -0.172956142520203
    -0.000000000000000    -0.091280621845202    -0.000000000000000
     0.258632842066469    -0.000000000000000    -0.002184113329954
30 17
    -0.006543613211306    -0.000980285711700     0.002524938241458
    -0.000980285711700    -0.000026986564102     0.010918573210733
     0.002524938241458     0.010918573210733    -0.101296657888994
30 18
     0.000474272350676     0.009414334202629     0.021931110502559
     0.009414334202629     0.001121836929923     0.034234236582118
     0.021931110502559     0.034234236582118    -0.191045696304271
30 19
    -0.006543613211306     0.000980285711700     0.002524938241458
     0.000980285711700    -0.000026986564102    -0.010918573210733
     0.002524938241458    -0.010918573210733    -0.101296657888994
30 20
     0.000474272350676    -0.009414334202629     0.021931110502559
    -0.009414334202629     0.001121836929923    -0.034234236582118
     0.021931110502559    -0.034234236582118    -0.191045696304271
30 21
    -0.586886677321091     0.230257061158811     0.235936707202149
     0.230257061158811    -0.032170218123163    -0.031095166356784
     0.235936707202149    -0.031095166356784    -0.211156014224108
30 22
    -0.603849723985883    -0.941916771090236    -0.786551511455443
    -0.941916771090236    -1.036175238334865    -0.998795823991385
    -0.786551511455443    -0.998795823991385    -0.767679897277458
30 23
    -0.586886677321091    -0.230257061158811     0.235936707202149
    -0.230257061158811    -0.032170218123163     0.031095166356784
     0.235936707202149     0.031095166356784    -0.211156014224108
30 24
    -0.603849723985883     0.941916771090236    -0.786551511455443
     0.941916771090236    -1.036175238334866     0.998795823991385
    -0.786551511455443     0.998795823991385    -0.767679897277458
30 25
     0.008045048774439    -0.000000000000000     0.028434639610097
    -0.000000000000000    -0.003383711415465    -0.000000000000000
     0.028434639610097    -0.000000000000000     0.014820507991180
30 26
    -0.043004711772556    -0.000000000000000     0.050983737031751
    -0.000000000000000    -0.017654060907786    -0.000000000000000
     0.050983737031751    -0.000000000000000     0.068075120558855
30 27
     0.001534288656604     0.000000000000000     0.026623373738433
    -0.000000000000000     0.006989453918417     0.000000000000000
     0.026623373738433    -0.000000000000000     0.053506249372579
30 28
    -0.018560939427542     0.000000000000000     0.022679071225127
    -0.000000000000000     0.004050880169442     0.000000000000000
     0.022679071225127    -0.000000000000000    -0.004951080709960
30 29
    -0.125963480733595    -0.000000000000000     0.031389212068987
    -0.000000000000000    -0.157060793768293    -0.000000000000000
     0.031389212068987    -0.000000000000000     0.099589891725556
30 30
    16.154286885129718     0.000000000000000    -0.686441562112343
     0.000000000000000     8.843398260036933     0.000000000000000
    -0.686441562112343     0.000000000000000     4.901070499695023
30 31
     0.049233877193065     0.000000000000000     0.026144833461002
    -0.000000000000000     0.192126747985950     0.000000000000000
     0.026144833461002    -0.000000000000000    -0.075930688749794
30 32
    -0.092632396207765     0.000000000000000    -0.014291550953030
    -0.000000000000000     0.511520328762069     0.000000000000000
    -0.014291550953030    -0.000000000000000     0.186826239181657
30 33
    -0.026529317150913     0.000000000000000    -0.011675582718258
    -0.000000000000000     0.020444920033203     0.000000000000000
     0.057958656562502    -0.000000000000000    -0.026123302663198
30 34
    -0.050901794299934     0.000000000000000    -0.060829098590170
    -0.000000000000000    -0.093824697032184     0.000000000000000
    -0.016901754884764    -0.000000000000000     0.102563194298434
30 35
    -0.017151874032373     0.000000000000000    -0.011405036797500
    -0.000000000000000    -0.021619571869695     0.000000000000000
     0.015174019966186    -0.000000000000000     0.001735395436746
30 36
    -0.006880226880372     0.000000000000000    -0.019000201992713
    -0.000000000000000     0.098943358273228     0.000000000000000
    -0.013708424621255    -0.000000000000000     0.090860246646165
30 37
    -0.031580128751454     0.000000000000000     0.000297028684294
    -0.000000000000000    -0.007807878144951     0.000000000000000
    -0.059166400301691    -0.000000000000000    -0.016146808128130
30 38
    -0.051275724493520     0.000000000000000     0.039072173371538
    -0.000000000000000     0.074335185752924    -0.000000000000000
     0.195721530989539    -0.000000000000000    -0.416118647526291
30 39
     0.047424545020578     0.000000000000000    -0.003320587923696
    -0.000000000000000     0.023102343753223     0.000000000000000
     0.026744034509583    -0.000000000000000    -0.018383776260987
30 40
    -0.014322358446375     0.000000000000000     0.031037008496731
    -0.000000000000000    -0.173678056033223     0.000000000000000
     0.073473944397705    -0.000000000000000    -0.118797916226022
30 41
    -0.002395357952669    -0.030137067585690    -0.035328076526607
    -0.012769101637005    -0.002342329524137     0.008147055967529
    -0.011215818273801     0.020335222763201     0.033563301989938
30 42
    -0.002699658522290    -0.002418498193020     0.005547662092990
     0.009975415070423    -0.005024373726918     0.001012819718346
    -0.022507829610063    -0.016382286066951    -0.002500858421873
30 43
    -0.002395357952669     0.030137067585690    -0.035328076526607
     0.012769101637005    -0.002342329524137    -0.008147055967529
    -0.011215818273801    -0.020335222763201     0.033563301989938
30 44
    -0.002699658522290     0.002418498193020     0.005547662092990
    -0.009975415070423    -0.005024373726918    -0.001012819718346
    -0.022507829610063     0.016382286066951    -0.002500858421873
30 45
    -0.087492920134010     0.053355177846784    -0.053620550091790
     0.071833149327984    -0.115623354785731     0.011829170993587
    -0.053409805602874    -0.017422555050146    -0.018307531626306
30 46
    -0.294386729629414    -0.138417012557617     0.097999041723393
    -0.325838925555773    -0.241601996927104     0.142057834242300
     0.152768500144068     0.041137293074149    -0.093018365799420
30 47
    -0.087492920134010    -0.053355177846784    -0.053620550091790
    -0.071833149327984    -0.115623354785731    -0.011829170993587
    -0.053409805602874     0.017422555050146    -0.018307531626306
30 48
    -0.294386729629414     0.138417012557617     0.097999041723393
     0.325838925555773    -0.241601996927104    -0.142057834242300
     0.152768500144068    -0.041137293074149    -0.093018365799420
31 1
    -0.002181185619924     0.024995087537923    -0.038284875524260
     0.007244192908818     0.003273746544206    -0.036834148102000
     0.036526678597726    -0.004979534931886    -0.036443424425730
31 2
     0.019512427711010     0.006031547265538    -0.038273288039339
     0.011593091019192    -0.000251152088602     0.017500696732434
     0.009576503989990    -0.011916539398837     0.046681979501014
31 3
    -0.002181185619924    -0.024995087537923    -0.038284875524260
    -0.007244192908818     0.003273746544206     0.036834148102000
     0.036526678597726     0.004979534931886    -0.036443424425730
31 4
     0.019512427711010    -0.006031547265538    -0.038273288039339
    -0.011593091019192    -0.000251152088602    -0.017500696732434
     0.009576503989990     0.011916539398837     0.046681979501014
31 5
    -1.162748075864041    -1.367978454880139     0.670920262526874
    -1.355430540390544    -2.259724875825835     0.902955807559603
     0.437406179844797     0.496253371591387    -0.623455119868676
31 6
    -0.609321619544857     0.526173011261385    -0.213341499915974
     0.439556369506594    -0.126979329088243     0.076761746129555
    -0.232023778807699     0.122398375377387    -0.066933237947643
31 7
    -1.162748075864041     1.367978454880139     0.670920262526874
     1.355430540390544    -2.259724875825835    -0.902955807559603
     0.437406179844797    -0.496253371591387    -0.623455119868676
31 8
    -0.609321619544857    -0.526173011261385    -0.213341499915974
    -0.439556369506594    -0.126979329088243    -0.076761746129555
    -0.232023778807699    -0.122398375377387    -0.066933237947643
31 9
    -0.000322901754661    -0.000000000000000     0.021559906599036
     0.000000000000000    -0.004621684883362    -0.000000000000000
    -0.034780217559080     0.000000000000000     0.032911667311528
31 10
     0.018251806414724    -0.000000000000000     0.001416841604001
     0.000000000000000     0.030761125681664    -0.000000000000000
    -0.073716487760012     0.000000000000000     0.073458926805398
31 11
     0.012973990715634     0.000000000000000     0.003012042958627
     0.000000000000000     0.004549047840805    -0.000000000000000
    -0.064111570549321    -0.000000000000000     0.030918308497370
31 12
     0.028551122712377    -0.000000000000000     0.003021718689960
     0.000000000000000    -0.032416224398500    -0.000000000000000
    -0.088354097768395    -0.000000000000000     0.103706920610394
31 13
    -0.144412912723080    -0.000000000000000    -0.172956142520203
     0.000000000000000    -0.091280621845202    -0.000000000000000
     0.258632842066469     0.000000000000000    -0.002184113329954
31 14
    -0.281805328287403    -0.000000000000000     0.078422188780299
     0.000000000000000    -0.459437054253641    -0.000000000000000
    -0.319840122141422     0.000000000000000    -0.011662764395751
31 15
    -3.152436455095338     0.000000000000000    -0.356197014557374
     0.000000000000000    -1.162415373829441    -0.000000000000000
    -0.393809934606124    -0.000000000000000    -0.705329613231203
31 16
    -5.585483291112660    -0.000000000000000     1.233103160373381
     0.000000000000000     0.046026619203030    -0.000000000000000
     1.369238478084322    -0.000000000000000    -0.301231412322540
31 17
     0.000474272350676    -0.009414334202629     0.021931110502559
    -0.009414334202629     0.001121836929923    -0.034234236582118
     0.021931110502559    -0.034234236582118    -0.191045696304271
31 18
    -0.006543613211306     0.000980285711700     0.002524938241458
     0.000980285711700    -0.000026986564102    -0.010918573210733
     0.002524938241458    -0.010918573210733    -0.101296657888994
31 19
     0.000474272350676     0.009414334202629     0.021931110502559
     0.009414334202629     0.001121836929923     0.034234236582118
     0.021931110502559     0.034234236582118    -0.191045696304271
31 20
    -0.006543613211306    -0.000980285711700     0.002524938241458
    -0.000980285711700    -0.000026986564102     0.010918573210733
     0.002524938241458     0.010918573210733    -0.101296657888994
31 21
    -0.603849723985883     0.941916771090236    -0.786551511455443
     0.941916771090236    -1.036175238334866     0.998795823991385
    -0.786551511455443     0.998795823991385    -0.767679897277458
31 22
    -0.586886677321091    -0.230257061158811     0.235936707202149
    -0.230257061158811    -0.032170218123163     0.031095166356784
     0.235936707202149     0.031095166356784    -0.211156014224108
31 23
    -0.603849723985883    -0.941916771090236    -0.786551511455443
    -0.941916771090236    -1.036175238334866    -0.998795823991385
    -0.786551511455443    -0.998795823991385    -0.767679897277458
31 24
    -0.586886677321091     0.230257061158811     0.235936707202149
     0.230257061158811    -0.032170218123163    -0.031095166356784
     0.235936707202149    -0.031095166356784    -0.211156014224108
31 25
    -0.018560939427542    -0.000000000000000     0.022679071225127
     0.000000000000000     0.004050880169442    -0.000000000000000
     0.022679071225127     0.000000000000000    -0.004951080709960
31 26
     0.001534288656604    -0.000000000000000     0.026623373738433
     0.000000000000000     0.006989453918417    -0.000000000000000
     0.026623373738433     0.000000000000000     0.053506249372579
31 27
    -0.043004711772556     0.000000000000000     0.050983737031751
     0.000000000000000    -0.017654060907786     0.000000000000000
     0.050983737031751     0.000000000000000     0.068075120558855
31 28
     0.008045048774439     0.000000000000000     0.028434639610097
     0.000000000000000    -0.003383711415465    -0.000000000000000
     0.028434639610097     0.000000000000000     0.014820507991180
31 29
    -0.092632396207765    -0.000000000000000    -0.014291550953030
     0.000000000000000     0.511520328762069    -0.000000000000000
    -0.014291550953030     0.000000000000000     0.186826239181657
31 30
     0.049233877193065    -0.000000000000000     0.026144833461002
     0.000000000000000     0.192126747985950    -0.000000000000000
     0.026144833461002     0.000000000000000    -0.075930688749794
31 31
    16.154286885129718    -0.000000000000000    -0.686441562112343
    -0.000000000000000     8.843398260036933    -0.000000000000000
    -0.686441562112343    -0.000000000000000     4.901070499695023
31 32
    -0.125963480733595     0.000000000000000     0.031389212068987
     0.000000000000000    -0.157060793768293    -0.000000000000000
     0.031389212068987     0.000000000000000     0.099589891725556
31 33
    -0.006880226880372    -0.000000000000000    -0.019000201992713
     0.000000000000000     0.098943358273228    -0.000000000000000
    -0.013708424621255     0.000000000000000     0.090860246646165
31 34
    -0.017151874032373    -0.000000000000000    -0.011405036797500
     0.000000000000000    -0.021619571869695    -0.000000000000000
     0.015174019966186     0.000000000000000     0.001735395436746
31 35
    -0.050901794299934    -0.000000000000000    -0.060829098590170
     0.000000000000000    -0.093824697032185    -0.000000000000000
    -0.016901754884764     0.000000000000000     0.102563194298434
31 36
    -0.026529317150913    -0.000000000000000    -0.011675582718258
     0.000000000000000     0.020444920033203    -0.000000000000000
     0.057958656562502     0.000000000000000    -0.026123302663198
31 37
    -0.014322358446375    -0.000000000000000     0.031037008496731
     0.000000000000000    -0.173678056033223    -0.000000000000000
     0.073473944397705     0.000000000000000    -0.118797916226022
31 38
     0.047424545020578    -0.000000000000000    -0.003320587923696
     0.000000000000000     0.023102343753223    -0.000000000000000
     0.026744034509583     0.000000000000000    -0.018383776260987
31 39
    -0.051275724493520    -0.000000000000000     0.039072173371538
     0.000000000000000     0.074335185752924    -0.000000000000000
     0.195721530989539     0.000000000000000    -0.416118647526291
31 40
    -0.031580128751454    -0.000000000000000     0.000297028684294
     0.000000000000000    -0.007807878144951    -0.000000000000000
    -0.059166400301691     0.000000000000000    -0.016146808128130
31 41
    -0.002699658522290     0.002418498193020     0.005547662092990
    -0.009975415070423    -0.005024373726918    -0.001012819718346
    -0.022507829610063     0.016382286066951    -0.002500858421873
31 42
    -0.002395357952669     0.030137067585690    -0.035328076526607
     0.012769101637005    -0.002342329524137    -0.008147055967529
    -0.011215818273801    -0.020335222763201     0.033563301989938
31 43
    -0.002699658522290    -0.002418498193020     0.005547662092990
     0.009975415070423    -0.005024373726918     0.001012819718346
    -0.022507829610063    -0.016382286066951    -0.002500858421873
31 44
    -0.002395357952669    -0.030137067585690    -0.035328076526607
    -0.012769101637005    -0.002342329524137     0.008147055967529
    -0.011215818273801     0.020335222763201     0.033563301989938
31 45
    -0.294386729629414     0.138417012557617     0.097999041723393
     0.325838925555773    -0.241601996927104    -0.142057834242300
     0.152768500144068    -0.041137293074149    -0.093018365799420
31 46
    -0.087492920134010    -0.053355177846784    -0.053620550091790
    -0.071833149327984    -0.115623354785731    -0.011829170993587
    -0.053409805602874     0.017422555050146    -0.018307531626306
31 47
    -0.294386729629414    -0.138417012557617     0.097999041723393
    -0.325838925555773    -0.241601996927104     0.142057834242300
     0.152768500144068     0.041137293074149    -0.093018365799420
31 48
    -0.087492920134010     0.053355177846784    -0.053620550091790
     0.071833149327984    -0.115623354785731     0.011829170993587
    -0.053409805602874    -0.017422555050146    -0.018307531626306
32 1
     0.019512427711010     0.006031547265538    -0.038273288039339
     0.011593091019192    -0.000251152088602     0.017500696732434
     0.009576503989990    -0.011916539398837     0.046681979501014
32 2
    -0.002181185619924     0.024995087537923    -0.038284875524260
     0.007244192908818     0.003273746544206    -0.036834148102000
     0.036526678597726    -0.004979534931886    -0.036443424425730
32 3
     0.019512427711010    -0.006031547265538    -0.038273288039339
    -0.011593091019192    -0.000251152088602    -0.017500696732434
     0.009576503989990     0.011916539398837     0.046681979501014
32 4
    -0.002181185619924    -0.024995087537923    -0.038284875524260
    -0.007244192908818     0.003273746544206     0.036834148102000
     0.036526678597726     0.004979534931886    -0.036443424425730
32 5
    -0.609321619544857     0.526173011261385    -0.213341499915974
     0.439556369506594    -0.126979329088243     0.076761746129555
    -0.232023778807699     0.122398375377387    -0.066933237947643
32 6
    -1.162748075864041    -1.367978454880139     0.670920262526874
    -1.355430540390544    -2.259724875825835     0.902955807559603
     0.437406179844797     0.496253371591387    -0.623455119868676
32 7
    -0.609321619544857    -0.526173011261385    -0.213341499915974
    -0.439556369506594    -0.126979329088243    -0.076761746129555
    -0.232023778807699    -0.122398375377387    -0.066933237947643
32 8
    -1.162748075864041     1.367978454880139     0.670920262526874
     1.355430540390544    -2.259724875825835    -0.902955807559603
     0.437406179844797    -0.496253371591387    -0.623455119868676
32 9
     0.018251806414724    -0.000000000000000     0.001416841604001
     0.000000000000000     0.030761125681664     0.000000000000000
    -0.073716487760012     0.000000000000000     0.073458926805398
32 10
    -0.000322901754661    -0.000000000000000     0.021559906599036
     0.000000000000000    -0.004621684883362    -0.000000000000000
    -0.034780217559080     0.000000000000000     0.032911667311528
32 11
     0.028551122712377     0.000000000000000     0.003021718689960
     0.000000000000000    -0.032416224398500    -0.000000000000000
    -0.088354097768395    -0.000000000000000     0.103706920610394
32 12
     0.012973990715634    -0.000000000000000     0.003012042958627
     0.000000000000000     0.004549047840805    -0.000000000000000
    -0.064111570549321    -0.000000000000000     0.030918308497370
32 13
    -0.281805328287403    -0.000000000000000     0.078422188780299
     0.000000000000000    -0.459437054253641    -0.000000000000000
    -0.319840122141422     0.000000000000000    -0.011662764395751
32 14
    -0.144412912723080    -0.000000000000000    -0.172956142520203
     0.000000000000000    -0.091280621845202    -0.000000000000000
     0.258632842066469     0.000000000000000    -0.002184113329954
32 15
    -5.585483291112660     0.000000000000000     1.233103160373381
     0.000000000000000     0.046026619203030    -0.000000000000000
     1.369238478084322    -0.000000000000000    -0.301231412322540
32 16
    -3.152436455095338    -0.000000000000000    -0.356197014557374
     0.000000000000000    -1.162415373829441    -0.000000000000000
    -0.393809934606124    -0.000000000000000    -0.705329613231203
32 17
    -0.006543613211306     0.000980285711700     0.002524938241458
     0.000980285711700    -0.000026986564102    -0.010918573210733
     0.002524938241458    -0.010918573210733    -0.101296657888994
32 18
     0.000474272350676    -0.009414334202629     0.021931110502559
    -0.009414334202629     0.001121836929923    -0.034234236582118
     0.021931110502559    -0.034234236582118    -0.191045696304271
32 19
    -0.006543613211306    -0.000980285711700     0.002524938241458
    -0.000980285711700    -0.000026986564102     0.010918573210733
     0.002524938241458     0.010918573210733    -0.101296657888994
32 20
     0.000474272350676     0.009414334202629     0.021931110502559
     0.009414334202629     0.001121836929923     0.034234236582118
     0.021931110502559     0.034234236582118    -0.191045696304271
32 21
    -0.586886677321091    -0.230257061158811     0.235936707202149
    -0.230257061158811    -0.032170218123163     0.031095166356784
     0.235936707202149     0.031095166356784    -0.211156014224108
32 22
    -0.603849723985883     0.941916771090236    -0.786551511455443
     0.941916771090236    -1.036175238334866     0.998795823991385
    -0.786551511455443     0.998795823991385    -0.767679897277458
32 23
    -0.586886677321091     0.230257061158811     0.235936707202149
     0.230257061158811    -0.032170218123163    -0.031095166356784
     0.235936707202149    -0.031095166356784    -0.211156014224108
32 24
    -0.603849723985883    -0.941916771090236    -0.786551511455443
    -0.941916771090236    -1.036175238334866    -0.998795823991385
    -0.786551511455443    -0.998795823991385    -0.767679897277458
32 25
     0.001534288656604    -0.000000000000000     0.026623373738433
     0.000000000000000     0.006989453918417    -0.000000000000000
     0.026623373738433     0.000000000000000     0.053506249372579
32 26
    -0.018560939427542    -0.000000000000000     0.022679071225127
     0.000000000000000     0.004050880169442    -0.000000000000000
     0.022679071225127     0.000000000000000    -0.004951080709960
32 27
     0.008045048774439    -0.000000000000000     0.028434639610097
     0.000000000000000    -0.003383711415465     0.000000000000000
     0.028434639610097    -0.000000000000000     0.014820507991180
32 28
    -0.043004711772556     0.000000000000000     0.050983737031751
     0.000000000000000    -0.017654060907786     0.000000000000000
     0.050983737031751     0.000000000000000     0.068075120558855
32 29
     0.049233877193065    -0.000000000000000     0.026144833461002
     0.000000000000000     0.192126747985950    -0.000000000000000
     0.026144833461002     0.000000000000000    -0.075930688749794
32 30
    -0.092632396207765    -0.000000000000000    -0.014291550953030
     0.000000000000000     0.511520328762069    -0.000000000000000
    -0.014291550953030     0.000000000000000     0.186826239181657
32 31
    -0.125963480733595     0.000000000000000     0.031389212068987
     0.000000000000000    -0.157060793768293     0.000000000000000
     0.031389212068987    -0.000000000000000     0.099589891725556
32 32
    16.154286885129718    -0.000000000000000    -0.686441562112343
    -0.000000000000000     8.843398260036931     0.000000000000000
    -0.686441562112343     0.000000000000000     4.901070499695023
32 33
    -0.017151874032373    -0.000000000000000    -0.011405036797500
     0.000000000000000    -0.021619571869695     0.000000000000000
     0.015174019966186    -0.000000000000000     0.001735395436746
32 34
    -0.006880226880372    -0.000000000000000    -0.019000201992713
     0.000000000000000     0.098943358273228     0.000000000000000
    -0.013708424621255    -0.000000000000000     0.090860246646165
32 35
    -0.026529317150913    -0.000000000000000    -0.011675582718258
     0.000000000000000     0.020444920033203     0.000000000000000
     0.057958656562502    -0.000000000000000    -0.026123302663198
32 36
    -0.050901794299934    -0.000000000000000    -0.060829098590170
     0.000000000000000    -0.093824697032184     0.000000000000000
    -0.016901754884764    -0.000000000000000     0.102563194298434
32 37
     0.047424545020578    -0.000000000000000    -0.003320587923696
     0.000000000000000     0.023102343753223     0.000000000000000
     0.026744034509583    -0.000000000000000    -0.018383776260987
32 38
    -0.014322358446375    -0.000000000000000     0.031037008496731
     0.000000000000000    -0.173678056033223    -0.000000000000000
     0.073473944397705    -0.000000000000000    -0.118797916226022
32 39
    -0.031580128751454    -0.000000000000000     0.000297028684294
     0.000000000000000    -0.007807878144951     0.000000000000000
    -0.059166400301691    -0.000000000000000    -0.016146808128130
32 40
    -0.051275724493520    -0.000000000000000     0.039072173371538
     0.000000000000000     0.074335185752924     0.000000000000000
     0.195721530989539    -0.000000000000000    -0.416118647526291
32 41
    -0.002395357952669     0.030137067585690    -0.035328076526607
     0.012769101637005    -0.002342329524137    -0.008147055967529
    -0.011215818273801    -0.020335222763201     0.033563301989938
32 42
    -0.002699658522290     0.002418498193020     0.005547662092990
    -0.009975415070423    -0.005024373726918    -0.001012819718346
    -0.022507829610063     0.016382286066951    -0.002500858421873
32 43
    -0.002395357952669    -0.030137067585690    -0.035328076526607
    -0.012769101637005    -0.002342329524137     0.008147055967529
    -0.011215818273801     0.020335222763201     0.033563301989938
32 44
    -0.002699658522290    -0.002418498193020     0.005547662092990
     0.009975415070423    -0.005024373726918     0.001012819718346
    -0.022507829610063    -0.016382286066951    -0.002500858421873
32 45
    -0.087492920134010    -0.053355177846784    -0.053620550091790
    -0.071833149327984    -0.115623354785731    -0.011829170993587
    -0.053409805602874     0.017422555050146    -0.018307531626306
32 46
    -0.294386729629415     0.138417012557617     0.097999041723393
     0.325838925555773    -0.241601996927104    -0.142057834242300
     0.152768500144068    -0.041137293074149    -0.093018365799420
32 47
    -0.087492920134010     0.053355177846784    -0.053620550091790
     0.071833149327984    -0.115623354785731     0.011829170993587
    -0.053409805602874    -0.017422555050146    -0.018307531626306
32 48
    -0.294386729629415    -0.138417012557617     0.097999041723393
    -0.325838925555773    -0.241601996927104     0.142057834242300
     0.152768500144068     0.041137293074149    -0.093018365799420
33 1
    -0.133602248014938     0.089815094890340    -0.033397983435041
     0.037879536436196    -0.601600511793371     0.502269928806135
    -0.024526868366172     0.462660655770134    -0.638313164626215
33 2
    -0.086497868104342    -0.044434274620438    -0.005324719182314
     0.014864419680015    -0.021446831385803     0.088433509685142
     0.025922747332353    -0.039485991259860     0.008415785206112
33 3
    -0.133602248014938    -0.089815094890340    -0.033397983435041
    -0.037879536436196    -0.601600511793371    -0.502269928806135
    -0.024526868366172    -0.462660655770134    -0.638313164626215
33 4
    -0.086497868104342     0.044434274620438    -0.005324719182314
    -0.014864419680015    -0.021446831385803    -0.088433509685142
     0.025922747332353     0.039485991259860     0.008415785206112
33 5
    -0.004648084096629     0.007641554431362     0.013824335237056
     0.027074100899639    -0.006786525214902    -0.050731036168782
     0.031895377474094    -0.054059176572874    -0.078688431292225
33 6
     0.014522333729875    -0.006296004818285     0.005433080203052
     0.027897949453233    -0.004339964016600     0.019434367684899
     0.032137419360889    -0.004221859308836     0.024175469335529
33 7
    -0.004648084096629    -0.007641554431362     0.013824335237056
    -0.027074100899639    -0.006786525214902     0.050731036168782
     0.031895377474094     0.054059176572874    -0.078688431292225
33 8
     0.014522333729875     0.006296004818285     0.005433080203052
    -0.027897949453233    -0.004339964016600    -0.019434367684899
     0.032137419360889     0.004221859308836     0.024175469335529
33 9
     0.128573015139577    -0.000000000000000    -0.027807436786325
    -0.000000000000000    -0.043562974235607    -0.000000000000000
    -0.025539408800972     0.000000000000000     0.036511381365588
33 10
    -0.363797317408260    -0.000000000000000    -0.805023232563528
     0.000000000000000     0.069977955960947    -0.000000000000000
    -0.626269021783452     0.000000000000000    -1.409978939805793
33 11
    -0.005597589453034     0.000000000000000     0.007462236826225
    -0.000000000000000     0.092771360638978    -0.000000000000000
    -0.062938146645636    -0.000000000000000     0.025220994526375
33 12
    -0.032383986533563     0.000000000000000    -0.133973472959114
     0.000000000000000    -0.205042366996525    -0.000000000000000
    -0.027757274409182    -0.000000000000000    -0.030430634579251
33 13
     0.011692413292459    -0.000000000000000    -0.002995532695940
    -0.000000000000000     0.012741290108440    -0.000000000000000
    -0.008767702707944     0.000000000000000    -0.025668332900466
33 14
     0.015949447802807    -0.000000000000000     0.016570765335835
     0.000000000000000    -0.003510611141636    -0.000000000000000
     0.045598720522192     0.000000000000000    -0.008149694901251
33 15
    -0.008080363596076     0.000000000000000     0.001684719354386
    -0.000000000000000    -0.004765858657921    -0.000000000000000
     0.020280107941983    -0.000000000000000    -0.049960356136269
33 16
     0.011762374088709     0.000000000000000     0.008899269576872
     0.000000000000000     0.023176403753788    -0.000000000000000
    -0.002384040979134    -0.000000000000000    -0.017516080555998
33 17
    -0.294386729629414    -0.325838925555773     0.152768500144068
    -0.138417012557617    -0.241601996927104     0.041137293074149
     0.097999041723393     0.142057834242300    -0.093018365799420
33 18
    -0.087492920134010     0.071833149327984    -0.053409805602874
     0.053355177846784    -0.115623354785731    -0.017422555050146
    -0.053620550091790     0.011829170993587    -0.018307531626306
33 19
    -0.294386729629414     0.325838925555773     0.152768500144068
     0.138417012557617    -0.241601996927104    -0.041137293074149
     0.097999041723393    -0.142057834242300    -0.093018365799420
33 20
    -0.087492920134010    -0.071833149327984    -0.053409805602874
    -0.053355177846784    -0.115623354785731     0.017422555050146
    -0.053620550091790    -0.011829170993587    -0.018307531626306
33 21
    -0.002699658522290     0.009975415070423    -0.022507829610063
    -0.002418498193020    -0.005024373726918    -0.016382286066951
     0.005547662092990     0.001012819718346    -0.002500858421873
33 22
    -0.002395357952669    -0.012769101637005    -0.011215818273801
    -0.030137067585690    -0.002342329524137     0.020335222763201
    -0.035328076526607     0.008147055967529     0.033563301989938
33 23
    -0.002699658522290    -0.009975415070423    -0.022507829610063
     0.002418498193020    -0.005024373726918     0.016382286066951
     0.005547662092990    -0.001012819718346    -0.002500858421873
33 24
    -0.002395357952669     0.012769101637005    -0.011215818273801
     0.030137067585690    -0.002342329524137    -0.020335222763201
    -0.035328076526607    -0.008147055967529     0.033563301989938
33 25
    -0.051275724493520    -0.000000000000000     0.195721530989539
     0.000000000000000     0.074335185752924    -0.000000000000000
     0.039072173371538     0.000000000000000    -0.416118647526291
33 26
    -0.031580128751454    -0.000000000000000    -0.059166400301691
     0.000000000000000    -0.007807878144951    -0.000000000000000
     0.000297028684294     0.000000000000000    -0.016146808128130
33 27
    -0.014322358446375     0.000000000000000     0.073473944397705
    -0.000000000000000    -0.173678056033223     0.000000000000000
     0.031037008496731    -0.000000000000000    -0.118797916226022
33 28
     0.047424545020578     0.000000000000000     0.026744034509583
    -0.000000000000000     0.023102343753223    -0.000000000000000
    -0.003320587923696     0.000000000000000    -0.018383776260987
33 29
    -0.050901794299934    -0.000000000000000    -0.016901754884764
     0.000000000000000    -0.093824697032185    -0.000000000000000
    -0.060829098590170     0.000000000000000     0.102563194298434
33 30
    -0.026529317150913    -0.000000000000000     0.057958656562502
     0.000000000000000     0.020444920033203    -0.000000000000000
    -0.011675582718258     0.000000000000000    -0.026123302663198
33 31
    -0.006880226880372     0.000000000000000    -0.013708424621255
    -0.000000000000000     0.098943358273228     0.000000000000000
    -0.019000201992713    -0.000000000000000     0.090860246646165
33 32
    -0.017151874032373     0.000000000000000     0.015174019966186
    -0.000000000000000    -0.021619571869695    -0.000000000000000
    -0.011405036797500     0.000000000000000     0.001735395436746
33 33
     2.056646740431100    -0.000000000000000     0.676670173780626
    -0.000000000000000     3.095590844695844     0.000000000000000
     0.676670173780626     0.000000000000000     4.128200707957578
33 34
     0.134859539386854     0.000000000000000    -0.017903182827931
     0.000000000000000    -0.061040166426673    -0.000000000000000
    -0.017903182827931    -0.000000000000000     0.004341206117526
33 35
    -0.071569907589693     0.000000000000000    -0.012553821410731
     0.000000000000000    -0.458494179112395    -0.000000000000000
    -0.012553821410731    -0.000000000000000     0.016547115447457
33 36
     0.066694936917860     0.000000000000000     0.000790734421344
     0.000000000000000     0.049678144552623    -0.000000000000000
     0.000790734421344    -0.000000000000000     0.003307683876952
33 37
    -0.006100207640679     0.000000000000000    -0.004823433199174
     0.000000000000000     0.003163698942830    -0.000000000000000
    -0.004823433199174    -0.000000000000000     0.008150700118772
33 38
    -0.000457676439484     0.000000000000000    -0.029708602675922
     0.000000000000000     0.023599493844149    -0.000000000000000
    -0.029708602675922    -0.000000000000000    -0.054567790370987
33 39
    -0.008469075411561     0.000000000000000     0.004414321530795
     0.000000000000000    -0.013626676091518    -0.000000000000000
     0.004414321530795    -0.000000000000000    -0.032325632681200
33 40
     0.013703100754881     0.000000000000000     0.016301843091277
     0.000000000000000    -0.017088633651459    -0.000000000000000
     0.016301843091277    -0.000000000000000     0.007160199649264
33 41
    -0.000273274580284     0.013104413198618    -0.010687506731275
     0.013104413198618    -0.004229593767768    -0.006761384462868
    -0.010687506731275    -0.006761384462868    -0.006759625340295
33 42
    -0.012502212639733    -0.011339282047434     0.015389808740418
    -0.011339282047434    -0.028307234595013    -0.025854039733812
     0.015389808740418    -0.025854039733812    -0.021084671752713
33 43
    -0.000273274580284    -0.013104413198618    -0.010687506731275
    -0.013104413198618    -0.004229593767768     0.006761384462868
    -0.010687506731275     0.006761384462868    -0.006759625340295
33 44
    -0.012502212639733     0.011339282047434     0.015389808740418
     0.011339282047434    -0.028307234595013     0.025854039733812
     0.015389808740418     0.025854039733812    -0.021084671752713
33 45
    -0.183269795642673    -0.133214946205806    -0.160378980301437
    -0.133214946205806    -0.119729043657558    -0.146307094147553
    -0.160378980301437    -0.146307094147553    -0.176944521624343
33 46
    -0.102858466766660     0.101279306285884     0.120856441103960
     0.101279306285884    -0.090699906063289    -0.119970914492368
     0.120856441103960    -0.119970914492368    -0.130752842400696
33 47
    -0.183269795642673     0.133214946205806    -0.160378980301437
     0.133214946205806    -0.119729043657558     0.146307094147553
    -0.160378980301437     0.146307094147553    -0.176944521624343
33 48
    -0.102858466766660    -0.101279306285884     0.120856441103960
    -0.101279306285884    -0.090699906063289     0.119970914492368
     0.120856441103960     0.119970914492368    -0.130752842400696
34 1
    -0.086497868104342    -0.044434274620438    -0.005324719182314
     0.014864419680015    -0.021446831385803     0.088433509685142
     0.025922747332353    -0.039485991259860     0.008415785206112
34 2
    -0.133602248014938     0.089815094890340    -0.033397983435041
     0.037879536436196    -0.601600511793371     0.502269928806135
    -0.024526868366172     0.462660655770134    -0.638313164626215
34 3
    -0.086497868104342     0.044434274620438    -0.005324719182314
    -0.014864419680015    -0.021446831385803    -0.088433509685142
     0.025922747332353     0.039485991259860     0.008415785206112
34 4
    -0.133602248014938    -0.089815094890340    -0.033397983435041
    -0.037879536436196    -0.601600511793371    -0.502269928806135
    -0.024526868366172    -0.462660655770134    -0.638313164626215
34 5
     0.014522333729875    -0.006296004818285     0.005433080203052
     0.027897949453233    -0.004339964016600     0.019434367684899
     0.032137419360889    -0.004221859308836     0.024175469335529
34 6
    -0.004648084096629     0.007641554431362     0.013824335237056
     0.027074100899639    -0.006786525214902    -0.050731036168782
     0.031895377474094    -0.054059176572874    -0.078688431292225
34 7
     0.014522333729875     0.006296004818285     0.005433080203052
    -0.027897949453233    -0.004339964016600    -0.019434367684899
     0.032137419360889     0.004221859308836     0.024175469335529
34 8
    -0.004648084096629    -0.007641554431362     0.013824335237056
    -0.027074100899639    -0.006786525214902     0.050731036168782
     0.031895377474094     0.054059176572874    -0.078688431292225
34 9
    -0.363797317408260    -0.000000000000000    -0.805023232563528
    -0.000000000000000     0.069977955960947    -0.000000000000000
    -0.626269021783452     0.000000000000000    -1.409978939805793
34 10
     0.128573015139577    -0.000000000000000    -0.027807436786325
     0.000000000000000    -0.043562974235607    -0.000000000000000
    -0.025539408800972     0.000000000000000     0.036511381365588
34 11
    -0.032383986533563     0.000000000000000    -0.133973472959114
    -0.000000000000000    -0.205042366996525    -0.000000000000000
    -0.027757274409182    -0.000000000000000    -0.030430634579251
34 12
    -0.005597589453034     0.000000000000000     0.007462236826225
     0.000000000000000     0.092771360638978    -0.000000000000000
    -0.062938146645636    -0.000000000000000     0.025220994526375
34 13
     0.015949447802807    -0.000000000000000     0.016570765335835
    -0.000000000000000    -0.003510611141636    -0.000000000000000
     0.045598720522192     0.000000000000000    -0.008149694901251
34 14
     0.011692413292459    -0.000000000000000    -0.002995532695940
     0.000000000000000     0.012741290108440    -0.000000000000000
    -0.008767702707944     0.000000000000000    -0.025668332900466
34 15
     0.011762374088709     0.000000000000000     0.008899269576872
    -0.000000000000000     0.023176403753788    -0.000000000000000
    -0.002384040979134    -0.000000000000000    -0.017516080555998
34 16
    -0.008080363596076     0.000000000000000     0.001684719354386
     0.000000000000000    -0.004765858657921    -0.000000000000000
     0.020280107941983    -0.000000000000000    -0.049960356136269
34 17
    -0.087492920134010     0.071833149327984    -0.053409805602874
     0.053355177846784    -0.115623354785731    -0.017422555050146
    -0.053620550091790     0.011829170993587    -0.018307531626306
34 18
    -0.294386729629414    -0.325838925555773     0.152768500144068
    -0.138417012557617    -0.241601996927104     0.041137293074149
     0.097999041723393     0.142057834242300    -0.093018365799420
34 19
    -0.087492920134010    -0.071833149327984    -0.053409805602874
    -0.053355177846784    -0.115623354785731     0.017422555050146
    -0.053620550091790    -0.011829170993587    -0.018307531626306
34 20
    -0.294386729629414     0.325838925555773     0.152768500144068
     0.138417012557617    -0.241601996927104    -0.041137293074149
     0.097999041723393    -0.142057834242300    -0.093018365799420
34 21
    -0.002395357952669    -0.012769101637005    -0.011215818273801
    -0.030137067585690    -0.002342329524137     0.020335222763201
    -0.035328076526607     0.008147055967529     0.033563301989938
34 22
    -0.002699658522290     0.009975415070423    -0.022507829610063
    -0.002418498193020    -0.005024373726918    -0.016382286066951
     0.005547662092990     0.001012819718346    -0.002500858421873
34 23
    -0.002395357952669     0.012769101637005    -0.011215818273801
     0.030137067585690    -0.002342329524137    -0.020335222763201
    -0.035328076526607    -0.008147055967529     0.033563301989938
34 24
    -0.002699658522290    -0.009975415070423    -0.022507829610063
     0.002418498193020    -0.005024373726918     0.016382286066951
     0.005547662092990    -0.001012819718346    -0.002500858421873
34 25
    -0.031580128751454    -0.000000000000000    -0.059166400301691
     0.000000000000000    -0.007807878144951    -0.000000000000000
     0.000297028684294     0.000000000000000    -0.016146808128130
34 26
    -0.051275724493520    -0.000000000000000     0.195721530989539
     0.000000000000000     0.074335185752924    -0.000000000000000
     0.039072173371538     0.000000000000000    -0.416118647526291
34 27
     0.047424545020578     0.000000000000000     0.026744034509583
    -0.000000000000000     0.023102343753223     0.000000000000000
    -0.003320587923696     0.000000000000000    -0.018383776260987
34 28
    -0.014322358446375     0.000000000000000     0.073473944397705
    -0.000000000000000    -0.173678056033223    -0.000000000000000
     0.031037008496731     0.000000000000000    -0.118797916226022
34 29
    -0.026529317150913    -0.000000000000000     0.057958656562502
     0.000000000000000     0.020444920033203    -0.000000000000000
    -0.011675582718258     0.000000000000000    -0.026123302663198
34 30
    -0.050901794299934    -0.000000000000000    -0.016901754884764
     0.000000000000000    -0.093824697032184    -0.000000000000000
    -0.060829098590170     0.000000000000000     0.102563194298434
34 31
    -0.017151874032373     0.000000000000000     0.015174019966186
    -0.000000000000000    -0.021619571869695     0.000000000000000
    -0.011405036797500    -0.000000000000000     0.001735395436746
34 32
    -0.006880226880372     0.000000000000000    -0.013708424621255
    -0.000000000000000     0.098943358273228    -0.000000000000000
    -0.019000201992713     0.000000000000000     0.090860246646165
34 33
     0.134859539386854     0.000000000000000    -0.017903182827931
     0.000000000000000    -0.061040166426673    -0.000000000000000
    -0.017903182827931    -0.000000000000000     0.004341206117526
34 34
     2.056646740431100    -0.000000000000000     0.676670173780626
    -0.000000000000000     3.095590844695844     0.000000000000000
     0.676670173780626     0.000000000000000     4.128200707957578
34 35
     0.066694936917860     0.000000000000000     0.000790734421344
     0.000000000000000     0.049678144552623    -0.000000000000000
     0.000790734421344    -0.000000000000000     0.003307683876952
34 36
    -0.071569907589693     0.000000000000000    -0.012553821410731
     0.000000000000000    -0.458494179112395    -0.000000000000000
    -0.012553821410731     0.000000000000000     0.016547115447457
34 37
    -0.000457676439484     0.000000000000000    -0.029708602675922
     0.000000000000000     0.023599493844149    -0.000000000000000
    -0.029708602675922    -0.000000000000000    -0.054567790370987
34 38
    -0.006100207640679     0.000000000000000    -0.004823433199174
     0.000000000000000     0.003163698942830    -0.000000000000000
    -0.004823433199174    -0.000000000000000     0.008150700118772
34 39
     0.013703100754881     0.000000000000000     0.016301843091277
     0.000000000000000    -0.017088633651459    -0.000000000000000
     0.016301843091277    -0.000000000000000     0.007160199649264
34 40
    -0.008469075411561     0.000000000000000     0.004414321530795
     0.000000000000000    -0.013626676091518    -0.000000000000000
     0.004414321530795    -0.000000000000000    -0.032325632681200
34 41
    -0.012502212639733    -0.011339282047434     0.015389808740418
    -0.011339282047434    -0.028307234595013    -0.025854039733812
     0.015389808740418    -0.025854039733812    -0.021084671752713
34 42
    -0.000273274580284     0.013104413198618    -0.010687506731275
     0.013104413198618    -0.004229593767768    -0.006761384462868
    -0.010687506731275    -0.006761384462868    -0.006759625340295
34 43
    -0.012502212639733     0.011339282047434     0.015389808740418
     0.011339282047434    -0.028307234595013     0.025854039733812
     0.015389808740418     0.025854039733812    -0.021084671752713
34 44
    -0.000273274580284    -0.013104413198618    -0.010687506731275
    -0.013104413198618    -0.004229593767768     0.006761384462868
    -0.010687506731275     0.006761384462868    -0.006759625340295
34 45
    -0.102858466766660     0.101279306285884     0.120856441103960
     0.101279306285884    -0.090699906063289    -0.119970914492368
     0.120856441103960    -0.119970914492368    -0.130752842400696
34 46
    -0.183269795642673    -0.133214946205806    -0.160378980301437
    -0.133214946205806    -0.119729043657558    -0.146307094147553
    -0.160378980301437    -0.146307094147553    -0.176944521624343
34 47
    -0.102858466766660    -0.101279306285884     0.120856441103960
    -0.101279306285884    -0.090699906063289     0.119970914492368
     0.120856441103960     0.119970914492368    -0.130752842400696
34 48
    -0.183269795642673     0.133214946205806    -0.160378980301437
     0.133214946205806    -0.119729043657558     0.146307094147553
    -0.160378980301437     0.146307094147553    -0.176944521624343
35 1
    -0.133602248014938    -0.089815094890340    -0.033397983435041
    -0.037879536436196    -0.601600511793371    -0.502269928806135
    -0.024526868366172    -0.462660655770134    -0.638313164626215
35 2
    -0.086497868104342     0.044434274620438    -0.005324719182314
    -0.014864419680015    -0.021446831385803    -0.088433509685142
     0.025922747332353     0.039485991259860     0.008415785206112
35 3
    -0.133602248014938     0.089815094890340    -0.033397983435041
     0.037879536436196    -0.601600511793371     0.502269928806135
    -0.024526868366172     0.462660655770134    -0.638313164626215
35 4
    -0.086497868104342    -0.044434274620438    -0.005324719182314
     0.014864419680015    -0.021446831385803     0.088433509685142
     0.025922747332353    -0.039485991259860     0.008415785206112
35 5
    -0.004648084096629    -0.007641554431362     0.013824335237056
    -0.027074100899639    -0.006786525214902     0.050731036168782
     0.031895377474094     0.054059176572874    -0.078688431292225
35 6
     0.014522333729875     0.006296004818285     0.005433080203052
    -0.027897949453233    -0.004339964016600    -0.019434367684899
     0.032137419360889     0.004221859308836     0.024175469335529
35 7
    -0.004648084096629     0.007641554431362     0.013824335237056
     0.027074100899639    -0.006786525214902    -0.050731036168782
     0.031895377474094    -0.054059176572874    -0.078688431292225
35 8
     0.014522333729875    -0.006296004818285     0.005433080203052
     0.027897949453233    -0.004339964016600     0.019434367684899
     0.032137419360889    -0.004221859308836     0.024175469335529
35 9
    -0.005597589453034    -0.000000000000000     0.007462236826225
    -0.000000000000000     0.092771360638978    -0.000000000000000
    -0.062938146645636     0.000000000000000     0.025220994526375
35 10
    -0.032383986533563    -0.000000000000000    -0.133973472959114
     0.000000000000000    -0.205042366996525    -0.000000000000000
    -0.027757274409182     0.000000000000000    -0.030430634579251
35 11
     0.128573015139577     0.000000000000000    -0.027807436786325
    -0.000000000000000    -0.043562974235607    -0.000000000000000
    -0.025539408800972    -0.000000000000000     0.036511381365588
35 12
    -0.363797317408260     0.000000000000000    -0.805023232563528
     0.000000000000000     0.069977955960947    -0.000000000000000
    -0.626269021783452    -0.000000000000000    -1.409978939805793
35 13
    -0.008080363596076    -0.000000000000000     0.001684719354386
    -0.000000000000000    -0.004765858657921    -0.000000000000000
     0.020280107941983     0.000000000000000    -0.049960356136269
35 14
     0.011762374088709    -0.000000000000000     0.008899269576872
     0.000000000000000     0.023176403753788    -0.000000000000000
    -0.002384040979134     0.000000000000000    -0.017516080555998
35 15
     0.011692413292460     0.000000000000000    -0.002995532695940
    -0.000000000000000     0.012741290108440    -0.000000000000000
    -0.008767702707944    -0.000000000000000    -0.025668332900466
35 16
     0.015949447802807     0.000000000000000     0.016570765335835
     0.000000000000000    -0.003510611141636    -0.000000000000000
     0.045598720522192    -0.000000000000000    -0.008149694901251
35 17
    -0.294386729629414     0.325838925555773     0.152768500144068
     0.138417012557617    -0.241601996927104    -0.041137293074149
     0.097999041723393    -0.142057834242300    -0.093018365799420
35 18
    -0.087492920134010    -0.071833149327984    -0.053409805602874
    -0.053355177846784    -0.115623354785731     0.017422555050146
    -0.053620550091790    -0.011829170993587    -0.018307531626306
35 19
    -0.294386729629414    -0.325838925555773     0.152768500144068
    -0.138417012557617    -0.241601996927104     0.041137293074149
     0.097999041723393     0.142057834242300    -0.093018365799420
35 20
    -0.087492920134010     0.071833149327984    -0.053409805602874
     0.053355177846784    -0.115623354785731    -0.017422555050146
    -0.053620550091790     0.011829170993587    -0.018307531626306
35 21
    -0.002699658522290    -0.009975415070423    -0.022507829610063
     0.002418498193020    -0.005024373726918     0.016382286066951
     0.005547662092990    -0.001012819718346    -0.002500858421873
35 22
    -0.002395357952669     0.012769101637005    -0.011215818273801
     0.030137067585690    -0.002342329524137    -0.020335222763201
    -0.035328076526607    -0.008147055967529     0.033563301989938
35 23
    -0.002699658522290     0.009975415070423    -0.022507829610063
    -0.002418498193020    -0.005024373726918    -0.016382286066951
     0.005547662092990     0.001012819718346    -0.002500858421873
35 24
    -0.002395357952669    -0.012769101637005    -0.011215818273801
    -0.030137067585690    -0.002342329524137     0.020335222763201
    -0.035328076526607     0.008147055967529     0.033563301989938
35 25
    -0.014322358446375    -0.000000000000000     0.073473944397705
     0.000000000000000    -0.173678056033223    -0.000000000000000
     0.031037008496731     0.000000000000000    -0.118797916226022
35 26
     0.047424545020578    -0.000000000000000     0.026744034509583
     0.000000000000000     0.023102343753223    -0.000000000000000
    -0.003320587923696     0.000000000000000    -0.018383776260987
35 27
    -0.051275724493520     0.000000000000000     0.195721530989539
    -0.000000000000000     0.074335185752924     0.000000000000000
     0.039072173371538     0.000000000000000    -0.416118647526291
35 28
    -0.031580128751454     0.000000000000000    -0.059166400301691
    -0.000000000000000    -0.007807878144951    -0.000000000000000
     0.000297028684294     0.000000000000000    -0.016146808128130
35 29
    -0.006880226880372    -0.000000000000000    -0.013708424621255
     0.000000000000000     0.098943358273228    -0.000000000000000
    -0.019000201992713     0.000000000000000     0.090860246646165
35 30
    -0.017151874032373    -0.000000000000000     0.015174019966186
     0.000000000000000    -0.021619571869695    -0.000000000000000
    -0.011405036797500     0.000000000000000     0.001735395436746
35 31
    -0.050901794299934     0.000000000000000    -0.016901754884764
    -0.000000000000000    -0.093824697032185     0.000000000000000
    -0.060829098590170    -0.000000000000000     0.102563194298434
35 32
    -0.026529317150913     0.000000000000000     0.057958656562502
    -0.000000000000000     0.020444920033203    -0.000000000000000
    -0.011675582718258     0.000000000000000    -0.026123302663198
35 33
    -0.071569907589693     0.000000000000000    -0.012553821410731
     0.000000000000000    -0.458494179112395    -0.000000000000000
    -0.012553821410731    -0.000000000000000     0.016547115447457
35 34
     0.066694936917860     0.000000000000000     0.000790734421344
     0.000000000000000     0.049678144552623    -0.000000000000000
     0.000790734421344    -0.000000000000000     0.003307683876952
35 35
     2.056646740431100    -0.000000000000000     0.676670173780626
    -0.000000000000000     3.095590844695844    -0.000000000000000
     0.676670173780626    -0.000000000000000     4.128200707957578
35 36
     0.134859539386854     0.000000000000000    -0.017903182827931
     0.000000000000000    -0.061040166426673    -0.000000000000000
    -0.017903182827931    -0.000000000000000     0.004341206117526
35 37
    -0.008469075411561     0.000000000000000     0.004414321530795
     0.000000000000000    -0.013626676091518    -0.000000000000000
     0.004414321530795    -0.000000000000000    -0.032325632681200
35 38
     0.013703100754881     0.000000000000000     0.016301843091277
     0.000000000000000    -0.017088633651459    -0.000000000000000
     0.016301843091277    -0.000000000000000     0.007160199649264
35 39
    -0.006100207640679     0.000000000000000    -0.004823433199174
     0.000000000000000     0.003163698942830    -0.000000000000000
    -0.004823433199174    -0.000000000000000     0.008150700118772
35 40
    -0.000457676439484     0.000000000000000    -0.029708602675922
     0.000000000000000     0.023599493844149    -0.000000000000000
    -0.029708602675922    -0.000000000000000    -0.054567790370987
35 41
    -0.000273274580284    -0.013104413198618    -0.010687506731275
    -0.013104413198618    -0.004229593767768     0.006761384462868
    -0.010687506731275     0.006761384462868    -0.006759625340295
35 42
    -0.012502212639733     0.011339282047434     0.015389808740418
     0.011339282047434    -0.028307234595013     0.025854039733812
     0.015389808740418     0.025854039733812    -0.021084671752713
35 43
    -0.000273274580284     0.013104413198618    -0.010687506731275
     0.013104413198618    -0.004229593767768    -0.006761384462868
    -0.010687506731275    -0.006761384462868    -0.006759625340295
35 44
    -0.012502212639733    -0.011339282047434     0.015389808740418
    -0.011339282047434    -0.028307234595013    -0.025854039733812
     0.015389808740418    -0.025854039733812    -0.021084671752713
35 45
    -0.183269795642673     0.133214946205806    -0.160378980301437
     0.133214946205806    -0.119729043657558     0.146307094147553
    -0.160378980301437     0.146307094147553    -0.176944521624343
35 46
    -0.102858466766660    -0.101279306285884     0.120856441103960
    -0.101279306285884    -0.090699906063289     0.119970914492368
     0.120856441103960     0.119970914492368    -0.130752842400696
35 47
    -0.183269795642673    -0.133214946205806    -0.160378980301437
    -0.133214946205806    -0.119729043657558    -0.146307094147553
    -0.160378980301437    -0.146307094147553    -0.176944521624343
35 48
    -0.102858466766660     0.101279306285884     0.120856441103960
     0.101279306285884    -0.090699906063289    -0.119970914492368
     0.120856441103960    -0.119970914492368    -0.130752842400696
36 1
    -0.086497868104342     0.044434274620438    -0.005324719182314
    -0.014864419680015    -0.021446831385803    -0.088433509685142
     0.025922747332353     0.039485991259860     0.008415785206112
36 2
    -0.133602248014938    -0.089815094890340    -0.033397983435041
    -0.037879536436196    -0.601600511793371    -0.502269928806135
    -0.024526868366172    -0.462660655770134    -0.638313164626215
36 3
    -0.086497868104342    -0.044434274620438    -0.005324719182314
     0.014864419680015    -0.021446831385803     0.088433509685142
     0.025922747332353    -0.039485991259860     0.008415785206112
36 4
    -0.133602248014938     0.089815094890340    -0.033397983435041
     0.037879536436196    -0.601600511793371     0.502269928806135
    -0.024526868366172     0.462660655770134    -0.638313164626215
36 5
     0.014522333729875     0.006296004818285     0.005433080203052
    -0.027897949453233    -0.004339964016600    -0.019434367684899
     0.032137419360889     0.004221859308836     0.024175469335529
36 6
    -0.004648084096629    -0.007641554431362     0.013824335237056
    -0.027074100899639    -0.006786525214902     0.050731036168782
     0.031895377474094     0.054059176572874    -0.078688431292225
36 7
     0.014522333729875    -0.006296004818285     0.005433080203052
     0.027897949453233    -0.004339964016600     0.019434367684899
     0.032137419360889    -0.004221859308836     0.024175469335529
36 8
    -0.004648084096629     0.007641554431362     0.013824335237056
     0.027074100899639    -0.006786525214902    -0.050731036168782
     0.031895377474094    -0.054059176572874    -0.078688431292225
36 9
    -0.032383986533564    -0.000000000000000    -0.133973472959114
    -0.000000000000000    -0.205042366996525    -0.000000000000000
    -0.027757274409182     0.000000000000000    -0.030430634579251
36 10
    -0.005597589453034    -0.000000000000000     0.007462236826225
     0.000000000000000     0.092771360638978    -0.000000000000000
    -0.062938146645636     0.000000000000000     0.025220994526375
36 11
    -0.363797317408260     0.000000000000000    -0.805023232563528
    -0.000000000000000     0.069977955960947    -0.000000000000000
    -0.626269021783452    -0.000000000000000    -1.409978939805793
36 12
     0.128573015139577     0.000000000000000    -0.027807436786325
     0.000000000000000    -0.043562974235607    -0.000000000000000
    -0.025539408800972    -0.000000000000000     0.036511381365588
36 13
     0.011762374088709    -0.000000000000000     0.008899269576872
    -0.000000000000000     0.023176403753788    -0.000000000000000
    -0.002384040979134     0.000000000000000    -0.017516080555998
36 14
    -0.008080363596076    -0.000000000000000     0.001684719354386
     0.000000000000000    -0.004765858657921    -0.000000000000000
     0.020280107941983     0.000000000000000    -0.049960356136269
36 15
     0.015949447802807     0.000000000000000     0.016570765335835
    -0.000000000000000    -0.003510611141636    -0.000000000000000
     0.045598720522192    -0.000000000000000    -0.008149694901251
36 16
     0.011692413292460     0.000000000000000    -0.002995532695940
     0.000000000000000     0.012741290108440    -0.000000000000000
    -0.008767702707944    -0.000000000000000    -0.025668332900466
36 17
    -0.087492920134010    -0.071833149327984    -0.053409805602874
    -0.053355177846784    -0.115623354785731     0.017422555050146
    -0.053620550091790    -0.011829170993587    -0.018307531626306
36 18
    -0.294386729629414     0.325838925555773     0.152768500144068
     0.138417012557617    -0.241601996927104    -0.041137293074149
     0.097999041723393    -0.142057834242300    -0.093018365799420
36 19
    -0.087492920134010     0.071833149327984    -0.053409805602874
     0.053355177846784    -0.115623354785731    -0.017422555050146
    -0.053620550091790     0.011829170993587    -0.018307531626306
36 20
    -0.294386729629414    -0.325838925555773     0.152768500144068
    -0.138417012557617    -0.241601996927104     0.041137293074149
     0.097999041723393     0.142057834242300    -0.093018365799420
36 21
    -0.002395357952669     0.012769101637005    -0.011215818273801
     0.030137067585690    -0.002342329524137    -0.020335222763201
    -0.035328076526607    -0.008147055967529     0.033563301989938
36 22
    -0.002699658522290    -0.009975415070423    -0.022507829610063
     0.002418498193020    -0.005024373726918     0.016382286066951
     0.005547662092990    -0.001012819718346    -0.002500858421873
36 23
    -0.002395357952669    -0.012769101637005    -0.011215818273801
    -0.030137067585690    -0.002342329524137     0.020335222763201
    -0.035328076526607     0.008147055967529     0.033563301989938
36 24
    -0.002699658522290     0.009975415070423    -0.022507829610063
    -0.002418498193020    -0.005024373726918    -0.016382286066951
     0.005547662092990     0.001012819718346    -0.002500858421873
36 25
     0.047424545020578    -0.000000000000000     0.026744034509583
     0.000000000000000     0.023102343753223    -0.000000000000000
    -0.003320587923696     0.000000000000000    -0.018383776260987
36 26
    -0.014322358446375    -0.000000000000000     0.073473944397705
     0.000000000000000    -0.173678056033223    -0.000000000000000
     0.031037008496731     0.000000000000000    -0.118797916226022
36 27
    -0.031580128751454     0.000000000000000    -0.059166400301691
    -0.000000000000000    -0.007807878144951     0.000000000000000
     0.000297028684294     0.000000000000000    -0.016146808128130
36 28
    -0.051275724493520     0.000000000000000     0.195721530989539
    -0.000000000000000     0.074335185752924    -0.000000000000000
     0.039072173371538     0.000000000000000    -0.416118647526291
36 29
    -0.017151874032373    -0.000000000000000     0.015174019966186
     0.000000000000000    -0.021619571869695    -0.000000000000000
    -0.011405036797500     0.000000000000000     0.001735395436746
36 30
    -0.006880226880372    -0.000000000000000    -0.013708424621255
     0.000000000000000     0.098943358273228    -0.000000000000000
    -0.019000201992713     0.000000000000000     0.090860246646165
36 31
    -0.026529317150913     0.000000000000000     0.057958656562502
    -0.000000000000000     0.020444920033203     0.000000000000000
    -0.011675582718258    -0.000000000000000    -0.026123302663198
36 32
    -0.050901794299934     0.000000000000000    -0.016901754884764
    -0.000000000000000    -0.093824697032184    -0.000000000000000
    -0.060829098590170     0.000000000000000     0.102563194298434
36 33
     0.066694936917860     0.000000000000000     0.000790734421344
     0.000000000000000     0.049678144552623    -0.000000000000000
     0.000790734421344    -0.000000000000000     0.003307683876952
36 34
    -0.071569907589693     0.000000000000000    -0.012553821410731
     0.000000000000000    -0.458494179112395     0.000000000000000
    -0.012553821410731    -0.000000000000000     0.016547115447457
36 35
     0.134859539386854     0.000000000000000    -0.017903182827931
     0.000000000000000    -0.061040166426673    -0.000000000000000
    -0.017903182827931    -0.000000000000000     0.004341206117526
36 36
     2.056646740431100    -0.000000000000000     0.676670173780626
    -0.000000000000000     3.095590844695844    -0.000000000000000
     0.676670173780626    -0.000000000000000     4.128200707957578
36 37
     0.013703100754881     0.000000000000000     0.016301843091277
     0.000000000000000    -0.017088633651459    -0.000000000000000
     0.016301843091277    -0.000000000000000     0.007160199649264
36 38
    -0.008469075411561     0.000000000000000     0.004414321530795
     0.000000000000000    -0.013626676091518    -0.000000000000000
     0.004414321530795    -0.000000000000000    -0.032325632681200
36 39
    -0.000457676439484     0.000000000000000    -0.029708602675922
     0.000000000000000     0.023599493844149    -0.000000000000000
    -0.029708602675922    -0.000000000000000    -0.054567790370987
36 40
    -0.006100207640679     0.000000000000000    -0.004823433199174
     0.000000000000000     0.003163698942830    -0.000000000000000
    -0.004823433199174    -0.000000000000000     0.008150700118772
36 41
    -0.012502212639733     0.011339282047434     0.015389808740418
     0.011339282047434    -0.028307234595013     0.025854039733812
     0.015389808740418     0.025854039733812    -0.021084671752713
36 42
    -0.000273274580284    -0.013104413198618    -0.010687506731275
    -0.013104413198618    -0.004229593767768     0.006761384462868
    -0.010687506731275     0.006761384462868    -0.006759625340295
36 43
    -0.012502212639733    -0.011339282047434     0.015389808740418
    -0.011339282047434    -0.028307234595013    -0.025854039733812
     0.015389808740418    -0.025854039733812    -0.021084671752713
36 44
    -0.000273274580284     0.013104413198618    -0.010687506731275
     0.013104413198618    -0.004229593767768    -0.006761384462868
    -0.010687506731275    -0.006761384462868    -0.006759625340295
36 45
    -0.102858466766660    -0.101279306285884     0.120856441103960
    -0.101279306285884    -0.090699906063289     0.119970914492368
     0.120856441103960     0.119970914492368    -0.130752842400696
36 46
    -0.183269795642673     0.133214946205806    -0.160378980301437
     0.133214946205806    -0.119729043657558     0.146307094147553
    -0.160378980301437     0.146307094147553    -0.176944521624343
36 47
    -0.102858466766660     0.101279306285884     0.120856441103960
     0.101279306285884    -0.090699906063289    -0.119970914492368
     0.120856441103960    -0.119970914492368    -0.130752842400696
36 48
    -0.183269795642673    -0.133214946205806    -0.160378980301437
    -0.133214946205806    -0.119729043657558    -0.146307094147553
    -0.160378980301437    -0.146307094147553    -0.176944521624343
37 1
    -0.004648084096629     0.007641554431362     0.013824335237056
     0.027074100899639    -0.006786525214902    -0.050731036168782
     0.031895377474094    -0.054059176572874    -0.078688431292225
37 2
     0.014522333729875    -0.006296004818285     0.005433080203052
     0.027897949453233    -0.004339964016600     0.019434367684899
     0.032137419360889    -0.004221859308836     0.024175469335529
37 3
    -0.004648084096629    -0.007641554431362     0.013824335237056
    -0.027074100899639    -0.006786525214902     0.050731036168782
     0.031895377474094     0.054059176572874    -0.078688431292225
37 4
     0.014522333729875     0.006296004818285     0.005433080203052
    -0.027897949453233    -0.004339964016600    -0.019434367684899
     0.032137419360889     0.004221859308836     0.024175469335529
37 5
    -0.133602248014938     0.089815094890340    -0.033397983435041
     0.037879536436196    -0.601600511793371     0.502269928806135
    -0.024526868366172     0.462660655770134    -0.638313164626215
37 6
    -0.086497868104342    -0.044434274620438    -0.005324719182314
     0.014864419680015    -0.021446831385803     0.088433509685142
     0.025922747332353    -0.039485991259860     0.008415785206112
37 7
    -0.133602248014938    -0.089815094890340    -0.033397983435041
    -0.037879536436196    -0.601600511793371    -0.502269928806135
    -0.024526868366172    -0.462660655770134    -0.638313164626215
37 8
    -0.086497868104342     0.044434274620438    -0.005324719182314
    -0.014864419680015    -0.021446831385803    -0.088433509685142
     0.025922747332353     0.039485991259860     0.008415785206112
37 9
     0.011692413292459    -0.000000000000000    -0.002995532695940
    -0.000000000000000     0.012741290108440    -0.000000000000000
    -0.008767702707944     0.000000000000000    -0.025668332900466
37 10
     0.015949447802807    -0.000000000000000     0.016570765335835
     0.000000000000000    -0.003510611141635    -0.000000000000000
     0.045598720522192     0.000000000000000    -0.008149694901251
37 11
    -0.008080363596076     0.000000000000000     0.001684719354386
    -0.000000000000000    -0.004765858657921    -0.000000000000000
     0.020280107941983    -0.000000000000000    -0.049960356136269
37 12
     0.011762374088709     0.000000000000000     0.008899269576872
     0.000000000000000     0.023176403753788    -0.000000000000000
    -0.002384040979134    -0.000000000000000    -0.017516080555998
37 13
     0.128573015139577    -0.000000000000000    -0.027807436786325
    -0.000000000000000    -0.043562974235607    -0.000000000000000
    -0.025539408800972     0.000000000000000     0.036511381365588
37 14
    -0.363797317408260    -0.000000000000000    -0.805023232563528
     0.000000000000000     0.069977955960947    -0.000000000000000
    -0.626269021783452     0.000000000000000    -1.409978939805793
37 15
    -0.005597589453034     0.000000000000000     0.007462236826225
    -0.000000000000000     0.092771360638978    -0.000000000000000
    -0.062938146645636    -0.000000000000000     0.025220994526375
37 16
    -0.032383986533563     0.000000000000000    -0.133973472959114
     0.000000000000000    -0.205042366996525    -0.000000000000000
    -0.027757274409182    -0.000000000000000    -0.030430634579251
37 17
    -0.002699658522290     0.009975415070423    -0.022507829610063
    -0.002418498193020    -0.005024373726918    -0.016382286066951
     0.005547662092990     0.001012819718346    -0.002500858421873
37 18
    -0.002395357952669    -0.012769101637005    -0.011215818273801
    -0.030137067585690    -0.002342329524137     0.020335222763201
    -0.035328076526607     0.008147055967529     0.033563301989938
37 19
    -0.002699658522290    -0.009975415070423    -0.022507829610063
     0.002418498193020    -0.005024373726918     0.016382286066951
     0.005547662092990    -0.001012819718346    -0.002500858421873
37 20
    -0.002395357952669     0.012769101637005    -0.011215818273801
     0.030137067585690    -0.002342329524137    -0.020335222763201
    -0.035328076526607    -0.008147055967529     0.033563301989938
37 21
    -0.294386729629414    -0.325838925555773     0.152768500144068
    -0.138417012557617    -0.241601996927104     0.041137293074149
     0.097999041723393     0.142057834242300    -0.093018365799420
37 22
    -0.087492920134010     0.071833149327984    -0.053409805602874
     0.053355177846784    -0.115623354785732    -0.017422555050146
    -0.053620550091790     0.011829170993587    -0.018307531626306
37 23
    -0.294386729629414     0.325838925555773     0.152768500144068
     0.138417012557617    -0.241601996927104    -0.041137293074149
     0.097999041723393    -0.142057834242300    -0.093018365799420
37 24
    -0.087492920134010    -0.071833149327984    -0.053409805602874
    -0.053355177846784    -0.115623354785731     0.017422555050146
    -0.053620550091790    -0.011829170993587    -0.018307531626306
37 25
    -0.050901794299934    -0.000000000000000    -0.016901754884764
     0.000000000000000    -0.093824697032185    -0.000000000000000
    -0.060829098590170     0.000000000000000     0.102563194298434
37 26
    -0.026529317150913    -0.000000000000000     0.057958656562502
     0.000000000000000     0.020444920033203    -0.000000000000000
    -0.011675582718258     0.000000000000000    -0.026123302663198
37 27
    -0.006880226880372     0.000000000000000    -0.013708424621255
    -0.000000000000000     0.098943358273228     0.000000000000000
    -0.019000201992713    -0.000000000000000     0.090860246646165
37 28
    -0.017151874032373     0.000000000000000     0.015174019966186
    -0.000000000000000    -0.021619571869695    -0.000000000000000
    -0.011405036797500     0.000000000000000     0.001735395436746
37 29
    -0.051275724493520    -0.000000000000000     0.195721530989539
     0.000000000000000     0.074335185752924    -0.000000000000000
     0.039072173371538     0.000000000000000    -0.416118647526291
37 30
    -0.031580128751454    -0.000000000000000    -0.059166400301691
     0.000000000000000    -0.007807878144951    -0.000000000000000
     0.000297028684294     0.000000000000000    -0.016146808128130
37 31
    -0.014322358446375     0.000000000000000     0.073473944397705
    -0.000000000000000    -0.173678056033223     0.000000000000000
     0.031037008496731    -0.000000000000000    -0.118797916226022
37 32
     0.047424545020578     0.000000000000000     0.026744034509583
    -0.000000000000000     0.023102343753223    -0.000000000000000
    -0.003320587923696     0.000000000000000    -0.018383776260987
37 33
    -0.006100207640679     0.000000000000000    -0.004823433199174
     0.000000000000000     0.003163698942830    -0.000000000000000
    -0.004823433199174    -0.000000000000000     0.008150700118772
37 34
    -0.000457676439484     0.000000000000000    -0.029708602675922
     0.000000000000000     0.023599493844149    -0.000000000000000
    -0.029708602675922    -0.000000000000000    -0.054567790370987
37 35
    -0.008469075411561     0.000000000000000     0.004414321530795
     0.000000000000000    -0.013626676091518    -0.000000000000000
     0.004414321530795    -0.000000000000000    -0.032325632681200
37 36
     0.013703100754881     0.000000000000000     0.016301843091277
     0.000000000000000    -0.017088633651459    -0.000000000000000
     0.016301843091277    -0.000000000000000     0.007160199649264
37 37
     2.056646740431099    -0.000000000000000     0.676670173780626
    -0.000000000000000     3.095590844695844     0.000000000000000
     0.676670173780626     0.000000000000000     4.128200707957577
37 38
     0.134859539386854     0.000000000000000    -0.017903182827931
     0.000000000000000    -0.061040166426673    -0.000000000000000
    -0.017903182827931    -0.000000000000000     0.004341206117526
37 39
    -0.071569907589693     0.000000000000000    -0.012553821410731
     0.000000000000000    -0.458494179112395    -0.000000000000000
    -0.012553821410731    -0.000000000000000     0.016547115447457
37 40
     0.066694936917860     0.000000000000000     0.000790734421344
     0.000000000000000     0.049678144552623    -0.000000000000000
     0.000790734421344    -0.000000000000000     0.003307683876952
37 41
    -0.183269795642673    -0.133214946205806    -0.160378980301437
    -0.133214946205806    -0.119729043657558    -0.146307094147553
    -0.160378980301437    -0.146307094147553    -0.176944521624343
37 42
    -0.102858466766660     0.101279306285884     0.120856441103960
     0.101279306285884    -0.090699906063289    -0.119970914492368
     0.120856441103960    -0.119970914492368    -0.130752842400696
37 43
    -0.183269795642673     0.133214946205806    -0.160378980301437
     0.133214946205806    -0.119729043657558     0.146307094147553
    -0.160378980301437     0.146307094147553    -0.176944521624343
37 44
    -0.102858466766660    -0.101279306285884     0.120856441103960
    -0.101279306285884    -0.090699906063289     0.119970914492368
     0.120856441103960     0.119970914492368    -0.130752842400696
37 45
    -0.000273274580284     0.013104413198618    -0.010687506731275
     0.013104413198618    -0.004229593767768    -0.006761384462868
    -0.010687506731275    -0.006761384462868    -0.006759625340295
37 46
    -0.012502212639733    -0.011339282047434     0.015389808740418
    -0.011339282047434    -0.028307234595013    -0.025854039733812
     0.015389808740418    -0.025854039733812    -0.021084671752713
37 47
    -0.000273274580284    -0.013104413198618    -0.010687506731275
    -0.013104413198618    -0.004229593767768     0.006761384462868
    -0.010687506731275     0.006761384462868    -0.006759625340295
37 48
    -0.012502212639733     0.011339282047434     0.015389808740418
     0.011339282047434    -0.028307234595013     0.025854039733812
     0.015389808740418     0.025854039733812    -0.021084671752713
38 1
     0.014522333729875    -0.006296004818285     0.005433080203052
     0.027897949453233    -0.004339964016600     0.019434367684899
     0.032137419360889    -0.004221859308836     0.024175469335529
38 2
    -0.004648084096629     0.007641554431362     0.013824335237056
     0.027074100899639    -0.006786525214902    -0.050731036168782
     0.031895377474094    -0.054059176572874    -0.078688431292225
38 3
     0.014522333729875     0.006296004818285     0.005433080203052
    -0.027897949453233    -0.004339964016600    -0.019434367684899
     0.032137419360889     0.004221859308836     0.024175469335529
38 4
    -0.004648084096629    -0.007641554431362     0.013824335237056
    -0.027074100899639    -0.006786525214902     0.050731036168782
     0.031895377474094     0.054059176572874    -0.078688431292225
38 5
    -0.086497868104342    -0.044434274620438    -0.005324719182314
     0.014864419680015    -0.021446831385803     0.088433509685142
     0.025922747332353    -0.039485991259860     0.008415785206112
38 6
    -0.133602248014938     0.089815094890340    -0.033397983435041
     0.037879536436196    -0.601600511793371     0.502269928806135
    -0.024526868366172     0.462660655770134    -0.638313164626215
38 7
    -0.086497868104342     0.044434274620438    -0.005324719182314
    -0.014864419680015    -0.021446831385803    -0.088433509685142
     0.025922747332353     0.039485991259860     0.008415785206112
38 8
    -0.133602248014938    -0.089815094890340    -0.033397983435041
    -0.037879536436196    -0.601600511793371    -0.502269928806135
    -0.024526868366172    -0.462660655770134    -0.638313164626215
38 9
     0.015949447802807    -0.000000000000000     0.016570765335835
    -0.000000000000000    -0.003510611141636    -0.000000000000000
     0.045598720522192     0.000000000000000    -0.008149694901251
38 10
     0.011692413292459    -0.000000000000000    -0.002995532695940
     0.000000000000000     0.012741290108440    -0.000000000000000
    -0.008767702707944     0.000000000000000    -0.025668332900466
38 11
     0.011762374088709     0.000000000000000     0.008899269576872
    -0.000000000000000     0.023176403753788    -0.000000000000000
    -0.002384040979134    -0.000000000000000    -0.017516080555998
38 12
    -0.008080363596076     0.000000000000000     0.001684719354386
     0.000000000000000    -0.004765858657921    -0.000000000000000
     0.020280107941983    -0.000000000000000    -0.049960356136269
38 13
    -0.363797317408260    -0.000000000000000    -0.805023232563528
    -0.000000000000000     0.069977955960947    -0.000000000000000
    -0.626269021783452     0.000000000000000    -1.409978939805793
38 14
     0.128573015139577    -0.000000000000000    -0.027807436786325
     0.000000000000000    -0.043562974235607    -0.000000000000000
    -0.025539408800972     0.000000000000000     0.036511381365588
38 15
    -0.032383986533563     0.000000000000000    -0.133973472959114
    -0.000000000000000    -0.205042366996525    -0.000000000000000
    -0.027757274409182    -0.000000000000000    -0.030430634579251
38 16
    -0.005597589453034     0.000000000000000     0.007462236826225
     0.000000000000000     0.092771360638978    -0.000000000000000
    -0.062938146645636    -0.000000000000000     0.025220994526375
38 17
    -0.002395357952669    -0.012769101637005    -0.011215818273801
    -0.030137067585690    -0.002342329524137     0.020335222763201
    -0.035328076526607     0.008147055967529     0.033563301989938
38 18
    -0.002699658522290     0.009975415070423    -0.022507829610063
    -0.002418498193020    -0.005024373726918    -0.016382286066951
     0.005547662092990     0.001012819718346    -0.002500858421873
38 19
    -0.002395357952669     0.012769101637005    -0.011215818273801
     0.030137067585690    -0.002342329524137    -0.020335222763201
    -0.035328076526607    -0.008147055967529     0.033563301989938
38 20
    -0.002699658522290    -0.009975415070423    -0.022507829610063
     0.002418498193020    -0.005024373726918     0.016382286066951
     0.005547662092990    -0.001012819718346    -0.002500858421873
38 21
    -0.087492920134010     0.071833149327984    -0.053409805602874
     0.053355177846784    -0.115623354785731    -0.017422555050146
    -0.053620550091790     0.011829170993587    -0.018307531626306
38 22
    -0.294386729629414    -0.325838925555773     0.152768500144068
    -0.138417012557617    -0.241601996927104     0.041137293074149
     0.097999041723393     0.142057834242300    -0.093018365799420
38 23
    -0.087492920134010    -0.071833149327984    -0.053409805602874
    -0.053355177846784    -0.115623354785731     0.017422555050146
    -0.053620550091790    -0.011829170993587    -0.018307531626306
38 24
    -0.294386729629414     0.325838925555773     0.152768500144068
     0.138417012557617    -0.241601996927104    -0.041137293074149
     0.097999041723393    -0.142057834242300    -0.093018365799420
38 25
    -0.026529317150913    -0.000000000000000     0.057958656562502
     0.000000000000000     0.020444920033203    -0.000000000000000
    -0.011675582718258     0.000000000000000    -0.026123302663198
38 26
    -0.050901794299934    -0.000000000000000    -0.016901754884764
     0.000000000000000    -0.093824697032184    -0.000000000000000
    -0.060829098590170    -0.000000000000000     0.102563194298434
38 27
    -0.017151874032373     0.000000000000000     0.015174019966186
    -0.000000000000000    -0.021619571869695     0.000000000000000
    -0.011405036797500    -0.000000000000000     0.001735395436746
38 28
    -0.006880226880372     0.000000000000000    -0.013708424621255
    -0.000000000000000     0.098943358273228    -0.000000000000000
    -0.019000201992713     0.000000000000000     0.090860246646165
38 29
    -0.031580128751454    -0.000000000000000    -0.059166400301691
     0.000000000000000    -0.007807878144951    -0.000000000000000
     0.000297028684294     0.000000000000000    -0.016146808128130
38 30
    -0.051275724493520    -0.000000000000000     0.195721530989539
     0.000000000000000     0.074335185752924    -0.000000000000000
     0.039072173371538    -0.000000000000000    -0.416118647526291
38 31
     0.047424545020578     0.000000000000000     0.026744034509583
    -0.000000000000000     0.023102343753223     0.000000000000000
    -0.003320587923696    -0.000000000000000    -0.018383776260987
38 32
    -0.014322358446375     0.000000000000000     0.073473944397705
    -0.000000000000000    -0.173678056033223    -0.000000000000000
     0.031037008496731    -0.000000000000000    -0.118797916226022
38 33
    -0.000457676439484     0.000000000000000    -0.029708602675922
     0.000000000000000     0.023599493844149    -0.000000000000000
    -0.029708602675922    -0.000000000000000    -0.054567790370987
38 34
    -0.006100207640679     0.000000000000000    -0.004823433199174
     0.000000000000000     0.003163698942830    -0.000000000000000
    -0.004823433199174    -0.000000000000000     0.008150700118772
38 35
     0.013703100754881     0.000000000000000     0.016301843091277
     0.000000000000000    -0.017088633651459    -0.000000000000000
     0.016301843091277    -0.000000000000000     0.007160199649264
38 36
    -0.008469075411561     0.000000000000000     0.004414321530795
     0.000000000000000    -0.013626676091518    -0.000000000000000
     0.004414321530795    -0.000000000000000    -0.032325632681200
38 37
     0.134859539386854     0.000000000000000    -0.017903182827931
     0.000000000000000    -0.061040166426673    -0.000000000000000
    -0.017903182827931    -0.000000000000000     0.004341206117526
38 38
     2.056646740431099    -0.000000000000000     0.676670173780625
    -0.000000000000000     3.095590844695843     0.000000000000000
     0.676670173780625     0.000000000000000     4.128200707957576
38 39
     0.066694936917860     0.000000000000000     0.000790734421344
     0.000000000000000     0.049678144552623    -0.000000000000000
     0.000790734421344    -0.000000000000000     0.003307683876952
38 40
    -0.071569907589693     0.000000000000000    -0.012553821410731
     0.000000000000000    -0.458494179112395    -0.000000000000000
    -0.012553821410731    -0.000000000000000     0.016547115447457
38 41
    -0.102858466766660     0.101279306285884     0.120856441103960
     0.101279306285884    -0.090699906063289    -0.119970914492368
     0.120856441103960    -0.119970914492368    -0.130752842400696
38 42
    -0.183269795642673    -0.133214946205806    -0.160378980301437
    -0.133214946205806    -0.119729043657558    -0.146307094147553
    -0.160378980301437    -0.146307094147553    -0.176944521624343
38 43
    -0.102858466766660    -0.101279306285884     0.120856441103960
    -0.101279306285884    -0.090699906063289     0.119970914492368
     0.120856441103960     0.119970914492368    -0.130752842400696
38 44
    -0.183269795642673     0.133214946205806    -0.160378980301437
     0.133214946205806    -0.119729043657558     0.146307094147553
    -0.160378980301437     0.146307094147553    -0.176944521624343
38 45
    -0.012502212639733    -0.011339282047434     0.015389808740418
    -0.011339282047434    -0.028307234595013    -0.025854039733812
     0.015389808740418    -0.025854039733812    -0.021084671752713
38 46
    -0.000273274580284     0.013104413198618    -0.010687506731275
     0.013104413198618    -0.004229593767768    -0.006761384462868
    -0.010687506731275    -0.006761384462868    -0.006759625340295
38 47
    -0.012502212639733     0.011339282047434     0.015389808740418
     0.011339282047434    -0.028307234595013     0.025854039733812
     0.015389808740418     0.025854039733812    -0.021084671752713
38 48
    -0.000273274580284    -0.013104413198618    -0.010687506731275
    -0.013104413198618    -0.004229593767768     0.006761384462868
    -0.010687506731275     0.006761384462868    -0.006759625340295
39 1
    -0.004648084096629    -0.007641554431362     0.013824335237056
    -0.027074100899639    -0.006786525214902     0.050731036168782
     0.031895377474094     0.054059176572874    -0.078688431292225
39 2
     0.014522333729875     0.006296004818285     0.005433080203052
    -0.027897949453233    -0.004339964016600    -0.019434367684899
     0.032137419360889     0.004221859308836     0.024175469335529
39 3
    -0.004648084096629     0.007641554431362     0.013824335237056
     0.027074100899639    -0.006786525214902    -0.050731036168782
     0.031895377474094    -0.054059176572874    -0.078688431292225
39 4
     0.014522333729875    -0.006296004818285     0.005433080203052
     0.027897949453233    -0.004339964016600     0.019434367684899
     0.032137419360889    -0.004221859308836     0.024175469335529
39 5
    -0.133602248014938    -0.089815094890340    -0.033397983435041
    -0.037879536436196    -0.601600511793371    -0.502269928806135
    -0.024526868366172    -0.462660655770134    -0.638313164626215
39 6
    -0.086497868104342     0.044434274620438    -0.005324719182314
    -0.014864419680015    -0.021446831385803    -0.088433509685142
     0.025922747332353     0.039485991259860     0.008415785206112
39 7
    -0.133602248014938     0.089815094890340    -0.033397983435041
     0.037879536436196    -0.601600511793371     0.502269928806135
    -0.024526868366172     0.462660655770134    -0.638313164626215
39 8
    -0.086497868104342    -0.044434274620438    -0.005324719182314
     0.014864419680015    -0.021446831385803     0.088433509685142
     0.025922747332353    -0.039485991259860     0.008415785206112
39 9
    -0.008080363596076    -0.000000000000000     0.001684719354386
    -0.000000000000000    -0.004765858657921    -0.000000000000000
     0.020280107941983     0.000000000000000    -0.049960356136269
39 10
     0.011762374088709    -0.000000000000000     0.008899269576872
     0.000000000000000     0.023176403753788    -0.000000000000000
    -0.002384040979134     0.000000000000000    -0.017516080555998
39 11
     0.011692413292460     0.000000000000000    -0.002995532695940
    -0.000000000000000     0.012741290108440    -0.000000000000000
    -0.008767702707944    -0.000000000000000    -0.025668332900466
39 12
     0.015949447802807     0.000000000000000     0.016570765335835
     0.000000000000000    -0.003510611141636    -0.000000000000000
     0.045598720522192    -0.000000000000000    -0.008149694901251
39 13
    -0.005597589453034    -0.000000000000000     0.007462236826225
    -0.000000000000000     0.092771360638978    -0.000000000000000
    -0.062938146645636     0.000000000000000     0.025220994526375
39 14
    -0.032383986533563    -0.000000000000000    -0.133973472959114
     0.000000000000000    -0.205042366996525    -0.000000000000000
    -0.027757274409182     0.000000000000000    -0.030430634579251
39 15
     0.128573015139577     0.000000000000000    -0.027807436786325
    -0.000000000000000    -0.043562974235607    -0.000000000000000
    -0.025539408800972    -0.000000000000000     0.036511381365588
39 16
    -0.363797317408260     0.000000000000000    -0.805023232563528
     0.000000000000000     0.069977955960947    -0.000000000000000
    -0.626269021783452    -0.000000000000000    -1.409978939805793
39 17
    -0.002699658522290    -0.009975415070423    -0.022507829610063
     0.002418498193020    -0.005024373726918     0.016382286066951
     0.005547662092990    -0.001012819718346    -0.002500858421873
39 18
    -0.002395357952669     0.012769101637005    -0.011215818273801
     0.030137067585690    -0.002342329524137    -0.020335222763201
    -0.035328076526607    -0.008147055967529     0.033563301989938
39 19
    -0.002699658522290     0.009975415070423    -0.022507829610063
    -0.002418498193020    -0.005024373726918    -0.016382286066951
     0.005547662092990     0.001012819718346    -0.002500858421873
39 20
    -0.002395357952669    -0.012769101637005    -0.011215818273801
    -0.030137067585690    -0.002342329524137     0.020335222763201
    -0.035328076526607     0.008147055967529     0.033563301989938
39 21
    -0.294386729629414     0.325838925555773     0.152768500144068
     0.138417012557617    -0.241601996927104    -0.041137293074149
     0.097999041723393    -0.142057834242300    -0.093018365799420
39 22
    -0.087492920134010    -0.071833149327984    -0.053409805602874
    -0.053355177846784    -0.115623354785731     0.017422555050146
    -0.053620550091790    -0.011829170993587    -0.018307531626306
39 23
    -0.294386729629414    -0.325838925555773     0.152768500144068
    -0.138417012557617    -0.241601996927104     0.041137293074149
     0.097999041723393     0.142057834242300    -0.093018365799420
39 24
    -0.087492920134010     0.071833149327984    -0.053409805602874
     0.053355177846784    -0.115623354785731    -0.017422555050146
    -0.053620550091790     0.011829170993587    -0.018307531626306
39 25
    -0.006880226880372    -0.000000000000000    -0.013708424621255
     0.000000000000000     0.098943358273228    -0.000000000000000
    -0.019000201992713     0.000000000000000     0.090860246646165
39 26
    -0.017151874032373    -0.000000000000000     0.015174019966186
     0.000000000000000    -0.021619571869695    -0.000000000000000
    -0.011405036797500     0.000000000000000     0.001735395436746
39 27
    -0.050901794299934     0.000000000000000    -0.016901754884764
    -0.000000000000000    -0.093824697032185     0.000000000000000
    -0.060829098590170     0.000000000000000     0.102563194298434
39 28
    -0.026529317150913     0.000000000000000     0.057958656562502
    -0.000000000000000     0.020444920033203    -0.000000000000000
    -0.011675582718258     0.000000000000000    -0.026123302663198
39 29
    -0.014322358446375    -0.000000000000000     0.073473944397705
     0.000000000000000    -0.173678056033223    -0.000000000000000
     0.031037008496731     0.000000000000000    -0.118797916226022
39 30
     0.047424545020578    -0.000000000000000     0.026744034509583
     0.000000000000000     0.023102343753223    -0.000000000000000
    -0.003320587923696     0.000000000000000    -0.018383776260987
39 31
    -0.051275724493520     0.000000000000000     0.195721530989539
    -0.000000000000000     0.074335185752924     0.000000000000000
     0.039072173371538    -0.000000000000000    -0.416118647526291
39 32
    -0.031580128751454     0.000000000000000    -0.059166400301691
    -0.000000000000000    -0.007807878144951    -0.000000000000000
     0.000297028684294     0.000000000000000    -0.016146808128130
39 33
    -0.008469075411561     0.000000000000000     0.004414321530795
     0.000000000000000    -0.013626676091518    -0.000000000000000
     0.004414321530795    -0.000000000000000    -0.032325632681200
39 34
     0.013703100754881     0.000000000000000     0.016301843091277
     0.000000000000000    -0.017088633651459    -0.000000000000000
     0.016301843091277    -0.000000000000000     0.007160199649264
39 35
    -0.006100207640679     0.000000000000000    -0.004823433199174
     0.000000000000000     0.003163698942830    -0.000000000000000
    -0.004823433199174    -0.000000000000000     0.008150700118772
39 36
    -0.000457676439484     0.000000000000000    -0.029708602675922
     0.000000000000000     0.023599493844149    -0.000000000000000
    -0.029708602675922    -0.000000000000000    -0.054567790370987
39 37
    -0.071569907589693     0.000000000000000    -0.012553821410731
     0.000000000000000    -0.458494179112395    -0.000000000000000
    -0.012553821410731    -0.000000000000000     0.016547115447457
39 38
     0.066694936917860     0.000000000000000     0.000790734421344
     0.000000000000000     0.049678144552623    -0.000000000000000
     0.000790734421344    -0.000000000000000     0.003307683876952
39 39
     2.056646740431099    -0.000000000000000     0.676670173780626
    -0.000000000000000     3.095590844695844    -0.000000000000000
     0.676670173780626    -0.000000000000000     4.128200707957577
39 40
     0.134859539386854     0.000000000000000    -0.017903182827931
     0.000000000000000    -0.061040166426673    -0.000000000000000
    -0.017903182827931    -0.000000000000000     0.004341206117526
39 41
    -0.183269795642673     0.133214946205806    -0.160378980301437
     0.133214946205806    -0.119729043657558     0.146307094147553
    -0.160378980301437     0.146307094147553    -0.176944521624343
39 42
    -0.102858466766660    -0.101279306285884     0.120856441103960
    -0.101279306285884    -0.090699906063289     0.119970914492368
     0.120856441103960     0.119970914492368    -0.130752842400696
39 43
    -0.183269795642673    -0.133214946205806    -0.160378980301437
    -0.133214946205806    -0.119729043657558    -0.146307094147553
    -0.160378980301437    -0.146307094147553    -0.176944521624343
39 44
    -0.102858466766660     0.101279306285884     0.120856441103960
     0.101279306285884    -0.090699906063289    -0.119970914492368
     0.120856441103960    -0.119970914492368    -0.130752842400696
39 45
    -0.000273274580284    -0.013104413198618    -0.010687506731275
    -0.013104413198618    -0.004229593767768     0.006761384462868
    -0.010687506731275     0.006761384462868    -0.006759625340295
39 46
    -0.012502212639733     0.011339282047434     0.015389808740418
     0.011339282047434    -0.028307234595013     0.025854039733812
     0.015389808740418     0.025854039733812    -0.021084671752713
39 47
    -0.000273274580284     0.013104413198618    -0.010687506731275
     0.013104413198618    -0.004229593767768    -0.006761384462868
    -0.010687506731275    -0.006761384462868    -0.006759625340295
39 48
    -0.012502212639733    -0.011339282047434     0.015389808740418
    -0.011339282047434    -0.028307234595013    -0.025854039733812
     0.015389808740418    -0.025854039733812    -0.021084671752713
40 1
     0.014522333729875     0.006296004818285     0.005433080203052
    -0.027897949453233    -0.004339964016600    -0.019434367684899
     0.032137419360889     0.004221859308836     0.024175469335529
40 2
    -0.004648084096629    -0.007641554431362     0.013824335237056
    -0.027074100899639    -0.006786525214902     0.050731036168782
     0.031895377474094     0.054059176572874    -0.078688431292225
40 3
     0.014522333729875    -0.006296004818285     0.005433080203052
     0.027897949453233    -0.004339964016600     0.019434367684899
     0.032137419360889    -0.004221859308836     0.024175469335529
40 4
    -0.004648084096629     0.007641554431362     0.013824335237056
     0.027074100899639    -0.006786525214902    -0.050731036168782
     0.031895377474094    -0.054059176572874    -0.078688431292225
40 5
    -0.086497868104342     0.044434274620438    -0.005324719182314
    -0.014864419680015    -0.021446831385803    -0.088433509685142
     0.025922747332353     0.039485991259860     0.008415785206112
40 6
    -0.133602248014938    -0.089815094890340    -0.033397983435041
    -0.037879536436196    -0.601600511793371    -0.502269928806135
    -0.024526868366172    -0.462660655770134    -0.638313164626215
40 7
    -0.086497868104342    -0.044434274620438    -0.005324719182314
     0.014864419680015    -0.021446831385803     0.088433509685142
     0.025922747332353    -0.039485991259860     0.008415785206112
40 8
    -0.133602248014938     0.089815094890340    -0.033397983435041
     0.037879536436196    -0.601600511793371     0.502269928806135
    -0.024526868366172     0.462660655770134    -0.638313164626215
40 9
     0.011762374088709    -0.000000000000000     0.008899269576872
    -0.000000000000000     0.023176403753788    -0.000000000000000
    -0.002384040979134     0.000000000000000    -0.017516080555998
40 10
    -0.008080363596076    -0.000000000000000     0.001684719354386
     0.000000000000000    -0.004765858657921    -0.000000000000000
     0.020280107941983     0.000000000000000    -0.049960356136269
40 11
     0.015949447802807     0.000000000000000     0.016570765335835
    -0.000000000000000    -0.003510611141635    -0.000000000000000
     0.045598720522192    -0.000000000000000    -0.008149694901251
40 12
     0.011692413292460     0.000000000000000    -0.002995532695940
     0.000000000000000     0.012741290108440    -0.000000000000000
    -0.008767702707944    -0.000000000000000    -0.025668332900466
40 13
    -0.032383986533563    -0.000000000000000    -0.133973472959114
    -0.000000000000000    -0.205042366996525    -0.000000000000000
    -0.027757274409182     0.000000000000000    -0.030430634579251
40 14
    -0.005597589453034    -0.000000000000000     0.007462236826225
     0.000000000000000     0.092771360638978    -0.000000000000000
    -0.062938146645636     0.000000000000000     0.025220994526375
40 15
    -0.363797317408260     0.000000000000000    -0.805023232563528
    -0.000000000000000     0.069977955960947    -0.000000000000000
    -0.626269021783452    -0.000000000000000    -1.409978939805793
40 16
     0.128573015139577     0.000000000000000    -0.027807436786325
     0.000000000000000    -0.043562974235608    -0.000000000000000
    -0.025539408800972    -0.000000000000000     0.036511381365588
40 17
    -0.002395357952669     0.012769101637005    -0.011215818273801
     0.030137067585690    -0.002342329524137    -0.020335222763201
    -0.035328076526607    -0.008147055967529     0.033563301989938
40 18
    -0.002699658522290    -0.009975415070423    -0.022507829610063
     0.002418498193020    -0.005024373726918     0.016382286066951
     0.005547662092990    -0.001012819718346    -0.002500858421873
40 19
    -0.002395357952669    -0.012769101637005    -0.011215818273801
    -0.030137067585690    -0.002342329524137     0.020335222763201
    -0.035328076526607     0.008147055967529     0.033563301989938
40 20
    -0.002699658522290     0.009975415070423    -0.022507829610063
    -0.002418498193020    -0.005024373726918    -0.016382286066951
     0.005547662092990     0.001012819718346    -0.002500858421873
40 21
    -0.087492920134010    -0.071833149327984    -0.053409805602874
    -0.053355177846784    -0.115623354785731     0.017422555050146
    -0.053620550091790    -0.011829170993587    -0.018307531626306
40 22
    -0.294386729629414     0.325838925555773     0.152768500144068
     0.138417012557617    -0.241601996927104    -0.041137293074149
     0.097999041723393    -0.142057834242300    -0.093018365799420
40 23
    -0.087492920134010     0.071833149327984    -0.053409805602874
     0.053355177846784    -0.115623354785731    -0.017422555050146
    -0.053620550091790     0.011829170993587    -0.018307531626306
40 24
    -0.294386729629414    -0.325838925555773     0.152768500144068
    -0.138417012557617    -0.241601996927104     0.041137293074149
     0.097999041723393     0.142057834242300    -0.093018365799420
40 25
    -0.017151874032373    -0.000000000000000     0.015174019966186
     0.000000000000000    -0.021619571869695    -0.000000000000000
    -0.011405036797500     0.000000000000000     0.001735395436746
40 26
    -0.006880226880372    -0.000000000000000    -0.013708424621255
     0.000000000000000     0.098943358273228    -0.000000000000000
    -0.019000201992713     0.000000000000000     0.090860246646165
40 27
    -0.026529317150913     0.000000000000000     0.057958656562502
    -0.000000000000000     0.020444920033203     0.000000000000000
    -0.011675582718258     0.000000000000000    -0.026123302663198
40 28
    -0.050901794299934     0.000000000000000    -0.016901754884764
    -0.000000000000000    -0.093824697032184    -0.000000000000000
    -0.060829098590170     0.000000000000000     0.102563194298434
40 29
     0.047424545020578    -0.000000000000000     0.026744034509583
     0.000000000000000     0.023102343753223    -0.000000000000000
    -0.003320587923696     0.000000000000000    -0.018383776260987
40 30
    -0.014322358446375    -0.000000000000000     0.073473944397705
     0.000000000000000    -0.173678056033223    -0.000000000000000
     0.031037008496731     0.000000000000000    -0.118797916226022
40 31
    -0.031580128751454     0.000000000000000    -0.059166400301691
    -0.000000000000000    -0.007807878144951     0.000000000000000
     0.000297028684294    -0.000000000000000    -0.016146808128130
40 32
    -0.051275724493520     0.000000000000000     0.195721530989539
    -0.000000000000000     0.074335185752924    -0.000000000000000
     0.039072173371538     0.000000000000000    -0.416118647526291
40 33
     0.013703100754881     0.000000000000000     0.016301843091277
     0.000000000000000    -0.017088633651459    -0.000000000000000
     0.016301843091277    -0.000000000000000     0.007160199649264
40 34
    -0.008469075411561     0.000000000000000     0.004414321530795
     0.000000000000000    -0.013626676091518    -0.000000000000000
     0.004414321530795    -0.000000000000000    -0.032325632681200
40 35
    -0.000457676439484     0.000000000000000    -0.029708602675922
     0.000000000000000     0.023599493844149    -0.000000000000000
    -0.029708602675922    -0.000000000000000    -0.054567790370987
40 36
    -0.006100207640679     0.000000000000000    -0.004823433199174
     0.000000000000000     0.003163698942830    -0.000000000000000
    -0.004823433199174    -0.000000000000000     0.008150700118772
40 37
     0.066694936917860     0.000000000000000     0.000790734421344
     0.000000000000000     0.049678144552623    -0.000000000000000
     0.000790734421344    -0.000000000000000     0.003307683876952
40 38
    -0.071569907589693     0.000000000000000    -0.012553821410731
     0.000000000000000    -0.458494179112395    -0.000000000000000
    -0.012553821410731    -0.000000000000000     0.016547115447457
40 39
     0.134859539386854     0.000000000000000    -0.017903182827931
     0.000000000000000    -0.061040166426673    -0.000000000000000
    -0.017903182827931    -0.000000000000000     0.004341206117526
40 40
     2.056646740431099    -0.000000000000000     0.676670173780626
    -0.000000000000000     3.095590844695844     0.000000000000000
     0.676670173780626     0.000000000000000     4.128200707957577
40 41
    -0.102858466766660    -0.101279306285884     0.120856441103960
    -0.101279306285884    -0.090699906063289     0.119970914492368
     0.120856441103960     0.119970914492368    -0.130752842400696
40 42
    -0.183269795642673     0.133214946205806    -0.160378980301437
     0.133214946205806    -0.119729043657558     0.146307094147553
    -0.160378980301437     0.146307094147553    -0.176944521624343
40 43
    -0.102858466766660     0.101279306285884     0.120856441103960
     0.101279306285884    -0.090699906063289    -0.119970914492368
     0.120856441103960    -0.119970914492368    -0.130752842400696
40 44
    -0.183269795642673    -0.133214946205806    -0.160378980301437
    -0.133214946205806    -0.119729043657558    -0.146307094147553
    -0.160378980301437    -0.146307094147553    -0.176944521624343
40 45
    -0.012502212639733     0.011339282047434     0.015389808740418
     0.011339282047434    -0.028307234595013     0.025854039733812
     0.015389808740418     0.025854039733812    -0.021084671752713
40 46
    -0.000273274580284    -0.013104413198618    -0.010687506731275
    -0.013104413198618    -0.004229593767768     0.006761384462868
    -0.010687506731275     0.006761384462868    -0.006759625340295
40 47
    -0.012502212639733    -0.011339282047434     0.015389808740418
    -0.011339282047434    -0.028307234595013    -0.025854039733812
     0.015389808740418    -0.025854039733812    -0.021084671752713
40 48
    -0.000273274580284     0.013104413198618    -0.010687506731275
     0.013104413198618    -0.004229593767768    -0.006761384462868
    -0.010687506731275    -0.006761384462868    -0.006759625340295
41 1
     0.128573015139577    -0.000000000000000    -0.027807436786325
    -0.000000000000000    -0.043562974235608    -0.000000000000000
    -0.025539408800972     0.000000000000000     0.036511381365588
41 2
    -0.363797317408260    -0.000000000000000    -0.805023232563528
    -0.000000000000000     0.069977955960947    -0.000000000000000
    -0.626269021783452     0.000000000000000    -1.409978939805793
41 3
    -0.005597589453034     0.000000000000000     0.007462236826225
    -0.000000000000000     0.092771360638978    -0.000000000000000
    -0.062938146645636    -0.000000000000000     0.025220994526375
41 4
    -0.032383986533564     0.000000000000000    -0.133973472959114
     0.000000000000000    -0.205042366996525    -0.000000000000000
    -0.027757274409182    -0.000000000000000    -0.030430634579251
41 5
     0.011692413292460    -0.000000000000000    -0.002995532695940
    -0.000000000000000     0.012741290108440    -0.000000000000000
    -0.008767702707944     0.000000000000000    -0.025668332900466
41 6
     0.015949447802807     0.000000000000000     0.016570765335835
     0.000000000000000    -0.003510611141636    -0.000000000000000
     0.045598720522192     0.000000000000000    -0.008149694901251
41 7
    -0.008080363596076     0.000000000000000     0.001684719354386
    -0.000000000000000    -0.004765858657921    -0.000000000000000
     0.020280107941983    -0.000000000000000    -0.049960356136269
41 8
     0.011762374088709     0.000000000000000     0.008899269576872
     0.000000000000000     0.023176403753788    -0.000000000000000
    -0.002384040979134    -0.000000000000000    -0.017516080555998
41 9
    -0.133602248014938     0.089815094890340    -0.033397983435041
     0.037879536436196    -0.601600511793370     0.502269928806135
    -0.024526868366172     0.462660655770134    -0.638313164626215
41 10
    -0.086497868104342    -0.044434274620438    -0.005324719182314
     0.014864419680015    -0.021446831385803     0.088433509685142
     0.025922747332353    -0.039485991259860     0.008415785206112
41 11
    -0.133602248014938    -0.089815094890340    -0.033397983435041
    -0.037879536436196    -0.601600511793370    -0.502269928806135
    -0.024526868366172    -0.462660655770134    -0.638313164626215
41 12
    -0.086497868104342     0.044434274620438    -0.005324719182314
    -0.014864419680015    -0.021446831385803    -0.088433509685142
     0.025922747332353     0.039485991259860     0.008415785206112
41 13
    -0.004648084096629     0.007641554431362     0.013824335237056
     0.027074100899639    -0.006786525214902    -0.050731036168782
     0.031895377474094    -0.054059176572874    -0.078688431292225
41 14
     0.014522333729875    -0.006296004818285     0.005433080203052
     0.027897949453233    -0.004339964016600     0.019434367684899
     0.032137419360889    -0.004221859308836     0.024175469335529
41 15
    -0.004648084096629    -0.007641554431362     0.013824335237056
    -0.027074100899639    -0.006786525214902     0.050731036168782
     0.031895377474094     0.054059176572874    -0.078688431292225
41 16
     0.014522333729875     0.006296004818285     0.005433080203052
    -0.027897949453233    -0.004339964016600    -0.019434367684899
     0.032137419360889     0.004221859308836     0.024175469335529
41 17
    -0.051275724493520     0.000000000000000     0.195721530989539
     0.000000000000000     0.074335185752924    -0.000000000000000
     0.039072173371538     0.000000000000000    -0.416118647526291
41 18
    -0.031580128751454     0.000000000000000    -0.059166400301691
    -0.000000000000000    -0.007807878144951    -0.000000000000000
     0.000297028684294     0.000000000000000    -0.016146808128130
41 19
    -0.014322358446375    -0.000000000000000     0.073473944397705
     0.000000000000000    -0.173678056033223     0.000000000000000
     0.031037008496731    -0.000000000000000    -0.118797916226022
41 20
     0.047424545020578     0.000000000000000     0.026744034509583
     0.000000000000000     0.023102343753223    -0.000000000000000
    -0.003320587923696     0.000000000000000    -0.018383776260987
41 21
    -0.050901794299934     0.000000000000000    -0.016901754884764
     0.000000000000000    -0.093824697032185    -0.000000000000000
    -0.060829098590170     0.000000000000000     0.102563194298434
41 22
    -0.026529317150913     0.000000000000000     0.057958656562502
     0.000000000000000     0.020444920033203    -0.000000000000000
    -0.011675582718258     0.000000000000000    -0.026123302663198
41 23
    -0.006880226880372     0.000000000000000    -0.013708424621255
     0.000000000000000     0.098943358273228     0.000000000000000
    -0.019000201992713    -0.000000000000000     0.090860246646165
41 24
    -0.017151874032373     0.000000000000000     0.015174019966186
     0.000000000000000    -0.021619571869695    -0.000000000000000
    -0.011405036797500     0.000000000000000     0.001735395436746
41 25
    -0.294386729629414    -0.325838925555773     0.152768500144068
    -0.138417012557617    -0.241601996927104     0.041137293074149
     0.097999041723393     0.142057834242300    -0.093018365799420
41 26
    -0.087492920134010     0.071833149327984    -0.053409805602874
     0.053355177846784    -0.115623354785731    -0.017422555050146
    -0.053620550091790     0.011829170993587    -0.018307531626306
41 27
    -0.294386729629414     0.325838925555773     0.152768500144068
     0.138417012557617    -0.241601996927104    -0.041137293074149
     0.097999041723393    -0.142057834242300    -0.093018365799420
41 28
    -0.087492920134010    -0.071833149327984    -0.053409805602874
    -0.053355177846784    -0.115623354785731     0.017422555050146
    -0.053620550091790    -0.011829170993587    -0.018307531626306
41 29
    -0.002699658522290     0.009975415070423    -0.022507829610063
    -0.002418498193020    -0.005024373726918    -0.016382286066951
     0.005547662092990     0.001012819718346    -0.002500858421873
41 30
    -0.002395357952669    -0.012769101637005    -0.011215818273801
    -0.030137067585690    -0.002342329524137     0.020335222763201
    -0.035328076526607     0.008147055967529     0.033563301989938
41 31
    -0.002699658522290    -0.009975415070423    -0.022507829610063
     0.002418498193020    -0.005024373726918     0.016382286066951
     0.005547662092990    -0.001012819718346    -0.002500858421873
41 32
    -0.002395357952669     0.012769101637005    -0.011215818273801
     0.030137067585690    -0.002342329524137    -0.020335222763201
    -0.035328076526607    -0.008147055967529     0.033563301989938
41 33
    -0.000273274580284     0.013104413198618    -0.010687506731275
     0.013104413198618    -0.004229593767768    -0.006761384462868
    -0.010687506731275    -0.006761384462868    -0.006759625340295
41 34
    -0.012502212639733    -0.011339282047434     0.015389808740418
    -0.011339282047434    -0.028307234595013    -0.025854039733812
     0.015389808740418    -0.025854039733812    -0.021084671752713
41 35
    -0.000273274580284    -0.013104413198618    -0.010687506731275
    -0.013104413198618    -0.004229593767768     0.006761384462868
    -0.010687506731275     0.006761384462868    -0.006759625340295
41 36
    -0.012502212639733     0.011339282047434     0.015389808740418
     0.011339282047434    -0.028307234595013     0.025854039733812
     0.015389808740418     0.025854039733812    -0.021084671752713
41 37
    -0.183269795642673    -0.133214946205806    -0.160378980301437
    -0.133214946205806    -0.119729043657558    -0.146307094147553
    -0.160378980301437    -0.146307094147553    -0.176944521624343
41 38
    -0.102858466766660     0.101279306285884     0.120856441103960
     0.101279306285884    -0.090699906063289    -0.119970914492368
     0.120856441103960    -0.119970914492368    -0.130752842400696
41 39
    -0.183269795642673     0.133214946205806    -0.160378980301437
     0.133214946205806    -0.119729043657558     0.146307094147553
    -0.160378980301437     0.146307094147553    -0.176944521624343
41 40
    -0.102858466766660    -0.101279306285884     0.120856441103960
    -0.101279306285884    -0.090699906063289     0.119970914492368
     0.120856441103960     0.119970914492368    -0.130752842400696
41 41
     2.056646740431099    -0.000000000000000     0.676670173780626
    -0.000000000000000     3.095590844695844     0.000000000000000
     0.676670173780626     0.000000000000000     4.128200707957575
41 42
     0.134859539386854     0.000000000000000    -0.017903182827931
     0.000000000000000    -0.061040166426673    -0.000000000000000
    -0.017903182827931    -0.000000000000000     0.004341206117526
41 43
    -0.071569907589693     0.000000000000000    -0.012553821410731
     0.000000000000000    -0.458494179112395    -0.000000000000000
    -0.012553821410731    -0.000000000000000     0.016547115447457
41 44
     0.066694936917860     0.000000000000000     0.000790734421344
     0.000000000000000     0.049678144552623    -0.000000000000000
     0.000790734421344    -0.000000000000000     0.003307683876952
41 45
    -0.006100207640679     0.000000000000000    -0.004823433199174
     0.000000000000000     0.003163698942830    -0.000000000000000
    -0.004823433199174    -0.000000000000000     0.008150700118772
41 46
    -0.000457676439484     0.000000000000000    -0.029708602675922
     0.000000000000000     0.023599493844149    -0.000000000000000
    -0.029708602675922    -0.000000000000000    -0.054567790370987
41 47
    -0.008469075411561     0.000000000000000     0.004414321530795
     0.000000000000000    -0.013626676091518    -0.000000000000000
     0.004414321530795    -0.000000000000000    -0.032325632681200
41 48
     0.013703100754881     0.000000000000000     0.016301843091277
     0.000000000000000    -0.017088633651459    -0.000000000000000
     0.016301843091277    -0.000000000000000     0.007160199649265
42 1
    -0.363797317408260    -0.000000000000000    -0.805023232563528
    -0.000000000000000     0.069977955960947    -0.000000000000000
    -0.626269021783452     0.000000000000000    -1.409978939805793
42 2
     0.128573015139577    -0.000000000000000    -0.027807436786325
     0.000000000000000    -0.043562974235607    -0.000000000000000
    -0.025539408800972     0.000000000000000     0.036511381365588
42 3
    -0.032383986533564     0.000000000000000    -0.133973472959114
    -0.000000000000000    -0.205042366996525    -0.000000000000000
    -0.027757274409182    -0.000000000000000    -0.030430634579251
42 4
    -0.005597589453034     0.000000000000000     0.007462236826225
     0.000000000000000     0.092771360638978    -0.000000000000000
    -0.062938146645636    -0.000000000000000     0.025220994526375
42 5
     0.015949447802807    -0.000000000000000     0.016570765335835
    -0.000000000000000    -0.003510611141636    -0.000000000000000
     0.045598720522192     0.000000000000000    -0.008149694901251
42 6
     0.011692413292460     0.000000000000000    -0.002995532695940
     0.000000000000000     0.012741290108440    -0.000000000000000
    -0.008767702707944     0.000000000000000    -0.025668332900466
42 7
     0.011762374088709     0.000000000000000     0.008899269576872
    -0.000000000000000     0.023176403753788    -0.000000000000000
    -0.002384040979134    -0.000000000000000    -0.017516080555998
42 8
    -0.008080363596076     0.000000000000000     0.001684719354386
     0.000000000000000    -0.004765858657921    -0.000000000000000
     0.020280107941983    -0.000000000000000    -0.049960356136269
42 9
    -0.086497868104342    -0.044434274620438    -0.005324719182314
     0.014864419680015    -0.021446831385803     0.088433509685142
     0.025922747332353    -0.039485991259860     0.008415785206112
42 10
    -0.133602248014938     0.089815094890340    -0.033397983435041
     0.037879536436196    -0.601600511793370     0.502269928806135
    -0.024526868366172     0.462660655770134    -0.638313164626215
42 11
    -0.086497868104342     0.044434274620438    -0.005324719182314
    -0.014864419680015    -0.021446831385803    -0.088433509685142
     0.025922747332353     0.039485991259860     0.008415785206112
42 12
    -0.133602248014938    -0.089815094890340    -0.033397983435041
    -0.037879536436196    -0.601600511793370    -0.502269928806135
    -0.024526868366172    -0.462660655770134    -0.638313164626215
42 13
     0.014522333729875    -0.006296004818285     0.005433080203052
     0.027897949453233    -0.004339964016600     0.019434367684899
     0.032137419360889    -0.004221859308836     0.024175469335529
42 14
    -0.004648084096629     0.007641554431362     0.013824335237056
     0.027074100899639    -0.006786525214902    -0.050731036168782
     0.031895377474094    -0.054059176572874    -0.078688431292225
42 15
     0.014522333729875     0.006296004818285     0.005433080203052
    -0.027897949453233    -0.004339964016600    -0.019434367684899
     0.032137419360889     0.004221859308836     0.024175469335529
42 16
    -0.004648084096629    -0.007641554431362     0.013824335237056
    -0.027074100899639    -0.006786525214902     0.050731036168782
     0.031895377474094     0.054059176572874    -0.078688431292225
42 17
    -0.031580128751454     0.000000000000000    -0.059166400301691
     0.000000000000000    -0.007807878144951    -0.000000000000000
     0.000297028684294     0.000000000000000    -0.016146808128130
42 18
    -0.051275724493520     0.000000000000000     0.195721530989539
     0.000000000000000     0.074335185752924    -0.000000000000000
     0.039072173371538    -0.000000000000000    -0.416118647526291
42 19
     0.047424545020578    -0.000000000000000     0.026744034509583
     0.000000000000000     0.023102343753223     0.000000000000000
    -0.003320587923696    -0.000000000000000    -0.018383776260987
42 20
    -0.014322358446375     0.000000000000000     0.073473944397705
     0.000000000000000    -0.173678056033223    -0.000000000000000
     0.031037008496731     0.000000000000000    -0.118797916226022
42 21
    -0.026529317150913     0.000000000000000     0.057958656562502
     0.000000000000000     0.020444920033203    -0.000000000000000
    -0.011675582718258     0.000000000000000    -0.026123302663198
42 22
    -0.050901794299934     0.000000000000000    -0.016901754884764
     0.000000000000000    -0.093824697032185    -0.000000000000000
    -0.060829098590170     0.000000000000000     0.102563194298434
42 23
    -0.017151874032373     0.000000000000000     0.015174019966186
     0.000000000000000    -0.021619571869695     0.000000000000000
    -0.011405036797500    -0.000000000000000     0.001735395436746
42 24
    -0.006880226880372     0.000000000000000    -0.013708424621255
     0.000000000000000     0.098943358273228    -0.000000000000000
    -0.019000201992713     0.000000000000000     0.090860246646165
42 25
    -0.087492920134010     0.071833149327984    -0.053409805602874
     0.053355177846784    -0.115623354785731    -0.017422555050146
    -0.053620550091790     0.011829170993587    -0.018307531626306
42 26
    -0.294386729629414    -0.325838925555773     0.152768500144068
    -0.138417012557617    -0.241601996927104     0.041137293074149
     0.097999041723393     0.142057834242300    -0.093018365799420
42 27
    -0.087492920134010    -0.071833149327984    -0.053409805602874
    -0.053355177846784    -0.115623354785731     0.017422555050146
    -0.053620550091790    -0.011829170993587    -0.018307531626306
42 28
    -0.294386729629414     0.325838925555773     0.152768500144068
     0.138417012557617    -0.241601996927104    -0.041137293074149
     0.097999041723393    -0.142057834242300    -0.093018365799420
42 29
    -0.002395357952669    -0.012769101637005    -0.011215818273801
    -0.030137067585690    -0.002342329524137     0.020335222763201
    -0.035328076526607     0.008147055967529     0.033563301989938
42 30
    -0.002699658522290     0.009975415070423    -0.022507829610063
    -0.002418498193020    -0.005024373726918    -0.016382286066951
     0.005547662092990     0.001012819718346    -0.002500858421873
42 31
    -0.002395357952669     0.012769101637005    -0.011215818273801
     0.030137067585690    -0.002342329524137    -0.020335222763201
    -0.035328076526607    -0.008147055967529     0.033563301989938
42 32
    -0.002699658522290    -0.009975415070423    -0.022507829610063
     0.002418498193020    -0.005024373726918     0.016382286066951
     0.005547662092990    -0.001012819718346    -0.002500858421873
42 33
    -0.012502212639733    -0.011339282047434     0.015389808740418
    -0.011339282047434    -0.028307234595013    -0.025854039733812
     0.015389808740418    -0.025854039733812    -0.021084671752713
42 34
    -0.000273274580284     0.013104413198618    -0.010687506731275
     0.013104413198618    -0.004229593767768    -0.006761384462868
    -0.010687506731275    -0.006761384462868    -0.006759625340295
42 35
    -0.012502212639733     0.011339282047434     0.015389808740418
     0.011339282047434    -0.028307234595013     0.025854039733812
     0.015389808740418     0.025854039733812    -0.021084671752713
42 36
    -0.000273274580284    -0.013104413198618    -0.010687506731275
    -0.013104413198618    -0.004229593767768     0.006761384462868
    -0.010687506731275     0.006761384462868    -0.006759625340295
42 37
    -0.102858466766660     0.101279306285884     0.120856441103960
     0.101279306285884    -0.090699906063289    -0.119970914492368
     0.120856441103960    -0.119970914492368    -0.130752842400696
42 38
    -0.183269795642673    -0.133214946205806    -0.160378980301437
    -0.133214946205806    -0.119729043657558    -0.146307094147553
    -0.160378980301437    -0.146307094147553    -0.176944521624343
42 39
    -0.102858466766660    -0.101279306285884     0.120856441103960
    -0.101279306285884    -0.090699906063289     0.119970914492368
     0.120856441103960     0.119970914492368    -0.130752842400696
42 40
    -0.183269795642673     0.133214946205806    -0.160378980301437
     0.133214946205806    -0.119729043657558     0.146307094147553
    -0.160378980301437     0.146307094147553    -0.176944521624343
42 41
     0.134859539386854     0.000000000000000    -0.017903182827931
     0.000000000000000    -0.061040166426673    -0.000000000000000
    -0.017903182827931    -0.000000000000000     0.004341206117526
42 42
     2.056646740431100    -0.000000000000000     0.676670173780626
    -0.000000000000000     3.095590844695844     0.000000000000000
     0.676670173780626     0.000000000000000     4.128200707957577
42 43
     0.066694936917860     0.000000000000000     0.000790734421344
     0.000000000000000     0.049678144552623    -0.000000000000000
     0.000790734421344    -0.000000000000000     0.003307683876952
42 44
    -0.071569907589693     0.000000000000000    -0.012553821410731
     0.000000000000000    -0.458494179112395    -0.000000000000000
    -0.012553821410731    -0.000000000000000     0.016547115447457
42 45
    -0.000457676439484     0.000000000000000    -0.029708602675922
     0.000000000000000     0.023599493844149    -0.000000000000000
    -0.029708602675922    -0.000000000000000    -0.054567790370987
42 46
    -0.006100207640679     0.000000000000000    -0.004823433199174
     0.000000000000000     0.003163698942830    -0.000000000000000
    -0.004823433199174    -0.000000000000000     0.008150700118772
42 47
     0.013703100754881     0.000000000000000     0.016301843091277
     0.000000000000000    -0.017088633651459    -0.000000000000000
     0.016301843091277    -0.000000000000000     0.007160199649265
42 48
    -0.008469075411561     0.000000000000000     0.004414321530795
     0.000000000000000    -0.013626676091518    -0.000000000000000
     0.004414321530795    -0.000000000000000    -0.032325632681200
43 1
    -0.005597589453034    -0.000000000000000     0.007462236826225
    -0.000000000000000     0.092771360638978    -0.000000000000000
    -0.062938146645636     0.000000000000000     0.025220994526375
43 2
    -0.032383986533564    -0.000000000000000    -0.133973472959114
    -0.000000000000000    -0.205042366996525    -0.000000000000000
    -0.027757274409182     0.000000000000000    -0.030430634579251
43 3
     0.128573015139577     0.000000000000000    -0.027807436786325
    -0.000000000000000    -0.043562974235608    -0.000000000000000
    -0.025539408800972    -0.000000000000000     0.036511381365588
43 4
    -0.363797317408260     0.000000000000000    -0.805023232563528
     0.000000000000000     0.069977955960947    -0.000000000000000
    -0.626269021783452    -0.000000000000000    -1.409978939805793
43 5
    -0.008080363596076    -0.000000000000000     0.001684719354386
    -0.000000000000000    -0.004765858657921    -0.000000000000000
     0.020280107941983     0.000000000000000    -0.049960356136269
43 6
     0.011762374088709     0.000000000000000     0.008899269576872
     0.000000000000000     0.023176403753788    -0.000000000000000
    -0.002384040979134     0.000000000000000    -0.017516080555998
43 7
     0.011692413292460     0.000000000000000    -0.002995532695940
    -0.000000000000000     0.012741290108440    -0.000000000000000
    -0.008767702707944    -0.000000000000000    -0.025668332900466
43 8
     0.015949447802807     0.000000000000000     0.016570765335835
     0.000000000000000    -0.003510611141636    -0.000000000000000
     0.045598720522192    -0.000000000000000    -0.008149694901251
43 9
    -0.133602248014938    -0.089815094890340    -0.033397983435041
    -0.037879536436196    -0.601600511793370    -0.502269928806135
    -0.024526868366172    -0.462660655770134    -0.638313164626215
43 10
    -0.086497868104342     0.044434274620438    -0.005324719182314
    -0.014864419680015    -0.021446831385803    -0.088433509685142
     0.025922747332353     0.039485991259860     0.008415785206112
43 11
    -0.133602248014938     0.089815094890340    -0.033397983435041
     0.037879536436196    -0.601600511793370     0.502269928806135
    -0.024526868366172     0.462660655770134    -0.638313164626215
43 12
    -0.086497868104342    -0.044434274620438    -0.005324719182314
     0.014864419680015    -0.021446831385803     0.088433509685142
     0.025922747332353    -0.039485991259860     0.008415785206112
43 13
    -0.004648084096629    -0.007641554431362     0.013824335237056
    -0.027074100899639    -0.006786525214902     0.050731036168782
     0.031895377474094     0.054059176572874    -0.078688431292225
43 14
     0.014522333729875     0.006296004818285     0.005433080203052
    -0.027897949453233    -0.004339964016600    -0.019434367684899
     0.032137419360889     0.004221859308836     0.024175469335529
43 15
    -0.004648084096629     0.007641554431362     0.013824335237056
     0.027074100899639    -0.006786525214902    -0.050731036168782
     0.031895377474094    -0.054059176572874    -0.078688431292225
43 16
     0.014522333729875    -0.006296004818285     0.005433080203052
     0.027897949453233    -0.004339964016600     0.019434367684899
     0.032137419360889    -0.004221859308836     0.024175469335529
43 17
    -0.014322358446375     0.000000000000000     0.073473944397705
     0.000000000000000    -0.173678056033223    -0.000000000000000
     0.031037008496731     0.000000000000000    -0.118797916226022
43 18
     0.047424545020578     0.000000000000000     0.026744034509583
    -0.000000000000000     0.023102343753223    -0.000000000000000
    -0.003320587923696     0.000000000000000    -0.018383776260987
43 19
    -0.051275724493520    -0.000000000000000     0.195721530989539
     0.000000000000000     0.074335185752924     0.000000000000000
     0.039072173371538     0.000000000000000    -0.416118647526291
43 20
    -0.031580128751454     0.000000000000000    -0.059166400301691
     0.000000000000000    -0.007807878144951    -0.000000000000000
     0.000297028684294     0.000000000000000    -0.016146808128130
43 21
    -0.006880226880372     0.000000000000000    -0.013708424621255
     0.000000000000000     0.098943358273228    -0.000000000000000
    -0.019000201992713     0.000000000000000     0.090860246646165
43 22
    -0.017151874032373     0.000000000000000     0.015174019966186
     0.000000000000000    -0.021619571869695    -0.000000000000000
    -0.011405036797500     0.000000000000000     0.001735395436746
43 23
    -0.050901794299934     0.000000000000000    -0.016901754884764
     0.000000000000000    -0.093824697032185     0.000000000000000
    -0.060829098590170    -0.000000000000000     0.102563194298434
43 24
    -0.026529317150913     0.000000000000000     0.057958656562502
     0.000000000000000     0.020444920033203    -0.000000000000000
    -0.011675582718258     0.000000000000000    -0.026123302663198
43 25
    -0.294386729629414     0.325838925555773     0.152768500144068
     0.138417012557617    -0.241601996927104    -0.041137293074149
     0.097999041723393    -0.142057834242300    -0.093018365799420
43 26
    -0.087492920134010    -0.071833149327984    -0.053409805602874
    -0.053355177846784    -0.115623354785731     0.017422555050146
    -0.053620550091790    -0.011829170993587    -0.018307531626306
43 27
    -0.294386729629414    -0.325838925555773     0.152768500144068
    -0.138417012557617    -0.241601996927104     0.041137293074149
     0.097999041723393     0.142057834242300    -0.093018365799420
43 28
    -0.087492920134010     0.071833149327984    -0.053409805602874
     0.053355177846784    -0.115623354785731    -0.017422555050146
    -0.053620550091790     0.011829170993587    -0.018307531626306
43 29
    -0.002699658522290    -0.009975415070423    -0.022507829610063
     0.002418498193020    -0.005024373726918     0.016382286066951
     0.005547662092990    -0.001012819718346    -0.002500858421873
43 30
    -0.002395357952669     0.012769101637005    -0.011215818273801
     0.030137067585690    -0.002342329524137    -0.020335222763201
    -0.035328076526607    -0.008147055967529     0.033563301989938
43 31
    -0.002699658522290     0.009975415070423    -0.022507829610063
    -0.002418498193020    -0.005024373726918    -0.016382286066951
     0.005547662092990     0.001012819718346    -0.002500858421873
43 32
    -0.002395357952669    -0.012769101637005    -0.011215818273801
    -0.030137067585690    -0.002342329524137     0.020335222763201
    -0.035328076526607     0.008147055967529     0.033563301989938
43 33
    -0.000273274580284    -0.013104413198618    -0.010687506731275
    -0.013104413198618    -0.004229593767768     0.006761384462868
    -0.010687506731275     0.006761384462868    -0.006759625340295
43 34
    -0.012502212639733     0.011339282047434     0.015389808740418
     0.011339282047434    -0.028307234595013     0.025854039733812
     0.015389808740418     0.025854039733812    -0.021084671752713
43 35
    -0.000273274580284     0.013104413198618    -0.010687506731275
     0.013104413198618    -0.004229593767768    -0.006761384462868
    -0.010687506731275    -0.006761384462868    -0.006759625340295
43 36
    -0.012502212639733    -0.011339282047434     0.015389808740418
    -0.011339282047434    -0.028307234595013    -0.025854039733812
     0.015389808740418    -0.025854039733812    -0.021084671752713
43 37
    -0.183269795642673     0.133214946205806    -0.160378980301437
     0.133214946205806    -0.119729043657558     0.146307094147553
    -0.160378980301437     0.146307094147553    -0.176944521624343
43 38
    -0.102858466766660    -0.101279306285884     0.120856441103960
    -0.101279306285884    -0.090699906063289     0.119970914492368
     0.120856441103960     0.119970914492368    -0.130752842400696
43 39
    -0.183269795642673    -0.133214946205806    -0.160378980301437
    -0.133214946205806    -0.119729043657558    -0.146307094147553
    -0.160378980301437    -0.146307094147553    -0.176944521624343
43 40
    -0.102858466766660     0.101279306285884     0.120856441103960
     0.101279306285884    -0.090699906063289    -0.119970914492368
     0.120856441103960    -0.119970914492368    -0.130752842400696
43 41
    -0.071569907589693     0.000000000000000    -0.012553821410731
     0.000000000000000    -0.458494179112395    -0.000000000000000
    -0.012553821410731    -0.000000000000000     0.016547115447457
43 42
     0.066694936917860     0.000000000000000     0.000790734421344
     0.000000000000000     0.049678144552623    -0.000000000000000
     0.000790734421344    -0.000000000000000     0.003307683876952
43 43
     2.056646740431099    -0.000000000000000     0.676670173780626
    -0.000000000000000     3.095590844695844     0.000000000000000
     0.676670173780626     0.000000000000000     4.128200707957575
43 44
     0.134859539386854     0.000000000000000    -0.017903182827931
     0.000000000000000    -0.061040166426673    -0.000000000000000
    -0.017903182827931    -0.000000000000000     0.004341206117526
43 45
    -0.008469075411561     0.000000000000000     0.004414321530795
     0.000000000000000    -0.013626676091518    -0.000000000000000
     0.004414321530795    -0.000000000000000    -0.032325632681200
43 46
     0.013703100754881     0.000000000000000     0.016301843091277
     0.000000000000000    -0.017088633651459    -0.000000000000000
     0.016301843091277    -0.000000000000000     0.007160199649265
43 47
    -0.006100207640679     0.000000000000000    -0.004823433199174
     0.000000000000000     0.003163698942830    -0.000000000000000
    -0.004823433199174    -0.000000000000000     0.008150700118772
43 48
    -0.000457676439484     0.000000000000000    -0.029708602675922
     0.000000000000000     0.023599493844149    -0.000000000000000
    -0.029708602675922    -0.000000000000000    -0.054567790370987
44 1
    -0.032383986533564    -0.000000000000000    -0.133973472959114
    -0.000000000000000    -0.205042366996525    -0.000000000000000
    -0.027757274409182     0.000000000000000    -0.030430634579251
44 2
    -0.005597589453034    -0.000000000000000     0.007462236826225
     0.000000000000000     0.092771360638978    -0.000000000000000
    -0.062938146645636     0.000000000000000     0.025220994526375
44 3
    -0.363797317408260     0.000000000000000    -0.805023232563528
    -0.000000000000000     0.069977955960947    -0.000000000000000
    -0.626269021783452    -0.000000000000000    -1.409978939805793
44 4
     0.128573015139577     0.000000000000000    -0.027807436786325
     0.000000000000000    -0.043562974235607    -0.000000000000000
    -0.025539408800972    -0.000000000000000     0.036511381365588
44 5
     0.011762374088709    -0.000000000000000     0.008899269576872
    -0.000000000000000     0.023176403753788    -0.000000000000000
    -0.002384040979134     0.000000000000000    -0.017516080555998
44 6
    -0.008080363596076     0.000000000000000     0.001684719354386
     0.000000000000000    -0.004765858657921    -0.000000000000000
     0.020280107941983     0.000000000000000    -0.049960356136269
44 7
     0.015949447802807     0.000000000000000     0.016570765335835
    -0.000000000000000    -0.003510611141636    -0.000000000000000
     0.045598720522192    -0.000000000000000    -0.008149694901251
44 8
     0.011692413292460     0.000000000000000    -0.002995532695940
     0.000000000000000     0.012741290108440    -0.000000000000000
    -0.008767702707944    -0.000000000000000    -0.025668332900466
44 9
    -0.086497868104342     0.044434274620438    -0.005324719182314
    -0.014864419680015    -0.021446831385803    -0.088433509685142
     0.025922747332353     0.039485991259860     0.008415785206112
44 10
    -0.133602248014938    -0.089815094890340    -0.033397983435041
    -0.037879536436196    -0.601600511793370    -0.502269928806135
    -0.024526868366172    -0.462660655770134    -0.638313164626215
44 11
    -0.086497868104342    -0.044434274620438    -0.005324719182314
     0.014864419680015    -0.021446831385803     0.088433509685142
     0.025922747332353    -0.039485991259860     0.008415785206112
44 12
    -0.133602248014938     0.089815094890340    -0.033397983435041
     0.037879536436196    -0.601600511793370     0.502269928806135
    -0.024526868366172     0.462660655770134    -0.638313164626215
44 13
     0.014522333729875     0.006296004818285     0.005433080203052
    -0.027897949453233    -0.004339964016600    -0.019434367684899
     0.032137419360889     0.004221859308836     0.024175469335529
44 14
    -0.004648084096629    -0.007641554431362     0.013824335237056
    -0.027074100899639    -0.006786525214902     0.050731036168782
     0.031895377474094     0.054059176572874    -0.078688431292225
44 15
     0.014522333729875    -0.006296004818285     0.005433080203052
     0.027897949453233    -0.004339964016600     0.019434367684899
     0.032137419360889    -0.004221859308836     0.024175469335529
44 16
    -0.004648084096629     0.007641554431362     0.013824335237056
     0.027074100899639    -0.006786525214902    -0.050731036168782
     0.031895377474094    -0.054059176572874    -0.078688431292225
44 17
     0.047424545020578     0.000000000000000     0.026744034509583
     0.000000000000000     0.023102343753223    -0.000000000000000
    -0.003320587923696     0.000000000000000    -0.018383776260987
44 18
    -0.014322358446375     0.000000000000000     0.073473944397705
     0.000000000000000    -0.173678056033223    -0.000000000000000
     0.031037008496731     0.000000000000000    -0.118797916226022
44 19
    -0.031580128751454    -0.000000000000000    -0.059166400301691
     0.000000000000000    -0.007807878144951     0.000000000000000
     0.000297028684294     0.000000000000000    -0.016146808128130
44 20
    -0.051275724493520     0.000000000000000     0.195721530989539
     0.000000000000000     0.074335185752924    -0.000000000000000
     0.039072173371538     0.000000000000000    -0.416118647526291
44 21
    -0.017151874032373     0.000000000000000     0.015174019966186
     0.000000000000000    -0.021619571869695    -0.000000000000000
    -0.011405036797500     0.000000000000000     0.001735395436746
44 22
    -0.006880226880372     0.000000000000000    -0.013708424621255
     0.000000000000000     0.098943358273228    -0.000000000000000
    -0.019000201992713     0.000000000000000     0.090860246646165
44 23
    -0.026529317150913     0.000000000000000     0.057958656562502
     0.000000000000000     0.020444920033203     0.000000000000000
    -0.011675582718258    -0.000000000000000    -0.026123302663198
44 24
    -0.050901794299934     0.000000000000000    -0.016901754884764
     0.000000000000000    -0.093824697032185    -0.000000000000000
    -0.060829098590170     0.000000000000000     0.102563194298434
44 25
    -0.087492920134010    -0.071833149327984    -0.053409805602874
    -0.053355177846784    -0.115623354785731     0.017422555050146
    -0.053620550091790    -0.011829170993587    -0.018307531626306
44 26
    -0.294386729629414     0.325838925555773     0.152768500144068
     0.138417012557617    -0.241601996927104    -0.041137293074149
     0.097999041723393    -0.142057834242300    -0.093018365799420
44 27
    -0.087492920134010     0.071833149327984    -0.053409805602874
     0.053355177846784    -0.115623354785731    -0.017422555050146
    -0.053620550091790     0.011829170993587    -0.018307531626306
44 28
    -0.294386729629414    -0.325838925555773     0.152768500144068
    -0.138417012557617    -0.241601996927104     0.041137293074149
     0.097999041723393     0.142057834242300    -0.093018365799420
44 29
    -0.002395357952669     0.012769101637005    -0.011215818273801
     0.030137067585690    -0.002342329524137    -0.020335222763201
    -0.035328076526607    -0.008147055967529     0.033563301989938
44 30
    -0.002699658522290    -0.009975415070423    -0.022507829610063
     0.002418498193020    -0.005024373726918     0.016382286066951
     0.005547662092990    -0.001012819718346    -0.002500858421873
44 31
    -0.002395357952669    -0.012769101637005    -0.011215818273801
    -0.030137067585690    -0.002342329524137     0.020335222763201
    -0.035328076526607     0.008147055967529     0.033563301989938
44 32
    -0.002699658522290     0.009975415070423    -0.022507829610063
    -0.002418498193020    -0.005024373726918    -0.016382286066951
     0.005547662092990     0.001012819718346    -0.002500858421873
44 33
    -0.012502212639733     0.011339282047434     0.015389808740418
     0.011339282047434    -0.028307234595013     0.025854039733812
     0.015389808740418     0.025854039733812    -0.021084671752713
44 34
    -0.000273274580284    -0.013104413198618    -0.010687506731275
    -0.013104413198618    -0.004229593767768     0.006761384462868
    -0.010687506731275     0.006761384462868    -0.006759625340295
44 35
    -0.012502212639733    -0.011339282047434     0.015389808740418
    -0.011339282047434    -0.028307234595013    -0.025854039733812
     0.015389808740418    -0.025854039733812    -0.021084671752713
44 36
    -0.000273274580284     0.013104413198618    -0.010687506731275
     0.013104413198618    -0.004229593767768    -0.006761384462868
    -0.010687506731275    -0.006761384462868    -0.006759625340295
44 37
    -0.102858466766660    -0.101279306285884     0.120856441103960
    -0.101279306285884    -0.090699906063289     0.119970914492368
     0.120856441103960     0.119970914492368    -0.130752842400696
44 38
    -0.183269795642673     0.133214946205806    -0.160378980301437
     0.133214946205806    -0.119729043657558     0.146307094147553
    -0.160378980301437     0.146307094147553    -0.176944521624343
44 39
    -0.102858466766660     0.101279306285884     0.120856441103960
     0.101279306285884    -0.090699906063289    -0.119970914492368
     0.120856441103960    -0.119970914492368    -0.130752842400696
44 40
    -0.183269795642673    -0.133214946205806    -0.160378980301437
    -0.133214946205806    -0.119729043657558    -0.146307094147553
    -0.160378980301437    -0.146307094147553    -0.176944521624343
44 41
     0.066694936917860     0.000000000000000     0.000790734421344
     0.000000000000000     0.049678144552623    -0.000000000000000
     0.000790734421344    -0.000000000000000     0.003307683876952
44 42
    -0.071569907589693     0.000000000000000    -0.012553821410731
     0.000000000000000    -0.458494179112395    -0.000000000000000
    -0.012553821410731    -0.000000000000000     0.016547115447457
44 43
     0.134859539386854     0.000000000000000    -0.017903182827931
     0.000000000000000    -0.061040166426673    -0.000000000000000
    -0.017903182827931    -0.000000000000000     0.004341206117526
44 44
     2.056646740431100    -0.000000000000000     0.676670173780626
    -0.000000000000000     3.095590844695844     0.000000000000000
     0.676670173780626     0.000000000000000     4.128200707957577
44 45
     0.013703100754881     0.000000000000000     0.016301843091277
     0.000000000000000    -0.017088633651459    -0.000000000000000
     0.016301843091277    -0.000000000000000     0.007160199649265
44 46
    -0.008469075411561     0.000000000000000     0.004414321530795
     0.000000000000000    -0.013626676091518    -0.000000000000000
     0.004414321530795    -0.000000000000000    -0.032325632681200
44 47
    -0.000457676439484     0.000000000000000    -0.029708602675922
     0.000000000000000     0.023599493844149    -0.000000000000000
    -0.029708602675922    -0.000000000000000    -0.054567790370987
44 48
    -0.006100207640679     0.000000000000000    -0.004823433199174
     0.000000000000000     0.003163698942830    -0.000000000000000
    -0.004823433199174    -0.000000000000000     0.008150700118772
45 1
     0.011692413292459    -0.000000000000000    -0.002995532695940
    -0.000000000000000     0.012741290108440    -0.000000000000000
    -0.008767702707944     0.000000000000000    -0.025668332900466
45 2
     0.015949447802807    -0.000000000000000     0.016570765335835
     0.000000000000000    -0.003510611141636    -0.000000000000000
     0.045598720522192     0.000000000000000    -0.008149694901251
45 3
    -0.008080363596076     0.000000000000000     0.001684719354386
    -0.000000000000000    -0.004765858657921    -0.000000000000000
     0.020280107941983    -0.000000000000000    -0.049960356136269
45 4
     0.011762374088709     0.000000000000000     0.008899269576872
     0.000000000000000     0.023176403753788    -0.000000000000000
    -0.002384040979134    -0.000000000000000    -0.017516080555998
45 5
     0.128573015139577    -0.000000000000000    -0.027807436786325
    -0.000000000000000    -0.043562974235607    -0.000000000000000
    -0.025539408800972     0.000000000000000     0.036511381365588
45 6
    -0.363797317408260     0.000000000000000    -0.805023232563528
     0.000000000000000     0.069977955960947    -0.000000000000000
    -0.626269021783452     0.000000000000000    -1.409978939805793
45 7
    -0.005597589453034     0.000000000000000     0.007462236826225
    -0.000000000000000     0.092771360638978    -0.000000000000000
    -0.062938146645636    -0.000000000000000     0.025220994526375
45 8
    -0.032383986533563     0.000000000000000    -0.133973472959114
     0.000000000000000    -0.205042366996525    -0.000000000000000
    -0.027757274409182    -0.000000000000000    -0.030430634579251
45 9
    -0.004648084096629     0.007641554431362     0.013824335237056
     0.027074100899639    -0.006786525214902    -0.050731036168782
     0.031895377474094    -0.054059176572874    -0.078688431292225
45 10
     0.014522333729875    -0.006296004818285     0.005433080203052
     0.027897949453233    -0.004339964016600     0.019434367684899
     0.032137419360889    -0.004221859308836     0.024175469335529
45 11
    -0.004648084096629    -0.007641554431362     0.013824335237056
    -0.027074100899639    -0.006786525214902     0.050731036168782
     0.031895377474094     0.054059176572874    -0.078688431292225
45 12
     0.014522333729875     0.006296004818285     0.005433080203052
    -0.027897949453233    -0.004339964016600    -0.019434367684899
     0.032137419360889     0.004221859308836     0.024175469335529
45 13
    -0.133602248014938     0.089815094890340    -0.033397983435041
     0.037879536436196    -0.601600511793371     0.502269928806135
    -0.024526868366172     0.462660655770134    -0.638313164626215
45 14
    -0.086497868104342    -0.044434274620438    -0.005324719182314
     0.014864419680015    -0.021446831385803     0.088433509685142
     0.025922747332353    -0.039485991259860     0.008415785206112
45 15
    -0.133602248014938    -0.089815094890340    -0.033397983435041
    -0.037879536436196    -0.601600511793370    -0.502269928806135
    -0.024526868366172    -0.462660655770134    -0.638313164626215
45 16
    -0.086497868104342     0.044434274620438    -0.005324719182314
    -0.014864419680015    -0.021446831385803    -0.088433509685142
     0.025922747332353     0.039485991259860     0.008415785206112
45 17
    -0.050901794299934     0.000000000000000    -0.016901754884764
     0.000000000000000    -0.093824697032185    -0.000000000000000
    -0.060829098590170     0.000000000000000     0.102563194298434
45 18
    -0.026529317150913     0.000000000000000     0.057958656562502
     0.000000000000000     0.020444920033203    -0.000000000000000
    -0.011675582718258     0.000000000000000    -0.026123302663198
45 19
    -0.006880226880372    -0.000000000000000    -0.013708424621255
     0.000000000000000     0.098943358273228     0.000000000000000
    -0.019000201992713    -0.000000000000000     0.090860246646165
45 20
    -0.017151874032373     0.000000000000000     0.015174019966186
     0.000000000000000    -0.021619571869695    -0.000000000000000
    -0.011405036797500     0.000000000000000     0.001735395436746
45 21
    -0.051275724493520     0.000000000000000     0.195721530989539
     0.000000000000000     0.074335185752924    -0.000000000000000
     0.039072173371538     0.000000000000000    -0.416118647526291
45 22
    -0.031580128751454     0.000000000000000    -0.059166400301691
     0.000000000000000    -0.007807878144951    -0.000000000000000
     0.000297028684294     0.000000000000000    -0.016146808128130
45 23
    -0.014322358446375     0.000000000000000     0.073473944397705
     0.000000000000000    -0.173678056033223     0.000000000000000
     0.031037008496731    -0.000000000000000    -0.118797916226022
45 24
     0.047424545020578     0.000000000000000     0.026744034509583
     0.000000000000000     0.023102343753223    -0.000000000000000
    -0.003320587923696     0.000000000000000    -0.018383776260987
45 25
    -0.002699658522290     0.009975415070423    -0.022507829610063
    -0.002418498193020    -0.005024373726918    -0.016382286066951
     0.005547662092990     0.001012819718346    -0.002500858421873
45 26
    -0.002395357952669    -0.012769101637005    -0.011215818273801
    -0.030137067585690    -0.002342329524137     0.020335222763201
    -0.035328076526607     0.008147055967529     0.033563301989938
45 27
    -0.002699658522290    -0.009975415070423    -0.022507829610063
     0.002418498193020    -0.005024373726918     0.016382286066951
     0.005547662092990    -0.001012819718346    -0.002500858421873
45 28
    -0.002395357952669     0.012769101637005    -0.011215818273801
     0.030137067585690    -0.002342329524137    -0.020335222763201
    -0.035328076526607    -0.008147055967529     0.033563301989938
45 29
    -0.294386729629414    -0.325838925555773     0.152768500144068
    -0.138417012557617    -0.241601996927104     0.041137293074149
     0.097999041723393     0.142057834242300    -0.093018365799420
45 30
    -0.087492920134010     0.071833149327984    -0.053409805602874
     0.053355177846784    -0.115623354785731    -0.017422555050146
    -0.053620550091790     0.011829170993587    -0.018307531626306
45 31
    -0.294386729629414     0.325838925555773     0.152768500144068
     0.138417012557617    -0.241601996927104    -0.041137293074149
     0.097999041723393    -0.142057834242300    -0.093018365799420
45 32
    -0.087492920134010    -0.071833149327984    -0.053409805602874
    -0.053355177846784    -0.115623354785731     0.017422555050146
    -0.053620550091790    -0.011829170993587    -0.018307531626306
45 33
    -0.183269795642673    -0.133214946205806    -0.160378980301437
    -0.133214946205806    -0.119729043657558    -0.146307094147553
    -0.160378980301437    -0.146307094147553    -0.176944521624343
45 34
    -0.102858466766660     0.101279306285884     0.120856441103960
     0.101279306285884    -0.090699906063289    -0.119970914492368
     0.120856441103960    -0.119970914492368    -0.130752842400696
45 35
    -0.183269795642673     0.133214946205806    -0.160378980301437
     0.133214946205806    -0.119729043657558     0.146307094147553
    -0.160378980301437     0.146307094147553    -0.176944521624343
45 36
    -0.102858466766660    -0.101279306285884     0.120856441103960
    -0.101279306285884    -0.090699906063289     0.119970914492368
     0.120856441103960     0.119970914492368    -0.130752842400696
45 37
    -0.000273274580284     0.013104413198618    -0.010687506731275
     0.013104413198618    -0.004229593767768    -0.006761384462868
    -0.010687506731275    -0.006761384462868    -0.006759625340295
45 38
    -0.012502212639733    -0.011339282047434     0.015389808740418
    -0.011339282047434    -0.028307234595013    -0.025854039733812
     0.015389808740418    -0.025854039733812    -0.021084671752713
45 39
    -0.000273274580284    -0.013104413198618    -0.010687506731275
    -0.013104413198618    -0.004229593767768     0.006761384462868
    -0.010687506731275     0.006761384462868    -0.006759625340295
45 40
    -0.012502212639733     0.011339282047434     0.015389808740418
     0.011339282047434    -0.028307234595013     0.025854039733812
     0.015389808740418     0.025854039733812    -0.021084671752713
45 41
    -0.006100207640679     0.000000000000000    -0.004823433199174
     0.000000000000000     0.003163698942830    -0.000000000000000
    -0.004823433199174    -0.000000000000000     0.008150700118772
45 42
    -0.000457676439484     0.000000000000000    -0.029708602675922
     0.000000000000000     0.023599493844149    -0.000000000000000
    -0.029708602675922    -0.000000000000000    -0.054567790370987
45 43
    -0.008469075411561     0.000000000000000     0.004414321530795
     0.000000000000000    -0.013626676091518    -0.000000000000000
     0.004414321530795    -0.000000000000000    -0.032325632681200
45 44
     0.013703100754881     0.000000000000000     0.016301843091277
     0.000000000000000    -0.017088633651459    -0.000000000000000
     0.016301843091277    -0.000000000000000     0.007160199649265
45 45
     2.056646740431099    -0.000000000000000     0.676670173780626
    -0.000000000000000     3.095590844695844     0.000000000000000
     0.676670173780626     0.000000000000000     4.128200707957576
45 46
     0.134859539386854     0.000000000000000    -0.017903182827931
     0.000000000000000    -0.061040166426673    -0.000000000000000
    -0.017903182827931    -0.000000000000000     0.004341206117526
45 47
    -0.071569907589693     0.000000000000000    -0.012553821410731
     0.000000000000000    -0.458494179112395    -0.000000000000000
    -0.012553821410731    -0.000000000000000     0.016547115447457
45 48
     0.066694936917860     0.000000000000000     0.000790734421344
     0.000000000000000     0.049678144552623    -0.000000000000000
     0.000790734421344    -0.000000000000000     0.003307683876952
46 1
     0.015949447802807    -0.000000000000000     0.016570765335835
    -0.000000000000000    -0.003510611141636    -0.000000000000000
     0.045598720522192     0.000000000000000    -0.008149694901251
46 2
     0.011692413292459    -0.000000000000000    -0.002995532695940
     0.000000000000000     0.012741290108440    -0.000000000000000
    -0.008767702707944     0.000000000000000    -0.025668332900466
46 3
     0.011762374088709     0.000000000000000     0.008899269576872
    -0.000000000000000     0.023176403753788    -0.000000000000000
    -0.002384040979134    -0.000000000000000    -0.017516080555998
46 4
    -0.008080363596076     0.000000000000000     0.001684719354386
     0.000000000000000    -0.004765858657921    -0.000000000000000
     0.020280107941983    -0.000000000000000    -0.049960356136269
46 5
    -0.363797317408260    -0.000000000000000    -0.805023232563528
    -0.000000000000000     0.069977955960947    -0.000000000000000
    -0.626269021783452     0.000000000000000    -1.409978939805793
46 6
     0.128573015139577     0.000000000000000    -0.027807436786325
     0.000000000000000    -0.043562974235607    -0.000000000000000
    -0.025539408800972     0.000000000000000     0.036511381365588
46 7
    -0.032383986533563     0.000000000000000    -0.133973472959114
    -0.000000000000000    -0.205042366996525    -0.000000000000000
    -0.027757274409182    -0.000000000000000    -0.030430634579251
46 8
    -0.005597589453034     0.000000000000000     0.007462236826225
     0.000000000000000     0.092771360638978    -0.000000000000000
    -0.062938146645636    -0.000000000000000     0.025220994526375
46 9
     0.014522333729875    -0.006296004818285     0.005433080203052
     0.027897949453233    -0.004339964016600     0.019434367684899
     0.032137419360889    -0.004221859308836     0.024175469335529
46 10
    -0.004648084096629     0.007641554431362     0.013824335237056
     0.027074100899639    -0.006786525214902    -0.050731036168782
     0.031895377474094    -0.054059176572874    -0.078688431292225
46 11
     0.014522333729875     0.006296004818285     0.005433080203052
    -0.027897949453233    -0.004339964016600    -0.019434367684899
     0.032137419360889     0.004221859308836     0.024175469335529
46 12
    -0.004648084096629    -0.007641554431362     0.013824335237056
    -0.027074100899639    -0.006786525214902     0.050731036168782
     0.031895377474094     0.054059176572874    -0.078688431292225
46 13
    -0.086497868104342    -0.044434274620438    -0.005324719182314
     0.014864419680015    -0.021446831385803     0.088433509685142
     0.025922747332353    -0.039485991259860     0.008415785206112
46 14
    -0.133602248014938     0.089815094890340    -0.033397983435041
     0.037879536436196    -0.601600511793371     0.502269928806135
    -0.024526868366172     0.462660655770134    -0.638313164626215
46 15
    -0.086497868104342     0.044434274620438    -0.005324719182314
    -0.014864419680015    -0.021446831385803    -0.088433509685142
     0.025922747332353     0.039485991259860     0.008415785206112
46 16
    -0.133602248014938    -0.089815094890340    -0.033397983435041
    -0.037879536436196    -0.601600511793371    -0.502269928806135
    -0.024526868366172    -0.462660655770134    -0.638313164626215
46 17
    -0.026529317150913     0.000000000000000     0.057958656562502
     0.000000000000000     0.020444920033203    -0.000000000000000
    -0.011675582718258     0.000000000000000    -0.026123302663198
46 18
    -0.050901794299934     0.000000000000000    -0.016901754884764
     0.000000000000000    -0.093824697032185    -0.000000000000000
    -0.060829098590170    -0.000000000000000     0.102563194298434
46 19
    -0.017151874032373    -0.000000000000000     0.015174019966186
     0.000000000000000    -0.021619571869695     0.000000000000000
    -0.011405036797500    -0.000000000000000     0.001735395436746
46 20
    -0.006880226880372     0.000000000000000    -0.013708424621255
     0.000000000000000     0.098943358273228    -0.000000000000000
    -0.019000201992713    -0.000000000000000     0.090860246646165
46 21
    -0.031580128751454     0.000000000000000    -0.059166400301691
     0.000000000000000    -0.007807878144951    -0.000000000000000
     0.000297028684294     0.000000000000000    -0.016146808128130
46 22
    -0.051275724493520     0.000000000000000     0.195721530989539
     0.000000000000000     0.074335185752924    -0.000000000000000
     0.039072173371538    -0.000000000000000    -0.416118647526291
46 23
     0.047424545020578     0.000000000000000     0.026744034509583
     0.000000000000000     0.023102343753223     0.000000000000000
    -0.003320587923696    -0.000000000000000    -0.018383776260987
46 24
    -0.014322358446375     0.000000000000000     0.073473944397705
     0.000000000000000    -0.173678056033223    -0.000000000000000
     0.031037008496731    -0.000000000000000    -0.118797916226022
46 25
    -0.002395357952669    -0.012769101637005    -0.011215818273801
    -0.030137067585690    -0.002342329524137     0.020335222763201
    -0.035328076526607     0.008147055967529     0.033563301989938
46 26
    -0.002699658522290     0.009975415070423    -0.022507829610063
    -0.002418498193020    -0.005024373726918    -0.016382286066951
     0.005547662092990     0.001012819718346    -0.002500858421873
46 27
    -0.002395357952669     0.012769101637005    -0.011215818273801
     0.030137067585690    -0.002342329524137    -0.020335222763201
    -0.035328076526607    -0.008147055967529     0.033563301989938
46 28
    -0.002699658522290    -0.009975415070423    -0.022507829610063
     0.002418498193020    -0.005024373726918     0.016382286066951
     0.005547662092990    -0.001012819718346    -0.002500858421873
46 29
    -0.087492920134010     0.071833149327984    -0.053409805602874
     0.053355177846784    -0.115623354785731    -0.017422555050146
    -0.053620550091790     0.011829170993587    -0.018307531626306
46 30
    -0.294386729629414    -0.325838925555773     0.152768500144068
    -0.138417012557617    -0.241601996927104     0.041137293074149
     0.097999041723393     0.142057834242300    -0.093018365799420
46 31
    -0.087492920134010    -0.071833149327984    -0.053409805602874
    -0.053355177846784    -0.115623354785731     0.017422555050146
    -0.053620550091790    -0.011829170993587    -0.018307531626306
46 32
    -0.294386729629415     0.325838925555773     0.152768500144068
     0.138417012557617    -0.241601996927104    -0.041137293074149
     0.097999041723393    -0.142057834242300    -0.093018365799420
46 33
    -0.102858466766660     0.101279306285884     0.120856441103960
     0.101279306285884    -0.090699906063289    -0.119970914492368
     0.120856441103960    -0.119970914492368    -0.130752842400696
46 34
    -0.183269795642673    -0.133214946205806    -0.160378980301437
    -0.133214946205806    -0.119729043657558    -0.146307094147553
    -0.160378980301437    -0.146307094147553    -0.176944521624343
46 35
    -0.102858466766660    -0.101279306285884     0.120856441103960
    -0.101279306285884    -0.090699906063289     0.119970914492368
     0.120856441103960     0.119970914492368    -0.130752842400696
46 36
    -0.183269795642673     0.133214946205806    -0.160378980301437
     0.133214946205806    -0.119729043657558     0.146307094147553
    -0.160378980301437     0.146307094147553    -0.176944521624343
46 37
    -0.012502212639733    -0.011339282047434     0.015389808740418
    -0.011339282047434    -0.028307234595013    -0.025854039733812
     0.015389808740418    -0.025854039733812    -0.021084671752713
46 38
    -0.000273274580284     0.013104413198618    -0.010687506731275
     0.013104413198618    -0.004229593767768    -0.006761384462868
    -0.010687506731275    -0.006761384462868    -0.006759625340295
46 39
    -0.012502212639733     0.011339282047434     0.015389808740418
     0.011339282047434    -0.028307234595013     0.025854039733812
     0.015389808740418     0.025854039733812    -0.021084671752713
46 40
    -0.000273274580284    -0.013104413198618    -0.010687506731275
    -0.013104413198618    -0.004229593767768     0.006761384462868
    -0.010687506731275     0.006761384462868    -0.006759625340295
46 41
    -0.000457676439484     0.000000000000000    -0.029708602675922
     0.000000000000000     0.023599493844149    -0.000000000000000
    -0.029708602675922    -0.000000000000000    -0.054567790370987
46 42
    -0.006100207640679     0.000000000000000    -0.004823433199174
     0.000000000000000     0.003163698942830    -0.000000000000000
    -0.004823433199174    -0.000000000000000     0.008150700118772
46 43
     0.013703100754881     0.000000000000000     0.016301843091277
     0.000000000000000    -0.017088633651459    -0.000000000000000
     0.016301843091277    -0.000000000000000     0.007160199649265
46 44
    -0.008469075411561     0.000000000000000     0.004414321530795
     0.000000000000000    -0.013626676091518    -0.000000000000000
     0.004414321530795    -0.000000000000000    -0.032325632681200
46 45
     0.134859539386854     0.000000000000000    -0.017903182827931
     0.000000000000000    -0.061040166426673    -0.000000000000000
    -0.017903182827931    -0.000000000000000     0.004341206117526
46 46
     2.056646740431099    -0.000000000000000     0.676670173780625
    -0.000000000000000     3.095590844695843     0.000000000000000
     0.676670173780625     0.000000000000000     4.128200707957577
46 47
     0.066694936917860     0.000000000000000     0.000790734421344
     0.000000000000000     0.049678144552623    -0.000000000000000
     0.000790734421344    -0.000000000000000     0.003307683876952
46 48
    -0.071569907589693     0.000000000000000    -0.012553821410731
     0.000000000000000    -0.458494179112395    -0.000000000000000
    -0.012553821410731    -0.000000000000000     0.016547115447457
47 1
    -0.008080363596076    -0.000000000000000     0.001684719354386
    -0.000000000000000    -0.004765858657921    -0.000000000000000
     0.020280107941983     0.000000000000000    -0.049960356136269
47 2
     0.011762374088709    -0.000000000000000     0.008899269576872
     0.000000000000000     0.023176403753788    -0.000000000000000
    -0.002384040979134     0.000000000000000    -0.017516080555998
47 3
     0.011692413292459     0.000000000000000    -0.002995532695940
    -0.000000000000000     0.012741290108440    -0.000000000000000
    -0.008767702707944    -0.000000000000000    -0.025668332900466
47 4
     0.015949447802807     0.000000000000000     0.016570765335835
     0.000000000000000    -0.003510611141636    -0.000000000000000
     0.045598720522192    -0.000000000000000    -0.008149694901251
47 5
    -0.005597589453034    -0.000000000000000     0.007462236826225
    -0.000000000000000     0.092771360638978    -0.000000000000000
    -0.062938146645636     0.000000000000000     0.025220994526375
47 6
    -0.032383986533563     0.000000000000000    -0.133973472959114
     0.000000000000000    -0.205042366996525    -0.000000000000000
    -0.027757274409182     0.000000000000000    -0.030430634579251
47 7
     0.128573015139577     0.000000000000000    -0.027807436786325
    -0.000000000000000    -0.043562974235607    -0.000000000000000
    -0.025539408800972    -0.000000000000000     0.036511381365588
47 8
    -0.363797317408260     0.000000000000000    -0.805023232563528
     0.000000000000000     0.069977955960947    -0.000000000000000
    -0.626269021783452    -0.000000000000000    -1.409978939805793
47 9
    -0.004648084096629    -0.007641554431362     0.013824335237056
    -0.027074100899639    -0.006786525214902     0.050731036168782
     0.031895377474094     0.054059176572874    -0.078688431292225
47 10
     0.014522333729875     0.006296004818285     0.005433080203052
    -0.027897949453233    -0.004339964016600    -0.019434367684899
     0.032137419360889     0.004221859308836     0.024175469335529
47 11
    -0.004648084096629     0.007641554431362     0.013824335237056
     0.027074100899639    -0.006786525214902    -0.050731036168782
     0.031895377474094    -0.054059176572874    -0.078688431292225
47 12
     0.014522333729875    -0.006296004818285     0.005433080203052
     0.027897949453233    -0.004339964016600     0.019434367684899
     0.032137419360889    -0.004221859308836     0.024175469335529
47 13
    -0.133602248014938    -0.089815094890340    -0.033397983435041
    -0.037879536436196    -0.601600511793371    -0.502269928806135
    -0.024526868366172    -0.462660655770134    -0.638313164626215
47 14
    -0.086497868104342     0.044434274620438    -0.005324719182314
    -0.014864419680015    -0.021446831385803    -0.088433509685142
     0.025922747332353     0.039485991259860     0.008415785206112
47 15
    -0.133602248014938     0.089815094890340    -0.033397983435041
     0.037879536436196    -0.601600511793370     0.502269928806135
    -0.024526868366172     0.462660655770134    -0.638313164626215
47 16
    -0.086497868104342    -0.044434274620438    -0.005324719182314
     0.014864419680015    -0.021446831385803     0.088433509685142
     0.025922747332353    -0.039485991259860     0.008415785206112
47 17
    -0.006880226880372     0.000000000000000    -0.013708424621255
     0.000000000000000     0.098943358273228    -0.000000000000000
    -0.019000201992713     0.000000000000000     0.090860246646165
47 18
    -0.017151874032373     0.000000000000000     0.015174019966186
     0.000000000000000    -0.021619571869695    -0.000000000000000
    -0.011405036797500     0.000000000000000     0.001735395436746
47 19
    -0.050901794299934    -0.000000000000000    -0.016901754884764
     0.000000000000000    -0.093824697032184     0.000000000000000
    -0.060829098590170     0.000000000000000     0.102563194298434
47 20
    -0.026529317150913     0.000000000000000     0.057958656562502
     0.000000000000000     0.020444920033203    -0.000000000000000
    -0.011675582718258     0.000000000000000    -0.026123302663198
47 21
    -0.014322358446375     0.000000000000000     0.073473944397705
     0.000000000000000    -0.173678056033223    -0.000000000000000
     0.031037008496731     0.000000000000000    -0.118797916226022
47 22
     0.047424545020578     0.000000000000000     0.026744034509583
     0.000000000000000     0.023102343753223    -0.000000000000000
    -0.003320587923696     0.000000000000000    -0.018383776260987
47 23
    -0.051275724493520     0.000000000000000     0.195721530989539
     0.000000000000000     0.074335185752924     0.000000000000000
     0.039072173371538    -0.000000000000000    -0.416118647526291
47 24
    -0.031580128751454     0.000000000000000    -0.059166400301691
     0.000000000000000    -0.007807878144951    -0.000000000000000
     0.000297028684294     0.000000000000000    -0.016146808128130
47 25
    -0.002699658522290    -0.009975415070423    -0.022507829610063
     0.002418498193020    -0.005024373726918     0.016382286066951
     0.005547662092990    -0.001012819718346    -0.002500858421873
47 26
    -0.002395357952669     0.012769101637005    -0.011215818273801
     0.030137067585690    -0.002342329524137    -0.020335222763201
    -0.035328076526607    -0.008147055967529     0.033563301989938
47 27
    -0.002699658522290     0.009975415070423    -0.022507829610063
    -0.002418498193020    -0.005024373726918    -0.016382286066951
     0.005547662092990     0.001012819718346    -0.002500858421873
47 28
    -0.002395357952669    -0.012769101637005    -0.011215818273801
    -0.030137067585690    -0.002342329524137     0.020335222763201
    -0.035328076526607     0.008147055967529     0.033563301989938
47 29
    -0.294386729629414     0.325838925555773     0.152768500144068
     0.138417012557617    -0.241601996927104    -0.041137293074149
     0.097999041723393    -0.142057834242300    -0.093018365799420
47 30
    -0.087492920134010    -0.071833149327984    -0.053409805602874
    -0.053355177846784    -0.115623354785731     0.017422555050146
    -0.053620550091790    -0.011829170993587    -0.018307531626306
47 31
    -0.294386729629414    -0.325838925555773     0.152768500144068
    -0.138417012557617    -0.241601996927104     0.041137293074149
     0.097999041723393     0.142057834242300    -0.093018365799420
47 32
    -0.087492920134010     0.071833149327984    -0.053409805602874
     0.053355177846784    -0.115623354785731    -0.017422555050146
    -0.053620550091790     0.011829170993587    -0.018307531626306
47 33
    -0.183269795642673     0.133214946205806    -0.160378980301437
     0.133214946205806    -0.119729043657558     0.146307094147553
    -0.160378980301437     0.146307094147553    -0.176944521624343
47 34
    -0.102858466766660    -0.101279306285884     0.120856441103960
    -0.101279306285884    -0.090699906063289     0.119970914492368
     0.120856441103960     0.119970914492368    -0.130752842400696
47 35
    -0.183269795642673    -0.133214946205806    -0.160378980301437
    -0.133214946205806    -0.119729043657558    -0.146307094147553
    -0.160378980301437    -0.146307094147553    -0.176944521624343
47 36
    -0.102858466766660     0.101279306285884     0.120856441103960
     0.101279306285884    -0.090699906063289    -0.119970914492368
     0.120856441103960    -0.119970914492368    -0.130752842400696
47 37
    -0.000273274580284    -0.013104413198618    -0.010687506731275
    -0.013104413198618    -0.004229593767768     0.006761384462868
    -0.010687506731275     0.006761384462868    -0.006759625340295
47 38
    -0.012502212639733     0.011339282047434     0.015389808740418
     0.011339282047434    -0.028307234595013     0.025854039733812
     0.015389808740418     0.025854039733812    -0.021084671752713
47 39
    -0.000273274580284     0.013104413198618    -0.010687506731275
     0.013104413198618    -0.004229593767768    -0.006761384462868
    -0.010687506731275    -0.006761384462868    -0.006759625340295
47 40
    -0.012502212639733    -0.011339282047434     0.015389808740418
    -0.011339282047434    -0.028307234595013    -0.025854039733812
     0.015389808740418    -0.025854039733812    -0.021084671752713
47 41
    -0.008469075411561     0.000000000000000     0.004414321530795
     0.000000000000000    -0.013626676091518    -0.000000000000000
     0.004414321530795    -0.000000000000000    -0.032325632681200
47 42
     0.013703100754881     0.000000000000000     0.016301843091277
     0.000000000000000    -0.017088633651459    -0.000000000000000
     0.016301843091277    -0.000000000000000     0.007160199649265
47 43
    -0.006100207640679     0.000000000000000    -0.004823433199174
     0.000000000000000     0.003163698942830    -0.000000000000000
    -0.004823433199174    -0.000000000000000     0.008150700118772
47 44
    -0.000457676439484     0.000000000000000    -0.029708602675922
     0.000000000000000     0.023599493844149    -0.000000000000000
    -0.029708602675922    -0.000000000000000    -0.054567790370987
47 45
    -0.071569907589693     0.000000000000000    -0.012553821410731
     0.000000000000000    -0.458494179112395    -0.000000000000000
    -0.012553821410731    -0.000000000000000     0.016547115447457
47 46
     0.066694936917860     0.000000000000000     0.000790734421344
     0.000000000000000     0.049678144552623    -0.000000000000000
     0.000790734421344    -0.000000000000000     0.003307683876952
47 47
     2.056646740431099    -0.000000000000000     0.676670173780626
    -0.000000000000000     3.095590844695843     0.000000000000000
     0.676670173780626     0.000000000000000     4.128200707957576
47 48
     0.134859539386854     0.000000000000000    -0.017903182827931
     0.000000000000000    -0.061040166426673    -0.000000000000000
    -0.017903182827931    -0.000000000000000     0.004341206117526
48 1
     0.011762374088709    -0.000000000000000     0.008899269576872
    -0.000000000000000     0.023176403753788    -0.000000000000000
    -0.002384040979134     0.000000000000000    -0.017516080555998
48 2
    -0.008080363596076    -0.000000000000000     0.001684719354386
     0.000000000000000    -0.004765858657921    -0.000000000000000
     0.020280107941983     0.000000000000000    -0.049960356136269
48 3
     0.015949447802807     0.000000000000000     0.016570765335835
    -0.000000000000000    -0.003510611141636    -0.000000000000000
     0.045598720522192    -0.000000000000000    -0.008149694901251
48 4
     0.011692413292459     0.000000000000000    -0.002995532695940
     0.000000000000000     0.012741290108440    -0.000000000000000
    -0.008767702707944    -0.000000000000000    -0.025668332900466
48 5
    -0.032383986533563    -0.000000000000000    -0.133973472959114
    -0.000000000000000    -0.205042366996525    -0.000000000000000
    -0.027757274409182     0.000000000000000    -0.030430634579251
48 6
    -0.005597589453034     0.000000000000000     0.007462236826225
     0.000000000000000     0.092771360638978    -0.000000000000000
    -0.062938146645636     0.000000000000000     0.025220994526375
48 7
    -0.363797317408260     0.000000000000000    -0.805023232563528
    -0.000000000000000     0.069977955960947    -0.000000000000000
    -0.626269021783452    -0.000000000000000    -1.409978939805793
48 8
     0.128573015139577     0.000000000000000    -0.027807436786325
     0.000000000000000    -0.043562974235607    -0.000000000000000
    -0.025539408800972    -0.000000000000000     0.036511381365588
48 9
     0.014522333729875     0.006296004818285     0.005433080203052
    -0.027897949453233    -0.004339964016600    -0.019434367684899
     0.032137419360889     0.004221859308836     0.024175469335529
48 10
    -0.004648084096629    -0.007641554431362     0.013824335237056
    -0.027074100899639    -0.006786525214902     0.050731036168782
     0.031895377474094     0.054059176572874    -0.078688431292225
48 11
     0.014522333729875    -0.006296004818285     0.005433080203052
     0.027897949453233    -0.004339964016600     0.019434367684899
     0.032137419360889    -0.004221859308836     0.024175469335529
48 12
    -0.004648084096629     0.007641554431362     0.013824335237056
     0.027074100899639    -0.006786525214902    -0.050731036168782
     0.031895377474094    -0.054059176572874    -0.078688431292225
48 13
    -0.086497868104342     0.044434274620438    -0.005324719182314
    -0.014864419680015    -0.021446831385803    -0.088433509685142
     0.025922747332353     0.039485991259860     0.008415785206112
48 14
    -0.133602248014938    -0.089815094890340    -0.033397983435041
    -0.037879536436196    -0.601600511793371    -0.502269928806135
    -0.024526868366172    -0.462660655770134    -0.638313164626215
48 15
    -0.086497868104342    -0.044434274620438    -0.005324719182314
     0.014864419680015    -0.021446831385803     0.088433509685142
     0.025922747332353    -0.039485991259860     0.008415785206112
48 16
    -0.133602248014938     0.089815094890340    -0.033397983435041
     0.037879536436196    -0.601600511793371     0.502269928806135
    -0.024526868366172     0.462660655770134    -0.638313164626215
48 17
    -0.017151874032373     0.000000000000000     0.015174019966186
     0.000000000000000    -0.021619571869695    -0.000000000000000
    -0.011405036797500     0.000000000000000     0.001735395436746
48 18
    -0.006880226880372     0.000000000000000    -0.013708424621255
     0.000000000000000     0.098943358273228    -0.000000000000000
    -0.019000201992713     0.000000000000000     0.090860246646165
48 19
    -0.026529317150913    -0.000000000000000     0.057958656562502
     0.000000000000000     0.020444920033203     0.000000000000000
    -0.011675582718258     0.000000000000000    -0.026123302663198
48 20
    -0.050901794299934     0.000000000000000    -0.016901754884764
     0.000000000000000    -0.093824697032185    -0.000000000000000
    -0.060829098590170     0.000000000000000     0.102563194298434
48 21
     0.047424545020578     0.000000000000000     0.026744034509583
     0.000000000000000     0.023102343753223    -0.000000000000000
    -0.003320587923696     0.000000000000000    -0.018383776260987
48 22
    -0.014322358446375     0.000000000000000     0.073473944397705
     0.000000000000000    -0.173678056033223    -0.000000000000000
     0.031037008496731     0.000000000000000    -0.118797916226022
48 23
    -0.031580128751454     0.000000000000000    -0.059166400301691
     0.000000000000000    -0.007807878144951     0.000000000000000
     0.000297028684294    -0.000000000000000    -0.016146808128130
48 24
    -0.051275724493520     0.000000000000000     0.195721530989539
     0.000000000000000     0.074335185752924    -0.000000000000000
     0.039072173371538     0.000000000000000    -0.416118647526291
48 25
    -0.002395357952669     0.012769101637005    -0.011215818273801
     0.030137067585690    -0.002342329524137    -0.020335222763201
    -0.035328076526607    -0.008147055967529     0.033563301989938
48 26
    -0.002699658522290    -0.009975415070423    -0.022507829610063
     0.002418498193020    -0.005024373726918     0.016382286066951
     0.005547662092990    -0.001012819718346    -0.002500858421873
48 27
    -0.002395357952669    -0.012769101637005    -0.011215818273801
    -0.030137067585690    -0.002342329524137     0.020335222763201
    -0.035328076526607     0.008147055967529     0.033563301989938
48 28
    -0.002699658522290     0.009975415070423    -0.022507829610063
    -0.002418498193020    -0.005024373726918    -0.016382286066951
     0.005547662092990     0.001012819718346    -0.002500858421873
48 29
    -0.087492920134010    -0.071833149327984    -0.053409805602874
    -0.053355177846784    -0.115623354785731     0.017422555050146
    -0.053620550091790    -0.011829170993587    -0.018307531626306
48 30
    -0.294386729629414     0.325838925555773     0.152768500144068
     0.138417012557617    -0.241601996927104    -0.041137293074149
     0.097999041723393    -0.142057834242300    -0.093018365799420
48 31
    -0.087492920134010     0.071833149327984    -0.053409805602874
     0.053355177846784    -0.115623354785731    -0.017422555050146
    -0.053620550091790     0.011829170993587    -0.018307531626306
48 32
    -0.294386729629415    -0.325838925555773     0.152768500144068
    -0.138417012557617    -0.241601996927104     0.041137293074149
     0.097999041723393     0.142057834242300    -0.093018365799420
48 33
    -0.102858466766660    -0.101279306285884     0.120856441103960
    -0.101279306285884    -0.090699906063289     0.119970914492368
     0.120856441103960     0.119970914492368    -0.130752842400696
48 34
    -0.183269795642673     0.133214946205806    -0.160378980301437
     0.133214946205806    -0.119729043657558     0.146307094147553
    -0.160378980301437     0.146307094147553    -0.176944521624343
48 35
    -0.102858466766660     0.101279306285884     0.120856441103960
     0.101279306285884    -0.090699906063289    -0.119970914492368
     0.120856441103960    -0.119970914492368    -0.130752842400696
48 36
    -0.183269795642673    -0.133214946205806    -0.160378980301437
    -0.133214946205806    -0.119729043657558    -0.146307094147553
    -0.160378980301437    -0.146307094147553    -0.176944521624343
48 37
    -0.012502212639733     0.011339282047434     0.015389808740418
     0.011339282047434    -0.028307234595013     0.025854039733812
     0.015389808740418     0.025854039733812    -0.021084671752713
48 38
    -0.000273274580284    -0.013104413198618    -0.010687506731275
    -0.013104413198618    -0.004229593767768     0.006761384462868
    -0.010687506731275     0.006761384462868    -0.006759625340295
48 39
    -0.012502212639733    -0.011339282047434     0.015389808740418
    -0.011339282047434    -0.028307234595013    -0.025854039733812
     0.015389808740418    -0.025854039733812    -0.021084671752713
48 40
    -0.000273274580284     0.013104413198618    -0.010687506731275
     0.013104413198618    -0.004229593767768    -0.006761384462868
    -0.010687506731275    -0.006761384462868    -0.006759625340295
48 41
     0.013703100754881     0.000000000000000     0.016301843091277
     0.000000000000000    -0.017088633651459    -0.000000000000000
     0.016301843091277    -0.000000000000000     0.007160199649265
48 42
    -0.008469075411561     0.000000000000000     0.004414321530795
     0.000000000000000    -0.013626676091518    -0.000000000000000
     0.004414321530795    -0.000000000000000    -0.032325632681200
48 43
    -0.000457676439484     0.000000000000000    -0.029708602675922
     0.000000000000000     0.023599493844149    -0.000000000000000
    -0.029708602675922    -0.000000000000000    -0.054567790370987
48 44
    -0.006100207640679     0.000000000000000    -0.004823433199174
     0.000000000000000     0.003163698942830    -0.000000000000000
    -0.004823433199174    -0.000000000000000     0.008150700118772
48 45
     0.066694936917860     0.000000000000000     0.000790734421344
     0.000000000000000     0.049678144552623    -0.000000000000000
     0.000790734421344    -0.000000000000000     0.003307683876952
48 46
    -0.071569907589693     0.000000000000000    -0.012553821410731
     0.000000000000000    -0.458494179112395    -0.000000000000000
    -0.012553821410731    -0.000000000000000     0.016547115447457
48 47
     0.134859539386854     0.000000000000000    -0.017903182827931
     0.000000000000000    -0.061040166426673    -0.000000000000000
    -0.017903182827931    -0.000000000000000     0.004341206117526
48 48
     2.056646740431099     0.000000000000000     0.676670173780626
     0.000000000000000     3.095590844695844     0.000000000000000
     0.676670173780626     0.000000000000000     4.128200707957577