  56   56
1 1
     7.646121811905036     0.000000000000000     0.000000000000001
     0.000000000000000     7.646121811905034     0.000000000000912
     0.000000000000001     0.000000000000912    39.317184701630460
1 2
    -0.011196542049853    -0.020099299938330     0.038016067962428
    -0.020099299938330     0.012012130409985     0.021948587071633
     0.038016067962429     0.021948587071633    -0.190429524567696
1 3
    -0.011196542049853     0.020099299938330    -0.038016067962428
     0.020099299938330     0.012012130409985     0.021948587071633
    -0.038016067962429     0.021948587071633    -0.190429524567696
1 4
     0.103213744090176     0.000000000000000     0.000000000000000
    -0.000000000000000    -0.017639458174832     0.019456367279977
     0.000000000000000     0.019456367279977     0.524009693845481
1 5
     0.023616466639903     0.000000000000000    -0.000000000000000
    -0.000000000000000    -0.022800878279774    -0.043897174143283
     0.000000000000000    -0.043897174143283    -0.190429524567692
1 6
     0.012573842391420     0.052330971645099     0.016849708329805
     0.052330971645099     0.073000443523923    -0.009728183639968
     0.016849708329805    -0.009728183639968     0.524009693845484
1 7
     0.012573842391420    -0.052330971645099    -0.016849708329805
    -0.052330971645099     0.073000443523923    -0.009728183639968
    -0.016849708329805    -0.009728183639968     0.524009693845483
1 8
    -0.011132641026666     0.000000000000000     0.000000000000000
     0.000000000000000    -0.011132641026666    -0.000000000000004
     0.000000000000000    -0.000000000000004    -0.142550695138295
1 9
    -0.132160760951188     0.000000000000000     0.000000000000000
    -0.000000000000000    -0.132160760951188    -0.000000000000009
     0.000000000000000    -0.000000000000009    -0.452179092600685
1 10
    -0.028857844754645     0.029747243131596    -0.101718693418208
     0.029747243131590    -0.063207002414007    -0.058727315026626
    -0.309743476282570    -0.178830479411478    -0.295754498562514
1 11
    -0.028857844754645    -0.029747243131596     0.101718693418208
    -0.029747243131590    -0.063207002414007    -0.058727315026626
     0.309743476282570    -0.178830479411478    -0.295754498562514
1 12
     0.041241447062470     0.000000000000000    -0.000000000000000
     0.000000000000000    -0.008548315025335    -0.011272817785940
     0.000000000000000     0.002007012102282    -0.047853098796156
1 13
    -0.080381581243678     0.000000000000000    -0.000000000000000
     0.000000000000000    -0.011683265924953     0.117454630053230
     0.000000000000000     0.357660958822935    -0.295754498562535
1 14
     0.003899125496616     0.021559599408211    -0.009762546574857
     0.021559599408211     0.028794006540519     0.005636408892967
     0.001738123466279    -0.001003506051144    -0.047853098796156
1 15
     0.003899125496616    -0.021559599408211     0.009762546574857
    -0.021559599408211     0.028794006540519     0.005636408892967
    -0.001738123466279    -0.001003506051144    -0.047853098796156
1 16
     0.031607642261104     0.000000000000000     0.000000000000000
    -0.000000000000000     0.031607642261104    -0.000000000000003
     0.000000000000000    -0.000000000000003    -0.058402230170480
1 17
     0.014680259380992     0.000000000000000     0.000000000000000
     0.000000000000000     0.014680259380992    -0.000000000000002
     0.000000000000000    -0.000000000000002    -0.041809503488522
1 18
    -0.832707906883811    -0.588818236604212     0.941411697616395
    -0.588818236604218    -0.152799172069348     0.543524297037082
     0.733328452858102     0.423387379662031    -0.042298523754957
1 19
    -0.832707906883812     0.588818236604212    -0.941411697616395
     0.588818236604218    -0.152799172069348     0.543524297037082
    -0.733328452858103     0.423387379662031    -0.042298523754957
1 20
    -0.013686721251912     0.000000000000000    -0.000000000000000
     0.000000000000000     0.016150178033417     0.047196747444581
     0.000000000000000    -0.022661297726739    -0.116526452228253
1 21
     0.187155195337843    -0.000000000000000    -0.000000000000000
    -0.000000000000000    -1.172662274291084    -1.087048594074124
    -0.000000000000000    -0.846774759324023    -0.042298523754874
1 22
     0.008690953212084    -0.012919756375625     0.040873582263009
    -0.012919756375627    -0.006227496430580    -0.023598373722295
    -0.019625259514075     0.011330648863365    -0.116526452228252
1 23
     0.008690953212084     0.012919756375625    -0.040873582263009
     0.012919756375627    -0.006227496430580    -0.023598373722295
     0.019625259514075     0.011330648863365    -0.116526452228252
1 24
     0.012478233435655     0.000000000000000     0.000000000000000
     0.000000000000000     0.012478233435655     0.000000000000002
     0.000000000000000     0.000000000000002     0.075598657735365
1 25
     0.012478233435655     0.000000000000000     0.000000000000000
     0.000000000000000     0.012478233435655     0.000000000000002
     0.000000000000000     0.000000000000002     0.075598657735365
1 26
     0.008690953212084     0.012919756375625    -0.040873582263009
     0.012919756375627    -0.006227496430580    -0.023598373722295
     0.019625259514075     0.011330648863365    -0.116526452228252
1 27
     0.008690953212084    -0.012919756375625     0.040873582263009
    -0.012919756375627    -0.006227496430580    -0.023598373722295
    -0.019625259514075     0.011330648863365    -0.116526452228252
1 28
     0.187155195337843    -0.000000000000000    -0.000000000000000
    -0.000000000000000    -1.172662274291084    -1.087048594074124
    -0.000000000000000    -0.846774759324023    -0.042298523754874
1 29
    -0.013686721251912     0.000000000000000    -0.000000000000000
     0.000000000000000     0.016150178033417     0.047196747444581
     0.000000000000000    -0.022661297726739    -0.116526452228253
1 30
    -0.832707906883812     0.588818236604212    -0.941411697616395
     0.588818236604218    -0.152799172069348     0.543524297037082
    -0.733328452858103     0.423387379662031    -0.042298523754957
1 31
    -0.832707906883811    -0.588818236604212     0.941411697616395
    -0.588818236604218    -0.152799172069348     0.543524297037082
     0.733328452858102     0.423387379662031    -0.042298523754957
1 32
     0.014680259380992     0.000000000000000     0.000000000000000
     0.000000000000000     0.014680259380992    -0.000000000000002
     0.000000000000000    -0.000000000000002    -0.041809503488521
1 33
     0.031607642261104     0.000000000000000     0.000000000000000
    -0.000000000000000     0.031607642261104    -0.000000000000003
     0.000000000000000    -0.000000000000003    -0.058402230170480
1 34
     0.003899125496616    -0.021559599408211     0.009762546574857
    -0.021559599408211     0.028794006540519     0.005636408892967
    -0.001738123466279    -0.001003506051144    -0.047853098796156
1 35
     0.003899125496616     0.021559599408211    -0.009762546574857
     0.021559599408211     0.028794006540519     0.005636408892967
     0.001738123466279    -0.001003506051144    -0.047853098796156
1 36
    -0.080381581243678     0.000000000000000    -0.000000000000000
     0.000000000000000    -0.011683265924953     0.117454630053230
     0.000000000000000     0.357660958822935    -0.295754498562535
1 37
     0.041241447062470     0.000000000000000    -0.000000000000000
    -0.000000000000000    -0.008548315025335    -0.011272817785940
     0.000000000000000     0.002007012102282    -0.047853098796156
1 38
    -0.028857844754645    -0.029747243131596     0.101718693418208
    -0.029747243131590    -0.063207002414007    -0.058727315026626
     0.309743476282570    -0.178830479411478    -0.295754498562514
1 39
    -0.028857844754645     0.029747243131596    -0.101718693418208
     0.029747243131590    -0.063207002414007    -0.058727315026626
    -0.309743476282570    -0.178830479411478    -0.295754498562514
1 40
    -0.132160760951188     0.000000000000000     0.000000000000000
    -0.000000000000000    -0.132160760951188    -0.000000000000009
     0.000000000000000    -0.000000000000009    -0.452179092600685
1 41
    -2.160007008749871     0.000000000000000    -0.000000000000000
     0.000000000000000    -2.160007008749871    -0.000000000000471
    -0.000000000000000    -0.000000000000471   -18.533514401625020
1 42
    -0.028314657732770    -0.037331870670327    -0.112737018435612
    -0.037331870670322     0.014792473428957    -0.065088747941427
     0.063132587086525     0.036449616149052     0.350838230107295
1 43
    -0.028314657732770     0.037331870670327     0.112737018435612
     0.037331870670322     0.014792473428957    -0.065088747941427
    -0.063132587086525     0.036449616149052     0.350838230107295
1 44
    -0.050944904583339     0.000000000000000     0.000000000000000
     0.000000000000000     0.012789461814650    -0.002741603171101
     0.000000000000000    -0.010414108618579    -0.264436390861014
1 45
     0.036346039009822     0.000000000000000     0.000000000000000
     0.000000000000000    -0.049868223313632     0.130177495882885
     0.000000000000000    -0.072899232298073     0.350838230107292
1 46
    -0.003144129784847    -0.027597790197382    -0.002374297993262
    -0.027597790197382    -0.035011312983842     0.001370801585540
    -0.009018882621452     0.005207054309279    -0.264436390861015
1 47
    -0.003144129784847     0.027597790197382     0.002374297993262
     0.027597790197382    -0.035011312983842     0.001370801585540
     0.009018882621452     0.005207054309279    -0.264436390861015
1 48
    -0.007745909958940     0.000000000000000     0.000000000000000
     0.000000000000000    -0.007745909958940     0.000000000000005
     0.000000000000000     0.000000000000005     0.170711515273309
1 49
    -0.007745909958940     0.000000000000000     0.000000000000000
     0.000000000000000    -0.007745909958940     0.000000000000005
     0.000000000000000     0.000000000000005     0.170711515273309
1 50
    -0.003144129784847     0.027597790197382     0.002374297993262
     0.027597790197382    -0.035011312983842     0.001370801585540
     0.009018882621452     0.005207054309279    -0.264436390861015
1 51
    -0.003144129784847    -0.027597790197382    -0.002374297993262
    -0.027597790197382    -0.035011312983842     0.001370801585540
    -0.009018882621452     0.005207054309279    -0.264436390861015
1 52
     0.036346039009822     0.000000000000000     0.000000000000000
     0.000000000000000    -0.049868223313632     0.130177495882885
     0.000000000000000    -0.072899232298073     0.350838230107292
1 53
    -0.050944904583339     0.000000000000000     0.000000000000000
     0.000000000000000     0.012789461814649    -0.002741603171101
     0.000000000000000    -0.010414108618579    -0.264436390861014
1 54
    -0.028314657732770     0.037331870670327     0.112737018435612
     0.037331870670322     0.014792473428957    -0.065088747941427
    -0.063132587086525     0.036449616149052     0.350838230107295
1 55
    -0.028314657732770    -0.037331870670327    -0.112737018435612
    -0.037331870670322     0.014792473428957    -0.065088747941427
     0.063132587086525     0.036449616149052     0.350838230107295
1 56
    -2.160007008749871     0.000000000000000    -0.000000000000000
     0.000000000000000    -2.160007008749871    -0.000000000000471
    -0.000000000000000    -0.000000000000471   -18.533514401625020
2 1
    -0.011196542049853    -0.020099299938330     0.038016067962429
    -0.020099299938330     0.012012130409985     0.021948587071633
     0.038016067962428     0.021948587071633    -0.190429524567696
2 2
     7.646121811905037    -0.000000000000000     0.000000000000000
    -0.000000000000000     7.646121811905043     0.000000000000912
     0.000000000000000     0.000000000000912    39.317184701630467
2 3
     0.103213744090176    -0.000000000000000     0.000000000000000
     0.000000000000000    -0.017639458174832     0.019456367279977
    -0.000000000000000     0.019456367279977     0.524009693845481
2 4
    -0.011196542049853     0.020099299938330    -0.038016067962429
     0.020099299938330     0.012012130409985     0.021948587071633
    -0.038016067962429     0.021948587071633    -0.190429524567696
2 5
     0.012573842391419     0.052330971645099     0.016849708329805
     0.052330971645099     0.073000443523923    -0.009728183639968
     0.016849708329805    -0.009728183639968     0.524009693845483
2 6
     0.023616466639903    -0.000000000000000     0.000000000000000
     0.000000000000000    -0.022800878279775    -0.043897174143283
    -0.000000000000000    -0.043897174143283    -0.190429524567692
2 7
    -0.011132641026666     0.000000000000000    -0.000000000000000
     0.000000000000000    -0.011132641026666    -0.000000000000004
    -0.000000000000000    -0.000000000000004    -0.142550695138295
2 8
     0.012573842391420    -0.052330971645099    -0.016849708329805
    -0.052330971645099     0.073000443523923    -0.009728183639968
    -0.016849708329805    -0.009728183639968     0.524009693845483
2 9
    -0.028857844754645     0.029747243131596    -0.101718693418208
     0.029747243131590    -0.063207002414008    -0.058727315026626
    -0.309743476282570    -0.178830479411478    -0.295754498562515
2 10
    -0.132160760951188     0.000000000000000    -0.000000000000000
    -0.000000000000000    -0.132160760951188    -0.000000000000009
    -0.000000000000000    -0.000000000000009    -0.452179092600685
2 11
     0.041241447062470    -0.000000000000000    -0.000000000000000
     0.000000000000000    -0.008548315025336    -0.011272817785940
    -0.000000000000000     0.002007012102282    -0.047853098796156
2 12
    -0.028857844754645    -0.029747243131596     0.101718693418208
    -0.029747243131590    -0.063207002414008    -0.058727315026626
     0.309743476282570    -0.178830479411478    -0.295754498562515
2 13
     0.003899125496616     0.021559599408211    -0.009762546574857
     0.021559599408211     0.028794006540519     0.005636408892967
     0.001738123466279    -0.001003506051144    -0.047853098796156
2 14
    -0.080381581243678    -0.000000000000000    -0.000000000000000
     0.000000000000000    -0.011683265924954     0.117454630053230
    -0.000000000000000     0.357660958822935    -0.295754498562535
2 15
     0.031607642261104     0.000000000000000    -0.000000000000000
    -0.000000000000000     0.031607642261104    -0.000000000000003
    -0.000000000000000    -0.000000000000003    -0.058402230170480
2 16
     0.003899125496616    -0.021559599408211     0.009762546574857
    -0.021559599408211     0.028794006540519     0.005636408892967
    -0.001738123466279    -0.001003506051144    -0.047853098796156
2 17
    -0.832707906883811    -0.588818236604212     0.941411697616395
    -0.588818236604218    -0.152799172069348     0.543524297037082
     0.733328452858102     0.423387379662031    -0.042298523754957
2 18
     0.014680259380992    -0.000000000000000     0.000000000000000
    -0.000000000000000     0.014680259380991    -0.000000000000002
    -0.000000000000000    -0.000000000000002    -0.041809503488522
2 19
    -0.013686721251912     0.000000000000000    -0.000000000000000
     0.000000000000000     0.016150178033417     0.047196747444581
    -0.000000000000000    -0.022661297726739    -0.116526452228253
2 20
    -0.832707906883812     0.588818236604212    -0.941411697616395
     0.588818236604218    -0.152799172069348     0.543524297037082
    -0.733328452858102     0.423387379662031    -0.042298523754957
2 21
     0.008690953212084    -0.012919756375625     0.040873582263009
    -0.012919756375627    -0.006227496430580    -0.023598373722296
    -0.019625259514075     0.011330648863365    -0.116526452228252
2 22
     0.187155195337843    -0.000000000000000    -0.000000000000000
    -0.000000000000000    -1.172662274291085    -1.087048594074125
    -0.000000000000000    -0.846774759324024    -0.042298523754874
2 23
     0.012478233435655    -0.000000000000000     0.000000000000000
    -0.000000000000000     0.012478233435655     0.000000000000002
    -0.000000000000000     0.000000000000002     0.075598657735365
2 24
     0.008690953212084     0.012919756375625    -0.040873582263009
     0.012919756375627    -0.006227496430580    -0.023598373722296
     0.019625259514075     0.011330648863365    -0.116526452228252
2 25
     0.008690953212084     0.012919756375625    -0.040873582263009
     0.012919756375627    -0.006227496430580    -0.023598373722295
     0.019625259514075     0.011330648863365    -0.116526452228252
2 26
     0.012478233435655    -0.000000000000000     0.000000000000000
    -0.000000000000000     0.012478233435655     0.000000000000002
    -0.000000000000000     0.000000000000002     0.075598657735365
2 27
     0.187155195337843    -0.000000000000000    -0.000000000000000
    -0.000000000000000    -1.172662274291085    -1.087048594074125
    -0.000000000000000    -0.846774759324024    -0.042298523754874
2 28
     0.008690953212084    -0.012919756375625     0.040873582263009
    -0.012919756375627    -0.006227496430580    -0.023598373722296
    -0.019625259514075     0.011330648863365    -0.116526452228252
2 29
    -0.832707906883812     0.588818236604212    -0.941411697616395
     0.588818236604218    -0.152799172069348     0.543524297037082
    -0.733328452858102     0.423387379662031    -0.042298523754957
2 30
    -0.013686721251912     0.000000000000000    -0.000000000000000
     0.000000000000000     0.016150178033417     0.047196747444581
    -0.000000000000000    -0.022661297726739    -0.116526452228253
2 31
     0.014680259380992    -0.000000000000000     0.000000000000000
    -0.000000000000000     0.014680259380991    -0.000000000000002
    -0.000000000000000    -0.000000000000002    -0.041809503488522
2 32
    -0.832707906883811    -0.588818236604212     0.941411697616395
    -0.588818236604218    -0.152799172069348     0.543524297037082
     0.733328452858102     0.423387379662031    -0.042298523754957
2 33
     0.003899125496616    -0.021559599408211     0.009762546574857
    -0.021559599408211     0.028794006540519     0.005636408892967
    -0.001738123466279    -0.001003506051144    -0.047853098796156
2 34
     0.031607642261104     0.000000000000000    -0.000000000000000
    -0.000000000000000     0.031607642261104    -0.000000000000003
    -0.000000000000000    -0.000000000000003    -0.058402230170480
2 35
    -0.080381581243678    -0.000000000000000    -0.000000000000000
     0.000000000000000    -0.011683265924954     0.117454630053230
    -0.000000000000000     0.357660958822935    -0.295754498562535
2 36
     0.003899125496616     0.021559599408211    -0.009762546574857
     0.021559599408211     0.028794006540519     0.005636408892967
     0.001738123466279    -0.001003506051144    -0.047853098796156
2 37
    -0.028857844754645    -0.029747243131596     0.101718693418208
    -0.029747243131590    -0.063207002414008    -0.058727315026626
     0.309743476282570    -0.178830479411478    -0.295754498562515
2 38
     0.041241447062470    -0.000000000000000    -0.000000000000000
     0.000000000000000    -0.008548315025336    -0.011272817785940
    -0.000000000000000     0.002007012102282    -0.047853098796156
2 39
    -0.132160760951188     0.000000000000000    -0.000000000000000
    -0.000000000000000    -0.132160760951189    -0.000000000000009
    -0.000000000000000    -0.000000000000009    -0.452179092600685
2 40
    -0.028857844754645     0.029747243131596    -0.101718693418208
     0.029747243131590    -0.063207002414007    -0.058727315026626
    -0.309743476282570    -0.178830479411478    -0.295754498562515
2 41
    -0.028314657732770    -0.037331870670327    -0.112737018435612
    -0.037331870670322     0.014792473428957    -0.065088747941427
     0.063132587086525     0.036449616149052     0.350838230107295
2 42
    -2.160007008749870    -0.000000000000000    -0.000000000000000
     0.000000000000000    -2.160007008749870    -0.000000000000471
    -0.000000000000000    -0.000000000000471   -18.533514401625020
2 43
    -0.050944904583339    -0.000000000000000    -0.000000000000000
    -0.000000000000000     0.012789461814649    -0.002741603171101
    -0.000000000000000    -0.010414108618579    -0.264436390861015
2 44
    -0.028314657732770     0.037331870670327     0.112737018435612
     0.037331870670322     0.014792473428957    -0.065088747941427
    -0.063132587086525     0.036449616149052     0.350838230107295
2 45
    -0.003144129784847    -0.027597790197382    -0.002374297993262
    -0.027597790197382    -0.035011312983842     0.001370801585540
    -0.009018882621452     0.005207054309279    -0.264436390861015
2 46
     0.036346039009822    -0.000000000000000     0.000000000000000
    -0.000000000000000    -0.049868223313633     0.130177495882885
    -0.000000000000000    -0.072899232298073     0.350838230107292
2 47
    -0.007745909958941     0.000000000000000    -0.000000000000000
     0.000000000000000    -0.007745909958941     0.000000000000005
    -0.000000000000000     0.000000000000005     0.170711515273309
2 48
    -0.003144129784847     0.027597790197382     0.002374297993262
     0.027597790197382    -0.035011312983842     0.001370801585540
     0.009018882621452     0.005207054309279    -0.264436390861015
2 49
    -0.003144129784847     0.027597790197382     0.002374297993262
     0.027597790197382    -0.035011312983842     0.001370801585540
     0.009018882621452     0.005207054309279    -0.264436390861015
2 50
    -0.007745909958941    -0.000000000000000    -0.000000000000000
     0.000000000000000    -0.007745909958941     0.000000000000005
    -0.000000000000000     0.000000000000005     0.170711515273309
2 51
     0.036346039009822    -0.000000000000000     0.000000000000000
     0.000000000000000    -0.049868223313633     0.130177495882885
    -0.000000000000000    -0.072899232298073     0.350838230107292
2 52
    -0.003144129784847    -0.027597790197382    -0.002374297993262
    -0.027597790197382    -0.035011312983842     0.001370801585540
    -0.009018882621452     0.005207054309279    -0.264436390861015
2 53
    -0.028314657732770     0.037331870670327     0.112737018435612
     0.037331870670322     0.014792473428957    -0.065088747941427
    -0.063132587086525     0.036449616149052     0.350838230107295
2 54
    -0.050944904583339    -0.000000000000000    -0.000000000000000
    -0.000000000000000     0.012789461814649    -0.002741603171101
    -0.000000000000000    -0.010414108618579    -0.264436390861015
2 55
    -2.160007008749870     0.000000000000000    -0.000000000000000
     0.000000000000000    -2.160007008749870    -0.000000000000471
    -0.000000000000000    -0.000000000000471   -18.533514401625020
2 56
    -0.028314657732770    -0.037331870670327    -0.112737018435612
    -0.037331870670322     0.014792473428957    -0.065088747941427
     0.063132587086525     0.036449616149052     0.350838230107295
3 1
    -0.011196542049853     0.020099299938330    -0.038016067962429
     0.020099299938330     0.012012130409985     0.021948587071633
    -0.038016067962428     0.021948587071633    -0.190429524567696
3 2
     0.103213744090176     0.000000000000000    -0.000000000000000
    -0.000000000000000    -0.017639458174832     0.019456367279977
     0.000000000000000     0.019456367279977     0.524009693845481
3 3
     7.646121811905042    -0.000000000000000     0.000000000000001
    -0.000000000000000     7.646121811905041     0.000000000000912
     0.000000000000001     0.000000000000912    39.317184701630467
3 4
    -0.011196542049853    -0.020099299938330     0.038016067962429
    -0.020099299938330     0.012012130409985     0.021948587071633
     0.038016067962429     0.021948587071633    -0.190429524567696
3 5
     0.012573842391419    -0.052330971645099    -0.016849708329805
    -0.052330971645099     0.073000443523923    -0.009728183639968
    -0.016849708329805    -0.009728183639968     0.524009693845483
3 6
    -0.011132641026666     0.000000000000000     0.000000000000000
     0.000000000000000    -0.011132641026666    -0.000000000000004
     0.000000000000000    -0.000000000000004    -0.142550695138295
3 7
     0.023616466639903     0.000000000000000    -0.000000000000000
    -0.000000000000000    -0.022800878279774    -0.043897174143283
     0.000000000000000    -0.043897174143283    -0.190429524567692
3 8
     0.012573842391420     0.052330971645099     0.016849708329805
     0.052330971645099     0.073000443523923    -0.009728183639968
     0.016849708329805    -0.009728183639968     0.524009693845483
3 9
    -0.028857844754645    -0.029747243131596     0.101718693418208
    -0.029747243131590    -0.063207002414007    -0.058727315026626
     0.309743476282570    -0.178830479411478    -0.295754498562515
3 10
     0.041241447062470     0.000000000000000     0.000000000000000
    -0.000000000000000    -0.008548315025336    -0.011272817785940
     0.000000000000000     0.002007012102282    -0.047853098796156
3 11
    -0.132160760951188    -0.000000000000000    -0.000000000000000
     0.000000000000000    -0.132160760951188    -0.000000000000009
     0.000000000000000    -0.000000000000009    -0.452179092600685
3 12
    -0.028857844754645     0.029747243131596    -0.101718693418208
     0.029747243131590    -0.063207002414008    -0.058727315026626
    -0.309743476282570    -0.178830479411478    -0.295754498562515
3 13
     0.003899125496616    -0.021559599408211     0.009762546574857
    -0.021559599408211     0.028794006540519     0.005636408892967
    -0.001738123466279    -0.001003506051144    -0.047853098796156
3 14
     0.031607642261104    -0.000000000000000    -0.000000000000000
     0.000000000000000     0.031607642261104    -0.000000000000003
     0.000000000000000    -0.000000000000003    -0.058402230170480
3 15
    -0.080381581243678     0.000000000000000     0.000000000000000
    -0.000000000000000    -0.011683265924953     0.117454630053230
    -0.000000000000000     0.357660958822935    -0.295754498562535
3 16
     0.003899125496616     0.021559599408211    -0.009762546574857
     0.021559599408211     0.028794006540519     0.005636408892967
     0.001738123466279    -0.001003506051144    -0.047853098796156
3 17
    -0.832707906883812     0.588818236604212    -0.941411697616395
     0.588818236604218    -0.152799172069348     0.543524297037082
    -0.733328452858102     0.423387379662031    -0.042298523754957
3 18
    -0.013686721251912    -0.000000000000000     0.000000000000000
    -0.000000000000000     0.016150178033417     0.047196747444581
     0.000000000000000    -0.022661297726739    -0.116526452228253
3 19
     0.014680259380992     0.000000000000000    -0.000000000000000
     0.000000000000000     0.014680259380991    -0.000000000000002
     0.000000000000000    -0.000000000000002    -0.041809503488522
3 20
    -0.832707906883812    -0.588818236604212     0.941411697616395
    -0.588818236604218    -0.152799172069348     0.543524297037082
     0.733328452858102     0.423387379662031    -0.042298523754957
3 21
     0.008690953212084     0.012919756375625    -0.040873582263009
     0.012919756375627    -0.006227496430580    -0.023598373722296
     0.019625259514075     0.011330648863365    -0.116526452228252
3 22
     0.012478233435655     0.000000000000000    -0.000000000000000
     0.000000000000000     0.012478233435655     0.000000000000002
     0.000000000000000     0.000000000000002     0.075598657735365
3 23
     0.187155195337843    -0.000000000000000     0.000000000000000
    -0.000000000000000    -1.172662274291085    -1.087048594074125
     0.000000000000000    -0.846774759324024    -0.042298523754874
3 24
     0.008690953212084    -0.012919756375625     0.040873582263009
    -0.012919756375627    -0.006227496430580    -0.023598373722296
    -0.019625259514075     0.011330648863365    -0.116526452228252
3 25
     0.008690953212084    -0.012919756375625     0.040873582263009
    -0.012919756375627    -0.006227496430580    -0.023598373722296
    -0.019625259514075     0.011330648863365    -0.116526452228252
3 26
     0.187155195337843    -0.000000000000000     0.000000000000000
    -0.000000000000000    -1.172662274291085    -1.087048594074125
     0.000000000000000    -0.846774759324024    -0.042298523754874
3 27
     0.012478233435655     0.000000000000000    -0.000000000000000
     0.000000000000000     0.012478233435655     0.000000000000002
     0.000000000000000     0.000000000000002     0.075598657735365
3 28
     0.008690953212084     0.012919756375625    -0.040873582263009
     0.012919756375627    -0.006227496430580    -0.023598373722296
     0.019625259514075     0.011330648863365    -0.116526452228252
3 29
    -0.832707906883812    -0.588818236604212     0.941411697616395
    -0.588818236604218    -0.152799172069348     0.543524297037082
     0.733328452858102     0.423387379662031    -0.042298523754957
3 30
     0.014680259380992     0.000000000000000    -0.000000000000000
     0.000000000000000     0.014680259380991    -0.000000000000002
     0.000000000000000    -0.000000000000002    -0.041809503488522
3 31
    -0.013686721251912    -0.000000000000000     0.000000000000000
    -0.000000000000000     0.016150178033417     0.047196747444581
     0.000000000000000    -0.022661297726739    -0.116526452228253
3 32
    -0.832707906883812     0.588818236604212    -0.941411697616395
     0.588818236604218    -0.152799172069348     0.543524297037082
    -0.733328452858102     0.423387379662031    -0.042298523754957
3 33
     0.003899125496616     0.021559599408211    -0.009762546574857
     0.021559599408211     0.028794006540519     0.005636408892967
     0.001738123466279    -0.001003506051144    -0.047853098796156
3 34
    -0.080381581243678     0.000000000000000     0.000000000000000
    -0.000000000000000    -0.011683265924953     0.117454630053230
     0.000000000000000     0.357660958822935    -0.295754498562535
3 35
     0.031607642261104    -0.000000000000000    -0.000000000000000
     0.000000000000000     0.031607642261104    -0.000000000000003
     0.000000000000000    -0.000000000000003    -0.058402230170480
3 36
     0.003899125496616    -0.021559599408211     0.009762546574857
    -0.021559599408211     0.028794006540519     0.005636408892967
    -0.001738123466279    -0.001003506051144    -0.047853098796156
3 37
    -0.028857844754645     0.029747243131596    -0.101718693418208
     0.029747243131590    -0.063207002414008    -0.058727315026626
    -0.309743476282570    -0.178830479411478    -0.295754498562515
3 38
    -0.132160760951188    -0.000000000000000    -0.000000000000000
     0.000000000000000    -0.132160760951188    -0.000000000000009
     0.000000000000000    -0.000000000000009    -0.452179092600686
3 39
     0.041241447062470     0.000000000000000     0.000000000000000
    -0.000000000000000    -0.008548315025336    -0.011272817785940
     0.000000000000000     0.002007012102282    -0.047853098796156
3 40
    -0.028857844754645    -0.029747243131596     0.101718693418208
    -0.029747243131590    -0.063207002414007    -0.058727315026626
     0.309743476282570    -0.178830479411478    -0.295754498562515
3 41
    -0.028314657732770     0.037331870670327     0.112737018435612
     0.037331870670322     0.014792473428957    -0.065088747941427
    -0.063132587086525     0.036449616149052     0.350838230107295
3 42
    -0.050944904583339     0.000000000000000     0.000000000000000
     0.000000000000000     0.012789461814649    -0.002741603171101
     0.000000000000000    -0.010414108618579    -0.264436390861015
3 43
    -2.160007008749870     0.000000000000000    -0.000000000000000
    -0.000000000000000    -2.160007008749870    -0.000000000000471
    -0.000000000000000    -0.000000000000471   -18.533514401625020
3 44
    -0.028314657732770    -0.037331870670327    -0.112737018435612
    -0.037331870670322     0.014792473428957    -0.065088747941427
     0.063132587086525     0.036449616149052     0.350838230107295
3 45
    -0.003144129784847     0.027597790197382     0.002374297993262
     0.027597790197382    -0.035011312983842     0.001370801585540
     0.009018882621452     0.005207054309279    -0.264436390861015
3 46
    -0.007745909958941     0.000000000000000     0.000000000000000
    -0.000000000000000    -0.007745909958941     0.000000000000005
     0.000000000000000     0.000000000000005     0.170711515273309
3 47
     0.036346039009822     0.000000000000000     0.000000000000000
     0.000000000000000    -0.049868223313633     0.130177495882885
     0.000000000000000    -0.072899232298073     0.350838230107292
3 48
    -0.003144129784847    -0.027597790197382    -0.002374297993262
    -0.027597790197382    -0.035011312983842     0.001370801585540
    -0.009018882621452     0.005207054309279    -0.264436390861015
3 49
    -0.003144129784847    -0.027597790197382    -0.002374297993262
    -0.027597790197382    -0.035011312983842     0.001370801585540
    -0.009018882621452     0.005207054309279    -0.264436390861015
3 50
     0.036346039009822     0.000000000000000     0.000000000000000
     0.000000000000000    -0.049868223313633     0.130177495882885
     0.000000000000000    -0.072899232298073     0.350838230107292
3 51
    -0.007745909958941     0.000000000000000     0.000000000000000
    -0.000000000000000    -0.007745909958941     0.000000000000005
     0.000000000000000     0.000000000000005     0.170711515273309
3 52
    -0.003144129784847     0.027597790197382     0.002374297993262
     0.027597790197382    -0.035011312983842     0.001370801585540
     0.009018882621452     0.005207054309279    -0.264436390861015
3 53
    -0.028314657732770    -0.037331870670327    -0.112737018435612
    -0.037331870670322     0.014792473428957    -0.065088747941427
     0.063132587086525     0.036449616149052     0.350838230107295
3 54
    -2.160007008749870     0.000000000000000    -0.000000000000000
    -0.000000000000000    -2.160007008749870    -0.000000000000471
    -0.000000000000000    -0.000000000000471   -18.533514401625020
3 55
    -0.050944904583339     0.000000000000000     0.000000000000000
     0.000000000000000     0.012789461814649    -0.002741603171101
     0.000000000000000    -0.010414108618579    -0.264436390861015
3 56
    -0.028314657732770     0.037331870670327     0.112737018435612
     0.037331870670322     0.014792473428957    -0.065088747941427
    -0.063132587086525     0.036449616149052     0.350838230107295
4 1
     0.103213744090176    -0.000000000000000     0.000000000000000
     0.000000000000000    -0.017639458174832     0.019456367279977
     0.000000000000000     0.019456367279977     0.524009693845481
4 2
    -0.011196542049853     0.020099299938330    -0.038016067962429
     0.020099299938330     0.012012130409985     0.021948587071633
    -0.038016067962429     0.021948587071633    -0.190429524567696
4 3
    -0.011196542049853    -0.020099299938330     0.038016067962429
    -0.020099299938330     0.012012130409985     0.021948587071633
     0.038016067962429     0.021948587071633    -0.190429524567696
4 4
     7.646121811905040     0.000000000000000     0.000000000000000
     0.000000000000000     7.646121811905040     0.000000000000912
     0.000000000000000     0.000000000000912    39.317184701630474
4 5
    -0.011132641026666    -0.000000000000000    -0.000000000000000
    -0.000000000000000    -0.011132641026666    -0.000000000000004
    -0.000000000000000    -0.000000000000004    -0.142550695138295
4 6
     0.012573842391419    -0.052330971645099    -0.016849708329805
    -0.052330971645099     0.073000443523923    -0.009728183639968
    -0.016849708329805    -0.009728183639968     0.524009693845483
4 7
     0.012573842391419     0.052330971645099     0.016849708329805
     0.052330971645099     0.073000443523923    -0.009728183639968
     0.016849708329805    -0.009728183639968     0.524009693845483
4 8
     0.023616466639903    -0.000000000000000     0.000000000000000
     0.000000000000000    -0.022800878279774    -0.043897174143283
    -0.000000000000000    -0.043897174143283    -0.190429524567692
4 9
     0.041241447062470    -0.000000000000000     0.000000000000000
    -0.000000000000000    -0.008548315025335    -0.011272817785940
    -0.000000000000000     0.002007012102282    -0.047853098796156
4 10
    -0.028857844754645    -0.029747243131596     0.101718693418208
    -0.029747243131590    -0.063207002414008    -0.058727315026626
     0.309743476282570    -0.178830479411478    -0.295754498562515
4 11
    -0.028857844754645     0.029747243131596    -0.101718693418208
     0.029747243131590    -0.063207002414008    -0.058727315026626
    -0.309743476282570    -0.178830479411478    -0.295754498562515
4 12
    -0.132160760951188    -0.000000000000000    -0.000000000000000
     0.000000000000000    -0.132160760951189    -0.000000000000009
    -0.000000000000000    -0.000000000000009    -0.452179092600686
4 13
     0.031607642261104    -0.000000000000000    -0.000000000000000
     0.000000000000000     0.031607642261104    -0.000000000000003
    -0.000000000000000    -0.000000000000003    -0.058402230170480
4 14
     0.003899125496616    -0.021559599408211     0.009762546574857
    -0.021559599408211     0.028794006540519     0.005636408892967
    -0.001738123466279    -0.001003506051144    -0.047853098796156
4 15
     0.003899125496616     0.021559599408211    -0.009762546574857
     0.021559599408211     0.028794006540519     0.005636408892967
     0.001738123466279    -0.001003506051144    -0.047853098796156
4 16
    -0.080381581243678     0.000000000000000     0.000000000000000
    -0.000000000000000    -0.011683265924953     0.117454630053230
    -0.000000000000000     0.357660958822935    -0.295754498562535
4 17
    -0.013686721251912    -0.000000000000000     0.000000000000000
     0.000000000000000     0.016150178033417     0.047196747444581
    -0.000000000000000    -0.022661297726739    -0.116526452228253
4 18
    -0.832707906883812     0.588818236604212    -0.941411697616395
     0.588818236604218    -0.152799172069348     0.543524297037082
    -0.733328452858102     0.423387379662031    -0.042298523754957
4 19
    -0.832707906883812    -0.588818236604212     0.941411697616395
    -0.588818236604218    -0.152799172069348     0.543524297037082
     0.733328452858102     0.423387379662031    -0.042298523754957
4 20
     0.014680259380991    -0.000000000000000     0.000000000000000
     0.000000000000000     0.014680259380991    -0.000000000000002
    -0.000000000000000    -0.000000000000002    -0.041809503488522
4 21
     0.012478233435655    -0.000000000000000     0.000000000000000
     0.000000000000000     0.012478233435655     0.000000000000002
    -0.000000000000000     0.000000000000002     0.075598657735365
4 22
     0.008690953212084     0.012919756375625    -0.040873582263009
     0.012919756375627    -0.006227496430580    -0.023598373722295
     0.019625259514075     0.011330648863365    -0.116526452228252
4 23
     0.008690953212084    -0.012919756375625     0.040873582263009
    -0.012919756375627    -0.006227496430580    -0.023598373722295
    -0.019625259514075     0.011330648863365    -0.116526452228252
4 24
     0.187155195337843    -0.000000000000000     0.000000000000000
    -0.000000000000000    -1.172662274291085    -1.087048594074125
    -0.000000000000000    -0.846774759324024    -0.042298523754874
4 25
     0.187155195337843    -0.000000000000000     0.000000000000000
    -0.000000000000000    -1.172662274291085    -1.087048594074125
    -0.000000000000000    -0.846774759324024    -0.042298523754874
4 26
     0.008690953212084    -0.012919756375625     0.040873582263009
    -0.012919756375627    -0.006227496430580    -0.023598373722295
    -0.019625259514075     0.011330648863365    -0.116526452228252
4 27
     0.008690953212084     0.012919756375625    -0.040873582263009
     0.012919756375627    -0.006227496430580    -0.023598373722295
     0.019625259514075     0.011330648863365    -0.116526452228252
4 28
     0.012478233435655    -0.000000000000000     0.000000000000000
     0.000000000000000     0.012478233435655     0.000000000000002
    -0.000000000000000     0.000000000000002     0.075598657735365
4 29
     0.014680259380991    -0.000000000000000     0.000000000000000
     0.000000000000000     0.014680259380991    -0.000000000000002
    -0.000000000000000    -0.000000000000002    -0.041809503488522
4 30
    -0.832707906883812    -0.588818236604212     0.941411697616395
    -0.588818236604218    -0.152799172069348     0.543524297037082
     0.733328452858102     0.423387379662031    -0.042298523754957
4 31
    -0.832707906883812     0.588818236604212    -0.941411697616395
     0.588818236604218    -0.152799172069348     0.543524297037082
    -0.733328452858102     0.423387379662031    -0.042298523754957
4 32
    -0.013686721251912    -0.000000000000000     0.000000000000000
     0.000000000000000     0.016150178033417     0.047196747444581
    -0.000000000000000    -0.022661297726739    -0.116526452228253
4 33
    -0.080381581243678    -0.000000000000000     0.000000000000000
    -0.000000000000000    -0.011683265924953     0.117454630053230
    -0.000000000000000     0.357660958822935    -0.295754498562535
4 34
     0.003899125496616     0.021559599408211    -0.009762546574857
     0.021559599408211     0.028794006540519     0.005636408892967
     0.001738123466279    -0.001003506051144    -0.047853098796156
4 35
     0.003899125496616    -0.021559599408211     0.009762546574857
    -0.021559599408211     0.028794006540519     0.005636408892967
    -0.001738123466279    -0.001003506051144    -0.047853098796156
4 36
     0.031607642261104    -0.000000000000000    -0.000000000000000
     0.000000000000000     0.031607642261104    -0.000000000000003
    -0.000000000000000    -0.000000000000003    -0.058402230170480
4 37
    -0.132160760951188    -0.000000000000000    -0.000000000000000
     0.000000000000000    -0.132160760951189    -0.000000000000009
    -0.000000000000000    -0.000000000000009    -0.452179092600686
4 38
    -0.028857844754645     0.029747243131596    -0.101718693418208
     0.029747243131590    -0.063207002414008    -0.058727315026626
    -0.309743476282570    -0.178830479411478    -0.295754498562515
4 39
    -0.028857844754645    -0.029747243131596     0.101718693418208
    -0.029747243131590    -0.063207002414008    -0.058727315026626
     0.309743476282570    -0.178830479411478    -0.295754498562515
4 40
     0.041241447062470    -0.000000000000000     0.000000000000000
    -0.000000000000000    -0.008548315025335    -0.011272817785940
    -0.000000000000000     0.002007012102282    -0.047853098796156
4 41
    -0.050944904583339    -0.000000000000000     0.000000000000000
     0.000000000000000     0.012789461814650    -0.002741603171101
    -0.000000000000000    -0.010414108618579    -0.264436390861015
4 42
    -0.028314657732770     0.037331870670327     0.112737018435612
     0.037331870670322     0.014792473428957    -0.065088747941427
    -0.063132587086525     0.036449616149052     0.350838230107295
4 43
    -0.028314657732770    -0.037331870670327    -0.112737018435612
    -0.037331870670322     0.014792473428957    -0.065088747941427
     0.063132587086525     0.036449616149052     0.350838230107295
4 44
    -2.160007008749870    -0.000000000000000    -0.000000000000000
     0.000000000000000    -2.160007008749870    -0.000000000000471
    -0.000000000000000    -0.000000000000471   -18.533514401625020
4 45
    -0.007745909958941    -0.000000000000000     0.000000000000000
     0.000000000000000    -0.007745909958941     0.000000000000005
    -0.000000000000000     0.000000000000005     0.170711515273309
4 46
    -0.003144129784847     0.027597790197382     0.002374297993262
     0.027597790197382    -0.035011312983842     0.001370801585540
     0.009018882621452     0.005207054309279    -0.264436390861015
4 47
    -0.003144129784847    -0.027597790197382    -0.002374297993262
    -0.027597790197382    -0.035011312983842     0.001370801585540
    -0.009018882621452     0.005207054309279    -0.264436390861015
4 48
     0.036346039009822    -0.000000000000000     0.000000000000000
     0.000000000000000    -0.049868223313632     0.130177495882885
    -0.000000000000000    -0.072899232298073     0.350838230107292
4 49
     0.036346039009822    -0.000000000000000     0.000000000000000
     0.000000000000000    -0.049868223313633     0.130177495882885
    -0.000000000000000    -0.072899232298073     0.350838230107292
4 50
    -0.003144129784847    -0.027597790197382    -0.002374297993262
    -0.027597790197382    -0.035011312983842     0.001370801585540
    -0.009018882621452     0.005207054309279    -0.264436390861015
4 51
    -0.003144129784847     0.027597790197382     0.002374297993262
     0.027597790197382    -0.035011312983842     0.001370801585540
     0.009018882621452     0.005207054309279    -0.264436390861015
4 52
    -0.007745909958941    -0.000000000000000     0.000000000000000
     0.000000000000000    -0.007745909958941     0.000000000000005
    -0.000000000000000     0.000000000000005     0.170711515273309
4 53
    -2.160007008749870    -0.000000000000000    -0.000000000000000
     0.000000000000000    -2.160007008749870    -0.000000000000471
    -0.000000000000000    -0.000000000000471   -18.533514401625020
4 54
    -0.028314657732770    -0.037331870670327    -0.112737018435612
    -0.037331870670322     0.014792473428957    -0.065088747941427
     0.063132587086525     0.036449616149052     0.350838230107295
4 55
    -0.028314657732770     0.037331870670327     0.112737018435612
     0.037331870670322     0.014792473428957    -0.065088747941427
    -0.063132587086525     0.036449616149052     0.350838230107295
4 56
    -0.050944904583339    -0.000000000000000     0.000000000000000
     0.000000000000000     0.012789461814649    -0.002741603171101
    -0.000000000000000    -0.010414108618579    -0.264436390861015
5 1
     0.023616466639903    -0.000000000000000     0.000000000000000
     0.000000000000000    -0.022800878279774    -0.043897174143283
    -0.000000000000000    -0.043897174143283    -0.190429524567692
5 2
     0.012573842391419     0.052330971645099     0.016849708329805
     0.052330971645099     0.073000443523923    -0.009728183639968
     0.016849708329805    -0.009728183639968     0.524009693845483
5 3
     0.012573842391419    -0.052330971645099    -0.016849708329805
    -0.052330971645099     0.073000443523923    -0.009728183639968
    -0.016849708329805    -0.009728183639968     0.524009693845483
5 4
    -0.011132641026666    -0.000000000000000    -0.000000000000000
    -0.000000000000000    -0.011132641026666    -0.000000000000004
    -0.000000000000000    -0.000000000000004    -0.142550695138295
5 5
     7.646121811905045    -0.000000000000000     0.000000000000000
    -0.000000000000000     7.646121811905046     0.000000000000912
     0.000000000000000     0.000000000000912    39.317184701630467
5 6
    -0.011196542049853    -0.020099299938330     0.038016067962429
    -0.020099299938330     0.012012130409985     0.021948587071633
     0.038016067962429     0.021948587071633    -0.190429524567696
5 7
    -0.011196542049853     0.020099299938330    -0.038016067962429
     0.020099299938330     0.012012130409985     0.021948587071633
    -0.038016067962429     0.021948587071633    -0.190429524567696
5 8
     0.103213744090176    -0.000000000000000     0.000000000000000
     0.000000000000000    -0.017639458174832     0.019456367279977
     0.000000000000000     0.019456367279977     0.524009693845481
5 9
    -0.080381581243678    -0.000000000000000     0.000000000000000
    -0.000000000000000    -0.011683265924953     0.117454630053230
    -0.000000000000000     0.357660958822935    -0.295754498562535
5 10
     0.003899125496616     0.021559599408211    -0.009762546574857
     0.021559599408211     0.028794006540519     0.005636408892967
     0.001738123466279    -0.001003506051144    -0.047853098796156
5 11
     0.003899125496616    -0.021559599408211     0.009762546574857
    -0.021559599408211     0.028794006540519     0.005636408892967
    -0.001738123466279    -0.001003506051144    -0.047853098796156
5 12
     0.031607642261104    -0.000000000000000     0.000000000000000
     0.000000000000000     0.031607642261104    -0.000000000000003
    -0.000000000000000    -0.000000000000003    -0.058402230170480
5 13
    -0.132160760951189    -0.000000000000000    -0.000000000000000
     0.000000000000000    -0.132160760951189    -0.000000000000009
    -0.000000000000000    -0.000000000000009    -0.452179092600685
5 14
    -0.028857844754645     0.029747243131596    -0.101718693418208
     0.029747243131590    -0.063207002414008    -0.058727315026626
    -0.309743476282570    -0.178830479411478    -0.295754498562515
5 15
    -0.028857844754645    -0.029747243131596     0.101718693418208
    -0.029747243131590    -0.063207002414008    -0.058727315026626
     0.309743476282570    -0.178830479411478    -0.295754498562515
5 16
     0.041241447062470    -0.000000000000000     0.000000000000000
    -0.000000000000000    -0.008548315025336    -0.011272817785940
    -0.000000000000000     0.002007012102282    -0.047853098796156
5 17
     0.187155195337843    -0.000000000000000     0.000000000000000
    -0.000000000000000    -1.172662274291085    -1.087048594074125
    -0.000000000000000    -0.846774759324024    -0.042298523754874
5 18
     0.008690953212084    -0.012919756375625     0.040873582263009
    -0.012919756375627    -0.006227496430580    -0.023598373722295
    -0.019625259514075     0.011330648863365    -0.116526452228252
5 19
     0.008690953212084     0.012919756375625    -0.040873582263009
     0.012919756375627    -0.006227496430580    -0.023598373722295
     0.019625259514075     0.011330648863365    -0.116526452228252
5 20
     0.012478233435655    -0.000000000000000     0.000000000000000
     0.000000000000000     0.012478233435655     0.000000000000002
    -0.000000000000000     0.000000000000002     0.075598657735365
5 21
     0.014680259380991    -0.000000000000000     0.000000000000000
     0.000000000000000     0.014680259380991    -0.000000000000002
    -0.000000000000000    -0.000000000000002    -0.041809503488522
5 22
    -0.832707906883812    -0.588818236604212     0.941411697616395
    -0.588818236604218    -0.152799172069348     0.543524297037082
     0.733328452858102     0.423387379662031    -0.042298523754957
5 23
    -0.832707906883812     0.588818236604212    -0.941411697616395
     0.588818236604218    -0.152799172069348     0.543524297037082
    -0.733328452858102     0.423387379662031    -0.042298523754957
5 24
    -0.013686721251912    -0.000000000000000     0.000000000000000
     0.000000000000000     0.016150178033417     0.047196747444581
    -0.000000000000000    -0.022661297726739    -0.116526452228253
5 25
    -0.013686721251912    -0.000000000000000     0.000000000000000
     0.000000000000000     0.016150178033417     0.047196747444581
    -0.000000000000000    -0.022661297726739    -0.116526452228253
5 26
    -0.832707906883812     0.588818236604212    -0.941411697616395
     0.588818236604218    -0.152799172069348     0.543524297037082
    -0.733328452858102     0.423387379662031    -0.042298523754957
5 27
    -0.832707906883812    -0.588818236604212     0.941411697616395
    -0.588818236604218    -0.152799172069348     0.543524297037082
     0.733328452858102     0.423387379662031    -0.042298523754957
5 28
     0.014680259380991    -0.000000000000000     0.000000000000000
     0.000000000000000     0.014680259380991    -0.000000000000002
    -0.000000000000000    -0.000000000000002    -0.041809503488522
5 29
     0.012478233435655    -0.000000000000000     0.000000000000000
     0.000000000000000     0.012478233435655     0.000000000000002
    -0.000000000000000     0.000000000000002     0.075598657735365
5 30
     0.008690953212084     0.012919756375625    -0.040873582263009
     0.012919756375627    -0.006227496430580    -0.023598373722295
     0.019625259514075     0.011330648863365    -0.116526452228252
5 31
     0.008690953212084    -0.012919756375625     0.040873582263009
    -0.012919756375627    -0.006227496430580    -0.023598373722295
    -0.019625259514075     0.011330648863365    -0.116526452228252
5 32
     0.187155195337843    -0.000000000000000     0.000000000000000
    -0.000000000000000    -1.172662274291085    -1.087048594074125
    -0.000000000000000    -0.846774759324024    -0.042298523754874
5 33
     0.041241447062470    -0.000000000000000     0.000000000000000
    -0.000000000000000    -0.008548315025336    -0.011272817785940
    -0.000000000000000     0.002007012102282    -0.047853098796156
5 34
    -0.028857844754645    -0.029747243131596     0.101718693418208
    -0.029747243131590    -0.063207002414008    -0.058727315026626
     0.309743476282570    -0.178830479411478    -0.295754498562515
5 35
    -0.028857844754645     0.029747243131596    -0.101718693418208
     0.029747243131590    -0.063207002414008    -0.058727315026626
    -0.309743476282570    -0.178830479411478    -0.295754498562515
5 36
    -0.132160760951189    -0.000000000000000    -0.000000000000000
     0.000000000000000    -0.132160760951189    -0.000000000000009
    -0.000000000000000    -0.000000000000009    -0.452179092600685
5 37
     0.031607642261104    -0.000000000000000     0.000000000000000
     0.000000000000000     0.031607642261104    -0.000000000000003
    -0.000000000000000    -0.000000000000003    -0.058402230170480
5 38
     0.003899125496616    -0.021559599408211     0.009762546574857
    -0.021559599408211     0.028794006540519     0.005636408892967
    -0.001738123466279    -0.001003506051144    -0.047853098796156
5 39
     0.003899125496616     0.021559599408211    -0.009762546574857
     0.021559599408211     0.028794006540519     0.005636408892967
     0.001738123466279    -0.001003506051144    -0.047853098796156
5 40
    -0.080381581243678    -0.000000000000000     0.000000000000000
    -0.000000000000000    -0.011683265924953     0.117454630053230
    -0.000000000000000     0.357660958822935    -0.295754498562535
5 41
     0.036346039009822    -0.000000000000000     0.000000000000000
     0.000000000000000    -0.049868223313633     0.130177495882885
    -0.000000000000000    -0.072899232298073     0.350838230107292
5 42
    -0.003144129784847    -0.027597790197382    -0.002374297993262
    -0.027597790197382    -0.035011312983842     0.001370801585540
    -0.009018882621452     0.005207054309279    -0.264436390861015
5 43
    -0.003144129784847     0.027597790197382     0.002374297993262
     0.027597790197382    -0.035011312983842     0.001370801585540
     0.009018882621452     0.005207054309279    -0.264436390861015
5 44
    -0.007745909958941    -0.000000000000000     0.000000000000000
     0.000000000000000    -0.007745909958941     0.000000000000005
    -0.000000000000000     0.000000000000005     0.170711515273309
5 45
    -2.160007008749870    -0.000000000000000    -0.000000000000000
     0.000000000000000    -2.160007008749870    -0.000000000000471
    -0.000000000000000    -0.000000000000471   -18.533514401625020
5 46
    -0.028314657732770    -0.037331870670327    -0.112737018435612
    -0.037331870670322     0.014792473428957    -0.065088747941427
     0.063132587086525     0.036449616149052     0.350838230107295
5 47
    -0.028314657732770     0.037331870670327     0.112737018435612
     0.037331870670322     0.014792473428957    -0.065088747941427
    -0.063132587086525     0.036449616149052     0.350838230107295
5 48
    -0.050944904583339    -0.000000000000000     0.000000000000000
     0.000000000000000     0.012789461814649    -0.002741603171101
    -0.000000000000000    -0.010414108618579    -0.264436390861015
5 49
    -0.050944904583339    -0.000000000000000     0.000000000000000
     0.000000000000000     0.012789461814649    -0.002741603171101
    -0.000000000000000    -0.010414108618579    -0.264436390861015
5 50
    -0.028314657732770     0.037331870670327     0.112737018435612
     0.037331870670322     0.014792473428957    -0.065088747941427
    -0.063132587086525     0.036449616149052     0.350838230107295
5 51
    -0.028314657732770    -0.037331870670327    -0.112737018435612
    -0.037331870670322     0.014792473428957    -0.065088747941427
     0.063132587086525     0.036449616149052     0.350838230107295
5 52
    -2.160007008749870    -0.000000000000000    -0.000000000000000
     0.000000000000000    -2.160007008749870    -0.000000000000471
    -0.000000000000000    -0.000000000000471   -18.533514401625020
5 53
    -0.007745909958941    -0.000000000000000     0.000000000000000
     0.000000000000000    -0.007745909958941     0.000000000000005
    -0.000000000000000     0.000000000000005     0.170711515273309
5 54
    -0.003144129784847     0.027597790197382     0.002374297993262
     0.027597790197382    -0.035011312983842     0.001370801585540
     0.009018882621452     0.005207054309279    -0.264436390861015
5 55
    -0.003144129784847    -0.027597790197382    -0.002374297993262
    -0.027597790197382    -0.035011312983842     0.001370801585540
    -0.009018882621452     0.005207054309279    -0.264436390861015
5 56
     0.036346039009822    -0.000000000000000     0.000000000000000
     0.000000000000000    -0.049868223313633     0.130177495882885
    -0.000000000000000    -0.072899232298073     0.350838230107292
6 1
     0.012573842391420     0.052330971645099     0.016849708329805
     0.052330971645099     0.073000443523923    -0.009728183639968
     0.016849708329805    -0.009728183639968     0.524009693845484
6 2
     0.023616466639903     0.000000000000000    -0.000000000000000
    -0.000000000000000    -0.022800878279775    -0.043897174143283
     0.000000000000000    -0.043897174143283    -0.190429524567692
6 3
    -0.011132641026666     0.000000000000000     0.000000000000000
     0.000000000000000    -0.011132641026666    -0.000000000000004
     0.000000000000000    -0.000000000000004    -0.142550695138295
6 4
     0.012573842391419    -0.052330971645099    -0.016849708329805
    -0.052330971645099     0.073000443523923    -0.009728183639968
    -0.016849708329805    -0.009728183639968     0.524009693845483
6 5
    -0.011196542049853    -0.020099299938330     0.038016067962429
    -0.020099299938330     0.012012130409985     0.021948587071633
     0.038016067962429     0.021948587071633    -0.190429524567696
6 6
     7.646121811905042    -0.000000000000000     0.000000000000001
    -0.000000000000000     7.646121811905043     0.000000000000912
     0.000000000000001     0.000000000000912    39.317184701630467
6 7
     0.103213744090176     0.000000000000000    -0.000000000000000
     0.000000000000000    -0.017639458174832     0.019456367279977
     0.000000000000000     0.019456367279977     0.524009693845481
6 8
    -0.011196542049853     0.020099299938330    -0.038016067962429
     0.020099299938330     0.012012130409985     0.021948587071633
    -0.038016067962428     0.021948587071633    -0.190429524567696
6 9
     0.003899125496616     0.021559599408211    -0.009762546574857
     0.021559599408211     0.028794006540519     0.005636408892967
     0.001738123466279    -0.001003506051144    -0.047853098796156
6 10
    -0.080381581243678     0.000000000000000     0.000000000000000
    -0.000000000000000    -0.011683265924954     0.117454630053230
    -0.000000000000000     0.357660958822935    -0.295754498562535
6 11
     0.031607642261104    -0.000000000000000    -0.000000000000000
     0.000000000000000     0.031607642261104    -0.000000000000003
     0.000000000000000    -0.000000000000003    -0.058402230170480
6 12
     0.003899125496616    -0.021559599408211     0.009762546574857
    -0.021559599408211     0.028794006540519     0.005636408892967
    -0.001738123466279    -0.001003506051144    -0.047853098796156
6 13
    -0.028857844754645     0.029747243131596    -0.101718693418208
     0.029747243131590    -0.063207002414008    -0.058727315026626
    -0.309743476282570    -0.178830479411478    -0.295754498562515
6 14
    -0.132160760951188    -0.000000000000000    -0.000000000000000
     0.000000000000000    -0.132160760951189    -0.000000000000009
     0.000000000000000    -0.000000000000009    -0.452179092600685
6 15
     0.041241447062470     0.000000000000000     0.000000000000000
    -0.000000000000000    -0.008548315025336    -0.011272817785940
     0.000000000000000     0.002007012102282    -0.047853098796156
6 16
    -0.028857844754645    -0.029747243131596     0.101718693418208
    -0.029747243131590    -0.063207002414007    -0.058727315026626
     0.309743476282570    -0.178830479411478    -0.295754498562515
6 17
     0.008690953212084    -0.012919756375625     0.040873582263009
    -0.012919756375627    -0.006227496430580    -0.023598373722296
    -0.019625259514075     0.011330648863365    -0.116526452228252
6 18
     0.187155195337843    -0.000000000000000     0.000000000000000
    -0.000000000000000    -1.172662274291085    -1.087048594074125
     0.000000000000000    -0.846774759324024    -0.042298523754874
6 19
     0.012478233435655     0.000000000000000    -0.000000000000000
     0.000000000000000     0.012478233435655     0.000000000000002
     0.000000000000000     0.000000000000002     0.075598657735365
6 20
     0.008690953212084     0.012919756375625    -0.040873582263009
     0.012919756375627    -0.006227496430580    -0.023598373722296
     0.019625259514075     0.011330648863365    -0.116526452228252
6 21
    -0.832707906883812    -0.588818236604212     0.941411697616395
    -0.588818236604218    -0.152799172069348     0.543524297037082
     0.733328452858102     0.423387379662031    -0.042298523754957
6 22
     0.014680259380991     0.000000000000000    -0.000000000000000
     0.000000000000000     0.014680259380991    -0.000000000000002
     0.000000000000000    -0.000000000000002    -0.041809503488522
6 23
    -0.013686721251912    -0.000000000000000     0.000000000000000
    -0.000000000000000     0.016150178033417     0.047196747444581
     0.000000000000000    -0.022661297726739    -0.116526452228253
6 24
    -0.832707906883812     0.588818236604212    -0.941411697616395
     0.588818236604218    -0.152799172069348     0.543524297037082
    -0.733328452858102     0.423387379662031    -0.042298523754957
6 25
    -0.832707906883812     0.588818236604212    -0.941411697616395
     0.588818236604218    -0.152799172069348     0.543524297037082
    -0.733328452858102     0.423387379662031    -0.042298523754957
6 26
    -0.013686721251912    -0.000000000000000     0.000000000000000
    -0.000000000000000     0.016150178033417     0.047196747444581
     0.000000000000000    -0.022661297726739    -0.116526452228253
6 27
     0.014680259380991     0.000000000000000    -0.000000000000000
     0.000000000000000     0.014680259380991    -0.000000000000002
     0.000000000000000    -0.000000000000002    -0.041809503488522
6 28
    -0.832707906883812    -0.588818236604212     0.941411697616395
    -0.588818236604218    -0.152799172069348     0.543524297037082
     0.733328452858102     0.423387379662031    -0.042298523754957
6 29
     0.008690953212084     0.012919756375625    -0.040873582263009
     0.012919756375627    -0.006227496430580    -0.023598373722296
     0.019625259514075     0.011330648863365    -0.116526452228252
6 30
     0.012478233435655     0.000000000000000    -0.000000000000000
     0.000000000000000     0.012478233435655     0.000000000000002
     0.000000000000000     0.000000000000002     0.075598657735365
6 31
     0.187155195337843    -0.000000000000000     0.000000000000000
    -0.000000000000000    -1.172662274291085    -1.087048594074125
     0.000000000000000    -0.846774759324024    -0.042298523754874
6 32
     0.008690953212084    -0.012919756375625     0.040873582263009
    -0.012919756375627    -0.006227496430580    -0.023598373722296
    -0.019625259514075     0.011330648863365    -0.116526452228252
6 33
    -0.028857844754645    -0.029747243131596     0.101718693418208
    -0.029747243131590    -0.063207002414007    -0.058727315026626
     0.309743476282570    -0.178830479411478    -0.295754498562515
6 34
     0.041241447062470     0.000000000000000     0.000000000000000
    -0.000000000000000    -0.008548315025336    -0.011272817785940
     0.000000000000000     0.002007012102282    -0.047853098796156
6 35
    -0.132160760951188    -0.000000000000000    -0.000000000000000
     0.000000000000000    -0.132160760951189    -0.000000000000009
     0.000000000000000    -0.000000000000009    -0.452179092600685
6 36
    -0.028857844754645     0.029747243131596    -0.101718693418208
     0.029747243131590    -0.063207002414008    -0.058727315026626
    -0.309743476282570    -0.178830479411478    -0.295754498562515
6 37
     0.003899125496616    -0.021559599408211     0.009762546574857
    -0.021559599408211     0.028794006540519     0.005636408892967
    -0.001738123466279    -0.001003506051144    -0.047853098796156
6 38
     0.031607642261104    -0.000000000000000    -0.000000000000000
     0.000000000000000     0.031607642261104    -0.000000000000003
     0.000000000000000    -0.000000000000003    -0.058402230170480
6 39
    -0.080381581243678     0.000000000000000     0.000000000000000
    -0.000000000000000    -0.011683265924954     0.117454630053230
    -0.000000000000000     0.357660958822935    -0.295754498562535
6 40
     0.003899125496616     0.021559599408211    -0.009762546574857
     0.021559599408211     0.028794006540519     0.005636408892967
     0.001738123466279    -0.001003506051144    -0.047853098796156
6 41
    -0.003144129784847    -0.027597790197382    -0.002374297993262
    -0.027597790197382    -0.035011312983842     0.001370801585540
    -0.009018882621452     0.005207054309279    -0.264436390861015
6 42
     0.036346039009822     0.000000000000000     0.000000000000000
     0.000000000000000    -0.049868223313633     0.130177495882885
     0.000000000000000    -0.072899232298073     0.350838230107292
6 43
    -0.007745909958941     0.000000000000000     0.000000000000000
    -0.000000000000000    -0.007745909958941     0.000000000000005
     0.000000000000000     0.000000000000005     0.170711515273309
6 44
    -0.003144129784847     0.027597790197382     0.002374297993262
     0.027597790197382    -0.035011312983842     0.001370801585540
     0.009018882621452     0.005207054309279    -0.264436390861015
6 45
    -0.028314657732770    -0.037331870670327    -0.112737018435612
    -0.037331870670322     0.014792473428957    -0.065088747941427
     0.063132587086525     0.036449616149052     0.350838230107295
6 46
    -2.160007008749870     0.000000000000000    -0.000000000000000
    -0.000000000000000    -2.160007008749870    -0.000000000000471
    -0.000000000000000    -0.000000000000471   -18.533514401625020
6 47
    -0.050944904583339     0.000000000000000    -0.000000000000000
     0.000000000000000     0.012789461814649    -0.002741603171101
     0.000000000000000    -0.010414108618579    -0.264436390861014
6 48
    -0.028314657732770     0.037331870670327     0.112737018435612
     0.037331870670322     0.014792473428957    -0.065088747941427
    -0.063132587086525     0.036449616149052     0.350838230107295
6 49
    -0.028314657732770     0.037331870670327     0.112737018435612
     0.037331870670322     0.014792473428957    -0.065088747941427
    -0.063132587086525     0.036449616149052     0.350838230107295
6 50
    -0.050944904583339     0.000000000000000    -0.000000000000000
     0.000000000000000     0.012789461814649    -0.002741603171101
     0.000000000000000    -0.010414108618579    -0.264436390861014
6 51
    -2.160007008749870     0.000000000000000    -0.000000000000000
    -0.000000000000000    -2.160007008749870    -0.000000000000471
    -0.000000000000000    -0.000000000000471   -18.533514401625020
6 52
    -0.028314657732770    -0.037331870670327    -0.112737018435612
    -0.037331870670322     0.014792473428957    -0.065088747941427
     0.063132587086525     0.036449616149052     0.350838230107295
6 53
    -0.003144129784847     0.027597790197382     0.002374297993262
     0.027597790197382    -0.035011312983842     0.001370801585540
     0.009018882621452     0.005207054309279    -0.264436390861015
6 54
    -0.007745909958941     0.000000000000000     0.000000000000000
    -0.000000000000000    -0.007745909958941     0.000000000000005
     0.000000000000000     0.000000000000005     0.170711515273309
6 55
     0.036346039009822     0.000000000000000     0.000000000000000
     0.000000000000000    -0.049868223313633     0.130177495882885
     0.000000000000000    -0.072899232298073     0.350838230107292
6 56
    -0.003144129784847    -0.027597790197382    -0.002374297993262
    -0.027597790197382    -0.035011312983842     0.001370801585540
    -0.009018882621452     0.005207054309279    -0.264436390861015
7 1
     0.012573842391420    -0.052330971645099    -0.016849708329805
    -0.052330971645099     0.073000443523923    -0.009728183639968
    -0.016849708329805    -0.009728183639968     0.524009693845483
7 2
    -0.011132641026666     0.000000000000000    -0.000000000000000
     0.000000000000000    -0.011132641026666    -0.000000000000004
    -0.000000000000000    -0.000000000000004    -0.142550695138295
7 3
     0.023616466639903    -0.000000000000000     0.000000000000000
     0.000000000000000    -0.022800878279774    -0.043897174143283
    -0.000000000000000    -0.043897174143283    -0.190429524567692
7 4
     0.012573842391419     0.052330971645099     0.016849708329805
     0.052330971645099     0.073000443523923    -0.009728183639968
     0.016849708329805    -0.009728183639968     0.524009693845483
7 5
    -0.011196542049853     0.020099299938330    -0.038016067962429
     0.020099299938330     0.012012130409985     0.021948587071633
    -0.038016067962429     0.021948587071633    -0.190429524567696
7 6
     0.103213744090176     0.000000000000000     0.000000000000000
     0.000000000000000    -0.017639458174832     0.019456367279977
    -0.000000000000000     0.019456367279977     0.524009693845481
7 7
     7.646121811905039    -0.000000000000000     0.000000000000000
    -0.000000000000000     7.646121811905041     0.000000000000912
     0.000000000000000     0.000000000000912    39.317184701630474
7 8
    -0.011196542049853    -0.020099299938330     0.038016067962429
    -0.020099299938330     0.012012130409985     0.021948587071633
     0.038016067962428     0.021948587071633    -0.190429524567696
7 9
     0.003899125496616    -0.021559599408211     0.009762546574857
    -0.021559599408211     0.028794006540519     0.005636408892967
    -0.001738123466279    -0.001003506051144    -0.047853098796156
7 10
     0.031607642261104     0.000000000000000    -0.000000000000000
    -0.000000000000000     0.031607642261104    -0.000000000000003
    -0.000000000000000    -0.000000000000003    -0.058402230170480
7 11
    -0.080381581243678    -0.000000000000000    -0.000000000000000
     0.000000000000000    -0.011683265924954     0.117454630053230
    -0.000000000000000     0.357660958822935    -0.295754498562535
7 12
     0.003899125496616     0.021559599408211    -0.009762546574857
     0.021559599408211     0.028794006540519     0.005636408892967
     0.001738123466279    -0.001003506051144    -0.047853098796156
7 13
    -0.028857844754645    -0.029747243131596     0.101718693418208
    -0.029747243131590    -0.063207002414008    -0.058727315026626
     0.309743476282570    -0.178830479411478    -0.295754498562515
7 14
     0.041241447062470    -0.000000000000000    -0.000000000000000
     0.000000000000000    -0.008548315025336    -0.011272817785940
    -0.000000000000000     0.002007012102282    -0.047853098796156
7 15
    -0.132160760951188     0.000000000000000    -0.000000000000000
    -0.000000000000000    -0.132160760951188    -0.000000000000009
    -0.000000000000000    -0.000000000000009    -0.452179092600686
7 16
    -0.028857844754645     0.029747243131596    -0.101718693418208
     0.029747243131590    -0.063207002414007    -0.058727315026626
    -0.309743476282570    -0.178830479411478    -0.295754498562515
7 17
     0.008690953212084     0.012919756375625    -0.040873582263009
     0.012919756375627    -0.006227496430580    -0.023598373722296
     0.019625259514075     0.011330648863365    -0.116526452228252
7 18
     0.012478233435655    -0.000000000000000     0.000000000000000
    -0.000000000000000     0.012478233435655     0.000000000000002
    -0.000000000000000     0.000000000000002     0.075598657735365
7 19
     0.187155195337843    -0.000000000000000    -0.000000000000000
    -0.000000000000000    -1.172662274291085    -1.087048594074125
    -0.000000000000000    -0.846774759324024    -0.042298523754874
7 20
     0.008690953212084    -0.012919756375625     0.040873582263009
    -0.012919756375627    -0.006227496430580    -0.023598373722296
    -0.019625259514075     0.011330648863365    -0.116526452228252
7 21
    -0.832707906883812     0.588818236604212    -0.941411697616395
     0.588818236604218    -0.152799172069348     0.543524297037082
    -0.733328452858102     0.423387379662031    -0.042298523754957
7 22
    -0.013686721251912     0.000000000000000    -0.000000000000000
     0.000000000000000     0.016150178033417     0.047196747444581
    -0.000000000000000    -0.022661297726739    -0.116526452228253
7 23
     0.014680259380992    -0.000000000000000     0.000000000000000
    -0.000000000000000     0.014680259380991    -0.000000000000002
    -0.000000000000000    -0.000000000000002    -0.041809503488522
7 24
    -0.832707906883811    -0.588818236604212     0.941411697616395
    -0.588818236604218    -0.152799172069348     0.543524297037082
     0.733328452858102     0.423387379662031    -0.042298523754957
7 25
    -0.832707906883811    -0.588818236604212     0.941411697616395
    -0.588818236604218    -0.152799172069348     0.543524297037082
     0.733328452858102     0.423387379662031    -0.042298523754957
7 26
     0.014680259380992    -0.000000000000000     0.000000000000000
    -0.000000000000000     0.014680259380991    -0.000000000000002
    -0.000000000000000    -0.000000000000002    -0.041809503488522
7 27
    -0.013686721251912     0.000000000000000    -0.000000000000000
     0.000000000000000     0.016150178033417     0.047196747444581
    -0.000000000000000    -0.022661297726739    -0.116526452228253
7 28
    -0.832707906883812     0.588818236604212    -0.941411697616395
     0.588818236604218    -0.152799172069348     0.543524297037082
    -0.733328452858102     0.423387379662031    -0.042298523754957
7 29
     0.008690953212084    -0.012919756375625     0.040873582263009
    -0.012919756375627    -0.006227496430580    -0.023598373722296
    -0.019625259514075     0.011330648863365    -0.116526452228252
7 30
     0.187155195337843    -0.000000000000000    -0.000000000000000
    -0.000000000000000    -1.172662274291085    -1.087048594074125
    -0.000000000000000    -0.846774759324024    -0.042298523754874
7 31
     0.012478233435655    -0.000000000000000     0.000000000000000
    -0.000000000000000     0.012478233435655     0.000000000000002
    -0.000000000000000     0.000000000000002     0.075598657735365
7 32
     0.008690953212084     0.012919756375625    -0.040873582263009
     0.012919756375627    -0.006227496430580    -0.023598373722295
     0.019625259514075     0.011330648863365    -0.116526452228252
7 33
    -0.028857844754645     0.029747243131596    -0.101718693418208
     0.029747243131590    -0.063207002414007    -0.058727315026626
    -0.309743476282570    -0.178830479411478    -0.295754498562515
7 34
    -0.132160760951188     0.000000000000000    -0.000000000000000
    -0.000000000000000    -0.132160760951188    -0.000000000000009
    -0.000000000000000    -0.000000000000009    -0.452179092600686
7 35
     0.041241447062470    -0.000000000000000    -0.000000000000000
     0.000000000000000    -0.008548315025336    -0.011272817785940
    -0.000000000000000     0.002007012102282    -0.047853098796156
7 36
    -0.028857844754645    -0.029747243131596     0.101718693418208
    -0.029747243131590    -0.063207002414008    -0.058727315026626
     0.309743476282570    -0.178830479411478    -0.295754498562515
7 37
     0.003899125496616     0.021559599408211    -0.009762546574857
     0.021559599408211     0.028794006540519     0.005636408892967
     0.001738123466279    -0.001003506051144    -0.047853098796156
7 38
    -0.080381581243678    -0.000000000000000    -0.000000000000000
     0.000000000000000    -0.011683265924954     0.117454630053230
    -0.000000000000000     0.357660958822935    -0.295754498562535
7 39
     0.031607642261104     0.000000000000000    -0.000000000000000
    -0.000000000000000     0.031607642261104    -0.000000000000003
    -0.000000000000000    -0.000000000000003    -0.058402230170480
7 40
     0.003899125496616    -0.021559599408211     0.009762546574857
    -0.021559599408211     0.028794006540519     0.005636408892967
    -0.001738123466279    -0.001003506051144    -0.047853098796156
7 41
    -0.003144129784847     0.027597790197382     0.002374297993262
     0.027597790197382    -0.035011312983842     0.001370801585540
     0.009018882621452     0.005207054309279    -0.264436390861015
7 42
    -0.007745909958941    -0.000000000000000    -0.000000000000000
     0.000000000000000    -0.007745909958941     0.000000000000005
    -0.000000000000000     0.000000000000005     0.170711515273309
7 43
     0.036346039009822    -0.000000000000000     0.000000000000000
     0.000000000000000    -0.049868223313633     0.130177495882885
    -0.000000000000000    -0.072899232298073     0.350838230107292
7 44
    -0.003144129784847    -0.027597790197382    -0.002374297993262
    -0.027597790197382    -0.035011312983842     0.001370801585540
    -0.009018882621452     0.005207054309279    -0.264436390861015
7 45
    -0.028314657732770     0.037331870670327     0.112737018435612
     0.037331870670322     0.014792473428957    -0.065088747941427
    -0.063132587086525     0.036449616149052     0.350838230107295
7 46
    -0.050944904583339    -0.000000000000000    -0.000000000000000
    -0.000000000000000     0.012789461814649    -0.002741603171101
    -0.000000000000000    -0.010414108618579    -0.264436390861015
7 47
    -2.160007008749870     0.000000000000000    -0.000000000000000
     0.000000000000000    -2.160007008749870    -0.000000000000471
    -0.000000000000000    -0.000000000000471   -18.533514401625020
7 48
    -0.028314657732770    -0.037331870670327    -0.112737018435612
    -0.037331870670322     0.014792473428957    -0.065088747941427
     0.063132587086525     0.036449616149052     0.350838230107295
7 49
    -0.028314657732770    -0.037331870670327    -0.112737018435612
    -0.037331870670322     0.014792473428957    -0.065088747941427
     0.063132587086525     0.036449616149052     0.350838230107295
7 50
    -2.160007008749870    -0.000000000000000    -0.000000000000000
     0.000000000000000    -2.160007008749870    -0.000000000000471
    -0.000000000000000    -0.000000000000471   -18.533514401625020
7 51
    -0.050944904583339    -0.000000000000000    -0.000000000000000
    -0.000000000000000     0.012789461814649    -0.002741603171101
    -0.000000000000000    -0.010414108618579    -0.264436390861015
7 52
    -0.028314657732770     0.037331870670327     0.112737018435612
     0.037331870670322     0.014792473428957    -0.065088747941427
    -0.063132587086525     0.036449616149052     0.350838230107295
7 53
    -0.003144129784847    -0.027597790197382    -0.002374297993262
    -0.027597790197382    -0.035011312983842     0.001370801585540
    -0.009018882621452     0.005207054309279    -0.264436390861015
7 54
     0.036346039009822    -0.000000000000000     0.000000000000000
     0.000000000000000    -0.049868223313633     0.130177495882885
    -0.000000000000000    -0.072899232298073     0.350838230107292
7 55
    -0.007745909958941     0.000000000000000    -0.000000000000000
     0.000000000000000    -0.007745909958941     0.000000000000005
    -0.000000000000000     0.000000000000005     0.170711515273309
7 56
    -0.003144129784847     0.027597790197382     0.002374297993262
     0.027597790197382    -0.035011312983842     0.001370801585540
     0.009018882621452     0.005207054309279    -0.264436390861015
8 1
    -0.011132641026666     0.000000000000000     0.000000000000000
     0.000000000000000    -0.011132641026666    -0.000000000000004
     0.000000000000000    -0.000000000000004    -0.142550695138295
8 2
     0.012573842391420    -0.052330971645099    -0.016849708329805
    -0.052330971645099     0.073000443523923    -0.009728183639968
    -0.016849708329805    -0.009728183639968     0.524009693845483
8 3
     0.012573842391420     0.052330971645099     0.016849708329805
     0.052330971645099     0.073000443523923    -0.009728183639968
     0.016849708329805    -0.009728183639968     0.524009693845483
8 4
     0.023616466639903     0.000000000000000    -0.000000000000000
    -0.000000000000000    -0.022800878279774    -0.043897174143283
     0.000000000000000    -0.043897174143283    -0.190429524567692
8 5
     0.103213744090176     0.000000000000000     0.000000000000000
    -0.000000000000000    -0.017639458174832     0.019456367279977
     0.000000000000000     0.019456367279977     0.524009693845481
8 6
    -0.011196542049853     0.020099299938330    -0.038016067962428
     0.020099299938330     0.012012130409985     0.021948587071633
    -0.038016067962429     0.021948587071633    -0.190429524567696
8 7
    -0.011196542049853    -0.020099299938330     0.038016067962428
    -0.020099299938330     0.012012130409985     0.021948587071633
     0.038016067962429     0.021948587071633    -0.190429524567696
8 8
     7.646121811905035     0.000000000000000     0.000000000000001
     0.000000000000000     7.646121811905034     0.000000000000912
     0.000000000000001     0.000000000000912    39.317184701630481
8 9
     0.031607642261104     0.000000000000000     0.000000000000000
    -0.000000000000000     0.031607642261104    -0.000000000000003
     0.000000000000000    -0.000000000000003    -0.058402230170480
8 10
     0.003899125496616    -0.021559599408211     0.009762546574857
    -0.021559599408211     0.028794006540519     0.005636408892967
    -0.001738123466279    -0.001003506051144    -0.047853098796156
8 11
     0.003899125496616     0.021559599408211    -0.009762546574857
     0.021559599408211     0.028794006540519     0.005636408892967
     0.001738123466279    -0.001003506051144    -0.047853098796156
8 12
    -0.080381581243678     0.000000000000000    -0.000000000000000
     0.000000000000000    -0.011683265924953     0.117454630053230
     0.000000000000000     0.357660958822935    -0.295754498562535
8 13
     0.041241447062470     0.000000000000000    -0.000000000000000
     0.000000000000000    -0.008548315025335    -0.011272817785940
     0.000000000000000     0.002007012102282    -0.047853098796156
8 14
    -0.028857844754645    -0.029747243131596     0.101718693418208
    -0.029747243131590    -0.063207002414007    -0.058727315026626
     0.309743476282570    -0.178830479411478    -0.295754498562514
8 15
    -0.028857844754645     0.029747243131596    -0.101718693418208
     0.029747243131590    -0.063207002414007    -0.058727315026626
    -0.309743476282570    -0.178830479411478    -0.295754498562514
8 16
    -0.132160760951188     0.000000000000000     0.000000000000000
    -0.000000000000000    -0.132160760951188    -0.000000000000009
     0.000000000000000    -0.000000000000009    -0.452179092600685
8 17
     0.012478233435655     0.000000000000000     0.000000000000000
     0.000000000000000     0.012478233435655     0.000000000000002
     0.000000000000000     0.000000000000002     0.075598657735365
8 18
     0.008690953212084     0.012919756375625    -0.040873582263009
     0.012919756375627    -0.006227496430580    -0.023598373722295
     0.019625259514075     0.011330648863365    -0.116526452228252
8 19
     0.008690953212084    -0.012919756375625     0.040873582263009
    -0.012919756375627    -0.006227496430580    -0.023598373722295
    -0.019625259514075     0.011330648863365    -0.116526452228252
8 20
     0.187155195337843    -0.000000000000000    -0.000000000000000
    -0.000000000000000    -1.172662274291084    -1.087048594074124
    -0.000000000000000    -0.846774759324023    -0.042298523754874
8 21
    -0.013686721251912     0.000000000000000    -0.000000000000000
     0.000000000000000     0.016150178033417     0.047196747444581
     0.000000000000000    -0.022661297726739    -0.116526452228253
8 22
    -0.832707906883812     0.588818236604212    -0.941411697616395
     0.588818236604218    -0.152799172069348     0.543524297037082
    -0.733328452858103     0.423387379662031    -0.042298523754957
8 23
    -0.832707906883811    -0.588818236604212     0.941411697616395
    -0.588818236604218    -0.152799172069348     0.543524297037082
     0.733328452858102     0.423387379662031    -0.042298523754957
8 24
     0.014680259380992     0.000000000000000     0.000000000000000
     0.000000000000000     0.014680259380992    -0.000000000000002
     0.000000000000000    -0.000000000000002    -0.041809503488522
8 25
     0.014680259380992     0.000000000000000     0.000000000000000
     0.000000000000000     0.014680259380992    -0.000000000000002
     0.000000000000000    -0.000000000000002    -0.041809503488522
8 26
    -0.832707906883811    -0.588818236604212     0.941411697616395
    -0.588818236604218    -0.152799172069348     0.543524297037082
     0.733328452858102     0.423387379662031    -0.042298523754957
8 27
    -0.832707906883812     0.588818236604212    -0.941411697616395
     0.588818236604218    -0.152799172069348     0.543524297037082
    -0.733328452858103     0.423387379662031    -0.042298523754957
8 28
    -0.013686721251912     0.000000000000000    -0.000000000000000
     0.000000000000000     0.016150178033417     0.047196747444581
     0.000000000000000    -0.022661297726739    -0.116526452228253
8 29
     0.187155195337843    -0.000000000000000    -0.000000000000000
    -0.000000000000000    -1.172662274291084    -1.087048594074124
    -0.000000000000000    -0.846774759324023    -0.042298523754874
8 30
     0.008690953212084    -0.012919756375625     0.040873582263009
    -0.012919756375627    -0.006227496430580    -0.023598373722295
    -0.019625259514075     0.011330648863365    -0.116526452228252
8 31
     0.008690953212084     0.012919756375625    -0.040873582263009
     0.012919756375627    -0.006227496430580    -0.023598373722295
     0.019625259514075     0.011330648863365    -0.116526452228252
8 32
     0.012478233435655     0.000000000000000     0.000000000000000
     0.000000000000000     0.012478233435655     0.000000000000002
     0.000000000000000     0.000000000000002     0.075598657735365
8 33
    -0.132160760951188     0.000000000000000     0.000000000000000
    -0.000000000000000    -0.132160760951188    -0.000000000000009
     0.000000000000000    -0.000000000000009    -0.452179092600686
8 34
    -0.028857844754645     0.029747243131596    -0.101718693418208
     0.029747243131590    -0.063207002414007    -0.058727315026626
    -0.309743476282570    -0.178830479411478    -0.295754498562514
8 35
    -0.028857844754645    -0.029747243131596     0.101718693418208
    -0.029747243131590    -0.063207002414007    -0.058727315026626
     0.309743476282570    -0.178830479411478    -0.295754498562514
8 36
     0.041241447062470     0.000000000000000    -0.000000000000000
     0.000000000000000    -0.008548315025335    -0.011272817785940
     0.000000000000000     0.002007012102282    -0.047853098796156
8 37
    -0.080381581243678     0.000000000000000    -0.000000000000000
     0.000000000000000    -0.011683265924953     0.117454630053230
     0.000000000000000     0.357660958822935    -0.295754498562535
8 38
     0.003899125496616     0.021559599408211    -0.009762546574857
     0.021559599408211     0.028794006540519     0.005636408892967
     0.001738123466279    -0.001003506051144    -0.047853098796156
8 39
     0.003899125496616    -0.021559599408211     0.009762546574857
    -0.021559599408211     0.028794006540519     0.005636408892967
    -0.001738123466279    -0.001003506051144    -0.047853098796156
8 40
     0.031607642261104     0.000000000000000     0.000000000000000
    -0.000000000000000     0.031607642261104    -0.000000000000003
     0.000000000000000    -0.000000000000003    -0.058402230170480
8 41
    -0.007745909958940     0.000000000000000     0.000000000000000
     0.000000000000000    -0.007745909958940     0.000000000000005
     0.000000000000000     0.000000000000005     0.170711515273309
8 42
    -0.003144129784847     0.027597790197382     0.002374297993262
     0.027597790197382    -0.035011312983842     0.001370801585540
     0.009018882621452     0.005207054309279    -0.264436390861015
8 43
    -0.003144129784847    -0.027597790197382    -0.002374297993262
    -0.027597790197382    -0.035011312983842     0.001370801585540
    -0.009018882621452     0.005207054309279    -0.264436390861015
8 44
     0.036346039009822     0.000000000000000     0.000000000000000
     0.000000000000000    -0.049868223313632     0.130177495882885
     0.000000000000000    -0.072899232298073     0.350838230107292
8 45
    -0.050944904583339     0.000000000000000     0.000000000000000
     0.000000000000000     0.012789461814650    -0.002741603171101
     0.000000000000000    -0.010414108618579    -0.264436390861015
8 46
    -0.028314657732770     0.037331870670327     0.112737018435612
     0.037331870670322     0.014792473428957    -0.065088747941427
    -0.063132587086525     0.036449616149052     0.350838230107295
8 47
    -0.028314657732770    -0.037331870670327    -0.112737018435612
    -0.037331870670322     0.014792473428957    -0.065088747941427
     0.063132587086525     0.036449616149052     0.350838230107295
8 48
    -2.160007008749871     0.000000000000000    -0.000000000000000
     0.000000000000000    -2.160007008749871    -0.000000000000471
    -0.000000000000000    -0.000000000000471   -18.533514401625020
8 49
    -2.160007008749871     0.000000000000000    -0.000000000000000
     0.000000000000000    -2.160007008749871    -0.000000000000471
    -0.000000000000000    -0.000000000000471   -18.533514401625020
8 50
    -0.028314657732770    -0.037331870670327    -0.112737018435612
    -0.037331870670322     0.014792473428957    -0.065088747941427
     0.063132587086525     0.036449616149052     0.350838230107295
8 51
    -0.028314657732770     0.037331870670327     0.112737018435612
     0.037331870670322     0.014792473428957    -0.065088747941427
    -0.063132587086525     0.036449616149052     0.350838230107295
8 52
    -0.050944904583339     0.000000000000000     0.000000000000000
     0.000000000000000     0.012789461814650    -0.002741603171101
     0.000000000000000    -0.010414108618579    -0.264436390861015
8 53
     0.036346039009822     0.000000000000000     0.000000000000000
     0.000000000000000    -0.049868223313632     0.130177495882885
     0.000000000000000    -0.072899232298073     0.350838230107292
8 54
    -0.003144129784847    -0.027597790197382    -0.002374297993262
    -0.027597790197382    -0.035011312983842     0.001370801585540
    -0.009018882621452     0.005207054309279    -0.264436390861015
8 55
    -0.003144129784847     0.027597790197382     0.002374297993262
     0.027597790197382    -0.035011312983842     0.001370801585540
     0.009018882621452     0.005207054309279    -0.264436390861015
8 56
    -0.007745909958940     0.000000000000000     0.000000000000000
     0.000000000000000    -0.007745909958940     0.000000000000005
     0.000000000000000     0.000000000000005     0.170711515273309
9 1
    -0.132160760951188    -0.000000000000000     0.000000000000000
     0.000000000000000    -0.132160760951188    -0.000000000000009
     0.000000000000000    -0.000000000000009    -0.452179092600685
9 2
    -0.028857844754645     0.029747243131590    -0.309743476282570
     0.029747243131596    -0.063207002414008    -0.178830479411478
    -0.101718693418208    -0.058727315026626    -0.295754498562515
9 3
    -0.028857844754645    -0.029747243131590     0.309743476282570
    -0.029747243131596    -0.063207002414007    -0.178830479411478
     0.101718693418208    -0.058727315026626    -0.295754498562515
9 4
     0.041241447062470    -0.000000000000000    -0.000000000000000
    -0.000000000000000    -0.008548315025335     0.002007012102282
     0.000000000000000    -0.011272817785940    -0.047853098796156
9 5
    -0.080381581243678    -0.000000000000000    -0.000000000000000
    -0.000000000000000    -0.011683265924953     0.357660958822935
     0.000000000000000     0.117454630053230    -0.295754498562535
9 6
     0.003899125496616     0.021559599408211     0.001738123466279
     0.021559599408211     0.028794006540519    -0.001003506051144
    -0.009762546574857     0.005636408892967    -0.047853098796156
9 7
     0.003899125496616    -0.021559599408211    -0.001738123466279
    -0.021559599408211     0.028794006540519    -0.001003506051144
     0.009762546574857     0.005636408892967    -0.047853098796156
9 8
     0.031607642261104    -0.000000000000000     0.000000000000000
     0.000000000000000     0.031607642261104    -0.000000000000003
     0.000000000000000    -0.000000000000003    -0.058402230170480
9 9
     4.438856872984810    -0.000000000000000     0.000000000000000
    -0.000000000000000     4.438856872984811     0.000000000000007
     0.000000000000000     0.000000000000007     4.684282387576076
9 10
    -0.000387066490546    -0.004602394524334    -0.033949656333088
    -0.004602394524334     0.004927320944534    -0.019600843222806
    -0.033949656333088    -0.019600843222806    -0.085827595009852
9 11
    -0.000387066490546     0.004602394524334     0.033949656333088
     0.004602394524334     0.004927320944534    -0.019600843222806
     0.033949656333088    -0.019600843222806    -0.085827595009852
9 12
    -0.285029570643198    -0.000000000000000     0.000000000000000
    -0.000000000000000     0.076328425573966     0.075134800547412
     0.000000000000000     0.075134800547412     0.129052850721750
9 13
     0.007584514662076    -0.000000000000000    -0.000000000000000
     0.000000000000000    -0.003044260208084     0.039201686445605
     0.000000000000000     0.039201686445605    -0.085827595009855
9 14
    -0.014011073480328    -0.156472602292349     0.065068645982338
    -0.156472602292349    -0.194690071588910    -0.037567400273696
     0.065068645982339    -0.037567400273696     0.129052850721757
9 15
    -0.014011073480328     0.156472602292349    -0.065068645982338
     0.156472602292349    -0.194690071588910    -0.037567400273696
    -0.065068645982339    -0.037567400273696     0.129052850721757
9 16
    -0.007322525774515    -0.000000000000000     0.000000000000000
    -0.000000000000000    -0.007322525774515    -0.000000000000001
     0.000000000000000    -0.000000000000001    -0.059080320311751
9 17
     0.108667086844258    -0.000000000000000    -0.000000000000000
     0.000000000000000     0.108667086844258    -0.000000000000007
     0.000000000000000    -0.000000000000007    -0.147420027068568
9 18
    -0.064916040082611    -0.062483925041368    -0.203793684845771
    -0.062483925041368     0.007234181802691    -0.117660338804855
    -0.208093144087702    -0.120142632755554    -0.078577253873699
9 19
    -0.064916040082611     0.062483925041368     0.203793684845770
     0.062483925041368     0.007234181802691    -0.117660338804855
     0.208093144087702    -0.120142632755554    -0.078577253873699
9 20
    -0.100267535336618    -0.000000000000000     0.000000000000000
     0.000000000000000     0.048218931564133    -0.073613724215454
     0.000000000000000     0.013175906942984    -0.051567627727228
9 21
     0.043309292745353     0.000000000000000    -0.000000000000000
     0.000000000000000    -0.100991151025252     0.235320677609705
     0.000000000000000     0.240285265511104    -0.078577253873720
9 22
     0.011097314838946    -0.064296526227127    -0.063751355237761
    -0.064296526227125    -0.063145918611429     0.036806862107726
     0.011410670130528    -0.006587953471493    -0.051567627727231
9 23
     0.011097314838946     0.064296526227127     0.063751355237761
     0.064296526227125    -0.063145918611429     0.036806862107726
    -0.011410670130528    -0.006587953471493    -0.051567627727231
9 24
    -0.023408658810161    -0.000000000000000     0.000000000000000
     0.000000000000000    -0.023408658810161     0.000000000000003
     0.000000000000000     0.000000000000003     0.068829994162008
9 25
     0.015781331926974    -0.000000000000000     0.000000000000000
     0.000000000000000     0.015781331926974    -0.000000000000001
     0.000000000000000    -0.000000000000001    -0.023257754864802
9 26
    -1.013712071140188    -0.853909411090991     0.764910936887244
    -0.853909411090991    -0.027702414426262     0.441621535317927
     0.732426260207411     0.422866498492287     0.010807026785482
9 27
    -1.013712071140188     0.853909411090991    -0.764910936887244
     0.853909411090991    -0.027702414426262     0.441621535317927
    -0.732426260207411     0.422866498492287     0.010807026785482
9 28
    -0.018422267323418    -0.000000000000000    -0.000000000000000
     0.000000000000000     0.015582114749150     0.014502455949454
     0.000000000000000    -0.072751905996607    -0.074845541371797
9 29
     0.465302413930664    -0.000000000000000    -0.000000000000000
    -0.000000000000000    -1.506716899497190    -0.883243070635808
    -0.000000000000000    -0.845732996984528     0.010807026785556
9 30
     0.007081019231009    -0.014724329357419     0.012559495269494
    -0.014724329357421    -0.009921171805275    -0.007251227974730
    -0.063004998766796     0.036375952998300    -0.074845541371799
9 31
     0.007081019231009     0.014724329357419    -0.012559495269494
     0.014724329357421    -0.009921171805275    -0.007251227974730
     0.063004998766796     0.036375952998300    -0.074845541371799
9 32
    -0.209719806834408    -0.000000000000000     0.000000000000000
     0.000000000000000    -0.209719806834408     0.000000000000004
     0.000000000000000     0.000000000000005    -0.054549473736975
9 33
     0.001856838094709    -0.000000000000000     0.000000000000000
    -0.000000000000000     0.001856838094709     0.000000000000003
     0.000000000000000     0.000000000000003     0.090822321200006
9 34
    -0.002005125474112    -0.036890123952113     0.006658045678243
    -0.036890123952113     0.040591920514271     0.003844024464607
     0.006658045678243     0.003844024464607    -0.067921820895210
9 35
    -0.002005125474112     0.036890123952113    -0.006658045678243
     0.036890123952113     0.040591920514271     0.003844024464607
    -0.006658045678243     0.003844024464607    -0.067921820895210
9 36
     0.218693024885946    -0.000000000000000    -0.000000000000000
    -0.000000000000000    -0.838078317563072    -0.740398875879712
     0.000000000000000    -0.740398875879712    -0.041710582534713
9 37
     0.061890443508463    -0.000000000000000    -0.000000000000000
    -0.000000000000000    -0.023303648468304    -0.007688048929221
     0.000000000000000    -0.007688048929221    -0.067921820895209
9 38
    -0.573885481950787     0.457595414276081    -0.641204235445304
     0.457595414276080    -0.045499810726277     0.370199437939867
    -0.641204235445305     0.370199437939867    -0.041710582534777
9 39
    -0.573885481950786    -0.457595414276081     0.641204235445304
    -0.457595414276080    -0.045499810726277     0.370199437939867
     0.641204235445305     0.370199437939867    -0.041710582534777
9 40
    -0.063866299177181    -0.000000000000000     0.000000000000000
    -0.000000000000000    -0.063866299177181    -0.000000000000002
     0.000000000000000    -0.000000000000002    -0.116915400488303
9 41
    -0.765967061722900    -0.000000000000000    -0.000000000000000
     0.000000000000000    -0.765967061722900    -0.000000000000021
    -0.000000000000000    -0.000000000000021    -1.481437421247013
9 42
    -0.014563480036406    -0.026375705794534     0.290017945295718
    -0.026375705794541     0.015892561644689     0.167441938786310
     0.028236278999620     0.016302223281349     0.199781759563911
9 43
    -0.014563480036406     0.026375705794534    -0.290017945295718
     0.026375705794541     0.015892561644689     0.167441938786310
    -0.028236278999620     0.016302223281349     0.199781759563911
9 44
     0.115858593936735    -0.000000000000000     0.000000000000000
    -0.000000000000000    -0.031686131902881    -0.058457831065480
     0.000000000000000    -0.023725875186687    -0.138101228614183
9 45
     0.031120582485229    -0.000000000000000     0.000000000000000
    -0.000000000000000    -0.029791500876962    -0.334883877572603
     0.000000000000000    -0.032604446562680     0.199781759563927
9 46
     0.005200049557025     0.063888740385756    -0.050625966752844
     0.063888740385757     0.078972412476833     0.029228915532732
    -0.020547210638689     0.011862937593336    -0.138101228614187
9 47
     0.005200049557025    -0.063888740385756     0.050625966752844
    -0.063888740385757     0.078972412476832     0.029228915532732
     0.020547210638689     0.011862937593336    -0.138101228614187
9 48
    -0.013708335936631    -0.000000000000000     0.000000000000000
     0.000000000000000    -0.013708335936631     0.000000000000003
     0.000000000000000     0.000000000000003     0.105642923361415
9 49
     0.036564735393630    -0.000000000000000     0.000000000000000
     0.000000000000000     0.036564735393630    -0.000000000000003
     0.000000000000000    -0.000000000000003    -0.078597919062403
9 50
    -0.000674012098182     0.023543262347666    -0.009517184436482
     0.023543262347666    -0.027859429806237    -0.005494748996326
    -0.007677137175107    -0.004432397214649     0.104811686305280
9 51
    -0.000674012098182    -0.023543262347666     0.009517184436482
    -0.023543262347666    -0.027859429806237    -0.005494748996326
     0.007677137175107    -0.004432397214649     0.104811686305279
9 52
    -0.584668632036659    -0.000000000000000     0.000000000000000
    -0.000000000000000     0.186141172302847    -0.385941025050459
     0.000000000000000    -0.183151567090097    -0.557388869631598
9 53
    -0.041452138660264    -0.000000000000000     0.000000000000000
     0.000000000000000     0.012918696755846     0.010989497992662
     0.000000000000000     0.008864794429309     0.104811686305279
9 54
    -0.006561278782017    -0.333770436022079    -0.334234732056276
    -0.333770436022074    -0.391966180951770     0.192970512525214
    -0.158613909842926     0.091575783545033    -0.557388869631624
9 55
    -0.006561278782017     0.333770436022079     0.334234732056276
     0.333770436022074    -0.391966180951770     0.192970512525214
     0.158613909842926     0.091575783545033    -0.557388869631624
9 56
     0.092632284060848    -0.000000000000000     0.000000000000000
     0.000000000000000     0.092632284060848     0.000000000000012
     0.000000000000000     0.000000000000012     0.507546394173202
10 1
    -0.028857844754645     0.029747243131590    -0.309743476282570
     0.029747243131596    -0.063207002414007    -0.178830479411478
    -0.101718693418208    -0.058727315026626    -0.295754498562514
10 2
    -0.132160760951188    -0.000000000000000    -0.000000000000000
     0.000000000000000    -0.132160760951188    -0.000000000000009
    -0.000000000000000    -0.000000000000009    -0.452179092600685
10 3
     0.041241447062470    -0.000000000000000     0.000000000000000
     0.000000000000000    -0.008548315025336     0.002007012102282
     0.000000000000000    -0.011272817785940    -0.047853098796156
10 4
    -0.028857844754645    -0.029747243131590     0.309743476282570
    -0.029747243131596    -0.063207002414008    -0.178830479411478
     0.101718693418208    -0.058727315026626    -0.295754498562515
10 5
     0.003899125496616     0.021559599408211     0.001738123466279
     0.021559599408211     0.028794006540519    -0.001003506051144
    -0.009762546574857     0.005636408892967    -0.047853098796156
10 6
    -0.080381581243678    -0.000000000000000    -0.000000000000000
     0.000000000000000    -0.011683265924954     0.357660958822935
     0.000000000000000     0.117454630053230    -0.295754498562535
10 7
     0.031607642261104    -0.000000000000000    -0.000000000000000
     0.000000000000000     0.031607642261104    -0.000000000000003
    -0.000000000000000    -0.000000000000003    -0.058402230170480
10 8
     0.003899125496616    -0.021559599408211    -0.001738123466279
    -0.021559599408211     0.028794006540519    -0.001003506051144
     0.009762546574857     0.005636408892967    -0.047853098796156
10 9
    -0.000387066490546    -0.004602394524334    -0.033949656333088
    -0.004602394524334     0.004927320944534    -0.019600843222806
    -0.033949656333088    -0.019600843222806    -0.085827595009852
10 10
     4.438856872984812     0.000000000000000     0.000000000000000
     0.000000000000000     4.438856872984814     0.000000000000007
     0.000000000000000     0.000000000000007     4.684282387576077
10 11
    -0.285029570643198    -0.000000000000000    -0.000000000000000
     0.000000000000000     0.076328425573966     0.075134800547412
     0.000000000000000     0.075134800547412     0.129052850721750
10 12
    -0.000387066490546     0.004602394524334     0.033949656333088
     0.004602394524334     0.004927320944534    -0.019600843222806
     0.033949656333088    -0.019600843222806    -0.085827595009852
10 13
    -0.014011073480328    -0.156472602292349     0.065068645982338
    -0.156472602292349    -0.194690071588910    -0.037567400273696
     0.065068645982338    -0.037567400273696     0.129052850721757
10 14
     0.007584514662076    -0.000000000000000    -0.000000000000000
     0.000000000000000    -0.003044260208084     0.039201686445605
     0.000000000000000     0.039201686445605    -0.085827595009855
10 15
    -0.007322525774515     0.000000000000000    -0.000000000000000
     0.000000000000000    -0.007322525774515    -0.000000000000001
    -0.000000000000000    -0.000000000000001    -0.059080320311751
10 16
    -0.014011073480328     0.156472602292349    -0.065068645982339
     0.156472602292349    -0.194690071588910    -0.037567400273696
    -0.065068645982338    -0.037567400273696     0.129052850721757
10 17
    -0.064916040082611    -0.062483925041368    -0.203793684845771
    -0.062483925041368     0.007234181802691    -0.117660338804855
    -0.208093144087702    -0.120142632755554    -0.078577253873699
10 18
     0.108667086844258    -0.000000000000000    -0.000000000000000
     0.000000000000000     0.108667086844258    -0.000000000000007
     0.000000000000000    -0.000000000000007    -0.147420027068568
10 19
    -0.100267535336618    -0.000000000000000    -0.000000000000000
     0.000000000000000     0.048218931564133    -0.073613724215454
     0.000000000000000     0.013175906942984    -0.051567627727228
10 20
    -0.064916040082611     0.062483925041368     0.203793684845771
     0.062483925041368     0.007234181802691    -0.117660338804855
     0.208093144087702    -0.120142632755554    -0.078577253873699
10 21
     0.011097314838946    -0.064296526227127    -0.063751355237761
    -0.064296526227124    -0.063145918611429     0.036806862107726
     0.011410670130528    -0.006587953471493    -0.051567627727231
10 22
     0.043309292745353     0.000000000000000    -0.000000000000000
     0.000000000000000    -0.100991151025253     0.235320677609705
    -0.000000000000000     0.240285265511103    -0.078577253873720
10 23
    -0.023408658810161    -0.000000000000000     0.000000000000000
     0.000000000000000    -0.023408658810161     0.000000000000003
     0.000000000000000     0.000000000000003     0.068829994162008
10 24
     0.011097314838947     0.064296526227126     0.063751355237761
     0.064296526227124    -0.063145918611429     0.036806862107726
    -0.011410670130528    -0.006587953471493    -0.051567627727231
10 25
    -1.013712071140190    -0.853909411090991     0.764910936887245
    -0.853909411090992    -0.027702414426262     0.441621535317927
     0.732426260207412     0.422866498492287     0.010807026785482
10 26
     0.015781331926974    -0.000000000000000     0.000000000000000
     0.000000000000000     0.015781331926974    -0.000000000000001
     0.000000000000000    -0.000000000000001    -0.023257754864802
10 27
    -0.018422267323418    -0.000000000000000    -0.000000000000000
     0.000000000000000     0.015582114749150     0.014502455949454
     0.000000000000000    -0.072751905996607    -0.074845541371797
10 28
    -1.013712071140189     0.853909411090991    -0.764910936887245
     0.853909411090991    -0.027702414426262     0.441621535317926
    -0.732426260207411     0.422866498492287     0.010807026785482
10 29
     0.007081019231009    -0.014724329357419     0.012559495269494
    -0.014724329357421    -0.009921171805275    -0.007251227974730
    -0.063004998766796     0.036375952998300    -0.074845541371799
10 30
     0.465302413930664    -0.000000000000000    -0.000000000000000
     0.000000000000000    -1.506716899497190    -0.883243070635807
    -0.000000000000000    -0.845732996984528     0.010807026785556
10 31
    -0.209719806834408    -0.000000000000000     0.000000000000000
     0.000000000000000    -0.209719806834408     0.000000000000004
     0.000000000000000     0.000000000000005    -0.054549473736975
10 32
     0.007081019231009     0.014724329357419    -0.012559495269495
     0.014724329357421    -0.009921171805275    -0.007251227974730
     0.063004998766796     0.036375952998300    -0.074845541371799
10 33
    -0.002005125474112    -0.036890123952113     0.006658045678243
    -0.036890123952113     0.040591920514271     0.003844024464607
     0.006658045678243     0.003844024464607    -0.067921820895210
10 34
     0.001856838094709     0.000000000000000    -0.000000000000000
     0.000000000000000     0.001856838094708     0.000000000000003
    -0.000000000000000     0.000000000000003     0.090822321200006
10 35
     0.218693024885946    -0.000000000000000    -0.000000000000000
     0.000000000000000    -0.838078317563073    -0.740398875879712
     0.000000000000000    -0.740398875879712    -0.041710582534713
10 36
    -0.002005125474112     0.036890123952113    -0.006658045678243
     0.036890123952113     0.040591920514271     0.003844024464607
    -0.006658045678243     0.003844024464607    -0.067921820895210
10 37
    -0.573885481950787     0.457595414276081    -0.641204235445304
     0.457595414276081    -0.045499810726277     0.370199437939867
    -0.641204235445304     0.370199437939867    -0.041710582534777
10 38
     0.061890443508463    -0.000000000000000    -0.000000000000000
     0.000000000000000    -0.023303648468304    -0.007688048929221
     0.000000000000000    -0.007688048929221    -0.067921820895209
10 39
    -0.063866299177181     0.000000000000000    -0.000000000000000
     0.000000000000000    -0.063866299177181    -0.000000000000002
    -0.000000000000000    -0.000000000000002    -0.116915400488303
10 40
    -0.573885481950786    -0.457595414276080     0.641204235445305
    -0.457595414276081    -0.045499810726276     0.370199437939867
     0.641204235445304     0.370199437939867    -0.041710582534777
10 41
    -0.014563480036406    -0.026375705794534     0.290017945295718
    -0.026375705794541     0.015892561644689     0.167441938786310
     0.028236278999620     0.016302223281349     0.199781759563911
10 42
    -0.765967061722899    -0.000000000000000    -0.000000000000000
     0.000000000000000    -0.765967061722899    -0.000000000000021
    -0.000000000000000    -0.000000000000021    -1.481437421247013
10 43
     0.115858593936734    -0.000000000000000    -0.000000000000000
     0.000000000000000    -0.031686131902881    -0.058457831065480
    -0.000000000000000    -0.023725875186687    -0.138101228614184
10 44
    -0.014563480036406     0.026375705794534    -0.290017945295718
     0.026375705794541     0.015892561644689     0.167441938786310
    -0.028236278999620     0.016302223281349     0.199781759563911
10 45
     0.005200049557025     0.063888740385756    -0.050625966752844
     0.063888740385757     0.078972412476832     0.029228915532732
    -0.020547210638689     0.011862937593336    -0.138101228614187
10 46
     0.031120582485229    -0.000000000000000    -0.000000000000000
    -0.000000000000000    -0.029791500876962    -0.334883877572603
     0.000000000000000    -0.032604446562680     0.199781759563927
10 47
    -0.013708335936631    -0.000000000000000    -0.000000000000000
     0.000000000000000    -0.013708335936631     0.000000000000003
     0.000000000000000     0.000000000000003     0.105642923361415
10 48
     0.005200049557025    -0.063888740385756     0.050625966752844
    -0.063888740385757     0.078972412476832     0.029228915532732
     0.020547210638689     0.011862937593336    -0.138101228614187
10 49
    -0.000674012098182     0.023543262347666    -0.009517184436482
     0.023543262347666    -0.027859429806237    -0.005494748996326
    -0.007677137175107    -0.004432397214649     0.104811686305279
10 50
     0.036564735393630    -0.000000000000000    -0.000000000000000
     0.000000000000000     0.036564735393630    -0.000000000000003
     0.000000000000000    -0.000000000000003    -0.078597919062403
10 51
    -0.584668632036659    -0.000000000000000    -0.000000000000000
     0.000000000000000     0.186141172302847    -0.385941025050459
    -0.000000000000000    -0.183151567090097    -0.557388869631598
10 52
    -0.000674012098182    -0.023543262347666     0.009517184436482
    -0.023543262347666    -0.027859429806237    -0.005494748996326
     0.007677137175107    -0.004432397214649     0.104811686305279
10 53
    -0.006561278782017    -0.333770436022079    -0.334234732056276
    -0.333770436022074    -0.391966180951770     0.192970512525214
    -0.158613909842926     0.091575783545033    -0.557388869631624
10 54
    -0.041452138660264    -0.000000000000000    -0.000000000000000
     0.000000000000000     0.012918696755846     0.010989497992662
     0.000000000000000     0.008864794429309     0.104811686305279
10 55
     0.092632284060848    -0.000000000000000    -0.000000000000000
     0.000000000000000     0.092632284060848     0.000000000000012
     0.000000000000000     0.000000000000012     0.507546394173202
10 56
    -0.006561278782017     0.333770436022079     0.334234732056276
     0.333770436022074    -0.391966180951770     0.192970512525214
     0.158613909842926     0.091575783545033    -0.557388869631623
11 1
    -0.028857844754645    -0.029747243131590     0.309743476282570
    -0.029747243131596    -0.063207002414007    -0.178830479411478
     0.101718693418208    -0.058727315026626    -0.295754498562514
11 2
     0.041241447062470     0.000000000000000    -0.000000000000000
    -0.000000000000000    -0.008548315025336     0.002007012102282
    -0.000000000000000    -0.011272817785940    -0.047853098796156
11 3
    -0.132160760951188     0.000000000000000     0.000000000000000
    -0.000000000000000    -0.132160760951188    -0.000000000000009
    -0.000000000000000    -0.000000000000009    -0.452179092600685
11 4
    -0.028857844754645     0.029747243131590    -0.309743476282570
     0.029747243131596    -0.063207002414008    -0.178830479411478
    -0.101718693418208    -0.058727315026626    -0.295754498562515
11 5
     0.003899125496616    -0.021559599408211    -0.001738123466279
    -0.021559599408211     0.028794006540519    -0.001003506051144
     0.009762546574857     0.005636408892967    -0.047853098796156
11 6
     0.031607642261104     0.000000000000000     0.000000000000000
    -0.000000000000000     0.031607642261104    -0.000000000000003
    -0.000000000000000    -0.000000000000003    -0.058402230170480
11 7
    -0.080381581243678     0.000000000000000    -0.000000000000000
    -0.000000000000000    -0.011683265924954     0.357660958822935
    -0.000000000000000     0.117454630053230    -0.295754498562535
11 8
     0.003899125496616     0.021559599408211     0.001738123466279
     0.021559599408211     0.028794006540519    -0.001003506051144
    -0.009762546574857     0.005636408892967    -0.047853098796156
11 9
    -0.000387066490546     0.004602394524334     0.033949656333088
     0.004602394524334     0.004927320944534    -0.019600843222806
     0.033949656333088    -0.019600843222806    -0.085827595009852
11 10
    -0.285029570643198     0.000000000000000     0.000000000000000
    -0.000000000000000     0.076328425573966     0.075134800547412
    -0.000000000000000     0.075134800547412     0.129052850721750
11 11
     4.438856872984811     0.000000000000000     0.000000000000000
     0.000000000000000     4.438856872984815     0.000000000000007
     0.000000000000000     0.000000000000007     4.684282387576076
11 12
    -0.000387066490546    -0.004602394524334    -0.033949656333088
    -0.004602394524334     0.004927320944534    -0.019600843222806
    -0.033949656333088    -0.019600843222806    -0.085827595009852
11 13
    -0.014011073480328     0.156472602292349    -0.065068645982338
     0.156472602292349    -0.194690071588910    -0.037567400273696
    -0.065068645982338    -0.037567400273696     0.129052850721757
11 14
    -0.007322525774515    -0.000000000000000     0.000000000000000
    -0.000000000000000    -0.007322525774515    -0.000000000000001
    -0.000000000000000    -0.000000000000001    -0.059080320311751
11 15
     0.007584514662076     0.000000000000000     0.000000000000000
    -0.000000000000000    -0.003044260208084     0.039201686445605
    -0.000000000000000     0.039201686445605    -0.085827595009855
11 16
    -0.014011073480328    -0.156472602292349     0.065068645982339
    -0.156472602292349    -0.194690071588910    -0.037567400273696
     0.065068645982338    -0.037567400273696     0.129052850721757
11 17
    -0.064916040082611     0.062483925041368     0.203793684845771
     0.062483925041368     0.007234181802691    -0.117660338804855
     0.208093144087702    -0.120142632755554    -0.078577253873699
11 18
    -0.100267535336618    -0.000000000000000     0.000000000000000
    -0.000000000000000     0.048218931564133    -0.073613724215454
     0.000000000000000     0.013175906942984    -0.051567627727228
11 19
     0.108667086844258     0.000000000000000    -0.000000000000000
    -0.000000000000000     0.108667086844258    -0.000000000000007
    -0.000000000000000    -0.000000000000007    -0.147420027068568
11 20
    -0.064916040082611    -0.062483925041368    -0.203793684845771
    -0.062483925041368     0.007234181802691    -0.117660338804855
    -0.208093144087702    -0.120142632755554    -0.078577253873699
11 21
     0.011097314838946     0.064296526227127     0.063751355237761
     0.064296526227124    -0.063145918611429     0.036806862107726
    -0.011410670130528    -0.006587953471493    -0.051567627727231
11 22
    -0.023408658810161     0.000000000000000    -0.000000000000000
    -0.000000000000000    -0.023408658810161     0.000000000000003
    -0.000000000000000     0.000000000000003     0.068829994162008
11 23
     0.043309292745353     0.000000000000000     0.000000000000000
    -0.000000000000000    -0.100991151025253     0.235320677609705
     0.000000000000000     0.240285265511103    -0.078577253873720
11 24
     0.011097314838947    -0.064296526227126    -0.063751355237761
    -0.064296526227124    -0.063145918611429     0.036806862107726
     0.011410670130528    -0.006587953471493    -0.051567627727231
11 25
    -1.013712071140189     0.853909411090991    -0.764910936887245
     0.853909411090992    -0.027702414426262     0.441621535317927
    -0.732426260207412     0.422866498492287     0.010807026785482
11 26
    -0.018422267323418    -0.000000000000000     0.000000000000000
    -0.000000000000000     0.015582114749150     0.014502455949454
     0.000000000000000    -0.072751905996607    -0.074845541371797
11 27
     0.015781331926974     0.000000000000000    -0.000000000000000
    -0.000000000000000     0.015781331926974    -0.000000000000001
    -0.000000000000000    -0.000000000000001    -0.023257754864802
11 28
    -1.013712071140189    -0.853909411090991     0.764910936887245
    -0.853909411090991    -0.027702414426262     0.441621535317926
     0.732426260207411     0.422866498492287     0.010807026785482
11 29
     0.007081019231009     0.014724329357419    -0.012559495269495
     0.014724329357421    -0.009921171805275    -0.007251227974730
     0.063004998766796     0.036375952998300    -0.074845541371799
11 30
    -0.209719806834408     0.000000000000000    -0.000000000000000
    -0.000000000000000    -0.209719806834408     0.000000000000004
    -0.000000000000000     0.000000000000005    -0.054549473736975
11 31
     0.465302413930664    -0.000000000000000     0.000000000000000
    -0.000000000000000    -1.506716899497189    -0.883243070635807
    -0.000000000000000    -0.845732996984528     0.010807026785556
11 32
     0.007081019231009    -0.014724329357419     0.012559495269495
    -0.014724329357421    -0.009921171805275    -0.007251227974730
    -0.063004998766796     0.036375952998300    -0.074845541371799
11 33
    -0.002005125474112     0.036890123952113    -0.006658045678243
     0.036890123952113     0.040591920514271     0.003844024464607
    -0.006658045678243     0.003844024464607    -0.067921820895210
11 34
     0.218693024885946     0.000000000000000     0.000000000000000
    -0.000000000000000    -0.838078317563073    -0.740398875879712
    -0.000000000000000    -0.740398875879712    -0.041710582534713
11 35
     0.001856838094709    -0.000000000000000     0.000000000000000
    -0.000000000000000     0.001856838094708     0.000000000000003
     0.000000000000000     0.000000000000003     0.090822321200006
11 36
    -0.002005125474112    -0.036890123952113     0.006658045678243
    -0.036890123952113     0.040591920514271     0.003844024464607
     0.006658045678243     0.003844024464607    -0.067921820895210
11 37
    -0.573885481950787    -0.457595414276081     0.641204235445304
    -0.457595414276081    -0.045499810726277     0.370199437939867
     0.641204235445304     0.370199437939867    -0.041710582534777
11 38
    -0.063866299177181    -0.000000000000000    -0.000000000000000
    -0.000000000000000    -0.063866299177181    -0.000000000000002
    -0.000000000000000    -0.000000000000002    -0.116915400488303
11 39
     0.061890443508463     0.000000000000000     0.000000000000000
    -0.000000000000000    -0.023303648468304    -0.007688048929221
    -0.000000000000000    -0.007688048929221    -0.067921820895209
11 40
    -0.573885481950787     0.457595414276080    -0.641204235445305
     0.457595414276081    -0.045499810726277     0.370199437939867
    -0.641204235445304     0.370199437939867    -0.041710582534777
11 41
    -0.014563480036406     0.026375705794534    -0.290017945295719
     0.026375705794541     0.015892561644689     0.167441938786310
    -0.028236278999620     0.016302223281349     0.199781759563911
11 42
     0.115858593936735     0.000000000000000     0.000000000000000
    -0.000000000000000    -0.031686131902881    -0.058457831065480
    -0.000000000000000    -0.023725875186687    -0.138101228614183
11 43
    -0.765967061722899     0.000000000000000    -0.000000000000000
    -0.000000000000000    -0.765967061722899    -0.000000000000021
    -0.000000000000000    -0.000000000000021    -1.481437421247013
11 44
    -0.014563480036406    -0.026375705794534     0.290017945295718
    -0.026375705794541     0.015892561644689     0.167441938786310
     0.028236278999620     0.016302223281349     0.199781759563911
11 45
     0.005200049557025    -0.063888740385756     0.050625966752844
    -0.063888740385757     0.078972412476832     0.029228915532732
     0.020547210638689     0.011862937593336    -0.138101228614187
11 46
    -0.013708335936631     0.000000000000000     0.000000000000000
    -0.000000000000000    -0.013708335936631     0.000000000000003
    -0.000000000000000     0.000000000000003     0.105642923361415
11 47
     0.031120582485229     0.000000000000000     0.000000000000000
    -0.000000000000000    -0.029791500876962    -0.334883877572603
     0.000000000000000    -0.032604446562680     0.199781759563927
11 48
     0.005200049557025     0.063888740385756    -0.050625966752844
     0.063888740385757     0.078972412476832     0.029228915532732
    -0.020547210638689     0.011862937593336    -0.138101228614187
11 49
    -0.000674012098182    -0.023543262347666     0.009517184436482
    -0.023543262347666    -0.027859429806237    -0.005494748996326
     0.007677137175107    -0.004432397214649     0.104811686305279
11 50
    -0.584668632036659     0.000000000000000     0.000000000000000
    -0.000000000000000     0.186141172302847    -0.385941025050459
    -0.000000000000000    -0.183151567090097    -0.557388869631598
11 51
     0.036564735393630     0.000000000000000     0.000000000000000
    -0.000000000000000     0.036564735393630    -0.000000000000003
    -0.000000000000000    -0.000000000000003    -0.078597919062403
11 52
    -0.000674012098182     0.023543262347666    -0.009517184436482
     0.023543262347666    -0.027859429806237    -0.005494748996326
    -0.007677137175107    -0.004432397214649     0.104811686305279
11 53
    -0.006561278782017     0.333770436022079     0.334234732056276
     0.333770436022074    -0.391966180951770     0.192970512525214
     0.158613909842926     0.091575783545033    -0.557388869631624
11 54
     0.092632284060848     0.000000000000000     0.000000000000000
    -0.000000000000000     0.092632284060848     0.000000000000012
    -0.000000000000000     0.000000000000012     0.507546394173202
11 55
    -0.041452138660264     0.000000000000000     0.000000000000000
    -0.000000000000000     0.012918696755846     0.010989497992662
     0.000000000000000     0.008864794429309     0.104811686305279
11 56
    -0.006561278782017    -0.333770436022079    -0.334234732056276
    -0.333770436022074    -0.391966180951770     0.192970512525214
    -0.158613909842926     0.091575783545033    -0.557388869631623
12 1
     0.041241447062470     0.000000000000000     0.000000000000000
     0.000000000000000    -0.008548315025335     0.002007012102282
    -0.000000000000000    -0.011272817785940    -0.047853098796156
12 2
    -0.028857844754645    -0.029747243131590     0.309743476282570
    -0.029747243131596    -0.063207002414008    -0.178830479411478
     0.101718693418208    -0.058727315026626    -0.295754498562515
12 3
    -0.028857844754645     0.029747243131590    -0.309743476282570
     0.029747243131596    -0.063207002414008    -0.178830479411478
    -0.101718693418208    -0.058727315026626    -0.295754498562515
12 4
    -0.132160760951188     0.000000000000000    -0.000000000000000
    -0.000000000000000    -0.132160760951189    -0.000000000000009
    -0.000000000000000    -0.000000000000009    -0.452179092600686
12 5
     0.031607642261104     0.000000000000000    -0.000000000000000
    -0.000000000000000     0.031607642261104    -0.000000000000003
     0.000000000000000    -0.000000000000003    -0.058402230170480
12 6
     0.003899125496616    -0.021559599408211    -0.001738123466279
    -0.021559599408211     0.028794006540519    -0.001003506051144
     0.009762546574857     0.005636408892967    -0.047853098796156
12 7
     0.003899125496616     0.021559599408211     0.001738123466279
     0.021559599408211     0.028794006540519    -0.001003506051144
    -0.009762546574857     0.005636408892967    -0.047853098796156
12 8
    -0.080381581243678     0.000000000000000     0.000000000000000
     0.000000000000000    -0.011683265924953     0.357660958822935
    -0.000000000000000     0.117454630053230    -0.295754498562535
12 9
    -0.285029570643198    -0.000000000000000     0.000000000000000
    -0.000000000000000     0.076328425573966     0.075134800547412
     0.000000000000000     0.075134800547412     0.129052850721750
12 10
    -0.000387066490546     0.004602394524334     0.033949656333088
     0.004602394524334     0.004927320944534    -0.019600843222806
     0.033949656333088    -0.019600843222806    -0.085827595009852
12 11
    -0.000387066490546    -0.004602394524334    -0.033949656333088
    -0.004602394524334     0.004927320944534    -0.019600843222806
    -0.033949656333088    -0.019600843222806    -0.085827595009852
12 12
     4.438856872984816    -0.000000000000000    -0.000000000000000
    -0.000000000000000     4.438856872984815     0.000000000000007
    -0.000000000000000     0.000000000000007     4.684282387576076
12 13
    -0.007322525774515    -0.000000000000000    -0.000000000000000
    -0.000000000000000    -0.007322525774515    -0.000000000000001
    -0.000000000000000    -0.000000000000001    -0.059080320311751
12 14
    -0.014011073480328     0.156472602292349    -0.065068645982338
     0.156472602292349    -0.194690071588910    -0.037567400273696
    -0.065068645982338    -0.037567400273696     0.129052850721757
12 15
    -0.014011073480328    -0.156472602292349     0.065068645982338
    -0.156472602292349    -0.194690071588910    -0.037567400273696
     0.065068645982338    -0.037567400273696     0.129052850721757
12 16
     0.007584514662076     0.000000000000000     0.000000000000000
    -0.000000000000000    -0.003044260208084     0.039201686445605
    -0.000000000000000     0.039201686445605    -0.085827595009855
12 17
    -0.100267535336618     0.000000000000000    -0.000000000000000
    -0.000000000000000     0.048218931564133    -0.073613724215454
     0.000000000000000     0.013175906942984    -0.051567627727228
12 18
    -0.064916040082611     0.062483925041368     0.203793684845770
     0.062483925041368     0.007234181802691    -0.117660338804855
     0.208093144087702    -0.120142632755554    -0.078577253873699
12 19
    -0.064916040082611    -0.062483925041368    -0.203793684845770
    -0.062483925041368     0.007234181802691    -0.117660338804855
    -0.208093144087702    -0.120142632755554    -0.078577253873699
12 20
     0.108667086844258     0.000000000000000    -0.000000000000000
     0.000000000000000     0.108667086844258    -0.000000000000007
    -0.000000000000000    -0.000000000000007    -0.147420027068568
12 21
    -0.023408658810161     0.000000000000000    -0.000000000000000
     0.000000000000000    -0.023408658810161     0.000000000000003
    -0.000000000000000     0.000000000000003     0.068829994162008
12 22
     0.011097314838946     0.064296526227126     0.063751355237761
     0.064296526227125    -0.063145918611429     0.036806862107726
    -0.011410670130528    -0.006587953471493    -0.051567627727231
12 23
     0.011097314838946    -0.064296526227126    -0.063751355237761
    -0.064296526227125    -0.063145918611429     0.036806862107726
     0.011410670130528    -0.006587953471493    -0.051567627727231
12 24
     0.043309292745353     0.000000000000000    -0.000000000000000
     0.000000000000000    -0.100991151025252     0.235320677609705
    -0.000000000000000     0.240285265511103    -0.078577253873720
12 25
    -0.018422267323418    -0.000000000000000    -0.000000000000000
    -0.000000000000000     0.015582114749150     0.014502455949454
    -0.000000000000000    -0.072751905996606    -0.074845541371797
12 26
    -1.013712071140189     0.853909411090991    -0.764910936887245
     0.853909411090991    -0.027702414426262     0.441621535317926
    -0.732426260207412     0.422866498492287     0.010807026785482
12 27
    -1.013712071140189    -0.853909411090991     0.764910936887245
    -0.853909411090991    -0.027702414426262     0.441621535317926
     0.732426260207412     0.422866498492287     0.010807026785482
12 28
     0.015781331926974     0.000000000000000    -0.000000000000000
     0.000000000000000     0.015781331926974    -0.000000000000001
    -0.000000000000000    -0.000000000000001    -0.023257754864802
12 29
    -0.209719806834408     0.000000000000000    -0.000000000000000
     0.000000000000000    -0.209719806834408     0.000000000000004
    -0.000000000000000     0.000000000000005    -0.054549473736975
12 30
     0.007081019231009     0.014724329357419    -0.012559495269495
     0.014724329357421    -0.009921171805275    -0.007251227974730
     0.063004998766796     0.036375952998300    -0.074845541371799
12 31
     0.007081019231009    -0.014724329357419     0.012559495269495
    -0.014724329357421    -0.009921171805275    -0.007251227974730
    -0.063004998766796     0.036375952998300    -0.074845541371799
12 32
     0.465302413930664    -0.000000000000000    -0.000000000000000
    -0.000000000000000    -1.506716899497189    -0.883243070635807
    -0.000000000000000    -0.845732996984528     0.010807026785556
12 33
     0.218693024885946    -0.000000000000000     0.000000000000000
    -0.000000000000000    -0.838078317563072    -0.740398875879712
    -0.000000000000000    -0.740398875879712    -0.041710582534713
12 34
    -0.002005125474112     0.036890123952113    -0.006658045678243
     0.036890123952113     0.040591920514271     0.003844024464607
    -0.006658045678243     0.003844024464607    -0.067921820895210
12 35
    -0.002005125474112    -0.036890123952113     0.006658045678243
    -0.036890123952113     0.040591920514271     0.003844024464607
     0.006658045678243     0.003844024464607    -0.067921820895210
12 36
     0.001856838094708    -0.000000000000000    -0.000000000000000
    -0.000000000000000     0.001856838094708     0.000000000000003
    -0.000000000000000     0.000000000000003     0.090822321200006
12 37
    -0.063866299177181    -0.000000000000000    -0.000000000000000
    -0.000000000000000    -0.063866299177181    -0.000000000000001
    -0.000000000000000    -0.000000000000001    -0.116915400488303
12 38
    -0.573885481950787    -0.457595414276081     0.641204235445304
    -0.457595414276081    -0.045499810726277     0.370199437939867
     0.641204235445304     0.370199437939867    -0.041710582534777
12 39
    -0.573885481950787     0.457595414276081    -0.641204235445304
     0.457595414276081    -0.045499810726277     0.370199437939867
    -0.641204235445304     0.370199437939867    -0.041710582534777
12 40
     0.061890443508463    -0.000000000000000     0.000000000000000
    -0.000000000000000    -0.023303648468303    -0.007688048929221
    -0.000000000000000    -0.007688048929221    -0.067921820895209
12 41
     0.115858593936735    -0.000000000000000    -0.000000000000000
    -0.000000000000000    -0.031686131902881    -0.058457831065480
    -0.000000000000000    -0.023725875186687    -0.138101228614183
12 42
    -0.014563480036406     0.026375705794534    -0.290017945295718
     0.026375705794541     0.015892561644689     0.167441938786310
    -0.028236278999620     0.016302223281349     0.199781759563911
12 43
    -0.014563480036406    -0.026375705794534     0.290017945295718
    -0.026375705794541     0.015892561644689     0.167441938786310
     0.028236278999620     0.016302223281349     0.199781759563911
12 44
    -0.765967061722899     0.000000000000000    -0.000000000000000
    -0.000000000000000    -0.765967061722900    -0.000000000000021
    -0.000000000000000    -0.000000000000021    -1.481437421247013
12 45
    -0.013708335936631     0.000000000000000     0.000000000000000
    -0.000000000000000    -0.013708335936631     0.000000000000003
    -0.000000000000000     0.000000000000003     0.105642923361415
12 46
     0.005200049557025    -0.063888740385756     0.050625966752844
    -0.063888740385757     0.078972412476832     0.029228915532732
     0.020547210638689     0.011862937593336    -0.138101228614187
12 47
     0.005200049557025     0.063888740385756    -0.050625966752844
     0.063888740385757     0.078972412476832     0.029228915532732
    -0.020547210638689     0.011862937593336    -0.138101228614187
12 48
     0.031120582485229    -0.000000000000000     0.000000000000000
    -0.000000000000000    -0.029791500876962    -0.334883877572603
    -0.000000000000000    -0.032604446562680     0.199781759563927
12 49
    -0.584668632036659    -0.000000000000000    -0.000000000000000
    -0.000000000000000     0.186141172302847    -0.385941025050459
    -0.000000000000000    -0.183151567090097    -0.557388869631598
12 50
    -0.000674012098182    -0.023543262347666     0.009517184436482
    -0.023543262347666    -0.027859429806237    -0.005494748996326
     0.007677137175107    -0.004432397214649     0.104811686305280
12 51
    -0.000674012098182     0.023543262347666    -0.009517184436482
     0.023543262347666    -0.027859429806237    -0.005494748996326
    -0.007677137175107    -0.004432397214649     0.104811686305280
12 52
     0.036564735393630     0.000000000000000    -0.000000000000000
    -0.000000000000000     0.036564735393630    -0.000000000000003
    -0.000000000000000    -0.000000000000003    -0.078597919062403
12 53
     0.092632284060848     0.000000000000000     0.000000000000000
    -0.000000000000000     0.092632284060848     0.000000000000012
     0.000000000000000     0.000000000000012     0.507546394173202
12 54
    -0.006561278782017     0.333770436022079     0.334234732056276
     0.333770436022074    -0.391966180951770     0.192970512525214
     0.158613909842926     0.091575783545033    -0.557388869631624
12 55
    -0.006561278782017    -0.333770436022079    -0.334234732056276
    -0.333770436022074    -0.391966180951770     0.192970512525214
    -0.158613909842926     0.091575783545033    -0.557388869631624
12 56
    -0.041452138660264    -0.000000000000000     0.000000000000000
    -0.000000000000000     0.012918696755846     0.010989497992662
    -0.000000000000000     0.008864794429309     0.104811686305279
13 1
    -0.080381581243678     0.000000000000000     0.000000000000000
     0.000000000000000    -0.011683265924953     0.357660958822935
    -0.000000000000000     0.117454630053230    -0.295754498562535
13 2
     0.003899125496616     0.021559599408211     0.001738123466279
     0.021559599408211     0.028794006540519    -0.001003506051144
    -0.009762546574857     0.005636408892967    -0.047853098796156
13 3
     0.003899125496616    -0.021559599408211    -0.001738123466279
    -0.021559599408211     0.028794006540519    -0.001003506051144
     0.009762546574857     0.005636408892967    -0.047853098796156
13 4
     0.031607642261104     0.000000000000000    -0.000000000000000
    -0.000000000000000     0.031607642261104    -0.000000000000003
    -0.000000000000000    -0.000000000000003    -0.058402230170480
13 5
    -0.132160760951189     0.000000000000000    -0.000000000000000
    -0.000000000000000    -0.132160760951189    -0.000000000000009
    -0.000000000000000    -0.000000000000009    -0.452179092600685
13 6
    -0.028857844754645     0.029747243131590    -0.309743476282570
     0.029747243131596    -0.063207002414008    -0.178830479411478
    -0.101718693418208    -0.058727315026626    -0.295754498562515
13 7
    -0.028857844754645    -0.029747243131590     0.309743476282570
    -0.029747243131596    -0.063207002414008    -0.178830479411478
     0.101718693418208    -0.058727315026626    -0.295754498562515
13 8
     0.041241447062470     0.000000000000000     0.000000000000000
     0.000000000000000    -0.008548315025335     0.002007012102282
    -0.000000000000000    -0.011272817785940    -0.047853098796156
13 9
     0.007584514662076     0.000000000000000     0.000000000000000
    -0.000000000000000    -0.003044260208084     0.039201686445605
    -0.000000000000000     0.039201686445605    -0.085827595009855
13 10
    -0.014011073480328    -0.156472602292349     0.065068645982338
    -0.156472602292349    -0.194690071588910    -0.037567400273696
     0.065068645982338    -0.037567400273696     0.129052850721757
13 11
    -0.014011073480328     0.156472602292349    -0.065068645982338
     0.156472602292349    -0.194690071588910    -0.037567400273696
    -0.065068645982338    -0.037567400273696     0.129052850721757
13 12
    -0.007322525774515    -0.000000000000000    -0.000000000000000
    -0.000000000000000    -0.007322525774515    -0.000000000000001
    -0.000000000000000    -0.000000000000001    -0.059080320311751
13 13
     4.438856872984815    -0.000000000000000    -0.000000000000000
    -0.000000000000000     4.438856872984815     0.000000000000007
    -0.000000000000000     0.000000000000007     4.684282387576074
13 14
    -0.000387066490546    -0.004602394524334    -0.033949656333088
    -0.004602394524334     0.004927320944534    -0.019600843222806
    -0.033949656333088    -0.019600843222806    -0.085827595009852
13 15
    -0.000387066490546     0.004602394524334     0.033949656333088
     0.004602394524334     0.004927320944534    -0.019600843222806
     0.033949656333088    -0.019600843222806    -0.085827595009852
13 16
    -0.285029570643198     0.000000000000000     0.000000000000000
    -0.000000000000000     0.076328425573966     0.075134800547412
     0.000000000000000     0.075134800547412     0.129052850721750
13 17
     0.043309292745353     0.000000000000000    -0.000000000000000
     0.000000000000000    -0.100991151025252     0.235320677609705
    -0.000000000000000     0.240285265511103    -0.078577253873720
13 18
     0.011097314838946    -0.064296526227126    -0.063751355237761
    -0.064296526227125    -0.063145918611429     0.036806862107726
     0.011410670130528    -0.006587953471493    -0.051567627727231
13 19
     0.011097314838946     0.064296526227126     0.063751355237761
     0.064296526227125    -0.063145918611429     0.036806862107726
    -0.011410670130528    -0.006587953471493    -0.051567627727231
13 20
    -0.023408658810161     0.000000000000000    -0.000000000000000
     0.000000000000000    -0.023408658810161     0.000000000000003
    -0.000000000000000     0.000000000000003     0.068829994162008
13 21
     0.108667086844258     0.000000000000000    -0.000000000000000
     0.000000000000000     0.108667086844258    -0.000000000000007
    -0.000000000000000    -0.000000000000007    -0.147420027068568
13 22
    -0.064916040082611    -0.062483925041368    -0.203793684845770
    -0.062483925041368     0.007234181802691    -0.117660338804855
    -0.208093144087702    -0.120142632755554    -0.078577253873699
13 23
    -0.064916040082611     0.062483925041368     0.203793684845770
     0.062483925041368     0.007234181802691    -0.117660338804855
     0.208093144087702    -0.120142632755554    -0.078577253873699
13 24
    -0.100267535336618     0.000000000000000    -0.000000000000000
    -0.000000000000000     0.048218931564133    -0.073613724215454
    -0.000000000000000     0.013175906942984    -0.051567627727228
13 25
     0.465302413930664    -0.000000000000000    -0.000000000000000
    -0.000000000000000    -1.506716899497189    -0.883243070635807
    -0.000000000000000    -0.845732996984528     0.010807026785556
13 26
     0.007081019231009    -0.014724329357419     0.012559495269495
    -0.014724329357421    -0.009921171805275    -0.007251227974730
    -0.063004998766796     0.036375952998300    -0.074845541371799
13 27
     0.007081019231009     0.014724329357419    -0.012559495269495
     0.014724329357421    -0.009921171805275    -0.007251227974730
     0.063004998766796     0.036375952998300    -0.074845541371799
13 28
    -0.209719806834408     0.000000000000000    -0.000000000000000
     0.000000000000000    -0.209719806834408     0.000000000000004
    -0.000000000000000     0.000000000000005    -0.054549473736975
13 29
     0.015781331926974     0.000000000000000    -0.000000000000000
     0.000000000000000     0.015781331926974    -0.000000000000001
    -0.000000000000000    -0.000000000000001    -0.023257754864802
13 30
    -1.013712071140189    -0.853909411090991     0.764910936887245
    -0.853909411090991    -0.027702414426262     0.441621535317926
     0.732426260207412     0.422866498492287     0.010807026785482
13 31
    -1.013712071140189     0.853909411090991    -0.764910936887245
     0.853909411090991    -0.027702414426262     0.441621535317926
    -0.732426260207412     0.422866498492287     0.010807026785482
13 32
    -0.018422267323418     0.000000000000000    -0.000000000000000
     0.000000000000000     0.015582114749150     0.014502455949454
    -0.000000000000000    -0.072751905996606    -0.074845541371797
13 33
     0.061890443508463    -0.000000000000000     0.000000000000000
    -0.000000000000000    -0.023303648468303    -0.007688048929221
    -0.000000000000000    -0.007688048929221    -0.067921820895209
13 34
    -0.573885481950787     0.457595414276081    -0.641204235445304
     0.457595414276081    -0.045499810726277     0.370199437939867
    -0.641204235445304     0.370199437939867    -0.041710582534777
13 35
    -0.573885481950787    -0.457595414276081     0.641204235445304
    -0.457595414276081    -0.045499810726277     0.370199437939867
     0.641204235445304     0.370199437939867    -0.041710582534777
13 36
    -0.063866299177181    -0.000000000000000    -0.000000000000000
    -0.000000000000000    -0.063866299177181    -0.000000000000001
    -0.000000000000000    -0.000000000000001    -0.116915400488303
13 37
     0.001856838094708    -0.000000000000000    -0.000000000000000
    -0.000000000000000     0.001856838094708     0.000000000000003
    -0.000000000000000     0.000000000000003     0.090822321200006
13 38
    -0.002005125474112    -0.036890123952113     0.006658045678243
    -0.036890123952113     0.040591920514271     0.003844024464607
     0.006658045678243     0.003844024464607    -0.067921820895210
13 39
    -0.002005125474112     0.036890123952113    -0.006658045678243
     0.036890123952113     0.040591920514271     0.003844024464607
    -0.006658045678243     0.003844024464607    -0.067921820895210
13 40
     0.218693024885946    -0.000000000000000     0.000000000000000
    -0.000000000000000    -0.838078317563072    -0.740398875879712
    -0.000000000000000    -0.740398875879712    -0.041710582534713
13 41
     0.031120582485229    -0.000000000000000     0.000000000000000
    -0.000000000000000    -0.029791500876962    -0.334883877572603
    -0.000000000000000    -0.032604446562680     0.199781759563927
13 42
     0.005200049557025     0.063888740385756    -0.050625966752844
     0.063888740385757     0.078972412476832     0.029228915532732
    -0.020547210638689     0.011862937593336    -0.138101228614187
13 43
     0.005200049557025    -0.063888740385756     0.050625966752844
    -0.063888740385757     0.078972412476832     0.029228915532732
     0.020547210638689     0.011862937593336    -0.138101228614187
13 44
    -0.013708335936631     0.000000000000000     0.000000000000000
    -0.000000000000000    -0.013708335936631     0.000000000000003
    -0.000000000000000     0.000000000000003     0.105642923361415
13 45
    -0.765967061722899     0.000000000000000    -0.000000000000000
    -0.000000000000000    -0.765967061722900    -0.000000000000021
    -0.000000000000000    -0.000000000000021    -1.481437421247013
13 46
    -0.014563480036406    -0.026375705794534     0.290017945295718
    -0.026375705794541     0.015892561644689     0.167441938786310
     0.028236278999620     0.016302223281349     0.199781759563911
13 47
    -0.014563480036406     0.026375705794534    -0.290017945295718
     0.026375705794541     0.015892561644689     0.167441938786310
    -0.028236278999620     0.016302223281349     0.199781759563911
13 48
     0.115858593936735    -0.000000000000000    -0.000000000000000
    -0.000000000000000    -0.031686131902881    -0.058457831065480
    -0.000000000000000    -0.023725875186687    -0.138101228614184
13 49
    -0.041452138660264    -0.000000000000000     0.000000000000000
     0.000000000000000     0.012918696755846     0.010989497992662
    -0.000000000000000     0.008864794429309     0.104811686305279
13 50
    -0.006561278782017    -0.333770436022079    -0.334234732056276
    -0.333770436022074    -0.391966180951770     0.192970512525214
    -0.158613909842926     0.091575783545033    -0.557388869631624
13 51
    -0.006561278782017     0.333770436022079     0.334234732056276
     0.333770436022074    -0.391966180951770     0.192970512525214
     0.158613909842926     0.091575783545033    -0.557388869631624
13 52
     0.092632284060848     0.000000000000000     0.000000000000000
    -0.000000000000000     0.092632284060848     0.000000000000012
     0.000000000000000     0.000000000000012     0.507546394173202
13 53
     0.036564735393630     0.000000000000000    -0.000000000000000
    -0.000000000000000     0.036564735393630    -0.000000000000003
    -0.000000000000000    -0.000000000000003    -0.078597919062403
13 54
    -0.000674012098182     0.023543262347666    -0.009517184436482
     0.023543262347666    -0.027859429806237    -0.005494748996326
    -0.007677137175107    -0.004432397214649     0.104811686305280
13 55
    -0.000674012098182    -0.023543262347666     0.009517184436482
    -0.023543262347666    -0.027859429806237    -0.005494748996326
     0.007677137175107    -0.004432397214649     0.104811686305280
13 56
    -0.584668632036659    -0.000000000000000    -0.000000000000000
    -0.000000000000000     0.186141172302847    -0.385941025050459
    -0.000000000000000    -0.183151567090097    -0.557388869631598
14 1
     0.003899125496616     0.021559599408211     0.001738123466279
     0.021559599408211     0.028794006540519    -0.001003506051144
    -0.009762546574857     0.005636408892967    -0.047853098796156
14 2
    -0.080381581243678     0.000000000000000    -0.000000000000000
    -0.000000000000000    -0.011683265924954     0.357660958822935
    -0.000000000000000     0.117454630053230    -0.295754498562535
14 3
     0.031607642261104     0.000000000000000     0.000000000000000
    -0.000000000000000     0.031607642261104    -0.000000000000003
    -0.000000000000000    -0.000000000000003    -0.058402230170480
14 4
     0.003899125496616    -0.021559599408211    -0.001738123466279
    -0.021559599408211     0.028794006540519    -0.001003506051144
     0.009762546574857     0.005636408892967    -0.047853098796156
14 5
    -0.028857844754645     0.029747243131590    -0.309743476282570
     0.029747243131596    -0.063207002414008    -0.178830479411478
    -0.101718693418208    -0.058727315026626    -0.295754498562515
14 6
    -0.132160760951188     0.000000000000000     0.000000000000000
    -0.000000000000000    -0.132160760951189    -0.000000000000009
    -0.000000000000000    -0.000000000000009    -0.452179092600685
14 7
     0.041241447062470     0.000000000000000    -0.000000000000000
    -0.000000000000000    -0.008548315025336     0.002007012102282
    -0.000000000000000    -0.011272817785940    -0.047853098796156
14 8
    -0.028857844754645    -0.029747243131590     0.309743476282570
    -0.029747243131596    -0.063207002414007    -0.178830479411478
     0.101718693418208    -0.058727315026626    -0.295754498562514
14 9
    -0.014011073480328    -0.156472602292349     0.065068645982339
    -0.156472602292349    -0.194690071588910    -0.037567400273696
     0.065068645982338    -0.037567400273696     0.129052850721757
14 10
     0.007584514662076     0.000000000000000     0.000000000000000
    -0.000000000000000    -0.003044260208084     0.039201686445605
    -0.000000000000000     0.039201686445605    -0.085827595009855
14 11
    -0.007322525774515    -0.000000000000000    -0.000000000000000
    -0.000000000000000    -0.007322525774515    -0.000000000000001
     0.000000000000000    -0.000000000000001    -0.059080320311751
14 12
    -0.014011073480328     0.156472602292349    -0.065068645982338
     0.156472602292349    -0.194690071588910    -0.037567400273696
    -0.065068645982338    -0.037567400273696     0.129052850721757
14 13
    -0.000387066490546    -0.004602394524334    -0.033949656333088
    -0.004602394524334     0.004927320944534    -0.019600843222806
    -0.033949656333088    -0.019600843222806    -0.085827595009852
14 14
     4.438856872984814     0.000000000000000     0.000000000000000
     0.000000000000000     4.438856872984814     0.000000000000007
     0.000000000000000     0.000000000000007     4.684282387576075
14 15
    -0.285029570643198     0.000000000000000     0.000000000000000
    -0.000000000000000     0.076328425573966     0.075134800547412
    -0.000000000000000     0.075134800547412     0.129052850721750
14 16
    -0.000387066490546     0.004602394524334     0.033949656333088
     0.004602394524334     0.004927320944534    -0.019600843222806
     0.033949656333088    -0.019600843222806    -0.085827595009852
14 17
     0.011097314838947    -0.064296526227126    -0.063751355237761
    -0.064296526227124    -0.063145918611429     0.036806862107726
     0.011410670130528    -0.006587953471493    -0.051567627727231
14 18
     0.043309292745353     0.000000000000000     0.000000000000000
    -0.000000000000000    -0.100991151025253     0.235320677609705
     0.000000000000000     0.240285265511103    -0.078577253873720
14 19
    -0.023408658810161     0.000000000000000    -0.000000000000000
    -0.000000000000000    -0.023408658810161     0.000000000000003
    -0.000000000000000     0.000000000000003     0.068829994162008
14 20
     0.011097314838946     0.064296526227127     0.063751355237761
     0.064296526227124    -0.063145918611429     0.036806862107726
    -0.011410670130528    -0.006587953471493    -0.051567627727231
14 21
    -0.064916040082611    -0.062483925041368    -0.203793684845771
    -0.062483925041368     0.007234181802691    -0.117660338804855
    -0.208093144087702    -0.120142632755554    -0.078577253873699
14 22
     0.108667086844258     0.000000000000000    -0.000000000000000
    -0.000000000000000     0.108667086844258    -0.000000000000007
    -0.000000000000000    -0.000000000000007    -0.147420027068568
14 23
    -0.100267535336619    -0.000000000000000     0.000000000000000
    -0.000000000000000     0.048218931564133    -0.073613724215454
     0.000000000000000     0.013175906942984    -0.051567627727228
14 24
    -0.064916040082611     0.062483925041368     0.203793684845771
     0.062483925041368     0.007234181802691    -0.117660338804855
     0.208093144087702    -0.120142632755554    -0.078577253873699
14 25
     0.007081019231009    -0.014724329357419     0.012559495269495
    -0.014724329357421    -0.009921171805275    -0.007251227974730
    -0.063004998766796     0.036375952998300    -0.074845541371799
14 26
     0.465302413930664    -0.000000000000000     0.000000000000000
    -0.000000000000000    -1.506716899497189    -0.883243070635807
    -0.000000000000000    -0.845732996984528     0.010807026785556
14 27
    -0.209719806834408     0.000000000000000    -0.000000000000000
    -0.000000000000000    -0.209719806834408     0.000000000000004
    -0.000000000000000     0.000000000000005    -0.054549473736975
14 28
     0.007081019231009     0.014724329357419    -0.012559495269495
     0.014724329357421    -0.009921171805275    -0.007251227974730
     0.063004998766796     0.036375952998300    -0.074845541371799
14 29
    -1.013712071140189    -0.853909411090991     0.764910936887245
    -0.853909411090991    -0.027702414426262     0.441621535317926
     0.732426260207411     0.422866498492287     0.010807026785482
14 30
     0.015781331926974     0.000000000000000    -0.000000000000000
    -0.000000000000000     0.015781331926974    -0.000000000000001
    -0.000000000000000    -0.000000000000001    -0.023257754864802
14 31
    -0.018422267323419    -0.000000000000000     0.000000000000000
    -0.000000000000000     0.015582114749150     0.014502455949454
     0.000000000000000    -0.072751905996607    -0.074845541371797
14 32
    -1.013712071140189     0.853909411090991    -0.764910936887245
     0.853909411090992    -0.027702414426262     0.441621535317927
    -0.732426260207412     0.422866498492287     0.010807026785482
14 33
    -0.573885481950787     0.457595414276080    -0.641204235445305
     0.457595414276081    -0.045499810726277     0.370199437939867
    -0.641204235445304     0.370199437939867    -0.041710582534777
14 34
     0.061890443508463     0.000000000000000     0.000000000000000
    -0.000000000000000    -0.023303648468304    -0.007688048929221
    -0.000000000000000    -0.007688048929221    -0.067921820895209
14 35
    -0.063866299177181    -0.000000000000000     0.000000000000000
    -0.000000000000000    -0.063866299177181    -0.000000000000002
     0.000000000000000    -0.000000000000002    -0.116915400488303
14 36
    -0.573885481950787    -0.457595414276081     0.641204235445304
    -0.457595414276081    -0.045499810726277     0.370199437939867
     0.641204235445304     0.370199437939867    -0.041710582534777
14 37
    -0.002005125474112    -0.036890123952113     0.006658045678243
    -0.036890123952113     0.040591920514271     0.003844024464607
     0.006658045678243     0.003844024464607    -0.067921820895210
14 38
     0.001856838094709    -0.000000000000000     0.000000000000000
    -0.000000000000000     0.001856838094708     0.000000000000003
     0.000000000000000     0.000000000000003     0.090822321200006
14 39
     0.218693024885946     0.000000000000000     0.000000000000000
    -0.000000000000000    -0.838078317563073    -0.740398875879712
    -0.000000000000000    -0.740398875879712    -0.041710582534713
14 40
    -0.002005125474112     0.036890123952113    -0.006658045678243
     0.036890123952113     0.040591920514271     0.003844024464607
    -0.006658045678243     0.003844024464607    -0.067921820895210
14 41
     0.005200049557025     0.063888740385756    -0.050625966752844
     0.063888740385757     0.078972412476832     0.029228915532732
    -0.020547210638689     0.011862937593336    -0.138101228614187
14 42
     0.031120582485229     0.000000000000000     0.000000000000000
    -0.000000000000000    -0.029791500876962    -0.334883877572603
     0.000000000000000    -0.032604446562680     0.199781759563927
14 43
    -0.013708335936631     0.000000000000000     0.000000000000000
    -0.000000000000000    -0.013708335936631     0.000000000000003
    -0.000000000000000     0.000000000000003     0.105642923361415
14 44
     0.005200049557025    -0.063888740385756     0.050625966752844
    -0.063888740385757     0.078972412476832     0.029228915532732
     0.020547210638689     0.011862937593336    -0.138101228614187
14 45
    -0.014563480036406    -0.026375705794534     0.290017945295718
    -0.026375705794541     0.015892561644689     0.167441938786310
     0.028236278999620     0.016302223281349     0.199781759563911
14 46
    -0.765967061722899     0.000000000000000    -0.000000000000000
    -0.000000000000000    -0.765967061722899    -0.000000000000021
    -0.000000000000000    -0.000000000000021    -1.481437421247013
14 47
     0.115858593936734     0.000000000000000     0.000000000000000
    -0.000000000000000    -0.031686131902881    -0.058457831065480
    -0.000000000000000    -0.023725875186687    -0.138101228614183
14 48
    -0.014563480036406     0.026375705794534    -0.290017945295719
     0.026375705794541     0.015892561644689     0.167441938786310
    -0.028236278999620     0.016302223281349     0.199781759563911
14 49
    -0.006561278782017    -0.333770436022079    -0.334234732056276
    -0.333770436022074    -0.391966180951770     0.192970512525214
    -0.158613909842926     0.091575783545033    -0.557388869631623
14 50
    -0.041452138660264     0.000000000000000     0.000000000000000
    -0.000000000000000     0.012918696755846     0.010989497992662
     0.000000000000000     0.008864794429309     0.104811686305279
14 51
     0.092632284060848     0.000000000000000     0.000000000000000
    -0.000000000000000     0.092632284060848     0.000000000000012
    -0.000000000000000     0.000000000000012     0.507546394173202
14 52
    -0.006561278782017     0.333770436022079     0.334234732056276
     0.333770436022074    -0.391966180951770     0.192970512525214
     0.158613909842926     0.091575783545033    -0.557388869631624
14 53
    -0.000674012098182     0.023543262347666    -0.009517184436482
     0.023543262347666    -0.027859429806237    -0.005494748996326
    -0.007677137175107    -0.004432397214649     0.104811686305280
14 54
     0.036564735393630     0.000000000000000     0.000000000000000
    -0.000000000000000     0.036564735393630    -0.000000000000003
    -0.000000000000000    -0.000000000000003    -0.078597919062403
14 55
    -0.584668632036659     0.000000000000000     0.000000000000000
    -0.000000000000000     0.186141172302847    -0.385941025050459
    -0.000000000000000    -0.183151567090097    -0.557388869631598
14 56
    -0.000674012098182    -0.023543262347666     0.009517184436482
    -0.023543262347666    -0.027859429806237    -0.005494748996326
     0.007677137175107    -0.004432397214649     0.104811686305280
15 1
     0.003899125496616    -0.021559599408211    -0.001738123466279
    -0.021559599408211     0.028794006540519    -0.001003506051144
     0.009762546574857     0.005636408892967    -0.047853098796156
15 2
     0.031607642261104    -0.000000000000000    -0.000000000000000
     0.000000000000000     0.031607642261104    -0.000000000000003
    -0.000000000000000    -0.000000000000003    -0.058402230170480
15 3
    -0.080381581243678    -0.000000000000000    -0.000000000000000
     0.000000000000000    -0.011683265924953     0.357660958822935
     0.000000000000000     0.117454630053230    -0.295754498562535
15 4
     0.003899125496616     0.021559599408211     0.001738123466279
     0.021559599408211     0.028794006540519    -0.001003506051144
    -0.009762546574857     0.005636408892967    -0.047853098796156
15 5
    -0.028857844754645    -0.029747243131590     0.309743476282570
    -0.029747243131596    -0.063207002414008    -0.178830479411478
     0.101718693418208    -0.058727315026626    -0.295754498562515
15 6
     0.041241447062470    -0.000000000000000     0.000000000000000
     0.000000000000000    -0.008548315025336     0.002007012102282
     0.000000000000000    -0.011272817785940    -0.047853098796156
15 7
    -0.132160760951188    -0.000000000000000    -0.000000000000000
     0.000000000000000    -0.132160760951188    -0.000000000000009
    -0.000000000000000    -0.000000000000009    -0.452179092600686
15 8
    -0.028857844754645     0.029747243131590    -0.309743476282570
     0.029747243131596    -0.063207002414007    -0.178830479411478
    -0.101718693418208    -0.058727315026626    -0.295754498562514
15 9
    -0.014011073480328     0.156472602292349    -0.065068645982339
     0.156472602292349    -0.194690071588910    -0.037567400273696
    -0.065068645982338    -0.037567400273696     0.129052850721757
15 10
    -0.007322525774515     0.000000000000000    -0.000000000000000
     0.000000000000000    -0.007322525774515    -0.000000000000001
    -0.000000000000000    -0.000000000000001    -0.059080320311751
15 11
     0.007584514662076    -0.000000000000000    -0.000000000000000
     0.000000000000000    -0.003044260208084     0.039201686445605
     0.000000000000000     0.039201686445605    -0.085827595009855
15 12
    -0.014011073480328    -0.156472602292349     0.065068645982338
    -0.156472602292349    -0.194690071588910    -0.037567400273696
     0.065068645982338    -0.037567400273696     0.129052850721757
15 13
    -0.000387066490546     0.004602394524334     0.033949656333088
     0.004602394524334     0.004927320944534    -0.019600843222806
     0.033949656333088    -0.019600843222806    -0.085827595009852
15 14
    -0.285029570643198    -0.000000000000000    -0.000000000000000
     0.000000000000000     0.076328425573966     0.075134800547412
     0.000000000000000     0.075134800547412     0.129052850721750
15 15
     4.438856872984813     0.000000000000000     0.000000000000000
     0.000000000000000     4.438856872984813     0.000000000000007
     0.000000000000000     0.000000000000007     4.684282387576076
15 16
    -0.000387066490546    -0.004602394524334    -0.033949656333088
    -0.004602394524334     0.004927320944534    -0.019600843222806
    -0.033949656333088    -0.019600843222806    -0.085827595009852
15 17
     0.011097314838947     0.064296526227126     0.063751355237761
     0.064296526227124    -0.063145918611429     0.036806862107726
    -0.011410670130528    -0.006587953471493    -0.051567627727231
15 18
    -0.023408658810161    -0.000000000000000     0.000000000000000
     0.000000000000000    -0.023408658810161     0.000000000000003
     0.000000000000000     0.000000000000003     0.068829994162008
15 19
     0.043309292745353     0.000000000000000    -0.000000000000000
     0.000000000000000    -0.100991151025253     0.235320677609705
    -0.000000000000000     0.240285265511103    -0.078577253873720
15 20
     0.011097314838946    -0.064296526227127    -0.063751355237761
    -0.064296526227124    -0.063145918611429     0.036806862107726
     0.011410670130528    -0.006587953471493    -0.051567627727231
15 21
    -0.064916040082611     0.062483925041368     0.203793684845771
     0.062483925041368     0.007234181802691    -0.117660338804855
     0.208093144087702    -0.120142632755554    -0.078577253873699
15 22
    -0.100267535336619    -0.000000000000000    -0.000000000000000
     0.000000000000000     0.048218931564133    -0.073613724215454
     0.000000000000000     0.013175906942984    -0.051567627727228
15 23
     0.108667086844258    -0.000000000000000    -0.000000000000000
     0.000000000000000     0.108667086844258    -0.000000000000007
     0.000000000000000    -0.000000000000007    -0.147420027068568
15 24
    -0.064916040082611    -0.062483925041368    -0.203793684845771
    -0.062483925041368     0.007234181802691    -0.117660338804855
    -0.208093144087702    -0.120142632755554    -0.078577253873699
15 25
     0.007081019231009     0.014724329357419    -0.012559495269495
     0.014724329357421    -0.009921171805275    -0.007251227974730
     0.063004998766796     0.036375952998300    -0.074845541371800
15 26
    -0.209719806834408    -0.000000000000000     0.000000000000000
     0.000000000000000    -0.209719806834408     0.000000000000004
     0.000000000000000     0.000000000000005    -0.054549473736975
15 27
     0.465302413930664    -0.000000000000000    -0.000000000000000
     0.000000000000000    -1.506716899497190    -0.883243070635807
    -0.000000000000000    -0.845732996984528     0.010807026785556
15 28
     0.007081019231009    -0.014724329357419     0.012559495269494
    -0.014724329357421    -0.009921171805275    -0.007251227974730
    -0.063004998766796     0.036375952998300    -0.074845541371799
15 29
    -1.013712071140189     0.853909411090991    -0.764910936887245
     0.853909411090991    -0.027702414426262     0.441621535317926
    -0.732426260207411     0.422866498492287     0.010807026785482
15 30
    -0.018422267323418    -0.000000000000000    -0.000000000000000
     0.000000000000000     0.015582114749150     0.014502455949454
     0.000000000000000    -0.072751905996607    -0.074845541371797
15 31
     0.015781331926974    -0.000000000000000     0.000000000000000
     0.000000000000000     0.015781331926974    -0.000000000000001
     0.000000000000000    -0.000000000000001    -0.023257754864802
15 32
    -1.013712071140190    -0.853909411090991     0.764910936887245
    -0.853909411090992    -0.027702414426262     0.441621535317927
     0.732426260207412     0.422866498492287     0.010807026785482
15 33
    -0.573885481950786    -0.457595414276080     0.641204235445305
    -0.457595414276081    -0.045499810726276     0.370199437939867
     0.641204235445304     0.370199437939867    -0.041710582534777
15 34
    -0.063866299177181     0.000000000000000    -0.000000000000000
     0.000000000000000    -0.063866299177181    -0.000000000000002
    -0.000000000000000    -0.000000000000002    -0.116915400488303
15 35
     0.061890443508463    -0.000000000000000    -0.000000000000000
     0.000000000000000    -0.023303648468304    -0.007688048929221
     0.000000000000000    -0.007688048929221    -0.067921820895209
15 36
    -0.573885481950787     0.457595414276081    -0.641204235445304
     0.457595414276081    -0.045499810726277     0.370199437939867
    -0.641204235445304     0.370199437939867    -0.041710582534777
15 37
    -0.002005125474112     0.036890123952113    -0.006658045678243
     0.036890123952113     0.040591920514271     0.003844024464607
    -0.006658045678243     0.003844024464607    -0.067921820895210
15 38
     0.218693024885946    -0.000000000000000    -0.000000000000000
     0.000000000000000    -0.838078317563073    -0.740398875879712
     0.000000000000000    -0.740398875879712    -0.041710582534713
15 39
     0.001856838094709     0.000000000000000    -0.000000000000000
     0.000000000000000     0.001856838094708     0.000000000000003
    -0.000000000000000     0.000000000000003     0.090822321200006
15 40
    -0.002005125474112    -0.036890123952113     0.006658045678243
    -0.036890123952113     0.040591920514271     0.003844024464607
     0.006658045678243     0.003844024464607    -0.067921820895210
15 41
     0.005200049557025    -0.063888740385756     0.050625966752844
    -0.063888740385757     0.078972412476832     0.029228915532732
     0.020547210638689     0.011862937593336    -0.138101228614187
15 42
    -0.013708335936631    -0.000000000000000    -0.000000000000000
     0.000000000000000    -0.013708335936631     0.000000000000003
     0.000000000000000     0.000000000000003     0.105642923361415
15 43
     0.031120582485229    -0.000000000000000    -0.000000000000000
    -0.000000000000000    -0.029791500876962    -0.334883877572603
     0.000000000000000    -0.032604446562680     0.199781759563927
15 44
     0.005200049557025     0.063888740385756    -0.050625966752844
     0.063888740385757     0.078972412476832     0.029228915532732
    -0.020547210638689     0.011862937593336    -0.138101228614187
15 45
    -0.014563480036406     0.026375705794534    -0.290017945295718
     0.026375705794541     0.015892561644689     0.167441938786310
    -0.028236278999620     0.016302223281349     0.199781759563911
15 46
     0.115858593936734    -0.000000000000000    -0.000000000000000
    -0.000000000000000    -0.031686131902881    -0.058457831065480
    -0.000000000000000    -0.023725875186687    -0.138101228614183
15 47
    -0.765967061722899    -0.000000000000000    -0.000000000000000
     0.000000000000000    -0.765967061722899    -0.000000000000021
    -0.000000000000000    -0.000000000000021    -1.481437421247013
15 48
    -0.014563480036406    -0.026375705794534     0.290017945295718
    -0.026375705794541     0.015892561644689     0.167441938786310
     0.028236278999620     0.016302223281349     0.199781759563911
15 49
    -0.006561278782017     0.333770436022079     0.334234732056276
     0.333770436022074    -0.391966180951770     0.192970512525214
     0.158613909842926     0.091575783545033    -0.557388869631623
15 50
     0.092632284060848    -0.000000000000000    -0.000000000000000
     0.000000000000000     0.092632284060848     0.000000000000012
     0.000000000000000     0.000000000000012     0.507546394173202
15 51
    -0.041452138660264    -0.000000000000000    -0.000000000000000
     0.000000000000000     0.012918696755846     0.010989497992662
     0.000000000000000     0.008864794429309     0.104811686305279
15 52
    -0.006561278782017    -0.333770436022079    -0.334234732056276
    -0.333770436022074    -0.391966180951770     0.192970512525214
    -0.158613909842926     0.091575783545033    -0.557388869631624
15 53
    -0.000674012098182    -0.023543262347666     0.009517184436482
    -0.023543262347666    -0.027859429806237    -0.005494748996326
     0.007677137175107    -0.004432397214649     0.104811686305280
15 54
    -0.584668632036659    -0.000000000000000    -0.000000000000000
     0.000000000000000     0.186141172302847    -0.385941025050459
    -0.000000000000000    -0.183151567090097    -0.557388869631598
15 55
     0.036564735393630    -0.000000000000000    -0.000000000000000
     0.000000000000000     0.036564735393630    -0.000000000000003
     0.000000000000000    -0.000000000000003    -0.078597919062403
15 56
    -0.000674012098182     0.023543262347666    -0.009517184436482
     0.023543262347666    -0.027859429806237    -0.005494748996326
    -0.007677137175107    -0.004432397214649     0.104811686305280
16 1
     0.031607642261104    -0.000000000000000     0.000000000000000
     0.000000000000000     0.031607642261104    -0.000000000000003
     0.000000000000000    -0.000000000000003    -0.058402230170480
16 2
     0.003899125496616    -0.021559599408211    -0.001738123466279
    -0.021559599408211     0.028794006540519    -0.001003506051144
     0.009762546574857     0.005636408892967    -0.047853098796156
16 3
     0.003899125496616     0.021559599408211     0.001738123466279
     0.021559599408211     0.028794006540519    -0.001003506051144
    -0.009762546574857     0.005636408892967    -0.047853098796156
16 4
    -0.080381581243678    -0.000000000000000    -0.000000000000000
     0.000000000000000    -0.011683265924953     0.357660958822935
     0.000000000000000     0.117454630053230    -0.295754498562535
16 5
     0.041241447062470    -0.000000000000000    -0.000000000000000
    -0.000000000000000    -0.008548315025336     0.002007012102282
     0.000000000000000    -0.011272817785940    -0.047853098796156
16 6
    -0.028857844754645    -0.029747243131590     0.309743476282570
    -0.029747243131596    -0.063207002414007    -0.178830479411478
     0.101718693418208    -0.058727315026626    -0.295754498562515
16 7
    -0.028857844754645     0.029747243131590    -0.309743476282570
     0.029747243131596    -0.063207002414007    -0.178830479411478
    -0.101718693418208    -0.058727315026626    -0.295754498562515
16 8
    -0.132160760951188    -0.000000000000000     0.000000000000000
     0.000000000000000    -0.132160760951188    -0.000000000000009
     0.000000000000000    -0.000000000000009    -0.452179092600685
16 9
    -0.007322525774515    -0.000000000000000     0.000000000000000
    -0.000000000000000    -0.007322525774515    -0.000000000000001
     0.000000000000000    -0.000000000000001    -0.059080320311751
16 10
    -0.014011073480328     0.156472602292349    -0.065068645982338
     0.156472602292349    -0.194690071588910    -0.037567400273696
    -0.065068645982339    -0.037567400273696     0.129052850721757
16 11
    -0.014011073480328    -0.156472602292349     0.065068645982338
    -0.156472602292349    -0.194690071588910    -0.037567400273696
     0.065068645982339    -0.037567400273696     0.129052850721757
16 12
     0.007584514662076    -0.000000000000000    -0.000000000000000
     0.000000000000000    -0.003044260208084     0.039201686445605
     0.000000000000000     0.039201686445605    -0.085827595009855
16 13
    -0.285029570643198    -0.000000000000000     0.000000000000000
     0.000000000000000     0.076328425573966     0.075134800547412
     0.000000000000000     0.075134800547412     0.129052850721750
16 14
    -0.000387066490546     0.004602394524334     0.033949656333088
     0.004602394524334     0.004927320944534    -0.019600843222806
     0.033949656333088    -0.019600843222806    -0.085827595009852
16 15
    -0.000387066490546    -0.004602394524334    -0.033949656333088
    -0.004602394524334     0.004927320944534    -0.019600843222806
    -0.033949656333088    -0.019600843222806    -0.085827595009852
16 16
     4.438856872984807    -0.000000000000000     0.000000000000000
    -0.000000000000000     4.438856872984808     0.000000000000007
     0.000000000000000     0.000000000000007     4.684282387576078
16 17
    -0.023408658810161    -0.000000000000000     0.000000000000000
     0.000000000000000    -0.023408658810161     0.000000000000003
     0.000000000000000     0.000000000000003     0.068829994162008
16 18
     0.011097314838946     0.064296526227127     0.063751355237761
     0.064296526227125    -0.063145918611429     0.036806862107726
    -0.011410670130528    -0.006587953471493    -0.051567627727231
16 19
     0.011097314838946    -0.064296526227127    -0.063751355237761
    -0.064296526227125    -0.063145918611429     0.036806862107726
     0.011410670130528    -0.006587953471493    -0.051567627727231
16 20
     0.043309292745353    -0.000000000000000    -0.000000000000000
     0.000000000000000    -0.100991151025252     0.235320677609705
     0.000000000000000     0.240285265511104    -0.078577253873720
16 21
    -0.100267535336618    -0.000000000000000     0.000000000000000
     0.000000000000000     0.048218931564133    -0.073613724215454
     0.000000000000000     0.013175906942984    -0.051567627727228
16 22
    -0.064916040082611     0.062483925041368     0.203793684845770
     0.062483925041368     0.007234181802691    -0.117660338804855
     0.208093144087702    -0.120142632755554    -0.078577253873699
16 23
    -0.064916040082611    -0.062483925041368    -0.203793684845771
    -0.062483925041368     0.007234181802691    -0.117660338804855
    -0.208093144087702    -0.120142632755554    -0.078577253873699
16 24
     0.108667086844258    -0.000000000000000    -0.000000000000000
     0.000000000000000     0.108667086844258    -0.000000000000007
     0.000000000000000    -0.000000000000007    -0.147420027068568
16 25
    -0.209719806834408    -0.000000000000000     0.000000000000000
     0.000000000000000    -0.209719806834408     0.000000000000004
     0.000000000000000     0.000000000000005    -0.054549473736975
16 26
     0.007081019231009     0.014724329357419    -0.012559495269494
     0.014724329357421    -0.009921171805275    -0.007251227974730
     0.063004998766796     0.036375952998300    -0.074845541371799
16 27
     0.007081019231009    -0.014724329357419     0.012559495269494
    -0.014724329357421    -0.009921171805275    -0.007251227974730
    -0.063004998766796     0.036375952998300    -0.074845541371799
16 28
     0.465302413930664    -0.000000000000000    -0.000000000000000
    -0.000000000000000    -1.506716899497190    -0.883243070635808
    -0.000000000000000    -0.845732996984528     0.010807026785556
16 29
    -0.018422267323418    -0.000000000000000     0.000000000000000
     0.000000000000000     0.015582114749150     0.014502455949454
     0.000000000000000    -0.072751905996607    -0.074845541371797
16 30
    -1.013712071140188     0.853909411090991    -0.764910936887244
     0.853909411090991    -0.027702414426262     0.441621535317927
    -0.732426260207411     0.422866498492287     0.010807026785482
16 31
    -1.013712071140188    -0.853909411090991     0.764910936887244
    -0.853909411090991    -0.027702414426262     0.441621535317927
     0.732426260207411     0.422866498492287     0.010807026785482
16 32
     0.015781331926974    -0.000000000000000     0.000000000000000
     0.000000000000000     0.015781331926974    -0.000000000000001
     0.000000000000000    -0.000000000000001    -0.023257754864802
16 33
    -0.063866299177181    -0.000000000000000     0.000000000000000
    -0.000000000000000    -0.063866299177181    -0.000000000000002
     0.000000000000000    -0.000000000000002    -0.116915400488303
16 34
    -0.573885481950786    -0.457595414276081     0.641204235445304
    -0.457595414276080    -0.045499810726276     0.370199437939867
     0.641204235445305     0.370199437939867    -0.041710582534777
16 35
    -0.573885481950787     0.457595414276081    -0.641204235445304
     0.457595414276080    -0.045499810726277     0.370199437939867
    -0.641204235445305     0.370199437939867    -0.041710582534777
16 36
     0.061890443508463    -0.000000000000000    -0.000000000000000
    -0.000000000000000    -0.023303648468303    -0.007688048929221
     0.000000000000000    -0.007688048929221    -0.067921820895209
16 37
     0.218693024885946    -0.000000000000000    -0.000000000000000
    -0.000000000000000    -0.838078317563072    -0.740398875879712
     0.000000000000000    -0.740398875879712    -0.041710582534713
16 38
    -0.002005125474112     0.036890123952113    -0.006658045678243
     0.036890123952113     0.040591920514271     0.003844024464607
    -0.006658045678243     0.003844024464607    -0.067921820895210
16 39
    -0.002005125474112    -0.036890123952113     0.006658045678243
    -0.036890123952113     0.040591920514271     0.003844024464607
     0.006658045678243     0.003844024464607    -0.067921820895210
16 40
     0.001856838094709    -0.000000000000000     0.000000000000000
    -0.000000000000000     0.001856838094709     0.000000000000003
     0.000000000000000     0.000000000000003     0.090822321200006
16 41
    -0.013708335936631    -0.000000000000000     0.000000000000000
     0.000000000000000    -0.013708335936631     0.000000000000003
     0.000000000000000     0.000000000000003     0.105642923361415
16 42
     0.005200049557025    -0.063888740385756     0.050625966752844
    -0.063888740385757     0.078972412476833     0.029228915532732
     0.020547210638689     0.011862937593336    -0.138101228614187
16 43
     0.005200049557025     0.063888740385756    -0.050625966752844
     0.063888740385757     0.078972412476833     0.029228915532732
    -0.020547210638689     0.011862937593336    -0.138101228614187
16 44
     0.031120582485229    -0.000000000000000     0.000000000000000
    -0.000000000000000    -0.029791500876962    -0.334883877572603
     0.000000000000000    -0.032604446562680     0.199781759563927
16 45
     0.115858593936735    -0.000000000000000     0.000000000000000
    -0.000000000000000    -0.031686131902881    -0.058457831065480
     0.000000000000000    -0.023725875186687    -0.138101228614183
16 46
    -0.014563480036406     0.026375705794534    -0.290017945295718
     0.026375705794541     0.015892561644689     0.167441938786310
    -0.028236278999620     0.016302223281349     0.199781759563911
16 47
    -0.014563480036406    -0.026375705794534     0.290017945295718
    -0.026375705794541     0.015892561644689     0.167441938786310
     0.028236278999620     0.016302223281349     0.199781759563911
16 48
    -0.765967061722900    -0.000000000000000    -0.000000000000000
     0.000000000000000    -0.765967061722900    -0.000000000000021
    -0.000000000000000    -0.000000000000021    -1.481437421247013
16 49
     0.092632284060848    -0.000000000000000     0.000000000000000
     0.000000000000000     0.092632284060848     0.000000000000012
     0.000000000000000     0.000000000000012     0.507546394173202
16 50
    -0.006561278782017     0.333770436022079     0.334234732056276
     0.333770436022074    -0.391966180951770     0.192970512525214
     0.158613909842926     0.091575783545033    -0.557388869631624
16 51
    -0.006561278782017    -0.333770436022079    -0.334234732056276
    -0.333770436022074    -0.391966180951770     0.192970512525214
    -0.158613909842926     0.091575783545033    -0.557388869631624
16 52
    -0.041452138660263    -0.000000000000000     0.000000000000000
     0.000000000000000     0.012918696755846     0.010989497992662
     0.000000000000000     0.008864794429309     0.104811686305279
16 53
    -0.584668632036659    -0.000000000000000     0.000000000000000
    -0.000000000000000     0.186141172302847    -0.385941025050459
     0.000000000000000    -0.183151567090097    -0.557388869631598
16 54
    -0.000674012098182    -0.023543262347666     0.009517184436482
    -0.023543262347666    -0.027859429806237    -0.005494748996326
     0.007677137175107    -0.004432397214649     0.104811686305279
16 55
    -0.000674012098182     0.023543262347666    -0.009517184436482
     0.023543262347666    -0.027859429806236    -0.005494748996326
    -0.007677137175107    -0.004432397214649     0.104811686305279
16 56
     0.036564735393630    -0.000000000000000     0.000000000000000
     0.000000000000000     0.036564735393630    -0.000000000000003
     0.000000000000000    -0.000000000000003    -0.078597919062403
17 1
     0.014680259380992     0.000000000000000     0.000000000000000
     0.000000000000000     0.014680259380992    -0.000000000000002
     0.000000000000000    -0.000000000000002    -0.041809503488522
17 2
    -0.832707906883811    -0.588818236604218     0.733328452858102
    -0.588818236604212    -0.152799172069348     0.423387379662031
     0.941411697616395     0.543524297037082    -0.042298523754957
17 3
    -0.832707906883812     0.588818236604218    -0.733328452858102
     0.588818236604212    -0.152799172069348     0.423387379662031
    -0.941411697616395     0.543524297037082    -0.042298523754957
17 4
    -0.013686721251912     0.000000000000000    -0.000000000000000
    -0.000000000000000     0.016150178033417    -0.022661297726739
     0.000000000000000     0.047196747444581    -0.116526452228253
17 5
     0.187155195337843    -0.000000000000000    -0.000000000000000
    -0.000000000000000    -1.172662274291085    -0.846774759324024
     0.000000000000000    -1.087048594074125    -0.042298523754874
17 6
     0.008690953212084    -0.012919756375627    -0.019625259514075
    -0.012919756375625    -0.006227496430580     0.011330648863365
     0.040873582263009    -0.023598373722296    -0.116526452228252
17 7
     0.008690953212084     0.012919756375627     0.019625259514075
     0.012919756375625    -0.006227496430580     0.011330648863365
    -0.040873582263009    -0.023598373722296    -0.116526452228252
17 8
     0.012478233435655     0.000000000000000     0.000000000000000
     0.000000000000000     0.012478233435655     0.000000000000002
     0.000000000000000     0.000000000000002     0.075598657735365
17 9
     0.108667086844258     0.000000000000000     0.000000000000000
    -0.000000000000000     0.108667086844258    -0.000000000000007
    -0.000000000000000    -0.000000000000007    -0.147420027068568
17 10
    -0.064916040082611    -0.062483925041368    -0.208093144087702
    -0.062483925041368     0.007234181802691    -0.120142632755554
    -0.203793684845771    -0.117660338804855    -0.078577253873699
17 11
    -0.064916040082611     0.062483925041368     0.208093144087702
     0.062483925041368     0.007234181802691    -0.120142632755554
     0.203793684845771    -0.117660338804855    -0.078577253873699
17 12
    -0.100267535336618    -0.000000000000000     0.000000000000000
     0.000000000000000     0.048218931564133     0.013175906942984
    -0.000000000000000    -0.073613724215454    -0.051567627727228
17 13
     0.043309292745353     0.000000000000000    -0.000000000000000
     0.000000000000000    -0.100991151025252     0.240285265511103
    -0.000000000000000     0.235320677609705    -0.078577253873720
17 14
     0.011097314838947    -0.064296526227124     0.011410670130528
    -0.064296526227126    -0.063145918611429    -0.006587953471493
    -0.063751355237761     0.036806862107726    -0.051567627727231
17 15
     0.011097314838947     0.064296526227124    -0.011410670130528
     0.064296526227126    -0.063145918611429    -0.006587953471493
     0.063751355237761     0.036806862107726    -0.051567627727231
17 16
    -0.023408658810161     0.000000000000000     0.000000000000000
    -0.000000000000000    -0.023408658810161     0.000000000000003
     0.000000000000000     0.000000000000003     0.068829994162008
17 17
     5.295614625380164    -0.000000000000000     0.000000000000000
    -0.000000000000000     5.295614625380161    -0.000000000000068
     0.000000000000000    -0.000000000000068     2.937799043428584
17 18
    -0.000508060435772    -0.018421428230717    -0.012269411217763
    -0.018421428230717     0.020763172659951    -0.007083747869376
    -0.012269411217763    -0.007083747869376    -0.033979152011046
17 19
    -0.000508060435772     0.018421428230717     0.012269411217763
     0.018421428230717     0.020763172659951    -0.007083747869376
     0.012269411217763    -0.007083747869376    -0.033979152011046
17 20
    -0.323844511398238     0.000000000000000     0.000000000000000
     0.000000000000000     0.062697843596650    -0.001809830991798
     0.000000000000000    -0.001809830991798     0.008510626269583
17 21
     0.031398789207812     0.000000000000000    -0.000000000000000
     0.000000000000000    -0.011143676983632     0.014167495738748
    -0.000000000000000     0.014167495738748    -0.033979152011047
17 22
    -0.033937745152072    -0.167377749532117    -0.001567359615447
    -0.167377749532117    -0.227208922649515     0.000904915495905
    -0.001567359615447     0.000904915495905     0.008510626269583
17 23
    -0.033937745152072     0.167377749532117     0.001567359615447
     0.167377749532117    -0.227208922649515     0.000904915495905
     0.001567359615447     0.000904915495905     0.008510626269583
17 24
    -0.036186528501158     0.000000000000000     0.000000000000000
     0.000000000000000    -0.036186528501158    -0.000000000000001
    -0.000000000000000    -0.000000000000001    -0.086200283070934
17 25
     0.081873987842294     0.000000000000000    -0.000000000000000
     0.000000000000000     0.081873987842294    -0.000000000000012
    -0.000000000000000    -0.000000000000012    -0.333154189469415
17 26
    -0.043845929360153    -0.109488413599864    -0.110029017386334
    -0.109488413599864     0.082580400769893    -0.063525282806676
    -0.110029017386334    -0.063525282806676    -0.066095821421352
17 27
    -0.043845929360153     0.109488413599864     0.110029017386334
     0.109488413599864     0.082580400769893    -0.063525282806676
     0.110029017386334    -0.063525282806676    -0.066095821421352
17 28
    -0.056495876897604     0.000000000000000     0.000000000000000
     0.000000000000000     0.022277469958090    -0.046660351803995
    -0.000000000000000    -0.046660351803995     0.009045245927122
17 29
     0.145793565834921     0.000000000000000    -0.000000000000000
     0.000000000000000    -0.107059094425170     0.127050565613344
    -0.000000000000000     0.127050565613344    -0.066095821421363
17 30
     0.002584133244168    -0.034109859759079    -0.040409050011777
    -0.034109859759079    -0.036802540183679     0.023330175901998
    -0.040409050011777     0.023330175901998     0.009045245927118
17 31
     0.002584133244168     0.034109859759079     0.040409050011777
     0.034109859759079    -0.036802540183679     0.023330175901998
     0.040409050011777     0.023330175901998     0.009045245927118
17 32
    -0.167645471224972     0.000000000000000     0.000000000000000
     0.000000000000000    -0.167645471224972     0.000000000000009
     0.000000000000000     0.000000000000009     0.128751350836338
17 33
     0.015781331926974     0.000000000000000     0.000000000000000
    -0.000000000000000     0.015781331926974    -0.000000000000001
     0.000000000000000    -0.000000000000001    -0.023257754864802
17 34
    -1.013712071140190    -0.853909411090992     0.732426260207412
    -0.853909411090991    -0.027702414426262     0.422866498492287
     0.764910936887245     0.441621535317927     0.010807026785482
17 35
    -1.013712071140189     0.853909411090992    -0.732426260207412
     0.853909411090991    -0.027702414426262     0.422866498492287
    -0.764910936887245     0.441621535317927     0.010807026785482
17 36
    -0.018422267323418    -0.000000000000000    -0.000000000000000
    -0.000000000000000     0.015582114749150    -0.072751905996606
    -0.000000000000000     0.014502455949454    -0.074845541371797
17 37
     0.465302413930664    -0.000000000000000    -0.000000000000000
    -0.000000000000000    -1.506716899497189    -0.845732996984528
    -0.000000000000000    -0.883243070635807     0.010807026785556
17 38
     0.007081019231009    -0.014724329357421    -0.063004998766796
    -0.014724329357419    -0.009921171805275     0.036375952998300
     0.012559495269495    -0.007251227974730    -0.074845541371800
17 39
     0.007081019231009     0.014724329357421     0.063004998766796
     0.014724329357419    -0.009921171805275     0.036375952998300
    -0.012559495269495    -0.007251227974730    -0.074845541371800
17 40
    -0.209719806834408     0.000000000000000     0.000000000000000
    -0.000000000000000    -0.209719806834408     0.000000000000005
     0.000000000000000     0.000000000000004    -0.054549473736975
17 41
    -0.046472275684061     0.000000000000000     0.000000000000000
     0.000000000000000    -0.046472275684061     0.000000000000004
    -0.000000000000000     0.000000000000004     0.084786685231309
17 42
    -0.575816741246521     0.048380276371941     0.063073341497960
     0.048380276371939    -0.631681472420137     0.036415410692532
    -0.021919166553377    -0.012655036710010    -0.835770900958837
17 43
    -0.575816741246521    -0.048380276371941    -0.063073341497960
    -0.048380276371939    -0.631681472420137     0.036415410692532
     0.021919166553377    -0.012655036710010    -0.835770900958836
17 44
     0.046610704331349     0.000000000000000     0.000000000000000
     0.000000000000000    -0.024256744311779     0.001355672878914
     0.000000000000000     0.012273921341678     0.170315825133793
17 45
    -0.659613838006944     0.000000000000000     0.000000000000000
     0.000000000000000    -0.547884375659715    -0.072830821385083
    -0.000000000000000     0.025310073419999    -0.835770900958835
17 46
    -0.006539882150998     0.030686505413169     0.001174047152355
     0.030686505413170     0.028893842170567    -0.000677836439450
     0.010629527685939    -0.006136960670832     0.170315825133794
17 47
    -0.006539882150998    -0.030686505413169    -0.001174047152355
    -0.030686505413170     0.028893842170567    -0.000677836439450
    -0.010629527685939    -0.006136960670832     0.170315825133794
17 48
     0.065815599026747     0.000000000000000     0.000000000000000
     0.000000000000000     0.065815599026747    -0.000000000000005
    -0.000000000000000    -0.000000000000005    -0.108644869423754
17 49
    -0.008067465979313     0.000000000000000     0.000000000000000
     0.000000000000000    -0.008067465979313    -0.000000000000000
    -0.000000000000000    -0.000000000000000    -0.016206492069047
17 50
     0.036296531105494     0.082664291439993    -0.155021894047571
     0.082664291439995    -0.059155970725015    -0.089501932258642
    -0.109254035685434    -0.063077846913029     0.201245759322187
17 51
     0.036296531105494    -0.082664291439993     0.155021894047571
    -0.082664291439995    -0.059155970725015    -0.089501932258642
     0.109254035685434    -0.063077846913029     0.201245759322187
17 52
    -0.010421860120071     0.000000000000000     0.000000000000000
     0.000000000000000     0.118036545417342     0.485734710702042
     0.000000000000000     0.225522613614930     0.082256937262513
17 53
    -0.106882221640263     0.000000000000000     0.000000000000000
     0.000000000000000     0.084022782020756     0.179003864517302
     0.000000000000000     0.126155693826078     0.201245759322174
17 54
     0.085921944032974    -0.055624121262501     0.420658598967857
    -0.055624121262507     0.021692741264267    -0.242867355351020
     0.195308312518395    -0.112761306807464     0.082256937262544
17 55
     0.085921944032974     0.055624121262501    -0.420658598967857
     0.055624121262507     0.021692741264267    -0.242867355351020
    -0.195308312518395    -0.112761306807464     0.082256937262544
17 56
     0.107278915359017     0.000000000000000     0.000000000000000
     0.000000000000000     0.107278915359017    -0.000000000000004
    -0.000000000000000    -0.000000000000004    -0.032083580262281
18 1
    -0.832707906883811    -0.588818236604218     0.733328452858102
    -0.588818236604212    -0.152799172069348     0.423387379662031
     0.941411697616395     0.543524297037082    -0.042298523754957
18 2
     0.014680259380992    -0.000000000000000    -0.000000000000000
    -0.000000000000000     0.014680259380991    -0.000000000000002
     0.000000000000000    -0.000000000000002    -0.041809503488522
18 3
    -0.013686721251912    -0.000000000000000     0.000000000000000
    -0.000000000000000     0.016150178033417    -0.022661297726739
     0.000000000000000     0.047196747444581    -0.116526452228253
18 4
    -0.832707906883812     0.588818236604218    -0.733328452858102
     0.588818236604212    -0.152799172069348     0.423387379662031
    -0.941411697616395     0.543524297037082    -0.042298523754957
18 5
     0.008690953212084    -0.012919756375627    -0.019625259514075
    -0.012919756375625    -0.006227496430580     0.011330648863365
     0.040873582263009    -0.023598373722295    -0.116526452228252
18 6
     0.187155195337843    -0.000000000000000     0.000000000000000
    -0.000000000000000    -1.172662274291085    -0.846774759324024
     0.000000000000000    -1.087048594074125    -0.042298523754874
18 7
     0.012478233435655    -0.000000000000000    -0.000000000000000
    -0.000000000000000     0.012478233435655     0.000000000000002
     0.000000000000000     0.000000000000002     0.075598657735365
18 8
     0.008690953212084     0.012919756375627     0.019625259514075
     0.012919756375625    -0.006227496430580     0.011330648863365
    -0.040873582263009    -0.023598373722295    -0.116526452228252
18 9
    -0.064916040082611    -0.062483925041368    -0.208093144087702
    -0.062483925041368     0.007234181802691    -0.120142632755554
    -0.203793684845771    -0.117660338804855    -0.078577253873699
18 10
     0.108667086844258     0.000000000000000     0.000000000000000
    -0.000000000000000     0.108667086844258    -0.000000000000007
    -0.000000000000000    -0.000000000000007    -0.147420027068568
18 11
    -0.100267535336618    -0.000000000000000     0.000000000000000
    -0.000000000000000     0.048218931564133     0.013175906942984
     0.000000000000000    -0.073613724215454    -0.051567627727228
18 12
    -0.064916040082611     0.062483925041368     0.208093144087702
     0.062483925041368     0.007234181802691    -0.120142632755554
     0.203793684845770    -0.117660338804855    -0.078577253873699
18 13
     0.011097314838946    -0.064296526227125     0.011410670130528
    -0.064296526227126    -0.063145918611429    -0.006587953471493
    -0.063751355237761     0.036806862107726    -0.051567627727231
18 14
     0.043309292745353    -0.000000000000000     0.000000000000000
     0.000000000000000    -0.100991151025253     0.240285265511103
     0.000000000000000     0.235320677609705    -0.078577253873720
18 15
    -0.023408658810161     0.000000000000000     0.000000000000000
    -0.000000000000000    -0.023408658810161     0.000000000000003
     0.000000000000000     0.000000000000003     0.068829994162008
18 16
     0.011097314838946     0.064296526227125    -0.011410670130528
     0.064296526227127    -0.063145918611429    -0.006587953471493
     0.063751355237761     0.036806862107726    -0.051567627727231
18 17
    -0.000508060435772    -0.018421428230717    -0.012269411217763
    -0.018421428230717     0.020763172659951    -0.007083747869376
    -0.012269411217763    -0.007083747869376    -0.033979152011046
18 18
     5.295614625380171    -0.000000000000000     0.000000000000000
    -0.000000000000000     5.295614625380172    -0.000000000000068
     0.000000000000000    -0.000000000000068     2.937799043428583
18 19
    -0.323844511398238    -0.000000000000000     0.000000000000000
     0.000000000000000     0.062697843596649    -0.001809830991798
     0.000000000000000    -0.001809830991798     0.008510626269583
18 20
    -0.000508060435772     0.018421428230717     0.012269411217763
     0.018421428230717     0.020763172659950    -0.007083747869376
     0.012269411217763    -0.007083747869376    -0.033979152011046
18 21
    -0.033937745152072    -0.167377749532117    -0.001567359615447
    -0.167377749532117    -0.227208922649516     0.000904915495905
    -0.001567359615447     0.000904915495905     0.008510626269583
18 22
     0.031398789207812    -0.000000000000000    -0.000000000000000
     0.000000000000000    -0.011143676983633     0.014167495738748
     0.000000000000000     0.014167495738748    -0.033979152011047
18 23
    -0.036186528501159    -0.000000000000000     0.000000000000000
    -0.000000000000000    -0.036186528501159    -0.000000000000001
     0.000000000000000    -0.000000000000001    -0.086200283070934
18 24
    -0.033937745152072     0.167377749532117     0.001567359615447
     0.167377749532117    -0.227208922649515     0.000904915495905
     0.001567359615447     0.000904915495905     0.008510626269583
18 25
    -0.043845929360153    -0.109488413599864    -0.110029017386334
    -0.109488413599864     0.082580400769893    -0.063525282806676
    -0.110029017386334    -0.063525282806676    -0.066095821421352
18 26
     0.081873987842294    -0.000000000000000     0.000000000000000
    -0.000000000000000     0.081873987842294    -0.000000000000012
     0.000000000000000    -0.000000000000012    -0.333154189469415
18 27
    -0.056495876897604    -0.000000000000000    -0.000000000000000
    -0.000000000000000     0.022277469958090    -0.046660351803995
     0.000000000000000    -0.046660351803995     0.009045245927122
18 28
    -0.043845929360153     0.109488413599864     0.110029017386334
     0.109488413599864     0.082580400769893    -0.063525282806676
     0.110029017386334    -0.063525282806676    -0.066095821421352
18 29
     0.002584133244168    -0.034109859759079    -0.040409050011777
    -0.034109859759079    -0.036802540183679     0.023330175901998
    -0.040409050011777     0.023330175901998     0.009045245927118
18 30
     0.145793565834921     0.000000000000000    -0.000000000000000
     0.000000000000000    -0.107059094425171     0.127050565613344
     0.000000000000000     0.127050565613344    -0.066095821421363
18 31
    -0.167645471224973    -0.000000000000000     0.000000000000000
    -0.000000000000000    -0.167645471224973     0.000000000000009
     0.000000000000000     0.000000000000009     0.128751350836338
18 32
     0.002584133244168     0.034109859759079     0.040409050011777
     0.034109859759079    -0.036802540183679     0.023330175901998
     0.040409050011777     0.023330175901998     0.009045245927118
18 33
    -1.013712071140188    -0.853909411090991     0.732426260207411
    -0.853909411090991    -0.027702414426262     0.422866498492287
     0.764910936887244     0.441621535317927     0.010807026785482
18 34
     0.015781331926974     0.000000000000000     0.000000000000000
    -0.000000000000000     0.015781331926974    -0.000000000000001
     0.000000000000000    -0.000000000000001    -0.023257754864802
18 35
    -0.018422267323418    -0.000000000000000     0.000000000000000
    -0.000000000000000     0.015582114749150    -0.072751905996607
     0.000000000000000     0.014502455949454    -0.074845541371797
18 36
    -1.013712071140189     0.853909411090991    -0.732426260207412
     0.853909411090991    -0.027702414426262     0.422866498492287
    -0.764910936887245     0.441621535317926     0.010807026785482
18 37
     0.007081019231009    -0.014724329357421    -0.063004998766796
    -0.014724329357419    -0.009921171805275     0.036375952998300
     0.012559495269495    -0.007251227974730    -0.074845541371799
18 38
     0.465302413930664    -0.000000000000000    -0.000000000000000
    -0.000000000000000    -1.506716899497189    -0.845732996984528
     0.000000000000000    -0.883243070635807     0.010807026785556
18 39
    -0.209719806834408     0.000000000000000     0.000000000000000
    -0.000000000000000    -0.209719806834408     0.000000000000005
     0.000000000000000     0.000000000000004    -0.054549473736975
18 40
     0.007081019231009     0.014724329357421     0.063004998766796
     0.014724329357419    -0.009921171805275     0.036375952998300
    -0.012559495269494    -0.007251227974730    -0.074845541371799
18 41
    -0.575816741246521     0.048380276371941     0.063073341497960
     0.048380276371939    -0.631681472420137     0.036415410692532
    -0.021919166553377    -0.012655036710010    -0.835770900958836
18 42
    -0.046472275684062    -0.000000000000000     0.000000000000000
    -0.000000000000000    -0.046472275684062     0.000000000000004
     0.000000000000000     0.000000000000004     0.084786685231309
18 43
     0.046610704331349    -0.000000000000000     0.000000000000000
    -0.000000000000000    -0.024256744311780     0.001355672878914
     0.000000000000000     0.012273921341678     0.170315825133793
18 44
    -0.575816741246520    -0.048380276371941    -0.063073341497960
    -0.048380276371939    -0.631681472420137     0.036415410692532
     0.021919166553377    -0.012655036710010    -0.835770900958836
18 45
    -0.006539882150998     0.030686505413169     0.001174047152355
     0.030686505413170     0.028893842170567    -0.000677836439450
     0.010629527685939    -0.006136960670832     0.170315825133794
18 46
    -0.659613838006944    -0.000000000000000     0.000000000000000
    -0.000000000000000    -0.547884375659715    -0.072830821385083
     0.000000000000000     0.025310073419999    -0.835770900958835
18 47
     0.065815599026746    -0.000000000000000     0.000000000000000
    -0.000000000000000     0.065815599026747    -0.000000000000005
     0.000000000000000    -0.000000000000005    -0.108644869423754
18 48
    -0.006539882150998    -0.030686505413169    -0.001174047152355
    -0.030686505413170     0.028893842170567    -0.000677836439450
    -0.010629527685939    -0.006136960670832     0.170315825133794
18 49
     0.036296531105494     0.082664291439993    -0.155021894047571
     0.082664291439995    -0.059155970725015    -0.089501932258642
    -0.109254035685434    -0.063077846913030     0.201245759322187
18 50
    -0.008067465979313    -0.000000000000000     0.000000000000000
    -0.000000000000000    -0.008067465979313    -0.000000000000000
     0.000000000000000    -0.000000000000000    -0.016206492069047
18 51
    -0.010421860120071    -0.000000000000000     0.000000000000000
    -0.000000000000000     0.118036545417342     0.485734710702042
     0.000000000000000     0.225522613614930     0.082256937262513
18 52
     0.036296531105494    -0.082664291439993     0.155021894047571
    -0.082664291439995    -0.059155970725015    -0.089501932258642
     0.109254035685434    -0.063077846913029     0.201245759322187
18 53
     0.085921944032974    -0.055624121262501     0.420658598967857
    -0.055624121262507     0.021692741264267    -0.242867355351020
     0.195308312518395    -0.112761306807464     0.082256937262544
18 54
    -0.106882221640263    -0.000000000000000     0.000000000000000
    -0.000000000000000     0.084022782020756     0.179003864517302
     0.000000000000000     0.126155693826078     0.201245759322174
18 55
     0.107278915359017    -0.000000000000000     0.000000000000000
    -0.000000000000000     0.107278915359017    -0.000000000000004
     0.000000000000000    -0.000000000000004    -0.032083580262281
18 56
     0.085921944032974     0.055624121262501    -0.420658598967857
     0.055624121262507     0.021692741264267    -0.242867355351020
    -0.195308312518395    -0.112761306807464     0.082256937262544
19 1
    -0.832707906883812     0.588818236604218    -0.733328452858103
     0.588818236604212    -0.152799172069348     0.423387379662031
    -0.941411697616395     0.543524297037082    -0.042298523754957
19 2
    -0.013686721251912     0.000000000000000    -0.000000000000000
     0.000000000000000     0.016150178033417    -0.022661297726739
    -0.000000000000000     0.047196747444581    -0.116526452228253
19 3
     0.014680259380992     0.000000000000000     0.000000000000000
     0.000000000000000     0.014680259380991    -0.000000000000002
    -0.000000000000000    -0.000000000000002    -0.041809503488522
19 4
    -0.832707906883812    -0.588818236604218     0.733328452858102
    -0.588818236604212    -0.152799172069348     0.423387379662031
     0.941411697616395     0.543524297037082    -0.042298523754957
19 5
     0.008690953212084     0.012919756375627     0.019625259514075
     0.012919756375625    -0.006227496430580     0.011330648863365
    -0.040873582263009    -0.023598373722295    -0.116526452228252
19 6
     0.012478233435655     0.000000000000000     0.000000000000000
     0.000000000000000     0.012478233435655     0.000000000000002
    -0.000000000000000     0.000000000000002     0.075598657735365
19 7
     0.187155195337843    -0.000000000000000    -0.000000000000000
    -0.000000000000000    -1.172662274291085    -0.846774759324024
    -0.000000000000000    -1.087048594074125    -0.042298523754874
19 8
     0.008690953212084    -0.012919756375627    -0.019625259514075
    -0.012919756375625    -0.006227496430580     0.011330648863365
     0.040873582263009    -0.023598373722295    -0.116526452228252
19 9
    -0.064916040082611     0.062483925041368     0.208093144087702
     0.062483925041368     0.007234181802691    -0.120142632755554
     0.203793684845770    -0.117660338804855    -0.078577253873699
19 10
    -0.100267535336618     0.000000000000000     0.000000000000000
    -0.000000000000000     0.048218931564133     0.013175906942984
    -0.000000000000000    -0.073613724215454    -0.051567627727228
19 11
     0.108667086844258    -0.000000000000000    -0.000000000000000
     0.000000000000000     0.108667086844258    -0.000000000000007
    -0.000000000000000    -0.000000000000007    -0.147420027068568
19 12
    -0.064916040082611    -0.062483925041368    -0.208093144087702
    -0.062483925041368     0.007234181802691    -0.120142632755554
    -0.203793684845770    -0.117660338804855    -0.078577253873699
19 13
     0.011097314838946     0.064296526227125    -0.011410670130528
     0.064296526227126    -0.063145918611429    -0.006587953471493
     0.063751355237761     0.036806862107726    -0.051567627727231
19 14
    -0.023408658810161    -0.000000000000000    -0.000000000000000
     0.000000000000000    -0.023408658810161     0.000000000000003
    -0.000000000000000     0.000000000000003     0.068829994162008
19 15
     0.043309292745353     0.000000000000000    -0.000000000000000
     0.000000000000000    -0.100991151025253     0.240285265511103
    -0.000000000000000     0.235320677609705    -0.078577253873720
19 16
     0.011097314838946    -0.064296526227125     0.011410670130528
    -0.064296526227127    -0.063145918611429    -0.006587953471493
    -0.063751355237761     0.036806862107726    -0.051567627727231
19 17
    -0.000508060435772     0.018421428230717     0.012269411217763
     0.018421428230717     0.020763172659951    -0.007083747869376
     0.012269411217763    -0.007083747869376    -0.033979152011046
19 18
    -0.323844511398238     0.000000000000000     0.000000000000000
    -0.000000000000000     0.062697843596649    -0.001809830991798
     0.000000000000000    -0.001809830991798     0.008510626269583
19 19
     5.295614625380173     0.000000000000000    -0.000000000000000
     0.000000000000000     5.295614625380172    -0.000000000000068
    -0.000000000000000    -0.000000000000068     2.937799043428584
19 20
    -0.000508060435772    -0.018421428230717    -0.012269411217763
    -0.018421428230717     0.020763172659950    -0.007083747869376
    -0.012269411217763    -0.007083747869376    -0.033979152011046
19 21
    -0.033937745152072     0.167377749532117     0.001567359615447
     0.167377749532117    -0.227208922649516     0.000904915495905
     0.001567359615447     0.000904915495905     0.008510626269583
19 22
    -0.036186528501159     0.000000000000000    -0.000000000000000
     0.000000000000000    -0.036186528501159    -0.000000000000001
    -0.000000000000000    -0.000000000000001    -0.086200283070934
19 23
     0.031398789207812     0.000000000000000     0.000000000000000
    -0.000000000000000    -0.011143676983633     0.014167495738748
    -0.000000000000000     0.014167495738748    -0.033979152011047
19 24
    -0.033937745152072    -0.167377749532117    -0.001567359615447
    -0.167377749532117    -0.227208922649515     0.000904915495905
    -0.001567359615447     0.000904915495905     0.008510626269583
19 25
    -0.043845929360153     0.109488413599864     0.110029017386334
     0.109488413599864     0.082580400769893    -0.063525282806676
     0.110029017386334    -0.063525282806676    -0.066095821421352
19 26
    -0.056495876897604    -0.000000000000000     0.000000000000000
    -0.000000000000000     0.022277469958090    -0.046660351803995
    -0.000000000000000    -0.046660351803995     0.009045245927122
19 27
     0.081873987842294     0.000000000000000    -0.000000000000000
     0.000000000000000     0.081873987842294    -0.000000000000012
    -0.000000000000000    -0.000000000000012    -0.333154189469415
19 28
    -0.043845929360153    -0.109488413599864    -0.110029017386334
    -0.109488413599864     0.082580400769893    -0.063525282806676
    -0.110029017386334    -0.063525282806676    -0.066095821421352
19 29
     0.002584133244168     0.034109859759079     0.040409050011777
     0.034109859759079    -0.036802540183679     0.023330175901998
     0.040409050011777     0.023330175901998     0.009045245927118
19 30
    -0.167645471224973     0.000000000000000    -0.000000000000000
     0.000000000000000    -0.167645471224973     0.000000000000009
    -0.000000000000000     0.000000000000009     0.128751350836338
19 31
     0.145793565834921     0.000000000000000     0.000000000000000
     0.000000000000000    -0.107059094425171     0.127050565613344
    -0.000000000000000     0.127050565613344    -0.066095821421363
19 32
     0.002584133244168    -0.034109859759079    -0.040409050011777
    -0.034109859759079    -0.036802540183679     0.023330175901998
    -0.040409050011777     0.023330175901998     0.009045245927118
19 33
    -1.013712071140188     0.853909411090991    -0.732426260207411
     0.853909411090991    -0.027702414426262     0.422866498492287
    -0.764910936887244     0.441621535317927     0.010807026785482
19 34
    -0.018422267323418     0.000000000000000    -0.000000000000000
    -0.000000000000000     0.015582114749150    -0.072751905996607
    -0.000000000000000     0.014502455949454    -0.074845541371797
19 35
     0.015781331926974    -0.000000000000000    -0.000000000000000
     0.000000000000000     0.015781331926974    -0.000000000000001
    -0.000000000000000    -0.000000000000001    -0.023257754864802
19 36
    -1.013712071140189    -0.853909411090991     0.732426260207412
    -0.853909411090991    -0.027702414426262     0.422866498492287
     0.764910936887245     0.441621535317926     0.010807026785482
19 37
     0.007081019231009     0.014724329357421     0.063004998766796
     0.014724329357419    -0.009921171805275     0.036375952998300
    -0.012559495269495    -0.007251227974730    -0.074845541371799
19 38
    -0.209719806834408     0.000000000000000    -0.000000000000000
     0.000000000000000    -0.209719806834408     0.000000000000005
    -0.000000000000000     0.000000000000004    -0.054549473736975
19 39
     0.465302413930664     0.000000000000000    -0.000000000000000
    -0.000000000000000    -1.506716899497190    -0.845732996984528
    -0.000000000000000    -0.883243070635807     0.010807026785556
19 40
     0.007081019231009    -0.014724329357421    -0.063004998766796
    -0.014724329357419    -0.009921171805275     0.036375952998300
     0.012559495269494    -0.007251227974730    -0.074845541371799
19 41
    -0.575816741246521    -0.048380276371941    -0.063073341497960
    -0.048380276371939    -0.631681472420137     0.036415410692532
     0.021919166553377    -0.012655036710010    -0.835770900958836
19 42
     0.046610704331349     0.000000000000000    -0.000000000000000
     0.000000000000000    -0.024256744311780     0.001355672878914
    -0.000000000000000     0.012273921341678     0.170315825133793
19 43
    -0.046472275684062     0.000000000000000     0.000000000000000
    -0.000000000000000    -0.046472275684062     0.000000000000004
    -0.000000000000000     0.000000000000004     0.084786685231309
19 44
    -0.575816741246520     0.048380276371941     0.063073341497960
     0.048380276371939    -0.631681472420137     0.036415410692532
    -0.021919166553377    -0.012655036710010    -0.835770900958836
19 45
    -0.006539882150998    -0.030686505413169    -0.001174047152355
    -0.030686505413170     0.028893842170567    -0.000677836439450
    -0.010629527685939    -0.006136960670832     0.170315825133794
19 46
     0.065815599026746     0.000000000000000    -0.000000000000000
    -0.000000000000000     0.065815599026747    -0.000000000000005
    -0.000000000000000    -0.000000000000005    -0.108644869423754
19 47
    -0.659613838006944     0.000000000000000    -0.000000000000000
     0.000000000000000    -0.547884375659715    -0.072830821385083
    -0.000000000000000     0.025310073419999    -0.835770900958835
19 48
    -0.006539882150998     0.030686505413169     0.001174047152355
     0.030686505413170     0.028893842170567    -0.000677836439450
     0.010629527685939    -0.006136960670832     0.170315825133794
19 49
     0.036296531105494    -0.082664291439993     0.155021894047571
    -0.082664291439995    -0.059155970725015    -0.089501932258642
     0.109254035685434    -0.063077846913030     0.201245759322187
19 50
    -0.010421860120071     0.000000000000000    -0.000000000000000
     0.000000000000000     0.118036545417342     0.485734710702042
    -0.000000000000000     0.225522613614930     0.082256937262513
19 51
    -0.008067465979313     0.000000000000000    -0.000000000000000
    -0.000000000000000    -0.008067465979313    -0.000000000000000
    -0.000000000000000    -0.000000000000000    -0.016206492069047
19 52
     0.036296531105494     0.082664291439993    -0.155021894047571
     0.082664291439995    -0.059155970725015    -0.089501932258642
    -0.109254035685434    -0.063077846913029     0.201245759322187
19 53
     0.085921944032974     0.055624121262501    -0.420658598967857
     0.055624121262507     0.021692741264267    -0.242867355351020
    -0.195308312518395    -0.112761306807464     0.082256937262544
19 54
     0.107278915359017     0.000000000000000    -0.000000000000000
    -0.000000000000000     0.107278915359017    -0.000000000000004
    -0.000000000000000    -0.000000000000004    -0.032083580262281
19 55
    -0.106882221640263     0.000000000000000     0.000000000000000
     0.000000000000000     0.084022782020756     0.179003864517302
    -0.000000000000000     0.126155693826078     0.201245759322174
19 56
     0.085921944032974    -0.055624121262501     0.420658598967857
    -0.055624121262507     0.021692741264267    -0.242867355351020
     0.195308312518395    -0.112761306807464     0.082256937262544
20 1
    -0.013686721251912     0.000000000000000     0.000000000000000
     0.000000000000000     0.016150178033417    -0.022661297726739
    -0.000000000000000     0.047196747444581    -0.116526452228253
20 2
    -0.832707906883812     0.588818236604218    -0.733328452858102
     0.588818236604212    -0.152799172069348     0.423387379662031
    -0.941411697616395     0.543524297037082    -0.042298523754957
20 3
    -0.832707906883812    -0.588818236604218     0.733328452858102
    -0.588818236604212    -0.152799172069348     0.423387379662031
     0.941411697616395     0.543524297037082    -0.042298523754957
20 4
     0.014680259380991     0.000000000000000    -0.000000000000000
    -0.000000000000000     0.014680259380991    -0.000000000000002
     0.000000000000000    -0.000000000000002    -0.041809503488522
20 5
     0.012478233435655     0.000000000000000    -0.000000000000000
    -0.000000000000000     0.012478233435655     0.000000000000002
     0.000000000000000     0.000000000000002     0.075598657735365
20 6
     0.008690953212084     0.012919756375627     0.019625259514075
     0.012919756375625    -0.006227496430580     0.011330648863365
    -0.040873582263009    -0.023598373722296    -0.116526452228252
20 7
     0.008690953212084    -0.012919756375627    -0.019625259514075
    -0.012919756375625    -0.006227496430580     0.011330648863365
     0.040873582263009    -0.023598373722296    -0.116526452228252
20 8
     0.187155195337843    -0.000000000000000    -0.000000000000000
    -0.000000000000000    -1.172662274291084    -0.846774759324023
    -0.000000000000000    -1.087048594074124    -0.042298523754874
20 9
    -0.100267535336618     0.000000000000000     0.000000000000000
    -0.000000000000000     0.048218931564133     0.013175906942984
     0.000000000000000    -0.073613724215454    -0.051567627727228
20 10
    -0.064916040082611     0.062483925041368     0.208093144087702
     0.062483925041368     0.007234181802691    -0.120142632755554
     0.203793684845771    -0.117660338804855    -0.078577253873699
20 11
    -0.064916040082611    -0.062483925041368    -0.208093144087702
    -0.062483925041368     0.007234181802691    -0.120142632755554
    -0.203793684845771    -0.117660338804855    -0.078577253873699
20 12
     0.108667086844258     0.000000000000000    -0.000000000000000
     0.000000000000000     0.108667086844258    -0.000000000000007
    -0.000000000000000    -0.000000000000007    -0.147420027068568
20 13
    -0.023408658810161     0.000000000000000    -0.000000000000000
     0.000000000000000    -0.023408658810161     0.000000000000003
    -0.000000000000000     0.000000000000003     0.068829994162008
20 14
     0.011097314838946     0.064296526227124    -0.011410670130528
     0.064296526227127    -0.063145918611429    -0.006587953471493
     0.063751355237761     0.036806862107726    -0.051567627727231
20 15
     0.011097314838946    -0.064296526227124     0.011410670130528
    -0.064296526227127    -0.063145918611429    -0.006587953471493
    -0.063751355237761     0.036806862107726    -0.051567627727231
20 16
     0.043309292745353     0.000000000000000     0.000000000000000
    -0.000000000000000    -0.100991151025252     0.240285265511104
    -0.000000000000000     0.235320677609705    -0.078577253873720
20 17
    -0.323844511398238     0.000000000000000     0.000000000000000
     0.000000000000000     0.062697843596650    -0.001809830991798
     0.000000000000000    -0.001809830991798     0.008510626269583
20 18
    -0.000508060435772     0.018421428230717     0.012269411217763
     0.018421428230717     0.020763172659950    -0.007083747869376
     0.012269411217763    -0.007083747869376    -0.033979152011046
20 19
    -0.000508060435772    -0.018421428230717    -0.012269411217763
    -0.018421428230717     0.020763172659950    -0.007083747869376
    -0.012269411217763    -0.007083747869376    -0.033979152011046
20 20
     5.295614625380175     0.000000000000000    -0.000000000000000
     0.000000000000000     5.295614625380171    -0.000000000000068
    -0.000000000000000    -0.000000000000068     2.937799043428585
20 21
    -0.036186528501159     0.000000000000000    -0.000000000000000
     0.000000000000000    -0.036186528501159    -0.000000000000001
    -0.000000000000000    -0.000000000000001    -0.086200283070934
20 22
    -0.033937745152072     0.167377749532117     0.001567359615447
     0.167377749532117    -0.227208922649516     0.000904915495905
     0.001567359615447     0.000904915495905     0.008510626269583
20 23
    -0.033937745152072    -0.167377749532117    -0.001567359615447
    -0.167377749532117    -0.227208922649516     0.000904915495905
    -0.001567359615447     0.000904915495905     0.008510626269583
20 24
     0.031398789207812     0.000000000000000    -0.000000000000000
     0.000000000000000    -0.011143676983632     0.014167495738748
    -0.000000000000000     0.014167495738748    -0.033979152011047
20 25
    -0.056495876897604     0.000000000000000    -0.000000000000000
     0.000000000000000     0.022277469958090    -0.046660351803995
     0.000000000000000    -0.046660351803995     0.009045245927122
20 26
    -0.043845929360153     0.109488413599864     0.110029017386334
     0.109488413599864     0.082580400769893    -0.063525282806676
     0.110029017386334    -0.063525282806676    -0.066095821421352
20 27
    -0.043845929360153    -0.109488413599864    -0.110029017386334
    -0.109488413599864     0.082580400769893    -0.063525282806676
    -0.110029017386334    -0.063525282806676    -0.066095821421352
20 28
     0.081873987842294     0.000000000000000    -0.000000000000000
     0.000000000000000     0.081873987842294    -0.000000000000012
    -0.000000000000000    -0.000000000000012    -0.333154189469415
20 29
    -0.167645471224973     0.000000000000000    -0.000000000000000
     0.000000000000000    -0.167645471224973     0.000000000000009
    -0.000000000000000     0.000000000000009     0.128751350836338
20 30
     0.002584133244168     0.034109859759079     0.040409050011777
     0.034109859759079    -0.036802540183679     0.023330175901998
     0.040409050011777     0.023330175901998     0.009045245927118
20 31
     0.002584133244168    -0.034109859759079    -0.040409050011777
    -0.034109859759079    -0.036802540183679     0.023330175901998
    -0.040409050011777     0.023330175901998     0.009045245927118
20 32
     0.145793565834921     0.000000000000000    -0.000000000000000
     0.000000000000000    -0.107059094425170     0.127050565613344
    -0.000000000000000     0.127050565613344    -0.066095821421363
20 33
    -0.018422267323418     0.000000000000000     0.000000000000000
    -0.000000000000000     0.015582114749150    -0.072751905996607
     0.000000000000000     0.014502455949454    -0.074845541371797
20 34
    -1.013712071140189     0.853909411090991    -0.732426260207411
     0.853909411090991    -0.027702414426262     0.422866498492287
    -0.764910936887245     0.441621535317926     0.010807026785482
20 35
    -1.013712071140189    -0.853909411090991     0.732426260207411
    -0.853909411090991    -0.027702414426262     0.422866498492287
     0.764910936887245     0.441621535317926     0.010807026785482
20 36
     0.015781331926974     0.000000000000000    -0.000000000000000
     0.000000000000000     0.015781331926974    -0.000000000000001
    -0.000000000000000    -0.000000000000001    -0.023257754864802
20 37
    -0.209719806834408     0.000000000000000    -0.000000000000000
     0.000000000000000    -0.209719806834408     0.000000000000005
    -0.000000000000000     0.000000000000004    -0.054549473736975
20 38
     0.007081019231009     0.014724329357421     0.063004998766796
     0.014724329357419    -0.009921171805275     0.036375952998300
    -0.012559495269495    -0.007251227974730    -0.074845541371799
20 39
     0.007081019231009    -0.014724329357421    -0.063004998766796
    -0.014724329357419    -0.009921171805275     0.036375952998300
     0.012559495269494    -0.007251227974730    -0.074845541371799
20 40
     0.465302413930664    -0.000000000000000    -0.000000000000000
    -0.000000000000000    -1.506716899497190    -0.845732996984528
    -0.000000000000000    -0.883243070635808     0.010807026785556
20 41
     0.046610704331349     0.000000000000000    -0.000000000000000
     0.000000000000000    -0.024256744311779     0.001355672878914
    -0.000000000000000     0.012273921341678     0.170315825133793
20 42
    -0.575816741246521    -0.048380276371941    -0.063073341497960
    -0.048380276371939    -0.631681472420137     0.036415410692532
     0.021919166553377    -0.012655036710010    -0.835770900958836
20 43
    -0.575816741246521     0.048380276371941     0.063073341497960
     0.048380276371939    -0.631681472420137     0.036415410692532
    -0.021919166553377    -0.012655036710010    -0.835770900958836
20 44
    -0.046472275684062     0.000000000000000    -0.000000000000000
     0.000000000000000    -0.046472275684062     0.000000000000004
     0.000000000000000     0.000000000000004     0.084786685231309
20 45
     0.065815599026747     0.000000000000000    -0.000000000000000
     0.000000000000000     0.065815599026747    -0.000000000000005
    -0.000000000000000    -0.000000000000005    -0.108644869423754
20 46
    -0.006539882150998    -0.030686505413169    -0.001174047152355
    -0.030686505413170     0.028893842170567    -0.000677836439450
    -0.010629527685939    -0.006136960670832     0.170315825133794
20 47
    -0.006539882150998     0.030686505413169     0.001174047152355
     0.030686505413170     0.028893842170567    -0.000677836439450
     0.010629527685939    -0.006136960670832     0.170315825133794
20 48
    -0.659613838006944     0.000000000000000    -0.000000000000000
     0.000000000000000    -0.547884375659715    -0.072830821385083
    -0.000000000000000     0.025310073419999    -0.835770900958835
20 49
    -0.010421860120071     0.000000000000000    -0.000000000000000
     0.000000000000000     0.118036545417342     0.485734710702041
    -0.000000000000000     0.225522613614930     0.082256937262513
20 50
     0.036296531105494    -0.082664291439993     0.155021894047571
    -0.082664291439995    -0.059155970725015    -0.089501932258642
     0.109254035685434    -0.063077846913029     0.201245759322187
20 51
     0.036296531105494     0.082664291439993    -0.155021894047571
     0.082664291439995    -0.059155970725015    -0.089501932258642
    -0.109254035685434    -0.063077846913029     0.201245759322187
20 52
    -0.008067465979313     0.000000000000000    -0.000000000000000
     0.000000000000000    -0.008067465979313    -0.000000000000000
    -0.000000000000000    -0.000000000000000    -0.016206492069047
20 53
     0.107278915359017     0.000000000000000    -0.000000000000000
     0.000000000000000     0.107278915359017    -0.000000000000004
    -0.000000000000000    -0.000000000000004    -0.032083580262281
20 54
     0.085921944032973     0.055624121262501    -0.420658598967856
     0.055624121262507     0.021692741264267    -0.242867355351020
    -0.195308312518395    -0.112761306807464     0.082256937262544
20 55
     0.085921944032974    -0.055624121262501     0.420658598967856
    -0.055624121262507     0.021692741264267    -0.242867355351020
     0.195308312518395    -0.112761306807464     0.082256937262544
20 56
    -0.106882221640263     0.000000000000000     0.000000000000000
     0.000000000000000     0.084022782020756     0.179003864517302
     0.000000000000000     0.126155693826078     0.201245759322174
21 1
     0.187155195337843    -0.000000000000000    -0.000000000000000
    -0.000000000000000    -1.172662274291084    -0.846774759324023
    -0.000000000000000    -1.087048594074124    -0.042298523754874
21 2
     0.008690953212084    -0.012919756375627    -0.019625259514075
    -0.012919756375625    -0.006227496430580     0.011330648863365
     0.040873582263009    -0.023598373722296    -0.116526452228252
21 3
     0.008690953212084     0.012919756375627     0.019625259514075
     0.012919756375625    -0.006227496430580     0.011330648863365
    -0.040873582263009    -0.023598373722296    -0.116526452228252
21 4
     0.012478233435655     0.000000000000000    -0.000000000000000
    -0.000000000000000     0.012478233435655     0.000000000000002
     0.000000000000000     0.000000000000002     0.075598657735365
21 5
     0.014680259380991     0.000000000000000    -0.000000000000000
    -0.000000000000000     0.014680259380991    -0.000000000000002
     0.000000000000000    -0.000000000000002    -0.041809503488522
21 6
    -0.832707906883812    -0.588818236604218     0.733328452858102
    -0.588818236604212    -0.152799172069348     0.423387379662031
     0.941411697616395     0.543524297037082    -0.042298523754957
21 7
    -0.832707906883812     0.588818236604218    -0.733328452858102
     0.588818236604212    -0.152799172069348     0.423387379662031
    -0.941411697616395     0.543524297037082    -0.042298523754957
21 8
    -0.013686721251912     0.000000000000000     0.000000000000000
     0.000000000000000     0.016150178033417    -0.022661297726739
    -0.000000000000000     0.047196747444581    -0.116526452228253
21 9
     0.043309292745353     0.000000000000000     0.000000000000000
     0.000000000000000    -0.100991151025252     0.240285265511104
    -0.000000000000000     0.235320677609705    -0.078577253873720
21 10
     0.011097314838946    -0.064296526227124     0.011410670130528
    -0.064296526227127    -0.063145918611429    -0.006587953471493
    -0.063751355237761     0.036806862107726    -0.051567627727231
21 11
     0.011097314838946     0.064296526227124    -0.011410670130528
     0.064296526227127    -0.063145918611429    -0.006587953471493
     0.063751355237761     0.036806862107726    -0.051567627727231
21 12
    -0.023408658810161     0.000000000000000    -0.000000000000000
     0.000000000000000    -0.023408658810161     0.000000000000003
    -0.000000000000000     0.000000000000003     0.068829994162008
21 13
     0.108667086844258     0.000000000000000    -0.000000000000000
     0.000000000000000     0.108667086844258    -0.000000000000007
    -0.000000000000000    -0.000000000000007    -0.147420027068568
21 14
    -0.064916040082611    -0.062483925041368    -0.208093144087702
    -0.062483925041368     0.007234181802691    -0.120142632755554
    -0.203793684845771    -0.117660338804855    -0.078577253873699
21 15
    -0.064916040082611     0.062483925041368     0.208093144087702
     0.062483925041368     0.007234181802691    -0.120142632755554
     0.203793684845771    -0.117660338804855    -0.078577253873699
21 16
    -0.100267535336618     0.000000000000000     0.000000000000000
    -0.000000000000000     0.048218931564133     0.013175906942984
     0.000000000000000    -0.073613724215454    -0.051567627727228
21 17
     0.031398789207812     0.000000000000000    -0.000000000000000
     0.000000000000000    -0.011143676983632     0.014167495738748
    -0.000000000000000     0.014167495738748    -0.033979152011047
21 18
    -0.033937745152072    -0.167377749532117    -0.001567359615447
    -0.167377749532117    -0.227208922649516     0.000904915495905
    -0.001567359615447     0.000904915495905     0.008510626269583
21 19
    -0.033937745152072     0.167377749532117     0.001567359615447
     0.167377749532117    -0.227208922649516     0.000904915495905
     0.001567359615447     0.000904915495905     0.008510626269583
21 20
    -0.036186528501159     0.000000000000000    -0.000000000000000
     0.000000000000000    -0.036186528501159    -0.000000000000001
    -0.000000000000000    -0.000000000000001    -0.086200283070934
21 21
     5.295614625380175    -0.000000000000000    -0.000000000000000
    -0.000000000000000     5.295614625380171    -0.000000000000068
    -0.000000000000000    -0.000000000000068     2.937799043428584
21 22
    -0.000508060435772    -0.018421428230717    -0.012269411217763
    -0.018421428230717     0.020763172659950    -0.007083747869376
    -0.012269411217763    -0.007083747869376    -0.033979152011046
21 23
    -0.000508060435772     0.018421428230717     0.012269411217763
     0.018421428230717     0.020763172659950    -0.007083747869376
     0.012269411217763    -0.007083747869376    -0.033979152011046
21 24
    -0.323844511398238     0.000000000000000     0.000000000000000
     0.000000000000000     0.062697843596650    -0.001809830991798
     0.000000000000000    -0.001809830991798     0.008510626269583
21 25
     0.145793565834921     0.000000000000000    -0.000000000000000
     0.000000000000000    -0.107059094425170     0.127050565613344
    -0.000000000000000     0.127050565613344    -0.066095821421363
21 26
     0.002584133244168    -0.034109859759079    -0.040409050011777
    -0.034109859759079    -0.036802540183679     0.023330175901998
    -0.040409050011777     0.023330175901998     0.009045245927118
21 27
     0.002584133244168     0.034109859759079     0.040409050011777
     0.034109859759079    -0.036802540183679     0.023330175901998
     0.040409050011777     0.023330175901998     0.009045245927118
21 28
    -0.167645471224973     0.000000000000000    -0.000000000000000
     0.000000000000000    -0.167645471224973     0.000000000000009
    -0.000000000000000     0.000000000000009     0.128751350836338
21 29
     0.081873987842294     0.000000000000000    -0.000000000000000
     0.000000000000000     0.081873987842294    -0.000000000000012
    -0.000000000000000    -0.000000000000012    -0.333154189469415
21 30
    -0.043845929360153    -0.109488413599864    -0.110029017386334
    -0.109488413599864     0.082580400769893    -0.063525282806676
    -0.110029017386334    -0.063525282806676    -0.066095821421352
21 31
    -0.043845929360153     0.109488413599864     0.110029017386334
     0.109488413599864     0.082580400769893    -0.063525282806676
     0.110029017386334    -0.063525282806676    -0.066095821421352
21 32
    -0.056495876897604     0.000000000000000    -0.000000000000000
     0.000000000000000     0.022277469958090    -0.046660351803995
     0.000000000000000    -0.046660351803995     0.009045245927122
21 33
     0.465302413930664    -0.000000000000000    -0.000000000000000
    -0.000000000000000    -1.506716899497190    -0.845732996984528
    -0.000000000000000    -0.883243070635808     0.010807026785556
21 34
     0.007081019231009    -0.014724329357421    -0.063004998766796
    -0.014724329357419    -0.009921171805275     0.036375952998300
     0.012559495269494    -0.007251227974730    -0.074845541371799
21 35
     0.007081019231009     0.014724329357421     0.063004998766796
     0.014724329357419    -0.009921171805275     0.036375952998300
    -0.012559495269495    -0.007251227974730    -0.074845541371799
21 36
    -0.209719806834408     0.000000000000000    -0.000000000000000
     0.000000000000000    -0.209719806834408     0.000000000000005
    -0.000000000000000     0.000000000000004    -0.054549473736975
21 37
     0.015781331926974     0.000000000000000    -0.000000000000000
     0.000000000000000     0.015781331926974    -0.000000000000001
    -0.000000000000000    -0.000000000000001    -0.023257754864802
21 38
    -1.013712071140189    -0.853909411090991     0.732426260207411
    -0.853909411090991    -0.027702414426262     0.422866498492287
     0.764910936887245     0.441621535317926     0.010807026785482
21 39
    -1.013712071140189     0.853909411090991    -0.732426260207411
     0.853909411090991    -0.027702414426262     0.422866498492287
    -0.764910936887245     0.441621535317926     0.010807026785482
21 40
    -0.018422267323418     0.000000000000000     0.000000000000000
    -0.000000000000000     0.015582114749150    -0.072751905996607
     0.000000000000000     0.014502455949454    -0.074845541371797
21 41
    -0.659613838006944     0.000000000000000    -0.000000000000000
     0.000000000000000    -0.547884375659715    -0.072830821385083
    -0.000000000000000     0.025310073419999    -0.835770900958835
21 42
    -0.006539882150998     0.030686505413169     0.001174047152355
     0.030686505413170     0.028893842170567    -0.000677836439450
     0.010629527685939    -0.006136960670832     0.170315825133794
21 43
    -0.006539882150998    -0.030686505413169    -0.001174047152355
    -0.030686505413170     0.028893842170567    -0.000677836439450
    -0.010629527685939    -0.006136960670832     0.170315825133794
21 44
     0.065815599026747     0.000000000000000    -0.000000000000000
     0.000000000000000     0.065815599026746    -0.000000000000005
    -0.000000000000000    -0.000000000000005    -0.108644869423754
21 45
    -0.046472275684062     0.000000000000000    -0.000000000000000
     0.000000000000000    -0.046472275684062     0.000000000000004
     0.000000000000000     0.000000000000004     0.084786685231309
21 46
    -0.575816741246521     0.048380276371941     0.063073341497960
     0.048380276371939    -0.631681472420137     0.036415410692532
    -0.021919166553377    -0.012655036710010    -0.835770900958836
21 47
    -0.575816741246521    -0.048380276371941    -0.063073341497960
    -0.048380276371939    -0.631681472420137     0.036415410692532
     0.021919166553377    -0.012655036710010    -0.835770900958836
21 48
     0.046610704331349     0.000000000000000    -0.000000000000000
     0.000000000000000    -0.024256744311780     0.001355672878914
    -0.000000000000000     0.012273921341678     0.170315825133793
21 49
    -0.106882221640263     0.000000000000000     0.000000000000000
     0.000000000000000     0.084022782020756     0.179003864517302
     0.000000000000000     0.126155693826078     0.201245759322174
21 50
     0.085921944032973    -0.055624121262501     0.420658598967856
    -0.055624121262507     0.021692741264267    -0.242867355351020
     0.195308312518395    -0.112761306807464     0.082256937262544
21 51
     0.085921944032973     0.055624121262501    -0.420658598967856
     0.055624121262507     0.021692741264267    -0.242867355351020
    -0.195308312518395    -0.112761306807464     0.082256937262544
21 52
     0.107278915359017     0.000000000000000    -0.000000000000000
     0.000000000000000     0.107278915359017    -0.000000000000004
    -0.000000000000000    -0.000000000000004    -0.032083580262281
21 53
    -0.008067465979313     0.000000000000000    -0.000000000000000
     0.000000000000000    -0.008067465979313    -0.000000000000000
    -0.000000000000000    -0.000000000000000    -0.016206492069047
21 54
     0.036296531105494     0.082664291439993    -0.155021894047571
     0.082664291439995    -0.059155970725015    -0.089501932258642
    -0.109254035685434    -0.063077846913029     0.201245759322187
21 55
     0.036296531105494    -0.082664291439993     0.155021894047571
    -0.082664291439995    -0.059155970725015    -0.089501932258642
     0.109254035685434    -0.063077846913029     0.201245759322187
21 56
    -0.010421860120071     0.000000000000000    -0.000000000000000
     0.000000000000000     0.118036545417342     0.485734710702041
    -0.000000000000000     0.225522613614930     0.082256937262513
22 1
     0.008690953212084    -0.012919756375627    -0.019625259514075
    -0.012919756375625    -0.006227496430580     0.011330648863365
     0.040873582263009    -0.023598373722295    -0.116526452228252
22 2
     0.187155195337843    -0.000000000000000    -0.000000000000000
    -0.000000000000000    -1.172662274291085    -0.846774759324024
    -0.000000000000000    -1.087048594074125    -0.042298523754874
22 3
     0.012478233435655     0.000000000000000     0.000000000000000
     0.000000000000000     0.012478233435655     0.000000000000002
    -0.000000000000000     0.000000000000002     0.075598657735365
22 4
     0.008690953212084     0.012919756375627     0.019625259514075
     0.012919756375625    -0.006227496430580     0.011330648863365
    -0.040873582263009    -0.023598373722295    -0.116526452228252
22 5
    -0.832707906883812    -0.588818236604218     0.733328452858102
    -0.588818236604212    -0.152799172069348     0.423387379662031
     0.941411697616395     0.543524297037082    -0.042298523754957
22 6
     0.014680259380991     0.000000000000000     0.000000000000000
     0.000000000000000     0.014680259380991    -0.000000000000002
    -0.000000000000000    -0.000000000000002    -0.041809503488522
22 7
    -0.013686721251912     0.000000000000000    -0.000000000000000
     0.000000000000000     0.016150178033417    -0.022661297726739
    -0.000000000000000     0.047196747444581    -0.116526452228253
22 8
    -0.832707906883812     0.588818236604218    -0.733328452858103
     0.588818236604212    -0.152799172069348     0.423387379662031
    -0.941411697616395     0.543524297037082    -0.042298523754957
22 9
     0.011097314838946    -0.064296526227125     0.011410670130528
    -0.064296526227127    -0.063145918611429    -0.006587953471493
    -0.063751355237761     0.036806862107726    -0.051567627727231
22 10
     0.043309292745353     0.000000000000000    -0.000000000000000
     0.000000000000000    -0.100991151025253     0.240285265511103
    -0.000000000000000     0.235320677609705    -0.078577253873720
22 11
    -0.023408658810161    -0.000000000000000    -0.000000000000000
     0.000000000000000    -0.023408658810161     0.000000000000003
    -0.000000000000000     0.000000000000003     0.068829994162008
22 12
     0.011097314838946     0.064296526227125    -0.011410670130528
     0.064296526227126    -0.063145918611429    -0.006587953471493
     0.063751355237761     0.036806862107726    -0.051567627727231
22 13
    -0.064916040082611    -0.062483925041368    -0.208093144087702
    -0.062483925041368     0.007234181802691    -0.120142632755554
    -0.203793684845770    -0.117660338804855    -0.078577253873699
22 14
     0.108667086844258    -0.000000000000000    -0.000000000000000
     0.000000000000000     0.108667086844258    -0.000000000000007
    -0.000000000000000    -0.000000000000007    -0.147420027068568
22 15
    -0.100267535336619     0.000000000000000     0.000000000000000
    -0.000000000000000     0.048218931564133     0.013175906942984
    -0.000000000000000    -0.073613724215454    -0.051567627727228
22 16
    -0.064916040082611     0.062483925041368     0.208093144087702
     0.062483925041368     0.007234181802691    -0.120142632755554
     0.203793684845770    -0.117660338804855    -0.078577253873699
22 17
    -0.033937745152072    -0.167377749532117    -0.001567359615447
    -0.167377749532117    -0.227208922649515     0.000904915495905
    -0.001567359615447     0.000904915495905     0.008510626269583
22 18
     0.031398789207812     0.000000000000000     0.000000000000000
    -0.000000000000000    -0.011143676983633     0.014167495738748
    -0.000000000000000     0.014167495738748    -0.033979152011047
22 19
    -0.036186528501159     0.000000000000000    -0.000000000000000
     0.000000000000000    -0.036186528501159    -0.000000000000001
    -0.000000000000000    -0.000000000000001    -0.086200283070934
22 20
    -0.033937745152072     0.167377749532117     0.001567359615447
     0.167377749532117    -0.227208922649516     0.000904915495905
     0.001567359615447     0.000904915495905     0.008510626269583
22 21
    -0.000508060435772    -0.018421428230717    -0.012269411217763
    -0.018421428230717     0.020763172659950    -0.007083747869376
    -0.012269411217763    -0.007083747869376    -0.033979152011046
22 22
     5.295614625380172     0.000000000000000    -0.000000000000000
     0.000000000000000     5.295614625380173    -0.000000000000068
    -0.000000000000000    -0.000000000000068     2.937799043428584
22 23
    -0.323844511398238    -0.000000000000000     0.000000000000000
    -0.000000000000000     0.062697843596649    -0.001809830991798
     0.000000000000000    -0.001809830991798     0.008510626269583
22 24
    -0.000508060435772     0.018421428230717     0.012269411217763
     0.018421428230717     0.020763172659951    -0.007083747869376
     0.012269411217763    -0.007083747869376    -0.033979152011046
22 25
     0.002584133244168    -0.034109859759079    -0.040409050011777
    -0.034109859759079    -0.036802540183679     0.023330175901998
    -0.040409050011777     0.023330175901998     0.009045245927118
22 26
     0.145793565834921     0.000000000000000     0.000000000000000
     0.000000000000000    -0.107059094425171     0.127050565613344
    -0.000000000000000     0.127050565613344    -0.066095821421363
22 27
    -0.167645471224973     0.000000000000000    -0.000000000000000
     0.000000000000000    -0.167645471224973     0.000000000000009
    -0.000000000000000     0.000000000000009     0.128751350836338
22 28
     0.002584133244168     0.034109859759079     0.040409050011777
     0.034109859759079    -0.036802540183679     0.023330175901998
     0.040409050011777     0.023330175901998     0.009045245927118
22 29
    -0.043845929360153    -0.109488413599864    -0.110029017386334
    -0.109488413599864     0.082580400769893    -0.063525282806676
    -0.110029017386334    -0.063525282806676    -0.066095821421352
22 30
     0.081873987842294     0.000000000000000    -0.000000000000000
     0.000000000000000     0.081873987842294    -0.000000000000012
    -0.000000000000000    -0.000000000000012    -0.333154189469415
22 31
    -0.056495876897604    -0.000000000000000     0.000000000000000
    -0.000000000000000     0.022277469958090    -0.046660351803995
    -0.000000000000000    -0.046660351803995     0.009045245927122
22 32
    -0.043845929360153     0.109488413599864     0.110029017386334
     0.109488413599864     0.082580400769893    -0.063525282806676
     0.110029017386334    -0.063525282806676    -0.066095821421352
22 33
     0.007081019231009    -0.014724329357421    -0.063004998766796
    -0.014724329357419    -0.009921171805275     0.036375952998300
     0.012559495269494    -0.007251227974730    -0.074845541371799
22 34
     0.465302413930664     0.000000000000000    -0.000000000000000
    -0.000000000000000    -1.506716899497190    -0.845732996984528
    -0.000000000000000    -0.883243070635807     0.010807026785556
22 35
    -0.209719806834408    -0.000000000000000    -0.000000000000000
     0.000000000000000    -0.209719806834408     0.000000000000005
    -0.000000000000000     0.000000000000004    -0.054549473736975
22 36
     0.007081019231009     0.014724329357421     0.063004998766796
     0.014724329357419    -0.009921171805275     0.036375952998300
    -0.012559495269495    -0.007251227974730    -0.074845541371799
22 37
    -1.013712071140189    -0.853909411090991     0.732426260207412
    -0.853909411090991    -0.027702414426262     0.422866498492287
     0.764910936887245     0.441621535317926     0.010807026785482
22 38
     0.015781331926974     0.000000000000000    -0.000000000000000
     0.000000000000000     0.015781331926974    -0.000000000000001
    -0.000000000000000    -0.000000000000001    -0.023257754864802
22 39
    -0.018422267323418     0.000000000000000     0.000000000000000
    -0.000000000000000     0.015582114749150    -0.072751905996607
    -0.000000000000000     0.014502455949454    -0.074845541371797
22 40
    -1.013712071140188     0.853909411090991    -0.732426260207411
     0.853909411090991    -0.027702414426262     0.422866498492287
    -0.764910936887244     0.441621535317927     0.010807026785482
22 41
    -0.006539882150998     0.030686505413169     0.001174047152355
     0.030686505413170     0.028893842170567    -0.000677836439450
     0.010629527685939    -0.006136960670832     0.170315825133794
22 42
    -0.659613838006944     0.000000000000000    -0.000000000000000
     0.000000000000000    -0.547884375659715    -0.072830821385083
    -0.000000000000000     0.025310073419999    -0.835770900958835
22 43
     0.065815599026746     0.000000000000000    -0.000000000000000
    -0.000000000000000     0.065815599026747    -0.000000000000005
    -0.000000000000000    -0.000000000000005    -0.108644869423754
22 44
    -0.006539882150998    -0.030686505413169    -0.001174047152355
    -0.030686505413170     0.028893842170567    -0.000677836439450
    -0.010629527685939    -0.006136960670832     0.170315825133794
22 45
    -0.575816741246520     0.048380276371941     0.063073341497960
     0.048380276371939    -0.631681472420137     0.036415410692532
    -0.021919166553377    -0.012655036710010    -0.835770900958836
22 46
    -0.046472275684062     0.000000000000000     0.000000000000000
    -0.000000000000000    -0.046472275684062     0.000000000000004
    -0.000000000000000     0.000000000000004     0.084786685231309
22 47
     0.046610704331349     0.000000000000000    -0.000000000000000
     0.000000000000000    -0.024256744311780     0.001355672878914
    -0.000000000000000     0.012273921341678     0.170315825133793
22 48
    -0.575816741246521    -0.048380276371941    -0.063073341497960
    -0.048380276371939    -0.631681472420137     0.036415410692532
     0.021919166553377    -0.012655036710010    -0.835770900958836
22 49
     0.085921944032974    -0.055624121262501     0.420658598967857
    -0.055624121262507     0.021692741264267    -0.242867355351020
     0.195308312518395    -0.112761306807464     0.082256937262544
22 50
    -0.106882221640263     0.000000000000000     0.000000000000000
     0.000000000000000     0.084022782020756     0.179003864517302
    -0.000000000000000     0.126155693826078     0.201245759322174
22 51
     0.107278915359017     0.000000000000000    -0.000000000000000
    -0.000000000000000     0.107278915359017    -0.000000000000004
    -0.000000000000000    -0.000000000000004    -0.032083580262281
22 52
     0.085921944032974     0.055624121262501    -0.420658598967857
     0.055624121262507     0.021692741264267    -0.242867355351020
    -0.195308312518395    -0.112761306807464     0.082256937262544
22 53
     0.036296531105494     0.082664291439993    -0.155021894047571
     0.082664291439995    -0.059155970725015    -0.089501932258642
    -0.109254035685434    -0.063077846913029     0.201245759322187
22 54
    -0.008067465979313     0.000000000000000    -0.000000000000000
    -0.000000000000000    -0.008067465979313    -0.000000000000000
    -0.000000000000000    -0.000000000000000    -0.016206492069047
22 55
    -0.010421860120071     0.000000000000000    -0.000000000000000
     0.000000000000000     0.118036545417342     0.485734710702042
    -0.000000000000000     0.225522613614930     0.082256937262513
22 56
     0.036296531105494    -0.082664291439993     0.155021894047571
    -0.082664291439995    -0.059155970725015    -0.089501932258642
     0.109254035685434    -0.063077846913030     0.201245759322187
23 1
     0.008690953212084     0.012919756375627     0.019625259514075
     0.012919756375625    -0.006227496430580     0.011330648863365
    -0.040873582263009    -0.023598373722295    -0.116526452228252
23 2
     0.012478233435655    -0.000000000000000    -0.000000000000000
    -0.000000000000000     0.012478233435655     0.000000000000002
     0.000000000000000     0.000000000000002     0.075598657735365
23 3
     0.187155195337843    -0.000000000000000     0.000000000000000
    -0.000000000000000    -1.172662274291085    -0.846774759324024
     0.000000000000000    -1.087048594074125    -0.042298523754874
23 4
     0.008690953212084    -0.012919756375627    -0.019625259514075
    -0.012919756375625    -0.006227496430580     0.011330648863365
     0.040873582263009    -0.023598373722295    -0.116526452228252
23 5
    -0.832707906883812     0.588818236604218    -0.733328452858102
     0.588818236604212    -0.152799172069348     0.423387379662031
    -0.941411697616395     0.543524297037082    -0.042298523754957
23 6
    -0.013686721251912    -0.000000000000000     0.000000000000000
    -0.000000000000000     0.016150178033417    -0.022661297726739
     0.000000000000000     0.047196747444581    -0.116526452228253
23 7
     0.014680259380992    -0.000000000000000    -0.000000000000000
    -0.000000000000000     0.014680259380991    -0.000000000000002
     0.000000000000000    -0.000000000000002    -0.041809503488522
23 8
    -0.832707906883811    -0.588818236604218     0.733328452858102
    -0.588818236604212    -0.152799172069348     0.423387379662031
     0.941411697616395     0.543524297037082    -0.042298523754957
23 9
     0.011097314838946     0.064296526227125    -0.011410670130528
     0.064296526227127    -0.063145918611429    -0.006587953471493
     0.063751355237761     0.036806862107726    -0.051567627727231
23 10
    -0.023408658810161     0.000000000000000     0.000000000000000
    -0.000000000000000    -0.023408658810161     0.000000000000003
     0.000000000000000     0.000000000000003     0.068829994162008
23 11
     0.043309292745353    -0.000000000000000     0.000000000000000
     0.000000000000000    -0.100991151025253     0.240285265511103
     0.000000000000000     0.235320677609705    -0.078577253873720
23 12
     0.011097314838946    -0.064296526227125     0.011410670130528
    -0.064296526227126    -0.063145918611429    -0.006587953471493
    -0.063751355237761     0.036806862107726    -0.051567627727231
23 13
    -0.064916040082611     0.062483925041368     0.208093144087702
     0.062483925041368     0.007234181802691    -0.120142632755554
     0.203793684845770    -0.117660338804855    -0.078577253873699
23 14
    -0.100267535336619    -0.000000000000000     0.000000000000000
    -0.000000000000000     0.048218931564133     0.013175906942984
     0.000000000000000    -0.073613724215454    -0.051567627727228
23 15
     0.108667086844258     0.000000000000000     0.000000000000000
    -0.000000000000000     0.108667086844258    -0.000000000000007
    -0.000000000000000    -0.000000000000007    -0.147420027068568
23 16
    -0.064916040082611    -0.062483925041368    -0.208093144087702
    -0.062483925041368     0.007234181802691    -0.120142632755554
    -0.203793684845771    -0.117660338804855    -0.078577253873699
23 17
    -0.033937745152072     0.167377749532117     0.001567359615447
     0.167377749532117    -0.227208922649515     0.000904915495905
     0.001567359615447     0.000904915495905     0.008510626269583
23 18
    -0.036186528501159    -0.000000000000000     0.000000000000000
    -0.000000000000000    -0.036186528501159    -0.000000000000001
     0.000000000000000    -0.000000000000001    -0.086200283070934
23 19
     0.031398789207812    -0.000000000000000    -0.000000000000000
     0.000000000000000    -0.011143676983633     0.014167495738748
     0.000000000000000     0.014167495738748    -0.033979152011047
23 20
    -0.033937745152072    -0.167377749532117    -0.001567359615447
    -0.167377749532117    -0.227208922649516     0.000904915495905
    -0.001567359615447     0.000904915495905     0.008510626269583
23 21
    -0.000508060435772     0.018421428230717     0.012269411217763
     0.018421428230717     0.020763172659950    -0.007083747869376
     0.012269411217763    -0.007083747869376    -0.033979152011046
23 22
    -0.323844511398238    -0.000000000000000     0.000000000000000
    -0.000000000000000     0.062697843596649    -0.001809830991798
     0.000000000000000    -0.001809830991798     0.008510626269583
23 23
     5.295614625380171    -0.000000000000000     0.000000000000000
    -0.000000000000000     5.295614625380173    -0.000000000000068
     0.000000000000000    -0.000000000000068     2.937799043428584
23 24
    -0.000508060435772    -0.018421428230717    -0.012269411217763
    -0.018421428230717     0.020763172659951    -0.007083747869376
    -0.012269411217763    -0.007083747869376    -0.033979152011046
23 25
     0.002584133244168     0.034109859759079     0.040409050011777
     0.034109859759079    -0.036802540183679     0.023330175901998
     0.040409050011777     0.023330175901998     0.009045245927118
23 26
    -0.167645471224973    -0.000000000000000     0.000000000000000
    -0.000000000000000    -0.167645471224973     0.000000000000009
     0.000000000000000     0.000000000000009     0.128751350836338
23 27
     0.145793565834921     0.000000000000000    -0.000000000000000
     0.000000000000000    -0.107059094425171     0.127050565613344
     0.000000000000000     0.127050565613344    -0.066095821421363
23 28
     0.002584133244168    -0.034109859759079    -0.040409050011777
    -0.034109859759079    -0.036802540183679     0.023330175901998
    -0.040409050011777     0.023330175901998     0.009045245927118
23 29
    -0.043845929360153     0.109488413599864     0.110029017386334
     0.109488413599864     0.082580400769893    -0.063525282806676
     0.110029017386334    -0.063525282806676    -0.066095821421352
23 30
    -0.056495876897604    -0.000000000000000    -0.000000000000000
    -0.000000000000000     0.022277469958090    -0.046660351803995
     0.000000000000000    -0.046660351803995     0.009045245927122
23 31
     0.081873987842294    -0.000000000000000     0.000000000000000
    -0.000000000000000     0.081873987842294    -0.000000000000012
     0.000000000000000    -0.000000000000012    -0.333154189469415
23 32
    -0.043845929360153    -0.109488413599864    -0.110029017386334
    -0.109488413599864     0.082580400769893    -0.063525282806676
    -0.110029017386334    -0.063525282806676    -0.066095821421352
23 33
     0.007081019231009     0.014724329357421     0.063004998766796
     0.014724329357419    -0.009921171805275     0.036375952998300
    -0.012559495269494    -0.007251227974730    -0.074845541371799
23 34
    -0.209719806834408     0.000000000000000     0.000000000000000
    -0.000000000000000    -0.209719806834408     0.000000000000005
     0.000000000000000     0.000000000000004    -0.054549473736975
23 35
     0.465302413930664    -0.000000000000000    -0.000000000000000
    -0.000000000000000    -1.506716899497189    -0.845732996984528
     0.000000000000000    -0.883243070635807     0.010807026785556
23 36
     0.007081019231009    -0.014724329357421    -0.063004998766796
    -0.014724329357419    -0.009921171805275     0.036375952998300
     0.012559495269495    -0.007251227974730    -0.074845541371799
23 37
    -1.013712071140189     0.853909411090991    -0.732426260207412
     0.853909411090991    -0.027702414426262     0.422866498492287
    -0.764910936887245     0.441621535317926     0.010807026785482
23 38
    -0.018422267323419    -0.000000000000000     0.000000000000000
    -0.000000000000000     0.015582114749150    -0.072751905996607
     0.000000000000000     0.014502455949454    -0.074845541371797
23 39
     0.015781331926974     0.000000000000000     0.000000000000000
    -0.000000000000000     0.015781331926974    -0.000000000000001
     0.000000000000000    -0.000000000000001    -0.023257754864802
23 40
    -1.013712071140188    -0.853909411090991     0.732426260207411
    -0.853909411090991    -0.027702414426262     0.422866498492287
     0.764910936887244     0.441621535317927     0.010807026785482
23 41
    -0.006539882150998    -0.030686505413169    -0.001174047152355
    -0.030686505413170     0.028893842170567    -0.000677836439450
    -0.010629527685939    -0.006136960670832     0.170315825133794
23 42
     0.065815599026746    -0.000000000000000     0.000000000000000
    -0.000000000000000     0.065815599026747    -0.000000000000005
     0.000000000000000    -0.000000000000005    -0.108644869423754
23 43
    -0.659613838006944    -0.000000000000000     0.000000000000000
    -0.000000000000000    -0.547884375659715    -0.072830821385083
     0.000000000000000     0.025310073419999    -0.835770900958835
23 44
    -0.006539882150998     0.030686505413169     0.001174047152355
     0.030686505413170     0.028893842170567    -0.000677836439450
     0.010629527685939    -0.006136960670832     0.170315825133794
23 45
    -0.575816741246520    -0.048380276371941    -0.063073341497960
    -0.048380276371939    -0.631681472420137     0.036415410692532
     0.021919166553377    -0.012655036710010    -0.835770900958836
23 46
     0.046610704331349    -0.000000000000000     0.000000000000000
    -0.000000000000000    -0.024256744311780     0.001355672878914
     0.000000000000000     0.012273921341678     0.170315825133793
23 47
    -0.046472275684062    -0.000000000000000     0.000000000000000
    -0.000000000000000    -0.046472275684062     0.000000000000004
     0.000000000000000     0.000000000000004     0.084786685231309
23 48
    -0.575816741246521     0.048380276371941     0.063073341497960
     0.048380276371939    -0.631681472420137     0.036415410692532
    -0.021919166553377    -0.012655036710010    -0.835770900958836
23 49
     0.085921944032974     0.055624121262501    -0.420658598967857
     0.055624121262507     0.021692741264267    -0.242867355351020
    -0.195308312518395    -0.112761306807464     0.082256937262544
23 50
     0.107278915359017    -0.000000000000000     0.000000000000000
    -0.000000000000000     0.107278915359017    -0.000000000000004
     0.000000000000000    -0.000000000000004    -0.032083580262281
23 51
    -0.106882221640263    -0.000000000000000     0.000000000000000
    -0.000000000000000     0.084022782020756     0.179003864517302
     0.000000000000000     0.126155693826078     0.201245759322174
23 52
     0.085921944032974    -0.055624121262501     0.420658598967857
    -0.055624121262507     0.021692741264267    -0.242867355351020
     0.195308312518395    -0.112761306807464     0.082256937262544
23 53
     0.036296531105494    -0.082664291439993     0.155021894047571
    -0.082664291439995    -0.059155970725015    -0.089501932258642
     0.109254035685434    -0.063077846913029     0.201245759322187
23 54
    -0.010421860120071    -0.000000000000000     0.000000000000000
    -0.000000000000000     0.118036545417342     0.485734710702042
     0.000000000000000     0.225522613614930     0.082256937262513
23 55
    -0.008067465979313    -0.000000000000000     0.000000000000000
    -0.000000000000000    -0.008067465979313    -0.000000000000000
     0.000000000000000    -0.000000000000000    -0.016206492069047
23 56
     0.036296531105494     0.082664291439993    -0.155021894047571
     0.082664291439995    -0.059155970725015    -0.089501932258642
    -0.109254035685434    -0.063077846913030     0.201245759322187
24 1
     0.012478233435655     0.000000000000000     0.000000000000000
     0.000000000000000     0.012478233435655     0.000000000000002
     0.000000000000000     0.000000000000002     0.075598657735365
24 2
     0.008690953212084     0.012919756375627     0.019625259514075
     0.012919756375625    -0.006227496430580     0.011330648863365
    -0.040873582263009    -0.023598373722296    -0.116526452228252
24 3
     0.008690953212084    -0.012919756375627    -0.019625259514075
    -0.012919756375625    -0.006227496430580     0.011330648863365
     0.040873582263009    -0.023598373722296    -0.116526452228252
24 4
     0.187155195337843    -0.000000000000000    -0.000000000000000
    -0.000000000000000    -1.172662274291085    -0.846774759324024
     0.000000000000000    -1.087048594074125    -0.042298523754874
24 5
    -0.013686721251912     0.000000000000000    -0.000000000000000
    -0.000000000000000     0.016150178033417    -0.022661297726739
     0.000000000000000     0.047196747444581    -0.116526452228253
24 6
    -0.832707906883812     0.588818236604218    -0.733328452858102
     0.588818236604212    -0.152799172069348     0.423387379662031
    -0.941411697616395     0.543524297037082    -0.042298523754957
24 7
    -0.832707906883811    -0.588818236604218     0.733328452858102
    -0.588818236604212    -0.152799172069348     0.423387379662031
     0.941411697616395     0.543524297037082    -0.042298523754957
24 8
     0.014680259380992     0.000000000000000     0.000000000000000
     0.000000000000000     0.014680259380992    -0.000000000000002
     0.000000000000000    -0.000000000000002    -0.041809503488522
24 9
    -0.023408658810161     0.000000000000000     0.000000000000000
    -0.000000000000000    -0.023408658810161     0.000000000000003
     0.000000000000000     0.000000000000003     0.068829994162008
24 10
     0.011097314838947     0.064296526227124    -0.011410670130528
     0.064296526227126    -0.063145918611429    -0.006587953471493
     0.063751355237761     0.036806862107726    -0.051567627727231
24 11
     0.011097314838947    -0.064296526227124     0.011410670130528
    -0.064296526227126    -0.063145918611429    -0.006587953471493
    -0.063751355237761     0.036806862107726    -0.051567627727231
24 12
     0.043309292745353     0.000000000000000    -0.000000000000000
     0.000000000000000    -0.100991151025252     0.240285265511103
    -0.000000000000000     0.235320677609705    -0.078577253873720
24 13
    -0.100267535336618    -0.000000000000000    -0.000000000000000
     0.000000000000000     0.048218931564133     0.013175906942984
    -0.000000000000000    -0.073613724215454    -0.051567627727228
24 14
    -0.064916040082611     0.062483925041368     0.208093144087702
     0.062483925041368     0.007234181802691    -0.120142632755554
     0.203793684845771    -0.117660338804855    -0.078577253873699
24 15
    -0.064916040082611    -0.062483925041368    -0.208093144087702
    -0.062483925041368     0.007234181802691    -0.120142632755554
    -0.203793684845771    -0.117660338804855    -0.078577253873699
24 16
     0.108667086844258     0.000000000000000     0.000000000000000
    -0.000000000000000     0.108667086844258    -0.000000000000007
    -0.000000000000000    -0.000000000000007    -0.147420027068568
24 17
    -0.036186528501158     0.000000000000000    -0.000000000000000
     0.000000000000000    -0.036186528501158    -0.000000000000001
     0.000000000000000    -0.000000000000001    -0.086200283070934
24 18
    -0.033937745152072     0.167377749532117     0.001567359615447
     0.167377749532117    -0.227208922649515     0.000904915495905
     0.001567359615447     0.000904915495905     0.008510626269583
24 19
    -0.033937745152072    -0.167377749532117    -0.001567359615447
    -0.167377749532117    -0.227208922649515     0.000904915495905
    -0.001567359615447     0.000904915495905     0.008510626269583
24 20
     0.031398789207812     0.000000000000000    -0.000000000000000
     0.000000000000000    -0.011143676983632     0.014167495738748
    -0.000000000000000     0.014167495738748    -0.033979152011047
24 21
    -0.323844511398238     0.000000000000000     0.000000000000000
     0.000000000000000     0.062697843596650    -0.001809830991798
     0.000000000000000    -0.001809830991798     0.008510626269583
24 22
    -0.000508060435772     0.018421428230717     0.012269411217763
     0.018421428230717     0.020763172659951    -0.007083747869376
     0.012269411217763    -0.007083747869376    -0.033979152011046
24 23
    -0.000508060435772    -0.018421428230717    -0.012269411217763
    -0.018421428230717     0.020763172659951    -0.007083747869376
    -0.012269411217763    -0.007083747869376    -0.033979152011046
24 24
     5.295614625380165     0.000000000000000     0.000000000000000
     0.000000000000000     5.295614625380161    -0.000000000000068
     0.000000000000000    -0.000000000000068     2.937799043428584
24 25
    -0.167645471224972     0.000000000000000     0.000000000000000
     0.000000000000000    -0.167645471224972     0.000000000000009
     0.000000000000000     0.000000000000009     0.128751350836338
24 26
     0.002584133244168     0.034109859759079     0.040409050011777
     0.034109859759079    -0.036802540183679     0.023330175901998
     0.040409050011777     0.023330175901998     0.009045245927118
24 27
     0.002584133244168    -0.034109859759079    -0.040409050011777
    -0.034109859759079    -0.036802540183679     0.023330175901998
    -0.040409050011777     0.023330175901998     0.009045245927118
24 28
     0.145793565834921     0.000000000000000    -0.000000000000000
     0.000000000000000    -0.107059094425170     0.127050565613344
    -0.000000000000000     0.127050565613344    -0.066095821421363
24 29
    -0.056495876897604     0.000000000000000     0.000000000000000
     0.000000000000000     0.022277469958090    -0.046660351803995
    -0.000000000000000    -0.046660351803995     0.009045245927122
24 30
    -0.043845929360153     0.109488413599864     0.110029017386334
     0.109488413599864     0.082580400769893    -0.063525282806676
     0.110029017386334    -0.063525282806676    -0.066095821421352
24 31
    -0.043845929360153    -0.109488413599864    -0.110029017386334
    -0.109488413599864     0.082580400769893    -0.063525282806676
    -0.110029017386334    -0.063525282806676    -0.066095821421352
24 32
     0.081873987842294     0.000000000000000    -0.000000000000000
     0.000000000000000     0.081873987842294    -0.000000000000012
    -0.000000000000000    -0.000000000000012    -0.333154189469415
24 33
    -0.209719806834408     0.000000000000000     0.000000000000000
    -0.000000000000000    -0.209719806834408     0.000000000000005
     0.000000000000000     0.000000000000004    -0.054549473736975
24 34
     0.007081019231009     0.014724329357421     0.063004998766796
     0.014724329357419    -0.009921171805275     0.036375952998300
    -0.012559495269495    -0.007251227974730    -0.074845541371799
24 35
     0.007081019231009    -0.014724329357421    -0.063004998766796
    -0.014724329357419    -0.009921171805275     0.036375952998300
     0.012559495269495    -0.007251227974730    -0.074845541371799
24 36
     0.465302413930664    -0.000000000000000    -0.000000000000000
    -0.000000000000000    -1.506716899497189    -0.845732996984528
    -0.000000000000000    -0.883243070635807     0.010807026785556
24 37
    -0.018422267323418     0.000000000000000    -0.000000000000000
    -0.000000000000000     0.015582114749150    -0.072751905996606
    -0.000000000000000     0.014502455949454    -0.074845541371797
24 38
    -1.013712071140189     0.853909411090992    -0.732426260207412
     0.853909411090991    -0.027702414426262     0.422866498492287
    -0.764910936887245     0.441621535317927     0.010807026785482
24 39
    -1.013712071140190    -0.853909411090992     0.732426260207412
    -0.853909411090991    -0.027702414426262     0.422866498492287
     0.764910936887245     0.441621535317927     0.010807026785482
24 40
     0.015781331926974     0.000000000000000     0.000000000000000
    -0.000000000000000     0.015781331926974    -0.000000000000001
     0.000000000000000    -0.000000000000001    -0.023257754864802
24 41
     0.065815599026747     0.000000000000000    -0.000000000000000
     0.000000000000000     0.065815599026747    -0.000000000000005
    -0.000000000000000    -0.000000000000005    -0.108644869423754
24 42
    -0.006539882150998    -0.030686505413169    -0.001174047152355
    -0.030686505413170     0.028893842170567    -0.000677836439450
    -0.010629527685939    -0.006136960670832     0.170315825133794
24 43
    -0.006539882150998     0.030686505413169     0.001174047152355
     0.030686505413170     0.028893842170567    -0.000677836439450
     0.010629527685939    -0.006136960670832     0.170315825133794
24 44
    -0.659613838006944     0.000000000000000    -0.000000000000000
     0.000000000000000    -0.547884375659715    -0.072830821385083
    -0.000000000000000     0.025310073419999    -0.835770900958835
24 45
     0.046610704331349     0.000000000000000     0.000000000000000
     0.000000000000000    -0.024256744311779     0.001355672878914
     0.000000000000000     0.012273921341678     0.170315825133793
24 46
    -0.575816741246521    -0.048380276371941    -0.063073341497960
    -0.048380276371939    -0.631681472420137     0.036415410692532
     0.021919166553377    -0.012655036710010    -0.835770900958836
24 47
    -0.575816741246521     0.048380276371941     0.063073341497960
     0.048380276371939    -0.631681472420137     0.036415410692532
    -0.021919166553377    -0.012655036710010    -0.835770900958837
24 48
    -0.046472275684061     0.000000000000000     0.000000000000000
     0.000000000000000    -0.046472275684061     0.000000000000004
     0.000000000000000     0.000000000000004     0.084786685231309
24 49
     0.107278915359017     0.000000000000000     0.000000000000000
     0.000000000000000     0.107278915359017    -0.000000000000004
    -0.000000000000000    -0.000000000000004    -0.032083580262281
24 50
     0.085921944032974     0.055624121262501    -0.420658598967857
     0.055624121262507     0.021692741264267    -0.242867355351020
    -0.195308312518395    -0.112761306807464     0.082256937262544
24 51
     0.085921944032974    -0.055624121262501     0.420658598967857
    -0.055624121262507     0.021692741264267    -0.242867355351020
     0.195308312518395    -0.112761306807464     0.082256937262544
24 52
    -0.106882221640263     0.000000000000000     0.000000000000000
     0.000000000000000     0.084022782020756     0.179003864517302
     0.000000000000000     0.126155693826078     0.201245759322174
24 53
    -0.010421860120071     0.000000000000000     0.000000000000000
     0.000000000000000     0.118036545417342     0.485734710702042
     0.000000000000000     0.225522613614930     0.082256937262513
24 54
     0.036296531105494    -0.082664291439993     0.155021894047571
    -0.082664291439995    -0.059155970725015    -0.089501932258642
     0.109254035685434    -0.063077846913029     0.201245759322187
24 55
     0.036296531105494     0.082664291439993    -0.155021894047571
     0.082664291439995    -0.059155970725015    -0.089501932258642
    -0.109254035685434    -0.063077846913029     0.201245759322187
24 56
    -0.008067465979313     0.000000000000000     0.000000000000000
     0.000000000000000    -0.008067465979313    -0.000000000000000
    -0.000000000000000    -0.000000000000000    -0.016206492069047
25 1
     0.012478233435655     0.000000000000000     0.000000000000000
     0.000000000000000     0.012478233435655     0.000000000000002
     0.000000000000000     0.000000000000002     0.075598657735365
25 2
     0.008690953212084     0.012919756375627     0.019625259514075
     0.012919756375625    -0.006227496430580     0.011330648863365
    -0.040873582263009    -0.023598373722295    -0.116526452228252
25 3
     0.008690953212084    -0.012919756375627    -0.019625259514075
    -0.012919756375625    -0.006227496430580     0.011330648863365
     0.040873582263009    -0.023598373722296    -0.116526452228252
25 4
     0.187155195337843    -0.000000000000000    -0.000000000000000
    -0.000000000000000    -1.172662274291085    -0.846774759324024
     0.000000000000000    -1.087048594074125    -0.042298523754874
25 5
    -0.013686721251912     0.000000000000000    -0.000000000000000
    -0.000000000000000     0.016150178033417    -0.022661297726739
     0.000000000000000     0.047196747444581    -0.116526452228253
25 6
    -0.832707906883812     0.588818236604218    -0.733328452858102
     0.588818236604212    -0.152799172069348     0.423387379662031
    -0.941411697616395     0.543524297037082    -0.042298523754957
25 7
    -0.832707906883811    -0.588818236604218     0.733328452858102
    -0.588818236604212    -0.152799172069348     0.423387379662031
     0.941411697616395     0.543524297037082    -0.042298523754957
25 8
     0.014680259380992     0.000000000000000     0.000000000000000
     0.000000000000000     0.014680259380992    -0.000000000000002
     0.000000000000000    -0.000000000000002    -0.041809503488522
25 9
     0.015781331926974     0.000000000000000     0.000000000000000
    -0.000000000000000     0.015781331926974    -0.000000000000001
     0.000000000000000    -0.000000000000001    -0.023257754864802
25 10
    -1.013712071140190    -0.853909411090992     0.732426260207412
    -0.853909411090991    -0.027702414426262     0.422866498492287
     0.764910936887245     0.441621535317927     0.010807026785482
25 11
    -1.013712071140189     0.853909411090992    -0.732426260207412
     0.853909411090991    -0.027702414426262     0.422866498492287
    -0.764910936887245     0.441621535317927     0.010807026785482
25 12
    -0.018422267323418    -0.000000000000000    -0.000000000000000
    -0.000000000000000     0.015582114749150    -0.072751905996606
    -0.000000000000000     0.014502455949454    -0.074845541371797
25 13
     0.465302413930664    -0.000000000000000    -0.000000000000000
    -0.000000000000000    -1.506716899497189    -0.845732996984528
    -0.000000000000000    -0.883243070635807     0.010807026785556
25 14
     0.007081019231009    -0.014724329357421    -0.063004998766796
    -0.014724329357419    -0.009921171805275     0.036375952998300
     0.012559495269495    -0.007251227974730    -0.074845541371799
25 15
     0.007081019231009     0.014724329357421     0.063004998766796
     0.014724329357419    -0.009921171805275     0.036375952998300
    -0.012559495269495    -0.007251227974730    -0.074845541371800
25 16
    -0.209719806834408     0.000000000000000     0.000000000000000
    -0.000000000000000    -0.209719806834408     0.000000000000005
     0.000000000000000     0.000000000000004    -0.054549473736975
25 17
     0.081873987842294     0.000000000000000    -0.000000000000000
     0.000000000000000     0.081873987842294    -0.000000000000012
    -0.000000000000000    -0.000000000000012    -0.333154189469415
25 18
    -0.043845929360153    -0.109488413599864    -0.110029017386334
    -0.109488413599864     0.082580400769893    -0.063525282806676
    -0.110029017386334    -0.063525282806676    -0.066095821421352
25 19
    -0.043845929360153     0.109488413599864     0.110029017386334
     0.109488413599864     0.082580400769893    -0.063525282806676
     0.110029017386334    -0.063525282806676    -0.066095821421352
25 20
    -0.056495876897604     0.000000000000000     0.000000000000000
     0.000000000000000     0.022277469958090    -0.046660351803995
    -0.000000000000000    -0.046660351803995     0.009045245927122
25 21
     0.145793565834921     0.000000000000000    -0.000000000000000
     0.000000000000000    -0.107059094425170     0.127050565613344
    -0.000000000000000     0.127050565613344    -0.066095821421363
25 22
     0.002584133244168    -0.034109859759079    -0.040409050011777
    -0.034109859759079    -0.036802540183679     0.023330175901998
    -0.040409050011777     0.023330175901998     0.009045245927118
25 23
     0.002584133244168     0.034109859759079     0.040409050011777
     0.034109859759079    -0.036802540183679     0.023330175901998
     0.040409050011777     0.023330175901998     0.009045245927118
25 24
    -0.167645471224972     0.000000000000000     0.000000000000000
     0.000000000000000    -0.167645471224972     0.000000000000009
     0.000000000000000     0.000000000000009     0.128751350836338
25 25
     5.295614625380164    -0.000000000000000    -0.000000000000000
    -0.000000000000000     5.295614625380164    -0.000000000000068
    -0.000000000000000    -0.000000000000068     2.937799043428584
25 26
    -0.000508060435772    -0.018421428230717    -0.012269411217763
    -0.018421428230717     0.020763172659951    -0.007083747869376
    -0.012269411217763    -0.007083747869376    -0.033979152011046
25 27
    -0.000508060435772     0.018421428230717     0.012269411217763
     0.018421428230717     0.020763172659951    -0.007083747869376
     0.012269411217763    -0.007083747869376    -0.033979152011046
25 28
    -0.323844511398238     0.000000000000000     0.000000000000000
     0.000000000000000     0.062697843596650    -0.001809830991798
     0.000000000000000    -0.001809830991798     0.008510626269583
25 29
     0.031398789207812     0.000000000000000    -0.000000000000000
     0.000000000000000    -0.011143676983632     0.014167495738748
    -0.000000000000000     0.014167495738748    -0.033979152011047
25 30
    -0.033937745152072    -0.167377749532117    -0.001567359615447
    -0.167377749532117    -0.227208922649515     0.000904915495905
    -0.001567359615447     0.000904915495905     0.008510626269583
25 31
    -0.033937745152072     0.167377749532117     0.001567359615447
     0.167377749532117    -0.227208922649515     0.000904915495905
     0.001567359615447     0.000904915495905     0.008510626269583
25 32
    -0.036186528501158     0.000000000000000    -0.000000000000000
     0.000000000000000    -0.036186528501158    -0.000000000000001
     0.000000000000000    -0.000000000000001    -0.086200283070934
25 33
     0.108667086844258     0.000000000000000     0.000000000000000
    -0.000000000000000     0.108667086844258    -0.000000000000007
    -0.000000000000000    -0.000000000000007    -0.147420027068568
25 34
    -0.064916040082611    -0.062483925041368    -0.208093144087702
    -0.062483925041368     0.007234181802691    -0.120142632755554
    -0.203793684845771    -0.117660338804855    -0.078577253873699
25 35
    -0.064916040082611     0.062483925041368     0.208093144087702
     0.062483925041368     0.007234181802691    -0.120142632755554
     0.203793684845771    -0.117660338804855    -0.078577253873699
25 36
    -0.100267535336618    -0.000000000000000     0.000000000000000
     0.000000000000000     0.048218931564133     0.013175906942984
    -0.000000000000000    -0.073613724215454    -0.051567627727228
25 37
     0.043309292745353     0.000000000000000    -0.000000000000000
     0.000000000000000    -0.100991151025252     0.240285265511103
    -0.000000000000000     0.235320677609705    -0.078577253873720
25 38
     0.011097314838947    -0.064296526227124     0.011410670130528
    -0.064296526227126    -0.063145918611429    -0.006587953471493
    -0.063751355237761     0.036806862107726    -0.051567627727231
25 39
     0.011097314838947     0.064296526227124    -0.011410670130528
     0.064296526227126    -0.063145918611429    -0.006587953471493
     0.063751355237761     0.036806862107726    -0.051567627727231
25 40
    -0.023408658810161     0.000000000000000     0.000000000000000
    -0.000000000000000    -0.023408658810161     0.000000000000003
     0.000000000000000     0.000000000000003     0.068829994162008
25 41
    -0.008067465979313     0.000000000000000     0.000000000000000
     0.000000000000000    -0.008067465979313    -0.000000000000000
    -0.000000000000000    -0.000000000000000    -0.016206492069047
25 42
     0.036296531105494     0.082664291439993    -0.155021894047571
     0.082664291439995    -0.059155970725015    -0.089501932258642
    -0.109254035685434    -0.063077846913029     0.201245759322187
25 43
     0.036296531105494    -0.082664291439993     0.155021894047571
    -0.082664291439995    -0.059155970725015    -0.089501932258642
     0.109254035685434    -0.063077846913029     0.201245759322187
25 44
    -0.010421860120071     0.000000000000000     0.000000000000000
     0.000000000000000     0.118036545417342     0.485734710702042
     0.000000000000000     0.225522613614930     0.082256937262513
25 45
    -0.106882221640263     0.000000000000000     0.000000000000000
     0.000000000000000     0.084022782020756     0.179003864517302
     0.000000000000000     0.126155693826078     0.201245759322174
25 46
     0.085921944032974    -0.055624121262501     0.420658598967857
    -0.055624121262507     0.021692741264267    -0.242867355351020
     0.195308312518395    -0.112761306807464     0.082256937262544
25 47
     0.085921944032974     0.055624121262501    -0.420658598967857
     0.055624121262507     0.021692741264267    -0.242867355351020
    -0.195308312518395    -0.112761306807464     0.082256937262544
25 48
     0.107278915359017     0.000000000000000     0.000000000000000
     0.000000000000000     0.107278915359017    -0.000000000000004
    -0.000000000000000    -0.000000000000004    -0.032083580262281
25 49
    -0.046472275684061     0.000000000000000     0.000000000000000
     0.000000000000000    -0.046472275684061     0.000000000000004
    -0.000000000000000     0.000000000000004     0.084786685231309
25 50
    -0.575816741246521     0.048380276371941     0.063073341497960
     0.048380276371939    -0.631681472420137     0.036415410692532
    -0.021919166553377    -0.012655036710010    -0.835770900958837
25 51
    -0.575816741246521    -0.048380276371941    -0.063073341497960
    -0.048380276371939    -0.631681472420137     0.036415410692532
     0.021919166553377    -0.012655036710010    -0.835770900958836
25 52
     0.046610704331349     0.000000000000000     0.000000000000000
     0.000000000000000    -0.024256744311780     0.001355672878914
     0.000000000000000     0.012273921341678     0.170315825133793
25 53
    -0.659613838006944     0.000000000000000     0.000000000000000
     0.000000000000000    -0.547884375659715    -0.072830821385083
    -0.000000000000000     0.025310073419999    -0.835770900958835
25 54
    -0.006539882150998     0.030686505413169     0.001174047152355
     0.030686505413170     0.028893842170567    -0.000677836439450
     0.010629527685939    -0.006136960670832     0.170315825133794
25 55
    -0.006539882150998    -0.030686505413169    -0.001174047152355
    -0.030686505413170     0.028893842170567    -0.000677836439450
    -0.010629527685939    -0.006136960670832     0.170315825133794
25 56
     0.065815599026747     0.000000000000000     0.000000000000000
     0.000000000000000     0.065815599026747    -0.000000000000005
    -0.000000000000000    -0.000000000000005    -0.108644869423754
26 1
     0.008690953212084     0.012919756375627     0.019625259514075
     0.012919756375625    -0.006227496430580     0.011330648863365
    -0.040873582263009    -0.023598373722295    -0.116526452228252
26 2
     0.012478233435655    -0.000000000000000    -0.000000000000000
    -0.000000000000000     0.012478233435655     0.000000000000002
     0.000000000000000     0.000000000000002     0.075598657735365
26 3
     0.187155195337843    -0.000000000000000     0.000000000000000
    -0.000000000000000    -1.172662274291085    -0.846774759324024
     0.000000000000000    -1.087048594074125    -0.042298523754874
26 4
     0.008690953212084    -0.012919756375627    -0.019625259514075
    -0.012919756375625    -0.006227496430580     0.011330648863365
     0.040873582263009    -0.023598373722295    -0.116526452228252
26 5
    -0.832707906883812     0.588818236604218    -0.733328452858102
     0.588818236604212    -0.152799172069348     0.423387379662031
    -0.941411697616395     0.543524297037082    -0.042298523754957
26 6
    -0.013686721251912    -0.000000000000000     0.000000000000000
    -0.000000000000000     0.016150178033417    -0.022661297726739
     0.000000000000000     0.047196747444581    -0.116526452228253
26 7
     0.014680259380992    -0.000000000000000    -0.000000000000000
    -0.000000000000000     0.014680259380991    -0.000000000000002
     0.000000000000000    -0.000000000000002    -0.041809503488522
26 8
    -0.832707906883811    -0.588818236604218     0.733328452858102
    -0.588818236604212    -0.152799172069348     0.423387379662031
     0.941411697616395     0.543524297037082    -0.042298523754957
26 9
    -1.013712071140188    -0.853909411090991     0.732426260207411
    -0.853909411090991    -0.027702414426262     0.422866498492287
     0.764910936887244     0.441621535317927     0.010807026785482
26 10
     0.015781331926974     0.000000000000000     0.000000000000000
    -0.000000000000000     0.015781331926974    -0.000000000000001
     0.000000000000000    -0.000000000000001    -0.023257754864802
26 11
    -0.018422267323418    -0.000000000000000     0.000000000000000
    -0.000000000000000     0.015582114749150    -0.072751905996607
     0.000000000000000     0.014502455949454    -0.074845541371797
26 12
    -1.013712071140189     0.853909411090991    -0.732426260207412
     0.853909411090991    -0.027702414426262     0.422866498492287
    -0.764910936887245     0.441621535317926     0.010807026785482
26 13
     0.007081019231009    -0.014724329357421    -0.063004998766796
    -0.014724329357419    -0.009921171805275     0.036375952998300
     0.012559495269495    -0.007251227974730    -0.074845541371799
26 14
     0.465302413930664    -0.000000000000000    -0.000000000000000
    -0.000000000000000    -1.506716899497189    -0.845732996984528
     0.000000000000000    -0.883243070635807     0.010807026785556
26 15
    -0.209719806834408     0.000000000000000     0.000000000000000
    -0.000000000000000    -0.209719806834408     0.000000000000005
     0.000000000000000     0.000000000000004    -0.054549473736975
26 16
     0.007081019231009     0.014724329357421     0.063004998766796
     0.014724329357419    -0.009921171805275     0.036375952998300
    -0.012559495269494    -0.007251227974730    -0.074845541371799
26 17
    -0.043845929360153    -0.109488413599864    -0.110029017386334
    -0.109488413599864     0.082580400769893    -0.063525282806676
    -0.110029017386334    -0.063525282806676    -0.066095821421352
26 18
     0.081873987842294    -0.000000000000000     0.000000000000000
    -0.000000000000000     0.081873987842294    -0.000000000000012
     0.000000000000000    -0.000000000000012    -0.333154189469415
26 19
    -0.056495876897604    -0.000000000000000    -0.000000000000000
    -0.000000000000000     0.022277469958090    -0.046660351803995
     0.000000000000000    -0.046660351803995     0.009045245927122
26 20
    -0.043845929360153     0.109488413599864     0.110029017386334
     0.109488413599864     0.082580400769893    -0.063525282806676
     0.110029017386334    -0.063525282806676    -0.066095821421352
26 21
     0.002584133244168    -0.034109859759079    -0.040409050011777
    -0.034109859759079    -0.036802540183679     0.023330175901998
    -0.040409050011777     0.023330175901998     0.009045245927118
26 22
     0.145793565834921     0.000000000000000    -0.000000000000000
     0.000000000000000    -0.107059094425171     0.127050565613344
     0.000000000000000     0.127050565613344    -0.066095821421363
26 23
    -0.167645471224973    -0.000000000000000     0.000000000000000
    -0.000000000000000    -0.167645471224973     0.000000000000009
     0.000000000000000     0.000000000000009     0.128751350836338
26 24
     0.002584133244168     0.034109859759079     0.040409050011777
     0.034109859759079    -0.036802540183679     0.023330175901998
     0.040409050011777     0.023330175901998     0.009045245927118
26 25
    -0.000508060435772    -0.018421428230717    -0.012269411217763
    -0.018421428230717     0.020763172659951    -0.007083747869376
    -0.012269411217763    -0.007083747869376    -0.033979152011046
26 26
     5.295614625380170    -0.000000000000000     0.000000000000000
    -0.000000000000000     5.295614625380173    -0.000000000000068
     0.000000000000000    -0.000000000000068     2.937799043428584
26 27
    -0.323844511398238    -0.000000000000000     0.000000000000000
    -0.000000000000000     0.062697843596649    -0.001809830991798
     0.000000000000000    -0.001809830991798     0.008510626269583
26 28
    -0.000508060435772     0.018421428230717     0.012269411217763
     0.018421428230717     0.020763172659950    -0.007083747869376
     0.012269411217763    -0.007083747869376    -0.033979152011046
26 29
    -0.033937745152072    -0.167377749532117    -0.001567359615447
    -0.167377749532117    -0.227208922649516     0.000904915495905
    -0.001567359615447     0.000904915495905     0.008510626269583
26 30
     0.031398789207812    -0.000000000000000    -0.000000000000000
     0.000000000000000    -0.011143676983633     0.014167495738748
     0.000000000000000     0.014167495738748    -0.033979152011047
26 31
    -0.036186528501159    -0.000000000000000     0.000000000000000
    -0.000000000000000    -0.036186528501159    -0.000000000000001
     0.000000000000000    -0.000000000000001    -0.086200283070934
26 32
    -0.033937745152072     0.167377749532117     0.001567359615447
     0.167377749532117    -0.227208922649515     0.000904915495905
     0.001567359615447     0.000904915495905     0.008510626269583
26 33
    -0.064916040082611    -0.062483925041368    -0.208093144087702
    -0.062483925041368     0.007234181802691    -0.120142632755554
    -0.203793684845771    -0.117660338804855    -0.078577253873699
26 34
     0.108667086844258     0.000000000000000     0.000000000000000
    -0.000000000000000     0.108667086844258    -0.000000000000007
     0.000000000000000    -0.000000000000007    -0.147420027068568
26 35
    -0.100267535336618    -0.000000000000000     0.000000000000000
    -0.000000000000000     0.048218931564133     0.013175906942984
     0.000000000000000    -0.073613724215454    -0.051567627727228
26 36
    -0.064916040082611     0.062483925041368     0.208093144087702
     0.062483925041368     0.007234181802691    -0.120142632755554
     0.203793684845770    -0.117660338804855    -0.078577253873699
26 37
     0.011097314838946    -0.064296526227125     0.011410670130528
    -0.064296526227126    -0.063145918611429    -0.006587953471493
    -0.063751355237761     0.036806862107726    -0.051567627727231
26 38
     0.043309292745353    -0.000000000000000     0.000000000000000
     0.000000000000000    -0.100991151025253     0.240285265511103
     0.000000000000000     0.235320677609705    -0.078577253873720
26 39
    -0.023408658810161     0.000000000000000     0.000000000000000
    -0.000000000000000    -0.023408658810161     0.000000000000003
     0.000000000000000     0.000000000000003     0.068829994162008
26 40
     0.011097314838946     0.064296526227125    -0.011410670130528
     0.064296526227127    -0.063145918611429    -0.006587953471493
     0.063751355237761     0.036806862107726    -0.051567627727231
26 41
     0.036296531105494     0.082664291439993    -0.155021894047571
     0.082664291439995    -0.059155970725015    -0.089501932258642
    -0.109254035685434    -0.063077846913030     0.201245759322187
26 42
    -0.008067465979313    -0.000000000000000     0.000000000000000
    -0.000000000000000    -0.008067465979313    -0.000000000000000
     0.000000000000000    -0.000000000000000    -0.016206492069047
26 43
    -0.010421860120071    -0.000000000000000     0.000000000000000
    -0.000000000000000     0.118036545417342     0.485734710702042
     0.000000000000000     0.225522613614930     0.082256937262513
26 44
     0.036296531105494    -0.082664291439993     0.155021894047571
    -0.082664291439995    -0.059155970725015    -0.089501932258642
     0.109254035685434    -0.063077846913029     0.201245759322187
26 45
     0.085921944032974    -0.055624121262501     0.420658598967857
    -0.055624121262507     0.021692741264267    -0.242867355351020
     0.195308312518395    -0.112761306807464     0.082256937262544
26 46
    -0.106882221640263    -0.000000000000000     0.000000000000000
    -0.000000000000000     0.084022782020756     0.179003864517302
     0.000000000000000     0.126155693826078     0.201245759322174
26 47
     0.107278915359017    -0.000000000000000     0.000000000000000
    -0.000000000000000     0.107278915359017    -0.000000000000004
     0.000000000000000    -0.000000000000004    -0.032083580262281
26 48
     0.085921944032974     0.055624121262501    -0.420658598967857
     0.055624121262507     0.021692741264267    -0.242867355351020
    -0.195308312518395    -0.112761306807464     0.082256937262544
26 49
    -0.575816741246521     0.048380276371941     0.063073341497960
     0.048380276371939    -0.631681472420137     0.036415410692532
    -0.021919166553377    -0.012655036710010    -0.835770900958836
26 50
    -0.046472275684062    -0.000000000000000     0.000000000000000
    -0.000000000000000    -0.046472275684062     0.000000000000004
     0.000000000000000     0.000000000000004     0.084786685231309
26 51
     0.046610704331349    -0.000000000000000     0.000000000000000
    -0.000000000000000    -0.024256744311780     0.001355672878914
     0.000000000000000     0.012273921341678     0.170315825133793
26 52
    -0.575816741246520    -0.048380276371941    -0.063073341497960
    -0.048380276371939    -0.631681472420137     0.036415410692532
     0.021919166553377    -0.012655036710010    -0.835770900958836
26 53
    -0.006539882150998     0.030686505413169     0.001174047152355
     0.030686505413170     0.028893842170567    -0.000677836439450
     0.010629527685939    -0.006136960670832     0.170315825133794
26 54
    -0.659613838006944    -0.000000000000000     0.000000000000000
    -0.000000000000000    -0.547884375659715    -0.072830821385083
     0.000000000000000     0.025310073419999    -0.835770900958835
26 55
     0.065815599026746    -0.000000000000000     0.000000000000000
    -0.000000000000000     0.065815599026747    -0.000000000000005
     0.000000000000000    -0.000000000000005    -0.108644869423754
26 56
    -0.006539882150998    -0.030686505413169    -0.001174047152355
    -0.030686505413170     0.028893842170567    -0.000677836439450
    -0.010629527685939    -0.006136960670832     0.170315825133794
27 1
     0.008690953212084    -0.012919756375627    -0.019625259514075
    -0.012919756375625    -0.006227496430580     0.011330648863365
     0.040873582263009    -0.023598373722295    -0.116526452228252
27 2
     0.187155195337843    -0.000000000000000    -0.000000000000000
    -0.000000000000000    -1.172662274291085    -0.846774759324024
    -0.000000000000000    -1.087048594074125    -0.042298523754874
27 3
     0.012478233435655     0.000000000000000     0.000000000000000
     0.000000000000000     0.012478233435655     0.000000000000002
    -0.000000000000000     0.000000000000002     0.075598657735365
27 4
     0.008690953212084     0.012919756375627     0.019625259514075
     0.012919756375625    -0.006227496430580     0.011330648863365
    -0.040873582263009    -0.023598373722295    -0.116526452228252
27 5
    -0.832707906883812    -0.588818236604218     0.733328452858102
    -0.588818236604212    -0.152799172069348     0.423387379662031
     0.941411697616395     0.543524297037082    -0.042298523754957
27 6
     0.014680259380991     0.000000000000000     0.000000000000000
     0.000000000000000     0.014680259380991    -0.000000000000002
    -0.000000000000000    -0.000000000000002    -0.041809503488522
27 7
    -0.013686721251912     0.000000000000000    -0.000000000000000
     0.000000000000000     0.016150178033417    -0.022661297726739
    -0.000000000000000     0.047196747444581    -0.116526452228253
27 8
    -0.832707906883812     0.588818236604218    -0.733328452858103
     0.588818236604212    -0.152799172069348     0.423387379662031
    -0.941411697616395     0.543524297037082    -0.042298523754957
27 9
    -1.013712071140188     0.853909411090991    -0.732426260207411
     0.853909411090991    -0.027702414426262     0.422866498492287
    -0.764910936887244     0.441621535317927     0.010807026785482
27 10
    -0.018422267323418     0.000000000000000     0.000000000000000
    -0.000000000000000     0.015582114749150    -0.072751905996607
    -0.000000000000000     0.014502455949454    -0.074845541371797
27 11
     0.015781331926974    -0.000000000000000    -0.000000000000000
     0.000000000000000     0.015781331926974    -0.000000000000001
    -0.000000000000000    -0.000000000000001    -0.023257754864802
27 12
    -1.013712071140189    -0.853909411090991     0.732426260207412
    -0.853909411090991    -0.027702414426262     0.422866498492287
     0.764910936887245     0.441621535317926     0.010807026785482
27 13
     0.007081019231009     0.014724329357421     0.063004998766796
     0.014724329357419    -0.009921171805275     0.036375952998300
    -0.012559495269495    -0.007251227974730    -0.074845541371799
27 14
    -0.209719806834408    -0.000000000000000    -0.000000000000000
     0.000000000000000    -0.209719806834408     0.000000000000005
    -0.000000000000000     0.000000000000004    -0.054549473736975
27 15
     0.465302413930664     0.000000000000000    -0.000000000000000
    -0.000000000000000    -1.506716899497190    -0.845732996984528
    -0.000000000000000    -0.883243070635807     0.010807026785556
27 16
     0.007081019231009    -0.014724329357421    -0.063004998766796
    -0.014724329357419    -0.009921171805275     0.036375952998300
     0.012559495269494    -0.007251227974730    -0.074845541371799
27 17
    -0.043845929360153     0.109488413599864     0.110029017386334
     0.109488413599864     0.082580400769893    -0.063525282806676
     0.110029017386334    -0.063525282806676    -0.066095821421352
27 18
    -0.056495876897604    -0.000000000000000     0.000000000000000
    -0.000000000000000     0.022277469958090    -0.046660351803995
    -0.000000000000000    -0.046660351803995     0.009045245927122
27 19
     0.081873987842294     0.000000000000000    -0.000000000000000
     0.000000000000000     0.081873987842294    -0.000000000000012
    -0.000000000000000    -0.000000000000012    -0.333154189469415
27 20
    -0.043845929360153    -0.109488413599864    -0.110029017386334
    -0.109488413599864     0.082580400769893    -0.063525282806676
    -0.110029017386334    -0.063525282806676    -0.066095821421352
27 21
     0.002584133244168     0.034109859759079     0.040409050011777
     0.034109859759079    -0.036802540183679     0.023330175901998
     0.040409050011777     0.023330175901998     0.009045245927118
27 22
    -0.167645471224973     0.000000000000000    -0.000000000000000
     0.000000000000000    -0.167645471224973     0.000000000000009
    -0.000000000000000     0.000000000000009     0.128751350836338
27 23
     0.145793565834921     0.000000000000000     0.000000000000000
     0.000000000000000    -0.107059094425171     0.127050565613344
    -0.000000000000000     0.127050565613344    -0.066095821421363
27 24
     0.002584133244168    -0.034109859759079    -0.040409050011777
    -0.034109859759079    -0.036802540183679     0.023330175901998
    -0.040409050011777     0.023330175901998     0.009045245927118
27 25
    -0.000508060435772     0.018421428230717     0.012269411217763
     0.018421428230717     0.020763172659951    -0.007083747869376
     0.012269411217763    -0.007083747869376    -0.033979152011046
27 26
    -0.323844511398238    -0.000000000000000     0.000000000000000
    -0.000000000000000     0.062697843596649    -0.001809830991798
     0.000000000000000    -0.001809830991798     0.008510626269583
27 27
     5.295614625380170     0.000000000000000    -0.000000000000000
     0.000000000000000     5.295614625380172    -0.000000000000068
    -0.000000000000000    -0.000000000000068     2.937799043428584
27 28
    -0.000508060435772    -0.018421428230717    -0.012269411217763
    -0.018421428230717     0.020763172659950    -0.007083747869376
    -0.012269411217763    -0.007083747869376    -0.033979152011046
27 29
    -0.033937745152072     0.167377749532117     0.001567359615447
     0.167377749532117    -0.227208922649516     0.000904915495905
     0.001567359615447     0.000904915495905     0.008510626269583
27 30
    -0.036186528501159     0.000000000000000    -0.000000000000000
     0.000000000000000    -0.036186528501159    -0.000000000000001
    -0.000000000000000    -0.000000000000001    -0.086200283070934
27 31
     0.031398789207812    -0.000000000000000     0.000000000000000
    -0.000000000000000    -0.011143676983633     0.014167495738748
    -0.000000000000000     0.014167495738748    -0.033979152011047
27 32
    -0.033937745152072    -0.167377749532117    -0.001567359615447
    -0.167377749532117    -0.227208922649515     0.000904915495905
    -0.001567359615447     0.000904915495905     0.008510626269583
27 33
    -0.064916040082611     0.062483925041368     0.208093144087702
     0.062483925041368     0.007234181802691    -0.120142632755554
     0.203793684845770    -0.117660338804855    -0.078577253873699
27 34
    -0.100267535336618     0.000000000000000     0.000000000000000
     0.000000000000000     0.048218931564133     0.013175906942984
    -0.000000000000000    -0.073613724215454    -0.051567627727228
27 35
     0.108667086844258    -0.000000000000000    -0.000000000000000
     0.000000000000000     0.108667086844258    -0.000000000000007
    -0.000000000000000    -0.000000000000007    -0.147420027068568
27 36
    -0.064916040082611    -0.062483925041368    -0.208093144087702
    -0.062483925041368     0.007234181802691    -0.120142632755554
    -0.203793684845771    -0.117660338804855    -0.078577253873699
27 37
     0.011097314838946     0.064296526227125    -0.011410670130528
     0.064296526227126    -0.063145918611429    -0.006587953471493
     0.063751355237761     0.036806862107726    -0.051567627727231
27 38
    -0.023408658810161    -0.000000000000000    -0.000000000000000
     0.000000000000000    -0.023408658810161     0.000000000000003
    -0.000000000000000     0.000000000000003     0.068829994162008
27 39
     0.043309292745353     0.000000000000000    -0.000000000000000
     0.000000000000000    -0.100991151025253     0.240285265511103
    -0.000000000000000     0.235320677609705    -0.078577253873720
27 40
     0.011097314838946    -0.064296526227125     0.011410670130528
    -0.064296526227127    -0.063145918611429    -0.006587953471493
    -0.063751355237761     0.036806862107726    -0.051567627727231
27 41
     0.036296531105494    -0.082664291439993     0.155021894047571
    -0.082664291439995    -0.059155970725015    -0.089501932258642
     0.109254035685434    -0.063077846913030     0.201245759322187
27 42
    -0.010421860120071     0.000000000000000    -0.000000000000000
     0.000000000000000     0.118036545417342     0.485734710702042
    -0.000000000000000     0.225522613614930     0.082256937262513
27 43
    -0.008067465979313     0.000000000000000    -0.000000000000000
     0.000000000000000    -0.008067465979313    -0.000000000000000
    -0.000000000000000    -0.000000000000000    -0.016206492069047
27 44
     0.036296531105494     0.082664291439993    -0.155021894047571
     0.082664291439995    -0.059155970725015    -0.089501932258642
    -0.109254035685434    -0.063077846913029     0.201245759322187
27 45
     0.085921944032974     0.055624121262501    -0.420658598967857
     0.055624121262507     0.021692741264267    -0.242867355351020
    -0.195308312518395    -0.112761306807464     0.082256937262544
27 46
     0.107278915359017     0.000000000000000    -0.000000000000000
    -0.000000000000000     0.107278915359017    -0.000000000000004
    -0.000000000000000    -0.000000000000004    -0.032083580262281
27 47
    -0.106882221640263     0.000000000000000     0.000000000000000
     0.000000000000000     0.084022782020756     0.179003864517302
    -0.000000000000000     0.126155693826078     0.201245759322174
27 48
     0.085921944032974    -0.055624121262501     0.420658598967857
    -0.055624121262507     0.021692741264267    -0.242867355351020
     0.195308312518395    -0.112761306807464     0.082256937262544
27 49
    -0.575816741246521    -0.048380276371941    -0.063073341497960
    -0.048380276371939    -0.631681472420137     0.036415410692532
     0.021919166553377    -0.012655036710010    -0.835770900958836
27 50
     0.046610704331349     0.000000000000000    -0.000000000000000
     0.000000000000000    -0.024256744311780     0.001355672878914
    -0.000000000000000     0.012273921341678     0.170315825133793
27 51
    -0.046472275684062     0.000000000000000     0.000000000000000
    -0.000000000000000    -0.046472275684062     0.000000000000004
    -0.000000000000000     0.000000000000004     0.084786685231309
27 52
    -0.575816741246520     0.048380276371941     0.063073341497960
     0.048380276371939    -0.631681472420137     0.036415410692532
    -0.021919166553377    -0.012655036710010    -0.835770900958836
27 53
    -0.006539882150998    -0.030686505413169    -0.001174047152355
    -0.030686505413170     0.028893842170567    -0.000677836439450
    -0.010629527685939    -0.006136960670832     0.170315825133794
27 54
     0.065815599026746     0.000000000000000    -0.000000000000000
    -0.000000000000000     0.065815599026746    -0.000000000000005
    -0.000000000000000    -0.000000000000005    -0.108644869423754
27 55
    -0.659613838006944     0.000000000000000    -0.000000000000000
     0.000000000000000    -0.547884375659715    -0.072830821385083
    -0.000000000000000     0.025310073419999    -0.835770900958835
27 56
    -0.006539882150998     0.030686505413169     0.001174047152355
     0.030686505413170     0.028893842170567    -0.000677836439450
     0.010629527685939    -0.006136960670832     0.170315825133794
28 1
     0.187155195337843    -0.000000000000000    -0.000000000000000
    -0.000000000000000    -1.172662274291084    -0.846774759324023
    -0.000000000000000    -1.087048594074124    -0.042298523754874
28 2
     0.008690953212084    -0.012919756375627    -0.019625259514075
    -0.012919756375625    -0.006227496430580     0.011330648863365
     0.040873582263009    -0.023598373722296    -0.116526452228252
28 3
     0.008690953212084     0.012919756375627     0.019625259514075
     0.012919756375625    -0.006227496430580     0.011330648863365
    -0.040873582263009    -0.023598373722296    -0.116526452228252
28 4
     0.012478233435655     0.000000000000000    -0.000000000000000
    -0.000000000000000     0.012478233435655     0.000000000000002
     0.000000000000000     0.000000000000002     0.075598657735365
28 5
     0.014680259380991     0.000000000000000    -0.000000000000000
    -0.000000000000000     0.014680259380991    -0.000000000000002
     0.000000000000000    -0.000000000000002    -0.041809503488522
28 6
    -0.832707906883812    -0.588818236604218     0.733328452858102
    -0.588818236604212    -0.152799172069348     0.423387379662031
     0.941411697616395     0.543524297037082    -0.042298523754957
28 7
    -0.832707906883812     0.588818236604218    -0.733328452858102
     0.588818236604212    -0.152799172069348     0.423387379662031
    -0.941411697616395     0.543524297037082    -0.042298523754957
28 8
    -0.013686721251912     0.000000000000000     0.000000000000000
     0.000000000000000     0.016150178033417    -0.022661297726739
    -0.000000000000000     0.047196747444581    -0.116526452228253
28 9
    -0.018422267323418     0.000000000000000     0.000000000000000
    -0.000000000000000     0.015582114749150    -0.072751905996607
    -0.000000000000000     0.014502455949454    -0.074845541371797
28 10
    -1.013712071140189     0.853909411090991    -0.732426260207411
     0.853909411090991    -0.027702414426262     0.422866498492287
    -0.764910936887245     0.441621535317926     0.010807026785482
28 11
    -1.013712071140189    -0.853909411090991     0.732426260207411
    -0.853909411090991    -0.027702414426262     0.422866498492287
     0.764910936887245     0.441621535317926     0.010807026785482
28 12
     0.015781331926974     0.000000000000000    -0.000000000000000
     0.000000000000000     0.015781331926974    -0.000000000000001
    -0.000000000000000    -0.000000000000001    -0.023257754864802
28 13
    -0.209719806834408     0.000000000000000    -0.000000000000000
     0.000000000000000    -0.209719806834408     0.000000000000005
    -0.000000000000000     0.000000000000004    -0.054549473736975
28 14
     0.007081019231009     0.014724329357421     0.063004998766796
     0.014724329357419    -0.009921171805275     0.036375952998300
    -0.012559495269495    -0.007251227974730    -0.074845541371799
28 15
     0.007081019231009    -0.014724329357421    -0.063004998766796
    -0.014724329357419    -0.009921171805275     0.036375952998300
     0.012559495269494    -0.007251227974730    -0.074845541371799
28 16
     0.465302413930664    -0.000000000000000    -0.000000000000000
    -0.000000000000000    -1.506716899497190    -0.845732996984528
    -0.000000000000000    -0.883243070635808     0.010807026785556
28 17
    -0.056495876897604     0.000000000000000    -0.000000000000000
     0.000000000000000     0.022277469958090    -0.046660351803995
     0.000000000000000    -0.046660351803995     0.009045245927122
28 18
    -0.043845929360153     0.109488413599864     0.110029017386334
     0.109488413599864     0.082580400769893    -0.063525282806676
     0.110029017386334    -0.063525282806676    -0.066095821421352
28 19
    -0.043845929360153    -0.109488413599864    -0.110029017386334
    -0.109488413599864     0.082580400769893    -0.063525282806676
    -0.110029017386334    -0.063525282806676    -0.066095821421352
28 20
     0.081873987842294     0.000000000000000    -0.000000000000000
     0.000000000000000     0.081873987842294    -0.000000000000012
    -0.000000000000000    -0.000000000000012    -0.333154189469415
28 21
    -0.167645471224973     0.000000000000000    -0.000000000000000
     0.000000000000000    -0.167645471224973     0.000000000000009
    -0.000000000000000     0.000000000000009     0.128751350836338
28 22
     0.002584133244168     0.034109859759079     0.040409050011777
     0.034109859759079    -0.036802540183679     0.023330175901998
     0.040409050011777     0.023330175901998     0.009045245927118
28 23
     0.002584133244168    -0.034109859759079    -0.040409050011777
    -0.034109859759079    -0.036802540183679     0.023330175901998
    -0.040409050011777     0.023330175901998     0.009045245927118
28 24
     0.145793565834921     0.000000000000000    -0.000000000000000
     0.000000000000000    -0.107059094425170     0.127050565613344
    -0.000000000000000     0.127050565613344    -0.066095821421363
28 25
    -0.323844511398238     0.000000000000000     0.000000000000000
     0.000000000000000     0.062697843596650    -0.001809830991798
     0.000000000000000    -0.001809830991798     0.008510626269583
28 26
    -0.000508060435772     0.018421428230717     0.012269411217763
     0.018421428230717     0.020763172659950    -0.007083747869376
     0.012269411217763    -0.007083747869376    -0.033979152011046
28 27
    -0.000508060435772    -0.018421428230717    -0.012269411217763
    -0.018421428230717     0.020763172659950    -0.007083747869376
    -0.012269411217763    -0.007083747869376    -0.033979152011046
28 28
     5.295614625380173     0.000000000000000    -0.000000000000000
     0.000000000000000     5.295614625380169    -0.000000000000068
    -0.000000000000000    -0.000000000000068     2.937799043428583
28 29
    -0.036186528501159     0.000000000000000    -0.000000000000000
     0.000000000000000    -0.036186528501159    -0.000000000000001
    -0.000000000000000    -0.000000000000001    -0.086200283070934
28 30
    -0.033937745152072     0.167377749532117     0.001567359615447
     0.167377749532117    -0.227208922649516     0.000904915495905
     0.001567359615447     0.000904915495905     0.008510626269583
28 31
    -0.033937745152072    -0.167377749532117    -0.001567359615447
    -0.167377749532117    -0.227208922649516     0.000904915495905
    -0.001567359615447     0.000904915495905     0.008510626269583
28 32
     0.031398789207812     0.000000000000000    -0.000000000000000
     0.000000000000000    -0.011143676983632     0.014167495738748
    -0.000000000000000     0.014167495738748    -0.033979152011047
28 33
    -0.100267535336618     0.000000000000000     0.000000000000000
    -0.000000000000000     0.048218931564133     0.013175906942984
     0.000000000000000    -0.073613724215454    -0.051567627727228
28 34
    -0.064916040082611     0.062483925041368     0.208093144087702
     0.062483925041368     0.007234181802691    -0.120142632755554
     0.203793684845771    -0.117660338804855    -0.078577253873699
28 35
    -0.064916040082611    -0.062483925041368    -0.208093144087702
    -0.062483925041368     0.007234181802691    -0.120142632755554
    -0.203793684845771    -0.117660338804855    -0.078577253873699
28 36
     0.108667086844258     0.000000000000000    -0.000000000000000
     0.000000000000000     0.108667086844258    -0.000000000000007
    -0.000000000000000    -0.000000000000007    -0.147420027068568
28 37
    -0.023408658810161     0.000000000000000    -0.000000000000000
     0.000000000000000    -0.023408658810161     0.000000000000003
    -0.000000000000000     0.000000000000003     0.068829994162008
28 38
     0.011097314838946     0.064296526227124    -0.011410670130528
     0.064296526227127    -0.063145918611429    -0.006587953471493
     0.063751355237761     0.036806862107726    -0.051567627727231
28 39
     0.011097314838946    -0.064296526227124     0.011410670130528
    -0.064296526227127    -0.063145918611429    -0.006587953471493
    -0.063751355237761     0.036806862107726    -0.051567627727231
28 40
     0.043309292745353     0.000000000000000     0.000000000000000
    -0.000000000000000    -0.100991151025252     0.240285265511104
    -0.000000000000000     0.235320677609705    -0.078577253873720
28 41
    -0.010421860120071     0.000000000000000    -0.000000000000000
     0.000000000000000     0.118036545417342     0.485734710702041
    -0.000000000000000     0.225522613614930     0.082256937262513
28 42
     0.036296531105494    -0.082664291439993     0.155021894047571
    -0.082664291439995    -0.059155970725015    -0.089501932258642
     0.109254035685434    -0.063077846913029     0.201245759322187
28 43
     0.036296531105494     0.082664291439993    -0.155021894047571
     0.082664291439995    -0.059155970725015    -0.089501932258642
    -0.109254035685434    -0.063077846913029     0.201245759322187
28 44
    -0.008067465979313     0.000000000000000    -0.000000000000000
     0.000000000000000    -0.008067465979313    -0.000000000000000
    -0.000000000000000    -0.000000000000000    -0.016206492069047
28 45
     0.107278915359017     0.000000000000000    -0.000000000000000
     0.000000000000000     0.107278915359017    -0.000000000000004
    -0.000000000000000    -0.000000000000004    -0.032083580262281
28 46
     0.085921944032973     0.055624121262501    -0.420658598967856
     0.055624121262507     0.021692741264267    -0.242867355351020
    -0.195308312518395    -0.112761306807464     0.082256937262544
28 47
     0.085921944032973    -0.055624121262501     0.420658598967856
    -0.055624121262507     0.021692741264267    -0.242867355351020
     0.195308312518395    -0.112761306807464     0.082256937262544
28 48
    -0.106882221640263     0.000000000000000     0.000000000000000
     0.000000000000000     0.084022782020756     0.179003864517302
     0.000000000000000     0.126155693826078     0.201245759322174
28 49
     0.046610704331349     0.000000000000000    -0.000000000000000
     0.000000000000000    -0.024256744311780     0.001355672878914
    -0.000000000000000     0.012273921341678     0.170315825133793
28 50
    -0.575816741246521    -0.048380276371941    -0.063073341497960
    -0.048380276371939    -0.631681472420137     0.036415410692532
     0.021919166553377    -0.012655036710010    -0.835770900958836
28 51
    -0.575816741246521     0.048380276371941     0.063073341497960
     0.048380276371939    -0.631681472420137     0.036415410692532
    -0.021919166553377    -0.012655036710010    -0.835770900958836
28 52
    -0.046472275684062     0.000000000000000     0.000000000000000
     0.000000000000000    -0.046472275684062     0.000000000000004
     0.000000000000000     0.000000000000004     0.084786685231309
28 53
     0.065815599026746     0.000000000000000    -0.000000000000000
     0.000000000000000     0.065815599026746    -0.000000000000005
    -0.000000000000000    -0.000000000000005    -0.108644869423754
28 54
    -0.006539882150998    -0.030686505413169    -0.001174047152355
    -0.030686505413170     0.028893842170567    -0.000677836439450
    -0.010629527685939    -0.006136960670832     0.170315825133794
28 55
    -0.006539882150998     0.030686505413169     0.001174047152355
     0.030686505413170     0.028893842170567    -0.000677836439450
     0.010629527685939    -0.006136960670832     0.170315825133794
28 56
    -0.659613838006944     0.000000000000000    -0.000000000000000
     0.000000000000000    -0.547884375659715    -0.072830821385083
    -0.000000000000000     0.025310073419999    -0.835770900958835
29 1
    -0.013686721251912     0.000000000000000     0.000000000000000
     0.000000000000000     0.016150178033417    -0.022661297726739
    -0.000000000000000     0.047196747444581    -0.116526452228253
29 2
    -0.832707906883812     0.588818236604218    -0.733328452858102
     0.588818236604212    -0.152799172069348     0.423387379662031
    -0.941411697616395     0.543524297037082    -0.042298523754957
29 3
    -0.832707906883812    -0.588818236604218     0.733328452858102
    -0.588818236604212    -0.152799172069348     0.423387379662031
     0.941411697616395     0.543524297037082    -0.042298523754957
29 4
     0.014680259380991     0.000000000000000    -0.000000000000000
    -0.000000000000000     0.014680259380991    -0.000000000000002
     0.000000000000000    -0.000000000000002    -0.041809503488522
29 5
     0.012478233435655     0.000000000000000    -0.000000000000000
    -0.000000000000000     0.012478233435655     0.000000000000002
     0.000000000000000     0.000000000000002     0.075598657735365
29 6
     0.008690953212084     0.012919756375627     0.019625259514075
     0.012919756375625    -0.006227496430580     0.011330648863365
    -0.040873582263009    -0.023598373722296    -0.116526452228252
29 7
     0.008690953212084    -0.012919756375627    -0.019625259514075
    -0.012919756375625    -0.006227496430580     0.011330648863365
     0.040873582263009    -0.023598373722296    -0.116526452228252
29 8
     0.187155195337843    -0.000000000000000    -0.000000000000000
    -0.000000000000000    -1.172662274291084    -0.846774759324023
    -0.000000000000000    -1.087048594074124    -0.042298523754874
29 9
     0.465302413930664    -0.000000000000000    -0.000000000000000
    -0.000000000000000    -1.506716899497190    -0.845732996984528
    -0.000000000000000    -0.883243070635808     0.010807026785556
29 10
     0.007081019231009    -0.014724329357421    -0.063004998766796
    -0.014724329357419    -0.009921171805275     0.036375952998300
     0.012559495269494    -0.007251227974730    -0.074845541371799
29 11
     0.007081019231009     0.014724329357421     0.063004998766796
     0.014724329357419    -0.009921171805275     0.036375952998300
    -0.012559495269495    -0.007251227974730    -0.074845541371799
29 12
    -0.209719806834408     0.000000000000000    -0.000000000000000
     0.000000000000000    -0.209719806834408     0.000000000000005
    -0.000000000000000     0.000000000000004    -0.054549473736975
29 13
     0.015781331926974     0.000000000000000    -0.000000000000000
     0.000000000000000     0.015781331926974    -0.000000000000001
    -0.000000000000000    -0.000000000000001    -0.023257754864802
29 14
    -1.013712071140189    -0.853909411090991     0.732426260207411
    -0.853909411090991    -0.027702414426262     0.422866498492287
     0.764910936887245     0.441621535317926     0.010807026785482
29 15
    -1.013712071140189     0.853909411090991    -0.732426260207411
     0.853909411090991    -0.027702414426262     0.422866498492287
    -0.764910936887245     0.441621535317926     0.010807026785482
29 16
    -0.018422267323418     0.000000000000000     0.000000000000000
    -0.000000000000000     0.015582114749150    -0.072751905996607
     0.000000000000000     0.014502455949454    -0.074845541371797
29 17
     0.145793565834921     0.000000000000000    -0.000000000000000
     0.000000000000000    -0.107059094425170     0.127050565613344
    -0.000000000000000     0.127050565613344    -0.066095821421363
29 18
     0.002584133244168    -0.034109859759079    -0.040409050011777
    -0.034109859759079    -0.036802540183679     0.023330175901998
    -0.040409050011777     0.023330175901998     0.009045245927118
29 19
     0.002584133244168     0.034109859759079     0.040409050011777
     0.034109859759079    -0.036802540183679     0.023330175901998
     0.040409050011777     0.023330175901998     0.009045245927118
29 20
    -0.167645471224973     0.000000000000000    -0.000000000000000
     0.000000000000000    -0.167645471224973     0.000000000000009
    -0.000000000000000     0.000000000000009     0.128751350836338
29 21
     0.081873987842294     0.000000000000000    -0.000000000000000
     0.000000000000000     0.081873987842294    -0.000000000000012
    -0.000000000000000    -0.000000000000012    -0.333154189469415
29 22
    -0.043845929360153    -0.109488413599864    -0.110029017386334
    -0.109488413599864     0.082580400769893    -0.063525282806676
    -0.110029017386334    -0.063525282806676    -0.066095821421352
29 23
    -0.043845929360153     0.109488413599864     0.110029017386334
     0.109488413599864     0.082580400769893    -0.063525282806676
     0.110029017386334    -0.063525282806676    -0.066095821421352
29 24
    -0.056495876897604     0.000000000000000    -0.000000000000000
     0.000000000000000     0.022277469958090    -0.046660351803995
     0.000000000000000    -0.046660351803995     0.009045245927122
29 25
     0.031398789207812     0.000000000000000    -0.000000000000000
     0.000000000000000    -0.011143676983632     0.014167495738748
    -0.000000000000000     0.014167495738748    -0.033979152011047
29 26
    -0.033937745152072    -0.167377749532117    -0.001567359615447
    -0.167377749532117    -0.227208922649516     0.000904915495905
    -0.001567359615447     0.000904915495905     0.008510626269583
29 27
    -0.033937745152072     0.167377749532117     0.001567359615447
     0.167377749532117    -0.227208922649516     0.000904915495905
     0.001567359615447     0.000904915495905     0.008510626269583
29 28
    -0.036186528501159     0.000000000000000    -0.000000000000000
     0.000000000000000    -0.036186528501159    -0.000000000000001
    -0.000000000000000    -0.000000000000001    -0.086200283070934
29 29
     5.295614625380172     0.000000000000000    -0.000000000000000
     0.000000000000000     5.295614625380169    -0.000000000000068
    -0.000000000000000    -0.000000000000068     2.937799043428583
29 30
    -0.000508060435772    -0.018421428230717    -0.012269411217763
    -0.018421428230717     0.020763172659950    -0.007083747869376
    -0.012269411217763    -0.007083747869376    -0.033979152011046
29 31
    -0.000508060435772     0.018421428230717     0.012269411217763
     0.018421428230717     0.020763172659950    -0.007083747869376
     0.012269411217763    -0.007083747869376    -0.033979152011046
29 32
    -0.323844511398238     0.000000000000000    -0.000000000000000
     0.000000000000000     0.062697843596650    -0.001809830991798
     0.000000000000000    -0.001809830991798     0.008510626269583
29 33
     0.043309292745353     0.000000000000000     0.000000000000000
     0.000000000000000    -0.100991151025252     0.240285265511104
    -0.000000000000000     0.235320677609705    -0.078577253873720
29 34
     0.011097314838946    -0.064296526227124     0.011410670130528
    -0.064296526227127    -0.063145918611429    -0.006587953471493
    -0.063751355237761     0.036806862107726    -0.051567627727231
29 35
     0.011097314838946     0.064296526227124    -0.011410670130528
     0.064296526227127    -0.063145918611429    -0.006587953471493
     0.063751355237761     0.036806862107726    -0.051567627727231
29 36
    -0.023408658810161     0.000000000000000    -0.000000000000000
     0.000000000000000    -0.023408658810161     0.000000000000003
    -0.000000000000000     0.000000000000003     0.068829994162008
29 37
     0.108667086844258     0.000000000000000    -0.000000000000000
     0.000000000000000     0.108667086844258    -0.000000000000007
    -0.000000000000000    -0.000000000000007    -0.147420027068568
29 38
    -0.064916040082611    -0.062483925041368    -0.208093144087702
    -0.062483925041368     0.007234181802691    -0.120142632755554
    -0.203793684845771    -0.117660338804855    -0.078577253873699
29 39
    -0.064916040082611     0.062483925041368     0.208093144087702
     0.062483925041368     0.007234181802691    -0.120142632755554
     0.203793684845771    -0.117660338804855    -0.078577253873699
29 40
    -0.100267535336618     0.000000000000000     0.000000000000000
    -0.000000000000000     0.048218931564133     0.013175906942984
     0.000000000000000    -0.073613724215454    -0.051567627727228
29 41
    -0.106882221640263     0.000000000000000     0.000000000000000
     0.000000000000000     0.084022782020756     0.179003864517302
     0.000000000000000     0.126155693826078     0.201245759322174
29 42
     0.085921944032973    -0.055624121262501     0.420658598967856
    -0.055624121262507     0.021692741264267    -0.242867355351020
     0.195308312518395    -0.112761306807464     0.082256937262544
29 43
     0.085921944032973     0.055624121262501    -0.420658598967856
     0.055624121262507     0.021692741264267    -0.242867355351020
    -0.195308312518395    -0.112761306807464     0.082256937262544
29 44
     0.107278915359017     0.000000000000000    -0.000000000000000
     0.000000000000000     0.107278915359017    -0.000000000000004
    -0.000000000000000    -0.000000000000004    -0.032083580262281
29 45
    -0.008067465979313     0.000000000000000    -0.000000000000000
     0.000000000000000    -0.008067465979313    -0.000000000000000
    -0.000000000000000    -0.000000000000000    -0.016206492069047
29 46
     0.036296531105494     0.082664291439993    -0.155021894047571
     0.082664291439995    -0.059155970725015    -0.089501932258642
    -0.109254035685434    -0.063077846913029     0.201245759322187
29 47
     0.036296531105494    -0.082664291439993     0.155021894047571
    -0.082664291439995    -0.059155970725015    -0.089501932258642
     0.109254035685434    -0.063077846913029     0.201245759322187
29 48
    -0.010421860120071     0.000000000000000    -0.000000000000000
     0.000000000000000     0.118036545417342     0.485734710702041
    -0.000000000000000     0.225522613614930     0.082256937262513
29 49
    -0.659613838006944     0.000000000000000    -0.000000000000000
     0.000000000000000    -0.547884375659715    -0.072830821385083
    -0.000000000000000     0.025310073419999    -0.835770900958835
29 50
    -0.006539882150998     0.030686505413169     0.001174047152355
     0.030686505413170     0.028893842170567    -0.000677836439450
     0.010629527685939    -0.006136960670832     0.170315825133794
29 51
    -0.006539882150998    -0.030686505413169    -0.001174047152355
    -0.030686505413170     0.028893842170567    -0.000677836439450
    -0.010629527685939    -0.006136960670832     0.170315825133794
29 52
     0.065815599026747     0.000000000000000    -0.000000000000000
     0.000000000000000     0.065815599026746    -0.000000000000005
    -0.000000000000000    -0.000000000000005    -0.108644869423754
29 53
    -0.046472275684062     0.000000000000000    -0.000000000000000
     0.000000000000000    -0.046472275684062     0.000000000000004
    -0.000000000000000     0.000000000000004     0.084786685231309
29 54
    -0.575816741246521     0.048380276371941     0.063073341497960
     0.048380276371939    -0.631681472420137     0.036415410692532
    -0.021919166553377    -0.012655036710010    -0.835770900958836
29 55
    -0.575816741246521    -0.048380276371941    -0.063073341497960
    -0.048380276371939    -0.631681472420137     0.036415410692532
     0.021919166553377    -0.012655036710010    -0.835770900958836
29 56
     0.046610704331349     0.000000000000000    -0.000000000000000
     0.000000000000000    -0.024256744311780     0.001355672878914
    -0.000000000000000     0.012273921341678     0.170315825133793
30 1
    -0.832707906883812     0.588818236604218    -0.733328452858103
     0.588818236604212    -0.152799172069348     0.423387379662031
    -0.941411697616395     0.543524297037082    -0.042298523754957
30 2
    -0.013686721251912     0.000000000000000    -0.000000000000000
     0.000000000000000     0.016150178033417    -0.022661297726739
    -0.000000000000000     0.047196747444581    -0.116526452228253
30 3
     0.014680259380992     0.000000000000000     0.000000000000000
     0.000000000000000     0.014680259380991    -0.000000000000002
    -0.000000000000000    -0.000000000000002    -0.041809503488522
30 4
    -0.832707906883812    -0.588818236604218     0.733328452858102
    -0.588818236604212    -0.152799172069348     0.423387379662031
     0.941411697616395     0.543524297037082    -0.042298523754957
30 5
     0.008690953212084     0.012919756375627     0.019625259514075
     0.012919756375625    -0.006227496430580     0.011330648863365
    -0.040873582263009    -0.023598373722295    -0.116526452228252
30 6
     0.012478233435655     0.000000000000000     0.000000000000000
     0.000000000000000     0.012478233435655     0.000000000000002
    -0.000000000000000     0.000000000000002     0.075598657735365
30 7
     0.187155195337843    -0.000000000000000    -0.000000000000000
    -0.000000000000000    -1.172662274291085    -0.846774759324024
    -0.000000000000000    -1.087048594074125    -0.042298523754874
30 8
     0.008690953212084    -0.012919756375627    -0.019625259514075
    -0.012919756375625    -0.006227496430580     0.011330648863365
     0.040873582263009    -0.023598373722295    -0.116526452228252
30 9
     0.007081019231009    -0.014724329357421    -0.063004998766796
    -0.014724329357419    -0.009921171805275     0.036375952998300
     0.012559495269494    -0.007251227974730    -0.074845541371799
30 10
     0.465302413930664     0.000000000000000    -0.000000000000000
    -0.000000000000000    -1.506716899497190    -0.845732996984528
    -0.000000000000000    -0.883243070635807     0.010807026785556
30 11
    -0.209719806834408    -0.000000000000000    -0.000000000000000
     0.000000000000000    -0.209719806834408     0.000000000000005
    -0.000000000000000     0.000000000000004    -0.054549473736975
30 12
     0.007081019231009     0.014724329357421     0.063004998766796
     0.014724329357419    -0.009921171805275     0.036375952998300
    -0.012559495269495    -0.007251227974730    -0.074845541371799
30 13
    -1.013712071140189    -0.853909411090991     0.732426260207412
    -0.853909411090991    -0.027702414426262     0.422866498492287
     0.764910936887245     0.441621535317926     0.010807026785482
30 14
     0.015781331926974    -0.000000000000000    -0.000000000000000
     0.000000000000000     0.015781331926974    -0.000000000000001
    -0.000000000000000    -0.000000000000001    -0.023257754864802
30 15
    -0.018422267323418     0.000000000000000     0.000000000000000
    -0.000000000000000     0.015582114749150    -0.072751905996607
    -0.000000000000000     0.014502455949454    -0.074845541371797
30 16
    -1.013712071140188     0.853909411090991    -0.732426260207411
     0.853909411090991    -0.027702414426262     0.422866498492287
    -0.764910936887244     0.441621535317927     0.010807026785482
30 17
     0.002584133244168    -0.034109859759079    -0.040409050011777
    -0.034109859759079    -0.036802540183679     0.023330175901998
    -0.040409050011777     0.023330175901998     0.009045245927118
30 18
     0.145793565834921     0.000000000000000     0.000000000000000
     0.000000000000000    -0.107059094425171     0.127050565613344
    -0.000000000000000     0.127050565613344    -0.066095821421363
30 19
    -0.167645471224973     0.000000000000000    -0.000000000000000
     0.000000000000000    -0.167645471224973     0.000000000000009
    -0.000000000000000     0.000000000000009     0.128751350836338
30 20
     0.002584133244168     0.034109859759079     0.040409050011777
     0.034109859759079    -0.036802540183679     0.023330175901998
     0.040409050011777     0.023330175901998     0.009045245927118
30 21
    -0.043845929360153    -0.109488413599864    -0.110029017386334
    -0.109488413599864     0.082580400769893    -0.063525282806676
    -0.110029017386334    -0.063525282806676    -0.066095821421352
30 22
     0.081873987842294     0.000000000000000    -0.000000000000000
     0.000000000000000     0.081873987842294    -0.000000000000012
    -0.000000000000000    -0.000000000000012    -0.333154189469415
30 23
    -0.056495876897604    -0.000000000000000     0.000000000000000
    -0.000000000000000     0.022277469958090    -0.046660351803995
    -0.000000000000000    -0.046660351803995     0.009045245927122
30 24
    -0.043845929360153     0.109488413599864     0.110029017386334
     0.109488413599864     0.082580400769893    -0.063525282806676
     0.110029017386334    -0.063525282806676    -0.066095821421352
30 25
    -0.033937745152072    -0.167377749532117    -0.001567359615447
    -0.167377749532117    -0.227208922649515     0.000904915495905
    -0.001567359615447     0.000904915495905     0.008510626269583
30 26
     0.031398789207812     0.000000000000000     0.000000000000000
    -0.000000000000000    -0.011143676983633     0.014167495738748
    -0.000000000000000     0.014167495738748    -0.033979152011047
30 27
    -0.036186528501159     0.000000000000000    -0.000000000000000
     0.000000000000000    -0.036186528501159    -0.000000000000001
    -0.000000000000000    -0.000000000000001    -0.086200283070934
30 28
    -0.033937745152072     0.167377749532117     0.001567359615447
     0.167377749532117    -0.227208922649516     0.000904915495905
     0.001567359615447     0.000904915495905     0.008510626269583
30 29
    -0.000508060435772    -0.018421428230717    -0.012269411217763
    -0.018421428230717     0.020763172659950    -0.007083747869376
    -0.012269411217763    -0.007083747869376    -0.033979152011046
30 30
     5.295614625380170     0.000000000000000    -0.000000000000000
     0.000000000000000     5.295614625380171    -0.000000000000068
    -0.000000000000000    -0.000000000000068     2.937799043428583
30 31
    -0.323844511398238    -0.000000000000000     0.000000000000000
    -0.000000000000000     0.062697843596649    -0.001809830991798
     0.000000000000000    -0.001809830991798     0.008510626269583
30 32
    -0.000508060435772     0.018421428230717     0.012269411217763
     0.018421428230717     0.020763172659951    -0.007083747869376
     0.012269411217763    -0.007083747869376    -0.033979152011046
30 33
     0.011097314838946    -0.064296526227125     0.011410670130528
    -0.064296526227127    -0.063145918611429    -0.006587953471493
    -0.063751355237761     0.036806862107726    -0.051567627727231
30 34
     0.043309292745353     0.000000000000000    -0.000000000000000
     0.000000000000000    -0.100991151025253     0.240285265511103
    -0.000000000000000     0.235320677609705    -0.078577253873720
30 35
    -0.023408658810161    -0.000000000000000    -0.000000000000000
     0.000000000000000    -0.023408658810161     0.000000000000003
    -0.000000000000000     0.000000000000003     0.068829994162008
30 36
     0.011097314838946     0.064296526227125    -0.011410670130528
     0.064296526227126    -0.063145918611429    -0.006587953471493
     0.063751355237761     0.036806862107726    -0.051567627727231
30 37
    -0.064916040082611    -0.062483925041368    -0.208093144087702
    -0.062483925041368     0.007234181802691    -0.120142632755554
    -0.203793684845771    -0.117660338804855    -0.078577253873699
30 38
     0.108667086844258     0.000000000000000    -0.000000000000000
     0.000000000000000     0.108667086844258    -0.000000000000007
    -0.000000000000000    -0.000000000000007    -0.147420027068568
30 39
    -0.100267535336618     0.000000000000000     0.000000000000000
     0.000000000000000     0.048218931564133     0.013175906942984
    -0.000000000000000    -0.073613724215454    -0.051567627727228
30 40
    -0.064916040082611     0.062483925041368     0.208093144087702
     0.062483925041368     0.007234181802691    -0.120142632755554
     0.203793684845770    -0.117660338804855    -0.078577253873699
30 41
     0.085921944032974    -0.055624121262501     0.420658598967857
    -0.055624121262507     0.021692741264267    -0.242867355351020
     0.195308312518395    -0.112761306807464     0.082256937262544
30 42
    -0.106882221640263     0.000000000000000     0.000000000000000
     0.000000000000000     0.084022782020756     0.179003864517302
    -0.000000000000000     0.126155693826078     0.201245759322174
30 43
     0.107278915359017     0.000000000000000    -0.000000000000000
     0.000000000000000     0.107278915359017    -0.000000000000004
    -0.000000000000000    -0.000000000000004    -0.032083580262281
30 44
     0.085921944032974     0.055624121262501    -0.420658598967857
     0.055624121262507     0.021692741264267    -0.242867355351020
    -0.195308312518395    -0.112761306807464     0.082256937262544
30 45
     0.036296531105494     0.082664291439993    -0.155021894047571
     0.082664291439995    -0.059155970725015    -0.089501932258642
    -0.109254035685434    -0.063077846913029     0.201245759322187
30 46
    -0.008067465979313     0.000000000000000    -0.000000000000000
    -0.000000000000000    -0.008067465979313    -0.000000000000000
    -0.000000000000000    -0.000000000000000    -0.016206492069047
30 47
    -0.010421860120071     0.000000000000000    -0.000000000000000
     0.000000000000000     0.118036545417342     0.485734710702042
    -0.000000000000000     0.225522613614930     0.082256937262513
30 48
     0.036296531105494    -0.082664291439993     0.155021894047571
    -0.082664291439995    -0.059155970725015    -0.089501932258642
     0.109254035685434    -0.063077846913030     0.201245759322187
30 49
    -0.006539882150998     0.030686505413169     0.001174047152355
     0.030686505413170     0.028893842170567    -0.000677836439450
     0.010629527685939    -0.006136960670832     0.170315825133794
30 50
    -0.659613838006944     0.000000000000000    -0.000000000000000
     0.000000000000000    -0.547884375659715    -0.072830821385083
    -0.000000000000000     0.025310073419999    -0.835770900958835
30 51
     0.065815599026746     0.000000000000000    -0.000000000000000
    -0.000000000000000     0.065815599026747    -0.000000000000005
    -0.000000000000000    -0.000000000000005    -0.108644869423754
30 52
    -0.006539882150998    -0.030686505413169    -0.001174047152355
    -0.030686505413170     0.028893842170567    -0.000677836439450
    -0.010629527685939    -0.006136960670832     0.170315825133794
30 53
    -0.575816741246520     0.048380276371941     0.063073341497960
     0.048380276371939    -0.631681472420137     0.036415410692532
    -0.021919166553377    -0.012655036710010    -0.835770900958836
30 54
    -0.046472275684062     0.000000000000000     0.000000000000000
    -0.000000000000000    -0.046472275684062     0.000000000000004
    -0.000000000000000     0.000000000000004     0.084786685231309
30 55
     0.046610704331349     0.000000000000000    -0.000000000000000
     0.000000000000000    -0.024256744311780     0.001355672878914
    -0.000000000000000     0.012273921341678     0.170315825133793
30 56
    -0.575816741246521    -0.048380276371941    -0.063073341497960
    -0.048380276371939    -0.631681472420137     0.036415410692532
     0.021919166553377    -0.012655036710010    -0.835770900958836
31 1
    -0.832707906883811    -0.588818236604218     0.733328452858102
    -0.588818236604212    -0.152799172069348     0.423387379662031
     0.941411697616395     0.543524297037082    -0.042298523754957
31 2
     0.014680259380992    -0.000000000000000    -0.000000000000000
    -0.000000000000000     0.014680259380991    -0.000000000000002
     0.000000000000000    -0.000000000000002    -0.041809503488522
31 3
    -0.013686721251912    -0.000000000000000     0.000000000000000
    -0.000000000000000     0.016150178033417    -0.022661297726739
     0.000000000000000     0.047196747444581    -0.116526452228253
31 4
    -0.832707906883812     0.588818236604218    -0.733328452858102
     0.588818236604212    -0.152799172069348     0.423387379662031
    -0.941411697616395     0.543524297037082    -0.042298523754957
31 5
     0.008690953212084    -0.012919756375627    -0.019625259514075
    -0.012919756375625    -0.006227496430580     0.011330648863365
     0.040873582263009    -0.023598373722295    -0.116526452228252
31 6
     0.187155195337843    -0.000000000000000     0.000000000000000
    -0.000000000000000    -1.172662274291085    -0.846774759324024
     0.000000000000000    -1.087048594074125    -0.042298523754874
31 7
     0.012478233435655    -0.000000000000000    -0.000000000000000
    -0.000000000000000     0.012478233435655     0.000000000000002
     0.000000000000000     0.000000000000002     0.075598657735365
31 8
     0.008690953212084     0.012919756375627     0.019625259514075
     0.012919756375625    -0.006227496430580     0.011330648863365
    -0.040873582263009    -0.023598373722295    -0.116526452228252
31 9
     0.007081019231009     0.014724329357421     0.063004998766796
     0.014724329357419    -0.009921171805275     0.036375952998300
    -0.012559495269494    -0.007251227974730    -0.074845541371799
31 10
    -0.209719806834408     0.000000000000000     0.000000000000000
    -0.000000000000000    -0.209719806834408     0.000000000000005
     0.000000000000000     0.000000000000004    -0.054549473736975
31 11
     0.465302413930664    -0.000000000000000    -0.000000000000000
    -0.000000000000000    -1.506716899497189    -0.845732996984528
     0.000000000000000    -0.883243070635807     0.010807026785556
31 12
     0.007081019231009    -0.014724329357421    -0.063004998766796
    -0.014724329357419    -0.009921171805275     0.036375952998300
     0.012559495269495    -0.007251227974730    -0.074845541371799
31 13
    -1.013712071140189     0.853909411090991    -0.732426260207412
     0.853909411090991    -0.027702414426262     0.422866498492287
    -0.764910936887245     0.441621535317926     0.010807026785482
31 14
    -0.018422267323419    -0.000000000000000     0.000000000000000
    -0.000000000000000     0.015582114749150    -0.072751905996607
     0.000000000000000     0.014502455949454    -0.074845541371797
31 15
     0.015781331926974     0.000000000000000     0.000000000000000
    -0.000000000000000     0.015781331926974    -0.000000000000001
     0.000000000000000    -0.000000000000001    -0.023257754864802
31 16
    -1.013712071140188    -0.853909411090991     0.732426260207411
    -0.853909411090991    -0.027702414426262     0.422866498492287
     0.764910936887244     0.441621535317927     0.010807026785482
31 17
     0.002584133244168     0.034109859759079     0.040409050011777
     0.034109859759079    -0.036802540183679     0.023330175901998
     0.040409050011777     0.023330175901998     0.009045245927118
31 18
    -0.167645471224973    -0.000000000000000     0.000000000000000
    -0.000000000000000    -0.167645471224973     0.000000000000009
     0.000000000000000     0.000000000000009     0.128751350836338
31 19
     0.145793565834921     0.000000000000000    -0.000000000000000
     0.000000000000000    -0.107059094425171     0.127050565613344
     0.000000000000000     0.127050565613344    -0.066095821421363
31 20
     0.002584133244168    -0.034109859759079    -0.040409050011777
    -0.034109859759079    -0.036802540183679     0.023330175901998
    -0.040409050011777     0.023330175901998     0.009045245927118
31 21
    -0.043845929360153     0.109488413599864     0.110029017386334
     0.109488413599864     0.082580400769893    -0.063525282806676
     0.110029017386334    -0.063525282806676    -0.066095821421352
31 22
    -0.056495876897604    -0.000000000000000    -0.000000000000000
    -0.000000000000000     0.022277469958090    -0.046660351803995
     0.000000000000000    -0.046660351803995     0.009045245927122
31 23
     0.081873987842294    -0.000000000000000     0.000000000000000
    -0.000000000000000     0.081873987842294    -0.000000000000012
     0.000000000000000    -0.000000000000012    -0.333154189469415
31 24
    -0.043845929360153    -0.109488413599864    -0.110029017386334
    -0.109488413599864     0.082580400769893    -0.063525282806676
    -0.110029017386334    -0.063525282806676    -0.066095821421352
31 25
    -0.033937745152072     0.167377749532117     0.001567359615447
     0.167377749532117    -0.227208922649515     0.000904915495905
     0.001567359615447     0.000904915495905     0.008510626269583
31 26
    -0.036186528501159    -0.000000000000000     0.000000000000000
    -0.000000000000000    -0.036186528501159    -0.000000000000001
     0.000000000000000    -0.000000000000001    -0.086200283070934
31 27
     0.031398789207812    -0.000000000000000    -0.000000000000000
    -0.000000000000000    -0.011143676983633     0.014167495738748
     0.000000000000000     0.014167495738748    -0.033979152011047
31 28
    -0.033937745152072    -0.167377749532117    -0.001567359615447
    -0.167377749532117    -0.227208922649516     0.000904915495905
    -0.001567359615447     0.000904915495905     0.008510626269583
31 29
    -0.000508060435772     0.018421428230717     0.012269411217763
     0.018421428230717     0.020763172659950    -0.007083747869376
     0.012269411217763    -0.007083747869376    -0.033979152011046
31 30
    -0.323844511398238    -0.000000000000000     0.000000000000000
    -0.000000000000000     0.062697843596649    -0.001809830991798
     0.000000000000000    -0.001809830991798     0.008510626269583
31 31
     5.295614625380170    -0.000000000000000     0.000000000000000
    -0.000000000000000     5.295614625380172    -0.000000000000068
     0.000000000000000    -0.000000000000068     2.937799043428583
31 32
    -0.000508060435772    -0.018421428230717    -0.012269411217763
    -0.018421428230717     0.020763172659951    -0.007083747869376
    -0.012269411217763    -0.007083747869376    -0.033979152011046
31 33
     0.011097314838946     0.064296526227125    -0.011410670130528
     0.064296526227127    -0.063145918611429    -0.006587953471493
     0.063751355237761     0.036806862107726    -0.051567627727231
31 34
    -0.023408658810161     0.000000000000000     0.000000000000000
    -0.000000000000000    -0.023408658810161     0.000000000000003
     0.000000000000000     0.000000000000003     0.068829994162008
31 35
     0.043309292745353    -0.000000000000000     0.000000000000000
    -0.000000000000000    -0.100991151025253     0.240285265511103
     0.000000000000000     0.235320677609705    -0.078577253873720
31 36
     0.011097314838946    -0.064296526227125     0.011410670130528
    -0.064296526227126    -0.063145918611429    -0.006587953471493
    -0.063751355237761     0.036806862107726    -0.051567627727231
31 37
    -0.064916040082611     0.062483925041368     0.208093144087702
     0.062483925041368     0.007234181802691    -0.120142632755554
     0.203793684845770    -0.117660338804855    -0.078577253873699
31 38
    -0.100267535336618    -0.000000000000000     0.000000000000000
    -0.000000000000000     0.048218931564133     0.013175906942984
     0.000000000000000    -0.073613724215454    -0.051567627727228
31 39
     0.108667086844258     0.000000000000000     0.000000000000000
    -0.000000000000000     0.108667086844258    -0.000000000000007
    -0.000000000000000    -0.000000000000007    -0.147420027068568
31 40
    -0.064916040082611    -0.062483925041368    -0.208093144087702
    -0.062483925041368     0.007234181802691    -0.120142632755554
    -0.203793684845771    -0.117660338804855    -0.078577253873699
31 41
     0.085921944032974     0.055624121262501    -0.420658598967857
     0.055624121262507     0.021692741264267    -0.242867355351020
    -0.195308312518395    -0.112761306807464     0.082256937262544
31 42
     0.107278915359017    -0.000000000000000     0.000000000000000
    -0.000000000000000     0.107278915359017    -0.000000000000004
     0.000000000000000    -0.000000000000004    -0.032083580262281
31 43
    -0.106882221640263    -0.000000000000000     0.000000000000000
    -0.000000000000000     0.084022782020756     0.179003864517302
     0.000000000000000     0.126155693826078     0.201245759322174
31 44
     0.085921944032974    -0.055624121262501     0.420658598967857
    -0.055624121262507     0.021692741264267    -0.242867355351020
     0.195308312518395    -0.112761306807464     0.082256937262544
31 45
     0.036296531105494    -0.082664291439993     0.155021894047571
    -0.082664291439995    -0.059155970725015    -0.089501932258642
     0.109254035685434    -0.063077846913029     0.201245759322187
31 46
    -0.010421860120071    -0.000000000000000     0.000000000000000
    -0.000000000000000     0.118036545417342     0.485734710702042
     0.000000000000000     0.225522613614930     0.082256937262513
31 47
    -0.008067465979313    -0.000000000000000     0.000000000000000
    -0.000000000000000    -0.008067465979313    -0.000000000000000
     0.000000000000000    -0.000000000000000    -0.016206492069047
31 48
     0.036296531105494     0.082664291439993    -0.155021894047571
     0.082664291439995    -0.059155970725015    -0.089501932258642
    -0.109254035685434    -0.063077846913030     0.201245759322187
31 49
    -0.006539882150998    -0.030686505413169    -0.001174047152355
    -0.030686505413170     0.028893842170567    -0.000677836439450
    -0.010629527685939    -0.006136960670832     0.170315825133794
31 50
     0.065815599026746    -0.000000000000000     0.000000000000000
    -0.000000000000000     0.065815599026747    -0.000000000000005
     0.000000000000000    -0.000000000000005    -0.108644869423754
31 51
    -0.659613838006944    -0.000000000000000     0.000000000000000
    -0.000000000000000    -0.547884375659715    -0.072830821385083
     0.000000000000000     0.025310073419999    -0.835770900958835
31 52
    -0.006539882150998     0.030686505413169     0.001174047152355
     0.030686505413170     0.028893842170567    -0.000677836439450
     0.010629527685939    -0.006136960670832     0.170315825133794
31 53
    -0.575816741246520    -0.048380276371941    -0.063073341497960
    -0.048380276371939    -0.631681472420137     0.036415410692532
     0.021919166553377    -0.012655036710010    -0.835770900958836
31 54
     0.046610704331349    -0.000000000000000     0.000000000000000
    -0.000000000000000    -0.024256744311780     0.001355672878914
     0.000000000000000     0.012273921341678     0.170315825133793
31 55
    -0.046472275684062    -0.000000000000000     0.000000000000000
    -0.000000000000000    -0.046472275684062     0.000000000000004
     0.000000000000000     0.000000000000004     0.084786685231309
31 56
    -0.575816741246521     0.048380276371941     0.063073341497960
     0.048380276371939    -0.631681472420137     0.036415410692532
    -0.021919166553377    -0.012655036710010    -0.835770900958836
32 1
     0.014680259380992     0.000000000000000     0.000000000000000
     0.000000000000000     0.014680259380992    -0.000000000000002
     0.000000000000000    -0.000000000000002    -0.041809503488521
32 2
    -0.832707906883811    -0.588818236604218     0.733328452858102
    -0.588818236604212    -0.152799172069348     0.423387379662031
     0.941411697616395     0.543524297037082    -0.042298523754957
32 3
    -0.832707906883812     0.588818236604218    -0.733328452858102
     0.588818236604212    -0.152799172069348     0.423387379662031
    -0.941411697616395     0.543524297037082    -0.042298523754957
32 4
    -0.013686721251912     0.000000000000000    -0.000000000000000
    -0.000000000000000     0.016150178033417    -0.022661297726739
     0.000000000000000     0.047196747444581    -0.116526452228253
32 5
     0.187155195337843    -0.000000000000000    -0.000000000000000
    -0.000000000000000    -1.172662274291085    -0.846774759324024
     0.000000000000000    -1.087048594074125    -0.042298523754874
32 6
     0.008690953212084    -0.012919756375627    -0.019625259514075
    -0.012919756375625    -0.006227496430580     0.011330648863365
     0.040873582263009    -0.023598373722296    -0.116526452228252
32 7
     0.008690953212084     0.012919756375627     0.019625259514075
     0.012919756375625    -0.006227496430580     0.011330648863365
    -0.040873582263009    -0.023598373722295    -0.116526452228252
32 8
     0.012478233435655     0.000000000000000     0.000000000000000
     0.000000000000000     0.012478233435655     0.000000000000002
     0.000000000000000     0.000000000000002     0.075598657735365
32 9
    -0.209719806834408     0.000000000000000     0.000000000000000
    -0.000000000000000    -0.209719806834408     0.000000000000005
     0.000000000000000     0.000000000000004    -0.054549473736975
32 10
     0.007081019231009     0.014724329357421     0.063004998766796
     0.014724329357419    -0.009921171805275     0.036375952998300
    -0.012559495269495    -0.007251227974730    -0.074845541371799
32 11
     0.007081019231009    -0.014724329357421    -0.063004998766796
    -0.014724329357419    -0.009921171805275     0.036375952998300
     0.012559495269495    -0.007251227974730    -0.074845541371799
32 12
     0.465302413930664    -0.000000000000000    -0.000000000000000
    -0.000000000000000    -1.506716899497189    -0.845732996984528
    -0.000000000000000    -0.883243070635807     0.010807026785556
32 13
    -0.018422267323418     0.000000000000000    -0.000000000000000
     0.000000000000000     0.015582114749150    -0.072751905996606
    -0.000000000000000     0.014502455949454    -0.074845541371797
32 14
    -1.013712071140189     0.853909411090992    -0.732426260207412
     0.853909411090991    -0.027702414426262     0.422866498492287
    -0.764910936887245     0.441621535317927     0.010807026785482
32 15
    -1.013712071140190    -0.853909411090992     0.732426260207412
    -0.853909411090991    -0.027702414426262     0.422866498492287
     0.764910936887245     0.441621535317927     0.010807026785482
32 16
     0.015781331926974     0.000000000000000     0.000000000000000
    -0.000000000000000     0.015781331926974    -0.000000000000001
     0.000000000000000    -0.000000000000001    -0.023257754864802
32 17
    -0.167645471224972     0.000000000000000     0.000000000000000
     0.000000000000000    -0.167645471224972     0.000000000000009
     0.000000000000000     0.000000000000009     0.128751350836338
32 18
     0.002584133244168     0.034109859759079     0.040409050011777
     0.034109859759079    -0.036802540183679     0.023330175901998
     0.040409050011777     0.023330175901998     0.009045245927118
32 19
     0.002584133244168    -0.034109859759079    -0.040409050011777
    -0.034109859759079    -0.036802540183679     0.023330175901998
    -0.040409050011777     0.023330175901998     0.009045245927118
32 20
     0.145793565834921     0.000000000000000    -0.000000000000000
     0.000000000000000    -0.107059094425170     0.127050565613344
    -0.000000000000000     0.127050565613344    -0.066095821421363
32 21
    -0.056495876897604     0.000000000000000     0.000000000000000
     0.000000000000000     0.022277469958090    -0.046660351803995
    -0.000000000000000    -0.046660351803995     0.009045245927122
32 22
    -0.043845929360153     0.109488413599864     0.110029017386334
     0.109488413599864     0.082580400769893    -0.063525282806676
     0.110029017386334    -0.063525282806676    -0.066095821421352
32 23
    -0.043845929360153    -0.109488413599864    -0.110029017386334
    -0.109488413599864     0.082580400769893    -0.063525282806676
    -0.110029017386334    -0.063525282806676    -0.066095821421352
32 24
     0.081873987842294     0.000000000000000    -0.000000000000000
     0.000000000000000     0.081873987842294    -0.000000000000012
    -0.000000000000000    -0.000000000000012    -0.333154189469415
32 25
    -0.036186528501158     0.000000000000000     0.000000000000000
     0.000000000000000    -0.036186528501158    -0.000000000000001
    -0.000000000000000    -0.000000000000001    -0.086200283070934
32 26
    -0.033937745152072     0.167377749532117     0.001567359615447
     0.167377749532117    -0.227208922649515     0.000904915495905
     0.001567359615447     0.000904915495905     0.008510626269583
32 27
    -0.033937745152072    -0.167377749532117    -0.001567359615447
    -0.167377749532117    -0.227208922649515     0.000904915495905
    -0.001567359615447     0.000904915495905     0.008510626269583
32 28
     0.031398789207812     0.000000000000000    -0.000000000000000
     0.000000000000000    -0.011143676983632     0.014167495738748
    -0.000000000000000     0.014167495738748    -0.033979152011047
32 29
    -0.323844511398238     0.000000000000000     0.000000000000000
     0.000000000000000     0.062697843596650    -0.001809830991798
    -0.000000000000000    -0.001809830991798     0.008510626269583
32 30
    -0.000508060435772     0.018421428230717     0.012269411217763
     0.018421428230717     0.020763172659951    -0.007083747869376
     0.012269411217763    -0.007083747869376    -0.033979152011046
32 31
    -0.000508060435772    -0.018421428230717    -0.012269411217763
    -0.018421428230717     0.020763172659951    -0.007083747869376
    -0.012269411217763    -0.007083747869376    -0.033979152011046
32 32
     5.295614625380165    -0.000000000000000     0.000000000000000
    -0.000000000000000     5.295614625380165    -0.000000000000068
     0.000000000000000    -0.000000000000068     2.937799043428583
32 33
    -0.023408658810161     0.000000000000000     0.000000000000000
    -0.000000000000000    -0.023408658810161     0.000000000000003
     0.000000000000000     0.000000000000003     0.068829994162008
32 34
     0.011097314838947     0.064296526227124    -0.011410670130528
     0.064296526227126    -0.063145918611429    -0.006587953471493
     0.063751355237761     0.036806862107726    -0.051567627727231
32 35
     0.011097314838947    -0.064296526227124     0.011410670130528
    -0.064296526227126    -0.063145918611429    -0.006587953471493
    -0.063751355237761     0.036806862107726    -0.051567627727231
32 36
     0.043309292745353     0.000000000000000    -0.000000000000000
     0.000000000000000    -0.100991151025252     0.240285265511103
    -0.000000000000000     0.235320677609705    -0.078577253873720
32 37
    -0.100267535336618     0.000000000000000     0.000000000000000
     0.000000000000000     0.048218931564133     0.013175906942984
    -0.000000000000000    -0.073613724215454    -0.051567627727228
32 38
    -0.064916040082611     0.062483925041368     0.208093144087702
     0.062483925041368     0.007234181802691    -0.120142632755554
     0.203793684845771    -0.117660338804855    -0.078577253873699
32 39
    -0.064916040082611    -0.062483925041368    -0.208093144087702
    -0.062483925041368     0.007234181802691    -0.120142632755554
    -0.203793684845771    -0.117660338804855    -0.078577253873699
32 40
     0.108667086844258     0.000000000000000     0.000000000000000
    -0.000000000000000     0.108667086844258    -0.000000000000007
    -0.000000000000000    -0.000000000000007    -0.147420027068568
32 41
     0.107278915359017     0.000000000000000     0.000000000000000
     0.000000000000000     0.107278915359017    -0.000000000000004
    -0.000000000000000    -0.000000000000004    -0.032083580262281
32 42
     0.085921944032974     0.055624121262501    -0.420658598967857
     0.055624121262507     0.021692741264267    -0.242867355351020
    -0.195308312518395    -0.112761306807464     0.082256937262544
32 43
     0.085921944032974    -0.055624121262501     0.420658598967857
    -0.055624121262507     0.021692741264267    -0.242867355351020
     0.195308312518395    -0.112761306807464     0.082256937262544
32 44
    -0.106882221640263     0.000000000000000     0.000000000000000
     0.000000000000000     0.084022782020756     0.179003864517302
     0.000000000000000     0.126155693826078     0.201245759322174
32 45
    -0.010421860120071     0.000000000000000     0.000000000000000
     0.000000000000000     0.118036545417342     0.485734710702042
    -0.000000000000000     0.225522613614930     0.082256937262513
32 46
     0.036296531105494    -0.082664291439993     0.155021894047571
    -0.082664291439995    -0.059155970725015    -0.089501932258642
     0.109254035685434    -0.063077846913029     0.201245759322187
32 47
     0.036296531105494     0.082664291439993    -0.155021894047571
     0.082664291439995    -0.059155970725015    -0.089501932258642
    -0.109254035685434    -0.063077846913029     0.201245759322187
32 48
    -0.008067465979313     0.000000000000000     0.000000000000000
     0.000000000000000    -0.008067465979313    -0.000000000000000
    -0.000000000000000    -0.000000000000000    -0.016206492069047
32 49
     0.065815599026747     0.000000000000000     0.000000000000000
     0.000000000000000     0.065815599026747    -0.000000000000005
    -0.000000000000000    -0.000000000000005    -0.108644869423754
32 50
    -0.006539882150998    -0.030686505413169    -0.001174047152355
    -0.030686505413170     0.028893842170567    -0.000677836439450
    -0.010629527685939    -0.006136960670832     0.170315825133794
32 51
    -0.006539882150998     0.030686505413169     0.001174047152355
     0.030686505413170     0.028893842170567    -0.000677836439450
     0.010629527685939    -0.006136960670832     0.170315825133794
32 52
    -0.659613838006944     0.000000000000000     0.000000000000000
     0.000000000000000    -0.547884375659715    -0.072830821385083
    -0.000000000000000     0.025310073419999    -0.835770900958835
32 53
     0.046610704331349     0.000000000000000     0.000000000000000
     0.000000000000000    -0.024256744311780     0.001355672878914
     0.000000000000000     0.012273921341678     0.170315825133793
32 54
    -0.575816741246521    -0.048380276371941    -0.063073341497960
    -0.048380276371939    -0.631681472420137     0.036415410692532
     0.021919166553377    -0.012655036710010    -0.835770900958836
32 55
    -0.575816741246521     0.048380276371941     0.063073341497960
     0.048380276371939    -0.631681472420137     0.036415410692532
    -0.021919166553377    -0.012655036710010    -0.835770900958837
32 56
    -0.046472275684061     0.000000000000000     0.000000000000000
     0.000000000000000    -0.046472275684061     0.000000000000004
    -0.000000000000000     0.000000000000004     0.084786685231309
33 1
     0.031607642261104    -0.000000000000000     0.000000000000000
     0.000000000000000     0.031607642261104    -0.000000000000003
     0.000000000000000    -0.000000000000003    -0.058402230170480
33 2
     0.003899125496616    -0.021559599408211    -0.001738123466279
    -0.021559599408211     0.028794006540519    -0.001003506051144
     0.009762546574857     0.005636408892967    -0.047853098796156
33 3
     0.003899125496616     0.021559599408211     0.001738123466279
     0.021559599408211     0.028794006540519    -0.001003506051144
    -0.009762546574857     0.005636408892967    -0.047853098796156
33 4
    -0.080381581243678    -0.000000000000000    -0.000000000000000
    -0.000000000000000    -0.011683265924953     0.357660958822935
     0.000000000000000     0.117454630053230    -0.295754498562535
33 5
     0.041241447062470    -0.000000000000000    -0.000000000000000
    -0.000000000000000    -0.008548315025336     0.002007012102282
     0.000000000000000    -0.011272817785940    -0.047853098796156
33 6
    -0.028857844754645    -0.029747243131590     0.309743476282570
    -0.029747243131596    -0.063207002414007    -0.178830479411478
     0.101718693418208    -0.058727315026626    -0.295754498562515
33 7
    -0.028857844754645     0.029747243131590    -0.309743476282570
     0.029747243131596    -0.063207002414007    -0.178830479411478
    -0.101718693418208    -0.058727315026626    -0.295754498562515
33 8
    -0.132160760951188    -0.000000000000000     0.000000000000000
     0.000000000000000    -0.132160760951188    -0.000000000000009
     0.000000000000000    -0.000000000000009    -0.452179092600686
33 9
     0.001856838094709    -0.000000000000000     0.000000000000000
    -0.000000000000000     0.001856838094709     0.000000000000003
     0.000000000000000     0.000000000000003     0.090822321200006
33 10
    -0.002005125474112    -0.036890123952113     0.006658045678243
    -0.036890123952113     0.040591920514271     0.003844024464607
     0.006658045678243     0.003844024464607    -0.067921820895210
33 11
    -0.002005125474112     0.036890123952113    -0.006658045678243
     0.036890123952113     0.040591920514271     0.003844024464607
    -0.006658045678243     0.003844024464607    -0.067921820895210
33 12
     0.218693024885946    -0.000000000000000    -0.000000000000000
    -0.000000000000000    -0.838078317563072    -0.740398875879712
     0.000000000000000    -0.740398875879712    -0.041710582534713
33 13
     0.061890443508463    -0.000000000000000    -0.000000000000000
    -0.000000000000000    -0.023303648468303    -0.007688048929221
     0.000000000000000    -0.007688048929221    -0.067921820895209
33 14
    -0.573885481950787     0.457595414276081    -0.641204235445304
     0.457595414276080    -0.045499810726277     0.370199437939867
    -0.641204235445305     0.370199437939867    -0.041710582534777
33 15
    -0.573885481950786    -0.457595414276081     0.641204235445304
    -0.457595414276080    -0.045499810726276     0.370199437939867
     0.641204235445305     0.370199437939867    -0.041710582534777
33 16
    -0.063866299177181    -0.000000000000000     0.000000000000000
    -0.000000000000000    -0.063866299177181    -0.000000000000002
     0.000000000000000    -0.000000000000002    -0.116915400488303
33 17
     0.015781331926974    -0.000000000000000     0.000000000000000
     0.000000000000000     0.015781331926974    -0.000000000000001
     0.000000000000000    -0.000000000000001    -0.023257754864802
33 18
    -1.013712071140188    -0.853909411090991     0.764910936887244
    -0.853909411090991    -0.027702414426262     0.441621535317927
     0.732426260207411     0.422866498492287     0.010807026785482
33 19
    -1.013712071140188     0.853909411090991    -0.764910936887244
     0.853909411090991    -0.027702414426262     0.441621535317927
    -0.732426260207411     0.422866498492287     0.010807026785482
33 20
    -0.018422267323418    -0.000000000000000     0.000000000000000
     0.000000000000000     0.015582114749150     0.014502455949454
     0.000000000000000    -0.072751905996607    -0.074845541371797
33 21
     0.465302413930664    -0.000000000000000    -0.000000000000000
    -0.000000000000000    -1.506716899497190    -0.883243070635808
    -0.000000000000000    -0.845732996984528     0.010807026785556
33 22
     0.007081019231009    -0.014724329357419     0.012559495269494
    -0.014724329357421    -0.009921171805275    -0.007251227974730
    -0.063004998766796     0.036375952998300    -0.074845541371799
33 23
     0.007081019231009     0.014724329357419    -0.012559495269494
     0.014724329357421    -0.009921171805275    -0.007251227974730
     0.063004998766796     0.036375952998300    -0.074845541371799
33 24
    -0.209719806834408    -0.000000000000000     0.000000000000000
     0.000000000000000    -0.209719806834408     0.000000000000004
     0.000000000000000     0.000000000000005    -0.054549473736975
33 25
     0.108667086844258    -0.000000000000000    -0.000000000000000
     0.000000000000000     0.108667086844258    -0.000000000000007
     0.000000000000000    -0.000000000000007    -0.147420027068568
33 26
    -0.064916040082611    -0.062483925041368    -0.203793684845771
    -0.062483925041368     0.007234181802691    -0.117660338804855
    -0.208093144087702    -0.120142632755554    -0.078577253873699
33 27
    -0.064916040082611     0.062483925041368     0.203793684845770
     0.062483925041368     0.007234181802691    -0.117660338804855
     0.208093144087702    -0.120142632755554    -0.078577253873699
33 28
    -0.100267535336618    -0.000000000000000     0.000000000000000
     0.000000000000000     0.048218931564133    -0.073613724215454
     0.000000000000000     0.013175906942984    -0.051567627727228
33 29
     0.043309292745353     0.000000000000000    -0.000000000000000
     0.000000000000000    -0.100991151025252     0.235320677609705
     0.000000000000000     0.240285265511104    -0.078577253873720
33 30
     0.011097314838946    -0.064296526227127    -0.063751355237761
    -0.064296526227125    -0.063145918611429     0.036806862107726
     0.011410670130528    -0.006587953471493    -0.051567627727231
33 31
     0.011097314838946     0.064296526227127     0.063751355237761
     0.064296526227125    -0.063145918611429     0.036806862107726
    -0.011410670130528    -0.006587953471493    -0.051567627727231
33 32
    -0.023408658810161    -0.000000000000000     0.000000000000000
     0.000000000000000    -0.023408658810161     0.000000000000003
     0.000000000000000     0.000000000000003     0.068829994162008
33 33
     4.438856872984809    -0.000000000000000     0.000000000000000
    -0.000000000000000     4.438856872984810     0.000000000000007
     0.000000000000000     0.000000000000007     4.684282387576075
33 34
    -0.000387066490546    -0.004602394524334    -0.033949656333088
    -0.004602394524334     0.004927320944534    -0.019600843222806
    -0.033949656333088    -0.019600843222806    -0.085827595009852
33 35
    -0.000387066490546     0.004602394524334     0.033949656333088
     0.004602394524334     0.004927320944534    -0.019600843222806
     0.033949656333088    -0.019600843222806    -0.085827595009852
33 36
    -0.285029570643198    -0.000000000000000     0.000000000000000
    -0.000000000000000     0.076328425573966     0.075134800547412
     0.000000000000000     0.075134800547412     0.129052850721750
33 37
     0.007584514662076    -0.000000000000000     0.000000000000000
     0.000000000000000    -0.003044260208084     0.039201686445605
     0.000000000000000     0.039201686445605    -0.085827595009855
33 38
    -0.014011073480328    -0.156472602292349     0.065068645982338
    -0.156472602292349    -0.194690071588910    -0.037567400273696
     0.065068645982339    -0.037567400273696     0.129052850721757
33 39
    -0.014011073480328     0.156472602292349    -0.065068645982338
     0.156472602292349    -0.194690071588910    -0.037567400273696
    -0.065068645982339    -0.037567400273696     0.129052850721757
33 40
    -0.007322525774515    -0.000000000000000     0.000000000000000
    -0.000000000000000    -0.007322525774515    -0.000000000000001
     0.000000000000000    -0.000000000000001    -0.059080320311751
33 41
     0.036564735393630    -0.000000000000000     0.000000000000000
     0.000000000000000     0.036564735393630    -0.000000000000003
     0.000000000000000    -0.000000000000003    -0.078597919062403
33 42
    -0.000674012098182     0.023543262347666    -0.009517184436482
     0.023543262347666    -0.027859429806236    -0.005494748996326
    -0.007677137175107    -0.004432397214649     0.104811686305280
33 43
    -0.000674012098182    -0.023543262347666     0.009517184436482
    -0.023543262347666    -0.027859429806236    -0.005494748996326
     0.007677137175107    -0.004432397214649     0.104811686305279
33 44
    -0.584668632036659    -0.000000000000000     0.000000000000000
    -0.000000000000000     0.186141172302847    -0.385941025050459
     0.000000000000000    -0.183151567090097    -0.557388869631598
33 45
    -0.041452138660263    -0.000000000000000     0.000000000000000
     0.000000000000000     0.012918696755846     0.010989497992662
     0.000000000000000     0.008864794429309     0.104811686305279
33 46
    -0.006561278782017    -0.333770436022079    -0.334234732056276
    -0.333770436022074    -0.391966180951770     0.192970512525214
    -0.158613909842926     0.091575783545033    -0.557388869631624
33 47
    -0.006561278782017     0.333770436022079     0.334234732056276
     0.333770436022074    -0.391966180951770     0.192970512525214
     0.158613909842926     0.091575783545033    -0.557388869631624
33 48
     0.092632284060848    -0.000000000000000     0.000000000000000
     0.000000000000000     0.092632284060848     0.000000000000012
     0.000000000000000     0.000000000000012     0.507546394173202
33 49
    -0.765967061722900    -0.000000000000000    -0.000000000000000
     0.000000000000000    -0.765967061722900    -0.000000000000021
    -0.000000000000000    -0.000000000000021    -1.481437421247013
33 50
    -0.014563480036406    -0.026375705794534     0.290017945295718
    -0.026375705794541     0.015892561644689     0.167441938786310
     0.028236278999620     0.016302223281349     0.199781759563911
33 51
    -0.014563480036406     0.026375705794534    -0.290017945295718
     0.026375705794541     0.015892561644689     0.167441938786310
    -0.028236278999620     0.016302223281349     0.199781759563911
33 52
     0.115858593936735    -0.000000000000000     0.000000000000000
    -0.000000000000000    -0.031686131902881    -0.058457831065480
     0.000000000000000    -0.023725875186687    -0.138101228614184
33 53
     0.031120582485229    -0.000000000000000     0.000000000000000
    -0.000000000000000    -0.029791500876962    -0.334883877572603
     0.000000000000000    -0.032604446562680     0.199781759563927
33 54
     0.005200049557025     0.063888740385756    -0.050625966752844
     0.063888740385757     0.078972412476832     0.029228915532732
    -0.020547210638689     0.011862937593336    -0.138101228614187
33 55
     0.005200049557025    -0.063888740385756     0.050625966752844
    -0.063888740385757     0.078972412476832     0.029228915532732
     0.020547210638689     0.011862937593336    -0.138101228614187
33 56
    -0.013708335936631    -0.000000000000000     0.000000000000000
     0.000000000000000    -0.013708335936631     0.000000000000003
     0.000000000000000     0.000000000000003     0.105642923361415
34 1
     0.003899125496616    -0.021559599408211    -0.001738123466279
    -0.021559599408211     0.028794006540519    -0.001003506051144
     0.009762546574857     0.005636408892967    -0.047853098796156
34 2
     0.031607642261104    -0.000000000000000    -0.000000000000000
     0.000000000000000     0.031607642261104    -0.000000000000003
    -0.000000000000000    -0.000000000000003    -0.058402230170480
34 3
    -0.080381581243678    -0.000000000000000     0.000000000000000
     0.000000000000000    -0.011683265924953     0.357660958822935
     0.000000000000000     0.117454630053230    -0.295754498562535
34 4
     0.003899125496616     0.021559599408211     0.001738123466279
     0.021559599408211     0.028794006540519    -0.001003506051144
    -0.009762546574857     0.005636408892967    -0.047853098796156
34 5
    -0.028857844754645    -0.029747243131590     0.309743476282570
    -0.029747243131596    -0.063207002414008    -0.178830479411478
     0.101718693418208    -0.058727315026626    -0.295754498562515
34 6
     0.041241447062470    -0.000000000000000     0.000000000000000
     0.000000000000000    -0.008548315025336     0.002007012102282
     0.000000000000000    -0.011272817785940    -0.047853098796156
34 7
    -0.132160760951188    -0.000000000000000    -0.000000000000000
     0.000000000000000    -0.132160760951188    -0.000000000000009
    -0.000000000000000    -0.000000000000009    -0.452179092600686
34 8
    -0.028857844754645     0.029747243131590    -0.309743476282570
     0.029747243131596    -0.063207002414007    -0.178830479411478
    -0.101718693418208    -0.058727315026626    -0.295754498562514
34 9
    -0.002005125474112    -0.036890123952113     0.006658045678243
    -0.036890123952113     0.040591920514271     0.003844024464607
     0.006658045678243     0.003844024464607    -0.067921820895210
34 10
     0.001856838094709     0.000000000000000    -0.000000000000000
     0.000000000000000     0.001856838094708     0.000000000000003
    -0.000000000000000     0.000000000000003     0.090822321200006
34 11
     0.218693024885946    -0.000000000000000    -0.000000000000000
     0.000000000000000    -0.838078317563073    -0.740398875879712
     0.000000000000000    -0.740398875879712    -0.041710582534713
34 12
    -0.002005125474112     0.036890123952113    -0.006658045678243
     0.036890123952113     0.040591920514271     0.003844024464607
    -0.006658045678243     0.003844024464607    -0.067921820895210
34 13
    -0.573885481950787     0.457595414276081    -0.641204235445304
     0.457595414276081    -0.045499810726277     0.370199437939867
    -0.641204235445304     0.370199437939867    -0.041710582534777
34 14
     0.061890443508463    -0.000000000000000    -0.000000000000000
     0.000000000000000    -0.023303648468304    -0.007688048929221
     0.000000000000000    -0.007688048929221    -0.067921820895209
34 15
    -0.063866299177181     0.000000000000000    -0.000000000000000
     0.000000000000000    -0.063866299177181    -0.000000000000002
    -0.000000000000000    -0.000000000000002    -0.116915400488303
34 16
    -0.573885481950786    -0.457595414276080     0.641204235445305
    -0.457595414276081    -0.045499810726276     0.370199437939867
     0.641204235445304     0.370199437939867    -0.041710582534777
34 17
    -1.013712071140190    -0.853909411090991     0.764910936887245
    -0.853909411090992    -0.027702414426262     0.441621535317927
     0.732426260207412     0.422866498492287     0.010807026785482
34 18
     0.015781331926974    -0.000000000000000     0.000000000000000
     0.000000000000000     0.015781331926974    -0.000000000000001
     0.000000000000000    -0.000000000000001    -0.023257754864802
34 19
    -0.018422267323418    -0.000000000000000    -0.000000000000000
     0.000000000000000     0.015582114749150     0.014502455949454
    -0.000000000000000    -0.072751905996607    -0.074845541371797
34 20
    -1.013712071140189     0.853909411090991    -0.764910936887245
     0.853909411090991    -0.027702414426262     0.441621535317926
    -0.732426260207411     0.422866498492287     0.010807026785482
34 21
     0.007081019231009    -0.014724329357419     0.012559495269494
    -0.014724329357421    -0.009921171805275    -0.007251227974730
    -0.063004998766796     0.036375952998300    -0.074845541371799
34 22
     0.465302413930664    -0.000000000000000    -0.000000000000000
     0.000000000000000    -1.506716899497190    -0.883243070635807
    -0.000000000000000    -0.845732996984528     0.010807026785556
34 23
    -0.209719806834408    -0.000000000000000     0.000000000000000
     0.000000000000000    -0.209719806834408     0.000000000000004
     0.000000000000000     0.000000000000005    -0.054549473736975
34 24
     0.007081019231009     0.014724329357419    -0.012559495269495
     0.014724329357421    -0.009921171805275    -0.007251227974730
     0.063004998766796     0.036375952998300    -0.074845541371799
34 25
    -0.064916040082611    -0.062483925041368    -0.203793684845771
    -0.062483925041368     0.007234181802691    -0.117660338804855
    -0.208093144087702    -0.120142632755554    -0.078577253873699
34 26
     0.108667086844258    -0.000000000000000     0.000000000000000
     0.000000000000000     0.108667086844258    -0.000000000000007
     0.000000000000000    -0.000000000000007    -0.147420027068568
34 27
    -0.100267535336618     0.000000000000000    -0.000000000000000
     0.000000000000000     0.048218931564133    -0.073613724215454
     0.000000000000000     0.013175906942984    -0.051567627727228
34 28
    -0.064916040082611     0.062483925041368     0.203793684845771
     0.062483925041368     0.007234181802691    -0.117660338804855
     0.208093144087702    -0.120142632755554    -0.078577253873699
34 29
     0.011097314838946    -0.064296526227127    -0.063751355237761
    -0.064296526227124    -0.063145918611429     0.036806862107726
     0.011410670130528    -0.006587953471493    -0.051567627727231
34 30
     0.043309292745353     0.000000000000000    -0.000000000000000
     0.000000000000000    -0.100991151025253     0.235320677609705
    -0.000000000000000     0.240285265511103    -0.078577253873720
34 31
    -0.023408658810161    -0.000000000000000     0.000000000000000
     0.000000000000000    -0.023408658810161     0.000000000000003
     0.000000000000000     0.000000000000003     0.068829994162008
34 32
     0.011097314838947     0.064296526227126     0.063751355237761
     0.064296526227124    -0.063145918611429     0.036806862107726
    -0.011410670130528    -0.006587953471493    -0.051567627727231
34 33
    -0.000387066490546    -0.004602394524334    -0.033949656333088
    -0.004602394524334     0.004927320944534    -0.019600843222806
    -0.033949656333088    -0.019600843222806    -0.085827595009852
34 34
     4.438856872984813     0.000000000000000     0.000000000000000
     0.000000000000000     4.438856872984814     0.000000000000007
     0.000000000000000     0.000000000000007     4.684282387576075
34 35
    -0.285029570643198    -0.000000000000000    -0.000000000000000
     0.000000000000000     0.076328425573966     0.075134800547412
     0.000000000000000     0.075134800547412     0.129052850721750
34 36
    -0.000387066490546     0.004602394524334     0.033949656333088
     0.004602394524334     0.004927320944534    -0.019600843222806
     0.033949656333088    -0.019600843222806    -0.085827595009852
34 37
    -0.014011073480328    -0.156472602292349     0.065068645982338
    -0.156472602292349    -0.194690071588910    -0.037567400273696
     0.065068645982338    -0.037567400273696     0.129052850721757
34 38
     0.007584514662076    -0.000000000000000    -0.000000000000000
     0.000000000000000    -0.003044260208084     0.039201686445605
     0.000000000000000     0.039201686445605    -0.085827595009855
34 39
    -0.007322525774515     0.000000000000000    -0.000000000000000
     0.000000000000000    -0.007322525774515    -0.000000000000001
    -0.000000000000000    -0.000000000000001    -0.059080320311751
34 40
    -0.014011073480328     0.156472602292349    -0.065068645982339
     0.156472602292349    -0.194690071588910    -0.037567400273696
    -0.065068645982338    -0.037567400273696     0.129052850721757
34 41
    -0.000674012098182     0.023543262347666    -0.009517184436482
     0.023543262347666    -0.027859429806236    -0.005494748996326
    -0.007677137175107    -0.004432397214649     0.104811686305280
34 42
     0.036564735393630    -0.000000000000000    -0.000000000000000
     0.000000000000000     0.036564735393630    -0.000000000000003
     0.000000000000000    -0.000000000000003    -0.078597919062403
34 43
    -0.584668632036659    -0.000000000000000    -0.000000000000000
     0.000000000000000     0.186141172302847    -0.385941025050459
    -0.000000000000000    -0.183151567090097    -0.557388869631598
34 44
    -0.000674012098181    -0.023543262347666     0.009517184436482
    -0.023543262347666    -0.027859429806237    -0.005494748996326
     0.007677137175107    -0.004432397214649     0.104811686305280
34 45
    -0.006561278782017    -0.333770436022079    -0.334234732056276
    -0.333770436022074    -0.391966180951770     0.192970512525214
    -0.158613909842926     0.091575783545033    -0.557388869631624
34 46
    -0.041452138660264    -0.000000000000000    -0.000000000000000
     0.000000000000000     0.012918696755846     0.010989497992662
     0.000000000000000     0.008864794429309     0.104811686305279
34 47
     0.092632284060848    -0.000000000000000    -0.000000000000000
     0.000000000000000     0.092632284060848     0.000000000000012
     0.000000000000000     0.000000000000012     0.507546394173202
34 48
    -0.006561278782017     0.333770436022079     0.334234732056276
     0.333770436022074    -0.391966180951770     0.192970512525214
     0.158613909842926     0.091575783545033    -0.557388869631623
34 49
    -0.014563480036406    -0.026375705794534     0.290017945295718
    -0.026375705794541     0.015892561644689     0.167441938786310
     0.028236278999620     0.016302223281349     0.199781759563911
34 50
    -0.765967061722899    -0.000000000000000    -0.000000000000000
     0.000000000000000    -0.765967061722899    -0.000000000000021
    -0.000000000000000    -0.000000000000021    -1.481437421247013
34 51
     0.115858593936734    -0.000000000000000    -0.000000000000000
    -0.000000000000000    -0.031686131902881    -0.058457831065480
    -0.000000000000000    -0.023725875186687    -0.138101228614184
34 52
    -0.014563480036406     0.026375705794534    -0.290017945295718
     0.026375705794541     0.015892561644689     0.167441938786310
    -0.028236278999620     0.016302223281349     0.199781759563911
34 53
     0.005200049557025     0.063888740385756    -0.050625966752844
     0.063888740385757     0.078972412476832     0.029228915532732
    -0.020547210638689     0.011862937593336    -0.138101228614187
34 54
     0.031120582485229    -0.000000000000000    -0.000000000000000
    -0.000000000000000    -0.029791500876962    -0.334883877572603
     0.000000000000000    -0.032604446562680     0.199781759563927
34 55
    -0.013708335936631    -0.000000000000000    -0.000000000000000
     0.000000000000000    -0.013708335936631     0.000000000000003
     0.000000000000000     0.000000000000003     0.105642923361415
34 56
     0.005200049557025    -0.063888740385756     0.050625966752844
    -0.063888740385757     0.078972412476832     0.029228915532732
     0.020547210638689     0.011862937593336    -0.138101228614187
35 1
     0.003899125496616     0.021559599408211     0.001738123466279
     0.021559599408211     0.028794006540519    -0.001003506051144
    -0.009762546574857     0.005636408892967    -0.047853098796156
35 2
    -0.080381581243678     0.000000000000000    -0.000000000000000
    -0.000000000000000    -0.011683265924954     0.357660958822935
    -0.000000000000000     0.117454630053230    -0.295754498562535
35 3
     0.031607642261104     0.000000000000000     0.000000000000000
    -0.000000000000000     0.031607642261104    -0.000000000000003
    -0.000000000000000    -0.000000000000003    -0.058402230170480
35 4
     0.003899125496616    -0.021559599408211    -0.001738123466279
    -0.021559599408211     0.028794006540519    -0.001003506051144
     0.009762546574857     0.005636408892967    -0.047853098796156
35 5
    -0.028857844754645     0.029747243131590    -0.309743476282570
     0.029747243131596    -0.063207002414008    -0.178830479411478
    -0.101718693418208    -0.058727315026626    -0.295754498562515
35 6
    -0.132160760951188     0.000000000000000     0.000000000000000
    -0.000000000000000    -0.132160760951189    -0.000000000000009
    -0.000000000000000    -0.000000000000009    -0.452179092600685
35 7
     0.041241447062470     0.000000000000000    -0.000000000000000
    -0.000000000000000    -0.008548315025336     0.002007012102282
    -0.000000000000000    -0.011272817785940    -0.047853098796156
35 8
    -0.028857844754645    -0.029747243131590     0.309743476282570
    -0.029747243131596    -0.063207002414007    -0.178830479411478
     0.101718693418208    -0.058727315026626    -0.295754498562514
35 9
    -0.002005125474112     0.036890123952113    -0.006658045678243
     0.036890123952113     0.040591920514271     0.003844024464607
    -0.006658045678243     0.003844024464607    -0.067921820895210
35 10
     0.218693024885946     0.000000000000000     0.000000000000000
    -0.000000000000000    -0.838078317563073    -0.740398875879712
    -0.000000000000000    -0.740398875879712    -0.041710582534713
35 11
     0.001856838094709    -0.000000000000000     0.000000000000000
    -0.000000000000000     0.001856838094708     0.000000000000003
     0.000000000000000     0.000000000000003     0.090822321200006
35 12
    -0.002005125474112    -0.036890123952113     0.006658045678243
    -0.036890123952113     0.040591920514271     0.003844024464607
     0.006658045678243     0.003844024464607    -0.067921820895210
35 13
    -0.573885481950787    -0.457595414276081     0.641204235445304
    -0.457595414276081    -0.045499810726277     0.370199437939867
     0.641204235445304     0.370199437939867    -0.041710582534777
35 14
    -0.063866299177181    -0.000000000000000     0.000000000000000
    -0.000000000000000    -0.063866299177181    -0.000000000000002
     0.000000000000000    -0.000000000000002    -0.116915400488303
35 15
     0.061890443508463     0.000000000000000     0.000000000000000
    -0.000000000000000    -0.023303648468304    -0.007688048929221
    -0.000000000000000    -0.007688048929221    -0.067921820895209
35 16
    -0.573885481950787     0.457595414276080    -0.641204235445305
     0.457595414276081    -0.045499810726277     0.370199437939867
    -0.641204235445304     0.370199437939867    -0.041710582534777
35 17
    -1.013712071140189     0.853909411090991    -0.764910936887245
     0.853909411090992    -0.027702414426262     0.441621535317927
    -0.732426260207412     0.422866498492287     0.010807026785482
35 18
    -0.018422267323418    -0.000000000000000     0.000000000000000
    -0.000000000000000     0.015582114749150     0.014502455949454
     0.000000000000000    -0.072751905996607    -0.074845541371797
35 19
     0.015781331926974     0.000000000000000    -0.000000000000000
    -0.000000000000000     0.015781331926974    -0.000000000000001
    -0.000000000000000    -0.000000000000001    -0.023257754864802
35 20
    -1.013712071140189    -0.853909411090991     0.764910936887245
    -0.853909411090991    -0.027702414426262     0.441621535317926
     0.732426260207411     0.422866498492287     0.010807026785482
35 21
     0.007081019231009     0.014724329357419    -0.012559495269495
     0.014724329357421    -0.009921171805275    -0.007251227974730
     0.063004998766796     0.036375952998300    -0.074845541371799
35 22
    -0.209719806834408     0.000000000000000    -0.000000000000000
    -0.000000000000000    -0.209719806834408     0.000000000000004
    -0.000000000000000     0.000000000000005    -0.054549473736975
35 23
     0.465302413930664    -0.000000000000000     0.000000000000000
    -0.000000000000000    -1.506716899497189    -0.883243070635807
    -0.000000000000000    -0.845732996984528     0.010807026785556
35 24
     0.007081019231009    -0.014724329357419     0.012559495269495
    -0.014724329357421    -0.009921171805275    -0.007251227974730
    -0.063004998766796     0.036375952998300    -0.074845541371799
35 25
    -0.064916040082611     0.062483925041368     0.203793684845771
     0.062483925041368     0.007234181802691    -0.117660338804855
     0.208093144087702    -0.120142632755554    -0.078577253873699
35 26
    -0.100267535336618    -0.000000000000000     0.000000000000000
    -0.000000000000000     0.048218931564133    -0.073613724215454
     0.000000000000000     0.013175906942984    -0.051567627727228
35 27
     0.108667086844258     0.000000000000000    -0.000000000000000
    -0.000000000000000     0.108667086844258    -0.000000000000007
    -0.000000000000000    -0.000000000000007    -0.147420027068568
35 28
    -0.064916040082611    -0.062483925041368    -0.203793684845771
    -0.062483925041368     0.007234181802691    -0.117660338804855
    -0.208093144087702    -0.120142632755554    -0.078577253873699
35 29
     0.011097314838946     0.064296526227127     0.063751355237761
     0.064296526227124    -0.063145918611429     0.036806862107726
    -0.011410670130528    -0.006587953471493    -0.051567627727231
35 30
    -0.023408658810161     0.000000000000000    -0.000000000000000
    -0.000000000000000    -0.023408658810161     0.000000000000003
    -0.000000000000000     0.000000000000003     0.068829994162008
35 31
     0.043309292745353    -0.000000000000000     0.000000000000000
    -0.000000000000000    -0.100991151025253     0.235320677609705
     0.000000000000000     0.240285265511103    -0.078577253873720
35 32
     0.011097314838947    -0.064296526227126    -0.063751355237761
    -0.064296526227124    -0.063145918611429     0.036806862107726
     0.011410670130528    -0.006587953471493    -0.051567627727231
35 33
    -0.000387066490546     0.004602394524334     0.033949656333088
     0.004602394524334     0.004927320944534    -0.019600843222806
     0.033949656333088    -0.019600843222806    -0.085827595009852
35 34
    -0.285029570643198     0.000000000000000     0.000000000000000
    -0.000000000000000     0.076328425573966     0.075134800547412
    -0.000000000000000     0.075134800547412     0.129052850721750
35 35
     4.438856872984815     0.000000000000000     0.000000000000000
     0.000000000000000     4.438856872984814     0.000000000000007
     0.000000000000000     0.000000000000007     4.684282387576075
35 36
    -0.000387066490546    -0.004602394524334    -0.033949656333088
    -0.004602394524334     0.004927320944534    -0.019600843222806
    -0.033949656333088    -0.019600843222806    -0.085827595009852
35 37
    -0.014011073480328     0.156472602292349    -0.065068645982338
     0.156472602292349    -0.194690071588910    -0.037567400273696
    -0.065068645982338    -0.037567400273696     0.129052850721757
35 38
    -0.007322525774515    -0.000000000000000     0.000000000000000
    -0.000000000000000    -0.007322525774515    -0.000000000000001
     0.000000000000000    -0.000000000000001    -0.059080320311751
35 39
     0.007584514662076     0.000000000000000     0.000000000000000
    -0.000000000000000    -0.003044260208084     0.039201686445605
    -0.000000000000000     0.039201686445605    -0.085827595009855
35 40
    -0.014011073480328    -0.156472602292349     0.065068645982339
    -0.156472602292349    -0.194690071588910    -0.037567400273696
     0.065068645982338    -0.037567400273696     0.129052850721757
35 41
    -0.000674012098182    -0.023543262347666     0.009517184436482
    -0.023543262347666    -0.027859429806237    -0.005494748996326
     0.007677137175107    -0.004432397214649     0.104811686305280
35 42
    -0.584668632036659     0.000000000000000     0.000000000000000
    -0.000000000000000     0.186141172302847    -0.385941025050459
    -0.000000000000000    -0.183151567090097    -0.557388869631598
35 43
     0.036564735393630     0.000000000000000     0.000000000000000
    -0.000000000000000     0.036564735393630    -0.000000000000003
    -0.000000000000000    -0.000000000000003    -0.078597919062403
35 44
    -0.000674012098182     0.023543262347666    -0.009517184436482
     0.023543262347666    -0.027859429806237    -0.005494748996326
    -0.007677137175107    -0.004432397214649     0.104811686305280
35 45
    -0.006561278782017     0.333770436022079     0.334234732056276
     0.333770436022074    -0.391966180951770     0.192970512525214
     0.158613909842926     0.091575783545033    -0.557388869631624
35 46
     0.092632284060848     0.000000000000000     0.000000000000000
    -0.000000000000000     0.092632284060848     0.000000000000012
    -0.000000000000000     0.000000000000012     0.507546394173202
35 47
    -0.041452138660264     0.000000000000000     0.000000000000000
    -0.000000000000000     0.012918696755846     0.010989497992662
     0.000000000000000     0.008864794429309     0.104811686305279
35 48
    -0.006561278782017    -0.333770436022079    -0.334234732056276
    -0.333770436022074    -0.391966180951770     0.192970512525214
    -0.158613909842926     0.091575783545033    -0.557388869631623
35 49
    -0.014563480036406     0.026375705794534    -0.290017945295719
     0.026375705794541     0.015892561644689     0.167441938786310
    -0.028236278999620     0.016302223281349     0.199781759563911
35 50
     0.115858593936735     0.000000000000000     0.000000000000000
    -0.000000000000000    -0.031686131902881    -0.058457831065480
    -0.000000000000000    -0.023725875186687    -0.138101228614183
35 51
    -0.765967061722899     0.000000000000000    -0.000000000000000
    -0.000000000000000    -0.765967061722899    -0.000000000000021
    -0.000000000000000    -0.000000000000021    -1.481437421247013
35 52
    -0.014563480036406    -0.026375705794534     0.290017945295718
    -0.026375705794541     0.015892561644689     0.167441938786310
     0.028236278999620     0.016302223281349     0.199781759563911
35 53
     0.005200049557025    -0.063888740385756     0.050625966752844
    -0.063888740385757     0.078972412476832     0.029228915532732
     0.020547210638689     0.011862937593336    -0.138101228614187
35 54
    -0.013708335936631     0.000000000000000     0.000000000000000
    -0.000000000000000    -0.013708335936631     0.000000000000003
    -0.000000000000000     0.000000000000003     0.105642923361415
35 55
     0.031120582485229     0.000000000000000     0.000000000000000
    -0.000000000000000    -0.029791500876962    -0.334883877572603
     0.000000000000000    -0.032604446562680     0.199781759563927
35 56
     0.005200049557025     0.063888740385756    -0.050625966752844
     0.063888740385757     0.078972412476832     0.029228915532732
    -0.020547210638689     0.011862937593336    -0.138101228614187
36 1
    -0.080381581243678     0.000000000000000     0.000000000000000
     0.000000000000000    -0.011683265924953     0.357660958822935
    -0.000000000000000     0.117454630053230    -0.295754498562535
36 2
     0.003899125496616     0.021559599408211     0.001738123466279
     0.021559599408211     0.028794006540519    -0.001003506051144
    -0.009762546574857     0.005636408892967    -0.047853098796156
36 3
     0.003899125496616    -0.021559599408211    -0.001738123466279
    -0.021559599408211     0.028794006540519    -0.001003506051144
     0.009762546574857     0.005636408892967    -0.047853098796156
36 4
     0.031607642261104     0.000000000000000    -0.000000000000000
    -0.000000000000000     0.031607642261104    -0.000000000000003
    -0.000000000000000    -0.000000000000003    -0.058402230170480
36 5
    -0.132160760951189     0.000000000000000    -0.000000000000000
    -0.000000000000000    -0.132160760951189    -0.000000000000009
    -0.000000000000000    -0.000000000000009    -0.452179092600685
36 6
    -0.028857844754645     0.029747243131590    -0.309743476282570
     0.029747243131596    -0.063207002414008    -0.178830479411478
    -0.101718693418208    -0.058727315026626    -0.295754498562515
36 7
    -0.028857844754645    -0.029747243131590     0.309743476282570
    -0.029747243131596    -0.063207002414008    -0.178830479411478
     0.101718693418208    -0.058727315026626    -0.295754498562515
36 8
     0.041241447062470     0.000000000000000     0.000000000000000
     0.000000000000000    -0.008548315025335     0.002007012102282
    -0.000000000000000    -0.011272817785940    -0.047853098796156
36 9
     0.218693024885946    -0.000000000000000     0.000000000000000
    -0.000000000000000    -0.838078317563072    -0.740398875879712
    -0.000000000000000    -0.740398875879712    -0.041710582534713
36 10
    -0.002005125474112     0.036890123952113    -0.006658045678243
     0.036890123952113     0.040591920514271     0.003844024464607
    -0.006658045678243     0.003844024464607    -0.067921820895210
36 11
    -0.002005125474112    -0.036890123952113     0.006658045678243
    -0.036890123952113     0.040591920514271     0.003844024464607
     0.006658045678243     0.003844024464607    -0.067921820895210
36 12
     0.001856838094708    -0.000000000000000    -0.000000000000000
    -0.000000000000000     0.001856838094708     0.000000000000003
    -0.000000000000000     0.000000000000003     0.090822321200006
36 13
    -0.063866299177181    -0.000000000000000    -0.000000000000000
    -0.000000000000000    -0.063866299177181    -0.000000000000001
    -0.000000000000000    -0.000000000000001    -0.116915400488303
36 14
    -0.573885481950787    -0.457595414276081     0.641204235445304
    -0.457595414276081    -0.045499810726277     0.370199437939867
     0.641204235445304     0.370199437939867    -0.041710582534777
36 15
    -0.573885481950787     0.457595414276081    -0.641204235445304
     0.457595414276081    -0.045499810726277     0.370199437939867
    -0.641204235445304     0.370199437939867    -0.041710582534777
36 16
     0.061890443508463    -0.000000000000000     0.000000000000000
    -0.000000000000000    -0.023303648468303    -0.007688048929221
    -0.000000000000000    -0.007688048929221    -0.067921820895209
36 17
    -0.018422267323418    -0.000000000000000    -0.000000000000000
    -0.000000000000000     0.015582114749150     0.014502455949454
    -0.000000000000000    -0.072751905996606    -0.074845541371797
36 18
    -1.013712071140189     0.853909411090991    -0.764910936887245
     0.853909411090991    -0.027702414426262     0.441621535317926
    -0.732426260207412     0.422866498492287     0.010807026785482
36 19
    -1.013712071140189    -0.853909411090991     0.764910936887245
    -0.853909411090991    -0.027702414426262     0.441621535317926
     0.732426260207412     0.422866498492287     0.010807026785482
36 20
     0.015781331926974     0.000000000000000    -0.000000000000000
     0.000000000000000     0.015781331926974    -0.000000000000001
    -0.000000000000000    -0.000000000000001    -0.023257754864802
36 21
    -0.209719806834408     0.000000000000000    -0.000000000000000
     0.000000000000000    -0.209719806834408     0.000000000000004
    -0.000000000000000     0.000000000000005    -0.054549473736975
36 22
     0.007081019231009     0.014724329357419    -0.012559495269495
     0.014724329357421    -0.009921171805275    -0.007251227974730
     0.063004998766796     0.036375952998300    -0.074845541371799
36 23
     0.007081019231009    -0.014724329357419     0.012559495269495
    -0.014724329357421    -0.009921171805275    -0.007251227974730
    -0.063004998766796     0.036375952998300    -0.074845541371799
36 24
     0.465302413930664    -0.000000000000000    -0.000000000000000
    -0.000000000000000    -1.506716899497189    -0.883243070635807
    -0.000000000000000    -0.845732996984528     0.010807026785556
36 25
    -0.100267535336618     0.000000000000000    -0.000000000000000
    -0.000000000000000     0.048218931564133    -0.073613724215454
     0.000000000000000     0.013175906942984    -0.051567627727228
36 26
    -0.064916040082611     0.062483925041368     0.203793684845770
     0.062483925041368     0.007234181802691    -0.117660338804855
     0.208093144087702    -0.120142632755554    -0.078577253873699
36 27
    -0.064916040082611    -0.062483925041368    -0.203793684845771
    -0.062483925041368     0.007234181802691    -0.117660338804855
    -0.208093144087702    -0.120142632755554    -0.078577253873699
36 28
     0.108667086844258     0.000000000000000    -0.000000000000000
     0.000000000000000     0.108667086844258    -0.000000000000007
    -0.000000000000000    -0.000000000000007    -0.147420027068568
36 29
    -0.023408658810161     0.000000000000000    -0.000000000000000
     0.000000000000000    -0.023408658810161     0.000000000000003
    -0.000000000000000     0.000000000000003     0.068829994162008
36 30
     0.011097314838946     0.064296526227126     0.063751355237761
     0.064296526227125    -0.063145918611429     0.036806862107726
    -0.011410670130528    -0.006587953471493    -0.051567627727231
36 31
     0.011097314838946    -0.064296526227126    -0.063751355237761
    -0.064296526227125    -0.063145918611429     0.036806862107726
     0.011410670130528    -0.006587953471493    -0.051567627727231
36 32
     0.043309292745353     0.000000000000000    -0.000000000000000
     0.000000000000000    -0.100991151025252     0.235320677609705
    -0.000000000000000     0.240285265511103    -0.078577253873720
36 33
    -0.285029570643198    -0.000000000000000     0.000000000000000
    -0.000000000000000     0.076328425573966     0.075134800547412
     0.000000000000000     0.075134800547412     0.129052850721750
36 34
    -0.000387066490546     0.004602394524334     0.033949656333088
     0.004602394524334     0.004927320944534    -0.019600843222806
     0.033949656333088    -0.019600843222806    -0.085827595009852
36 35
    -0.000387066490546    -0.004602394524334    -0.033949656333088
    -0.004602394524334     0.004927320944534    -0.019600843222806
    -0.033949656333088    -0.019600843222806    -0.085827595009852
36 36
     4.438856872984815    -0.000000000000000     0.000000000000000
    -0.000000000000000     4.438856872984815     0.000000000000007
     0.000000000000000     0.000000000000007     4.684282387576075
36 37
    -0.007322525774515    -0.000000000000000    -0.000000000000000
    -0.000000000000000    -0.007322525774515    -0.000000000000001
    -0.000000000000000    -0.000000000000001    -0.059080320311751
36 38
    -0.014011073480328     0.156472602292349    -0.065068645982338
     0.156472602292349    -0.194690071588910    -0.037567400273696
    -0.065068645982338    -0.037567400273696     0.129052850721757
36 39
    -0.014011073480328    -0.156472602292349     0.065068645982338
    -0.156472602292349    -0.194690071588910    -0.037567400273696
     0.065068645982338    -0.037567400273696     0.129052850721757
36 40
     0.007584514662076     0.000000000000000     0.000000000000000
    -0.000000000000000    -0.003044260208084     0.039201686445605
     0.000000000000000     0.039201686445605    -0.085827595009855
36 41
    -0.584668632036659    -0.000000000000000    -0.000000000000000
    -0.000000000000000     0.186141172302847    -0.385941025050459
    -0.000000000000000    -0.183151567090097    -0.557388869631598
36 42
    -0.000674012098182    -0.023543262347666     0.009517184436482
    -0.023543262347666    -0.027859429806237    -0.005494748996326
     0.007677137175107    -0.004432397214649     0.104811686305280
36 43
    -0.000674012098182     0.023543262347666    -0.009517184436482
     0.023543262347666    -0.027859429806237    -0.005494748996326
    -0.007677137175107    -0.004432397214649     0.104811686305280
36 44
     0.036564735393630     0.000000000000000    -0.000000000000000
    -0.000000000000000     0.036564735393630    -0.000000000000003
    -0.000000000000000    -0.000000000000003    -0.078597919062403
36 45
     0.092632284060848     0.000000000000000     0.000000000000000
    -0.000000000000000     0.092632284060848     0.000000000000012
     0.000000000000000     0.000000000000012     0.507546394173202
36 46
    -0.006561278782017     0.333770436022079     0.334234732056276
     0.333770436022074    -0.391966180951770     0.192970512525214
     0.158613909842926     0.091575783545033    -0.557388869631624
36 47
    -0.006561278782017    -0.333770436022079    -0.334234732056276
    -0.333770436022074    -0.391966180951770     0.192970512525214
    -0.158613909842926     0.091575783545033    -0.557388869631624
36 48
    -0.041452138660264    -0.000000000000000     0.000000000000000
    -0.000000000000000     0.012918696755846     0.010989497992662
    -0.000000000000000     0.008864794429309     0.104811686305279
36 49
     0.115858593936735    -0.000000000000000    -0.000000000000000
    -0.000000000000000    -0.031686131902881    -0.058457831065480
    -0.000000000000000    -0.023725875186687    -0.138101228614184
36 50
    -0.014563480036406     0.026375705794534    -0.290017945295718
     0.026375705794541     0.015892561644689     0.167441938786310
    -0.028236278999620     0.016302223281349     0.199781759563911
36 51
    -0.014563480036406    -0.026375705794534     0.290017945295718
    -0.026375705794541     0.015892561644689     0.167441938786310
     0.028236278999620     0.016302223281349     0.199781759563911
36 52
    -0.765967061722899     0.000000000000000    -0.000000000000000
    -0.000000000000000    -0.765967061722900    -0.000000000000021
    -0.000000000000000    -0.000000000000021    -1.481437421247013
36 53
    -0.013708335936631     0.000000000000000     0.000000000000000
    -0.000000000000000    -0.013708335936631     0.000000000000003
    -0.000000000000000     0.000000000000003     0.105642923361415
36 54
     0.005200049557025    -0.063888740385756     0.050625966752844
    -0.063888740385757     0.078972412476832     0.029228915532732
     0.020547210638689     0.011862937593336    -0.138101228614187
36 55
     0.005200049557025     0.063888740385756    -0.050625966752844
     0.063888740385757     0.078972412476832     0.029228915532732
    -0.020547210638689     0.011862937593336    -0.138101228614187
36 56
     0.031120582485229    -0.000000000000000     0.000000000000000
    -0.000000000000000    -0.029791500876962    -0.334883877572603
    -0.000000000000000    -0.032604446562680     0.199781759563927
37 1
     0.041241447062470    -0.000000000000000     0.000000000000000
     0.000000000000000    -0.008548315025335     0.002007012102282
    -0.000000000000000    -0.011272817785940    -0.047853098796156
37 2
    -0.028857844754645    -0.029747243131590     0.309743476282570
    -0.029747243131596    -0.063207002414008    -0.178830479411478
     0.101718693418208    -0.058727315026626    -0.295754498562515
37 3
    -0.028857844754645     0.029747243131590    -0.309743476282570
     0.029747243131596    -0.063207002414008    -0.178830479411478
    -0.101718693418208    -0.058727315026626    -0.295754498562515
37 4
    -0.132160760951188     0.000000000000000    -0.000000000000000
    -0.000000000000000    -0.132160760951189    -0.000000000000009
    -0.000000000000000    -0.000000000000009    -0.452179092600686
37 5
     0.031607642261104     0.000000000000000    -0.000000000000000
    -0.000000000000000     0.031607642261104    -0.000000000000003
     0.000000000000000    -0.000000000000003    -0.058402230170480
37 6
     0.003899125496616    -0.021559599408211    -0.001738123466279
    -0.021559599408211     0.028794006540519    -0.001003506051144
     0.009762546574857     0.005636408892967    -0.047853098796156
37 7
     0.003899125496616     0.021559599408211     0.001738123466279
     0.021559599408211     0.028794006540519    -0.001003506051144
    -0.009762546574857     0.005636408892967    -0.047853098796156
37 8
    -0.080381581243678     0.000000000000000     0.000000000000000
     0.000000000000000    -0.011683265924953     0.357660958822935
    -0.000000000000000     0.117454630053230    -0.295754498562535
37 9
     0.061890443508463    -0.000000000000000     0.000000000000000
    -0.000000000000000    -0.023303648468304    -0.007688048929221
    -0.000000000000000    -0.007688048929221    -0.067921820895209
37 10
    -0.573885481950787     0.457595414276081    -0.641204235445304
     0.457595414276081    -0.045499810726277     0.370199437939867
    -0.641204235445304     0.370199437939867    -0.041710582534777
37 11
    -0.573885481950787    -0.457595414276081     0.641204235445304
    -0.457595414276081    -0.045499810726277     0.370199437939867
     0.641204235445304     0.370199437939867    -0.041710582534777
37 12
    -0.063866299177181    -0.000000000000000    -0.000000000000000
    -0.000000000000000    -0.063866299177181    -0.000000000000001
    -0.000000000000000    -0.000000000000001    -0.116915400488303
37 13
     0.001856838094708    -0.000000000000000    -0.000000000000000
    -0.000000000000000     0.001856838094708     0.000000000000003
    -0.000000000000000     0.000000000000003     0.090822321200006
37 14
    -0.002005125474112    -0.036890123952113     0.006658045678243
    -0.036890123952113     0.040591920514271     0.003844024464607
     0.006658045678243     0.003844024464607    -0.067921820895210
37 15
    -0.002005125474112     0.036890123952113    -0.006658045678243
     0.036890123952113     0.040591920514271     0.003844024464607
    -0.006658045678243     0.003844024464607    -0.067921820895210
37 16
     0.218693024885946    -0.000000000000000     0.000000000000000
    -0.000000000000000    -0.838078317563072    -0.740398875879712
    -0.000000000000000    -0.740398875879712    -0.041710582534713
37 17
     0.465302413930664    -0.000000000000000    -0.000000000000000
    -0.000000000000000    -1.506716899497189    -0.883243070635807
    -0.000000000000000    -0.845732996984528     0.010807026785556
37 18
     0.007081019231009    -0.014724329357419     0.012559495269495
    -0.014724329357421    -0.009921171805275    -0.007251227974730
    -0.063004998766796     0.036375952998300    -0.074845541371799
37 19
     0.007081019231009     0.014724329357419    -0.012559495269495
     0.014724329357421    -0.009921171805275    -0.007251227974730
     0.063004998766796     0.036375952998300    -0.074845541371799
37 20
    -0.209719806834408     0.000000000000000    -0.000000000000000
     0.000000000000000    -0.209719806834408     0.000000000000004
    -0.000000000000000     0.000000000000005    -0.054549473736975
37 21
     0.015781331926974     0.000000000000000    -0.000000000000000
     0.000000000000000     0.015781331926974    -0.000000000000001
    -0.000000000000000    -0.000000000000001    -0.023257754864802
37 22
    -1.013712071140189    -0.853909411090991     0.764910936887245
    -0.853909411090991    -0.027702414426262     0.441621535317926
     0.732426260207412     0.422866498492287     0.010807026785482
37 23
    -1.013712071140189     0.853909411090991    -0.764910936887245
     0.853909411090991    -0.027702414426262     0.441621535317926
    -0.732426260207412     0.422866498492287     0.010807026785482
37 24
    -0.018422267323418    -0.000000000000000    -0.000000000000000
     0.000000000000000     0.015582114749150     0.014502455949454
    -0.000000000000000    -0.072751905996606    -0.074845541371797
37 25
     0.043309292745353     0.000000000000000    -0.000000000000000
     0.000000000000000    -0.100991151025252     0.235320677609705
    -0.000000000000000     0.240285265511103    -0.078577253873720
37 26
     0.011097314838946    -0.064296526227126    -0.063751355237761
    -0.064296526227125    -0.063145918611429     0.036806862107726
     0.011410670130528    -0.006587953471493    -0.051567627727231
37 27
     0.011097314838946     0.064296526227126     0.063751355237761
     0.064296526227125    -0.063145918611429     0.036806862107726
    -0.011410670130528    -0.006587953471493    -0.051567627727231
37 28
    -0.023408658810161     0.000000000000000    -0.000000000000000
     0.000000000000000    -0.023408658810161     0.000000000000003
    -0.000000000000000     0.000000000000003     0.068829994162008
37 29
     0.108667086844258     0.000000000000000    -0.000000000000000
     0.000000000000000     0.108667086844258    -0.000000000000007
    -0.000000000000000    -0.000000000000007    -0.147420027068568
37 30
    -0.064916040082611    -0.062483925041368    -0.203793684845771
    -0.062483925041368     0.007234181802691    -0.117660338804855
    -0.208093144087702    -0.120142632755554    -0.078577253873699
37 31
    -0.064916040082611     0.062483925041368     0.203793684845770
     0.062483925041368     0.007234181802691    -0.117660338804855
     0.208093144087702    -0.120142632755554    -0.078577253873699
37 32
    -0.100267535336618     0.000000000000000    -0.000000000000000
     0.000000000000000     0.048218931564133    -0.073613724215454
     0.000000000000000     0.013175906942984    -0.051567627727228
37 33
     0.007584514662076     0.000000000000000     0.000000000000000
    -0.000000000000000    -0.003044260208084     0.039201686445605
     0.000000000000000     0.039201686445605    -0.085827595009855
37 34
    -0.014011073480328    -0.156472602292349     0.065068645982338
    -0.156472602292349    -0.194690071588910    -0.037567400273696
     0.065068645982338    -0.037567400273696     0.129052850721757
37 35
    -0.014011073480328     0.156472602292349    -0.065068645982338
     0.156472602292349    -0.194690071588910    -0.037567400273696
    -0.065068645982338    -0.037567400273696     0.129052850721757
37 36
    -0.007322525774515    -0.000000000000000    -0.000000000000000
    -0.000000000000000    -0.007322525774515    -0.000000000000001
    -0.000000000000000    -0.000000000000001    -0.059080320311751
37 37
     4.438856872984814    -0.000000000000000    -0.000000000000000
    -0.000000000000000     4.438856872984816     0.000000000000007
    -0.000000000000000     0.000000000000007     4.684282387576076
37 38
    -0.000387066490546    -0.004602394524334    -0.033949656333088
    -0.004602394524334     0.004927320944534    -0.019600843222806
    -0.033949656333088    -0.019600843222806    -0.085827595009852
37 39
    -0.000387066490546     0.004602394524334     0.033949656333088
     0.004602394524334     0.004927320944534    -0.019600843222806
     0.033949656333088    -0.019600843222806    -0.085827595009852
37 40
    -0.285029570643198    -0.000000000000000     0.000000000000000
    -0.000000000000000     0.076328425573966     0.075134800547412
     0.000000000000000     0.075134800547412     0.129052850721750
37 41
    -0.041452138660264    -0.000000000000000     0.000000000000000
     0.000000000000000     0.012918696755846     0.010989497992662
    -0.000000000000000     0.008864794429309     0.104811686305279
37 42
    -0.006561278782017    -0.333770436022079    -0.334234732056276
    -0.333770436022074    -0.391966180951770     0.192970512525214
    -0.158613909842926     0.091575783545033    -0.557388869631624
37 43
    -0.006561278782017     0.333770436022079     0.334234732056276
     0.333770436022074    -0.391966180951770     0.192970512525214
     0.158613909842926     0.091575783545033    -0.557388869631624
37 44
     0.092632284060848     0.000000000000000     0.000000000000000
    -0.000000000000000     0.092632284060848     0.000000000000012
     0.000000000000000     0.000000000000012     0.507546394173202
37 45
     0.036564735393630     0.000000000000000    -0.000000000000000
    -0.000000000000000     0.036564735393630    -0.000000000000003
    -0.000000000000000    -0.000000000000003    -0.078597919062403
37 46
    -0.000674012098182     0.023543262347666    -0.009517184436482
     0.023543262347666    -0.027859429806237    -0.005494748996326
    -0.007677137175107    -0.004432397214649     0.104811686305280
37 47
    -0.000674012098182    -0.023543262347666     0.009517184436482
    -0.023543262347666    -0.027859429806237    -0.005494748996326
     0.007677137175107    -0.004432397214649     0.104811686305280
37 48
    -0.584668632036659    -0.000000000000000    -0.000000000000000
    -0.000000000000000     0.186141172302847    -0.385941025050459
    -0.000000000000000    -0.183151567090097    -0.557388869631598
37 49
     0.031120582485229    -0.000000000000000     0.000000000000000
    -0.000000000000000    -0.029791500876962    -0.334883877572603
    -0.000000000000000    -0.032604446562680     0.199781759563927
37 50
     0.005200049557025     0.063888740385756    -0.050625966752844
     0.063888740385757     0.078972412476832     0.029228915532732
    -0.020547210638689     0.011862937593336    -0.138101228614187
37 51
     0.005200049557025    -0.063888740385756     0.050625966752844
    -0.063888740385757     0.078972412476832     0.029228915532732
     0.020547210638689     0.011862937593336    -0.138101228614187
37 52
    -0.013708335936631     0.000000000000000     0.000000000000000
    -0.000000000000000    -0.013708335936631     0.000000000000003
    -0.000000000000000     0.000000000000003     0.105642923361415
37 53
    -0.765967061722899     0.000000000000000    -0.000000000000000
    -0.000000000000000    -0.765967061722900    -0.000000000000021
    -0.000000000000000    -0.000000000000021    -1.481437421247013
37 54
    -0.014563480036406    -0.026375705794534     0.290017945295718
    -0.026375705794541     0.015892561644689     0.167441938786310
     0.028236278999620     0.016302223281349     0.199781759563911
37 55
    -0.014563480036406     0.026375705794534    -0.290017945295718
     0.026375705794541     0.015892561644689     0.167441938786310
    -0.028236278999620     0.016302223281349     0.199781759563911
37 56
     0.115858593936735    -0.000000000000000    -0.000000000000000
    -0.000000000000000    -0.031686131902881    -0.058457831065480
    -0.000000000000000    -0.023725875186687    -0.138101228614183
38 1
    -0.028857844754645    -0.029747243131590     0.309743476282570
    -0.029747243131596    -0.063207002414007    -0.178830479411478
     0.101718693418208    -0.058727315026626    -0.295754498562514
38 2
     0.041241447062470     0.000000000000000    -0.000000000000000
    -0.000000000000000    -0.008548315025336     0.002007012102282
    -0.000000000000000    -0.011272817785940    -0.047853098796156
38 3
    -0.132160760951188     0.000000000000000     0.000000000000000
    -0.000000000000000    -0.132160760951188    -0.000000000000009
    -0.000000000000000    -0.000000000000009    -0.452179092600686
38 4
    -0.028857844754645     0.029747243131590    -0.309743476282570
     0.029747243131596    -0.063207002414008    -0.178830479411478
    -0.101718693418208    -0.058727315026626    -0.295754498562515
38 5
     0.003899125496616    -0.021559599408211    -0.001738123466279
    -0.021559599408211     0.028794006540519    -0.001003506051144
     0.009762546574857     0.005636408892967    -0.047853098796156
38 6
     0.031607642261104     0.000000000000000     0.000000000000000
    -0.000000000000000     0.031607642261104    -0.000000000000003
    -0.000000000000000    -0.000000000000003    -0.058402230170480
38 7
    -0.080381581243678     0.000000000000000    -0.000000000000000
    -0.000000000000000    -0.011683265924954     0.357660958822935
    -0.000000000000000     0.117454630053230    -0.295754498562535
38 8
     0.003899125496616     0.021559599408211     0.001738123466279
     0.021559599408211     0.028794006540519    -0.001003506051144
    -0.009762546574857     0.005636408892967    -0.047853098796156
38 9
    -0.573885481950787     0.457595414276080    -0.641204235445305
     0.457595414276081    -0.045499810726277     0.370199437939867
    -0.641204235445304     0.370199437939867    -0.041710582534777
38 10
     0.061890443508463     0.000000000000000     0.000000000000000
    -0.000000000000000    -0.023303648468304    -0.007688048929221
    -0.000000000000000    -0.007688048929221    -0.067921820895209
38 11
    -0.063866299177181    -0.000000000000000    -0.000000000000000
    -0.000000000000000    -0.063866299177181    -0.000000000000002
    -0.000000000000000    -0.000000000000002    -0.116915400488303
38 12
    -0.573885481950787    -0.457595414276081     0.641204235445304
    -0.457595414276081    -0.045499810726277     0.370199437939867
     0.641204235445304     0.370199437939867    -0.041710582534777
38 13
    -0.002005125474112    -0.036890123952113     0.006658045678243
    -0.036890123952113     0.040591920514271     0.003844024464607
     0.006658045678243     0.003844024464607    -0.067921820895210
38 14
     0.001856838094709    -0.000000000000000     0.000000000000000
    -0.000000000000000     0.001856838094708     0.000000000000003
     0.000000000000000     0.000000000000003     0.090822321200006
38 15
     0.218693024885946     0.000000000000000     0.000000000000000
    -0.000000000000000    -0.838078317563073    -0.740398875879712
    -0.000000000000000    -0.740398875879712    -0.041710582534713
38 16
    -0.002005125474112     0.036890123952113    -0.006658045678243
     0.036890123952113     0.040591920514271     0.003844024464607
    -0.006658045678243     0.003844024464607    -0.067921820895210
38 17
     0.007081019231009    -0.014724329357419     0.012559495269495
    -0.014724329357421    -0.009921171805275    -0.007251227974730
    -0.063004998766796     0.036375952998300    -0.074845541371800
38 18
     0.465302413930664    -0.000000000000000     0.000000000000000
    -0.000000000000000    -1.506716899497189    -0.883243070635807
    -0.000000000000000    -0.845732996984528     0.010807026785556
38 19
    -0.209719806834408     0.000000000000000    -0.000000000000000
     0.000000000000000    -0.209719806834408     0.000000000000004
    -0.000000000000000     0.000000000000005    -0.054549473736975
38 20
     0.007081019231009     0.014724329357419    -0.012559495269495
     0.014724329357421    -0.009921171805275    -0.007251227974730
     0.063004998766796     0.036375952998300    -0.074845541371799
38 21
    -1.013712071140189    -0.853909411090991     0.764910936887245
    -0.853909411090991    -0.027702414426262     0.441621535317926
     0.732426260207411     0.422866498492287     0.010807026785482
38 22
     0.015781331926974     0.000000000000000    -0.000000000000000
     0.000000000000000     0.015781331926974    -0.000000000000001
    -0.000000000000000    -0.000000000000001    -0.023257754864802
38 23
    -0.018422267323419    -0.000000000000000     0.000000000000000
    -0.000000000000000     0.015582114749150     0.014502455949454
     0.000000000000000    -0.072751905996607    -0.074845541371797
38 24
    -1.013712071140189     0.853909411090991    -0.764910936887245
     0.853909411090992    -0.027702414426262     0.441621535317927
    -0.732426260207412     0.422866498492287     0.010807026785482
38 25
     0.011097314838947    -0.064296526227126    -0.063751355237761
    -0.064296526227124    -0.063145918611429     0.036806862107726
     0.011410670130528    -0.006587953471493    -0.051567627727231
38 26
     0.043309292745353     0.000000000000000     0.000000000000000
    -0.000000000000000    -0.100991151025253     0.235320677609705
     0.000000000000000     0.240285265511103    -0.078577253873720
38 27
    -0.023408658810161     0.000000000000000    -0.000000000000000
    -0.000000000000000    -0.023408658810161     0.000000000000003
    -0.000000000000000     0.000000000000003     0.068829994162008
38 28
     0.011097314838946     0.064296526227127     0.063751355237761
     0.064296526227124    -0.063145918611429     0.036806862107726
    -0.011410670130528    -0.006587953471493    -0.051567627727231
38 29
    -0.064916040082611    -0.062483925041368    -0.203793684845771
    -0.062483925041368     0.007234181802691    -0.117660338804855
    -0.208093144087702    -0.120142632755554    -0.078577253873699
38 30
     0.108667086844258     0.000000000000000    -0.000000000000000
     0.000000000000000     0.108667086844258    -0.000000000000007
    -0.000000000000000    -0.000000000000007    -0.147420027068568
38 31
    -0.100267535336618    -0.000000000000000     0.000000000000000
    -0.000000000000000     0.048218931564133    -0.073613724215454
     0.000000000000000     0.013175906942984    -0.051567627727228
38 32
    -0.064916040082611     0.062483925041368     0.203793684845771
     0.062483925041368     0.007234181802691    -0.117660338804855
     0.208093144087702    -0.120142632755554    -0.078577253873699
38 33
    -0.014011073480328    -0.156472602292349     0.065068645982339
    -0.156472602292349    -0.194690071588910    -0.037567400273696
     0.065068645982338    -0.037567400273696     0.129052850721757
38 34
     0.007584514662076     0.000000000000000     0.000000000000000
    -0.000000000000000    -0.003044260208084     0.039201686445605
    -0.000000000000000     0.039201686445605    -0.085827595009855
38 35
    -0.007322525774515    -0.000000000000000     0.000000000000000
    -0.000000000000000    -0.007322525774515    -0.000000000000001
     0.000000000000000    -0.000000000000001    -0.059080320311751
38 36
    -0.014011073480328     0.156472602292349    -0.065068645982338
     0.156472602292349    -0.194690071588910    -0.037567400273696
    -0.065068645982338    -0.037567400273696     0.129052850721757
38 37
    -0.000387066490546    -0.004602394524334    -0.033949656333088
    -0.004602394524334     0.004927320944534    -0.019600843222806
    -0.033949656333088    -0.019600843222806    -0.085827595009852
38 38
     4.438856872984815    -0.000000000000000     0.000000000000000
    -0.000000000000000     4.438856872984815     0.000000000000007
     0.000000000000000     0.000000000000007     4.684282387576077
38 39
    -0.285029570643198     0.000000000000000     0.000000000000000
    -0.000000000000000     0.076328425573966     0.075134800547412
    -0.000000000000000     0.075134800547412     0.129052850721750
38 40
    -0.000387066490546     0.004602394524334     0.033949656333088
     0.004602394524334     0.004927320944534    -0.019600843222806
     0.033949656333088    -0.019600843222806    -0.085827595009852
38 41
    -0.006561278782017    -0.333770436022079    -0.334234732056276
    -0.333770436022074    -0.391966180951770     0.192970512525214
    -0.158613909842926     0.091575783545033    -0.557388869631623
38 42
    -0.041452138660264     0.000000000000000     0.000000000000000
    -0.000000000000000     0.012918696755846     0.010989497992662
     0.000000000000000     0.008864794429309     0.104811686305279
38 43
     0.092632284060848     0.000000000000000     0.000000000000000
    -0.000000000000000     0.092632284060848     0.000000000000012
    -0.000000000000000     0.000000000000012     0.507546394173202
38 44
    -0.006561278782017     0.333770436022079     0.334234732056276
     0.333770436022074    -0.391966180951770     0.192970512525214
     0.158613909842926     0.091575783545033    -0.557388869631624
38 45
    -0.000674012098182     0.023543262347666    -0.009517184436482
     0.023543262347666    -0.027859429806237    -0.005494748996326
    -0.007677137175107    -0.004432397214649     0.104811686305280
38 46
     0.036564735393630     0.000000000000000     0.000000000000000
    -0.000000000000000     0.036564735393630    -0.000000000000003
    -0.000000000000000    -0.000000000000003    -0.078597919062403
38 47
    -0.584668632036659     0.000000000000000     0.000000000000000
    -0.000000000000000     0.186141172302847    -0.385941025050459
    -0.000000000000000    -0.183151567090097    -0.557388869631598
38 48
    -0.000674012098182    -0.023543262347666     0.009517184436482
    -0.023543262347666    -0.027859429806237    -0.005494748996326
     0.007677137175107    -0.004432397214649     0.104811686305279
38 49
     0.005200049557025     0.063888740385756    -0.050625966752844
     0.063888740385757     0.078972412476832     0.029228915532732
    -0.020547210638689     0.011862937593336    -0.138101228614187
38 50
     0.031120582485229     0.000000000000000     0.000000000000000
    -0.000000000000000    -0.029791500876962    -0.334883877572603
     0.000000000000000    -0.032604446562680     0.199781759563927
38 51
    -0.013708335936631     0.000000000000000     0.000000000000000
    -0.000000000000000    -0.013708335936631     0.000000000000003
    -0.000000000000000     0.000000000000003     0.105642923361415
38 52
     0.005200049557025    -0.063888740385756     0.050625966752844
    -0.063888740385757     0.078972412476832     0.029228915532732
     0.020547210638689     0.011862937593336    -0.138101228614187
38 53
    -0.014563480036406    -0.026375705794534     0.290017945295718
    -0.026375705794541     0.015892561644689     0.167441938786310
     0.028236278999620     0.016302223281349     0.199781759563911
38 54
    -0.765967061722899     0.000000000000000    -0.000000000000000
    -0.000000000000000    -0.765967061722899    -0.000000000000021
    -0.000000000000000    -0.000000000000021    -1.481437421247013
38 55
     0.115858593936735     0.000000000000000     0.000000000000000
    -0.000000000000000    -0.031686131902881    -0.058457831065480
    -0.000000000000000    -0.023725875186687    -0.138101228614184
38 56
    -0.014563480036406     0.026375705794534    -0.290017945295719
     0.026375705794541     0.015892561644689     0.167441938786310
    -0.028236278999620     0.016302223281349     0.199781759563911
39 1
    -0.028857844754645     0.029747243131590    -0.309743476282570
     0.029747243131596    -0.063207002414007    -0.178830479411478
    -0.101718693418208    -0.058727315026626    -0.295754498562514
39 2
    -0.132160760951188    -0.000000000000000    -0.000000000000000
     0.000000000000000    -0.132160760951189    -0.000000000000009
    -0.000000000000000    -0.000000000000009    -0.452179092600685
39 3
     0.041241447062470    -0.000000000000000     0.000000000000000
     0.000000000000000    -0.008548315025336     0.002007012102282
     0.000000000000000    -0.011272817785940    -0.047853098796156
39 4
    -0.028857844754645    -0.029747243131590     0.309743476282570
    -0.029747243131596    -0.063207002414008    -0.178830479411478
     0.101718693418208    -0.058727315026626    -0.295754498562515
39 5
     0.003899125496616     0.021559599408211     0.001738123466279
     0.021559599408211     0.028794006540519    -0.001003506051144
    -0.009762546574857     0.005636408892967    -0.047853098796156
39 6
    -0.080381581243678    -0.000000000000000    -0.000000000000000
     0.000000000000000    -0.011683265924954     0.357660958822935
     0.000000000000000     0.117454630053230    -0.295754498562535
39 7
     0.031607642261104    -0.000000000000000    -0.000000000000000
     0.000000000000000     0.031607642261104    -0.000000000000003
    -0.000000000000000    -0.000000000000003    -0.058402230170480
39 8
     0.003899125496616    -0.021559599408211    -0.001738123466279
    -0.021559599408211     0.028794006540519    -0.001003506051144
     0.009762546574857     0.005636408892967    -0.047853098796156
39 9
    -0.573885481950786    -0.457595414276080     0.641204235445305
    -0.457595414276081    -0.045499810726277     0.370199437939867
     0.641204235445304     0.370199437939867    -0.041710582534777
39 10
    -0.063866299177181     0.000000000000000    -0.000000000000000
     0.000000000000000    -0.063866299177181    -0.000000000000002
    -0.000000000000000    -0.000000000000002    -0.116915400488303
39 11
     0.061890443508463    -0.000000000000000    -0.000000000000000
     0.000000000000000    -0.023303648468304    -0.007688048929221
     0.000000000000000    -0.007688048929221    -0.067921820895209
39 12
    -0.573885481950787     0.457595414276081    -0.641204235445304
     0.457595414276081    -0.045499810726277     0.370199437939867
    -0.641204235445304     0.370199437939867    -0.041710582534777
39 13
    -0.002005125474112     0.036890123952113    -0.006658045678243
     0.036890123952113     0.040591920514271     0.003844024464607
    -0.006658045678243     0.003844024464607    -0.067921820895210
39 14
     0.218693024885946    -0.000000000000000    -0.000000000000000
     0.000000000000000    -0.838078317563073    -0.740398875879712
     0.000000000000000    -0.740398875879712    -0.041710582534713
39 15
     0.001856838094709     0.000000000000000    -0.000000000000000
     0.000000000000000     0.001856838094708     0.000000000000003
    -0.000000000000000     0.000000000000003     0.090822321200006
39 16
    -0.002005125474112    -0.036890123952113     0.006658045678243
    -0.036890123952113     0.040591920514271     0.003844024464607
     0.006658045678243     0.003844024464607    -0.067921820895210
39 17
     0.007081019231009     0.014724329357419    -0.012559495269495
     0.014724329357421    -0.009921171805275    -0.007251227974730
     0.063004998766796     0.036375952998300    -0.074845541371800
39 18
    -0.209719806834408    -0.000000000000000     0.000000000000000
     0.000000000000000    -0.209719806834408     0.000000000000004
     0.000000000000000     0.000000000000005    -0.054549473736975
39 19
     0.465302413930664    -0.000000000000000    -0.000000000000000
     0.000000000000000    -1.506716899497190    -0.883243070635807
    -0.000000000000000    -0.845732996984528     0.010807026785556
39 20
     0.007081019231009    -0.014724329357419     0.012559495269494
    -0.014724329357421    -0.009921171805275    -0.007251227974730
    -0.063004998766796     0.036375952998300    -0.074845541371799
39 21
    -1.013712071140189     0.853909411090991    -0.764910936887245
     0.853909411090991    -0.027702414426262     0.441621535317926
    -0.732426260207411     0.422866498492287     0.010807026785482
39 22
    -0.018422267323418    -0.000000000000000    -0.000000000000000
     0.000000000000000     0.015582114749150     0.014502455949454
     0.000000000000000    -0.072751905996607    -0.074845541371797
39 23
     0.015781331926974    -0.000000000000000     0.000000000000000
     0.000000000000000     0.015781331926974    -0.000000000000001
     0.000000000000000    -0.000000000000001    -0.023257754864802
39 24
    -1.013712071140190    -0.853909411090991     0.764910936887245
    -0.853909411090992    -0.027702414426262     0.441621535317927
     0.732426260207412     0.422866498492287     0.010807026785482
39 25
     0.011097314838947     0.064296526227126     0.063751355237761
     0.064296526227124    -0.063145918611429     0.036806862107726
    -0.011410670130528    -0.006587953471493    -0.051567627727231
39 26
    -0.023408658810161    -0.000000000000000     0.000000000000000
     0.000000000000000    -0.023408658810161     0.000000000000003
     0.000000000000000     0.000000000000003     0.068829994162008
39 27
     0.043309292745353     0.000000000000000    -0.000000000000000
     0.000000000000000    -0.100991151025253     0.235320677609705
    -0.000000000000000     0.240285265511103    -0.078577253873720
39 28
     0.011097314838946    -0.064296526227127    -0.063751355237761
    -0.064296526227124    -0.063145918611429     0.036806862107726
     0.011410670130528    -0.006587953471493    -0.051567627727231
39 29
    -0.064916040082611     0.062483925041368     0.203793684845771
     0.062483925041368     0.007234181802691    -0.117660338804855
     0.208093144087702    -0.120142632755554    -0.078577253873699
39 30
    -0.100267535336618     0.000000000000000    -0.000000000000000
     0.000000000000000     0.048218931564133    -0.073613724215454
     0.000000000000000     0.013175906942984    -0.051567627727228
39 31
     0.108667086844258    -0.000000000000000    -0.000000000000000
     0.000000000000000     0.108667086844258    -0.000000000000007
     0.000000000000000    -0.000000000000007    -0.147420027068568
39 32
    -0.064916040082611    -0.062483925041368    -0.203793684845771
    -0.062483925041368     0.007234181802691    -0.117660338804855
    -0.208093144087702    -0.120142632755554    -0.078577253873699
39 33
    -0.014011073480328     0.156472602292349    -0.065068645982339
     0.156472602292349    -0.194690071588910    -0.037567400273696
    -0.065068645982338    -0.037567400273696     0.129052850721757
39 34
    -0.007322525774515     0.000000000000000    -0.000000000000000
     0.000000000000000    -0.007322525774515    -0.000000000000001
    -0.000000000000000    -0.000000000000001    -0.059080320311751
39 35
     0.007584514662076    -0.000000000000000    -0.000000000000000
     0.000000000000000    -0.003044260208084     0.039201686445605
     0.000000000000000     0.039201686445605    -0.085827595009855
39 36
    -0.014011073480328    -0.156472602292349     0.065068645982338
    -0.156472602292349    -0.194690071588910    -0.037567400273696
     0.065068645982338    -0.037567400273696     0.129052850721757
39 37
    -0.000387066490546     0.004602394524334     0.033949656333088
     0.004602394524334     0.004927320944534    -0.019600843222806
     0.033949656333088    -0.019600843222806    -0.085827595009852
39 38
    -0.285029570643198    -0.000000000000000    -0.000000000000000
     0.000000000000000     0.076328425573966     0.075134800547412
     0.000000000000000     0.075134800547412     0.129052850721750
39 39
     4.438856872984813     0.000000000000000     0.000000000000000
     0.000000000000000     4.438856872984815     0.000000000000007
     0.000000000000000     0.000000000000007     4.684282387576078
39 40
    -0.000387066490546    -0.004602394524334    -0.033949656333088
    -0.004602394524334     0.004927320944534    -0.019600843222806
    -0.033949656333088    -0.019600843222806    -0.085827595009852
39 41
    -0.006561278782017     0.333770436022079     0.334234732056276
     0.333770436022074    -0.391966180951770     0.192970512525214
     0.158613909842926     0.091575783545033    -0.557388869631623
39 42
     0.092632284060848    -0.000000000000000    -0.000000000000000
     0.000000000000000     0.092632284060848     0.000000000000012
     0.000000000000000     0.000000000000012     0.507546394173202
39 43
    -0.041452138660264    -0.000000000000000    -0.000000000000000
     0.000000000000000     0.012918696755846     0.010989497992662
     0.000000000000000     0.008864794429309     0.104811686305279
39 44
    -0.006561278782017    -0.333770436022079    -0.334234732056276
    -0.333770436022074    -0.391966180951770     0.192970512525214
    -0.158613909842926     0.091575783545033    -0.557388869631624
39 45
    -0.000674012098182    -0.023543262347666     0.009517184436482
    -0.023543262347666    -0.027859429806237    -0.005494748996326
     0.007677137175107    -0.004432397214649     0.104811686305280
39 46
    -0.584668632036659    -0.000000000000000    -0.000000000000000
    -0.000000000000000     0.186141172302847    -0.385941025050459
    -0.000000000000000    -0.183151567090097    -0.557388869631598
39 47
     0.036564735393630    -0.000000000000000    -0.000000000000000
     0.000000000000000     0.036564735393630    -0.000000000000003
     0.000000000000000    -0.000000000000003    -0.078597919062403
39 48
    -0.000674012098182     0.023543262347666    -0.009517184436482
     0.023543262347666    -0.027859429806237    -0.005494748996326
    -0.007677137175107    -0.004432397214649     0.104811686305279
39 49
     0.005200049557025    -0.063888740385756     0.050625966752844
    -0.063888740385757     0.078972412476832     0.029228915532732
     0.020547210638689     0.011862937593336    -0.138101228614187
39 50
    -0.013708335936631    -0.000000000000000    -0.000000000000000
     0.000000000000000    -0.013708335936631     0.000000000000003
     0.000000000000000     0.000000000000003     0.105642923361415
39 51
     0.031120582485229    -0.000000000000000    -0.000000000000000
    -0.000000000000000    -0.029791500876962    -0.334883877572603
     0.000000000000000    -0.032604446562680     0.199781759563927
39 52
     0.005200049557025     0.063888740385756    -0.050625966752844
     0.063888740385757     0.078972412476832     0.029228915532732
    -0.020547210638689     0.011862937593336    -0.138101228614187
39 53
    -0.014563480036406     0.026375705794534    -0.290017945295718
     0.026375705794541     0.015892561644689     0.167441938786310
    -0.028236278999620     0.016302223281349     0.199781759563911
39 54
     0.115858593936734    -0.000000000000000    -0.000000000000000
    -0.000000000000000    -0.031686131902881    -0.058457831065480
    -0.000000000000000    -0.023725875186687    -0.138101228614184
39 55
    -0.765967061722899    -0.000000000000000    -0.000000000000000
     0.000000000000000    -0.765967061722899    -0.000000000000021
    -0.000000000000000    -0.000000000000021    -1.481437421247013
39 56
    -0.014563480036406    -0.026375705794534     0.290017945295718
    -0.026375705794541     0.015892561644689     0.167441938786310
     0.028236278999620     0.016302223281349     0.199781759563911
40 1
    -0.132160760951188    -0.000000000000000     0.000000000000000
     0.000000000000000    -0.132160760951188    -0.000000000000009
     0.000000000000000    -0.000000000000009    -0.452179092600685
40 2
    -0.028857844754645     0.029747243131590    -0.309743476282570
     0.029747243131596    -0.063207002414007    -0.178830479411478
    -0.101718693418208    -0.058727315026626    -0.295754498562515
40 3
    -0.028857844754645    -0.029747243131590     0.309743476282570
    -0.029747243131596    -0.063207002414007    -0.178830479411478
     0.101718693418208    -0.058727315026626    -0.295754498562515
40 4
     0.041241447062470    -0.000000000000000    -0.000000000000000
    -0.000000000000000    -0.008548315025335     0.002007012102282
     0.000000000000000    -0.011272817785940    -0.047853098796156
40 5
    -0.080381581243678    -0.000000000000000    -0.000000000000000
    -0.000000000000000    -0.011683265924953     0.357660958822935
     0.000000000000000     0.117454630053230    -0.295754498562535
40 6
     0.003899125496616     0.021559599408211     0.001738123466279
     0.021559599408211     0.028794006540519    -0.001003506051144
    -0.009762546574857     0.005636408892967    -0.047853098796156
40 7
     0.003899125496616    -0.021559599408211    -0.001738123466279
    -0.021559599408211     0.028794006540519    -0.001003506051144
     0.009762546574857     0.005636408892967    -0.047853098796156
40 8
     0.031607642261104    -0.000000000000000     0.000000000000000
     0.000000000000000     0.031607642261104    -0.000000000000003
     0.000000000000000    -0.000000000000003    -0.058402230170480
40 9
    -0.063866299177181    -0.000000000000000     0.000000000000000
    -0.000000000000000    -0.063866299177181    -0.000000000000002
     0.000000000000000    -0.000000000000002    -0.116915400488303
40 10
    -0.573885481950786    -0.457595414276081     0.641204235445304
    -0.457595414276080    -0.045499810726276     0.370199437939867
     0.641204235445305     0.370199437939867    -0.041710582534777
40 11
    -0.573885481950787     0.457595414276081    -0.641204235445304
     0.457595414276080    -0.045499810726277     0.370199437939867
    -0.641204235445305     0.370199437939867    -0.041710582534777
40 12
     0.061890443508463    -0.000000000000000    -0.000000000000000
    -0.000000000000000    -0.023303648468303    -0.007688048929221
     0.000000000000000    -0.007688048929221    -0.067921820895209
40 13
     0.218693024885946    -0.000000000000000    -0.000000000000000
    -0.000000000000000    -0.838078317563072    -0.740398875879712
     0.000000000000000    -0.740398875879712    -0.041710582534713
40 14
    -0.002005125474112     0.036890123952113    -0.006658045678243
     0.036890123952113     0.040591920514271     0.003844024464607
    -0.006658045678243     0.003844024464607    -0.067921820895210
40 15
    -0.002005125474112    -0.036890123952113     0.006658045678243
    -0.036890123952113     0.040591920514271     0.003844024464607
     0.006658045678243     0.003844024464607    -0.067921820895210
40 16
     0.001856838094709    -0.000000000000000     0.000000000000000
    -0.000000000000000     0.001856838094709     0.000000000000003
     0.000000000000000     0.000000000000003     0.090822321200006
40 17
    -0.209719806834408    -0.000000000000000     0.000000000000000
     0.000000000000000    -0.209719806834408     0.000000000000004
     0.000000000000000     0.000000000000005    -0.054549473736975
40 18
     0.007081019231009     0.014724329357419    -0.012559495269494
     0.014724329357421    -0.009921171805275    -0.007251227974730
     0.063004998766796     0.036375952998300    -0.074845541371799
40 19
     0.007081019231009    -0.014724329357419     0.012559495269494
    -0.014724329357421    -0.009921171805275    -0.007251227974730
    -0.063004998766796     0.036375952998300    -0.074845541371799
40 20
     0.465302413930664    -0.000000000000000    -0.000000000000000
    -0.000000000000000    -1.506716899497190    -0.883243070635808
    -0.000000000000000    -0.845732996984528     0.010807026785556
40 21
    -0.018422267323418    -0.000000000000000     0.000000000000000
     0.000000000000000     0.015582114749150     0.014502455949454
     0.000000000000000    -0.072751905996607    -0.074845541371797
40 22
    -1.013712071140188     0.853909411090991    -0.764910936887244
     0.853909411090991    -0.027702414426262     0.441621535317927
    -0.732426260207411     0.422866498492287     0.010807026785482
40 23
    -1.013712071140188    -0.853909411090991     0.764910936887244
    -0.853909411090991    -0.027702414426262     0.441621535317927
     0.732426260207411     0.422866498492287     0.010807026785482
40 24
     0.015781331926974    -0.000000000000000     0.000000000000000
     0.000000000000000     0.015781331926974    -0.000000000000001
     0.000000000000000    -0.000000000000001    -0.023257754864802
40 25
    -0.023408658810161    -0.000000000000000     0.000000000000000
     0.000000000000000    -0.023408658810161     0.000000000000003
     0.000000000000000     0.000000000000003     0.068829994162008
40 26
     0.011097314838946     0.064296526227127     0.063751355237761
     0.064296526227125    -0.063145918611429     0.036806862107726
    -0.011410670130528    -0.006587953471493    -0.051567627727231
40 27
     0.011097314838946    -0.064296526227127    -0.063751355237761
    -0.064296526227125    -0.063145918611429     0.036806862107726
     0.011410670130528    -0.006587953471493    -0.051567627727231
40 28
     0.043309292745353    -0.000000000000000    -0.000000000000000
     0.000000000000000    -0.100991151025252     0.235320677609705
     0.000000000000000     0.240285265511104    -0.078577253873720
40 29
    -0.100267535336618    -0.000000000000000     0.000000000000000
     0.000000000000000     0.048218931564133    -0.073613724215454
     0.000000000000000     0.013175906942984    -0.051567627727228
40 30
    -0.064916040082611     0.062483925041368     0.203793684845770
     0.062483925041368     0.007234181802691    -0.117660338804855
     0.208093144087702    -0.120142632755554    -0.078577253873699
40 31
    -0.064916040082611    -0.062483925041368    -0.203793684845771
    -0.062483925041368     0.007234181802691    -0.117660338804855
    -0.208093144087702    -0.120142632755554    -0.078577253873699
40 32
     0.108667086844258    -0.000000000000000    -0.000000000000000
     0.000000000000000     0.108667086844258    -0.000000000000007
     0.000000000000000    -0.000000000000007    -0.147420027068568
40 33
    -0.007322525774515    -0.000000000000000     0.000000000000000
    -0.000000000000000    -0.007322525774515    -0.000000000000001
     0.000000000000000    -0.000000000000001    -0.059080320311751
40 34
    -0.014011073480328     0.156472602292349    -0.065068645982338
     0.156472602292349    -0.194690071588910    -0.037567400273696
    -0.065068645982339    -0.037567400273696     0.129052850721757
40 35
    -0.014011073480328    -0.156472602292349     0.065068645982338
    -0.156472602292349    -0.194690071588910    -0.037567400273696
     0.065068645982339    -0.037567400273696     0.129052850721757
40 36
     0.007584514662076    -0.000000000000000     0.000000000000000
     0.000000000000000    -0.003044260208084     0.039201686445605
     0.000000000000000     0.039201686445605    -0.085827595009855
40 37
    -0.285029570643198    -0.000000000000000     0.000000000000000
    -0.000000000000000     0.076328425573966     0.075134800547412
     0.000000000000000     0.075134800547412     0.129052850721750
40 38
    -0.000387066490546     0.004602394524334     0.033949656333088
     0.004602394524334     0.004927320944534    -0.019600843222806
     0.033949656333088    -0.019600843222806    -0.085827595009852
40 39
    -0.000387066490546    -0.004602394524334    -0.033949656333088
    -0.004602394524334     0.004927320944534    -0.019600843222806
    -0.033949656333088    -0.019600843222806    -0.085827595009852
40 40
     4.438856872984809    -0.000000000000000     0.000000000000000
    -0.000000000000000     4.438856872984808     0.000000000000007
     0.000000000000000     0.000000000000007     4.684282387576076
40 41
     0.092632284060848    -0.000000000000000     0.000000000000000
     0.000000000000000     0.092632284060848     0.000000000000012
     0.000000000000000     0.000000000000012     0.507546394173202
40 42
    -0.006561278782017     0.333770436022079     0.334234732056276
     0.333770436022074    -0.391966180951770     0.192970512525214
     0.158613909842926     0.091575783545033    -0.557388869631624
40 43
    -0.006561278782017    -0.333770436022079    -0.334234732056276
    -0.333770436022074    -0.391966180951770     0.192970512525214
    -0.158613909842926     0.091575783545033    -0.557388869631624
40 44
    -0.041452138660263    -0.000000000000000     0.000000000000000
     0.000000000000000     0.012918696755846     0.010989497992662
     0.000000000000000     0.008864794429309     0.104811686305279
40 45
    -0.584668632036659    -0.000000000000000     0.000000000000000
    -0.000000000000000     0.186141172302847    -0.385941025050459
     0.000000000000000    -0.183151567090097    -0.557388869631598
40 46
    -0.000674012098182    -0.023543262347666     0.009517184436482
    -0.023543262347666    -0.027859429806236    -0.005494748996326
     0.007677137175107    -0.004432397214649     0.104811686305280
40 47
    -0.000674012098182     0.023543262347666    -0.009517184436482
     0.023543262347666    -0.027859429806236    -0.005494748996326
    -0.007677137175107    -0.004432397214649     0.104811686305280
40 48
     0.036564735393630    -0.000000000000000     0.000000000000000
     0.000000000000000     0.036564735393630    -0.000000000000003
     0.000000000000000    -0.000000000000003    -0.078597919062403
40 49
    -0.013708335936631    -0.000000000000000     0.000000000000000
     0.000000000000000    -0.013708335936631     0.000000000000003
     0.000000000000000     0.000000000000003     0.105642923361415
40 50
     0.005200049557025    -0.063888740385756     0.050625966752844
    -0.063888740385757     0.078972412476832     0.029228915532732
     0.020547210638689     0.011862937593336    -0.138101228614187
40 51
     0.005200049557025     0.063888740385756    -0.050625966752844
     0.063888740385757     0.078972412476832     0.029228915532732
    -0.020547210638689     0.011862937593336    -0.138101228614187
40 52
     0.031120582485229    -0.000000000000000     0.000000000000000
    -0.000000000000000    -0.029791500876962    -0.334883877572603
     0.000000000000000    -0.032604446562680     0.199781759563927
40 53
     0.115858593936735    -0.000000000000000     0.000000000000000
    -0.000000000000000    -0.031686131902881    -0.058457831065480
     0.000000000000000    -0.023725875186687    -0.138101228614183
40 54
    -0.014563480036406     0.026375705794534    -0.290017945295718
     0.026375705794541     0.015892561644689     0.167441938786310
    -0.028236278999620     0.016302223281349     0.199781759563911
40 55
    -0.014563480036406    -0.026375705794534     0.290017945295718
    -0.026375705794541     0.015892561644689     0.167441938786310
     0.028236278999620     0.016302223281349     0.199781759563911
40 56
    -0.765967061722900    -0.000000000000000    -0.000000000000000
     0.000000000000000    -0.765967061722900    -0.000000000000021
    -0.000000000000000    -0.000000000000021    -1.481437421247012
41 1
    -2.160007008749871     0.000000000000000    -0.000000000000000
     0.000000000000000    -2.160007008749871    -0.000000000000471
    -0.000000000000000    -0.000000000000471   -18.533514401625020
41 2
    -0.028314657732770    -0.037331870670322     0.063132587086525
    -0.037331870670327     0.014792473428957     0.036449616149052
    -0.112737018435612    -0.065088747941427     0.350838230107295
41 3
    -0.028314657732770     0.037331870670322    -0.063132587086525
     0.037331870670327     0.014792473428957     0.036449616149052
     0.112737018435612    -0.065088747941427     0.350838230107295
41 4
    -0.050944904583339     0.000000000000000    -0.000000000000000
    -0.000000000000000     0.012789461814650    -0.010414108618579
     0.000000000000000    -0.002741603171101    -0.264436390861015
41 5
     0.036346039009822     0.000000000000000    -0.000000000000000
    -0.000000000000000    -0.049868223313633    -0.072899232298073
     0.000000000000000     0.130177495882885     0.350838230107292
41 6
    -0.003144129784847    -0.027597790197382    -0.009018882621452
    -0.027597790197382    -0.035011312983842     0.005207054309279
    -0.002374297993262     0.001370801585540    -0.264436390861015
41 7
    -0.003144129784847     0.027597790197382     0.009018882621452
     0.027597790197382    -0.035011312983842     0.005207054309279
     0.002374297993262     0.001370801585540    -0.264436390861015
41 8
    -0.007745909958940     0.000000000000000     0.000000000000000
     0.000000000000000    -0.007745909958940     0.000000000000005
     0.000000000000000     0.000000000000005     0.170711515273309
41 9
    -0.765967061722900     0.000000000000000    -0.000000000000000
    -0.000000000000000    -0.765967061722900    -0.000000000000021
    -0.000000000000000    -0.000000000000021    -1.481437421247013
41 10
    -0.014563480036406    -0.026375705794541     0.028236278999620
    -0.026375705794534     0.015892561644689     0.016302223281349
     0.290017945295718     0.167441938786310     0.199781759563911
41 11
    -0.014563480036406     0.026375705794541    -0.028236278999620
     0.026375705794534     0.015892561644689     0.016302223281349
    -0.290017945295719     0.167441938786310     0.199781759563911
41 12
     0.115858593936735    -0.000000000000000    -0.000000000000000
    -0.000000000000000    -0.031686131902881    -0.023725875186687
    -0.000000000000000    -0.058457831065480    -0.138101228614183
41 13
     0.031120582485229    -0.000000000000000    -0.000000000000000
    -0.000000000000000    -0.029791500876962    -0.032604446562680
     0.000000000000000    -0.334883877572603     0.199781759563927
41 14
     0.005200049557025     0.063888740385757    -0.020547210638689
     0.063888740385756     0.078972412476832     0.011862937593336
    -0.050625966752844     0.029228915532732    -0.138101228614187
41 15
     0.005200049557025    -0.063888740385757     0.020547210638689
    -0.063888740385756     0.078972412476832     0.011862937593336
     0.050625966752844     0.029228915532732    -0.138101228614187
41 16
    -0.013708335936631     0.000000000000000     0.000000000000000
    -0.000000000000000    -0.013708335936631     0.000000000000003
     0.000000000000000     0.000000000000003     0.105642923361415
41 17
    -0.046472275684061     0.000000000000000    -0.000000000000000
     0.000000000000000    -0.046472275684061     0.000000000000004
     0.000000000000000     0.000000000000004     0.084786685231309
41 18
    -0.575816741246521     0.048380276371939    -0.021919166553377
     0.048380276371941    -0.631681472420137    -0.012655036710010
     0.063073341497960     0.036415410692532    -0.835770900958836
41 19
    -0.575816741246521    -0.048380276371939     0.021919166553377
    -0.048380276371941    -0.631681472420137    -0.012655036710010
    -0.063073341497960     0.036415410692532    -0.835770900958836
41 20
     0.046610704331349     0.000000000000000    -0.000000000000000
     0.000000000000000    -0.024256744311779     0.012273921341678
    -0.000000000000000     0.001355672878914     0.170315825133793
41 21
    -0.659613838006944     0.000000000000000    -0.000000000000000
     0.000000000000000    -0.547884375659715     0.025310073419999
    -0.000000000000000    -0.072830821385083    -0.835770900958835
41 22
    -0.006539882150998     0.030686505413170     0.010629527685939
     0.030686505413169     0.028893842170567    -0.006136960670832
     0.001174047152355    -0.000677836439450     0.170315825133794
41 23
    -0.006539882150998    -0.030686505413170    -0.010629527685939
    -0.030686505413169     0.028893842170567    -0.006136960670832
    -0.001174047152355    -0.000677836439450     0.170315825133794
41 24
     0.065815599026747     0.000000000000000    -0.000000000000000
     0.000000000000000     0.065815599026747    -0.000000000000005
    -0.000000000000000    -0.000000000000005    -0.108644869423754
41 25
    -0.008067465979313     0.000000000000000    -0.000000000000000
     0.000000000000000    -0.008067465979313    -0.000000000000000
     0.000000000000000    -0.000000000000000    -0.016206492069047
41 26
     0.036296531105494     0.082664291439995    -0.109254035685434
     0.082664291439993    -0.059155970725015    -0.063077846913030
    -0.155021894047571    -0.089501932258642     0.201245759322187
41 27
     0.036296531105494    -0.082664291439995     0.109254035685434
    -0.082664291439993    -0.059155970725015    -0.063077846913030
     0.155021894047571    -0.089501932258642     0.201245759322187
41 28
    -0.010421860120071     0.000000000000000    -0.000000000000000
     0.000000000000000     0.118036545417342     0.225522613614930
    -0.000000000000000     0.485734710702041     0.082256937262513
41 29
    -0.106882221640263     0.000000000000000     0.000000000000000
     0.000000000000000     0.084022782020756     0.126155693826078
     0.000000000000000     0.179003864517302     0.201245759322174
41 30
     0.085921944032974    -0.055624121262507     0.195308312518395
    -0.055624121262501     0.021692741264267    -0.112761306807464
     0.420658598967857    -0.242867355351020     0.082256937262544
41 31
     0.085921944032974     0.055624121262507    -0.195308312518395
     0.055624121262501     0.021692741264267    -0.112761306807464
    -0.420658598967857    -0.242867355351020     0.082256937262544
41 32
     0.107278915359017     0.000000000000000    -0.000000000000000
     0.000000000000000     0.107278915359017    -0.000000000000004
     0.000000000000000    -0.000000000000004    -0.032083580262281
41 33
     0.036564735393630     0.000000000000000     0.000000000000000
    -0.000000000000000     0.036564735393630    -0.000000000000003
     0.000000000000000    -0.000000000000003    -0.078597919062403
41 34
    -0.000674012098182     0.023543262347666    -0.007677137175107
     0.023543262347666    -0.027859429806236    -0.004432397214649
    -0.009517184436482    -0.005494748996326     0.104811686305280
41 35
    -0.000674012098182    -0.023543262347666     0.007677137175107
    -0.023543262347666    -0.027859429806237    -0.004432397214649
     0.009517184436482    -0.005494748996326     0.104811686305280
41 36
    -0.584668632036659    -0.000000000000000    -0.000000000000000
    -0.000000000000000     0.186141172302847    -0.183151567090097
    -0.000000000000000    -0.385941025050459    -0.557388869631598
41 37
    -0.041452138660264     0.000000000000000    -0.000000000000000
    -0.000000000000000     0.012918696755846     0.008864794429309
     0.000000000000000     0.010989497992662     0.104811686305279
41 38
    -0.006561278782017    -0.333770436022074    -0.158613909842926
    -0.333770436022079    -0.391966180951770     0.091575783545033
    -0.334234732056276     0.192970512525214    -0.557388869631623
41 39
    -0.006561278782017     0.333770436022074     0.158613909842926
     0.333770436022079    -0.391966180951770     0.091575783545033
     0.334234732056276     0.192970512525214    -0.557388869631623
41 40
     0.092632284060848     0.000000000000000     0.000000000000000
    -0.000000000000000     0.092632284060848     0.000000000000012
     0.000000000000000     0.000000000000012     0.507546394173202
41 41
     6.310838387624546    -0.000000000000000     0.000000000000000
    -0.000000000000000     6.310838387624543     0.000000000000578
     0.000000000000000     0.000000000000578    26.386904951588789
41 42
     0.025101289887858     0.029443156688405    -0.067776143123739
     0.029443156688405    -0.008896738991832    -0.039130574477141
    -0.067776143123739    -0.039130574477141    -0.584000494046689
41 43
     0.025101289887858    -0.029443156688405     0.067776143123739
    -0.029443156688405    -0.008896738991832    -0.039130574477141
     0.067776143123739    -0.039130574477141    -0.584000494046689
41 44
    -1.555026429024698     0.000000000000000     0.000000000000000
    -0.000000000000000     0.196202474421910     0.015693710308723
     0.000000000000000     0.015693710308723     0.559461348405960
41 45
    -0.025895753431674     0.000000000000000    -0.000000000000000
     0.000000000000000     0.042100304327707     0.078261148954231
    -0.000000000000000     0.078261148954231    -0.584000494046696
41 46
    -0.241604751439743    -0.758304359113163     0.013591151807001
    -0.758304359113163    -1.117219203163045    -0.007846855154308
     0.013591151807001    -0.007846855154308     0.559461348405963
41 47
    -0.241604751439743     0.758304359113163    -0.013591151807001
     0.758304359113163    -1.117219203163045    -0.007846855154308
    -0.013591151807001    -0.007846855154308     0.559461348405963
41 48
     0.008143137607135     0.000000000000000    -0.000000000000000
     0.000000000000000     0.008143137607135    -0.000000000000007
    -0.000000000000000    -0.000000000000007    -0.239013917613405
41 49
     0.009645231678737     0.000000000000000    -0.000000000000000
     0.000000000000000     0.009645231678737    -0.000000000000000
    -0.000000000000000    -0.000000000000000    -0.004870164049143
41 50
     0.005610477500755    -0.028942682577676     0.013235444675070
    -0.028942682577676     0.039030608655338     0.007641487545997
     0.013235444675070     0.007641487545997     0.078566450784353
41 51
     0.005610477500754     0.028942682577676    -0.013235444675070
     0.028942682577676     0.039030608655338     0.007641487545997
    -0.013235444675070     0.007641487545997     0.078566450784353
41 52
     0.116250369390688     0.000000000000000    -0.000000000000000
     0.000000000000000    -0.261813483752925     0.531429769237728
    -0.000000000000000     0.531429769237728    -0.732452100953030
41 53
     0.055740674232629     0.000000000000000     0.000000000000000
    -0.000000000000000    -0.011099588076538    -0.015282975091989
     0.000000000000000    -0.015282975091989     0.078566450784354
41 54
    -0.167297520467045     0.163706450537525     0.460231680487180
     0.163706450537525     0.021734406104761    -0.265714884618892
     0.460231680487181    -0.265714884618892    -0.732452100952984
41 55
    -0.167297520467045    -0.163706450537525    -0.460231680487180
    -0.163706450537525     0.021734406104761    -0.265714884618892
    -0.460231680487181    -0.265714884618892    -0.732452100952984
41 56
     0.776800904707361     0.000000000000000    -0.000000000000000
     0.000000000000000     0.776800904707361    -0.000000000000099
    -0.000000000000000    -0.000000000000099    -2.666607739735904
42 1
    -0.028314657732770    -0.037331870670322     0.063132587086525
    -0.037331870670327     0.014792473428957     0.036449616149052
    -0.112737018435612    -0.065088747941427     0.350838230107295
42 2
    -2.160007008749870     0.000000000000000    -0.000000000000000
    -0.000000000000000    -2.160007008749870    -0.000000000000471
    -0.000000000000000    -0.000000000000471   -18.533514401625020
42 3
    -0.050944904583339     0.000000000000000     0.000000000000000
     0.000000000000000     0.012789461814649    -0.010414108618579
     0.000000000000000    -0.002741603171101    -0.264436390861015
42 4
    -0.028314657732770     0.037331870670322    -0.063132587086525
     0.037331870670327     0.014792473428957     0.036449616149052
     0.112737018435612    -0.065088747941427     0.350838230107295
42 5
    -0.003144129784847    -0.027597790197382    -0.009018882621452
    -0.027597790197382    -0.035011312983842     0.005207054309279
    -0.002374297993262     0.001370801585540    -0.264436390861015
42 6
     0.036346039009822     0.000000000000000     0.000000000000000
     0.000000000000000    -0.049868223313633    -0.072899232298073
     0.000000000000000     0.130177495882885     0.350838230107292
42 7
    -0.007745909958941     0.000000000000000    -0.000000000000000
    -0.000000000000000    -0.007745909958941     0.000000000000005
    -0.000000000000000     0.000000000000005     0.170711515273309
42 8
    -0.003144129784847     0.027597790197382     0.009018882621452
     0.027597790197382    -0.035011312983842     0.005207054309279
     0.002374297993262     0.001370801585540    -0.264436390861015
42 9
    -0.014563480036406    -0.026375705794541     0.028236278999620
    -0.026375705794534     0.015892561644689     0.016302223281349
     0.290017945295718     0.167441938786310     0.199781759563911
42 10
    -0.765967061722899     0.000000000000000    -0.000000000000000
    -0.000000000000000    -0.765967061722899    -0.000000000000021
    -0.000000000000000    -0.000000000000021    -1.481437421247013
42 11
     0.115858593936735    -0.000000000000000    -0.000000000000000
     0.000000000000000    -0.031686131902881    -0.023725875186687
     0.000000000000000    -0.058457831065480    -0.138101228614183
42 12
    -0.014563480036406     0.026375705794541    -0.028236278999620
     0.026375705794534     0.015892561644689     0.016302223281349
    -0.290017945295718     0.167441938786310     0.199781759563911
42 13
     0.005200049557025     0.063888740385757    -0.020547210638689
     0.063888740385756     0.078972412476832     0.011862937593336
    -0.050625966752844     0.029228915532732    -0.138101228614187
42 14
     0.031120582485229    -0.000000000000000     0.000000000000000
     0.000000000000000    -0.029791500876962    -0.032604446562680
     0.000000000000000    -0.334883877572603     0.199781759563927
42 15
    -0.013708335936631     0.000000000000000     0.000000000000000
    -0.000000000000000    -0.013708335936631     0.000000000000003
    -0.000000000000000     0.000000000000003     0.105642923361415
42 16
     0.005200049557025    -0.063888740385757     0.020547210638689
    -0.063888740385756     0.078972412476833     0.011862937593336
     0.050625966752844     0.029228915532732    -0.138101228614187
42 17
    -0.575816741246521     0.048380276371939    -0.021919166553377
     0.048380276371941    -0.631681472420137    -0.012655036710010
     0.063073341497960     0.036415410692532    -0.835770900958837
42 18
    -0.046472275684062    -0.000000000000000     0.000000000000000
    -0.000000000000000    -0.046472275684062     0.000000000000004
     0.000000000000000     0.000000000000004     0.084786685231309
42 19
     0.046610704331349     0.000000000000000    -0.000000000000000
     0.000000000000000    -0.024256744311780     0.012273921341678
    -0.000000000000000     0.001355672878914     0.170315825133793
42 20
    -0.575816741246521    -0.048380276371939     0.021919166553377
    -0.048380276371941    -0.631681472420137    -0.012655036710010
    -0.063073341497960     0.036415410692532    -0.835770900958836
42 21
    -0.006539882150998     0.030686505413170     0.010629527685939
     0.030686505413169     0.028893842170567    -0.006136960670832
     0.001174047152355    -0.000677836439450     0.170315825133794
42 22
    -0.659613838006944     0.000000000000000    -0.000000000000000
     0.000000000000000    -0.547884375659715     0.025310073419999
    -0.000000000000000    -0.072830821385083    -0.835770900958835
42 23
     0.065815599026746    -0.000000000000000     0.000000000000000
    -0.000000000000000     0.065815599026747    -0.000000000000005
     0.000000000000000    -0.000000000000005    -0.108644869423754
42 24
    -0.006539882150998    -0.030686505413170    -0.010629527685939
    -0.030686505413169     0.028893842170567    -0.006136960670832
    -0.001174047152355    -0.000677836439450     0.170315825133794
42 25
     0.036296531105494     0.082664291439995    -0.109254035685434
     0.082664291439993    -0.059155970725015    -0.063077846913029
    -0.155021894047571    -0.089501932258642     0.201245759322187
42 26
    -0.008067465979313    -0.000000000000000     0.000000000000000
    -0.000000000000000    -0.008067465979313    -0.000000000000000
     0.000000000000000    -0.000000000000000    -0.016206492069047
42 27
    -0.010421860120071     0.000000000000000    -0.000000000000000
     0.000000000000000     0.118036545417342     0.225522613614930
    -0.000000000000000     0.485734710702042     0.082256937262513
42 28
     0.036296531105494    -0.082664291439995     0.109254035685434
    -0.082664291439993    -0.059155970725015    -0.063077846913029
     0.155021894047571    -0.089501932258642     0.201245759322187
42 29
     0.085921944032973    -0.055624121262507     0.195308312518395
    -0.055624121262501     0.021692741264267    -0.112761306807464
     0.420658598967856    -0.242867355351020     0.082256937262544
42 30
    -0.106882221640263     0.000000000000000    -0.000000000000000
     0.000000000000000     0.084022782020756     0.126155693826078
     0.000000000000000     0.179003864517302     0.201245759322174
42 31
     0.107278915359017    -0.000000000000000     0.000000000000000
    -0.000000000000000     0.107278915359017    -0.000000000000004
     0.000000000000000    -0.000000000000004    -0.032083580262281
42 32
     0.085921944032974     0.055624121262507    -0.195308312518395
     0.055624121262501     0.021692741264267    -0.112761306807464
    -0.420658598967857    -0.242867355351020     0.082256937262544
42 33
    -0.000674012098182     0.023543262347666    -0.007677137175107
     0.023543262347666    -0.027859429806236    -0.004432397214649
    -0.009517184436482    -0.005494748996326     0.104811686305280
42 34
     0.036564735393630     0.000000000000000     0.000000000000000
    -0.000000000000000     0.036564735393630    -0.000000000000003
    -0.000000000000000    -0.000000000000003    -0.078597919062403
42 35
    -0.584668632036659    -0.000000000000000    -0.000000000000000
     0.000000000000000     0.186141172302847    -0.183151567090097
     0.000000000000000    -0.385941025050459    -0.557388869631598
42 36
    -0.000674012098182    -0.023543262347666     0.007677137175107
    -0.023543262347666    -0.027859429806237    -0.004432397214649
     0.009517184436482    -0.005494748996326     0.104811686305280
42 37
    -0.006561278782017    -0.333770436022074    -0.158613909842926
    -0.333770436022079    -0.391966180951770     0.091575783545033
    -0.334234732056276     0.192970512525214    -0.557388869631624
42 38
    -0.041452138660264    -0.000000000000000     0.000000000000000
     0.000000000000000     0.012918696755846     0.008864794429309
     0.000000000000000     0.010989497992662     0.104811686305279
42 39
     0.092632284060848     0.000000000000000     0.000000000000000
    -0.000000000000000     0.092632284060848     0.000000000000012
    -0.000000000000000     0.000000000000012     0.507546394173202
42 40
    -0.006561278782017     0.333770436022074     0.158613909842926
     0.333770436022079    -0.391966180951770     0.091575783545033
     0.334234732056276     0.192970512525214    -0.557388869631624
42 41
     0.025101289887858     0.029443156688405    -0.067776143123739
     0.029443156688405    -0.008896738991832    -0.039130574477141
    -0.067776143123739    -0.039130574477141    -0.584000494046689
42 42
     6.310838387624552     0.000000000000000     0.000000000000000
     0.000000000000000     6.310838387624545     0.000000000000578
     0.000000000000000     0.000000000000578    26.386904951588793
42 43
    -1.555026429024698     0.000000000000000     0.000000000000000
    -0.000000000000000     0.196202474421910     0.015693710308723
     0.000000000000000     0.015693710308723     0.559461348405960
42 44
     0.025101289887858    -0.029443156688405     0.067776143123739
    -0.029443156688405    -0.008896738991832    -0.039130574477141
     0.067776143123739    -0.039130574477141    -0.584000494046689
42 45
    -0.241604751439743    -0.758304359113163     0.013591151807001
    -0.758304359113163    -1.117219203163045    -0.007846855154308
     0.013591151807001    -0.007846855154308     0.559461348405963
42 46
    -0.025895753431674     0.000000000000000    -0.000000000000000
    -0.000000000000000     0.042100304327707     0.078261148954231
    -0.000000000000000     0.078261148954231    -0.584000494046696
42 47
     0.008143137607135     0.000000000000000    -0.000000000000000
     0.000000000000000     0.008143137607135    -0.000000000000007
    -0.000000000000000    -0.000000000000007    -0.239013917613405
42 48
    -0.241604751439743     0.758304359113163    -0.013591151807001
     0.758304359113163    -1.117219203163045    -0.007846855154308
    -0.013591151807001    -0.007846855154308     0.559461348405963
42 49
     0.005610477500754    -0.028942682577676     0.013235444675070
    -0.028942682577676     0.039030608655338     0.007641487545997
     0.013235444675070     0.007641487545997     0.078566450784353
42 50
     0.009645231678737     0.000000000000000     0.000000000000000
     0.000000000000000     0.009645231678737    -0.000000000000000
     0.000000000000000    -0.000000000000000    -0.004870164049143
42 51
     0.116250369390687     0.000000000000000    -0.000000000000000
     0.000000000000000    -0.261813483752925     0.531429769237728
    -0.000000000000000     0.531429769237728    -0.732452100953030
42 52
     0.005610477500755     0.028942682577676    -0.013235444675070
     0.028942682577676     0.039030608655338     0.007641487545997
    -0.013235444675070     0.007641487545997     0.078566450784353
42 53
    -0.167297520467045     0.163706450537525     0.460231680487180
     0.163706450537525     0.021734406104761    -0.265714884618892
     0.460231680487180    -0.265714884618892    -0.732452100952984
42 54
     0.055740674232629     0.000000000000000     0.000000000000000
    -0.000000000000000    -0.011099588076538    -0.015282975091989
    -0.000000000000000    -0.015282975091989     0.078566450784354
42 55
     0.776800904707361     0.000000000000000    -0.000000000000000
     0.000000000000000     0.776800904707361    -0.000000000000099
    -0.000000000000000    -0.000000000000099    -2.666607739735903
42 56
    -0.167297520467045    -0.163706450537525    -0.460231680487181
    -0.163706450537525     0.021734406104761    -0.265714884618892
    -0.460231680487180    -0.265714884618892    -0.732452100952984
43 1
    -0.028314657732770     0.037331870670322    -0.063132587086525
     0.037331870670327     0.014792473428957     0.036449616149052
     0.112737018435612    -0.065088747941427     0.350838230107295
43 2
    -0.050944904583339    -0.000000000000000    -0.000000000000000
    -0.000000000000000     0.012789461814649    -0.010414108618579
    -0.000000000000000    -0.002741603171101    -0.264436390861015
43 3
    -2.160007008749870    -0.000000000000000    -0.000000000000000
     0.000000000000000    -2.160007008749870    -0.000000000000471
    -0.000000000000000    -0.000000000000471   -18.533514401625020
43 4
    -0.028314657732770    -0.037331870670322     0.063132587086525
    -0.037331870670327     0.014792473428957     0.036449616149052
    -0.112737018435612    -0.065088747941427     0.350838230107295
43 5
    -0.003144129784847     0.027597790197382     0.009018882621452
     0.027597790197382    -0.035011312983842     0.005207054309279
     0.002374297993262     0.001370801585540    -0.264436390861015
43 6
    -0.007745909958941    -0.000000000000000     0.000000000000000
     0.000000000000000    -0.007745909958941     0.000000000000005
     0.000000000000000     0.000000000000005     0.170711515273309
43 7
     0.036346039009822     0.000000000000000    -0.000000000000000
    -0.000000000000000    -0.049868223313633    -0.072899232298073
     0.000000000000000     0.130177495882885     0.350838230107292
43 8
    -0.003144129784847    -0.027597790197382    -0.009018882621452
    -0.027597790197382    -0.035011312983842     0.005207054309279
    -0.002374297993262     0.001370801585540    -0.264436390861015
43 9
    -0.014563480036406     0.026375705794541    -0.028236278999620
     0.026375705794534     0.015892561644689     0.016302223281349
    -0.290017945295718     0.167441938786310     0.199781759563911
43 10
     0.115858593936734     0.000000000000000    -0.000000000000000
    -0.000000000000000    -0.031686131902881    -0.023725875186687
    -0.000000000000000    -0.058457831065480    -0.138101228614184
43 11
    -0.765967061722899    -0.000000000000000    -0.000000000000000
     0.000000000000000    -0.765967061722899    -0.000000000000021
    -0.000000000000000    -0.000000000000021    -1.481437421247013
43 12
    -0.014563480036406    -0.026375705794541     0.028236278999620
    -0.026375705794534     0.015892561644689     0.016302223281349
     0.290017945295718     0.167441938786310     0.199781759563911
43 13
     0.005200049557025    -0.063888740385757     0.020547210638689
    -0.063888740385756     0.078972412476832     0.011862937593336
     0.050625966752844     0.029228915532732    -0.138101228614187
43 14
    -0.013708335936631    -0.000000000000000    -0.000000000000000
     0.000000000000000    -0.013708335936631     0.000000000000003
     0.000000000000000     0.000000000000003     0.105642923361415
43 15
     0.031120582485229    -0.000000000000000     0.000000000000000
    -0.000000000000000    -0.029791500876962    -0.032604446562680
    -0.000000000000000    -0.334883877572603     0.199781759563927
43 16
     0.005200049557025     0.063888740385757    -0.020547210638689
     0.063888740385756     0.078972412476833     0.011862937593336
    -0.050625966752844     0.029228915532732    -0.138101228614187
43 17
    -0.575816741246521    -0.048380276371939     0.021919166553377
    -0.048380276371941    -0.631681472420137    -0.012655036710010
    -0.063073341497960     0.036415410692532    -0.835770900958836
43 18
     0.046610704331349    -0.000000000000000     0.000000000000000
    -0.000000000000000    -0.024256744311780     0.012273921341678
     0.000000000000000     0.001355672878914     0.170315825133793
43 19
    -0.046472275684062    -0.000000000000000    -0.000000000000000
     0.000000000000000    -0.046472275684062     0.000000000000004
     0.000000000000000     0.000000000000004     0.084786685231309
43 20
    -0.575816741246521     0.048380276371939    -0.021919166553377
     0.048380276371941    -0.631681472420137    -0.012655036710010
     0.063073341497960     0.036415410692532    -0.835770900958836
43 21
    -0.006539882150998    -0.030686505413170    -0.010629527685939
    -0.030686505413169     0.028893842170567    -0.006136960670832
    -0.001174047152355    -0.000677836439450     0.170315825133794
43 22
     0.065815599026746    -0.000000000000000    -0.000000000000000
     0.000000000000000     0.065815599026747    -0.000000000000005
    -0.000000000000000    -0.000000000000005    -0.108644869423754
43 23
    -0.659613838006944    -0.000000000000000     0.000000000000000
    -0.000000000000000    -0.547884375659715     0.025310073419999
     0.000000000000000    -0.072830821385083    -0.835770900958835
43 24
    -0.006539882150998     0.030686505413170     0.010629527685939
     0.030686505413169     0.028893842170567    -0.006136960670832
     0.001174047152355    -0.000677836439450     0.170315825133794
43 25
     0.036296531105494    -0.082664291439995     0.109254035685434
    -0.082664291439993    -0.059155970725015    -0.063077846913029
     0.155021894047571    -0.089501932258642     0.201245759322187
43 26
    -0.010421860120071    -0.000000000000000     0.000000000000000
    -0.000000000000000     0.118036545417342     0.225522613614930
     0.000000000000000     0.485734710702042     0.082256937262513
43 27
    -0.008067465979313     0.000000000000000    -0.000000000000000
     0.000000000000000    -0.008067465979313    -0.000000000000000
    -0.000000000000000    -0.000000000000000    -0.016206492069047
43 28
     0.036296531105494     0.082664291439995    -0.109254035685434
     0.082664291439993    -0.059155970725015    -0.063077846913029
    -0.155021894047571    -0.089501932258642     0.201245759322187
43 29
     0.085921944032973     0.055624121262507    -0.195308312518395
     0.055624121262501     0.021692741264267    -0.112761306807464
    -0.420658598967856    -0.242867355351020     0.082256937262544
43 30
     0.107278915359017     0.000000000000000    -0.000000000000000
     0.000000000000000     0.107278915359017    -0.000000000000004
    -0.000000000000000    -0.000000000000004    -0.032083580262281
43 31
    -0.106882221640263    -0.000000000000000     0.000000000000000
    -0.000000000000000     0.084022782020756     0.126155693826078
     0.000000000000000     0.179003864517302     0.201245759322174
43 32
     0.085921944032974    -0.055624121262507     0.195308312518395
    -0.055624121262501     0.021692741264267    -0.112761306807464
     0.420658598967857    -0.242867355351020     0.082256937262544
43 33
    -0.000674012098182    -0.023543262347666     0.007677137175107
    -0.023543262347666    -0.027859429806236    -0.004432397214649
     0.009517184436482    -0.005494748996326     0.104811686305279
43 34
    -0.584668632036659     0.000000000000000    -0.000000000000000
    -0.000000000000000     0.186141172302847    -0.183151567090097
    -0.000000000000000    -0.385941025050459    -0.557388869631598
43 35
     0.036564735393630    -0.000000000000000    -0.000000000000000
     0.000000000000000     0.036564735393630    -0.000000000000003
     0.000000000000000    -0.000000000000003    -0.078597919062403
43 36
    -0.000674012098182     0.023543262347666    -0.007677137175107
     0.023543262347666    -0.027859429806237    -0.004432397214649
    -0.009517184436482    -0.005494748996326     0.104811686305280
43 37
    -0.006561278782017     0.333770436022074     0.158613909842926
     0.333770436022079    -0.391966180951770     0.091575783545033
     0.334234732056276     0.192970512525214    -0.557388869631624
43 38
     0.092632284060848    -0.000000000000000    -0.000000000000000
     0.000000000000000     0.092632284060848     0.000000000000012
     0.000000000000000     0.000000000000012     0.507546394173202
43 39
    -0.041452138660264     0.000000000000000     0.000000000000000
    -0.000000000000000     0.012918696755846     0.008864794429309
    -0.000000000000000     0.010989497992662     0.104811686305279
43 40
    -0.006561278782017    -0.333770436022074    -0.158613909842926
    -0.333770436022079    -0.391966180951770     0.091575783545033
    -0.334234732056276     0.192970512525214    -0.557388869631624
43 41
     0.025101289887858    -0.029443156688405     0.067776143123739
    -0.029443156688405    -0.008896738991832    -0.039130574477141
     0.067776143123739    -0.039130574477141    -0.584000494046689
43 42
    -1.555026429024698    -0.000000000000000     0.000000000000000
     0.000000000000000     0.196202474421910     0.015693710308723
     0.000000000000000     0.015693710308723     0.559461348405960
43 43
     6.310838387624553    -0.000000000000000     0.000000000000000
    -0.000000000000000     6.310838387624545     0.000000000000578
     0.000000000000000     0.000000000000578    26.386904951588789
43 44
     0.025101289887858     0.029443156688405    -0.067776143123739
     0.029443156688405    -0.008896738991832    -0.039130574477141
    -0.067776143123739    -0.039130574477141    -0.584000494046689
43 45
    -0.241604751439743     0.758304359113163    -0.013591151807001
     0.758304359113163    -1.117219203163045    -0.007846855154308
    -0.013591151807001    -0.007846855154308     0.559461348405963
43 46
     0.008143137607135    -0.000000000000000    -0.000000000000000
    -0.000000000000000     0.008143137607135    -0.000000000000007
    -0.000000000000000    -0.000000000000007    -0.239013917613405
43 47
    -0.025895753431674    -0.000000000000000    -0.000000000000000
     0.000000000000000     0.042100304327707     0.078261148954231
    -0.000000000000000     0.078261148954231    -0.584000494046696
43 48
    -0.241604751439743    -0.758304359113163     0.013591151807001
    -0.758304359113163    -1.117219203163045    -0.007846855154308
     0.013591151807001    -0.007846855154308     0.559461348405963
43 49
     0.005610477500754     0.028942682577676    -0.013235444675070
     0.028942682577676     0.039030608655338     0.007641487545997
    -0.013235444675070     0.007641487545997     0.078566450784353
43 50
     0.116250369390687     0.000000000000000    -0.000000000000000
     0.000000000000000    -0.261813483752925     0.531429769237728
    -0.000000000000000     0.531429769237728    -0.732452100953030
43 51
     0.009645231678737    -0.000000000000000    -0.000000000000000
    -0.000000000000000     0.009645231678737    -0.000000000000000
    -0.000000000000000    -0.000000000000000    -0.004870164049143
43 52
     0.005610477500755    -0.028942682577676     0.013235444675070
    -0.028942682577676     0.039030608655338     0.007641487545997
     0.013235444675070     0.007641487545997     0.078566450784353
43 53
    -0.167297520467045    -0.163706450537525    -0.460231680487180
    -0.163706450537525     0.021734406104761    -0.265714884618892
    -0.460231680487180    -0.265714884618892    -0.732452100952984
43 54
     0.776800904707361    -0.000000000000000    -0.000000000000000
    -0.000000000000000     0.776800904707361    -0.000000000000099
    -0.000000000000000    -0.000000000000099    -2.666607739735903
43 55
     0.055740674232629    -0.000000000000000    -0.000000000000000
     0.000000000000000    -0.011099588076538    -0.015282975091989
     0.000000000000000    -0.015282975091989     0.078566450784354
43 56
    -0.167297520467045     0.163706450537525     0.460231680487181
     0.163706450537525     0.021734406104761    -0.265714884618892
     0.460231680487180    -0.265714884618892    -0.732452100952984
44 1
    -0.050944904583339     0.000000000000000     0.000000000000000
     0.000000000000000     0.012789461814650    -0.010414108618579
     0.000000000000000    -0.002741603171101    -0.264436390861014
44 2
    -0.028314657732770     0.037331870670322    -0.063132587086525
     0.037331870670327     0.014792473428957     0.036449616149052
     0.112737018435612    -0.065088747941427     0.350838230107295
44 3
    -0.028314657732770    -0.037331870670322     0.063132587086525
    -0.037331870670327     0.014792473428957     0.036449616149052
    -0.112737018435612    -0.065088747941427     0.350838230107295
44 4
    -2.160007008749870     0.000000000000000    -0.000000000000000
    -0.000000000000000    -2.160007008749870    -0.000000000000471
    -0.000000000000000    -0.000000000000471   -18.533514401625020
44 5
    -0.007745909958941     0.000000000000000    -0.000000000000000
    -0.000000000000000    -0.007745909958941     0.000000000000005
     0.000000000000000     0.000000000000005     0.170711515273309
44 6
    -0.003144129784847     0.027597790197382     0.009018882621452
     0.027597790197382    -0.035011312983842     0.005207054309279
     0.002374297993262     0.001370801585540    -0.264436390861015
44 7
    -0.003144129784847    -0.027597790197382    -0.009018882621452
    -0.027597790197382    -0.035011312983842     0.005207054309279
    -0.002374297993262     0.001370801585540    -0.264436390861015
44 8
     0.036346039009822     0.000000000000000     0.000000000000000
     0.000000000000000    -0.049868223313632    -0.072899232298073
     0.000000000000000     0.130177495882885     0.350838230107292
44 9
     0.115858593936735    -0.000000000000000     0.000000000000000
    -0.000000000000000    -0.031686131902881    -0.023725875186687
     0.000000000000000    -0.058457831065480    -0.138101228614183
44 10
    -0.014563480036406     0.026375705794541    -0.028236278999620
     0.026375705794534     0.015892561644689     0.016302223281349
    -0.290017945295718     0.167441938786310     0.199781759563911
44 11
    -0.014563480036406    -0.026375705794541     0.028236278999620
    -0.026375705794534     0.015892561644689     0.016302223281349
     0.290017945295718     0.167441938786310     0.199781759563911
44 12
    -0.765967061722899    -0.000000000000000    -0.000000000000000
     0.000000000000000    -0.765967061722900    -0.000000000000021
    -0.000000000000000    -0.000000000000021    -1.481437421247013
44 13
    -0.013708335936631    -0.000000000000000    -0.000000000000000
     0.000000000000000    -0.013708335936631     0.000000000000003
     0.000000000000000     0.000000000000003     0.105642923361415
44 14
     0.005200049557025    -0.063888740385757     0.020547210638689
    -0.063888740385756     0.078972412476832     0.011862937593336
     0.050625966752844     0.029228915532732    -0.138101228614187
44 15
     0.005200049557025     0.063888740385757    -0.020547210638689
     0.063888740385756     0.078972412476832     0.011862937593336
    -0.050625966752844     0.029228915532732    -0.138101228614187
44 16
     0.031120582485229    -0.000000000000000     0.000000000000000
    -0.000000000000000    -0.029791500876962    -0.032604446562680
     0.000000000000000    -0.334883877572603     0.199781759563927
44 17
     0.046610704331349     0.000000000000000     0.000000000000000
     0.000000000000000    -0.024256744311779     0.012273921341678
     0.000000000000000     0.001355672878914     0.170315825133793
44 18
    -0.575816741246520    -0.048380276371939     0.021919166553377
    -0.048380276371941    -0.631681472420137    -0.012655036710010
    -0.063073341497960     0.036415410692532    -0.835770900958836
44 19
    -0.575816741246520     0.048380276371939    -0.021919166553377
     0.048380276371941    -0.631681472420137    -0.012655036710010
     0.063073341497960     0.036415410692532    -0.835770900958836
44 20
    -0.046472275684062     0.000000000000000     0.000000000000000
     0.000000000000000    -0.046472275684062     0.000000000000004
    -0.000000000000000     0.000000000000004     0.084786685231309
44 21
     0.065815599026747     0.000000000000000    -0.000000000000000
     0.000000000000000     0.065815599026746    -0.000000000000005
    -0.000000000000000    -0.000000000000005    -0.108644869423754
44 22
    -0.006539882150998    -0.030686505413170    -0.010629527685939
    -0.030686505413169     0.028893842170567    -0.006136960670832
    -0.001174047152355    -0.000677836439450     0.170315825133794
44 23
    -0.006539882150998     0.030686505413170     0.010629527685939
     0.030686505413169     0.028893842170567    -0.006136960670832
     0.001174047152355    -0.000677836439450     0.170315825133794
44 24
    -0.659613838006944     0.000000000000000    -0.000000000000000
     0.000000000000000    -0.547884375659715     0.025310073419999
    -0.000000000000000    -0.072830821385083    -0.835770900958835
44 25
    -0.010421860120071     0.000000000000000     0.000000000000000
     0.000000000000000     0.118036545417342     0.225522613614930
     0.000000000000000     0.485734710702042     0.082256937262513
44 26
     0.036296531105494    -0.082664291439995     0.109254035685434
    -0.082664291439993    -0.059155970725015    -0.063077846913029
     0.155021894047571    -0.089501932258642     0.201245759322187
44 27
     0.036296531105494     0.082664291439995    -0.109254035685434
     0.082664291439993    -0.059155970725015    -0.063077846913029
    -0.155021894047571    -0.089501932258642     0.201245759322187
44 28
    -0.008067465979313     0.000000000000000    -0.000000000000000
     0.000000000000000    -0.008067465979313    -0.000000000000000
    -0.000000000000000    -0.000000000000000    -0.016206492069047
44 29
     0.107278915359017     0.000000000000000    -0.000000000000000
     0.000000000000000     0.107278915359017    -0.000000000000004
    -0.000000000000000    -0.000000000000004    -0.032083580262281
44 30
     0.085921944032974     0.055624121262507    -0.195308312518395
     0.055624121262501     0.021692741264267    -0.112761306807464
    -0.420658598967857    -0.242867355351020     0.082256937262544
44 31
     0.085921944032974    -0.055624121262507     0.195308312518395
    -0.055624121262501     0.021692741264267    -0.112761306807464
     0.420658598967857    -0.242867355351020     0.082256937262544
44 32
    -0.106882221640263     0.000000000000000     0.000000000000000
     0.000000000000000     0.084022782020756     0.126155693826078
     0.000000000000000     0.179003864517302     0.201245759322174
44 33
    -0.584668632036659    -0.000000000000000     0.000000000000000
    -0.000000000000000     0.186141172302847    -0.183151567090097
     0.000000000000000    -0.385941025050459    -0.557388869631598
44 34
    -0.000674012098181    -0.023543262347666     0.007677137175107
    -0.023543262347666    -0.027859429806237    -0.004432397214649
     0.009517184436482    -0.005494748996326     0.104811686305280
44 35
    -0.000674012098182     0.023543262347666    -0.007677137175107
     0.023543262347666    -0.027859429806237    -0.004432397214649
    -0.009517184436482    -0.005494748996326     0.104811686305280
44 36
     0.036564735393630    -0.000000000000000    -0.000000000000000
     0.000000000000000     0.036564735393630    -0.000000000000003
    -0.000000000000000    -0.000000000000003    -0.078597919062403
44 37
     0.092632284060848    -0.000000000000000     0.000000000000000
     0.000000000000000     0.092632284060848     0.000000000000012
     0.000000000000000     0.000000000000012     0.507546394173202
44 38
    -0.006561278782017     0.333770436022074     0.158613909842926
     0.333770436022079    -0.391966180951770     0.091575783545033
     0.334234732056276     0.192970512525214    -0.557388869631624
44 39
    -0.006561278782017    -0.333770436022074    -0.158613909842926
    -0.333770436022079    -0.391966180951770     0.091575783545033
    -0.334234732056276     0.192970512525214    -0.557388869631624
44 40
    -0.041452138660263     0.000000000000000     0.000000000000000
    -0.000000000000000     0.012918696755846     0.008864794429309
     0.000000000000000     0.010989497992662     0.104811686305279
44 41
    -1.555026429024698    -0.000000000000000     0.000000000000000
     0.000000000000000     0.196202474421910     0.015693710308723
     0.000000000000000     0.015693710308723     0.559461348405960
44 42
     0.025101289887858    -0.029443156688405     0.067776143123739
    -0.029443156688405    -0.008896738991832    -0.039130574477141
     0.067776143123739    -0.039130574477141    -0.584000494046689
44 43
     0.025101289887858     0.029443156688405    -0.067776143123739
     0.029443156688405    -0.008896738991832    -0.039130574477141
    -0.067776143123739    -0.039130574477141    -0.584000494046689
44 44
     6.310838387624541     0.000000000000000     0.000000000000000
     0.000000000000000     6.310838387624551     0.000000000000578
     0.000000000000000     0.000000000000578    26.386904951588793
44 45
     0.008143137607135     0.000000000000000    -0.000000000000000
     0.000000000000000     0.008143137607135    -0.000000000000007
    -0.000000000000000    -0.000000000000007    -0.239013917613405
44 46
    -0.241604751439743     0.758304359113163    -0.013591151807001
     0.758304359113163    -1.117219203163045    -0.007846855154308
    -0.013591151807001    -0.007846855154308     0.559461348405963
44 47
    -0.241604751439743    -0.758304359113163     0.013591151807001
    -0.758304359113163    -1.117219203163045    -0.007846855154308
     0.013591151807001    -0.007846855154308     0.559461348405963
44 48
    -0.025895753431674     0.000000000000000    -0.000000000000000
     0.000000000000000     0.042100304327707     0.078261148954231
    -0.000000000000000     0.078261148954231    -0.584000494046696
44 49
     0.116250369390688     0.000000000000000    -0.000000000000000
     0.000000000000000    -0.261813483752925     0.531429769237728
    -0.000000000000000     0.531429769237728    -0.732452100953030
44 50
     0.005610477500755     0.028942682577676    -0.013235444675070
     0.028942682577676     0.039030608655338     0.007641487545997
    -0.013235444675070     0.007641487545997     0.078566450784353
44 51
     0.005610477500755    -0.028942682577676     0.013235444675070
    -0.028942682577676     0.039030608655338     0.007641487545997
     0.013235444675070     0.007641487545997     0.078566450784353
44 52
     0.009645231678737     0.000000000000000     0.000000000000000
     0.000000000000000     0.009645231678737    -0.000000000000000
     0.000000000000000    -0.000000000000000    -0.004870164049143
44 53
     0.776800904707361     0.000000000000000    -0.000000000000000
     0.000000000000000     0.776800904707361    -0.000000000000099
    -0.000000000000000    -0.000000000000099    -2.666607739735903
44 54
    -0.167297520467045    -0.163706450537525    -0.460231680487180
    -0.163706450537525     0.021734406104761    -0.265714884618892
    -0.460231680487180    -0.265714884618892    -0.732452100952984
44 55
    -0.167297520467045     0.163706450537525     0.460231680487180
     0.163706450537525     0.021734406104761    -0.265714884618892
     0.460231680487180    -0.265714884618892    -0.732452100952984
44 56
     0.055740674232629    -0.000000000000000     0.000000000000000
     0.000000000000000    -0.011099588076538    -0.015282975091989
    -0.000000000000000    -0.015282975091989     0.078566450784354
45 1
     0.036346039009822     0.000000000000000     0.000000000000000
     0.000000000000000    -0.049868223313632    -0.072899232298073
     0.000000000000000     0.130177495882885     0.350838230107292
45 2
    -0.003144129784847    -0.027597790197382    -0.009018882621452
    -0.027597790197382    -0.035011312983842     0.005207054309279
    -0.002374297993262     0.001370801585540    -0.264436390861015
45 3
    -0.003144129784847     0.027597790197382     0.009018882621452
     0.027597790197382    -0.035011312983842     0.005207054309279
     0.002374297993262     0.001370801585540    -0.264436390861015
45 4
    -0.007745909958941     0.000000000000000    -0.000000000000000
    -0.000000000000000    -0.007745909958941     0.000000000000005
     0.000000000000000     0.000000000000005     0.170711515273309
45 5
    -2.160007008749870     0.000000000000000    -0.000000000000000
    -0.000000000000000    -2.160007008749870    -0.000000000000471
    -0.000000000000000    -0.000000000000471   -18.533514401625020
45 6
    -0.028314657732770    -0.037331870670322     0.063132587086525
    -0.037331870670327     0.014792473428957     0.036449616149052
    -0.112737018435612    -0.065088747941427     0.350838230107295
45 7
    -0.028314657732770     0.037331870670322    -0.063132587086525
     0.037331870670327     0.014792473428957     0.036449616149052
     0.112737018435612    -0.065088747941427     0.350838230107295
45 8
    -0.050944904583339     0.000000000000000     0.000000000000000
     0.000000000000000     0.012789461814650    -0.010414108618579
     0.000000000000000    -0.002741603171101    -0.264436390861015
45 9
     0.031120582485229    -0.000000000000000     0.000000000000000
    -0.000000000000000    -0.029791500876962    -0.032604446562680
     0.000000000000000    -0.334883877572603     0.199781759563927
45 10
     0.005200049557025     0.063888740385757    -0.020547210638689
     0.063888740385756     0.078972412476832     0.011862937593336
    -0.050625966752844     0.029228915532732    -0.138101228614187
45 11
     0.005200049557025    -0.063888740385757     0.020547210638689
    -0.063888740385756     0.078972412476832     0.011862937593336
     0.050625966752844     0.029228915532732    -0.138101228614187
45 12
    -0.013708335936631    -0.000000000000000    -0.000000000000000
     0.000000000000000    -0.013708335936631     0.000000000000003
     0.000000000000000     0.000000000000003     0.105642923361415
45 13
    -0.765967061722899    -0.000000000000000    -0.000000000000000
     0.000000000000000    -0.765967061722900    -0.000000000000021
    -0.000000000000000    -0.000000000000021    -1.481437421247013
45 14
    -0.014563480036406    -0.026375705794541     0.028236278999620
    -0.026375705794534     0.015892561644689     0.016302223281349
     0.290017945295718     0.167441938786310     0.199781759563911
45 15
    -0.014563480036406     0.026375705794541    -0.028236278999620
     0.026375705794534     0.015892561644689     0.016302223281349
    -0.290017945295718     0.167441938786310     0.199781759563911
45 16
     0.115858593936735    -0.000000000000000     0.000000000000000
    -0.000000000000000    -0.031686131902881    -0.023725875186687
     0.000000000000000    -0.058457831065480    -0.138101228614183
45 17
    -0.659613838006944     0.000000000000000    -0.000000000000000
     0.000000000000000    -0.547884375659715     0.025310073419999
     0.000000000000000    -0.072830821385083    -0.835770900958835
45 18
    -0.006539882150998     0.030686505413170     0.010629527685939
     0.030686505413169     0.028893842170567    -0.006136960670832
     0.001174047152355    -0.000677836439450     0.170315825133794
45 19
    -0.006539882150998    -0.030686505413170    -0.010629527685939
    -0.030686505413169     0.028893842170567    -0.006136960670832
    -0.001174047152355    -0.000677836439450     0.170315825133794
45 20
     0.065815599026747     0.000000000000000    -0.000000000000000
     0.000000000000000     0.065815599026747    -0.000000000000005
    -0.000000000000000    -0.000000000000005    -0.108644869423754
45 21
    -0.046472275684062     0.000000000000000     0.000000000000000
     0.000000000000000    -0.046472275684062     0.000000000000004
    -0.000000000000000     0.000000000000004     0.084786685231309
45 22
    -0.575816741246520     0.048380276371939    -0.021919166553377
     0.048380276371941    -0.631681472420137    -0.012655036710010
     0.063073341497960     0.036415410692532    -0.835770900958836
45 23
    -0.575816741246520    -0.048380276371939     0.021919166553377
    -0.048380276371941    -0.631681472420137    -0.012655036710010
    -0.063073341497960     0.036415410692532    -0.835770900958836
45 24
     0.046610704331349     0.000000000000000     0.000000000000000
     0.000000000000000    -0.024256744311779     0.012273921341678
     0.000000000000000     0.001355672878914     0.170315825133793
45 25
    -0.106882221640263     0.000000000000000     0.000000000000000
     0.000000000000000     0.084022782020756     0.126155693826078
     0.000000000000000     0.179003864517302     0.201245759322174
45 26
     0.085921944032974    -0.055624121262507     0.195308312518395
    -0.055624121262501     0.021692741264267    -0.112761306807464
     0.420658598967857    -0.242867355351020     0.082256937262544
45 27
     0.085921944032974     0.055624121262507    -0.195308312518395
     0.055624121262501     0.021692741264267    -0.112761306807464
    -0.420658598967857    -0.242867355351020     0.082256937262544
45 28
     0.107278915359017     0.000000000000000    -0.000000000000000
     0.000000000000000     0.107278915359017    -0.000000000000004
    -0.000000000000000    -0.000000000000004    -0.032083580262281
45 29
    -0.008067465979313     0.000000000000000    -0.000000000000000
     0.000000000000000    -0.008067465979313    -0.000000000000000
    -0.000000000000000    -0.000000000000000    -0.016206492069047
45 30
     0.036296531105494     0.082664291439995    -0.109254035685434
     0.082664291439993    -0.059155970725015    -0.063077846913029
    -0.155021894047571    -0.089501932258642     0.201245759322187
45 31
     0.036296531105494    -0.082664291439995     0.109254035685434
    -0.082664291439993    -0.059155970725015    -0.063077846913029
     0.155021894047571    -0.089501932258642     0.201245759322187
45 32
    -0.010421860120071     0.000000000000000    -0.000000000000000
     0.000000000000000     0.118036545417342     0.225522613614930
     0.000000000000000     0.485734710702042     0.082256937262513
45 33
    -0.041452138660263     0.000000000000000     0.000000000000000
    -0.000000000000000     0.012918696755846     0.008864794429309
     0.000000000000000     0.010989497992662     0.104811686305279
45 34
    -0.006561278782017    -0.333770436022074    -0.158613909842926
    -0.333770436022079    -0.391966180951770     0.091575783545033
    -0.334234732056276     0.192970512525214    -0.557388869631624
45 35
    -0.006561278782017     0.333770436022074     0.158613909842926
     0.333770436022079    -0.391966180951770     0.091575783545033
     0.334234732056276     0.192970512525214    -0.557388869631624
45 36
     0.092632284060848    -0.000000000000000     0.000000000000000
     0.000000000000000     0.092632284060848     0.000000000000012
     0.000000000000000     0.000000000000012     0.507546394173202
45 37
     0.036564735393630    -0.000000000000000    -0.000000000000000
     0.000000000000000     0.036564735393630    -0.000000000000003
    -0.000000000000000    -0.000000000000003    -0.078597919062403
45 38
    -0.000674012098182     0.023543262347666    -0.007677137175107
     0.023543262347666    -0.027859429806237    -0.004432397214649
    -0.009517184436482    -0.005494748996326     0.104811686305280
45 39
    -0.000674012098182    -0.023543262347666     0.007677137175107
    -0.023543262347666    -0.027859429806237    -0.004432397214649
     0.009517184436482    -0.005494748996326     0.104811686305280
45 40
    -0.584668632036659    -0.000000000000000     0.000000000000000
    -0.000000000000000     0.186141172302847    -0.183151567090097
     0.000000000000000    -0.385941025050459    -0.557388869631598
45 41
    -0.025895753431674     0.000000000000000    -0.000000000000000
     0.000000000000000     0.042100304327707     0.078261148954231
    -0.000000000000000     0.078261148954231    -0.584000494046696
45 42
    -0.241604751439743    -0.758304359113163     0.013591151807001
    -0.758304359113163    -1.117219203163045    -0.007846855154308
     0.013591151807001    -0.007846855154308     0.559461348405963
45 43
    -0.241604751439743     0.758304359113163    -0.013591151807001
     0.758304359113163    -1.117219203163045    -0.007846855154308
    -0.013591151807001    -0.007846855154308     0.559461348405963
45 44
     0.008143137607135     0.000000000000000    -0.000000000000000
     0.000000000000000     0.008143137607135    -0.000000000000007
    -0.000000000000000    -0.000000000000007    -0.239013917613405
45 45
     6.310838387624543     0.000000000000000     0.000000000000000
     0.000000000000000     6.310838387624549     0.000000000000578
     0.000000000000000     0.000000000000578    26.386904951588793
45 46
     0.025101289887858     0.029443156688405    -0.067776143123739
     0.029443156688405    -0.008896738991832    -0.039130574477141
    -0.067776143123739    -0.039130574477141    -0.584000494046689
45 47
     0.025101289887858    -0.029443156688405     0.067776143123739
    -0.029443156688405    -0.008896738991832    -0.039130574477141
     0.067776143123739    -0.039130574477141    -0.584000494046689
45 48
    -1.555026429024698    -0.000000000000000     0.000000000000000
     0.000000000000000     0.196202474421910     0.015693710308723
     0.000000000000000     0.015693710308723     0.559461348405960
45 49
     0.055740674232629    -0.000000000000000     0.000000000000000
     0.000000000000000    -0.011099588076538    -0.015282975091989
     0.000000000000000    -0.015282975091989     0.078566450784354
45 50
    -0.167297520467045     0.163706450537525     0.460231680487180
     0.163706450537525     0.021734406104761    -0.265714884618892
     0.460231680487180    -0.265714884618892    -0.732452100952984
45 51
    -0.167297520467045    -0.163706450537525    -0.460231680487180
    -0.163706450537525     0.021734406104761    -0.265714884618892
    -0.460231680487180    -0.265714884618892    -0.732452100952984
45 52
     0.776800904707361     0.000000000000000    -0.000000000000000
     0.000000000000000     0.776800904707361    -0.000000000000099
    -0.000000000000000    -0.000000000000099    -2.666607739735903
45 53
     0.009645231678737     0.000000000000000     0.000000000000000
     0.000000000000000     0.009645231678737    -0.000000000000000
     0.000000000000000    -0.000000000000000    -0.004870164049143
45 54
     0.005610477500754    -0.028942682577676     0.013235444675070
    -0.028942682577676     0.039030608655338     0.007641487545997
     0.013235444675070     0.007641487545997     0.078566450784353
45 55
     0.005610477500755     0.028942682577676    -0.013235444675070
     0.028942682577676     0.039030608655338     0.007641487545997
    -0.013235444675070     0.007641487545997     0.078566450784353
45 56
     0.116250369390688     0.000000000000000    -0.000000000000000
     0.000000000000000    -0.261813483752925     0.531429769237728
    -0.000000000000000     0.531429769237728    -0.732452100953030
46 1
    -0.003144129784847    -0.027597790197382    -0.009018882621452
    -0.027597790197382    -0.035011312983842     0.005207054309279
    -0.002374297993262     0.001370801585540    -0.264436390861015
46 2
     0.036346039009822    -0.000000000000000    -0.000000000000000
    -0.000000000000000    -0.049868223313633    -0.072899232298073
     0.000000000000000     0.130177495882885     0.350838230107292
46 3
    -0.007745909958941    -0.000000000000000     0.000000000000000
     0.000000000000000    -0.007745909958941     0.000000000000005
     0.000000000000000     0.000000000000005     0.170711515273309
46 4
    -0.003144129784847     0.027597790197382     0.009018882621452
     0.027597790197382    -0.035011312983842     0.005207054309279
     0.002374297993262     0.001370801585540    -0.264436390861015
46 5
    -0.028314657732770    -0.037331870670322     0.063132587086525
    -0.037331870670327     0.014792473428957     0.036449616149052
    -0.112737018435612    -0.065088747941427     0.350838230107295
46 6
    -2.160007008749870    -0.000000000000000    -0.000000000000000
     0.000000000000000    -2.160007008749870    -0.000000000000471
    -0.000000000000000    -0.000000000000471   -18.533514401625020
46 7
    -0.050944904583339    -0.000000000000000    -0.000000000000000
    -0.000000000000000     0.012789461814649    -0.010414108618579
    -0.000000000000000    -0.002741603171101    -0.264436390861015
46 8
    -0.028314657732770     0.037331870670322    -0.063132587086525
     0.037331870670327     0.014792473428957     0.036449616149052
     0.112737018435612    -0.065088747941427     0.350838230107295
46 9
     0.005200049557025     0.063888740385757    -0.020547210638689
     0.063888740385756     0.078972412476833     0.011862937593336
    -0.050625966752844     0.029228915532732    -0.138101228614187
46 10
     0.031120582485229    -0.000000000000000     0.000000000000000
    -0.000000000000000    -0.029791500876962    -0.032604446562680
    -0.000000000000000    -0.334883877572603     0.199781759563927
46 11
    -0.013708335936631    -0.000000000000000    -0.000000000000000
     0.000000000000000    -0.013708335936631     0.000000000000003
     0.000000000000000     0.000000000000003     0.105642923361415
46 12
     0.005200049557025    -0.063888740385757     0.020547210638689
    -0.063888740385756     0.078972412476832     0.011862937593336
     0.050625966752844     0.029228915532732    -0.138101228614187
46 13
    -0.014563480036406    -0.026375705794541     0.028236278999620
    -0.026375705794534     0.015892561644689     0.016302223281349
     0.290017945295718     0.167441938786310     0.199781759563911
46 14
    -0.765967061722899    -0.000000000000000    -0.000000000000000
     0.000000000000000    -0.765967061722899    -0.000000000000021
    -0.000000000000000    -0.000000000000021    -1.481437421247013
46 15
     0.115858593936734    -0.000000000000000    -0.000000000000000
    -0.000000000000000    -0.031686131902881    -0.023725875186687
    -0.000000000000000    -0.058457831065480    -0.138101228614183
46 16
    -0.014563480036406     0.026375705794541    -0.028236278999620
     0.026375705794534     0.015892561644689     0.016302223281349
    -0.290017945295718     0.167441938786310     0.199781759563911
46 17
    -0.006539882150998     0.030686505413170     0.010629527685939
     0.030686505413169     0.028893842170567    -0.006136960670832
     0.001174047152355    -0.000677836439450     0.170315825133794
46 18
    -0.659613838006944    -0.000000000000000     0.000000000000000
    -0.000000000000000    -0.547884375659715     0.025310073419999
     0.000000000000000    -0.072830821385083    -0.835770900958835
46 19
     0.065815599026746    -0.000000000000000    -0.000000000000000
     0.000000000000000     0.065815599026747    -0.000000000000005
    -0.000000000000000    -0.000000000000005    -0.108644869423754
46 20
    -0.006539882150998    -0.030686505413170    -0.010629527685939
    -0.030686505413169     0.028893842170567    -0.006136960670832
    -0.001174047152355    -0.000677836439450     0.170315825133794
46 21
    -0.575816741246521     0.048380276371939    -0.021919166553377
     0.048380276371941    -0.631681472420137    -0.012655036710010
     0.063073341497960     0.036415410692532    -0.835770900958836
46 22
    -0.046472275684062    -0.000000000000000    -0.000000000000000
     0.000000000000000    -0.046472275684062     0.000000000000004
     0.000000000000000     0.000000000000004     0.084786685231309
46 23
     0.046610704331349    -0.000000000000000     0.000000000000000
    -0.000000000000000    -0.024256744311780     0.012273921341678
     0.000000000000000     0.001355672878914     0.170315825133793
46 24
    -0.575816741246521    -0.048380276371939     0.021919166553377
    -0.048380276371941    -0.631681472420137    -0.012655036710010
    -0.063073341497960     0.036415410692532    -0.835770900958836
46 25
     0.085921944032974    -0.055624121262507     0.195308312518395
    -0.055624121262501     0.021692741264267    -0.112761306807464
     0.420658598967857    -0.242867355351020     0.082256937262544
46 26
    -0.106882221640263    -0.000000000000000     0.000000000000000
    -0.000000000000000     0.084022782020756     0.126155693826078
     0.000000000000000     0.179003864517302     0.201245759322174
46 27
     0.107278915359017    -0.000000000000000    -0.000000000000000
     0.000000000000000     0.107278915359017    -0.000000000000004
    -0.000000000000000    -0.000000000000004    -0.032083580262281
46 28
     0.085921944032973     0.055624121262507    -0.195308312518395
     0.055624121262501     0.021692741264267    -0.112761306807464
    -0.420658598967856    -0.242867355351020     0.082256937262544
46 29
     0.036296531105494     0.082664291439995    -0.109254035685434
     0.082664291439993    -0.059155970725015    -0.063077846913029
    -0.155021894047571    -0.089501932258642     0.201245759322187
46 30
    -0.008067465979313    -0.000000000000000    -0.000000000000000
     0.000000000000000    -0.008067465979313    -0.000000000000000
    -0.000000000000000    -0.000000000000000    -0.016206492069047
46 31
    -0.010421860120071    -0.000000000000000     0.000000000000000
    -0.000000000000000     0.118036545417342     0.225522613614930
     0.000000000000000     0.485734710702042     0.082256937262513
46 32
     0.036296531105494    -0.082664291439995     0.109254035685434
    -0.082664291439993    -0.059155970725015    -0.063077846913029
     0.155021894047571    -0.089501932258642     0.201245759322187
46 33
    -0.006561278782017    -0.333770436022074    -0.158613909842926
    -0.333770436022079    -0.391966180951770     0.091575783545033
    -0.334234732056276     0.192970512525214    -0.557388869631624
46 34
    -0.041452138660264     0.000000000000000     0.000000000000000
    -0.000000000000000     0.012918696755846     0.008864794429309
    -0.000000000000000     0.010989497992662     0.104811686305279
46 35
     0.092632284060848    -0.000000000000000    -0.000000000000000
     0.000000000000000     0.092632284060848     0.000000000000012
     0.000000000000000     0.000000000000012     0.507546394173202
46 36
    -0.006561278782017     0.333770436022074     0.158613909842926
     0.333770436022079    -0.391966180951770     0.091575783545033
     0.334234732056276     0.192970512525214    -0.557388869631624
46 37
    -0.000674012098182     0.023543262347666    -0.007677137175107
     0.023543262347666    -0.027859429806237    -0.004432397214649
    -0.009517184436482    -0.005494748996326     0.104811686305280
46 38
     0.036564735393630    -0.000000000000000    -0.000000000000000
     0.000000000000000     0.036564735393630    -0.000000000000003
     0.000000000000000    -0.000000000000003    -0.078597919062403
46 39
    -0.584668632036659    -0.000000000000000    -0.000000000000000
    -0.000000000000000     0.186141172302847    -0.183151567090097
    -0.000000000000000    -0.385941025050459    -0.557388869631598
46 40
    -0.000674012098182    -0.023543262347666     0.007677137175107
    -0.023543262347666    -0.027859429806236    -0.004432397214649
     0.009517184436482    -0.005494748996326     0.104811686305280
46 41
    -0.241604751439743    -0.758304359113163     0.013591151807001
    -0.758304359113163    -1.117219203163045    -0.007846855154308
     0.013591151807001    -0.007846855154308     0.559461348405963
46 42
    -0.025895753431674    -0.000000000000000    -0.000000000000000
     0.000000000000000     0.042100304327707     0.078261148954231
    -0.000000000000000     0.078261148954231    -0.584000494046696
46 43
     0.008143137607135    -0.000000000000000    -0.000000000000000
    -0.000000000000000     0.008143137607135    -0.000000000000007
    -0.000000000000000    -0.000000000000007    -0.239013917613405
46 44
    -0.241604751439743     0.758304359113163    -0.013591151807001
     0.758304359113163    -1.117219203163045    -0.007846855154308
    -0.013591151807001    -0.007846855154308     0.559461348405963
46 45
     0.025101289887858     0.029443156688405    -0.067776143123739
     0.029443156688405    -0.008896738991832    -0.039130574477141
    -0.067776143123739    -0.039130574477141    -0.584000494046689
46 46
     6.310838387624553    -0.000000000000000     0.000000000000000
    -0.000000000000000     6.310838387624544     0.000000000000578
     0.000000000000000     0.000000000000578    26.386904951588793
46 47
    -1.555026429024698    -0.000000000000000     0.000000000000000
     0.000000000000000     0.196202474421910     0.015693710308723
     0.000000000000000     0.015693710308723     0.559461348405960
46 48
     0.025101289887858    -0.029443156688405     0.067776143123739
    -0.029443156688405    -0.008896738991832    -0.039130574477141
     0.067776143123739    -0.039130574477141    -0.584000494046689
46 49
    -0.167297520467045     0.163706450537525     0.460231680487181
     0.163706450537525     0.021734406104761    -0.265714884618892
     0.460231680487180    -0.265714884618892    -0.732452100952984
46 50
     0.055740674232629    -0.000000000000000    -0.000000000000000
     0.000000000000000    -0.011099588076538    -0.015282975091989
     0.000000000000000    -0.015282975091989     0.078566450784354
46 51
     0.776800904707361    -0.000000000000000    -0.000000000000000
    -0.000000000000000     0.776800904707361    -0.000000000000099
    -0.000000000000000    -0.000000000000099    -2.666607739735903
46 52
    -0.167297520467045    -0.163706450537525    -0.460231680487180
    -0.163706450537525     0.021734406104761    -0.265714884618892
    -0.460231680487180    -0.265714884618892    -0.732452100952984
46 53
     0.005610477500754    -0.028942682577676     0.013235444675070
    -0.028942682577676     0.039030608655338     0.007641487545997
     0.013235444675070     0.007641487545997     0.078566450784353
46 54
     0.009645231678737    -0.000000000000000    -0.000000000000000
    -0.000000000000000     0.009645231678737    -0.000000000000000
    -0.000000000000000    -0.000000000000000    -0.004870164049143
46 55
     0.116250369390687     0.000000000000000    -0.000000000000000
     0.000000000000000    -0.261813483752925     0.531429769237728
    -0.000000000000000     0.531429769237728    -0.732452100953030
46 56
     0.005610477500754     0.028942682577676    -0.013235444675070
     0.028942682577676     0.039030608655338     0.007641487545997
    -0.013235444675070     0.007641487545997     0.078566450784353
47 1
    -0.003144129784847     0.027597790197382     0.009018882621452
     0.027597790197382    -0.035011312983842     0.005207054309279
     0.002374297993262     0.001370801585540    -0.264436390861015
47 2
    -0.007745909958941     0.000000000000000    -0.000000000000000
     0.000000000000000    -0.007745909958941     0.000000000000005
    -0.000000000000000     0.000000000000005     0.170711515273309
47 3
     0.036346039009822     0.000000000000000     0.000000000000000
     0.000000000000000    -0.049868223313633    -0.072899232298073
     0.000000000000000     0.130177495882885     0.350838230107292
47 4
    -0.003144129784847    -0.027597790197382    -0.009018882621452
    -0.027597790197382    -0.035011312983842     0.005207054309279
    -0.002374297993262     0.001370801585540    -0.264436390861015
47 5
    -0.028314657732770     0.037331870670322    -0.063132587086525
     0.037331870670327     0.014792473428957     0.036449616149052
     0.112737018435612    -0.065088747941427     0.350838230107295
47 6
    -0.050944904583339     0.000000000000000     0.000000000000000
     0.000000000000000     0.012789461814649    -0.010414108618579
    -0.000000000000000    -0.002741603171101    -0.264436390861014
47 7
    -2.160007008749870     0.000000000000000    -0.000000000000000
     0.000000000000000    -2.160007008749870    -0.000000000000471
    -0.000000000000000    -0.000000000000471   -18.533514401625020
47 8
    -0.028314657732770    -0.037331870670322     0.063132587086525
    -0.037331870670327     0.014792473428957     0.036449616149052
    -0.112737018435612    -0.065088747941427     0.350838230107295
47 9
     0.005200049557025    -0.063888740385757     0.020547210638689
    -0.063888740385756     0.078972412476832     0.011862937593336
     0.050625966752844     0.029228915532732    -0.138101228614187
47 10
    -0.013708335936631     0.000000000000000     0.000000000000000
    -0.000000000000000    -0.013708335936631     0.000000000000003
    -0.000000000000000     0.000000000000003     0.105642923361415
47 11
     0.031120582485229    -0.000000000000000     0.000000000000000
     0.000000000000000    -0.029791500876962    -0.032604446562680
     0.000000000000000    -0.334883877572603     0.199781759563927
47 12
     0.005200049557025     0.063888740385757    -0.020547210638689
     0.063888740385756     0.078972412476832     0.011862937593336
    -0.050625966752844     0.029228915532732    -0.138101228614187
47 13
    -0.014563480036406     0.026375705794541    -0.028236278999620
     0.026375705794534     0.015892561644689     0.016302223281349
    -0.290017945295718     0.167441938786310     0.199781759563911
47 14
     0.115858593936734    -0.000000000000000    -0.000000000000000
     0.000000000000000    -0.031686131902881    -0.023725875186687
     0.000000000000000    -0.058457831065480    -0.138101228614183
47 15
    -0.765967061722899     0.000000000000000    -0.000000000000000
    -0.000000000000000    -0.765967061722899    -0.000000000000021
    -0.000000000000000    -0.000000000000021    -1.481437421247013
47 16
    -0.014563480036406    -0.026375705794541     0.028236278999620
    -0.026375705794534     0.015892561644689     0.016302223281349
     0.290017945295718     0.167441938786310     0.199781759563911
47 17
    -0.006539882150998    -0.030686505413170    -0.010629527685939
    -0.030686505413169     0.028893842170567    -0.006136960670832
    -0.001174047152355    -0.000677836439450     0.170315825133794
47 18
     0.065815599026746    -0.000000000000000     0.000000000000000
    -0.000000000000000     0.065815599026747    -0.000000000000005
     0.000000000000000    -0.000000000000005    -0.108644869423754
47 19
    -0.659613838006944     0.000000000000000    -0.000000000000000
     0.000000000000000    -0.547884375659715     0.025310073419999
    -0.000000000000000    -0.072830821385083    -0.835770900958835
47 20
    -0.006539882150998     0.030686505413170     0.010629527685939
     0.030686505413169     0.028893842170567    -0.006136960670832
     0.001174047152355    -0.000677836439450     0.170315825133794
47 21
    -0.575816741246521    -0.048380276371939     0.021919166553377
    -0.048380276371941    -0.631681472420137    -0.012655036710010
    -0.063073341497960     0.036415410692532    -0.835770900958836
47 22
     0.046610704331349     0.000000000000000    -0.000000000000000
     0.000000000000000    -0.024256744311780     0.012273921341678
    -0.000000000000000     0.001355672878914     0.170315825133793
47 23
    -0.046472275684062    -0.000000000000000     0.000000000000000
    -0.000000000000000    -0.046472275684062     0.000000000000004
     0.000000000000000     0.000000000000004     0.084786685231309
47 24
    -0.575816741246521     0.048380276371939    -0.021919166553377
     0.048380276371941    -0.631681472420137    -0.012655036710010
     0.063073341497960     0.036415410692532    -0.835770900958837
47 25
     0.085921944032974     0.055624121262507    -0.195308312518395
     0.055624121262501     0.021692741264267    -0.112761306807464
    -0.420658598967857    -0.242867355351020     0.082256937262544
47 26
     0.107278915359017    -0.000000000000000     0.000000000000000
    -0.000000000000000     0.107278915359017    -0.000000000000004
     0.000000000000000    -0.000000000000004    -0.032083580262281
47 27
    -0.106882221640263     0.000000000000000    -0.000000000000000
     0.000000000000000     0.084022782020756     0.126155693826078
     0.000000000000000     0.179003864517302     0.201245759322174
47 28
     0.085921944032973    -0.055624121262507     0.195308312518395
    -0.055624121262501     0.021692741264267    -0.112761306807464
     0.420658598967856    -0.242867355351020     0.082256937262544
47 29
     0.036296531105494    -0.082664291439995     0.109254035685434
    -0.082664291439993    -0.059155970725015    -0.063077846913029
     0.155021894047571    -0.089501932258642     0.201245759322187
47 30
    -0.010421860120071     0.000000000000000    -0.000000000000000
     0.000000000000000     0.118036545417342     0.225522613614930
    -0.000000000000000     0.485734710702042     0.082256937262513
47 31
    -0.008067465979313    -0.000000000000000     0.000000000000000
    -0.000000000000000    -0.008067465979313    -0.000000000000000
     0.000000000000000    -0.000000000000000    -0.016206492069047
47 32
     0.036296531105494     0.082664291439995    -0.109254035685434
     0.082664291439993    -0.059155970725015    -0.063077846913029
    -0.155021894047571    -0.089501932258642     0.201245759322187
47 33
    -0.006561278782017     0.333770436022074     0.158613909842926
     0.333770436022079    -0.391966180951770     0.091575783545033
     0.334234732056276     0.192970512525214    -0.557388869631624
47 34
     0.092632284060848     0.000000000000000     0.000000000000000
    -0.000000000000000     0.092632284060848     0.000000000000012
    -0.000000000000000     0.000000000000012     0.507546394173202
47 35
    -0.041452138660264    -0.000000000000000     0.000000000000000
     0.000000000000000     0.012918696755846     0.008864794429309
     0.000000000000000     0.010989497992662     0.104811686305279
47 36
    -0.006561278782017    -0.333770436022074    -0.158613909842926
    -0.333770436022079    -0.391966180951770     0.091575783545033
    -0.334234732056276     0.192970512525214    -0.557388869631624
47 37
    -0.000674012098182    -0.023543262347666     0.007677137175107
    -0.023543262347666    -0.027859429806237    -0.004432397214649
     0.009517184436482    -0.005494748996326     0.104811686305280
47 38
    -0.584668632036659    -0.000000000000000    -0.000000000000000
     0.000000000000000     0.186141172302847    -0.183151567090097
     0.000000000000000    -0.385941025050459    -0.557388869631598
47 39
     0.036564735393630     0.000000000000000     0.000000000000000
    -0.000000000000000     0.036564735393630    -0.000000000000003
    -0.000000000000000    -0.000000000000003    -0.078597919062403
47 40
    -0.000674012098182     0.023543262347666    -0.007677137175107
     0.023543262347666    -0.027859429806236    -0.004432397214649
    -0.009517184436482    -0.005494748996326     0.104811686305280
47 41
    -0.241604751439743     0.758304359113163    -0.013591151807001
     0.758304359113163    -1.117219203163045    -0.007846855154308
    -0.013591151807001    -0.007846855154308     0.559461348405963
47 42
     0.008143137607135     0.000000000000000    -0.000000000000000
     0.000000000000000     0.008143137607135    -0.000000000000007
    -0.000000000000000    -0.000000000000007    -0.239013917613405
47 43
    -0.025895753431674     0.000000000000000    -0.000000000000000
    -0.000000000000000     0.042100304327707     0.078261148954231
    -0.000000000000000     0.078261148954231    -0.584000494046696
47 44
    -0.241604751439743    -0.758304359113163     0.013591151807001
    -0.758304359113163    -1.117219203163045    -0.007846855154308
     0.013591151807001    -0.007846855154308     0.559461348405963
47 45
     0.025101289887858    -0.029443156688405     0.067776143123739
    -0.029443156688405    -0.008896738991832    -0.039130574477141
     0.067776143123739    -0.039130574477141    -0.584000494046689
47 46
    -1.555026429024698     0.000000000000000     0.000000000000000
    -0.000000000000000     0.196202474421910     0.015693710308723
     0.000000000000000     0.015693710308723     0.559461348405960
47 47
     6.310838387624552    -0.000000000000000     0.000000000000000
    -0.000000000000000     6.310838387624546     0.000000000000578
     0.000000000000000     0.000000000000578    26.386904951588793
47 48
     0.025101289887858     0.029443156688405    -0.067776143123739
     0.029443156688405    -0.008896738991832    -0.039130574477141
    -0.067776143123739    -0.039130574477141    -0.584000494046689
47 49
    -0.167297520467045    -0.163706450537525    -0.460231680487181
    -0.163706450537525     0.021734406104761    -0.265714884618892
    -0.460231680487180    -0.265714884618892    -0.732452100952984
47 50
     0.776800904707361     0.000000000000000    -0.000000000000000
     0.000000000000000     0.776800904707361    -0.000000000000099
    -0.000000000000000    -0.000000000000099    -2.666607739735903
47 51
     0.055740674232629     0.000000000000000     0.000000000000000
    -0.000000000000000    -0.011099588076538    -0.015282975091989
    -0.000000000000000    -0.015282975091989     0.078566450784354
47 52
    -0.167297520467045     0.163706450537525     0.460231680487180
     0.163706450537525     0.021734406104761    -0.265714884618892
     0.460231680487180    -0.265714884618892    -0.732452100952984
47 53
     0.005610477500754     0.028942682577676    -0.013235444675070
     0.028942682577676     0.039030608655338     0.007641487545997
    -0.013235444675070     0.007641487545997     0.078566450784353
47 54
     0.116250369390687     0.000000000000000    -0.000000000000000
     0.000000000000000    -0.261813483752925     0.531429769237728
    -0.000000000000000     0.531429769237728    -0.732452100953030
47 55
     0.009645231678737     0.000000000000000     0.000000000000000
     0.000000000000000     0.009645231678737    -0.000000000000000
     0.000000000000000    -0.000000000000000    -0.004870164049143
47 56
     0.005610477500754    -0.028942682577676     0.013235444675070
    -0.028942682577676     0.039030608655338     0.007641487545997
     0.013235444675070     0.007641487545997     0.078566450784353
48 1
    -0.007745909958940     0.000000000000000     0.000000000000000
     0.000000000000000    -0.007745909958940     0.000000000000005
     0.000000000000000     0.000000000000005     0.170711515273309
48 2
    -0.003144129784847     0.027597790197382     0.009018882621452
     0.027597790197382    -0.035011312983842     0.005207054309279
     0.002374297993262     0.001370801585540    -0.264436390861015
48 3
    -0.003144129784847    -0.027597790197382    -0.009018882621452
    -0.027597790197382    -0.035011312983842     0.005207054309279
    -0.002374297993262     0.001370801585540    -0.264436390861015
48 4
     0.036346039009822     0.000000000000000    -0.000000000000000
    -0.000000000000000    -0.049868223313632    -0.072899232298073
     0.000000000000000     0.130177495882885     0.350838230107292
48 5
    -0.050944904583339     0.000000000000000    -0.000000000000000
    -0.000000000000000     0.012789461814649    -0.010414108618579
     0.000000000000000    -0.002741603171101    -0.264436390861015
48 6
    -0.028314657732770     0.037331870670322    -0.063132587086525
     0.037331870670327     0.014792473428957     0.036449616149052
     0.112737018435612    -0.065088747941427     0.350838230107295
48 7
    -0.028314657732770    -0.037331870670322     0.063132587086525
    -0.037331870670327     0.014792473428957     0.036449616149052
    -0.112737018435612    -0.065088747941427     0.350838230107295
48 8
    -2.160007008749871     0.000000000000000    -0.000000000000000
     0.000000000000000    -2.160007008749871    -0.000000000000471
    -0.000000000000000    -0.000000000000471   -18.533514401625020
48 9
    -0.013708335936631     0.000000000000000     0.000000000000000
    -0.000000000000000    -0.013708335936631     0.000000000000003
     0.000000000000000     0.000000000000003     0.105642923361415
48 10
     0.005200049557025    -0.063888740385757     0.020547210638689
    -0.063888740385756     0.078972412476832     0.011862937593336
     0.050625966752844     0.029228915532732    -0.138101228614187
48 11
     0.005200049557025     0.063888740385757    -0.020547210638689
     0.063888740385756     0.078972412476832     0.011862937593336
    -0.050625966752844     0.029228915532732    -0.138101228614187
48 12
     0.031120582485229    -0.000000000000000    -0.000000000000000
    -0.000000000000000    -0.029791500876962    -0.032604446562680
     0.000000000000000    -0.334883877572603     0.199781759563927
48 13
     0.115858593936735    -0.000000000000000    -0.000000000000000
    -0.000000000000000    -0.031686131902881    -0.023725875186687
    -0.000000000000000    -0.058457831065480    -0.138101228614184
48 14
    -0.014563480036406     0.026375705794541    -0.028236278999620
     0.026375705794534     0.015892561644689     0.016302223281349
    -0.290017945295719     0.167441938786310     0.199781759563911
48 15
    -0.014563480036406    -0.026375705794541     0.028236278999620
    -0.026375705794534     0.015892561644689     0.016302223281349
     0.290017945295718     0.167441938786310     0.199781759563911
48 16
    -0.765967061722900     0.000000000000000    -0.000000000000000
    -0.000000000000000    -0.765967061722900    -0.000000000000021
    -0.000000000000000    -0.000000000000021    -1.481437421247013
48 17
     0.065815599026747     0.000000000000000    -0.000000000000000
     0.000000000000000     0.065815599026747    -0.000000000000005
     0.000000000000000    -0.000000000000005    -0.108644869423754
48 18
    -0.006539882150998    -0.030686505413170    -0.010629527685939
    -0.030686505413169     0.028893842170567    -0.006136960670832
    -0.001174047152355    -0.000677836439450     0.170315825133794
48 19
    -0.006539882150998     0.030686505413170     0.010629527685939
     0.030686505413169     0.028893842170567    -0.006136960670832
     0.001174047152355    -0.000677836439450     0.170315825133794
48 20
    -0.659613838006944     0.000000000000000    -0.000000000000000
     0.000000000000000    -0.547884375659715     0.025310073419999
    -0.000000000000000    -0.072830821385083    -0.835770900958835
48 21
     0.046610704331349     0.000000000000000    -0.000000000000000
     0.000000000000000    -0.024256744311780     0.012273921341678
    -0.000000000000000     0.001355672878914     0.170315825133793
48 22
    -0.575816741246521    -0.048380276371939     0.021919166553377
    -0.048380276371941    -0.631681472420137    -0.012655036710010
    -0.063073341497960     0.036415410692532    -0.835770900958836
48 23
    -0.575816741246521     0.048380276371939    -0.021919166553377
     0.048380276371941    -0.631681472420137    -0.012655036710010
     0.063073341497960     0.036415410692532    -0.835770900958836
48 24
    -0.046472275684061     0.000000000000000     0.000000000000000
     0.000000000000000    -0.046472275684061     0.000000000000004
     0.000000000000000     0.000000000000004     0.084786685231309
48 25
     0.107278915359017     0.000000000000000    -0.000000000000000
     0.000000000000000     0.107278915359017    -0.000000000000004
     0.000000000000000    -0.000000000000004    -0.032083580262281
48 26
     0.085921944032974     0.055624121262507    -0.195308312518395
     0.055624121262501     0.021692741264267    -0.112761306807464
    -0.420658598967857    -0.242867355351020     0.082256937262544
48 27
     0.085921944032974    -0.055624121262507     0.195308312518395
    -0.055624121262501     0.021692741264267    -0.112761306807464
     0.420658598967857    -0.242867355351020     0.082256937262544
48 28
    -0.106882221640263     0.000000000000000     0.000000000000000
     0.000000000000000     0.084022782020756     0.126155693826078
     0.000000000000000     0.179003864517302     0.201245759322174
48 29
    -0.010421860120071     0.000000000000000    -0.000000000000000
     0.000000000000000     0.118036545417342     0.225522613614930
    -0.000000000000000     0.485734710702041     0.082256937262513
48 30
     0.036296531105494    -0.082664291439995     0.109254035685434
    -0.082664291439993    -0.059155970725015    -0.063077846913030
     0.155021894047571    -0.089501932258642     0.201245759322187
48 31
     0.036296531105494     0.082664291439995    -0.109254035685434
     0.082664291439993    -0.059155970725015    -0.063077846913030
    -0.155021894047571    -0.089501932258642     0.201245759322187
48 32
    -0.008067465979313     0.000000000000000    -0.000000000000000
     0.000000000000000    -0.008067465979313    -0.000000000000000
     0.000000000000000    -0.000000000000000    -0.016206492069047
48 33
     0.092632284060848     0.000000000000000     0.000000000000000
    -0.000000000000000     0.092632284060848     0.000000000000012
     0.000000000000000     0.000000000000012     0.507546394173202
48 34
    -0.006561278782017     0.333770436022074     0.158613909842926
     0.333770436022079    -0.391966180951770     0.091575783545033
     0.334234732056276     0.192970512525214    -0.557388869631623
48 35
    -0.006561278782017    -0.333770436022074    -0.158613909842926
    -0.333770436022079    -0.391966180951770     0.091575783545033
    -0.334234732056276     0.192970512525214    -0.557388869631623
48 36
    -0.041452138660264    -0.000000000000000    -0.000000000000000
    -0.000000000000000     0.012918696755846     0.008864794429309
     0.000000000000000     0.010989497992662     0.104811686305279
48 37
    -0.584668632036659    -0.000000000000000    -0.000000000000000
    -0.000000000000000     0.186141172302847    -0.183151567090097
    -0.000000000000000    -0.385941025050459    -0.557388869631598
48 38
    -0.000674012098182    -0.023543262347666     0.007677137175107
    -0.023543262347666    -0.027859429806237    -0.004432397214649
     0.009517184436482    -0.005494748996326     0.104811686305279
48 39
    -0.000674012098182     0.023543262347666    -0.007677137175107
     0.023543262347666    -0.027859429806237    -0.004432397214649
    -0.009517184436482    -0.005494748996326     0.104811686305279
48 40
     0.036564735393630     0.000000000000000     0.000000000000000
    -0.000000000000000     0.036564735393630    -0.000000000000003
     0.000000000000000    -0.000000000000003    -0.078597919062403
48 41
     0.008143137607135     0.000000000000000    -0.000000000000000
     0.000000000000000     0.008143137607135    -0.000000000000007
    -0.000000000000000    -0.000000000000007    -0.239013917613405
48 42
    -0.241604751439743     0.758304359113163    -0.013591151807001
     0.758304359113163    -1.117219203163045    -0.007846855154308
    -0.013591151807001    -0.007846855154308     0.559461348405963
48 43
    -0.241604751439743    -0.758304359113163     0.013591151807001
    -0.758304359113163    -1.117219203163045    -0.007846855154308
     0.013591151807001    -0.007846855154308     0.559461348405963
48 44
    -0.025895753431674     0.000000000000000    -0.000000000000000
     0.000000000000000     0.042100304327707     0.078261148954231
    -0.000000000000000     0.078261148954231    -0.584000494046696
48 45
    -1.555026429024698     0.000000000000000     0.000000000000000
    -0.000000000000000     0.196202474421910     0.015693710308723
     0.000000000000000     0.015693710308723     0.559461348405960
48 46
     0.025101289887858    -0.029443156688405     0.067776143123739
    -0.029443156688405    -0.008896738991832    -0.039130574477141
     0.067776143123739    -0.039130574477141    -0.584000494046689
48 47
     0.025101289887858     0.029443156688405    -0.067776143123739
     0.029443156688405    -0.008896738991832    -0.039130574477141
    -0.067776143123739    -0.039130574477141    -0.584000494046689
48 48
     6.310838387624544    -0.000000000000000     0.000000000000000
    -0.000000000000000     6.310838387624545     0.000000000000578
     0.000000000000000     0.000000000000578    26.386904951588797
48 49
     0.776800904707361     0.000000000000000    -0.000000000000000
     0.000000000000000     0.776800904707361    -0.000000000000099
    -0.000000000000000    -0.000000000000099    -2.666607739735904
48 50
    -0.167297520467045    -0.163706450537525    -0.460231680487180
    -0.163706450537525     0.021734406104761    -0.265714884618892
    -0.460231680487181    -0.265714884618892    -0.732452100952984
48 51
    -0.167297520467045     0.163706450537525     0.460231680487180
     0.163706450537525     0.021734406104761    -0.265714884618892
     0.460231680487181    -0.265714884618892    -0.732452100952984
48 52
     0.055740674232629     0.000000000000000     0.000000000000000
     0.000000000000000    -0.011099588076538    -0.015282975091989
     0.000000000000000    -0.015282975091989     0.078566450784354
48 53
     0.116250369390688     0.000000000000000    -0.000000000000000
     0.000000000000000    -0.261813483752925     0.531429769237728
    -0.000000000000000     0.531429769237728    -0.732452100953030
48 54
     0.005610477500754     0.028942682577676    -0.013235444675070
     0.028942682577676     0.039030608655338     0.007641487545997
    -0.013235444675070     0.007641487545997     0.078566450784353
48 55
     0.005610477500755    -0.028942682577676     0.013235444675070
    -0.028942682577676     0.039030608655338     0.007641487545997
     0.013235444675070     0.007641487545997     0.078566450784353
48 56
     0.009645231678737     0.000000000000000     0.000000000000000
     0.000000000000000     0.009645231678737    -0.000000000000000
    -0.000000000000000    -0.000000000000000    -0.004870164049143
49 1
    -0.007745909958940     0.000000000000000     0.000000000000000
     0.000000000000000    -0.007745909958940     0.000000000000005
     0.000000000000000     0.000000000000005     0.170711515273309
49 2
    -0.003144129784847     0.027597790197382     0.009018882621452
     0.027597790197382    -0.035011312983842     0.005207054309279
     0.002374297993262     0.001370801585540    -0.264436390861015
49 3
    -0.003144129784847    -0.027597790197382    -0.009018882621452
    -0.027597790197382    -0.035011312983842     0.005207054309279
    -0.002374297993262     0.001370801585540    -0.264436390861015
49 4
     0.036346039009822     0.000000000000000    -0.000000000000000
    -0.000000000000000    -0.049868223313633    -0.072899232298073
     0.000000000000000     0.130177495882885     0.350838230107292
49 5
    -0.050944904583339     0.000000000000000    -0.000000000000000
    -0.000000000000000     0.012789461814649    -0.010414108618579
     0.000000000000000    -0.002741603171101    -0.264436390861015
49 6
    -0.028314657732770     0.037331870670322    -0.063132587086525
     0.037331870670327     0.014792473428957     0.036449616149052
     0.112737018435612    -0.065088747941427     0.350838230107295
49 7
    -0.028314657732770    -0.037331870670322     0.063132587086525
    -0.037331870670327     0.014792473428957     0.036449616149052
    -0.112737018435612    -0.065088747941427     0.350838230107295
49 8
    -2.160007008749871     0.000000000000000    -0.000000000000000
     0.000000000000000    -2.160007008749871    -0.000000000000471
    -0.000000000000000    -0.000000000000471   -18.533514401625020
49 9
     0.036564735393630     0.000000000000000     0.000000000000000
    -0.000000000000000     0.036564735393630    -0.000000000000003
     0.000000000000000    -0.000000000000003    -0.078597919062403
49 10
    -0.000674012098182     0.023543262347666    -0.007677137175107
     0.023543262347666    -0.027859429806237    -0.004432397214649
    -0.009517184436482    -0.005494748996326     0.104811686305279
49 11
    -0.000674012098182    -0.023543262347666     0.007677137175107
    -0.023543262347666    -0.027859429806237    -0.004432397214649
     0.009517184436482    -0.005494748996326     0.104811686305279
49 12
    -0.584668632036659    -0.000000000000000    -0.000000000000000
    -0.000000000000000     0.186141172302847    -0.183151567090097
    -0.000000000000000    -0.385941025050459    -0.557388869631598
49 13
    -0.041452138660264     0.000000000000000    -0.000000000000000
    -0.000000000000000     0.012918696755846     0.008864794429309
     0.000000000000000     0.010989497992662     0.104811686305279
49 14
    -0.006561278782017    -0.333770436022074    -0.158613909842926
    -0.333770436022079    -0.391966180951770     0.091575783545033
    -0.334234732056276     0.192970512525214    -0.557388869631623
49 15
    -0.006561278782017     0.333770436022074     0.158613909842926
     0.333770436022079    -0.391966180951770     0.091575783545033
     0.334234732056276     0.192970512525214    -0.557388869631623
49 16
     0.092632284060848     0.000000000000000     0.000000000000000
    -0.000000000000000     0.092632284060848     0.000000000000012
     0.000000000000000     0.000000000000012     0.507546394173202
49 17
    -0.008067465979313     0.000000000000000    -0.000000000000000
     0.000000000000000    -0.008067465979313    -0.000000000000000
     0.000000000000000    -0.000000000000000    -0.016206492069047
49 18
     0.036296531105494     0.082664291439995    -0.109254035685434
     0.082664291439993    -0.059155970725015    -0.063077846913030
    -0.155021894047571    -0.089501932258642     0.201245759322187
49 19
     0.036296531105494    -0.082664291439995     0.109254035685434
    -0.082664291439993    -0.059155970725015    -0.063077846913030
     0.155021894047571    -0.089501932258642     0.201245759322187
49 20
    -0.010421860120071     0.000000000000000    -0.000000000000000
     0.000000000000000     0.118036545417342     0.225522613614930
    -0.000000000000000     0.485734710702041     0.082256937262513
49 21
    -0.106882221640263     0.000000000000000     0.000000000000000
     0.000000000000000     0.084022782020756     0.126155693826078
     0.000000000000000     0.179003864517302     0.201245759322174
49 22
     0.085921944032974    -0.055624121262507     0.195308312518395
    -0.055624121262501     0.021692741264267    -0.112761306807464
     0.420658598967857    -0.242867355351020     0.082256937262544
49 23
     0.085921944032974     0.055624121262507    -0.195308312518395
     0.055624121262501     0.021692741264267    -0.112761306807464
    -0.420658598967857    -0.242867355351020     0.082256937262544
49 24
     0.107278915359017     0.000000000000000    -0.000000000000000
     0.000000000000000     0.107278915359017    -0.000000000000004
     0.000000000000000    -0.000000000000004    -0.032083580262281
49 25
    -0.046472275684061     0.000000000000000    -0.000000000000000
     0.000000000000000    -0.046472275684061     0.000000000000004
     0.000000000000000     0.000000000000004     0.084786685231309
49 26
    -0.575816741246521     0.048380276371939    -0.021919166553377
     0.048380276371941    -0.631681472420137    -0.012655036710010
     0.063073341497960     0.036415410692532    -0.835770900958836
49 27
    -0.575816741246521    -0.048380276371939     0.021919166553377
    -0.048380276371941    -0.631681472420137    -0.012655036710010
    -0.063073341497960     0.036415410692532    -0.835770900958836
49 28
     0.046610704331349     0.000000000000000    -0.000000000000000
     0.000000000000000    -0.024256744311780     0.012273921341678
    -0.000000000000000     0.001355672878914     0.170315825133793
49 29
    -0.659613838006944     0.000000000000000    -0.000000000000000
     0.000000000000000    -0.547884375659715     0.025310073419999
    -0.000000000000000    -0.072830821385083    -0.835770900958835
49 30
    -0.006539882150998     0.030686505413170     0.010629527685939
     0.030686505413169     0.028893842170567    -0.006136960670832
     0.001174047152355    -0.000677836439450     0.170315825133794
49 31
    -0.006539882150998    -0.030686505413170    -0.010629527685939
    -0.030686505413169     0.028893842170567    -0.006136960670832
    -0.001174047152355    -0.000677836439450     0.170315825133794
49 32
     0.065815599026747     0.000000000000000    -0.000000000000000
     0.000000000000000     0.065815599026747    -0.000000000000005
     0.000000000000000    -0.000000000000005    -0.108644869423754
49 33
    -0.765967061722900     0.000000000000000    -0.000000000000000
    -0.000000000000000    -0.765967061722900    -0.000000000000021
    -0.000000000000000    -0.000000000000021    -1.481437421247013
49 34
    -0.014563480036406    -0.026375705794541     0.028236278999620
    -0.026375705794534     0.015892561644689     0.016302223281349
     0.290017945295718     0.167441938786310     0.199781759563911
49 35
    -0.014563480036406     0.026375705794541    -0.028236278999620
     0.026375705794534     0.015892561644689     0.016302223281349
    -0.290017945295719     0.167441938786310     0.199781759563911
49 36
     0.115858593936735    -0.000000000000000    -0.000000000000000
    -0.000000000000000    -0.031686131902881    -0.023725875186687
    -0.000000000000000    -0.058457831065480    -0.138101228614184
49 37
     0.031120582485229    -0.000000000000000    -0.000000000000000
    -0.000000000000000    -0.029791500876962    -0.032604446562680
     0.000000000000000    -0.334883877572603     0.199781759563927
49 38
     0.005200049557025     0.063888740385757    -0.020547210638689
     0.063888740385756     0.078972412476832     0.011862937593336
    -0.050625966752844     0.029228915532732    -0.138101228614187
49 39
     0.005200049557025    -0.063888740385757     0.020547210638689
    -0.063888740385756     0.078972412476832     0.011862937593336
     0.050625966752844     0.029228915532732    -0.138101228614187
49 40
    -0.013708335936631     0.000000000000000     0.000000000000000
    -0.000000000000000    -0.013708335936631     0.000000000000003
     0.000000000000000     0.000000000000003     0.105642923361415
49 41
     0.009645231678737     0.000000000000000    -0.000000000000000
     0.000000000000000     0.009645231678737    -0.000000000000000
    -0.000000000000000    -0.000000000000000    -0.004870164049143
49 42
     0.005610477500754    -0.028942682577676     0.013235444675070
    -0.028942682577676     0.039030608655338     0.007641487545997
     0.013235444675070     0.007641487545997     0.078566450784353
49 43
     0.005610477500754     0.028942682577676    -0.013235444675070
     0.028942682577676     0.039030608655338     0.007641487545997
    -0.013235444675070     0.007641487545997     0.078566450784353
49 44
     0.116250369390688     0.000000000000000    -0.000000000000000
     0.000000000000000    -0.261813483752925     0.531429769237728
    -0.000000000000000     0.531429769237728    -0.732452100953030
49 45
     0.055740674232629     0.000000000000000     0.000000000000000
    -0.000000000000000    -0.011099588076538    -0.015282975091989
     0.000000000000000    -0.015282975091989     0.078566450784354
49 46
    -0.167297520467045     0.163706450537525     0.460231680487180
     0.163706450537525     0.021734406104761    -0.265714884618892
     0.460231680487181    -0.265714884618892    -0.732452100952984
49 47
    -0.167297520467045    -0.163706450537525    -0.460231680487180
    -0.163706450537525     0.021734406104761    -0.265714884618892
    -0.460231680487181    -0.265714884618892    -0.732452100952984
49 48
     0.776800904707361     0.000000000000000    -0.000000000000000
     0.000000000000000     0.776800904707361    -0.000000000000099
    -0.000000000000000    -0.000000000000099    -2.666607739735904
49 49
     6.310838387624550    -0.000000000000000     0.000000000000000
    -0.000000000000000     6.310838387624547     0.000000000000578
     0.000000000000000     0.000000000000578    26.386904951588800
49 50
     0.025101289887858     0.029443156688405    -0.067776143123739
     0.029443156688405    -0.008896738991832    -0.039130574477141
    -0.067776143123739    -0.039130574477141    -0.584000494046689
49 51
     0.025101289887858    -0.029443156688405     0.067776143123739
    -0.029443156688405    -0.008896738991832    -0.039130574477141
     0.067776143123739    -0.039130574477141    -0.584000494046689
49 52
    -1.555026429024698     0.000000000000000     0.000000000000000
     0.000000000000000     0.196202474421910     0.015693710308723
     0.000000000000000     0.015693710308723     0.559461348405960
49 53
    -0.025895753431674     0.000000000000000    -0.000000000000000
     0.000000000000000     0.042100304327707     0.078261148954231
    -0.000000000000000     0.078261148954231    -0.584000494046696
49 54
    -0.241604751439743    -0.758304359113163     0.013591151807001
    -0.758304359113163    -1.117219203163045    -0.007846855154308
     0.013591151807001    -0.007846855154308     0.559461348405963
49 55
    -0.241604751439743     0.758304359113163    -0.013591151807001
     0.758304359113163    -1.117219203163045    -0.007846855154308
    -0.013591151807001    -0.007846855154308     0.559461348405963
49 56
     0.008143137607135     0.000000000000000    -0.000000000000000
     0.000000000000000     0.008143137607135    -0.000000000000007
    -0.000000000000000    -0.000000000000007    -0.239013917613405
50 1
    -0.003144129784847     0.027597790197382     0.009018882621452
     0.027597790197382    -0.035011312983842     0.005207054309279
     0.002374297993262     0.001370801585540    -0.264436390861015
50 2
    -0.007745909958941     0.000000000000000    -0.000000000000000
    -0.000000000000000    -0.007745909958941     0.000000000000005
    -0.000000000000000     0.000000000000005     0.170711515273309
50 3
     0.036346039009822     0.000000000000000     0.000000000000000
     0.000000000000000    -0.049868223313633    -0.072899232298073
     0.000000000000000     0.130177495882885     0.350838230107292
50 4
    -0.003144129784847    -0.027597790197382    -0.009018882621452
    -0.027597790197382    -0.035011312983842     0.005207054309279
    -0.002374297993262     0.001370801585540    -0.264436390861015
50 5
    -0.028314657732770     0.037331870670322    -0.063132587086525
     0.037331870670327     0.014792473428957     0.036449616149052
     0.112737018435612    -0.065088747941427     0.350838230107295
50 6
    -0.050944904583339     0.000000000000000     0.000000000000000
     0.000000000000000     0.012789461814649    -0.010414108618579
    -0.000000000000000    -0.002741603171101    -0.264436390861014
50 7
    -2.160007008749870     0.000000000000000    -0.000000000000000
    -0.000000000000000    -2.160007008749870    -0.000000000000471
    -0.000000000000000    -0.000000000000471   -18.533514401625020
50 8
    -0.028314657732770    -0.037331870670322     0.063132587086525
    -0.037331870670327     0.014792473428957     0.036449616149052
    -0.112737018435612    -0.065088747941427     0.350838230107295
50 9
    -0.000674012098182     0.023543262347666    -0.007677137175107
     0.023543262347666    -0.027859429806237    -0.004432397214649
    -0.009517184436482    -0.005494748996326     0.104811686305280
50 10
     0.036564735393630     0.000000000000000     0.000000000000000
    -0.000000000000000     0.036564735393630    -0.000000000000003
    -0.000000000000000    -0.000000000000003    -0.078597919062403
50 11
    -0.584668632036659    -0.000000000000000    -0.000000000000000
     0.000000000000000     0.186141172302847    -0.183151567090097
     0.000000000000000    -0.385941025050459    -0.557388869631598
50 12
    -0.000674012098182    -0.023543262347666     0.007677137175107
    -0.023543262347666    -0.027859429806237    -0.004432397214649
     0.009517184436482    -0.005494748996326     0.104811686305280
50 13
    -0.006561278782017    -0.333770436022074    -0.158613909842926
    -0.333770436022079    -0.391966180951770     0.091575783545033
    -0.334234732056276     0.192970512525214    -0.557388869631624
50 14
    -0.041452138660264    -0.000000000000000     0.000000000000000
     0.000000000000000     0.012918696755846     0.008864794429309
     0.000000000000000     0.010989497992662     0.104811686305279
50 15
     0.092632284060848     0.000000000000000     0.000000000000000
    -0.000000000000000     0.092632284060848     0.000000000000012
    -0.000000000000000     0.000000000000012     0.507546394173202
50 16
    -0.006561278782017     0.333770436022074     0.158613909842926
     0.333770436022079    -0.391966180951770     0.091575783545033
     0.334234732056276     0.192970512525214    -0.557388869631624
50 17
     0.036296531105494     0.082664291439995    -0.109254035685434
     0.082664291439993    -0.059155970725015    -0.063077846913029
    -0.155021894047571    -0.089501932258642     0.201245759322187
50 18
    -0.008067465979313    -0.000000000000000     0.000000000000000
    -0.000000000000000    -0.008067465979313    -0.000000000000000
     0.000000000000000    -0.000000000000000    -0.016206492069047
50 19
    -0.010421860120071     0.000000000000000    -0.000000000000000
     0.000000000000000     0.118036545417342     0.225522613614930
    -0.000000000000000     0.485734710702042     0.082256937262513
50 20
     0.036296531105494    -0.082664291439995     0.109254035685434
    -0.082664291439993    -0.059155970725015    -0.063077846913029
     0.155021894047571    -0.089501932258642     0.201245759322187
50 21
     0.085921944032973    -0.055624121262507     0.195308312518395
    -0.055624121262501     0.021692741264267    -0.112761306807464
     0.420658598967856    -0.242867355351020     0.082256937262544
50 22
    -0.106882221640263     0.000000000000000    -0.000000000000000
     0.000000000000000     0.084022782020756     0.126155693826078
     0.000000000000000     0.179003864517302     0.201245759322174
50 23
     0.107278915359017    -0.000000000000000     0.000000000000000
    -0.000000000000000     0.107278915359017    -0.000000000000004
     0.000000000000000    -0.000000000000004    -0.032083580262281
50 24
     0.085921944032974     0.055624121262507    -0.195308312518395
     0.055624121262501     0.021692741264267    -0.112761306807464
    -0.420658598967857    -0.242867355351020     0.082256937262544
50 25
    -0.575816741246521     0.048380276371939    -0.021919166553377
     0.048380276371941    -0.631681472420137    -0.012655036710010
     0.063073341497960     0.036415410692532    -0.835770900958837
50 26
    -0.046472275684062    -0.000000000000000     0.000000000000000
    -0.000000000000000    -0.046472275684062     0.000000000000004
     0.000000000000000     0.000000000000004     0.084786685231309
50 27
     0.046610704331349     0.000000000000000    -0.000000000000000
     0.000000000000000    -0.024256744311780     0.012273921341678
    -0.000000000000000     0.001355672878914     0.170315825133793
50 28
    -0.575816741246521    -0.048380276371939     0.021919166553377
    -0.048380276371941    -0.631681472420137    -0.012655036710010
    -0.063073341497960     0.036415410692532    -0.835770900958836
50 29
    -0.006539882150998     0.030686505413170     0.010629527685939
     0.030686505413169     0.028893842170567    -0.006136960670832
     0.001174047152355    -0.000677836439450     0.170315825133794
50 30
    -0.659613838006944     0.000000000000000    -0.000000000000000
     0.000000000000000    -0.547884375659715     0.025310073419999
    -0.000000000000000    -0.072830821385083    -0.835770900958835
50 31
     0.065815599026746    -0.000000000000000     0.000000000000000
    -0.000000000000000     0.065815599026747    -0.000000000000005
     0.000000000000000    -0.000000000000005    -0.108644869423754
50 32
    -0.006539882150998    -0.030686505413170    -0.010629527685939
    -0.030686505413169     0.028893842170567    -0.006136960670832
    -0.001174047152355    -0.000677836439450     0.170315825133794
50 33
    -0.014563480036406    -0.026375705794541     0.028236278999620
    -0.026375705794534     0.015892561644689     0.016302223281349
     0.290017945295718     0.167441938786310     0.199781759563911
50 34
    -0.765967061722899     0.000000000000000    -0.000000000000000
    -0.000000000000000    -0.765967061722899    -0.000000000000021
    -0.000000000000000    -0.000000000000021    -1.481437421247013
50 35
     0.115858593936735    -0.000000000000000    -0.000000000000000
     0.000000000000000    -0.031686131902881    -0.023725875186687
     0.000000000000000    -0.058457831065480    -0.138101228614183
50 36
    -0.014563480036406     0.026375705794541    -0.028236278999620
     0.026375705794534     0.015892561644689     0.016302223281349
    -0.290017945295718     0.167441938786310     0.199781759563911
50 37
     0.005200049557025     0.063888740385757    -0.020547210638689
     0.063888740385756     0.078972412476832     0.011862937593336
    -0.050625966752844     0.029228915532732    -0.138101228614187
50 38
     0.031120582485229    -0.000000000000000     0.000000000000000
     0.000000000000000    -0.029791500876962    -0.032604446562680
     0.000000000000000    -0.334883877572603     0.199781759563927
50 39
    -0.013708335936631     0.000000000000000     0.000000000000000
    -0.000000000000000    -0.013708335936631     0.000000000000003
    -0.000000000000000     0.000000000000003     0.105642923361415
50 40
     0.005200049557025    -0.063888740385757     0.020547210638689
    -0.063888740385756     0.078972412476832     0.011862937593336
     0.050625966752844     0.029228915532732    -0.138101228614187
50 41
     0.005610477500755    -0.028942682577676     0.013235444675070
    -0.028942682577676     0.039030608655338     0.007641487545997
     0.013235444675070     0.007641487545997     0.078566450784353
50 42
     0.009645231678737     0.000000000000000     0.000000000000000
     0.000000000000000     0.009645231678737    -0.000000000000000
     0.000000000000000    -0.000000000000000    -0.004870164049143
50 43
     0.116250369390687     0.000000000000000    -0.000000000000000
     0.000000000000000    -0.261813483752925     0.531429769237728
    -0.000000000000000     0.531429769237728    -0.732452100953030
50 44
     0.005610477500755     0.028942682577676    -0.013235444675070
     0.028942682577676     0.039030608655338     0.007641487545997
    -0.013235444675070     0.007641487545997     0.078566450784353
50 45
    -0.167297520467045     0.163706450537525     0.460231680487180
     0.163706450537525     0.021734406104761    -0.265714884618892
     0.460231680487180    -0.265714884618892    -0.732452100952984
50 46
     0.055740674232629     0.000000000000000     0.000000000000000
    -0.000000000000000    -0.011099588076538    -0.015282975091989
    -0.000000000000000    -0.015282975091989     0.078566450784354
50 47
     0.776800904707361     0.000000000000000    -0.000000000000000
     0.000000000000000     0.776800904707361    -0.000000000000099
    -0.000000000000000    -0.000000000000099    -2.666607739735903
50 48
    -0.167297520467045    -0.163706450537525    -0.460231680487181
    -0.163706450537525     0.021734406104761    -0.265714884618892
    -0.460231680487180    -0.265714884618892    -0.732452100952984
50 49
     0.025101289887858     0.029443156688405    -0.067776143123739
     0.029443156688405    -0.008896738991832    -0.039130574477141
    -0.067776143123739    -0.039130574477141    -0.584000494046689
50 50
     6.310838387624551    -0.000000000000000     0.000000000000000
    -0.000000000000000     6.310838387624548     0.000000000000578
     0.000000000000000     0.000000000000578    26.386904951588797
50 51
    -1.555026429024698     0.000000000000000     0.000000000000000
    -0.000000000000000     0.196202474421910     0.015693710308723
     0.000000000000000     0.015693710308723     0.559461348405960
50 52
     0.025101289887858    -0.029443156688405     0.067776143123739
    -0.029443156688405    -0.008896738991833    -0.039130574477141
     0.067776143123739    -0.039130574477141    -0.584000494046689
50 53
    -0.241604751439743    -0.758304359113163     0.013591151807001
    -0.758304359113163    -1.117219203163045    -0.007846855154308
     0.013591151807001    -0.007846855154308     0.559461348405963
50 54
    -0.025895753431674     0.000000000000000    -0.000000000000000
    -0.000000000000000     0.042100304327707     0.078261148954231
    -0.000000000000000     0.078261148954231    -0.584000494046696
50 55
     0.008143137607135     0.000000000000000    -0.000000000000000
     0.000000000000000     0.008143137607135    -0.000000000000007
    -0.000000000000000    -0.000000000000007    -0.239013917613405
50 56
    -0.241604751439743     0.758304359113163    -0.013591151807001
     0.758304359113163    -1.117219203163045    -0.007846855154308
    -0.013591151807001    -0.007846855154308     0.559461348405963
51 1
    -0.003144129784847    -0.027597790197382    -0.009018882621452
    -0.027597790197382    -0.035011312983842     0.005207054309279
    -0.002374297993262     0.001370801585540    -0.264436390861015
51 2
     0.036346039009822     0.000000000000000    -0.000000000000000
    -0.000000000000000    -0.049868223313633    -0.072899232298073
     0.000000000000000     0.130177495882885     0.350838230107292
51 3
    -0.007745909958941    -0.000000000000000     0.000000000000000
     0.000000000000000    -0.007745909958941     0.000000000000005
     0.000000000000000     0.000000000000005     0.170711515273309
51 4
    -0.003144129784847     0.027597790197382     0.009018882621452
     0.027597790197382    -0.035011312983842     0.005207054309279
     0.002374297993262     0.001370801585540    -0.264436390861015
51 5
    -0.028314657732770    -0.037331870670322     0.063132587086525
    -0.037331870670327     0.014792473428957     0.036449616149052
    -0.112737018435612    -0.065088747941427     0.350838230107295
51 6
    -2.160007008749870    -0.000000000000000    -0.000000000000000
     0.000000000000000    -2.160007008749870    -0.000000000000471
    -0.000000000000000    -0.000000000000471   -18.533514401625020
51 7
    -0.050944904583339    -0.000000000000000    -0.000000000000000
    -0.000000000000000     0.012789461814649    -0.010414108618579
    -0.000000000000000    -0.002741603171101    -0.264436390861015
51 8
    -0.028314657732770     0.037331870670322    -0.063132587086525
     0.037331870670327     0.014792473428957     0.036449616149052
     0.112737018435612    -0.065088747941427     0.350838230107295
51 9
    -0.000674012098182    -0.023543262347666     0.007677137175107
    -0.023543262347666    -0.027859429806237    -0.004432397214649
     0.009517184436482    -0.005494748996326     0.104811686305279
51 10
    -0.584668632036659     0.000000000000000    -0.000000000000000
    -0.000000000000000     0.186141172302847    -0.183151567090097
    -0.000000000000000    -0.385941025050459    -0.557388869631598
51 11
     0.036564735393630    -0.000000000000000    -0.000000000000000
     0.000000000000000     0.036564735393630    -0.000000000000003
     0.000000000000000    -0.000000000000003    -0.078597919062403
51 12
    -0.000674012098182     0.023543262347666    -0.007677137175107
     0.023543262347666    -0.027859429806237    -0.004432397214649
    -0.009517184436482    -0.005494748996326     0.104811686305280
51 13
    -0.006561278782017     0.333770436022074     0.158613909842926
     0.333770436022079    -0.391966180951770     0.091575783545033
     0.334234732056276     0.192970512525214    -0.557388869631624
51 14
     0.092632284060848    -0.000000000000000    -0.000000000000000
     0.000000000000000     0.092632284060848     0.000000000000012
     0.000000000000000     0.000000000000012     0.507546394173202
51 15
    -0.041452138660264     0.000000000000000     0.000000000000000
    -0.000000000000000     0.012918696755846     0.008864794429309
    -0.000000000000000     0.010989497992662     0.104811686305279
51 16
    -0.006561278782017    -0.333770436022074    -0.158613909842926
    -0.333770436022079    -0.391966180951770     0.091575783545033
    -0.334234732056276     0.192970512525214    -0.557388869631624
51 17
     0.036296531105494    -0.082664291439995     0.109254035685434
    -0.082664291439993    -0.059155970725015    -0.063077846913029
     0.155021894047571    -0.089501932258642     0.201245759322187
51 18
    -0.010421860120071    -0.000000000000000     0.000000000000000
    -0.000000000000000     0.118036545417342     0.225522613614930
     0.000000000000000     0.485734710702042     0.082256937262513
51 19
    -0.008067465979313    -0.000000000000000    -0.000000000000000
     0.000000000000000    -0.008067465979313    -0.000000000000000
    -0.000000000000000    -0.000000000000000    -0.016206492069047
51 20
     0.036296531105494     0.082664291439995    -0.109254035685434
     0.082664291439993    -0.059155970725015    -0.063077846913029
    -0.155021894047571    -0.089501932258642     0.201245759322187
51 21
     0.085921944032973     0.055624121262507    -0.195308312518395
     0.055624121262501     0.021692741264267    -0.112761306807464
    -0.420658598967856    -0.242867355351020     0.082256937262544
51 22
     0.107278915359017    -0.000000000000000    -0.000000000000000
     0.000000000000000     0.107278915359017    -0.000000000000004
    -0.000000000000000    -0.000000000000004    -0.032083580262281
51 23
    -0.106882221640263    -0.000000000000000     0.000000000000000
    -0.000000000000000     0.084022782020756     0.126155693826078
     0.000000000000000     0.179003864517302     0.201245759322174
51 24
     0.085921944032974    -0.055624121262507     0.195308312518395
    -0.055624121262501     0.021692741264267    -0.112761306807464
     0.420658598967857    -0.242867355351020     0.082256937262544
51 25
    -0.575816741246521    -0.048380276371939     0.021919166553377
    -0.048380276371941    -0.631681472420137    -0.012655036710010
    -0.063073341497960     0.036415410692532    -0.835770900958836
51 26
     0.046610704331349    -0.000000000000000     0.000000000000000
    -0.000000000000000    -0.024256744311780     0.012273921341678
     0.000000000000000     0.001355672878914     0.170315825133793
51 27
    -0.046472275684062    -0.000000000000000    -0.000000000000000
     0.000000000000000    -0.046472275684062     0.000000000000004
     0.000000000000000     0.000000000000004     0.084786685231309
51 28
    -0.575816741246521     0.048380276371939    -0.021919166553377
     0.048380276371941    -0.631681472420137    -0.012655036710010
     0.063073341497960     0.036415410692532    -0.835770900958836
51 29
    -0.006539882150998    -0.030686505413170    -0.010629527685939
    -0.030686505413169     0.028893842170567    -0.006136960670832
    -0.001174047152355    -0.000677836439450     0.170315825133794
51 30
     0.065815599026746    -0.000000000000000    -0.000000000000000
     0.000000000000000     0.065815599026747    -0.000000000000005
    -0.000000000000000    -0.000000000000005    -0.108644869423754
51 31
    -0.659613838006944    -0.000000000000000     0.000000000000000
    -0.000000000000000    -0.547884375659715     0.025310073419999
     0.000000000000000    -0.072830821385083    -0.835770900958835
51 32
    -0.006539882150998     0.030686505413170     0.010629527685939
     0.030686505413169     0.028893842170567    -0.006136960670832
     0.001174047152355    -0.000677836439450     0.170315825133794
51 33
    -0.014563480036406     0.026375705794541    -0.028236278999620
     0.026375705794534     0.015892561644689     0.016302223281349
    -0.290017945295718     0.167441938786310     0.199781759563911
51 34
     0.115858593936734    -0.000000000000000    -0.000000000000000
    -0.000000000000000    -0.031686131902881    -0.023725875186687
    -0.000000000000000    -0.058457831065480    -0.138101228614184
51 35
    -0.765967061722899    -0.000000000000000    -0.000000000000000
     0.000000000000000    -0.765967061722899    -0.000000000000021
    -0.000000000000000    -0.000000000000021    -1.481437421247013
51 36
    -0.014563480036406    -0.026375705794541     0.028236278999620
    -0.026375705794534     0.015892561644689     0.016302223281349
     0.290017945295718     0.167441938786310     0.199781759563911
51 37
     0.005200049557025    -0.063888740385757     0.020547210638689
    -0.063888740385756     0.078972412476832     0.011862937593336
     0.050625966752844     0.029228915532732    -0.138101228614187
51 38
    -0.013708335936631    -0.000000000000000    -0.000000000000000
     0.000000000000000    -0.013708335936631     0.000000000000003
     0.000000000000000     0.000000000000003     0.105642923361415
51 39
     0.031120582485229    -0.000000000000000     0.000000000000000
    -0.000000000000000    -0.029791500876962    -0.032604446562680
    -0.000000000000000    -0.334883877572603     0.199781759563927
51 40
     0.005200049557025     0.063888740385757    -0.020547210638689
     0.063888740385756     0.078972412476832     0.011862937593336
    -0.050625966752844     0.029228915532732    -0.138101228614187
51 41
     0.005610477500754     0.028942682577676    -0.013235444675070
     0.028942682577676     0.039030608655338     0.007641487545997
    -0.013235444675070     0.007641487545997     0.078566450784353
51 42
     0.116250369390687     0.000000000000000    -0.000000000000000
     0.000000000000000    -0.261813483752925     0.531429769237728
    -0.000000000000000     0.531429769237728    -0.732452100953030
51 43
     0.009645231678737    -0.000000000000000    -0.000000000000000
    -0.000000000000000     0.009645231678737    -0.000000000000000
    -0.000000000000000    -0.000000000000000    -0.004870164049143
51 44
     0.005610477500755    -0.028942682577676     0.013235444675070
    -0.028942682577676     0.039030608655338     0.007641487545997
     0.013235444675070     0.007641487545997     0.078566450784353
51 45
    -0.167297520467045    -0.163706450537525    -0.460231680487180
    -0.163706450537525     0.021734406104761    -0.265714884618892
    -0.460231680487180    -0.265714884618892    -0.732452100952984
51 46
     0.776800904707361    -0.000000000000000    -0.000000000000000
    -0.000000000000000     0.776800904707361    -0.000000000000099
    -0.000000000000000    -0.000000000000099    -2.666607739735903
51 47
     0.055740674232629    -0.000000000000000    -0.000000000000000
     0.000000000000000    -0.011099588076538    -0.015282975091989
     0.000000000000000    -0.015282975091989     0.078566450784354
51 48
    -0.167297520467045     0.163706450537525     0.460231680487181
     0.163706450537525     0.021734406104761    -0.265714884618892
     0.460231680487180    -0.265714884618892    -0.732452100952984
51 49
     0.025101289887858    -0.029443156688405     0.067776143123739
    -0.029443156688405    -0.008896738991832    -0.039130574477141
     0.067776143123739    -0.039130574477141    -0.584000494046689
51 50
    -1.555026429024698    -0.000000000000000     0.000000000000000
     0.000000000000000     0.196202474421910     0.015693710308723
     0.000000000000000     0.015693710308723     0.559461348405960
51 51
     6.310838387624551    -0.000000000000000     0.000000000000000
    -0.000000000000000     6.310838387624548     0.000000000000578
     0.000000000000000     0.000000000000578    26.386904951588793
51 52
     0.025101289887858     0.029443156688405    -0.067776143123739
     0.029443156688405    -0.008896738991833    -0.039130574477141
    -0.067776143123739    -0.039130574477141    -0.584000494046689
51 53
    -0.241604751439743     0.758304359113163    -0.013591151807001
     0.758304359113163    -1.117219203163045    -0.007846855154308
    -0.013591151807001    -0.007846855154308     0.559461348405963
51 54
     0.008143137607135    -0.000000000000000    -0.000000000000000
    -0.000000000000000     0.008143137607135    -0.000000000000007
    -0.000000000000000    -0.000000000000007    -0.239013917613405
51 55
    -0.025895753431674    -0.000000000000000    -0.000000000000000
     0.000000000000000     0.042100304327707     0.078261148954231
    -0.000000000000000     0.078261148954231    -0.584000494046696
51 56
    -0.241604751439743    -0.758304359113163     0.013591151807001
    -0.758304359113163    -1.117219203163045    -0.007846855154308
     0.013591151807001    -0.007846855154308     0.559461348405963
52 1
     0.036346039009822     0.000000000000000     0.000000000000000
     0.000000000000000    -0.049868223313632    -0.072899232298073
     0.000000000000000     0.130177495882885     0.350838230107292
52 2
    -0.003144129784847    -0.027597790197382    -0.009018882621452
    -0.027597790197382    -0.035011312983842     0.005207054309279
    -0.002374297993262     0.001370801585540    -0.264436390861015
52 3
    -0.003144129784847     0.027597790197382     0.009018882621452
     0.027597790197382    -0.035011312983842     0.005207054309279
     0.002374297993262     0.001370801585540    -0.264436390861015
52 4
    -0.007745909958941     0.000000000000000    -0.000000000000000
    -0.000000000000000    -0.007745909958941     0.000000000000005
     0.000000000000000     0.000000000000005     0.170711515273309
52 5
    -2.160007008749870     0.000000000000000    -0.000000000000000
    -0.000000000000000    -2.160007008749870    -0.000000000000471
    -0.000000000000000    -0.000000000000471   -18.533514401625020
52 6
    -0.028314657732770    -0.037331870670322     0.063132587086525
    -0.037331870670327     0.014792473428957     0.036449616149052
    -0.112737018435612    -0.065088747941427     0.350838230107295
52 7
    -0.028314657732770     0.037331870670322    -0.063132587086525
     0.037331870670327     0.014792473428957     0.036449616149052
     0.112737018435612    -0.065088747941427     0.350838230107295
52 8
    -0.050944904583339     0.000000000000000     0.000000000000000
     0.000000000000000     0.012789461814650    -0.010414108618579
     0.000000000000000    -0.002741603171101    -0.264436390861015
52 9
    -0.584668632036659    -0.000000000000000     0.000000000000000
    -0.000000000000000     0.186141172302847    -0.183151567090097
     0.000000000000000    -0.385941025050459    -0.557388869631598
52 10
    -0.000674012098182    -0.023543262347666     0.007677137175107
    -0.023543262347666    -0.027859429806237    -0.004432397214649
     0.009517184436482    -0.005494748996326     0.104811686305279
52 11
    -0.000674012098182     0.023543262347666    -0.007677137175107
     0.023543262347666    -0.027859429806237    -0.004432397214649
    -0.009517184436482    -0.005494748996326     0.104811686305279
52 12
     0.036564735393630    -0.000000000000000    -0.000000000000000
     0.000000000000000     0.036564735393630    -0.000000000000003
    -0.000000000000000    -0.000000000000003    -0.078597919062403
52 13
     0.092632284060848    -0.000000000000000     0.000000000000000
     0.000000000000000     0.092632284060848     0.000000000000012
     0.000000000000000     0.000000000000012     0.507546394173202
52 14
    -0.006561278782017     0.333770436022074     0.158613909842926
     0.333770436022079    -0.391966180951770     0.091575783545033
     0.334234732056276     0.192970512525214    -0.557388869631624
52 15
    -0.006561278782017    -0.333770436022074    -0.158613909842926
    -0.333770436022079    -0.391966180951770     0.091575783545033
    -0.334234732056276     0.192970512525214    -0.557388869631624
52 16
    -0.041452138660263     0.000000000000000     0.000000000000000
    -0.000000000000000     0.012918696755846     0.008864794429309
     0.000000000000000     0.010989497992662     0.104811686305279
52 17
    -0.010421860120071     0.000000000000000     0.000000000000000
     0.000000000000000     0.118036545417342     0.225522613614930
     0.000000000000000     0.485734710702042     0.082256937262513
52 18
     0.036296531105494    -0.082664291439995     0.109254035685434
    -0.082664291439993    -0.059155970725015    -0.063077846913029
     0.155021894047571    -0.089501932258642     0.201245759322187
52 19
     0.036296531105494     0.082664291439995    -0.109254035685434
     0.082664291439993    -0.059155970725015    -0.063077846913029
    -0.155021894047571    -0.089501932258642     0.201245759322187
52 20
    -0.008067465979313     0.000000000000000    -0.000000000000000
     0.000000000000000    -0.008067465979313    -0.000000000000000
    -0.000000000000000    -0.000000000000000    -0.016206492069047
52 21
     0.107278915359017     0.000000000000000    -0.000000000000000
     0.000000000000000     0.107278915359017    -0.000000000000004
    -0.000000000000000    -0.000000000000004    -0.032083580262281
52 22
     0.085921944032974     0.055624121262507    -0.195308312518395
     0.055624121262501     0.021692741264267    -0.112761306807464
    -0.420658598967857    -0.242867355351020     0.082256937262544
52 23
     0.085921944032974    -0.055624121262507     0.195308312518395
    -0.055624121262501     0.021692741264267    -0.112761306807464
     0.420658598967857    -0.242867355351020     0.082256937262544
52 24
    -0.106882221640263     0.000000000000000     0.000000000000000
     0.000000000000000     0.084022782020756     0.126155693826078
     0.000000000000000     0.179003864517302     0.201245759322174
52 25
     0.046610704331349     0.000000000000000     0.000000000000000
     0.000000000000000    -0.024256744311780     0.012273921341678
     0.000000000000000     0.001355672878914     0.170315825133793
52 26
    -0.575816741246520    -0.048380276371939     0.021919166553377
    -0.048380276371941    -0.631681472420137    -0.012655036710010
    -0.063073341497960     0.036415410692532    -0.835770900958836
52 27
    -0.575816741246520     0.048380276371939    -0.021919166553377
     0.048380276371941    -0.631681472420137    -0.012655036710010
     0.063073341497960     0.036415410692532    -0.835770900958836
52 28
    -0.046472275684062     0.000000000000000     0.000000000000000
     0.000000000000000    -0.046472275684062     0.000000000000004
     0.000000000000000     0.000000000000004     0.084786685231309
52 29
     0.065815599026747     0.000000000000000    -0.000000000000000
     0.000000000000000     0.065815599026746    -0.000000000000005
    -0.000000000000000    -0.000000000000005    -0.108644869423754
52 30
    -0.006539882150998    -0.030686505413170    -0.010629527685939
    -0.030686505413169     0.028893842170567    -0.006136960670832
    -0.001174047152355    -0.000677836439450     0.170315825133794
52 31
    -0.006539882150998     0.030686505413170     0.010629527685939
     0.030686505413169     0.028893842170567    -0.006136960670832
     0.001174047152355    -0.000677836439450     0.170315825133794
52 32
    -0.659613838006944     0.000000000000000    -0.000000000000000
     0.000000000000000    -0.547884375659715     0.025310073419999
     0.000000000000000    -0.072830821385083    -0.835770900958835
52 33
     0.115858593936735    -0.000000000000000     0.000000000000000
    -0.000000000000000    -0.031686131902881    -0.023725875186687
     0.000000000000000    -0.058457831065480    -0.138101228614184
52 34
    -0.014563480036406     0.026375705794541    -0.028236278999620
     0.026375705794534     0.015892561644689     0.016302223281349
    -0.290017945295718     0.167441938786310     0.199781759563911
52 35
    -0.014563480036406    -0.026375705794541     0.028236278999620
    -0.026375705794534     0.015892561644689     0.016302223281349
     0.290017945295718     0.167441938786310     0.199781759563911
52 36
    -0.765967061722899    -0.000000000000000    -0.000000000000000
     0.000000000000000    -0.765967061722900    -0.000000000000021
    -0.000000000000000    -0.000000000000021    -1.481437421247013
52 37
    -0.013708335936631    -0.000000000000000    -0.000000000000000
     0.000000000000000    -0.013708335936631     0.000000000000003
     0.000000000000000     0.000000000000003     0.105642923361415
52 38
     0.005200049557025    -0.063888740385757     0.020547210638689
    -0.063888740385756     0.078972412476832     0.011862937593336
     0.050625966752844     0.029228915532732    -0.138101228614187
52 39
     0.005200049557025     0.063888740385757    -0.020547210638689
     0.063888740385756     0.078972412476832     0.011862937593336
    -0.050625966752844     0.029228915532732    -0.138101228614187
52 40
     0.031120582485229    -0.000000000000000     0.000000000000000
    -0.000000000000000    -0.029791500876962    -0.032604446562680
     0.000000000000000    -0.334883877572603     0.199781759563927
52 41
     0.116250369390688     0.000000000000000    -0.000000000000000
     0.000000000000000    -0.261813483752925     0.531429769237728
    -0.000000000000000     0.531429769237728    -0.732452100953030
52 42
     0.005610477500755     0.028942682577676    -0.013235444675070
     0.028942682577676     0.039030608655338     0.007641487545997
    -0.013235444675070     0.007641487545997     0.078566450784353
52 43
     0.005610477500755    -0.028942682577676     0.013235444675070
    -0.028942682577676     0.039030608655338     0.007641487545997
     0.013235444675070     0.007641487545997     0.078566450784353
52 44
     0.009645231678737     0.000000000000000     0.000000000000000
     0.000000000000000     0.009645231678737    -0.000000000000000
     0.000000000000000    -0.000000000000000    -0.004870164049143
52 45
     0.776800904707361     0.000000000000000    -0.000000000000000
     0.000000000000000     0.776800904707361    -0.000000000000099
    -0.000000000000000    -0.000000000000099    -2.666607739735903
52 46
    -0.167297520467045    -0.163706450537525    -0.460231680487180
    -0.163706450537525     0.021734406104761    -0.265714884618892
    -0.460231680487180    -0.265714884618892    -0.732452100952984
52 47
    -0.167297520467045     0.163706450537525     0.460231680487180
     0.163706450537525     0.021734406104761    -0.265714884618892
     0.460231680487180    -0.265714884618892    -0.732452100952984
52 48
     0.055740674232629     0.000000000000000     0.000000000000000
     0.000000000000000    -0.011099588076538    -0.015282975091989
     0.000000000000000    -0.015282975091989     0.078566450784354
52 49
    -1.555026429024698     0.000000000000000     0.000000000000000
     0.000000000000000     0.196202474421910     0.015693710308723
     0.000000000000000     0.015693710308723     0.559461348405960
52 50
     0.025101289887858    -0.029443156688405     0.067776143123739
    -0.029443156688405    -0.008896738991833    -0.039130574477141
     0.067776143123739    -0.039130574477141    -0.584000494046689
52 51
     0.025101289887858     0.029443156688405    -0.067776143123739
     0.029443156688405    -0.008896738991833    -0.039130574477141
    -0.067776143123739    -0.039130574477141    -0.584000494046689
52 52
     6.310838387624546     0.000000000000000     0.000000000000000
     0.000000000000000     6.310838387624552     0.000000000000578
     0.000000000000000     0.000000000000578    26.386904951588793
52 53
     0.008143137607135     0.000000000000000    -0.000000000000000
     0.000000000000000     0.008143137607135    -0.000000000000007
    -0.000000000000000    -0.000000000000007    -0.239013917613405
52 54
    -0.241604751439743     0.758304359113163    -0.013591151807001
     0.758304359113163    -1.117219203163045    -0.007846855154308
    -0.013591151807001    -0.007846855154308     0.559461348405963
52 55
    -0.241604751439743    -0.758304359113163     0.013591151807001
    -0.758304359113163    -1.117219203163045    -0.007846855154308
     0.013591151807001    -0.007846855154308     0.559461348405963
52 56
    -0.025895753431674     0.000000000000000    -0.000000000000000
     0.000000000000000     0.042100304327707     0.078261148954231
    -0.000000000000000     0.078261148954231    -0.584000494046696
53 1
    -0.050944904583339     0.000000000000000     0.000000000000000
     0.000000000000000     0.012789461814649    -0.010414108618579
     0.000000000000000    -0.002741603171101    -0.264436390861014
53 2
    -0.028314657732770     0.037331870670322    -0.063132587086525
     0.037331870670327     0.014792473428957     0.036449616149052
     0.112737018435612    -0.065088747941427     0.350838230107295
53 3
    -0.028314657732770    -0.037331870670322     0.063132587086525
    -0.037331870670327     0.014792473428957     0.036449616149052
    -0.112737018435612    -0.065088747941427     0.350838230107295
53 4
    -2.160007008749870     0.000000000000000    -0.000000000000000
    -0.000000000000000    -2.160007008749870    -0.000000000000471
    -0.000000000000000    -0.000000000000471   -18.533514401625020
53 5
    -0.007745909958941     0.000000000000000    -0.000000000000000
    -0.000000000000000    -0.007745909958941     0.000000000000005
     0.000000000000000     0.000000000000005     0.170711515273309
53 6
    -0.003144129784847     0.027597790197382     0.009018882621452
     0.027597790197382    -0.035011312983842     0.005207054309279
     0.002374297993262     0.001370801585540    -0.264436390861015
53 7
    -0.003144129784847    -0.027597790197382    -0.009018882621452
    -0.027597790197382    -0.035011312983842     0.005207054309279
    -0.002374297993262     0.001370801585540    -0.264436390861015
53 8
     0.036346039009822     0.000000000000000     0.000000000000000
     0.000000000000000    -0.049868223313632    -0.072899232298073
     0.000000000000000     0.130177495882885     0.350838230107292
53 9
    -0.041452138660264     0.000000000000000     0.000000000000000
    -0.000000000000000     0.012918696755846     0.008864794429309
     0.000000000000000     0.010989497992662     0.104811686305279
53 10
    -0.006561278782017    -0.333770436022074    -0.158613909842926
    -0.333770436022079    -0.391966180951770     0.091575783545033
    -0.334234732056276     0.192970512525214    -0.557388869631624
53 11
    -0.006561278782017     0.333770436022074     0.158613909842926
     0.333770436022079    -0.391966180951770     0.091575783545033
     0.334234732056276     0.192970512525214    -0.557388869631624
53 12
     0.092632284060848    -0.000000000000000     0.000000000000000
     0.000000000000000     0.092632284060848     0.000000000000012
     0.000000000000000     0.000000000000012     0.507546394173202
53 13
     0.036564735393630    -0.000000000000000    -0.000000000000000
     0.000000000000000     0.036564735393630    -0.000000000000003
    -0.000000000000000    -0.000000000000003    -0.078597919062403
53 14
    -0.000674012098182     0.023543262347666    -0.007677137175107
     0.023543262347666    -0.027859429806237    -0.004432397214649
    -0.009517184436482    -0.005494748996326     0.104811686305280
53 15
    -0.000674012098182    -0.023543262347666     0.007677137175107
    -0.023543262347666    -0.027859429806237    -0.004432397214649
     0.009517184436482    -0.005494748996326     0.104811686305280
53 16
    -0.584668632036659    -0.000000000000000     0.000000000000000
    -0.000000000000000     0.186141172302847    -0.183151567090097
     0.000000000000000    -0.385941025050459    -0.557388869631598
53 17
    -0.106882221640263     0.000000000000000     0.000000000000000
     0.000000000000000     0.084022782020756     0.126155693826078
     0.000000000000000     0.179003864517302     0.201245759322174
53 18
     0.085921944032974    -0.055624121262507     0.195308312518395
    -0.055624121262501     0.021692741264267    -0.112761306807464
     0.420658598967857    -0.242867355351020     0.082256937262544
53 19
     0.085921944032974     0.055624121262507    -0.195308312518395
     0.055624121262501     0.021692741264267    -0.112761306807464
    -0.420658598967857    -0.242867355351020     0.082256937262544
53 20
     0.107278915359017     0.000000000000000    -0.000000000000000
     0.000000000000000     0.107278915359017    -0.000000000000004
    -0.000000000000000    -0.000000000000004    -0.032083580262281
53 21
    -0.008067465979313     0.000000000000000    -0.000000000000000
     0.000000000000000    -0.008067465979313    -0.000000000000000
    -0.000000000000000    -0.000000000000000    -0.016206492069047
53 22
     0.036296531105494     0.082664291439995    -0.109254035685434
     0.082664291439993    -0.059155970725015    -0.063077846913029
    -0.155021894047571    -0.089501932258642     0.201245759322187
53 23
     0.036296531105494    -0.082664291439995     0.109254035685434
    -0.082664291439993    -0.059155970725015    -0.063077846913029
     0.155021894047571    -0.089501932258642     0.201245759322187
53 24
    -0.010421860120071     0.000000000000000     0.000000000000000
     0.000000000000000     0.118036545417342     0.225522613614930
     0.000000000000000     0.485734710702042     0.082256937262513
53 25
    -0.659613838006944     0.000000000000000    -0.000000000000000
     0.000000000000000    -0.547884375659715     0.025310073419999
     0.000000000000000    -0.072830821385083    -0.835770900958835
53 26
    -0.006539882150998     0.030686505413170     0.010629527685939
     0.030686505413169     0.028893842170567    -0.006136960670832
     0.001174047152355    -0.000677836439450     0.170315825133794
53 27
    -0.006539882150998    -0.030686505413170    -0.010629527685939
    -0.030686505413169     0.028893842170567    -0.006136960670832
    -0.001174047152355    -0.000677836439450     0.170315825133794
53 28
     0.065815599026746     0.000000000000000    -0.000000000000000
     0.000000000000000     0.065815599026746    -0.000000000000005
    -0.000000000000000    -0.000000000000005    -0.108644869423754
53 29
    -0.046472275684062     0.000000000000000    -0.000000000000000
     0.000000000000000    -0.046472275684062     0.000000000000004
    -0.000000000000000     0.000000000000004     0.084786685231309
53 30
    -0.575816741246520     0.048380276371939    -0.021919166553377
     0.048380276371941    -0.631681472420137    -0.012655036710010
     0.063073341497960     0.036415410692532    -0.835770900958836
53 31
    -0.575816741246520    -0.048380276371939     0.021919166553377
    -0.048380276371941    -0.631681472420137    -0.012655036710010
    -0.063073341497960     0.036415410692532    -0.835770900958836
53 32
     0.046610704331349     0.000000000000000     0.000000000000000
     0.000000000000000    -0.024256744311780     0.012273921341678
     0.000000000000000     0.001355672878914     0.170315825133793
53 33
     0.031120582485229    -0.000000000000000     0.000000000000000
    -0.000000000000000    -0.029791500876962    -0.032604446562680
     0.000000000000000    -0.334883877572603     0.199781759563927
53 34
     0.005200049557025     0.063888740385757    -0.020547210638689
     0.063888740385756     0.078972412476832     0.011862937593336
    -0.050625966752844     0.029228915532732    -0.138101228614187
53 35
     0.005200049557025    -0.063888740385757     0.020547210638689
    -0.063888740385756     0.078972412476832     0.011862937593336
     0.050625966752844     0.029228915532732    -0.138101228614187
53 36
    -0.013708335936631    -0.000000000000000    -0.000000000000000
     0.000000000000000    -0.013708335936631     0.000000000000003
     0.000000000000000     0.000000000000003     0.105642923361415
53 37
    -0.765967061722899    -0.000000000000000    -0.000000000000000
     0.000000000000000    -0.765967061722900    -0.000000000000021
    -0.000000000000000    -0.000000000000021    -1.481437421247013
53 38
    -0.014563480036406    -0.026375705794541     0.028236278999620
    -0.026375705794534     0.015892561644689     0.016302223281349
     0.290017945295718     0.167441938786310     0.199781759563911
53 39
    -0.014563480036406     0.026375705794541    -0.028236278999620
     0.026375705794534     0.015892561644689     0.016302223281349
    -0.290017945295718     0.167441938786310     0.199781759563911
53 40
     0.115858593936735    -0.000000000000000     0.000000000000000
    -0.000000000000000    -0.031686131902881    -0.023725875186687
     0.000000000000000    -0.058457831065480    -0.138101228614183
53 41
     0.055740674232629    -0.000000000000000     0.000000000000000
     0.000000000000000    -0.011099588076538    -0.015282975091989
     0.000000000000000    -0.015282975091989     0.078566450784354
53 42
    -0.167297520467045     0.163706450537525     0.460231680487180
     0.163706450537525     0.021734406104761    -0.265714884618892
     0.460231680487180    -0.265714884618892    -0.732452100952984
53 43
    -0.167297520467045    -0.163706450537525    -0.460231680487180
    -0.163706450537525     0.021734406104761    -0.265714884618892
    -0.460231680487180    -0.265714884618892    -0.732452100952984
53 44
     0.776800904707361     0.000000000000000    -0.000000000000000
     0.000000000000000     0.776800904707361    -0.000000000000099
    -0.000000000000000    -0.000000000000099    -2.666607739735903
53 45
     0.009645231678737     0.000000000000000     0.000000000000000
     0.000000000000000     0.009645231678737    -0.000000000000000
     0.000000000000000    -0.000000000000000    -0.004870164049143
53 46
     0.005610477500754    -0.028942682577676     0.013235444675070
    -0.028942682577676     0.039030608655338     0.007641487545997
     0.013235444675070     0.007641487545997     0.078566450784353
53 47
     0.005610477500754     0.028942682577676    -0.013235444675070
     0.028942682577676     0.039030608655338     0.007641487545997
    -0.013235444675070     0.007641487545997     0.078566450784353
53 48
     0.116250369390688     0.000000000000000    -0.000000000000000
     0.000000000000000    -0.261813483752925     0.531429769237728
    -0.000000000000000     0.531429769237728    -0.732452100953030
53 49
    -0.025895753431674     0.000000000000000    -0.000000000000000
     0.000000000000000     0.042100304327707     0.078261148954231
    -0.000000000000000     0.078261148954231    -0.584000494046696
53 50
    -0.241604751439743    -0.758304359113163     0.013591151807001
    -0.758304359113163    -1.117219203163045    -0.007846855154308
     0.013591151807001    -0.007846855154308     0.559461348405963
53 51
    -0.241604751439743     0.758304359113163    -0.013591151807001
     0.758304359113163    -1.117219203163045    -0.007846855154308
    -0.013591151807001    -0.007846855154308     0.559461348405963
53 52
     0.008143137607135     0.000000000000000    -0.000000000000000
     0.000000000000000     0.008143137607135    -0.000000000000007
    -0.000000000000000    -0.000000000000007    -0.239013917613405
53 53
     6.310838387624544     0.000000000000000     0.000000000000000
     0.000000000000000     6.310838387624552     0.000000000000578
     0.000000000000000     0.000000000000578    26.386904951588793
53 54
     0.025101289887858     0.029443156688405    -0.067776143123739
     0.029443156688405    -0.008896738991833    -0.039130574477141
    -0.067776143123739    -0.039130574477141    -0.584000494046689
53 55
     0.025101289887858    -0.029443156688405     0.067776143123739
    -0.029443156688405    -0.008896738991833    -0.039130574477141
     0.067776143123739    -0.039130574477141    -0.584000494046689
53 56
    -1.555026429024698     0.000000000000000     0.000000000000000
     0.000000000000000     0.196202474421909     0.015693710308723
     0.000000000000000     0.015693710308723     0.559461348405960
54 1
    -0.028314657732770     0.037331870670322    -0.063132587086525
     0.037331870670327     0.014792473428957     0.036449616149052
     0.112737018435612    -0.065088747941427     0.350838230107295
54 2
    -0.050944904583339    -0.000000000000000    -0.000000000000000
    -0.000000000000000     0.012789461814649    -0.010414108618579
    -0.000000000000000    -0.002741603171101    -0.264436390861015
54 3
    -2.160007008749870    -0.000000000000000    -0.000000000000000
     0.000000000000000    -2.160007008749870    -0.000000000000471
    -0.000000000000000    -0.000000000000471   -18.533514401625020
54 4
    -0.028314657732770    -0.037331870670322     0.063132587086525
    -0.037331870670327     0.014792473428957     0.036449616149052
    -0.112737018435612    -0.065088747941427     0.350838230107295
54 5
    -0.003144129784847     0.027597790197382     0.009018882621452
     0.027597790197382    -0.035011312983842     0.005207054309279
     0.002374297993262     0.001370801585540    -0.264436390861015
54 6
    -0.007745909958941    -0.000000000000000     0.000000000000000
     0.000000000000000    -0.007745909958941     0.000000000000005
     0.000000000000000     0.000000000000005     0.170711515273309
54 7
     0.036346039009822     0.000000000000000    -0.000000000000000
    -0.000000000000000    -0.049868223313633    -0.072899232298073
     0.000000000000000     0.130177495882885     0.350838230107292
54 8
    -0.003144129784847    -0.027597790197382    -0.009018882621452
    -0.027597790197382    -0.035011312983842     0.005207054309279
    -0.002374297993262     0.001370801585540    -0.264436390861015
54 9
    -0.006561278782017    -0.333770436022074    -0.158613909842926
    -0.333770436022079    -0.391966180951770     0.091575783545033
    -0.334234732056276     0.192970512525214    -0.557388869631624
54 10
    -0.041452138660264     0.000000000000000     0.000000000000000
    -0.000000000000000     0.012918696755846     0.008864794429309
    -0.000000000000000     0.010989497992662     0.104811686305279
54 11
     0.092632284060848    -0.000000000000000    -0.000000000000000
     0.000000000000000     0.092632284060848     0.000000000000012
     0.000000000000000     0.000000000000012     0.507546394173202
54 12
    -0.006561278782017     0.333770436022074     0.158613909842926
     0.333770436022079    -0.391966180951770     0.091575783545033
     0.334234732056276     0.192970512525214    -0.557388869631624
54 13
    -0.000674012098182     0.023543262347666    -0.007677137175107
     0.023543262347666    -0.027859429806237    -0.004432397214649
    -0.009517184436482    -0.005494748996326     0.104811686305280
54 14
     0.036564735393630    -0.000000000000000    -0.000000000000000
     0.000000000000000     0.036564735393630    -0.000000000000003
     0.000000000000000    -0.000000000000003    -0.078597919062403
54 15
    -0.584668632036659     0.000000000000000    -0.000000000000000
    -0.000000000000000     0.186141172302847    -0.183151567090097
    -0.000000000000000    -0.385941025050459    -0.557388869631598
54 16
    -0.000674012098182    -0.023543262347666     0.007677137175107
    -0.023543262347666    -0.027859429806237    -0.004432397214649
     0.009517184436482    -0.005494748996326     0.104811686305279
54 17
     0.085921944032974    -0.055624121262507     0.195308312518395
    -0.055624121262501     0.021692741264267    -0.112761306807464
     0.420658598967857    -0.242867355351020     0.082256937262544
54 18
    -0.106882221640263    -0.000000000000000     0.000000000000000
    -0.000000000000000     0.084022782020756     0.126155693826078
     0.000000000000000     0.179003864517302     0.201245759322174
54 19
     0.107278915359017    -0.000000000000000    -0.000000000000000
     0.000000000000000     0.107278915359017    -0.000000000000004
    -0.000000000000000    -0.000000000000004    -0.032083580262281
54 20
     0.085921944032973     0.055624121262507    -0.195308312518395
     0.055624121262501     0.021692741264267    -0.112761306807464
    -0.420658598967856    -0.242867355351020     0.082256937262544
54 21
     0.036296531105494     0.082664291439995    -0.109254035685434
     0.082664291439993    -0.059155970725015    -0.063077846913029
    -0.155021894047571    -0.089501932258642     0.201245759322187
54 22
    -0.008067465979313    -0.000000000000000    -0.000000000000000
     0.000000000000000    -0.008067465979313    -0.000000000000000
    -0.000000000000000    -0.000000000000000    -0.016206492069047
54 23
    -0.010421860120071    -0.000000000000000     0.000000000000000
    -0.000000000000000     0.118036545417342     0.225522613614930
     0.000000000000000     0.485734710702042     0.082256937262513
54 24
     0.036296531105494    -0.082664291439995     0.109254035685434
    -0.082664291439993    -0.059155970725015    -0.063077846913029
     0.155021894047571    -0.089501932258642     0.201245759322187
54 25
    -0.006539882150998     0.030686505413170     0.010629527685939
     0.030686505413169     0.028893842170567    -0.006136960670832
     0.001174047152355    -0.000677836439450     0.170315825133794
54 26
    -0.659613838006944    -0.000000000000000     0.000000000000000
    -0.000000000000000    -0.547884375659715     0.025310073419999
     0.000000000000000    -0.072830821385083    -0.835770900958835
54 27
     0.065815599026746    -0.000000000000000    -0.000000000000000
     0.000000000000000     0.065815599026746    -0.000000000000005
    -0.000000000000000    -0.000000000000005    -0.108644869423754
54 28
    -0.006539882150998    -0.030686505413170    -0.010629527685939
    -0.030686505413169     0.028893842170567    -0.006136960670832
    -0.001174047152355    -0.000677836439450     0.170315825133794
54 29
    -0.575816741246521     0.048380276371939    -0.021919166553377
     0.048380276371941    -0.631681472420137    -0.012655036710010
     0.063073341497960     0.036415410692532    -0.835770900958836
54 30
    -0.046472275684062    -0.000000000000000    -0.000000000000000
     0.000000000000000    -0.046472275684062     0.000000000000004
     0.000000000000000     0.000000000000004     0.084786685231309
54 31
     0.046610704331349    -0.000000000000000     0.000000000000000
    -0.000000000000000    -0.024256744311780     0.012273921341678
     0.000000000000000     0.001355672878914     0.170315825133793
54 32
    -0.575816741246521    -0.048380276371939     0.021919166553377
    -0.048380276371941    -0.631681472420137    -0.012655036710010
    -0.063073341497960     0.036415410692532    -0.835770900958836
54 33
     0.005200049557025     0.063888740385757    -0.020547210638689
     0.063888740385756     0.078972412476832     0.011862937593336
    -0.050625966752844     0.029228915532732    -0.138101228614187
54 34
     0.031120582485229    -0.000000000000000     0.000000000000000
    -0.000000000000000    -0.029791500876962    -0.032604446562680
    -0.000000000000000    -0.334883877572603     0.199781759563927
54 35
    -0.013708335936631    -0.000000000000000    -0.000000000000000
     0.000000000000000    -0.013708335936631     0.000000000000003
     0.000000000000000     0.000000000000003     0.105642923361415
54 36
     0.005200049557025    -0.063888740385757     0.020547210638689
    -0.063888740385756     0.078972412476832     0.011862937593336
     0.050625966752844     0.029228915532732    -0.138101228614187
54 37
    -0.014563480036406    -0.026375705794541     0.028236278999620
    -0.026375705794534     0.015892561644689     0.016302223281349
     0.290017945295718     0.167441938786310     0.199781759563911
54 38
    -0.765967061722899    -0.000000000000000    -0.000000000000000
     0.000000000000000    -0.765967061722899    -0.000000000000021
    -0.000000000000000    -0.000000000000021    -1.481437421247013
54 39
     0.115858593936734    -0.000000000000000    -0.000000000000000
    -0.000000000000000    -0.031686131902881    -0.023725875186687
    -0.000000000000000    -0.058457831065480    -0.138101228614184
54 40
    -0.014563480036406     0.026375705794541    -0.028236278999620
     0.026375705794534     0.015892561644689     0.016302223281349
    -0.290017945295718     0.167441938786310     0.199781759563911
54 41
    -0.167297520467045     0.163706450537525     0.460231680487181
     0.163706450537525     0.021734406104761    -0.265714884618892
     0.460231680487180    -0.265714884618892    -0.732452100952984
54 42
     0.055740674232629    -0.000000000000000    -0.000000000000000
     0.000000000000000    -0.011099588076538    -0.015282975091989
     0.000000000000000    -0.015282975091989     0.078566450784354
54 43
     0.776800904707361    -0.000000000000000    -0.000000000000000
    -0.000000000000000     0.776800904707361    -0.000000000000099
    -0.000000000000000    -0.000000000000099    -2.666607739735903
54 44
    -0.167297520467045    -0.163706450537525    -0.460231680487180
    -0.163706450537525     0.021734406104761    -0.265714884618892
    -0.460231680487180    -0.265714884618892    -0.732452100952984
54 45
     0.005610477500754    -0.028942682577676     0.013235444675070
    -0.028942682577676     0.039030608655338     0.007641487545997
     0.013235444675070     0.007641487545997     0.078566450784353
54 46
     0.009645231678737    -0.000000000000000    -0.000000000000000
    -0.000000000000000     0.009645231678737    -0.000000000000000
    -0.000000000000000    -0.000000000000000    -0.004870164049143
54 47
     0.116250369390687     0.000000000000000    -0.000000000000000
     0.000000000000000    -0.261813483752925     0.531429769237728
    -0.000000000000000     0.531429769237728    -0.732452100953030
54 48
     0.005610477500754     0.028942682577676    -0.013235444675070
     0.028942682577676     0.039030608655338     0.007641487545997
    -0.013235444675070     0.007641487545997     0.078566450784353
54 49
    -0.241604751439743    -0.758304359113163     0.013591151807001
    -0.758304359113163    -1.117219203163045    -0.007846855154308
     0.013591151807001    -0.007846855154308     0.559461348405963
54 50
    -0.025895753431674    -0.000000000000000    -0.000000000000000
     0.000000000000000     0.042100304327707     0.078261148954231
    -0.000000000000000     0.078261148954231    -0.584000494046696
54 51
     0.008143137607135    -0.000000000000000    -0.000000000000000
    -0.000000000000000     0.008143137607135    -0.000000000000007
    -0.000000000000000    -0.000000000000007    -0.239013917613405
54 52
    -0.241604751439743     0.758304359113163    -0.013591151807001
     0.758304359113163    -1.117219203163045    -0.007846855154308
    -0.013591151807001    -0.007846855154308     0.559461348405963
54 53
     0.025101289887858     0.029443156688405    -0.067776143123739
     0.029443156688405    -0.008896738991833    -0.039130574477141
    -0.067776143123739    -0.039130574477141    -0.584000494046689
54 54
     6.310838387624551    -0.000000000000000     0.000000000000000
    -0.000000000000000     6.310838387624549     0.000000000000578
     0.000000000000000     0.000000000000578    26.386904951588789
54 55
    -1.555026429024698    -0.000000000000000     0.000000000000000
     0.000000000000000     0.196202474421910     0.015693710308723
     0.000000000000000     0.015693710308723     0.559461348405960
54 56
     0.025101289887858    -0.029443156688405     0.067776143123739
    -0.029443156688405    -0.008896738991832    -0.039130574477141
     0.067776143123739    -0.039130574477141    -0.584000494046689
55 1
    -0.028314657732770    -0.037331870670322     0.063132587086525
    -0.037331870670327     0.014792473428957     0.036449616149052
    -0.112737018435612    -0.065088747941427     0.350838230107295
55 2
    -2.160007008749870     0.000000000000000    -0.000000000000000
     0.000000000000000    -2.160007008749870    -0.000000000000471
    -0.000000000000000    -0.000000000000471   -18.533514401625020
55 3
    -0.050944904583339     0.000000000000000     0.000000000000000
     0.000000000000000     0.012789461814649    -0.010414108618579
     0.000000000000000    -0.002741603171101    -0.264436390861015
55 4
    -0.028314657732770     0.037331870670322    -0.063132587086525
     0.037331870670327     0.014792473428957     0.036449616149052
     0.112737018435612    -0.065088747941427     0.350838230107295
55 5
    -0.003144129784847    -0.027597790197382    -0.009018882621452
    -0.027597790197382    -0.035011312983842     0.005207054309279
    -0.002374297993262     0.001370801585540    -0.264436390861015
55 6
     0.036346039009822     0.000000000000000     0.000000000000000
     0.000000000000000    -0.049868223313633    -0.072899232298073
     0.000000000000000     0.130177495882885     0.350838230107292
55 7
    -0.007745909958941     0.000000000000000    -0.000000000000000
     0.000000000000000    -0.007745909958941     0.000000000000005
    -0.000000000000000     0.000000000000005     0.170711515273309
55 8
    -0.003144129784847     0.027597790197382     0.009018882621452
     0.027597790197382    -0.035011312983842     0.005207054309279
     0.002374297993262     0.001370801585540    -0.264436390861015
55 9
    -0.006561278782017     0.333770436022074     0.158613909842926
     0.333770436022079    -0.391966180951770     0.091575783545033
     0.334234732056276     0.192970512525214    -0.557388869631624
55 10
     0.092632284060848     0.000000000000000     0.000000000000000
    -0.000000000000000     0.092632284060848     0.000000000000012
    -0.000000000000000     0.000000000000012     0.507546394173202
55 11
    -0.041452138660264    -0.000000000000000     0.000000000000000
     0.000000000000000     0.012918696755846     0.008864794429309
     0.000000000000000     0.010989497992662     0.104811686305279
55 12
    -0.006561278782017    -0.333770436022074    -0.158613909842926
    -0.333770436022079    -0.391966180951770     0.091575783545033
    -0.334234732056276     0.192970512525214    -0.557388869631624
55 13
    -0.000674012098182    -0.023543262347666     0.007677137175107
    -0.023543262347666    -0.027859429806237    -0.004432397214649
     0.009517184436482    -0.005494748996326     0.104811686305280
55 14
    -0.584668632036659    -0.000000000000000    -0.000000000000000
     0.000000000000000     0.186141172302847    -0.183151567090097
     0.000000000000000    -0.385941025050459    -0.557388869631598
55 15
     0.036564735393630     0.000000000000000     0.000000000000000
    -0.000000000000000     0.036564735393630    -0.000000000000003
    -0.000000000000000    -0.000000000000003    -0.078597919062403
55 16
    -0.000674012098182     0.023543262347666    -0.007677137175107
     0.023543262347666    -0.027859429806236    -0.004432397214649
    -0.009517184436482    -0.005494748996326     0.104811686305279
55 17
     0.085921944032974     0.055624121262507    -0.195308312518395
     0.055624121262501     0.021692741264267    -0.112761306807464
    -0.420658598967857    -0.242867355351020     0.082256937262544
55 18
     0.107278915359017    -0.000000000000000     0.000000000000000
    -0.000000000000000     0.107278915359017    -0.000000000000004
     0.000000000000000    -0.000000000000004    -0.032083580262281
55 19
    -0.106882221640263     0.000000000000000    -0.000000000000000
     0.000000000000000     0.084022782020756     0.126155693826078
     0.000000000000000     0.179003864517302     0.201245759322174
55 20
     0.085921944032974    -0.055624121262507     0.195308312518395
    -0.055624121262501     0.021692741264267    -0.112761306807464
     0.420658598967856    -0.242867355351020     0.082256937262544
55 21
     0.036296531105494    -0.082664291439995     0.109254035685434
    -0.082664291439993    -0.059155970725015    -0.063077846913029
     0.155021894047571    -0.089501932258642     0.201245759322187
55 22
    -0.010421860120071     0.000000000000000    -0.000000000000000
     0.000000000000000     0.118036545417342     0.225522613614930
    -0.000000000000000     0.485734710702042     0.082256937262513
55 23
    -0.008067465979313    -0.000000000000000     0.000000000000000
    -0.000000000000000    -0.008067465979313    -0.000000000000000
     0.000000000000000    -0.000000000000000    -0.016206492069047
55 24
     0.036296531105494     0.082664291439995    -0.109254035685434
     0.082664291439993    -0.059155970725015    -0.063077846913029
    -0.155021894047571    -0.089501932258642     0.201245759322187
55 25
    -0.006539882150998    -0.030686505413170    -0.010629527685939
    -0.030686505413169     0.028893842170567    -0.006136960670832
    -0.001174047152355    -0.000677836439450     0.170315825133794
55 26
     0.065815599026746    -0.000000000000000     0.000000000000000
    -0.000000000000000     0.065815599026747    -0.000000000000005
     0.000000000000000    -0.000000000000005    -0.108644869423754
55 27
    -0.659613838006944     0.000000000000000    -0.000000000000000
     0.000000000000000    -0.547884375659715     0.025310073419999
    -0.000000000000000    -0.072830821385083    -0.835770900958835
55 28
    -0.006539882150998     0.030686505413170     0.010629527685939
     0.030686505413169     0.028893842170567    -0.006136960670832
     0.001174047152355    -0.000677836439450     0.170315825133794
55 29
    -0.575816741246521    -0.048380276371939     0.021919166553377
    -0.048380276371941    -0.631681472420137    -0.012655036710010
    -0.063073341497960     0.036415410692532    -0.835770900958836
55 30
     0.046610704331349     0.000000000000000    -0.000000000000000
     0.000000000000000    -0.024256744311780     0.012273921341678
    -0.000000000000000     0.001355672878914     0.170315825133793
55 31
    -0.046472275684062    -0.000000000000000     0.000000000000000
    -0.000000000000000    -0.046472275684062     0.000000000000004
     0.000000000000000     0.000000000000004     0.084786685231309
55 32
    -0.575816741246521     0.048380276371939    -0.021919166553377
     0.048380276371941    -0.631681472420137    -0.012655036710010
     0.063073341497960     0.036415410692532    -0.835770900958837
55 33
     0.005200049557025    -0.063888740385757     0.020547210638689
    -0.063888740385756     0.078972412476832     0.011862937593336
     0.050625966752844     0.029228915532732    -0.138101228614187
55 34
    -0.013708335936631     0.000000000000000     0.000000000000000
    -0.000000000000000    -0.013708335936631     0.000000000000003
    -0.000000000000000     0.000000000000003     0.105642923361415
55 35
     0.031120582485229    -0.000000000000000     0.000000000000000
     0.000000000000000    -0.029791500876962    -0.032604446562680
     0.000000000000000    -0.334883877572603     0.199781759563927
55 36
     0.005200049557025     0.063888740385757    -0.020547210638689
     0.063888740385756     0.078972412476832     0.011862937593336
    -0.050625966752844     0.029228915532732    -0.138101228614187
55 37
    -0.014563480036406     0.026375705794541    -0.028236278999620
     0.026375705794534     0.015892561644689     0.016302223281349
    -0.290017945295718     0.167441938786310     0.199781759563911
55 38
     0.115858593936735    -0.000000000000000    -0.000000000000000
     0.000000000000000    -0.031686131902881    -0.023725875186687
     0.000000000000000    -0.058457831065480    -0.138101228614184
55 39
    -0.765967061722899     0.000000000000000    -0.000000000000000
    -0.000000000000000    -0.765967061722899    -0.000000000000021
    -0.000000000000000    -0.000000000000021    -1.481437421247013
55 40
    -0.014563480036406    -0.026375705794541     0.028236278999620
    -0.026375705794534     0.015892561644689     0.016302223281349
     0.290017945295718     0.167441938786310     0.199781759563911
55 41
    -0.167297520467045    -0.163706450537525    -0.460231680487181
    -0.163706450537525     0.021734406104761    -0.265714884618892
    -0.460231680487180    -0.265714884618892    -0.732452100952984
55 42
     0.776800904707361     0.000000000000000    -0.000000000000000
     0.000000000000000     0.776800904707361    -0.000000000000099
    -0.000000000000000    -0.000000000000099    -2.666607739735903
55 43
     0.055740674232629     0.000000000000000     0.000000000000000
    -0.000000000000000    -0.011099588076538    -0.015282975091989
    -0.000000000000000    -0.015282975091989     0.078566450784354
55 44
    -0.167297520467045     0.163706450537525     0.460231680487180
     0.163706450537525     0.021734406104761    -0.265714884618892
     0.460231680487180    -0.265714884618892    -0.732452100952984
55 45
     0.005610477500755     0.028942682577676    -0.013235444675070
     0.028942682577676     0.039030608655338     0.007641487545997
    -0.013235444675070     0.007641487545997     0.078566450784353
55 46
     0.116250369390687     0.000000000000000    -0.000000000000000
     0.000000000000000    -0.261813483752925     0.531429769237728
    -0.000000000000000     0.531429769237728    -0.732452100953030
55 47
     0.009645231678737     0.000000000000000     0.000000000000000
     0.000000000000000     0.009645231678737    -0.000000000000000
     0.000000000000000    -0.000000000000000    -0.004870164049143
55 48
     0.005610477500755    -0.028942682577676     0.013235444675070
    -0.028942682577676     0.039030608655338     0.007641487545997
     0.013235444675070     0.007641487545997     0.078566450784353
55 49
    -0.241604751439743     0.758304359113163    -0.013591151807001
     0.758304359113163    -1.117219203163045    -0.007846855154308
    -0.013591151807001    -0.007846855154308     0.559461348405963
55 50
     0.008143137607135     0.000000000000000    -0.000000000000000
     0.000000000000000     0.008143137607135    -0.000000000000007
    -0.000000000000000    -0.000000000000007    -0.239013917613405
55 51
    -0.025895753431674     0.000000000000000    -0.000000000000000
    -0.000000000000000     0.042100304327707     0.078261148954231
    -0.000000000000000     0.078261148954231    -0.584000494046696
55 52
    -0.241604751439743    -0.758304359113163     0.013591151807001
    -0.758304359113163    -1.117219203163045    -0.007846855154308
     0.013591151807001    -0.007846855154308     0.559461348405963
55 53
     0.025101289887858    -0.029443156688405     0.067776143123739
    -0.029443156688405    -0.008896738991833    -0.039130574477141
     0.067776143123739    -0.039130574477141    -0.584000494046689
55 54
    -1.555026429024698     0.000000000000000     0.000000000000000
    -0.000000000000000     0.196202474421910     0.015693710308723
     0.000000000000000     0.015693710308723     0.559461348405960
55 55
     6.310838387624552    -0.000000000000000     0.000000000000000
    -0.000000000000000     6.310838387624548     0.000000000000578
     0.000000000000000     0.000000000000578    26.386904951588789
55 56
     0.025101289887858     0.029443156688405    -0.067776143123739
     0.029443156688405    -0.008896738991832    -0.039130574477141
    -0.067776143123739    -0.039130574477141    -0.584000494046689
56 1
    -2.160007008749871     0.000000000000000    -0.000000000000000
     0.000000000000000    -2.160007008749871    -0.000000000000471
    -0.000000000000000    -0.000000000000471   -18.533514401625020
56 2
    -0.028314657732770    -0.037331870670322     0.063132587086525
    -0.037331870670327     0.014792473428957     0.036449616149052
    -0.112737018435612    -0.065088747941427     0.350838230107295
56 3
    -0.028314657732770     0.037331870670322    -0.063132587086525
     0.037331870670327     0.014792473428957     0.036449616149052
     0.112737018435612    -0.065088747941427     0.350838230107295
56 4
    -0.050944904583339     0.000000000000000    -0.000000000000000
    -0.000000000000000     0.012789461814649    -0.010414108618579
     0.000000000000000    -0.002741603171101    -0.264436390861015
56 5
     0.036346039009822     0.000000000000000    -0.000000000000000
    -0.000000000000000    -0.049868223313633    -0.072899232298073
     0.000000000000000     0.130177495882885     0.350838230107292
56 6
    -0.003144129784847    -0.027597790197382    -0.009018882621452
    -0.027597790197382    -0.035011312983842     0.005207054309279
    -0.002374297993262     0.001370801585540    -0.264436390861015
56 7
    -0.003144129784847     0.027597790197382     0.009018882621452
     0.027597790197382    -0.035011312983842     0.005207054309279
     0.002374297993262     0.001370801585540    -0.264436390861015
56 8
    -0.007745909958940     0.000000000000000     0.000000000000000
     0.000000000000000    -0.007745909958940     0.000000000000005
     0.000000000000000     0.000000000000005     0.170711515273309
56 9
     0.092632284060848     0.000000000000000     0.000000000000000
    -0.000000000000000     0.092632284060848     0.000000000000012
     0.000000000000000     0.000000000000012     0.507546394173202
56 10
    -0.006561278782017     0.333770436022074     0.158613909842926
     0.333770436022079    -0.391966180951770     0.091575783545033
     0.334234732056276     0.192970512525214    -0.557388869631623
56 11
    -0.006561278782017    -0.333770436022074    -0.158613909842926
    -0.333770436022079    -0.391966180951770     0.091575783545033
    -0.334234732056276     0.192970512525214    -0.557388869631623
56 12
    -0.041452138660264    -0.000000000000000    -0.000000000000000
    -0.000000000000000     0.012918696755846     0.008864794429309
     0.000000000000000     0.010989497992662     0.104811686305279
56 13
    -0.584668632036659    -0.000000000000000    -0.000000000000000
    -0.000000000000000     0.186141172302847    -0.183151567090097
    -0.000000000000000    -0.385941025050459    -0.557388869631598
56 14
    -0.000674012098182    -0.023543262347666     0.007677137175107
    -0.023543262347666    -0.027859429806237    -0.004432397214649
     0.009517184436482    -0.005494748996326     0.104811686305280
56 15
    -0.000674012098182     0.023543262347666    -0.007677137175107
     0.023543262347666    -0.027859429806237    -0.004432397214649
    -0.009517184436482    -0.005494748996326     0.104811686305280
56 16
     0.036564735393630     0.000000000000000     0.000000000000000
    -0.000000000000000     0.036564735393630    -0.000000000000003
     0.000000000000000    -0.000000000000003    -0.078597919062403
56 17
     0.107278915359017     0.000000000000000    -0.000000000000000
     0.000000000000000     0.107278915359017    -0.000000000000004
     0.000000000000000    -0.000000000000004    -0.032083580262281
56 18
     0.085921944032974     0.055624121262507    -0.195308312518395
     0.055624121262501     0.021692741264267    -0.112761306807464
    -0.420658598967857    -0.242867355351020     0.082256937262544
56 19
     0.085921944032974    -0.055624121262507     0.195308312518395
    -0.055624121262501     0.021692741264267    -0.112761306807464
     0.420658598967857    -0.242867355351020     0.082256937262544
56 20
    -0.106882221640263     0.000000000000000     0.000000000000000
     0.000000000000000     0.084022782020756     0.126155693826078
     0.000000000000000     0.179003864517302     0.201245759322174
56 21
    -0.010421860120071     0.000000000000000    -0.000000000000000
     0.000000000000000     0.118036545417342     0.225522613614930
    -0.000000000000000     0.485734710702041     0.082256937262513
56 22
     0.036296531105494    -0.082664291439995     0.109254035685434
    -0.082664291439993    -0.059155970725015    -0.063077846913030
     0.155021894047571    -0.089501932258642     0.201245759322187
56 23
     0.036296531105494     0.082664291439995    -0.109254035685434
     0.082664291439993    -0.059155970725015    -0.063077846913030
    -0.155021894047571    -0.089501932258642     0.201245759322187
56 24
    -0.008067465979313     0.000000000000000    -0.000000000000000
     0.000000000000000    -0.008067465979313    -0.000000000000000
     0.000000000000000    -0.000000000000000    -0.016206492069047
56 25
     0.065815599026747     0.000000000000000    -0.000000000000000
     0.000000000000000     0.065815599026747    -0.000000000000005
     0.000000000000000    -0.000000000000005    -0.108644869423754
56 26
    -0.006539882150998    -0.030686505413170    -0.010629527685939
    -0.030686505413169     0.028893842170567    -0.006136960670832
    -0.001174047152355    -0.000677836439450     0.170315825133794
56 27
    -0.006539882150998     0.030686505413170     0.010629527685939
     0.030686505413169     0.028893842170567    -0.006136960670832
     0.001174047152355    -0.000677836439450     0.170315825133794
56 28
    -0.659613838006944     0.000000000000000    -0.000000000000000
     0.000000000000000    -0.547884375659715     0.025310073419999
    -0.000000000000000    -0.072830821385083    -0.835770900958835
56 29
     0.046610704331349     0.000000000000000    -0.000000000000000
     0.000000000000000    -0.024256744311780     0.012273921341678
    -0.000000000000000     0.001355672878914     0.170315825133793
56 30
    -0.575816741246521    -0.048380276371939     0.021919166553377
    -0.048380276371941    -0.631681472420137    -0.012655036710010
    -0.063073341497960     0.036415410692532    -0.835770900958836
56 31
    -0.575816741246521     0.048380276371939    -0.021919166553377
     0.048380276371941    -0.631681472420137    -0.012655036710010
     0.063073341497960     0.036415410692532    -0.835770900958836
56 32
    -0.046472275684061     0.000000000000000    -0.000000000000000
     0.000000000000000    -0.046472275684061     0.000000000000004
     0.000000000000000     0.000000000000004     0.084786685231309
56 33
    -0.013708335936631     0.000000000000000     0.000000000000000
    -0.000000000000000    -0.013708335936631     0.000000000000003
     0.000000000000000     0.000000000000003     0.105642923361415
56 34
     0.005200049557025    -0.063888740385757     0.020547210638689
    -0.063888740385756     0.078972412476832     0.011862937593336
     0.050625966752844     0.029228915532732    -0.138101228614187
56 35
     0.005200049557025     0.063888740385757    -0.020547210638689
     0.063888740385756     0.078972412476832     0.011862937593336
    -0.050625966752844     0.029228915532732    -0.138101228614187
56 36
     0.031120582485229    -0.000000000000000    -0.000000000000000
    -0.000000000000000    -0.029791500876962    -0.032604446562680
     0.000000000000000    -0.334883877572603     0.199781759563927
56 37
     0.115858593936735    -0.000000000000000    -0.000000000000000
    -0.000000000000000    -0.031686131902881    -0.023725875186687
    -0.000000000000000    -0.058457831065480    -0.138101228614183
56 38
    -0.014563480036406     0.026375705794541    -0.028236278999620
     0.026375705794534     0.015892561644689     0.016302223281349
    -0.290017945295719     0.167441938786310     0.199781759563911
56 39
    -0.014563480036406    -0.026375705794541     0.028236278999620
    -0.026375705794534     0.015892561644689     0.016302223281349
     0.290017945295718     0.167441938786310     0.199781759563911
56 40
    -0.765967061722900     0.000000000000000    -0.000000000000000
    -0.000000000000000    -0.765967061722900    -0.000000000000021
    -0.000000000000000    -0.000000000000021    -1.481437421247012
56 41
     0.776800904707361     0.000000000000000    -0.000000000000000
     0.000000000000000     0.776800904707361    -0.000000000000099
    -0.000000000000000    -0.000000000000099    -2.666607739735904
56 42
    -0.167297520467045    -0.163706450537525    -0.460231680487180
    -0.163706450537525     0.021734406104761    -0.265714884618892
    -0.460231680487181    -0.265714884618892    -0.732452100952984
56 43
    -0.167297520467045     0.163706450537525     0.460231680487180
     0.163706450537525     0.021734406104761    -0.265714884618892
     0.460231680487181    -0.265714884618892    -0.732452100952984
56 44
     0.055740674232629     0.000000000000000    -0.000000000000000
    -0.000000000000000    -0.011099588076538    -0.015282975091989
     0.000000000000000    -0.015282975091989     0.078566450784354
56 45
     0.116250369390688     0.000000000000000    -0.000000000000000
     0.000000000000000    -0.261813483752925     0.531429769237728
    -0.000000000000000     0.531429769237728    -0.732452100953030
56 46
     0.005610477500754     0.028942682577676    -0.013235444675070
     0.028942682577676     0.039030608655338     0.007641487545997
    -0.013235444675070     0.007641487545997     0.078566450784353
56 47
     0.005610477500754    -0.028942682577676     0.013235444675070
    -0.028942682577676     0.039030608655338     0.007641487545997
     0.013235444675070     0.007641487545997     0.078566450784353
56 48
     0.009645231678737     0.000000000000000    -0.000000000000000
     0.000000000000000     0.009645231678737    -0.000000000000000
     0.000000000000000    -0.000000000000000    -0.004870164049143
56 49
     0.008143137607135     0.000000000000000    -0.000000000000000
     0.000000000000000     0.008143137607135    -0.000000000000007
    -0.000000000000000    -0.000000000000007    -0.239013917613405
56 50
    -0.241604751439743     0.758304359113163    -0.013591151807001
     0.758304359113163    -1.117219203163045    -0.007846855154308
    -0.013591151807001    -0.007846855154308     0.559461348405963
56 51
    -0.241604751439743    -0.758304359113163     0.013591151807001
    -0.758304359113163    -1.117219203163045    -0.007846855154308
     0.013591151807001    -0.007846855154308     0.559461348405963
56 52
    -0.025895753431674     0.000000000000000    -0.000000000000000
     0.000000000000000     0.042100304327707     0.078261148954231
    -0.000000000000000     0.078261148954231    -0.584000494046696
56 53
    -1.555026429024698     0.000000000000000     0.000000000000000
     0.000000000000000     0.196202474421909     0.015693710308723
     0.000000000000000     0.015693710308723     0.559461348405960
56 54
     0.025101289887858    -0.029443156688405     0.067776143123739
    -0.029443156688405    -0.008896738991832    -0.039130574477141
     0.067776143123739    -0.039130574477141    -0.584000494046689
56 55
     0.025101289887858     0.029443156688405    -0.067776143123739
     0.029443156688405    -0.008896738991832    -0.039130574477141
    -0.067776143123739    -0.039130574477141    -0.584000494046689
56 56
     6.310838387624550    -0.000000000000000     0.000000000000000
    -0.000000000000000     6.310838387624550     0.000000000000578
     0.000000000000000     0.000000000000578    26.386904951588793