# Tetrahedron method
      -12.6177563985        0.0000000000        0.0000000000        0.0000000000        0.0000000000        0.0000000000        0.0000000000        0.0000000000        0.0000000000        0.0000000000        0.0000000000        0.0000000000        0.0000000000        0.0000000000        0.0000000000        0.0000000000        0.0000000000        0.0000000000        0.0000000000        0.0000000000        0.0000000000        0.0000000000        0.0000000000        0.0000000000        0.0000000000        0.0000000000        0.0000000000        0.0000000000        0.0000000000        0.0000000000
      -12.4248355608        0.0000000000        0.0000000000        0.0000000000        0.0000000000        0.0000000000        0.0000000000        0.0000000000        0.0000000000        0.0000000000        0.0000000000        0.0000000000        0.0000000000        0.0000000000        0.0000000000        0.0000000000        0.0000000000        0.0000000000        0.0000000000        0.0000000000        0.0000000000        0.0000000000        0.0000000000        0.0000000000        0.0000000000        0.0000000000        0.0000000000        0.0000000000        0.0000000000        0.0000000000
      -12.2319147231        0.0000000000        0.0000000000        0.0000000000        0.0000000000        0.0000000000        0.0000000000        0.0000000000        0.0000000000        0.0000000000        0.0000000000        0.0000000000        0.0000000000        0.0000000000        0.0000000000        0.0000000000        0.0000000000        0.0000000000        0.0000000000        0.0000000000        0.0000000000        0.0000000000        0.0000000000        0.0000000000        0.0000000000        0.0000000000        0.0000000000        0.0000000000        0.0000000000        0.0000000000
      -12.0389938853        0.0000000000        0.0000000000        0.0000000000        0.0000000000        0.0000000000        0.0000000000        0.0000000000        0.0000000000        0.0000000000        0.0000000000        0.0000000000        0.0000000000        0.0000000000        0.0000000000        0.0000000000        0.0000000000        0.0000000000        0.0000000000        0.0000000000        0.0000000000        0.0000000000        0.0000000000        0.0000000000        0.0000000000        0.0000000000        0.0000000000        0.0000000000        0.0000000000        0.0000000000
      -11.8460730476        0.0000000000        0.0000000000        0.0000000000        0.0000000000        0.0000000000        0.0000000000        0.0000000000        0.0000000000        0.0000000000        0.0000000000        0.0000000000        0.0000000000        0.0000000000        0.0000000000        0.0000000000        0.0000000000        0.0000000000        0.0000000000        0.0000000000        0.0000000000        0.0000000000        0.0000000000        0.0000000000        0.0000000000        0.0000000000        0.0000000000        0.0000000000        0.0000000000        0.0000000000
      -11.6531522099        0.0000000000        0.0000000000        0.0000000000        0.0000000000        0.0000000000        0.0000000000        0.0000000000        0.0000000000        0.0000000000        0.0000000000        0.0000000000        0.0000000000        0.0000000000        0.0000000000        0.0000000000        0.0000000000        0.0000000000        0.0000000000        0.0000000000        0.0000000000        0.0000000000        0.0000000000        0.0000000000        0.0000000000        0.0000000000        0.0000000000        0.0000000000        0.0000000000        0.0000000000
      -11.4602313722        0.0000000000        0.0000000000        0.0000000000        0.0000000000        0.0000000000        0.0000000000        0.0000000000        0.0000000000        0.0000000000        0.0000000000        0.0000000000        0.0000000000        0.0000000000        0.0000000000        0.0000000000        0.0000000000        0.0000000000        0.0000000000        0.0000000000        0.0000000000        0.0000000000        0.0000000000        0.0000000000        0.0000000000        0.0000000000        0.0000000000        0.0000000000        0.0000000000        0.0000000000
      -11.2673105344        0.0000000000        0.0000000000        0.0000000000        0.0000000000        0.0000000000        0.0000000000        0.0000000000        0.0000000000        0.0000000000        0.0000000000        0.0000000000        0.0000000000        0.0000000000        0.0000000000        0.0000000000        0.0000000000        0.0000000000        0.0000000000        0.0000000000        0.0000000000        0.0000000000        0.0000000000        0.0000000000        0.0000000000        0.0000000000        0.0000000000        0.0000000000        0.0000000000        0.0000000000
      -11.0743896967        0.0000000000        0.0000000000        0.0000000000        0.0000000000        0.0000000000        0.0000000000        0.0000000000        0.0000000000        0.0000000000        0.0000000000        0.0000000000        0.0000000000        0.0000000000        0.0000000000        0.0000000000        0.0000000000        0.0000000000        0.0000000000        0.0000000000        0.0000000000        0.0000000000        0.0000000000        0.0000000000        0.0000000000        0.0000000000        0.0000000000        0.0000000000        0.0000000000        0.0000000000
      -10.8814688590        0.0000000000        0.0000000000        0.0000000000        0.0000000000        0.0000000000        0.0000000000        0.0000000000        0.0000000000        0.0000000000        0.0000000000        0.0000000000        0.0000000000        0.0000000000        0.0000000000        0.0000000000        0.0000000000        0.0000000000        0.0000000000        0.0000000000        0.0000000000        0.0000000000        0.0000000000        0.0000000000        0.0000000000        0.0000000000        0.0000000000        0.0000000000        0.0000000000        0.0000000000
      -10.6885480213        0.0000000000        0.0000000000        0.0000000000        0.0000000000        0.0000000000        0.0000000000        0.0000000000        0.0000000000        0.0000000000        0.0000000000        0.0000000000        0.0000000000        0.0000000000        0.0000000000        0.0000000000        0.0000000000        0.0000000000        0.0000000000        0.0000000000        0.0000000000        0.0000000000        0.0000000000        0.0000000000        0.0000000000        0.0000000000        0.0000000000        0.0000000000        0.0000000000        0.0000000000
      -10.4956271835        0.0000000000        0.0000000000        0.0000000000        0.0000000000        0.0000000000        0.0000000000        0.0000000000        0.0000000000        0.0000000000        0.0000000000        0.0000000000        0.0000000000        0.0000000000        0.0000000000        0.0000000000        0.0000000000        0.0000000000        0.0000000000        0.0000000000        0.0000000000        0.0000000000        0.0000000000        0.0000000000        0.0000000000        0.0000000000        0.0000000000        0.0000000000        0.0000000000        0.0000000000
      -10.3027063458        0.0000000000        0.0000000000        0.0000000000        0.0000000000        0.0000000000        0.0000000000        0.0000000000        0.0000000000        0.0000000000        0.0000000000        0.0000000000        0.0000000000        0.0000000000        0.0000000000        0.0000000000        0.0000000000        0.0000000000        0.0000000000        0.0000000000        0.0000000000        0.0000000000        0.0000000000        0.0000000000        0.0000000000        0.0000000000        0.0000000000        0.0000000000        0.0000000000        0.0000000000
      -10.1097855081        0.0000000000        0.0000000000        0.0000000000        0.0000000000        0.0000000000        0.0000000000        0.0000000000        0.0000000000        0.0000000000        0.0000000000        0.0000000000        0.0000000000        0.0000000000        0.0000000000        0.0000000000        0.0000000000        0.0000000000        0.0000000000        0.0000000000        0.0000000000        0.0000000000        0.0000000000        0.0000000000        0.0000000000        0.0000000000        0.0000000000        0.0000000000        0.0000000000        0.0000000000
       -9.9168646704        0.0000000000        0.0000000000        0.0000000000        0.0000000000        0.0000000000        0.0000000000        0.0000000000        0.0000000000        0.0000000000        0.0000000000        0.0000000000        0.0000000000        0.0000000000        0.0000000000        0.0000000000        0.0000000000        0.0000000000        0.0000000000        0.0000000000        0.0000000000        0.0000000000        0.0000000000        0.0000000000        0.0000000000        0.0000000000        0.0000000000        0.0000000000        0.0000000000        0.0000000000
       -9.7239438326        0.0000000000        0.0000000000        0.0000000000        0.0000000000        0.0000000000        0.0000000000        0.0000000000        0.0000000000        0.0000000000        0.0000000000        0.0000000000        0.0000000000        0.0000000000        0.0000000000        0.0000000000        0.0000000000        0.0000000000        0.0000000000        0.0000000000        0.0000000000        0.0000000000        0.0000000000        0.0000000000        0.0000000000        0.0000000000        0.0000000000        0.0000000000        0.0000000000        0.0000000000
       -9.5310229949        0.0000000000        0.0000000000        0.0000000000        0.0000000000        0.0000000000        0.0000000000        0.0000000000        0.0000000000        0.0000000000        0.0000000000        0.0000000000        0.0000000000        0.0000000000        0.0000000000        0.0000000000        0.0000000000        0.0000000000        0.0000000000        0.0000000000        0.0000000000        0.0000000000        0.0000000000        0.0000000000        0.0000000000        0.0000000000        0.0000000000        0.0000000000        0.0000000000        0.0000000000
       -9.3381021572        0.0000000049        0.0000000007        0.0000000010        0.0000000034        0.0000000026        0.0000000026        0.0000000017        0.0000000021        0.0000000023        0.0000000019        0.0000000012        0.0000000010        0.0000000006        0.0000000014        0.0000000005        0.0000000008        0.0000000007        0.0000000011        0.0000000016        0.0000000010        0.0000000022        0.0000000011        0.0000000016        0.0000000016        0.0000000078        0.0000000041        0.0000000065        0.0000000051        0.0000000030
       -9.1451813195        0.0000000746        0.0000000116        0.0000000165        0.0000000528        0.0000000405        0.0000000412        0.0000000274        0.0000000337        0.0000000360        0.0000000300        0.0000000194        0.0000000161        0.0000000093        0.0000000217        0.0000000077        0.0000000122        0.0000000108        0.0000000172        0.0000000250        0.0000000158        0.0000000334        0.0000000177        0.0000000244        0.0000000262        0.0000001244        0.0000000713        0.0000001047        0.0000000859        0.0000000472
       -8.9522604817        0.0000002181        0.0000000356        0.0000000509        0.0000001579        0.0000001212        0.0000001234        0.0000000835        0.0000001048        0.0000001087        0.0000000908        0.0000000615        0.0000000490        0.0000000287        0.0000000640        0.0000000233        0.0000000364        0.0000000340        0.0000000517        0.0000000735        0.0000000479        0.0000000978        0.0000000533        0.0000000720        0.0000000820        0.0000003794        0.0000002359        0.0000003226        0.0000002778        0.0000001447
       -8.7593396440        0.0000004519        0.0000000858        0.0000001230        0.0000003431        0.0000002611        0.0000002707        0.0000001984        0.0000002373        0.0000002511        0.0000002007        0.0000001969        0.0000001053        0.0000000658        0.0000001428        0.0000000501        0.0000000791        0.0000000781        0.0000001132        0.0000001512        0.0000001057        0.0000002030        0.0000001191        0.0000001486        0.0000002186        0.0000008248        0.0000006277        0.0000007947        0.0000007180        0.0000003428
       -8.5664188063        0.0000009268        0.0000002207        0.0000003239        0.0000008056        0.0000005316        0.0000006423        0.0000005133        0.0000005697        0.0000007182        0.0000004444        0.0000005801        0.0000002424        0.0000001729        0.0000003682        0.0000001208        0.0000001953        0.0000002159        0.0000002929        0.0000003453        0.0000002631        0.0000004465        0.0000002869        0.0000003366        0.0000006298        0.0000018511        0.0000019979        0.0000021117        0.0000019543        0.0000008915
       -8.3734979686        0.0000016571        0.0000004980        0.0000006602        0.0000015256        0.0000009515        0.0000012659        0.0000011078        0.0000011125        0.0000014627        0.0000008487        0.0000012113        0.0000004784        0.0000003665        0.0000007180        0.0000002381        0.0000004129        0.0000004414        0.0000005892        0.0000006465        0.0000005161        0.0000008187        0.0000005687        0.0000006167        0.0000013512        0.0000037095        0.0000045504        0.0000046387        0.0000040729        0.0000018376
       -8.1805771308        0.0000026640        0.0000010096        0.0000012136        0.0000025545        0.0000016073        0.0000022674        0.0000020947        0.0000019970        0.0000025244        0.0000014909        0.0000023884        0.0000008853        0.0000006654        0.0000012237        0.0000004402        0.0000007917        0.0000008101        0.0000010084        0.0000010653        0.0000009157        0.0000013040        0.0000009928        0.0000010142        0.0000025624        0.0000066650        0.0000086212        0.0000088078        0.0000074752        0.0000032927
       -7.9876562931        0.0000044222        0.0000022059        0.0000023209        0.0000046933        0.0000031234        0.0000045262        0.0000043689        0.0000038651        0.0000046615        0.0000029208        0.0000052382        0.0000017556        0.0000012771        0.0000020661        0.0000008961        0.0000016533        0.0000015884        0.0000018368        0.0000018166        0.0000017244        0.0000022304        0.0000019118        0.0000018089        0.0000055221        0.0000141753        0.0000178755        0.0000187537        0.0000158523        0.0000064031
       -7.7947354554        0.0000078752        0.0000047093        0.0000047247        0.0000092003        0.0000066727        0.0000094912        0.0000090888        0.0000078194        0.0000086670        0.0000061303        0.0000110054        0.0000034782        0.0000025844        0.0000036453        0.0000018291        0.0000034321        0.0000031698        0.0000034025        0.0000032088        0.0000032852        0.0000040232        0.0000037087        0.0000033201        0.0000124478        0.0000298273        0.0000373551        0.0000390000        0.0000334468        0.0000129211
       -7.6018146177        0.0000156197        0.0000107724        0.0000117417        0.0000201918        0.0000171104        0.0000218049        0.0000206992        0.0000175229        0.0000180325        0.0000147789        0.0000236974        0.0000072603        0.0000061475        0.0000072661        0.0000039938        0.0000071823        0.0000063616        0.0000066675        0.0000067880        0.0000063576        0.0000074833        0.0000074835        0.0000067246        0.0000335958        0.0000610389        0.0000793112        0.0000781102        0.0000732767        0.0000312223
       -7.4088937799        0.0000291371        0.0000232619        0.0000273714        0.0000400313        0.0000370095        0.0000450640        0.0000402685        0.0000369477        0.0000346819        0.0000302546        0.0000465796        0.0000142130        0.0000126767        0.0000135011        0.0000080387        0.0000136822        0.0000119746        0.0000128215        0.0000137941        0.0000118988        0.0000137412        0.0000145668        0.0000132824        0.0000775597        0.0001140156        0.0001519163        0.0001423590        0.0001422633        0.0000693191
       -7.2159729422        0.0000579163        0.0000553332        0.0000643917        0.0000956594        0.0000861424        0.0001072991        0.0000789537        0.0000852421        0.0000720389        0.0000568676        0.0000820245        0.0000323539        0.0000271026        0.0000347364        0.0000209400        0.0000289350        0.0000254740        0.0000255640        0.0000285148        0.0000341493        0.0000304377        0.0000261434        0.0000319673        0.0001563653        0.0002394777        0.0002992084        0.0002775780        0.0002744697        0.0001437746
       -7.0230521045        0.0000914495        0.0000773346        0.0000959423        0.0001241123        0.0001139805        0.0001444225        0.0001237298        0.0001256674        0.0001007714        0.0000855125        0.0001196061        0.0000475642        0.0000388786        0.0000440516        0.0000289008        0.0000404660        0.0000356075        0.0000394668        0.0000390656        0.0000426562        0.0000435998        0.0000407207        0.0000441040        0.0002333393        0.0003736847        0.0004352959        0.0004010635        0.0003984683        0.0002252424
       -6.8301312668        0.0001417925        0.0001291542        0.0001600501        0.0001894779        0.0001776940        0.0002309685        0.0002049719        0.0002019497        0.0001591069        0.0001369147        0.0001851018        0.0000757347        0.0000632421        0.0000679329        0.0000471487        0.0000669302        0.0000589825        0.0000656723        0.0000627963        0.0000679885        0.0000702728        0.0000659856        0.0000719891        0.0003737102        0.0006100101        0.0007070455        0.0006441729        0.0006534476        0.0003874564
       -6.6372104290        0.0002529463        0.0002331211        0.0002955566        0.0003247804        0.0003144466        0.0004119253        0.0003847599        0.0003585345        0.0002805254        0.0002429602        0.0003086340        0.0001341577        0.0001140346        0.0001215585        0.0000870287        0.0001188148        0.0001090874        0.0001175402        0.0001141754        0.0001228820        0.0001275389        0.0001180639        0.0001259142        0.0006977701        0.0011272252        0.0012717287        0.0011438120        0.0011846739        0.0007429609
       -6.4442895913        0.0004502315        0.0004209777        0.0005562677        0.0005613396        0.0005549935        0.0007571123        0.0007189008        0.0006604511        0.0004795793        0.0004352386        0.0005226003        0.0002407424        0.0002097663        0.0002148622        0.0001573850        0.0002267420        0.0002042015        0.0002128175        0.0002099762        0.0002233826        0.0002301936        0.0002184001        0.0002267466        0.0013158007        0.0021055962        0.0023452271        0.0021214209        0.0021746146        0.0014121916
       -6.2513687536        0.0007406075        0.0006977973        0.0009520431        0.0009162778        0.0008920884        0.0012050499        0.0011812188        0.0010793663        0.0007448628        0.0007212721        0.0008313032        0.0003873722        0.0003331519        0.0003364239        0.0002592636        0.0003712503        0.0003492577        0.0003399676        0.0003481266        0.0003737063        0.0003808399        0.0003634078        0.0003632702        0.0021850581        0.0034772880        0.0038594027        0.0035318522        0.0036281304        0.0025007730
       -6.0584479159        0.0012236829        0.0011216511        0.0016313882        0.0014915830        0.0014517380        0.0019047985        0.0018788251        0.0017575605        0.0011822770        0.0011784018        0.0013229279        0.0006214882        0.0005146573        0.0005260233        0.0004266249        0.0005932895        0.0005690525        0.0005480963        0.0005612346        0.0006044957        0.0006270627        0.0005824081        0.0005753194        0.0035645213        0.0055708921        0.0062638027        0.0056449060        0.0058335517        0.0042959237
       -5.8655270781        0.0018939207        0.0017020171        0.0025125016        0.0022462716        0.0021585341        0.0028538607        0.0027658789        0.0026982629        0.0017780034        0.0017611721        0.0019471692        0.0009427748        0.0007725428        0.0007865744        0.0006489355        0.0009015580        0.0008701102        0.0008397801        0.0008433105        0.0009262769        0.0009770155        0.0009104335        0.0008628373        0.0055295875        0.0084716261        0.0094972482        0.0085519447        0.0088449233        0.0067779003
       -5.6726062404        0.0027889035        0.0025525714        0.0036541800        0.0032684268        0.0031560673        0.0040528900        0.0040697823        0.0040091237        0.0026099114        0.0025769924        0.0028514369        0.0013981449        0.0011489092        0.0011560654        0.0009763878        0.0013274679        0.0012797678        0.0012326089        0.0012474726        0.0013917889        0.0014632206        0.0013844532        0.0012750553        0.0083988095        0.0122848511        0.0138696009        0.0125904507        0.0128622694        0.0102855875
       -5.4796854027        0.0038674071        0.0036293456        0.0049836456        0.0045114998        0.0043537455        0.0055427154        0.0056951838        0.0057621426        0.0036955702        0.0036249627        0.0040146164        0.0019913177        0.0016492974        0.0016328549        0.0014214786        0.0018917810        0.0018081926        0.0017371560        0.0017466712        0.0019993965        0.0020643845        0.0019811498        0.0017930458        0.0119657781        0.0171565279        0.0192073305        0.0175678459        0.0180615325        0.0146699025
       -5.2867645650        0.0051297853        0.0049167150        0.0064609349        0.0059283359        0.0056978843        0.0072071667        0.0076099780        0.0077423855        0.0049196824        0.0047768079        0.0052954851        0.0027150429        0.0022655606        0.0021830548        0.0019363171        0.0025393013        0.0024101021        0.0023266866        0.0023041547        0.0026899141        0.0027608154        0.0027142121        0.0023959854        0.0163312921        0.0229488949        0.0251749227        0.0232076619        0.0241324007        0.0197053246
       -5.0938437272        0.0065309345        0.0064008552        0.0081167084        0.0074779180        0.0071621901        0.0090752772        0.0097889437        0.0098926310        0.0062735427        0.0060365360        0.0066348792        0.0034987245        0.0029585463        0.0027858803        0.0025255349        0.0032770905        0.0030972801        0.0029892952        0.0029252496        0.0034853970        0.0035332559        0.0035231852        0.0030795525        0.0212745317        0.0294684042        0.0318162283        0.0296315204        0.0307133178        0.0256172696
       -4.9009228895        0.0078910940        0.0079662052        0.0096924063        0.0089643089        0.0085693161        0.0109722961        0.0119084451        0.0119514227        0.0075616249        0.0072996764        0.0079966148        0.0042836031        0.0036348336        0.0034037752        0.0031010548        0.0040106494        0.0037761065        0.0036524031        0.0035853573        0.0043039390        0.0043282394        0.0043259301        0.0037752880        0.0264120471        0.0358535277        0.0384132594        0.0358340043        0.0374285852        0.0315213942
       -4.7080020518        0.0091067716        0.0093034917        0.0109954110        0.0101861387        0.0096891874        0.0126851111        0.0138221932        0.0138010438        0.0086660211        0.0083922852        0.0091984556        0.0050223424        0.0042500846        0.0039921724        0.0036272747        0.0046786852        0.0043917738        0.0042691815        0.0041514793        0.0050444627        0.0050388317        0.0050512013        0.0044045338        0.0312701844        0.0418678450        0.0441158562        0.0414398479        0.0435915432        0.0371770797
       -4.5150812141        0.0099313974        0.0103594576        0.0118406600        0.0109826455        0.0104700297        0.0140090679        0.0152676725        0.0150718269        0.0093531244        0.0091684233        0.0099922895        0.0056096958        0.0047021505        0.0044372675        0.0040470358        0.0052066691        0.0048290981        0.0047573773        0.0045864343        0.0056053790        0.0056091064        0.0056628095        0.0049080104        0.0349226102        0.0466964019        0.0487062632        0.0458995395        0.0487859929        0.0412573371
       -4.3221603763        0.0104803514        0.0110613197        0.0121858048        0.0113102994        0.0108369280        0.0147770537        0.0161171231        0.0157824889        0.0096816088        0.0095860138        0.0104351760        0.0060502695        0.0050085369        0.0047313857        0.0043251354        0.0055887155        0.0050917738        0.0050629632        0.0048899651        0.0060391405        0.0060481896        0.0061023317        0.0052154656        0.0377938580        0.0505761070        0.0522493308        0.0494769700        0.0526458550        0.0440361166
       -4.1292395386        0.0105891355        0.0112845255        0.0120996497        0.0112169690        0.0107624964        0.0149635584        0.0162665740        0.0158736422        0.0095776984        0.0095635000        0.0104601837        0.0062976756        0.0051051059        0.0048937021        0.0044407087        0.0058177498        0.0051535527        0.0051479662        0.0049955810        0.0062958812        0.0063078729        0.0063764285        0.0052931008        0.0403370128        0.0533733540        0.0550512806        0.0524228807        0.0552562299        0.0460493613
       -3.9363187009        0.0102221810        0.0110301650        0.0115503570        0.0107513198        0.0103077789        0.0147511606        0.0159216120        0.0155022466        0.0091748931        0.0092308241        0.0100624236        0.0064821524        0.0050758118        0.0049390559        0.0044498849        0.0059622457        0.0050730798        0.0050780142        0.0049588416        0.0064944955        0.0064663505        0.0065384643        0.0051865045        0.0443710537        0.0573861535        0.0586775070        0.0563414806        0.0591465798        0.0492724409
       -3.7433978632        0.0096292132        0.0107142446        0.0109904506        0.0104018380        0.0096829403        0.0147296102        0.0158475420        0.0153821771        0.0086920267        0.0088133829        0.0095928298        0.0072567699        0.0051896297        0.0050783149        0.0046329065        0.0067075460        0.0050180463        0.0049980061        0.0049830989        0.0073456421        0.0072850653        0.0073296055        0.0050897325        0.0647076971        0.0754817537        0.0790588071        0.0768951038        0.0767882827        0.0686346894
       -3.5504770254        0.0087165372        0.0104639864        0.0108156281        0.0099796569        0.0090339315        0.0157432587        0.0166039219        0.0162189863        0.0082445272        0.0083553492        0.0090638671        0.0090652309        0.0055112826        0.0054207728        0.0050161153        0.0085802812        0.0049875643        0.0050538976        0.0050463046        0.0091505427        0.0091151365        0.0090699665        0.0051366733        0.1223157055        0.1292921882        0.1335406459        0.1319183051        0.1308584468        0.1253784677
       -3.3575561877        0.0078927442        0.0101336393        0.0101802887        0.0094526932        0.0084394570        0.0153260620        0.0161361786        0.0158184679        0.0077517383        0.0078443141        0.0083230120        0.0093027056        0.0054622938        0.0054211184        0.0051754804        0.0089351875        0.0048836714        0.0049076000        0.0049057419        0.0095188327        0.0094753866        0.0093773963        0.0049554635        0.1390871542        0.1453083905        0.1437210820        0.1420556515        0.1469601345        0.1418633840
       -3.1646353500        0.0075888396        0.0099726169        0.0100083442        0.0093735033        0.0082695480        0.0152300509        0.0160357019        0.0159630931        0.0075752532        0.0076963968        0.0080660897        0.0097848623        0.0056259626        0.0055429496        0.0053326090        0.0094212817        0.0049691673        0.0049629027        0.0049496200        0.0100003268        0.0099133518        0.0097932489        0.0049033329        0.1521523339        0.1582859234        0.1596943686        0.1585082144        0.1602589358        0.1550657264
       -2.9717145123        0.0074928920        0.0098681471        0.0098556445        0.0092152789        0.0081087122        0.0149821353        0.0157077338        0.0156214296        0.0074918405        0.0075835577        0.0079450161        0.0096832289        0.0056099833        0.0055280821        0.0052997819        0.0093270989        0.0049299650        0.0049060224        0.0049026442        0.0097927763        0.0097942263        0.0096483335        0.0048980853        0.1493405925        0.1558330978        0.1602051987        0.1586769484        0.1576079452        0.1520921078
       -2.7787936745        0.0072154691        0.0091774236        0.0093990724        0.0088409159        0.0075758448        0.0139655664        0.0147810580        0.0146027772        0.0070638546        0.0071746891        0.0075024552        0.0091365285        0.0053515949        0.0053240644        0.0051194729        0.0087620059        0.0047067342        0.0046918381        0.0046663446        0.0092294761        0.0091901720        0.0090707438        0.0046533327        0.1398118937        0.1462662302        0.1477013585        0.1460044777        0.1482615918        0.1424303700
       -2.5858728368        0.0066504716        0.0084598638        0.0086502324        0.0081911393        0.0070066600        0.0127566549        0.0135199648        0.0135453106        0.0064727884        0.0065986314        0.0069139645        0.0083644169        0.0049296672        0.0049446089        0.0047505397        0.0080440578        0.0043857748        0.0043736695        0.0043376252        0.0083952960        0.0084270990        0.0083110924        0.0043431520        0.1275107560        0.1328758876        0.1325613891        0.1312079725        0.1345480017        0.1297961638
       -2.3929519991        0.0061040609        0.0077840096        0.0078650260        0.0075575039        0.0065010852        0.0117415580        0.0122939700        0.0123760652        0.0059602691        0.0060346442        0.0063278494        0.0077053194        0.0046281939        0.0045549110        0.0044773434        0.0073626820        0.0041160495        0.0040398204        0.0040590525        0.0077569338        0.0077399427        0.0076333016        0.0040302351        0.1161056780        0.1205711478        0.1202334550        0.1191824453        0.1219841682        0.1180080967
       -2.2000311614        0.0055997401        0.0071750861        0.0072426017        0.0070364651        0.0060096692        0.0107523055        0.0112141255        0.0112735754        0.0055044128        0.0055420056        0.0058613225        0.0070635156        0.0043343057        0.0042205989        0.0041411992        0.0067348385        0.0038017718        0.0037316338        0.0037719687        0.0070646072        0.0071135173        0.0069363778        0.0037474467        0.1041971622        0.1077214928        0.1087060179        0.1078021546        0.1090822731        0.1060505494
       -2.0071103237        0.0051785143        0.0066436127        0.0066318109        0.0064673516        0.0055272509        0.0097787607        0.0102590401        0.0102163284        0.0050687820        0.0051060843        0.0054492450        0.0064433794        0.0039903418        0.0039313596        0.0037777396        0.0061358743        0.0035051588        0.0034371917        0.0034855730        0.0064471078        0.0064669713        0.0063134097        0.0034368978        0.0927668824        0.0960710878        0.0956763564        0.0948128579        0.0974252050        0.0944411661
       -1.8141894859        0.0047651427        0.0060903579        0.0060452421        0.0059287344        0.0051133888        0.0089394368        0.0093629493        0.0093209854        0.0046898574        0.0047200006        0.0050174098        0.0058970791        0.0036927771        0.0036472149        0.0034918336        0.0056071830        0.0032573701        0.0031902988        0.0032277437        0.0058989317        0.0059457836        0.0057652317        0.0031707287        0.0844301250        0.0874511738        0.0870292676        0.0861032853        0.0886995495        0.0857980314
       -1.6212686482        0.0044811957        0.0056227434        0.0055328207        0.0054629457        0.0047471533        0.0082098842        0.0086136220        0.0085483160        0.0043885757        0.0043636744        0.0046554156        0.0053184952        0.0034167590        0.0033639119        0.0032382508        0.0050769307        0.0030549844        0.0029674682        0.0029900079        0.0053304622        0.0053968185        0.0052543484        0.0029436803        0.0756377684        0.0771905070        0.0770693138        0.0761209565        0.0782640659        0.0769634783
       -1.4283478105        0.0041544650        0.0051990452        0.0049627462        0.0049573528        0.0043454623        0.0074224012        0.0077839695        0.0077366790        0.0040141742        0.0039973048        0.0042545937        0.0047671264        0.0031176475        0.0030698510        0.0029909158        0.0045500174        0.0028263688        0.0027385325        0.0027620470        0.0047700785        0.0048398433        0.0047435295        0.0027066698        0.0662795052        0.0644153483        0.0657108434        0.0650314503        0.0657491626        0.0674026033
       -1.2354269728        0.0038658612        0.0047705172        0.0045421738        0.0044894244        0.0039802033        0.0066566347        0.0069915035        0.0069475436        0.0036838919        0.0036532266        0.0038891216        0.0042116438        0.0028133471        0.0027569522        0.0026942278        0.0039929010        0.0025810793        0.0025204298        0.0025394670        0.0042164053        0.0042583141        0.0041727486        0.0024777017        0.0529359160        0.0513761858        0.0527307768        0.0520839496        0.0525466760        0.0538729402
       -1.0425061350        0.0037237650        0.0044856327        0.0042634868        0.0042062350        0.0037438298        0.0061749973        0.0065056562        0.0064391108        0.0034783107        0.0034455256        0.0036700906        0.0038627338        0.0026256225        0.0025768925        0.0025048647        0.0036251119        0.0024339733        0.0023868639        0.0023954534        0.0038449213        0.0038833108        0.0038011817        0.0023244922        0.0431488553        0.0427452355        0.0435838548        0.0428020165        0.0437803161        0.0440021234
       -0.8495852973        0.0036806040        0.0043550981        0.0041459906        0.0040788800        0.0036372733        0.0059309078        0.0062719143        0.0061833037        0.0033874242        0.0033594475        0.0035814654        0.0036804885        0.0025444128        0.0024935597        0.0024259965        0.0034379455        0.0023779752        0.0023330324        0.0023357255        0.0036535542        0.0036823060        0.0035992208        0.0022602989        0.0367124804        0.0375608865        0.0380685875        0.0372610856        0.0385201624        0.0375262092
       -0.6566644596        0.0036869187        0.0043109438        0.0041137507        0.0040406874        0.0036068566        0.0058197083        0.0061654859        0.0060636252        0.0033577881        0.0033363474        0.0035574099        0.0035976556        0.0025199189        0.0024718668        0.0024017919        0.0033491184        0.0023662173        0.0023263360        0.0023293182        0.0035615029        0.0035948853        0.0035042882        0.0022444151        0.0322926610        0.0342238865        0.0344364726        0.0337316615        0.0351367011        0.0330600234
       -0.4637436219        0.0037470419        0.0043539170        0.0041706005        0.0040797735        0.0036449265        0.0058432896        0.0061866289        0.0060820379        0.0033937883        0.0033751356        0.0036001905        0.0036129498        0.0025552018        0.0025071075        0.0024357038        0.0033534878        0.0024035573        0.0023669948        0.0023702277        0.0035742066        0.0036042868        0.0035101384        0.0022794598        0.0300823759        0.0327278053        0.0327646766        0.0321237747        0.0336391091        0.0308476523
       -0.2708227841        0.0038327829        0.0044420909        0.0042670815        0.0041616023        0.0037195732        0.0059255070        0.0062783095        0.0061705061        0.0034647264        0.0034488841        0.0036739052        0.0036837299        0.0026219962        0.0025739685        0.0025036087        0.0034138653        0.0024686550        0.0024337847        0.0024381961        0.0036392975        0.0036696138        0.0035669083        0.0023420010        0.0290888868        0.0321323459        0.0321732989        0.0315565415        0.0330599913        0.0298674175
       -0.0779019464        0.0039340195        0.0045555842        0.0043868155        0.0042648979        0.0038140292        0.0060456098        0.0064042922        0.0062921076        0.0035533128        0.0035414224        0.0037646755        0.0037784718        0.0027051272        0.0026561851        0.0025862974        0.0035005543        0.0025481611        0.0025148890        0.0025211445        0.0037290089        0.0037616960        0.0036505675        0.0024194634        0.0285900338        0.0319780621        0.0320171065        0.0314267873        0.0329416164        0.0293786344
        0.1150188913        0.0040427358        0.0046817018        0.0045185838        0.0043784962        0.0039187271        0.0061797497        0.0065469204        0.0064290595        0.0036513299        0.0036433695        0.0038633826        0.0038861760        0.0027986423        0.0027479385        0.0026785222        0.0036016661        0.0026370828        0.0026049481        0.0026131488        0.0038313425        0.0038675703        0.0037481600        0.0025057661        0.0283042012        0.0319950670        0.0320587594        0.0314950836        0.0329984125        0.0290995708
        0.3079397290        0.0041666318        0.0048281640        0.0046680859        0.0045085735        0.0040411174        0.0063340005        0.0067122082        0.0065899977        0.0037648707        0.0037615991        0.0039765010        0.0040142815        0.0029089927        0.0028554420        0.0027875442        0.0037234653        0.0027422867        0.0027120397        0.0027209241        0.0039534582        0.0039939234        0.0038663720        0.0026075101        0.0282654174        0.0322088710        0.0323084124        0.0317681047        0.0332615259        0.0290675042
        0.5008605668        0.0043060554        0.0049936675        0.0048346106        0.0046554036        0.0041800659        0.0065130499        0.0069046107        0.0067820107        0.0038926277        0.0038964261        0.0041076692        0.0041652161        0.0030365190        0.0029782942        0.0029110414        0.0038677748        0.0028635330        0.0028344037        0.0028431708        0.0040980028        0.0041428193        0.0040060592        0.0027225098        0.0285250717        0.0327443068        0.0328177722        0.0323035056        0.0338584235        0.0293296564
        0.6937814045        0.0045158019        0.0052383990        0.0050812769        0.0048811042        0.0043966232        0.0067959112        0.0072015062        0.0070747449        0.0040951928        0.0041050054        0.0043153292        0.0044078734        0.0032398394        0.0031766213        0.0031055576        0.0040986541        0.0030529974        0.0030260151        0.0030368799        0.0043362004        0.0043778221        0.0042298708        0.0029045836        0.0295792966        0.0341897151        0.0342407108        0.0338054371        0.0353816288        0.0303922185
        0.8867022422        0.0048086494        0.0055775610        0.0054220387        0.0052124914        0.0047113258        0.0072190482        0.0076364683        0.0075147940        0.0043882268        0.0043996193        0.0046160766        0.0047428155        0.0035191262        0.0034523905        0.0033753073        0.0044201513        0.0033136979        0.0032897397        0.0033033598        0.0046660982        0.0047177665        0.0045574313        0.0031606227        0.0314548063        0.0367848728        0.0368673496        0.0364733186        0.0380663906        0.0322720264
        1.0796230799        0.0052848985        0.0061200534        0.0059492447        0.0057391876        0.0052303729        0.0078814553        0.0082938070        0.0081718099        0.0048787564        0.0048821907        0.0051155203        0.0052773048        0.0039785579        0.0039046310        0.0038297018        0.0049347158        0.0037503914        0.0037326609        0.0037433435        0.0051804420        0.0052468042        0.0050770679        0.0035887741        0.0345872281        0.0403332476        0.0406082264        0.0402712237        0.0416980123        0.0354334643
        1.2725439177        0.0059654146        0.0069602701        0.0067458478        0.0065538050        0.0060240694        0.0088537622        0.0092862579        0.0091544617        0.0056244867        0.0056356498        0.0058746189        0.0060962605        0.0046700412        0.0046177030        0.0045422844        0.0057432938        0.0044402691        0.0044158246        0.0044134175        0.0059842730        0.0060791922        0.0058654317        0.0042345478        0.0404321631        0.0458083374        0.0456254586        0.0453930202        0.0471242325        0.0413959151
        1.4654647554        0.0066606220        0.0077347930        0.0074775969        0.0073147042        0.0067398811        0.0098241620        0.0102642997        0.0101517144        0.0063187512        0.0063209571        0.0065477783        0.0068223275        0.0052721387        0.0052041092        0.0051328515        0.0064669313        0.0050005855        0.0049851329        0.0049635844        0.0066758487        0.0068221244        0.0065531173        0.0047914557        0.0453091286        0.0491161110        0.0494950025        0.0492387893        0.0504721460        0.0464098313
        1.6583855931        0.0072110067        0.0081372930        0.0078690051        0.0077087356        0.0071524417        0.0103903805        0.0108445440        0.0107679140        0.0066667012        0.0066619990        0.0069202280        0.0071552960        0.0055061171        0.0054327136        0.0053682229        0.0067720719        0.0052165881        0.0052216496        0.0051748742        0.0070547622        0.0071296032        0.0068486457        0.0049992483        0.0443505053        0.0488819982        0.0487102084        0.0485228871        0.0502341593        0.0457006453
        1.8513064308        0.0077495871        0.0086383667        0.0083205997        0.0081920530        0.0075683321        0.0109685978        0.0114776313        0.0114132862        0.0070200773        0.0070266784        0.0073029325        0.0075759298        0.0058026503        0.0057478671        0.0056657802        0.0071724850        0.0055059637        0.0054785705        0.0054766267        0.0074508197        0.0075753347        0.0072763329        0.0052397711        0.0441481260        0.0492124148        0.0487532525        0.0485600006        0.0504929857        0.0456505458
        2.0442272686        0.0086063661        0.0094782014        0.0090817944        0.0089705377        0.0082877740        0.0120052566        0.0126007037        0.0124843759        0.0076768183        0.0076989827        0.0079441551        0.0083266742        0.0063822353        0.0063138989        0.0062348828        0.0079033103        0.0060475978        0.0060154287        0.0060264000        0.0082123599        0.0083739574        0.0080625001        0.0057153370        0.0471040733        0.0510957206        0.0512501140        0.0510106830        0.0527368958        0.0487830560
        2.2371481063        0.0097889823        0.0106381839        0.0101480246        0.0100631430        0.0092790441        0.0134612114        0.0141280910        0.0140312851        0.0086075643        0.0085992146        0.0089054232        0.0094740194        0.0072407472        0.0071487910        0.0070930440        0.0090097798        0.0068571033        0.0067951361        0.0068243610        0.0093589505        0.0095760041        0.0091715631        0.0064415749        0.0542695427        0.0565301789        0.0568396919        0.0565754933        0.0586460790        0.0559650889
        2.4300689440        0.0111750642        0.0119705046        0.0114045813        0.0112842981        0.0104443454        0.0151232566        0.0159065094        0.0157500069        0.0096829029        0.0096909236        0.0100067212        0.0108439901        0.0082010268        0.0081045909        0.0080758511        0.0102865503        0.0077669076        0.0076968371        0.0077334153        0.0106873108        0.0109202103        0.0104245046        0.0072756885        0.0641659755        0.0630660858        0.0634559150        0.0633437104        0.0656896562        0.0659719999
        2.6229897817        0.0130153367        0.0135056289        0.0129577974        0.0128510371        0.0118295620        0.0172892011        0.0180168854        0.0178403853        0.0109536676        0.0110407090        0.0114028218        0.0125583722        0.0094084944        0.0093073367        0.0092873663        0.0118803953        0.0088624701        0.0088470250        0.0088509846        0.0122986090        0.0125476095        0.0120526500        0.0083024720        0.0785588652        0.0735570057        0.0734022409        0.0734674136        0.0762923161        0.0805302719
        2.8159106195        0.0152576144        0.0153549199        0.0149015029        0.0147652541        0.0135367332        0.0198825624        0.0206901040        0.0205874172        0.0125952564        0.0127195287        0.0130809499        0.0146593827        0.0109745530        0.0108931103        0.0107154548        0.0139764648        0.0103070411        0.0103192392        0.0102911951        0.0143535318        0.0147168281        0.0141139120        0.0096563878        0.0996672292        0.0888346446        0.0883102332        0.0886582307        0.0918739188        0.1014436019
        3.0088314572        0.0167299341        0.0171358245        0.0165381273        0.0164181523        0.0150081627        0.0221763063        0.0230337550        0.0228883945        0.0139893185        0.0140851968        0.0145170818        0.0164154026        0.0123016970        0.0121489468        0.0119688911        0.0155630610        0.0114891278        0.0115330087        0.0114714216        0.0161826935        0.0164954022        0.0158132337        0.0107919797        0.1035737742        0.0961438070        0.0961512122        0.0963972411        0.0993060670        0.1053288042
        3.2017522949        0.0184549378        0.0190962210        0.0184499680        0.0183621219        0.0167518385        0.0246240782        0.0254228384        0.0253923804        0.0155633320        0.0157041851        0.0161166914        0.0184117157        0.0137729552        0.0136018390        0.0133754052        0.0175218293        0.0129332959        0.0129363126        0.0128102969        0.0182436244        0.0186035122        0.0177666798        0.0121240109        0.1153724829        0.1098866006        0.1097418800        0.1094792876        0.1130882941        0.1171991269
        3.3946731326        0.0205630099        0.0214356737        0.0207106220        0.0206256224        0.0188238385        0.0277820593        0.0285029829        0.0285029662        0.0174938461        0.0177280815        0.0181070025        0.0209806561        0.0156283709        0.0154131209        0.0152590084        0.0200942694        0.0147014514        0.0146750739        0.0145680232        0.0207751985        0.0211951993        0.0203903902        0.0137407018        0.1383621829        0.1302512442        0.1302042147        0.1304925128        0.1341530531        0.1401214455
        3.5875939704        0.0226503790        0.0237997572        0.0230355435        0.0230894595        0.0209890136        0.0313255344        0.0321457529        0.0321530299        0.0196636596        0.0198279526        0.0203918934        0.0240094635        0.0175757088        0.0174516604        0.0172976696        0.0229438443        0.0165919009        0.0165154518        0.0164825827        0.0236532374        0.0240864729        0.0232490739        0.0155661160        0.1746160665        0.1592116470        0.1597348033        0.1603421092        0.1636871743        0.1762567514
        3.7805148081        0.0252358435        0.0265233670        0.0254390230        0.0253838785        0.0232471476        0.0352778125        0.0361536857        0.0361790644        0.0217761763        0.0220158762        0.0224429081        0.0275648562        0.0196803612        0.0195193093        0.0193305253        0.0259965039        0.0186159921        0.0183974011        0.0185027615        0.0270889389        0.0274104760        0.0263979936        0.0174689997        0.2243947897        0.2009045712        0.2018892273        0.2021054012        0.2059330105        0.2258672771
        3.9734356458        0.0271557306        0.0280929083        0.0270027830        0.0268043728        0.0246461223        0.0384558309        0.0395073010        0.0395647281        0.0231302000        0.0233997298        0.0237452069        0.0300733980        0.0207842977        0.0205764344        0.0201738818        0.0282102481        0.0197424719        0.0195711259        0.0195747346        0.0294648404        0.0296232362        0.0286331586        0.0184099914        0.2953826314        0.2375986723        0.2379494957        0.2375947531        0.2425490013        0.2965602505
        4.1663564835        0.0291830907        0.0295474774        0.0283914566        0.0281072651        0.0254413398        0.0410302632        0.0422964130        0.0422056576        0.0241759396        0.0242672434        0.0246813050        0.0319303822        0.0216312411        0.0213426317        0.0208826505        0.0301182438        0.0203876051        0.0202969366        0.0201232206        0.0313878178        0.0317193675        0.0306777226        0.0190473724        0.3609660990        0.2670268470        0.2682363697        0.2678155670        0.2735140866        0.3606729942
        4.3592773213        0.0290174364        0.0294314459        0.0280514186        0.0278735761        0.0249328012        0.0408837737        0.0419274279        0.0420482150        0.0234329945        0.0235519613        0.0241917066        0.0313621995        0.0207292841        0.0207343109        0.0205073322        0.0296678893        0.0197235648        0.0195397753        0.0195278337        0.0310251255        0.0312850483        0.0304252310        0.0184608278        0.3499802718        0.2607556522        0.2611014083        0.2604686878        0.2672543405        0.3485985672
        4.5521981590        0.0303375507        0.0305441197        0.0281975143        0.0280211185        0.0253340970        0.0422388426        0.0427548037        0.0430262832        0.0236197676        0.0238045596        0.0244172824        0.0316268648        0.0204388954        0.0203110386        0.0207867908        0.0298723165        0.0196914881        0.0194513841        0.0196197676        0.0312334289        0.0312016970        0.0302880115        0.0183650111        0.3011728858        0.2701075969        0.2694451847        0.2702081960        0.2772897943        0.2996087602
        4.7451189967        0.0313728575        0.0299802824        0.0274841918        0.0273913978        0.0245615568        0.0397787168        0.0406096801        0.0411443051        0.0227265729        0.0229893488        0.0236513472        0.0290303537        0.0193528774        0.0191166465        0.0198856383        0.0271641310        0.0189461673        0.0185404096        0.0188425351        0.0286152599        0.0287672816        0.0278173282        0.0177096707        0.2132272043        0.2118792159        0.2138513089        0.2143742320        0.2173895528        0.2112432699
        4.9380398344        0.0374628524        0.0325561760        0.0296092696        0.0292059836        0.0266076728        0.0425420176        0.0431185326        0.0438608257        0.0246298052        0.0249222963        0.0255216103        0.0305951321        0.0207068366        0.0205278369        0.0214582993        0.0287271006        0.0206260969        0.0204419634        0.0204544613        0.0301397168        0.0305798419        0.0297324411        0.0193281884        0.1958250311        0.2060046207        0.2086430349        0.2112286875        0.2136607963        0.1939314729
        5.1309606722        0.0557976964        0.0371813389        0.0342709162        0.0338101307        0.0317244694        0.0498509966        0.0508623932        0.0512302672        0.0301104165        0.0299448166        0.0308383654        0.0377567966        0.0251945019        0.0252344856        0.0256008059        0.0357035135        0.0259148385        0.0254817949        0.0256828539        0.0370657473        0.0375452401        0.0363671269        0.0244382816        0.2277050441        0.2507509246        0.2541053831        0.2568063044        0.2608750540        0.2242470089
        5.3238815099        0.0912586431        0.0456671443        0.0441771227        0.0434949004        0.0438648406        0.0645363371        0.0663179612        0.0658652803        0.0417056826        0.0420740314        0.0425584503        0.0527903332        0.0353529213        0.0351369025        0.0343922702        0.0505879989        0.0377653601        0.0375968715        0.0375176182        0.0517645457        0.0527506242        0.0512920495        0.0360976754        0.3876508552        0.3766626700        0.3790438740        0.3809017879        0.3864283281        0.3868607245
        5.5168023476        0.0911695683        0.0469385514        0.0473000533        0.0459345092        0.0454123053        0.0678139892        0.0678665838        0.0685024801        0.0432075093        0.0439829891        0.0443778195        0.0547483958        0.0373587098        0.0367709710        0.0342968650        0.0523925673        0.0391098210        0.0391191352        0.0391311740        0.0543621588        0.0542509618        0.0535662856        0.0375297343        0.5088149289        0.3948710840        0.4005226079        0.4025791020        0.4053819095        0.5013885616
        5.7097231853        0.0736021478        0.0458913334        0.0443574082        0.0434788745        0.0413931597        0.0643695335        0.0647954445        0.0653116273        0.0390781108        0.0391222778        0.0401117746        0.0517795899        0.0341183404        0.0341320257        0.0332453937        0.0487331610        0.0351319258        0.0351361514        0.0350275145        0.0511266626        0.0518237969        0.0501562675        0.0332958462        0.4252272194        0.3777235425        0.3833245235        0.3893278369        0.3917876578        0.4166852106
        5.9026440231        0.0637264273        0.0447959289        0.0429966135        0.0423439513        0.0395506496        0.0639512712        0.0644708558        0.0647166430        0.0369559687        0.0376724203        0.0385256517        0.0516632755        0.0329971837        0.0329799071        0.0320860681        0.0483755019        0.0334189795        0.0334245688        0.0329830342        0.0506107362        0.0512356234        0.0491460648        0.0312534880        0.4194292936        0.3995773613        0.4092611406        0.4123220721        0.4123585038        0.4085322140
        6.0955648608        0.0522038960        0.0442731075        0.0424591502        0.0414884729        0.0378969039        0.0613828776        0.0619844359        0.0623707871        0.0355060219        0.0357999732        0.0367235878        0.0501321706        0.0325523080        0.0325388992        0.0326320395        0.0469064054        0.0324104614        0.0321415529        0.0317617352        0.0488071233        0.0485353799        0.0464484993        0.0296460360        0.3958980634        0.3725594589        0.3768094966        0.3783688995        0.3805750836        0.3816574821
        6.2884856985        0.0491808281        0.0457785710        0.0434529774        0.0423837857        0.0380066612        0.0610019734        0.0612278596        0.0624142136        0.0354741789        0.0360581381        0.0364812478        0.0496436508        0.0339092409        0.0334080579        0.0337132920        0.0469020152        0.0323553045        0.0323038124        0.0318819741        0.0485196213        0.0479094334        0.0463144305        0.0297720982        0.3935733667        0.3493484094        0.3525228247        0.3545791437        0.3516770243        0.3741867843
        6.4814065362        0.0539801002        0.0453673951        0.0427769486        0.0420345515        0.0369310619        0.0594443961        0.0603214722        0.0612845314        0.0346619650        0.0353126974        0.0357325933        0.0491654623        0.0338566322        0.0336210106        0.0335327870        0.0466102183        0.0316245441        0.0314861060        0.0312320581        0.0477701511        0.0476274853        0.0461487288        0.0294611607        0.4321744391        0.3682814274        0.3735553253        0.3746468945        0.3720593996        0.4145524976
        6.6743273740        0.0687106385        0.0461051112        0.0440889407        0.0437684850        0.0373997241        0.0623195809        0.0621522111        0.0634926986        0.0356917885        0.0362456004        0.0363993742        0.0526457078        0.0359807152        0.0355791401        0.0344054970        0.0503458832        0.0328800505        0.0324021539        0.0326626444        0.0511262805        0.0512337949        0.0493655686        0.0307164452        0.5547651378        0.5168254976        0.5132114604        0.5192190725        0.5131622587        0.5431117706
        6.8672482117        0.0722355060        0.0450770453        0.0451072811        0.0449619886        0.0368638380        0.0638354932        0.0634811304        0.0645506853        0.0353658524        0.0358991436        0.0366366506        0.0552891971        0.0377377312        0.0375554979        0.0348806635        0.0527264122        0.0328529948        0.0325245653        0.0322654994        0.0538032737        0.0536076006        0.0512085235        0.0301489499        0.5162269937        0.5899850176        0.5903235736        0.5926639887        0.5811375991        0.4918901985
        7.0601690494        0.0676262766        0.0473986691        0.0478860899        0.0472237512        0.0375556912        0.0670445562        0.0663103273        0.0685246268        0.0357017578        0.0358533294        0.0364397877        0.0579201679        0.0398456643        0.0395271205        0.0367435879        0.0561880289        0.0331135740        0.0325860349        0.0328199029        0.0565924976        0.0563669851        0.0542511633        0.0301996231        0.5167953880        0.6436064870        0.6495877621        0.6482927724        0.6558462989        0.4961958404
        7.2530898871        0.0602866910        0.0476004572        0.0486851474        0.0481089033        0.0373906704        0.0677238823        0.0668376465        0.0691994017        0.0353837470        0.0357543243        0.0361243668        0.0593235587        0.0410972577        0.0407923719        0.0377659207        0.0562903167        0.0329864813        0.0330431674        0.0325309364        0.0575519099        0.0577443730        0.0551127765        0.0299907261        0.5037165056        0.6925406660        0.6840160029        0.6918347904        0.6805134099        0.4744857492
        7.4460107249        0.0499999968        0.0461925067        0.0422934694        0.0422720946        0.0339022623        0.0603965401        0.0601679682        0.0613735773        0.0323546522        0.0326338564        0.0331949941        0.0522735615        0.0362839771        0.0356255082        0.0373290817        0.0500093463        0.0302215266        0.0302062749        0.0296457540        0.0507637574        0.0511207871        0.0485603001        0.0270960208        0.3227957337        0.3360744620        0.3328357116        0.3343232654        0.3248560511        0.3019890641
        7.6389315626        0.0533222424        0.0499589457        0.0459223235        0.0453876964        0.0360730787        0.0641524524        0.0636248988        0.0654402226        0.0348728456        0.0348572122        0.0354820623        0.0561138023        0.0392252669        0.0385682064        0.0406999158        0.0538253995        0.0323281023        0.0321007189        0.0319538072        0.0547195559        0.0548520557        0.0520580471        0.0291552986        0.2656476762        0.2692045078        0.2650567632        0.2629472190        0.2576030439        0.2516334155
        7.8318524003        0.0575147645        0.0530909772        0.0473888149        0.0472490013        0.0371725395        0.0665738981        0.0664214610        0.0690386282        0.0356995086        0.0360804433        0.0368934638        0.0580578820        0.0403355743        0.0399469602        0.0422051054        0.0558675156        0.0333512636        0.0332035081        0.0331566207        0.0566482244        0.0568750466        0.0541141899        0.0305878308        0.2450314534        0.2367768772        0.2315121983        0.2350433669        0.2241943899        0.2331318214
        8.0247732380        0.0645692680        0.0579168427        0.0518908477        0.0525140030        0.0404299531        0.0735706336        0.0726145729        0.0753172385        0.0389552646        0.0392224416        0.0399756060        0.0641986352        0.0445468872        0.0442687543        0.0474566089        0.0619778601        0.0361671170        0.0358301298        0.0358128558        0.0627372155        0.0628917945        0.0595692604        0.0333223459        0.2372916315        0.2287175685        0.2206935093        0.2230638335        0.2139004861        0.2260756189
        8.2176940758        0.0622641555        0.0549352488        0.0485687654        0.0491169508        0.0383854136        0.0695717575        0.0686517651        0.0717403755        0.0366303562        0.0369333947        0.0376550603        0.0614388006        0.0424439477        0.0421854732        0.0449711905        0.0588169086        0.0344456585        0.0345238216        0.0343368496        0.0597946937        0.0598214218        0.0568463838        0.0318687050        0.1927500974        0.1849471309        0.1776878892        0.1808683005        0.1709787151        0.1877722021
        8.4106149135        0.0827567492        0.0695357916        0.0619038950        0.0627002493        0.0476983795        0.0881590201        0.0869166122        0.0907209875        0.0458470638        0.0465154215        0.0476183296        0.0772153059        0.0536753166        0.0533672796        0.0570145401        0.0752000104        0.0435282213        0.0432019780        0.0428834662        0.0755231934        0.0753487573        0.0717229108        0.0399966177        0.2256327101        0.2080285980        0.2015376206        0.2086969029        0.1942830863        0.2200794798
        8.6035357512        0.0811255083        0.0652396626        0.0572965343        0.0578504168        0.0442750912        0.0808174851        0.0814980439        0.0838931078        0.0422057236        0.0431067509        0.0435040580        0.0719118104        0.0497381648        0.0496340453        0.0534497834        0.0702382286        0.0403869484        0.0402653655        0.0396294237        0.0709867224        0.0708259190        0.0675458951        0.0374508486        0.1807001739        0.1673430077        0.1622498929        0.1656216491        0.1536485050        0.1776395187
        8.7964565889        0.1031638786        0.0771507362        0.0692967541        0.0696675806        0.0524108936        0.0975782642        0.0967677045        0.1009765619        0.0505495161        0.0515741352        0.0522408120        0.0891589607        0.0618358416        0.0618247570        0.0670258248        0.0873172924        0.0490824152        0.0483700413        0.0477382832        0.0878713589        0.0875227105        0.0835742968        0.0455901132        0.1895818819        0.1748916703        0.1691657608        0.1734729467        0.1631136685        0.1886966492
        8.9893774267        0.1266182270        0.0695361550        0.0632814305        0.0645449771        0.0467327150        0.0902163261        0.0903553561        0.0932164164        0.0455879139        0.0463561605        0.0464172360        0.0838885171        0.0574815457        0.0573953423        0.0600730622        0.0813860301        0.0446771027        0.0445447429        0.0442768208        0.0824139773        0.0820088365        0.0790354528        0.0418095268        0.1547957270        0.1470258191        0.1428724834        0.1447298474        0.1378394449        0.1565731633
        9.1822982644        0.6017271306        0.0969934284        0.1138819262        0.1164956304        0.0682946007        0.1724782044        0.1701320464        0.1764090119        0.0665591561        0.0676056407        0.0679885972        0.1633951337        0.1067898407        0.1069718816        0.0855183195        0.1612979403        0.0656238054        0.0656859311        0.0650085763        0.1634432522        0.1608200692        0.1570734775        0.0619163924        0.2185010238        0.3052823319        0.3015390773        0.3024289017        0.2956701835        0.2217744596
        9.3752191021        0.8315092165        0.1026692826        0.1238628765        0.1258040408        0.0716448903        0.2012758607        0.2041093755        0.2045323937        0.0711092771        0.0710383386        0.0716562455        0.1988593574        0.1206595226        0.1208698397        0.0952092321        0.1947840276        0.0696098387        0.0700310225        0.0702118228        0.1977753223        0.1975688157        0.1928435377        0.0666960278        0.2061426487        0.2777032087        0.2787567761        0.2791398390        0.2708985860        0.2051503829
        9.5681399398        0.5045864154        0.1090133800        0.1269508065        0.1284701696        0.0773393582        0.1850353244        0.1841921368        0.1897738172        0.0765970178        0.0767837470        0.0776639600        0.1850704582        0.1238096213        0.1244229733        0.1049024173        0.1828704981        0.0764974719        0.0766682296        0.0766665369        0.1821773382        0.1778682250        0.1757740067        0.0728609843        0.1875621889        0.1814859120        0.1803295332        0.1802463130        0.1755140520        0.1898725345
        9.7610607776        0.5388933665        0.1129250534        0.1308231835        0.1309290134        0.0780384883        0.1951153410        0.1913407268        0.1951241369        0.0772816503        0.0778564041        0.0778298893        0.1940183742        0.1297060135        0.1281369264        0.1083026374        0.1917625084        0.0771757262        0.0774694448        0.0776966480        0.1892069892        0.1868214601        0.1870195273        0.0739389848        0.1577532883        0.1485748708        0.1464647334        0.1457655251        0.1417991670        0.1601005856
        9.9539816153        0.3939606269        0.1271664471        0.1335538935        0.1366016410        0.0865565046        0.1926330971        0.1904642510        0.1957293594        0.0854866269        0.0860971777        0.0870825864        0.1964094853        0.1358739377        0.1357193435        0.1268484926        0.1949003073        0.0861627319        0.0859559424        0.0861146195        0.1928823482        0.1878394467        0.1873690842        0.0820330957        0.1439864112        0.1339188191        0.1317982565        0.1311300618        0.1272048872        0.1458246375
       10.1469024530        0.2236270497        0.1027090047        0.1001796632        0.1024988530        0.0699379977        0.1433576189        0.1441404699        0.1449005533        0.0697142747        0.0700600127        0.0707959346        0.1487840566        0.1056366413        0.1050597749        0.1046954913        0.1485992492        0.0718092257        0.0721019441        0.0723005365        0.1472412528        0.1455092422        0.1433181247        0.0688365762        0.1012587878        0.0952059337        0.0935760996        0.0937933998        0.0893339620        0.1020525956
       10.3398232907        0.1662585802        0.1197405915        0.1101552227        0.1128403310        0.0803248910        0.1549487659        0.1526452801        0.1532652958        0.0806147086        0.0809075836        0.0808484291        0.1646154479        0.1174067894        0.1165259593        0.1237708167        0.1641623345        0.0816859540        0.0827500098        0.0827172604        0.1598687409        0.1573644560        0.1562332907        0.0799720632        0.1040066831        0.0995480452        0.0969007589        0.0976214455        0.0940994447        0.1056633360
       10.5327441285        0.1527511458        0.1388010154        0.1204218963        0.1217543987        0.0949925982        0.1702693270        0.1679282527        0.1690887138        0.0952632567        0.0955911453        0.0948610689        0.1832929643        0.1312550988        0.1303448912        0.1472629939        0.1817962085        0.0968775844        0.0971886420        0.0975646652        0.1776935196        0.1753481964        0.1749942281        0.0954465804        0.1001992361        0.1006243414        0.0982471461        0.0980131009        0.0956978459        0.1016059335
       10.7256649662        0.2315165874        0.1707042937        0.1246918065        0.1257688730        0.1169370887        0.1892975054        0.1841857011        0.1926336836        0.1185727492        0.1184741567        0.1180162148        0.2046856034        0.1351455274        0.1336849052        0.1860447280        0.2029934614        0.1212738178        0.1203553766        0.1210903913        0.2068373103        0.1947858624        0.1951914422        0.1182743779        0.0955356999        0.1017701855        0.0993854546        0.1010702389        0.0983317096        0.0977337496
       10.9185858039        0.3508197263        0.1867702750        0.1415960243        0.1438401277        0.1290437391        0.2239480323        0.2202627763        0.2242443085        0.1295412082        0.1301976504        0.1316024550        0.2405156879        0.1512917497        0.1507434401        0.2027668282        0.2423510300        0.1332485576        0.1324298488        0.1334550460        0.2422323451        0.2334564012        0.2336467550        0.1307363189        0.1049387278        0.1028169137        0.1016101686        0.1016078310        0.1011847073        0.1066859261
       11.1115066416        0.2971832012        0.1395793824        0.1347517689        0.1366450540        0.1030994823        0.1999566934        0.1953385045        0.1959596196        0.1037334349        0.1037319351        0.1035645698        0.2117994435        0.1455069339        0.1467437523        0.1493359301        0.2169729828        0.1057928988        0.1066608653        0.1079010789        0.2153639736        0.2112426073        0.2132957947        0.1045265634        0.0840135797        0.0835256276        0.0832164437        0.0829884542        0.0811741856        0.0857458678
       11.3044274794        0.4684700328        0.1545775487        0.1918253058        0.1966411837        0.1199447308        0.2776105966        0.2738888516        0.2773145201        0.1209394356        0.1222486861        0.1219642653        0.2927187396        0.2046315703        0.2045114174        0.1708086434        0.2965111270        0.1244921508        0.1240793507        0.1258847489        0.2995364450        0.2918940773        0.2940824449        0.1217953767        0.0922750611        0.0887288783        0.0895951652        0.0889986455        0.0883191137        0.0940616211
       11.4973483171        0.2359958400        0.1272912746        0.1326475904        0.1376514836        0.1050475932        0.1993066791        0.1910979310        0.1939448515        0.1051473037        0.1054373457        0.1066111188        0.2112249776        0.1501137723        0.1472139318        0.1428170144        0.2172590647        0.1095036901        0.1093929839        0.1118876222        0.2205737909        0.2162355056        0.2206064411        0.1075602003        0.0715441532        0.0701438129        0.0699662535        0.0705467917        0.0698250108        0.0736198792
       11.6902691548        0.1287921426        0.1196897624        0.1224411018        0.1263550320        0.0968661086        0.1836966921        0.1778144412        0.1794095672        0.0976939333        0.0996253915        0.0994156109        0.1998796069        0.1379123217        0.1377232359        0.1353274890        0.2049237822        0.1035863607        0.1034657015        0.1056298224        0.2097088035        0.2061357776        0.2076198775        0.1023066502        0.0621327100        0.0608059269        0.0603536666        0.0606285395        0.0598271301        0.0643274588
       11.8831899925        0.1356982543        0.1427111157        0.1604999583        0.1625535360        0.1230713291        0.2348285187        0.2269451189        0.2321688373        0.1237462392        0.1256299542        0.1254343070        0.2613018123        0.1786098357        0.1795540429        0.1662910410        0.2706873169        0.1329449424        0.1320264822        0.1332751806        0.2706573423        0.2663354079        0.2717933120        0.1299488405        0.0750961187        0.0682142795        0.0680145250        0.0681087948        0.0665457249        0.0772080840
       12.0761108303        0.1383111930        0.1535245684        0.1749138039        0.1763365387        0.1376627467        0.2593310096        0.2522046264        0.2562183172        0.1408011626        0.1408719589        0.1407110891        0.2854689487        0.1938535398        0.1941825156        0.1753277208        0.2982168123        0.1479552053        0.1460278618        0.1477129953        0.2961939202        0.2952217477        0.3000241074        0.1458740240        0.0762777259        0.0666024395        0.0656357648        0.0657089248        0.0647962567        0.0779359051
       12.2690316680        0.1374312253        0.1589372977        0.1747257223        0.1801811453        0.1399583750        0.2683346816        0.2636391127        0.2631029802        0.1422837990        0.1445686280        0.1440741003        0.3009482248        0.1955704285        0.1964995403        0.1812864527        0.3148192371        0.1508124840        0.1489518465        0.1488070563        0.3110783147        0.3133439337        0.3149760555        0.1473357247        0.0722020939        0.0612413643        0.0618063258        0.0615351062        0.0615009729        0.0741746486
       12.4619525057        0.1485545903        0.1652064323        0.1864966842        0.1903563694        0.1466278821        0.2871247193        0.2802548680        0.2848090781        0.1517556275        0.1527612150        0.1528908739        0.3356530181        0.2130923979        0.2113130232        0.1924465319        0.3456403753        0.1589694140        0.1595583142        0.1582087874        0.3414782382        0.3395221595        0.3434038850        0.1577744955        0.0693328461        0.0614479630        0.0615661894        0.0615766936        0.0612049109        0.0725472914
       12.6548733434        0.1592865121        0.1809659823        0.1884344476        0.1916342765        0.1588407581        0.3415576322        0.3278734730        0.3353029623        0.1628048252        0.1660185881        0.1661867452        0.4036319971        0.2210706533        0.2166760314        0.2158616289        0.4081723394        0.1766874549        0.1746572527        0.1749292167        0.4008657449        0.3965798545        0.4095548628        0.1756757061        0.0722352598        0.0629537188        0.0629449628        0.0626424962        0.0628775475        0.0747354904
       12.8477941812        0.1100718821        0.1856801723        0.1600503442        0.1649693430        0.1385770931        0.3164949618        0.3091580487        0.3129327849        0.1408748897        0.1445422599        0.1448244471        0.3964509598        0.1910434904        0.1917672175        0.2192770386        0.3901137417        0.1583991815        0.1558763384        0.1557248199        0.3791971083        0.3832717904        0.3878593807        0.1564607631        0.0603628025        0.0540062629        0.0534505183        0.0539125092        0.0534899186        0.0625815453
       13.0407150189        0.0920763611        0.1920789797        0.1642110344        0.1704390721        0.1376581923        0.3148905760        0.3051054761        0.3077237688        0.1406181882        0.1433379474        0.1446348553        0.4005033285        0.2037758920        0.2027802312        0.2338553058        0.3952127409        0.1600185743        0.1577473344        0.1595836458        0.3823193419        0.3868439152        0.3849231241        0.1589657806        0.0555838406        0.0528226204        0.0521636845        0.0520955880        0.0519499464        0.0582928137
       13.2336358566        0.0828929647        0.1840529397        0.1658793943        0.1711183788        0.1315237992        0.2852008506        0.2788323061        0.2777416231        0.1348966768        0.1365825428        0.1381676211        0.3640539335        0.2091379268        0.2088545170        0.2281486070        0.3586670446        0.1548229566        0.1552294817        0.1539053852        0.3574985587        0.3581322567        0.3679338234        0.1548317431        0.0497346498        0.0480694178        0.0474437937        0.0476809950        0.0476363917        0.0522772569
       13.4265566943        0.0647082333        0.1498275920        0.1401928707        0.1446800212        0.1060490190        0.2058643117        0.2022464641        0.2043600637        0.1112820527        0.1111855655        0.1129690288        0.2768017564        0.1781317090        0.1807528492        0.1903803973        0.2652207297        0.1286365716        0.1279181984        0.1272886342        0.2717522385        0.2752316530        0.2804197476        0.1294032521        0.0367628800        0.0373911194        0.0370474979        0.0370127221        0.0373055381        0.0387169795
       13.6194775321        0.0636588111        0.1473392361        0.1453683810        0.1491975108        0.1082569334        0.2008179560        0.1968915934        0.1967866465        0.1134268784        0.1113772167        0.1144267820        0.2625712495        0.1837842480        0.1852310814        0.1887968766        0.2529916592        0.1303735548        0.1299600133        0.1307420361        0.2578142647        0.2654330490        0.2702871240        0.1316203965        0.0325932485        0.0343052424        0.0342074426        0.0343544916        0.0340872039        0.0337367907
       13.8123983698        0.0833548332        0.1537547102        0.1537446958        0.1606716595        0.1281578708        0.2415816400        0.2380604323        0.2377876717        0.1332229619        0.1336389556        0.1354910860        0.2977746372        0.1951263809        0.1977680096        0.1935717044        0.2902952753        0.1550243526        0.1530826675        0.1549443652        0.2983406445        0.3046723292        0.3128356610        0.1550389251        0.0318405623        0.0351646902        0.0355656590        0.0353540916        0.0355649929        0.0338380191
       14.0053192075        0.1469436320        0.2007088957        0.2143773300        0.2189359979        0.2153530696        0.3789922751        0.3786977869        0.3759892507        0.2170634563        0.2227369761        0.2242146812        0.4554324811        0.2621313603        0.2663800183        0.2599728669        0.4486168583        0.2518585412        0.2503977671        0.2535075295        0.4614679702        0.4712040829        0.4760776014        0.2566419330        0.0437724420        0.0465494652        0.0465244221        0.0466760299        0.0467023401        0.0462263046
       14.1982400452        0.1306548159        0.2295831841        0.2289748733        0.2359914885        0.2200417167        0.3614870969        0.3615420424        0.3590467982        0.2276862042        0.2298765382        0.2289570142        0.4415965498        0.2964454103        0.2981826131        0.3094217097        0.4300298456        0.2653235041        0.2686833688        0.2700462094        0.4512451415        0.4649383268        0.4706790405        0.2747275402        0.0460315083        0.0482622584        0.0485420755        0.0476789587        0.0486291513        0.0488168883
       14.3911608830        0.1204850803        0.2174271671        0.2334766101        0.2381430530        0.2159862565        0.3108518152        0.3098469597        0.3104572711        0.2226140638        0.2215850682        0.2261517309        0.3704658577        0.3001763222        0.3003097402        0.2948546296        0.3635939398        0.2597035428        0.2615870409        0.2656526912        0.3889983980        0.3941531401        0.4063449646        0.2691108596        0.0418416464        0.0438076331        0.0435063755        0.0434051282        0.0439464723        0.0446866998
       14.5840817207        0.1022733440        0.1834720581        0.1978441774        0.2019347700        0.1961729084        0.2604929061        0.2561243904        0.2523079315        0.1992366782        0.2018196537        0.2002167321        0.2998193791        0.2518349812        0.2532082121        0.2518922336        0.2945853515        0.2332445046        0.2377086640        0.2380416564        0.3136966470        0.3136678258        0.3238431302        0.2397839815        0.0339302062        0.0354879478        0.0356996398        0.0353640713        0.0357539973        0.0367635285
       14.7770025584        0.0942688285        0.1768327124        0.1836720140        0.1885174225        0.1879306624        0.2407117512        0.2381793277        0.2390796714        0.1891279641        0.1910743451        0.1910138085        0.2806609346        0.2354633733        0.2369591237        0.2489120375        0.2759985635        0.2221336535        0.2259465168        0.2239466081        0.2891110639        0.2906570333        0.2962827714        0.2265624543        0.0299964071        0.0315315505        0.0316243589        0.0314632779        0.0319721909        0.0321878590
       14.9699233961        0.0844417262        0.1849527561        0.1847625514        0.1905369207        0.1771155322        0.2185249623        0.2168048729        0.2179548811        0.1822492285        0.1823142818        0.1832785056        0.2607853996        0.2332613611        0.2352140731        0.2548213080        0.2567511864        0.2111216556        0.2118851261        0.2136169454        0.2668695464        0.2642258147        0.2660176018        0.2137165170        0.0285762705        0.0302835161        0.0299645573        0.0300184191        0.0304378219        0.0309711871
       15.1628442339        0.0916701136        0.2055246162        0.2044666477        0.2115701164        0.1828475278        0.2187217504        0.2189914351        0.2203785063        0.1899315371        0.1905242001        0.1908091015        0.2657585463        0.2542140145        0.2528772594        0.2872329698        0.2613563912        0.2143905504        0.2159532593        0.2175332662        0.2650310139        0.2621332943        0.2634146711        0.2204261257        0.0291710351        0.0302920652        0.0306762852        0.0303990392        0.0308470162        0.0315569338
       15.3557650716        0.1612439294        0.2387064110        0.3390061994        0.3511080560        0.2229333490        0.3002720670        0.2987724956        0.3016709390        0.2294164455        0.2280740309        0.2294916586        0.3633415817        0.4067554534        0.4001704701        0.3494858277        0.3578299053        0.2531245385        0.2542253111        0.2527864563        0.3441236897        0.3419196702        0.3480392181        0.2613626293        0.0324467021        0.0378980887        0.0372347858        0.0368206557        0.0381500272        0.0357570618
       15.5486859093        0.1825060106        0.2567149212        0.3219450555        0.3249776579        0.2107573550        0.2951168807        0.2947670545        0.2963677456        0.2193094502        0.2169208714        0.2171828604        0.3564703975        0.3865159216        0.3985994050        0.3614599515        0.3549157922        0.2380492365        0.2344088287        0.2340410056        0.3291060029        0.3267520246        0.3302619998        0.2428290777        0.0340159473        0.0365299498        0.0364845654        0.0356223529        0.0368087563        0.0370992053
       15.7416067470        0.2277209981        0.2494683533        0.2334381973        0.2338869668        0.2129060050        0.2409256802        0.2432296502        0.2432201899        0.2148535982        0.2139547909        0.2174704510        0.2791685429        0.2917557919        0.2923482027        0.3201967215        0.2856327854        0.2297103007        0.2287125052        0.2289093995        0.2601717764        0.2594796840        0.2613810808        0.2370272209        0.0309756934        0.0304128861        0.0305953341        0.0300333200        0.0307119624        0.0332957159
       15.9345275848        0.3904223652        0.2177949909        0.1909832031        0.1939401668        0.2556395359        0.2245251734        0.2284477346        0.2250952585        0.2598503957        0.2581652622        0.2598685217        0.2519260605        0.2381062797        0.2344736894        0.2677832313        0.2570042991        0.2700263504        0.2704508692        0.2704481628        0.2339845429        0.2327554525        0.2337127957        0.2765581147        0.0312633232        0.0265821166        0.0268139965        0.0263903993        0.0270008493        0.0338220640
       16.1274484225        0.5555533256        0.2576938673        0.2346080708        0.2361952117        0.3050214750        0.2966152710        0.3012731350        0.2962346499        0.3062125729        0.3077130977        0.3087105963        0.3121813701        0.2680298424        0.2694451943        0.2925771777        0.3203760744        0.3209064708        0.3192537952        0.3173387423        0.2983422285        0.2971881568        0.2988556768        0.3202430709        0.0328193196        0.0308739317        0.0314133829        0.0304224602        0.0315434992        0.0361184426
       16.3203692602        0.3964223087        0.2417404899        0.2321094167        0.2317969931        0.3102881140        0.2662547723        0.2709423828        0.2664476033        0.3135071553        0.3102493293        0.3064898836        0.2649743221        0.2469135500        0.2462738925        0.2501016742        0.2765529763        0.3152027022        0.3176066921        0.3164441737        0.2568720478        0.2570884106        0.2575116134        0.3226594959        0.0272131296        0.0282614130        0.0283464489        0.0272035284        0.0283849453        0.0299551356
       16.5132900979        0.4143942110        0.2622756050        0.2436663273        0.2413895947        0.3597927889        0.2827255766        0.2879586471        0.2823893687        0.3603806582        0.3618207580        0.3570521281        0.2675055955        0.2402801219        0.2433555329        0.2526625274        0.2805861352        0.3642106465        0.3653024019        0.3636875981        0.2635068598        0.2654057349        0.2600287512        0.3693722223        0.0273644552        0.0281621369        0.0281545555        0.0273043809        0.0284277914        0.0307547497
       16.7062109357        0.4214958155        0.2901630763        0.2636031134        0.2614078911        0.3805653228        0.3033315328        0.3108943856        0.3033452093        0.3829849331        0.3788463643        0.3757925881        0.2685685489        0.2468653054        0.2466539655        0.2613831825        0.2835318318        0.3798319046        0.3817303431        0.3828854530        0.2710874041        0.2723842024        0.2722559208        0.3890774549        0.0274823254        0.0283531777        0.0279998250        0.0271435365        0.0283355935        0.0310417913
       16.8991317734        0.2381741869        0.2683382519        0.2584415715        0.2549688516        0.3199031875        0.2678298587        0.2748298866        0.2681936966        0.3191650857        0.3145628493        0.3138218784        0.2257931228        0.2330817453        0.2321545646        0.2304281956        0.2432184008        0.3235551096        0.3228719415        0.3224310676        0.2313187555        0.2323918197        0.2283523386        0.3236149576        0.0252495772        0.0269442958        0.0268415578        0.0259135069        0.0272190891        0.0286691883
       17.0920526111        0.2937826059        0.2791965740        0.2761411512        0.2709503482        0.4074936708        0.2880548921        0.2931672379        0.2869579821        0.4036250813        0.4057284580        0.4007593236        0.2412904080        0.2400897956        0.2384970929        0.2326370381        0.2556209178        0.4084189363        0.4112320637        0.4083089273        0.2464161707        0.2461912071        0.2438715008        0.4072599149        0.0249595959        0.0268321085        0.0266196713        0.0258061638        0.0267698835        0.0281839506
       17.2849734488        0.3981705619        0.3068578972        0.2900472156        0.2829183929        0.4654331766        0.3238202192        0.3280550947        0.3218627128        0.4593072391        0.4539890810        0.4528158144        0.2691749086        0.2477601651        0.2455065240        0.2527231590        0.2808368758        0.4622095915        0.4644758862        0.4631425265        0.2775631708        0.2749512865        0.2715204370        0.4577706038        0.0252826794        0.0269728523        0.0267025370        0.0257835183        0.0268942138        0.0289165276
       17.4778942866        0.5757971941        0.3380998094        0.3185015440        0.3123085747        0.4778106934        0.3707790693        0.3785028590        0.3705176591        0.4730491491        0.4721880852        0.4617192280        0.3145913646        0.2740025634        0.2714869714        0.2828895817        0.3242063993        0.4750523567        0.4710465075        0.4763894301        0.3259039663        0.3247972131        0.3208366430        0.4712536684        0.0244764465        0.0256807537        0.0257385483        0.0248508527        0.0255271235        0.0274591558
       17.6708151243        0.2377949628        0.2737391174        0.2644193438        0.2573015459        0.3926523137        0.2592054198        0.2639044150        0.2567898903        0.3906984617        0.3885533679        0.3846363357        0.2062238982        0.2194283858        0.2165196699        0.2190520366        0.2120002588        0.3890023078        0.3892325201        0.3876592829        0.2134705187        0.2085914125        0.2089144875        0.3840022142        0.0208000287        0.0222389626        0.0219387528        0.0209996158        0.0216610582        0.0237089107
       17.8637359620        0.2350056303        0.2962948244        0.3057758323        0.2968651827        0.4679104414        0.2591315568        0.2652172904        0.2585529732        0.4639173846        0.4643201009        0.4588267300        0.2043333125        0.2623160824        0.2611606452        0.2420686880        0.2116843672        0.4619183464        0.4609809174        0.4554206787        0.2118566459        0.2099909056        0.2075671707        0.4538879107        0.0216247602        0.0225198430        0.0224457152        0.0214510346        0.0224883445        0.0244828907
       18.0566567997        0.2335457727        0.2664310862        0.2845721253        0.2733342562        0.4575110184        0.2419628773        0.2443557775        0.2423515463        0.4565490249        0.4550749309        0.4489926752        0.1874495600        0.2373902859        0.2374445145        0.2111592789        0.1927296813        0.4491138729        0.4501049093        0.4446967279        0.1948395313        0.1941320117        0.1928226608        0.4427040739        0.0185693295        0.0196176946        0.0194552513        0.0186056766        0.0192063882        0.0210350910
       18.2495776375        0.1490565689        0.2062537947        0.2202943280        0.2140666471        0.3406551933        0.1886386493        0.1915690601        0.1882733836        0.3408879306        0.3376528883        0.3310271367        0.1416899758        0.1806678272        0.1812861519        0.1570287805        0.1444866255        0.3271398813        0.3286407219        0.3276766867        0.1476038489        0.1475595473        0.1461210226        0.3219053270        0.0151319722        0.0161925400        0.0161316467        0.0153620094        0.0159053003        0.0170504756
       18.4424984752        0.1817343667        0.2453062297        0.2658202688        0.2585901025        0.4607024401        0.2110836096        0.2123001186        0.2089492371        0.4597105869        0.4583289849        0.4552529793        0.1621424257        0.2256644908        0.2259776076        0.1979791163        0.1663434884        0.4447694585        0.4447509827        0.4386042284        0.1682813981        0.1708406353        0.1673019777        0.4387029128        0.0163091519        0.0176957036        0.0174592947        0.0169530176        0.0176999805        0.0182983763
       18.6354193129        0.1830880062        0.2807127326        0.2955687763        0.2882055785        0.5263745484        0.1978488221        0.1985303885        0.1987743246        0.5208551204        0.5220646230        0.5190325411        0.1573897506        0.2609822460        0.2601929409        0.2429514877        0.1598558173        0.5060484389        0.5067712339        0.4990749748        0.1627870898        0.1642819759        0.1625651745        0.4996822446        0.0149915388        0.0161191656        0.0162341466        0.0155880630        0.0159668094        0.0165774111
       18.8283401506        0.2013246546        0.3529511252        0.3666519096        0.3634473469        0.6542157274        0.1875663715        0.1884408760        0.1873546813        0.6586181054        0.6567310151        0.6540990557        0.1445625499        0.3314113232        0.3324899298        0.3094118596        0.1463031002        0.6348981316        0.6346046126        0.6320786912        0.1511512537        0.1514737856        0.1505639416        0.6319537962        0.0127211930        0.0137929050        0.0135819200        0.0132457267        0.0135339676        0.0141128872
       19.0212609884        0.1742327616        0.2185588861        0.2223106339        0.2163085558        0.4265008072        0.1422591471        0.1433531397        0.1422191618        0.4302083080        0.4300338600        0.4262039069        0.1097542039        0.1874671997        0.1899074485        0.1829572810        0.1081952404        0.4038800341        0.4026375315        0.4030161865        0.1133297145        0.1148422733        0.1134780966        0.4075765878        0.0092610903        0.0096292240        0.0096408637        0.0092555487        0.0094651450        0.0100744901
       19.2141818261        0.0751396771        0.1339555247        0.1269002946        0.1214608955        0.1980966534        0.0920362326        0.0922634647        0.0930677931        0.2000780730        0.1965493931        0.1908729850        0.0511368829        0.0845117501        0.0859998010        0.0794063981        0.0496641028        0.1598078403        0.1577982266        0.1607023397        0.0557308154        0.0562239112        0.0552582278        0.1703920241        0.0063382781        0.0067684331        0.0065513937        0.0062621452        0.0063352692        0.0068506745
       19.4071026638        0.0516813404        0.0961634225        0.0946691273        0.0917030909        0.1371262211        0.0634747363        0.0639846974        0.0628388508        0.1366267426        0.1378344991        0.1332934481        0.0332806121        0.0593269295        0.0598869032        0.0540246145        0.0316209268        0.1063058518        0.1044091148        0.1067553433        0.0368346797        0.0362874366        0.0354767958        0.1153624217        0.0039875905        0.0043908551        0.0042340214        0.0041130000        0.0041001319        0.0042807243
       19.6000235015        0.0399060505        0.0842697113        0.0816945525        0.0802572486        0.1130432088        0.0489289910        0.0494790642        0.0500952988        0.1139095577        0.1142288648        0.1138842703        0.0250626167        0.0535310521        0.0534463896        0.0476003665        0.0239618706        0.0841571965        0.0840843918        0.0857643459        0.0275585113        0.0274608568        0.0274377230        0.0982598375        0.0032222359        0.0035047416        0.0033614310        0.0032261751        0.0031803862        0.0033774321
       19.7929443393        0.0520139162        0.1136097931        0.1095285611        0.1093065893        0.1495438831        0.0652618810        0.0646292913        0.0654789746        0.1505830108        0.1473903152        0.1521070095        0.0313188274        0.0720843704        0.0715467493        0.0634622444        0.0299607494        0.1055671717        0.1066994051        0.1092842353        0.0350281067        0.0347548535        0.0348630443        0.1264448165        0.0040463494        0.0043701105        0.0042521418        0.0040444087        0.0039948535        0.0042522729
       19.9858651770        0.0385552242        0.0925537112        0.0920965657        0.0924683298        0.1112685124        0.0478391801        0.0475614427        0.0460579882        0.1110159235        0.1085281993        0.1128689968        0.0222121399        0.0629392478        0.0632700862        0.0565139304        0.0209836339        0.0761909800        0.0780650127        0.0788559632        0.0247473161        0.0249360406        0.0254517384        0.0910885572        0.0027385104        0.0029988226        0.0028780112        0.0028067327        0.0027622522        0.0028756102
       20.1787860147        0.0169088140        0.0664936284        0.0678541833        0.0686183095        0.0533130855        0.0206756765        0.0213004655        0.0192263628        0.0546320453        0.0531725243        0.0558193166        0.0105858083        0.0559476895        0.0554950259        0.0527769014        0.0096403500        0.0392257331        0.0404810517        0.0405188912        0.0113609377        0.0116135259        0.0121540551        0.0455136473        0.0011051571        0.0011645576        0.0011139671        0.0011201970        0.0011402756        0.0011210930
       20.3717068524        0.0069442866        0.0731883008        0.0749301584        0.0745859772        0.0352778502        0.0091989112        0.0092560704        0.0085337574        0.0361478192        0.0359915347        0.0360638655        0.0063949214        0.0710613608        0.0707005561        0.0700062580        0.0061120860        0.0315618093        0.0320619376        0.0317639479        0.0066237482        0.0066537962        0.0067925590        0.0328970692        0.0003852920        0.0003798573        0.0003868090        0.0003733140        0.0004188553        0.0003896078
       20.5646276902        0.0055247443        0.1216716995        0.1215501584        0.1215089590        0.0493500651        0.0080434348        0.0080562040        0.0078366358        0.0499094984        0.0499420302        0.0495632405        0.0072850839        0.1209108203        0.1209665529        0.1204723137        0.0073142596        0.0487976319        0.0486402563        0.0487219934        0.0073726070        0.0074131270        0.0073579472        0.0489426563        0.0002240716        0.0002270574        0.0002256322        0.0002267467        0.0002440922        0.0002272176
       20.7575485279        0.0068166186        0.1860946061        0.1849922517        0.1848898534        0.0782931799        0.0096592266        0.0095826801        0.0094279262        0.0786853966        0.0786450657        0.0782355641        0.0092764511        0.1853864359        0.1848529197        0.1853915436        0.0093129300        0.0780617829        0.0781480099        0.0781716227        0.0093220027        0.0093402938        0.0093348802        0.0781415004        0.0002453359        0.0002429444        0.0002500010        0.0002454978        0.0002460246        0.0002481041
       20.9504693656        0.0023814209        0.0629869819        0.0649585058        0.0607187782        0.0290272032        0.0035002819        0.0031771394        0.0031662864        0.0290198526        0.0287781935        0.0264642600        0.0031268112        0.0651111659        0.0607361560        0.0585230568        0.0030332096        0.0270943210        0.0297068283        0.0291691488        0.0031214492        0.0030133249        0.0033089717        0.0292839742        0.0000712635        0.0000753100        0.0000730444        0.0000728669        0.0000762589        0.0000711641
       21.1433902033        0.0081885679        0.2483941782        0.2545926277        0.2523955979        0.1288183751        0.0156049201        0.0155896288        0.0156466036        0.1286235831        0.1289430582        0.1287720478        0.0155699287        0.2546978180        0.2522395090        0.2481771892        0.0152710398        0.1306842006        0.1312388828        0.1291539292        0.0155741454        0.0152190779        0.0151682459        0.1294638300        0.0002550948        0.0002676277        0.0002617218        0.0002588891        0.0002631720        0.0002606407
       21.3363110411        0.0014381496        0.1737412787        0.1843080335        0.1835265421        0.0961194856        0.0094085253        0.0091470047        0.0095348294        0.0960189125        0.1005303338        0.0993191057        0.0092629705        0.1843503254        0.1829649747        0.1859475076        0.0090339482        0.1009866863        0.1025906070        0.0965569846        0.0092646101        0.0086908634        0.0089158951        0.0968698039        0.0001933449        0.0002073148        0.0001995189        0.0001968192        0.0002011471        0.0001976992
       21.5292318788        0.0036547223        0.6407786353        0.6336719926        0.6421147229        0.3723900546        0.0319935730        0.0320253264        0.0313684962        0.3726478750        0.3638477466        0.3686343466        0.0310244788        0.6335544033        0.6430618414        0.6388882636        0.0309193611        0.3695304268        0.3646904029        0.3727765971        0.0310776729        0.0317539096        0.0315915311        0.3725816108        0.0003039952        0.0003367320        0.0003263977        0.0003232505        0.0003314196        0.0003068140
       21.7221527165        0.0015087389        0.0646180611        0.0635836200        0.0639935920        0.0392912942        0.0037629801        0.0037853391        0.0040093175        0.0394074227        0.0293371779        0.0311617630        0.0030234081        0.0607943555        0.0634769495        0.0239435849        0.0032838168        0.0298106838        0.0284290090        0.0384100484        0.0032533948        0.0029440946        0.0029952517        0.0380404556        0.0001412083        0.0001534510        0.0001422592        0.0001436896        0.0001459251        0.0001430142
       21.9150735542        0.0004212939        0.0037656076        0.0087792546        0.0102898130        0.0043100609        0.0006313149        0.0006101362        0.0008511244        0.0041887052        0.0043792517        0.0048559219        0.0004294537        0.0080356715        0.0089922042        0.0012989610        0.0005356580        0.0040391525        0.0035063644        0.0037926286        0.0005115079        0.0003549595        0.0003616917        0.0038002580        0.0000385576        0.0000437677        0.0000418503        0.0000379069        0.0000426302        0.0000409313
       22.1079943920        0.0000464603        0.0002734494        0.0008362051        0.0010783840        0.0004181026        0.0000612721        0.0000681880        0.0000922742        0.0003921025        0.0004897182        0.0005058547        0.0000409936        0.0007331283        0.0007909714        0.0001139005        0.0000543439        0.0003736423        0.0003148966        0.0003135632        0.0000521093        0.0000402138        0.0000354371        0.0003386330        0.0000052698        0.0000053251        0.0000051298        0.0000047299        0.0000058487        0.0000055444
       22.3009152297        0.0000019610        0.0000224567        0.0000504311        0.0000641946        0.0000317135        0.0000039992        0.0000049152        0.0000044586        0.0000272418        0.0000356242        0.0000335054        0.0000025651        0.0000467642        0.0000339650        0.0000160247        0.0000019330        0.0000216359        0.0000178936        0.0000190888        0.0000024791        0.0000019211        0.0000023202        0.0000255943        0.0000004709        0.0000003800        0.0000004556        0.0000004028        0.0000003281        0.0000004296
       22.4938360674        0.0000002221        0.0000015506        0.0000058218        0.0000095119        0.0000030445        0.0000005906        0.0000009249        0.0000007303        0.0000042620        0.0000027754        0.0000060652        0.0000004122        0.0000056967        0.0000043727        0.0000010943        0.0000002444        0.0000021496        0.0000015969        0.0000022535        0.0000002630        0.0000002550        0.0000002399        0.0000035262        0.0000000592        0.0000000593        0.0000000673        0.0000000805        0.0000000425        0.0000000468
       22.6867569051        0.0000000087        0.0000000256        0.0000003308        0.0000003849        0.0000001059        0.0000000252        0.0000000508        0.0000000474        0.0000002467        0.0000001406        0.0000003527        0.0000000251        0.0000003224        0.0000002275        0.0000000081        0.0000000137        0.0000000777        0.0000000736        0.0000001066        0.0000000137        0.0000000134        0.0000000096        0.0000001691        0.0000000018        0.0000000035        0.0000000032        0.0000000042        0.0000000019        0.0000000016
       22.8796777429        0.0000000000        0.0000000000        0.0000000000        0.0000000000        0.0000000000        0.0000000000        0.0000000000        0.0000000000        0.0000000000        0.0000000000        0.0000000000        0.0000000000        0.0000000000        0.0000000000        0.0000000000        0.0000000000        0.0000000000        0.0000000000        0.0000000000        0.0000000000        0.0000000000        0.0000000000        0.0000000000        0.0000000000        0.0000000000        0.0000000000        0.0000000000        0.0000000000        0.0000000000
       23.0725985806        0.0000000000        0.0000000000        0.0000000000        0.0000000000        0.0000000000        0.0000000000        0.0000000000        0.0000000000        0.0000000000        0.0000000000        0.0000000000        0.0000000000        0.0000000000        0.0000000000        0.0000000000        0.0000000000        0.0000000000        0.0000000000        0.0000000000        0.0000000000        0.0000000000        0.0000000000        0.0000000000        0.0000000000        0.0000000000        0.0000000000        0.0000000000        0.0000000000        0.0000000000
       23.2655194183        0.0000000000        0.0000000000        0.0000000000        0.0000000000        0.0000000000        0.0000000000        0.0000000000        0.0000000000        0.0000000000        0.0000000000        0.0000000000        0.0000000000        0.0000000000        0.0000000000        0.0000000000        0.0000000000        0.0000000000        0.0000000000        0.0000000000        0.0000000000        0.0000000000        0.0000000000        0.0000000000        0.0000000000        0.0000000000        0.0000000000        0.0000000000        0.0000000000        0.0000000000
       23.4584402560        0.0000000000        0.0000000000        0.0000000000        0.0000000000        0.0000000000        0.0000000000        0.0000000000        0.0000000000        0.0000000000        0.0000000000        0.0000000000        0.0000000000        0.0000000000        0.0000000000        0.0000000000        0.0000000000        0.0000000000        0.0000000000        0.0000000000        0.0000000000        0.0000000000        0.0000000000        0.0000000000        0.0000000000        0.0000000000        0.0000000000        0.0000000000        0.0000000000        0.0000000000
       23.6513610938        0.0000000000        0.0000000000        0.0000000000        0.0000000000        0.0000000000        0.0000000000        0.0000000000        0.0000000000        0.0000000000        0.0000000000        0.0000000000        0.0000000000        0.0000000000        0.0000000000        0.0000000000        0.0000000000        0.0000000000        0.0000000000        0.0000000000        0.0000000000        0.0000000000        0.0000000000        0.0000000000        0.0000000000        0.0000000000        0.0000000000        0.0000000000        0.0000000000        0.0000000000
       23.8442819315        0.0000000000        0.0000000000        0.0000000000        0.0000000000        0.0000000000        0.0000000000        0.0000000000        0.0000000000        0.0000000000        0.0000000000        0.0000000000        0.0000000000        0.0000000000        0.0000000000        0.0000000000        0.0000000000        0.0000000000        0.0000000000        0.0000000000        0.0000000000        0.0000000000        0.0000000000        0.0000000000        0.0000000000        0.0000000000        0.0000000000        0.0000000000        0.0000000000        0.0000000000
       24.0372027692        0.0000000000        0.0000000000        0.0000000000        0.0000000000        0.0000000000        0.0000000000        0.0000000000        0.0000000000        0.0000000000        0.0000000000        0.0000000000        0.0000000000        0.0000000000        0.0000000000        0.0000000000        0.0000000000        0.0000000000        0.0000000000        0.0000000000        0.0000000000        0.0000000000        0.0000000000        0.0000000000        0.0000000000        0.0000000000        0.0000000000        0.0000000000        0.0000000000        0.0000000000
       24.2301236069        0.0000000000        0.0000000000        0.0000000000        0.0000000000        0.0000000000        0.0000000000        0.0000000000        0.0000000000        0.0000000000        0.0000000000        0.0000000000        0.0000000000        0.0000000000        0.0000000000        0.0000000000        0.0000000000        0.0000000000        0.0000000000        0.0000000000        0.0000000000        0.0000000000        0.0000000000        0.0000000000        0.0000000000        0.0000000000        0.0000000000        0.0000000000        0.0000000000        0.0000000000
       24.4230444447        0.0000000000        0.0000000000        0.0000000000        0.0000000000        0.0000000000        0.0000000000        0.0000000000        0.0000000000        0.0000000000        0.0000000000        0.0000000000        0.0000000000        0.0000000000        0.0000000000        0.0000000000        0.0000000000        0.0000000000        0.0000000000        0.0000000000        0.0000000000        0.0000000000        0.0000000000        0.0000000000        0.0000000000        0.0000000000        0.0000000000        0.0000000000        0.0000000000        0.0000000000
       24.6159652824        0.0000000000        0.0000000000        0.0000000000        0.0000000000        0.0000000000        0.0000000000        0.0000000000        0.0000000000        0.0000000000        0.0000000000        0.0000000000        0.0000000000        0.0000000000        0.0000000000        0.0000000000        0.0000000000        0.0000000000        0.0000000000        0.0000000000        0.0000000000        0.0000000000        0.0000000000        0.0000000000        0.0000000000        0.0000000000        0.0000000000        0.0000000000        0.0000000000        0.0000000000
       24.8088861201        0.0000000000        0.0000000000        0.0000000000        0.0000000000        0.0000000000        0.0000000000        0.0000000000        0.0000000000        0.0000000000        0.0000000000        0.0000000000        0.0000000000        0.0000000000        0.0000000000        0.0000000000        0.0000000000        0.0000000000        0.0000000000        0.0000000000        0.0000000000        0.0000000000        0.0000000000        0.0000000000        0.0000000000        0.0000000000        0.0000000000        0.0000000000        0.0000000000        0.0000000000
       25.0018069578        0.0000000000        0.0000000000        0.0000000000        0.0000000000        0.0000000000        0.0000000000        0.0000000000        0.0000000000        0.0000000000        0.0000000000        0.0000000000        0.0000000000        0.0000000000        0.0000000000        0.0000000000        0.0000000000        0.0000000000        0.0000000000        0.0000000000        0.0000000000        0.0000000000        0.0000000000        0.0000000000        0.0000000000        0.0000000000        0.0000000000        0.0000000000        0.0000000000        0.0000000000
       25.1947277956        0.0000000000        0.0000000000        0.0000000000        0.0000000000        0.0000000000        0.0000000000        0.0000000000        0.0000000000        0.0000000000        0.0000000000        0.0000000000        0.0000000000        0.0000000000        0.0000000000        0.0000000000        0.0000000000        0.0000000000        0.0000000000        0.0000000000        0.0000000000        0.0000000000        0.0000000000        0.0000000000        0.0000000000        0.0000000000        0.0000000000        0.0000000000        0.0000000000        0.0000000000
       25.3876486333        0.0000000000        0.0000000000        0.0000000000        0.0000000000        0.0000000000        0.0000000000        0.0000000000        0.0000000000        0.0000000000        0.0000000000        0.0000000000        0.0000000000        0.0000000000        0.0000000000        0.0000000000        0.0000000000        0.0000000000        0.0000000000        0.0000000000        0.0000000000        0.0000000000        0.0000000000        0.0000000000        0.0000000000        0.0000000000        0.0000000000        0.0000000000        0.0000000000        0.0000000000
       25.5805694710        0.0000000000        0.0000000000        0.0000000000        0.0000000000        0.0000000000        0.0000000000        0.0000000000        0.0000000000        0.0000000000        0.0000000000        0.0000000000        0.0000000000        0.0000000000        0.0000000000        0.0000000000        0.0000000000        0.0000000000        0.0000000000        0.0000000000        0.0000000000        0.0000000000        0.0000000000        0.0000000000        0.0000000000        0.0000000000        0.0000000000        0.0000000000        0.0000000000        0.0000000000
       25.7734903087        0.0000000000        0.0000000000        0.0000000000        0.0000000000        0.0000000000        0.0000000000        0.0000000000        0.0000000000        0.0000000000        0.0000000000        0.0000000000        0.0000000000        0.0000000000        0.0000000000        0.0000000000        0.0000000000        0.0000000000        0.0000000000        0.0000000000        0.0000000000        0.0000000000        0.0000000000        0.0000000000        0.0000000000        0.0000000000        0.0000000000        0.0000000000        0.0000000000        0.0000000000
       25.9664111465        0.0000000000        0.0000000000        0.0000000000        0.0000000000        0.0000000000        0.0000000000        0.0000000000        0.0000000000        0.0000000000        0.0000000000        0.0000000000        0.0000000000        0.0000000000        0.0000000000        0.0000000000        0.0000000000        0.0000000000        0.0000000000        0.0000000000        0.0000000000        0.0000000000        0.0000000000        0.0000000000        0.0000000000        0.0000000000        0.0000000000        0.0000000000        0.0000000000        0.0000000000
