  24   24
1 1
     7.275272831681352    -0.000000000000000    -0.000000000000000
    -0.000000000000000     7.275272831681352    -0.000000000000000
    -0.000000000000000    -0.000000000000000     9.005097301433540
1 2
    -0.020420988826565    -0.012496564334768     0.022983574841995
    -0.012496564334768    -0.020420988826565    -0.022983574841995
     0.022983574841995    -0.022983574841995    -0.060178440547048
1 3
    -0.020420988826565    -0.012496564334768    -0.022983574841995
    -0.012496564334768    -0.020420988826565     0.022983574841995
    -0.022983574841995     0.022983574841995    -0.060178440547048
1 4
     0.103788714155413    -0.000000000000000     0.000000000000000
    -0.000000000000000     0.103788714155413    -0.000000000000000
     0.000000000000000    -0.000000000000000     0.061388583832629
1 5
    -0.020420988826565     0.012496564334768     0.022983574841995
     0.012496564334768    -0.020420988826565     0.022983574841995
     0.022983574841995     0.022983574841995    -0.060178440547048
1 6
    -0.174486744140001     0.000000000000000     0.000000000000000
     0.000000000000000     0.566781832835531    -0.000000000000000
     0.000000000000000     0.000000000000000    -0.075377838974723
1 7
     0.566781832835531    -0.000000000000000     0.000000000000000
    -0.000000000000000    -0.174486744140001    -0.000000000000000
     0.000000000000000     0.000000000000000    -0.075377838974722
1 8
    -0.020420988826565     0.012496564334768    -0.022983574841995
     0.012496564334768    -0.020420988826565    -0.022983574841995
    -0.022983574841995    -0.022983574841995    -0.060178440547048
1 9
     0.344527715448186     0.000000000000000     0.000000000000000
    -0.000000000000000     0.344527715448186    -0.000000000000000
     0.000000000000000     0.000000000000000    -0.829388779074815
1 10
    -0.933695401114322     0.895231957049368     0.958006823417916
     0.895231957049368    -0.933695401114322    -0.958006823417916
     0.879475162632068    -0.879475162632068    -0.697756883094180
1 11
    -0.933695401114322     0.895231957049368    -0.958006823417916
     0.895231957049368    -0.933695401114322     0.958006823417916
    -0.879475162632068     0.879475162632068    -0.697756883094180
1 12
    -0.331467366655529     0.000000000000000     0.000000000000000
    -0.000000000000000    -0.331467366655529     0.000000000000000
    -0.000000000000000    -0.000000000000000    -0.254355235522014
1 13
    -0.933695401114322    -0.895231957049368     0.958006823417916
    -0.895231957049368    -0.933695401114322     0.958006823417916
     0.879475162632068     0.879475162632068    -0.697756883094180
1 14
     0.084580019345445     0.000000000000000     0.000000000000000
    -0.000000000000000    -0.207695103293830    -0.000000000000000
    -0.000000000000000    -0.000000000000000    -0.231368337795359
1 15
    -0.207695103293830     0.000000000000000     0.000000000000000
     0.000000000000000     0.084580019345445    -0.000000000000000
    -0.000000000000000     0.000000000000000    -0.231368337795359
1 16
    -0.933695401114322    -0.895231957049368    -0.958006823417916
    -0.895231957049368    -0.933695401114322    -0.958006823417916
    -0.879475162632068    -0.879475162632068    -0.697756883094180
1 17
    -0.331467366655529     0.000000000000000     0.000000000000000
    -0.000000000000000    -0.331467366655529     0.000000000000000
    -0.000000000000000    -0.000000000000000    -0.254355235522014
1 18
    -0.933695401114322     0.895231957049368    -0.958006823417916
     0.895231957049368    -0.933695401114322     0.958006823417916
    -0.879475162632068     0.879475162632068    -0.697756883094180
1 19
    -0.933695401114322     0.895231957049368     0.958006823417916
     0.895231957049368    -0.933695401114322    -0.958006823417916
     0.879475162632068    -0.879475162632068    -0.697756883094180
1 20
     0.344527715448186     0.000000000000000     0.000000000000000
    -0.000000000000000     0.344527715448186    -0.000000000000000
     0.000000000000000     0.000000000000000    -0.829388779074815
1 21
    -0.933695401114322    -0.895231957049368    -0.958006823417916
    -0.895231957049368    -0.933695401114322    -0.958006823417916
    -0.879475162632068    -0.879475162632068    -0.697756883094180
1 22
    -0.207695103293830     0.000000000000000     0.000000000000000
     0.000000000000000     0.084580019345445    -0.000000000000000
    -0.000000000000000     0.000000000000000    -0.231368337795359
1 23
     0.084580019345445    -0.000000000000000     0.000000000000000
    -0.000000000000000    -0.207695103293830    -0.000000000000000
    -0.000000000000000    -0.000000000000000    -0.231368337795359
1 24
    -0.933695401114322    -0.895231957049368     0.958006823417916
    -0.895231957049368    -0.933695401114322     0.958006823417916
     0.879475162632068     0.879475162632068    -0.697756883094180
2 1
    -0.020420988826565    -0.012496564334768     0.022983574841995
    -0.012496564334768    -0.020420988826565    -0.022983574841995
     0.022983574841995    -0.022983574841995    -0.060178440547048
2 2
     7.275272831681353    -0.000000000000000    -0.000000000000000
    -0.000000000000000     7.275272831681352     0.000000000000000
    -0.000000000000000     0.000000000000000     9.005097301433542
2 3
     0.103788714155413    -0.000000000000000    -0.000000000000000
    -0.000000000000000     0.103788714155413     0.000000000000000
     0.000000000000000    -0.000000000000000     0.061388583832630
2 4
    -0.020420988826565    -0.012496564334768    -0.022983574841995
    -0.012496564334768    -0.020420988826565     0.022983574841995
    -0.022983574841995     0.022983574841995    -0.060178440547048
2 5
    -0.174486744140001    -0.000000000000000    -0.000000000000000
    -0.000000000000000     0.566781832835531     0.000000000000000
    -0.000000000000000    -0.000000000000000    -0.075377838974722
2 6
    -0.020420988826565     0.012496564334768     0.022983574841995
     0.012496564334768    -0.020420988826565     0.022983574841995
     0.022983574841995     0.022983574841995    -0.060178440547048
2 7
    -0.020420988826565     0.012496564334768    -0.022983574841995
     0.012496564334768    -0.020420988826565    -0.022983574841995
    -0.022983574841995    -0.022983574841995    -0.060178440547048
2 8
     0.566781832835531    -0.000000000000000    -0.000000000000000
    -0.000000000000000    -0.174486744140001     0.000000000000000
     0.000000000000000     0.000000000000000    -0.075377838974722
2 9
    -0.933695401114322     0.895231957049368     0.958006823417916
     0.895231957049368    -0.933695401114322    -0.958006823417916
     0.879475162632068    -0.879475162632068    -0.697756883094180
2 10
     0.344527715448186     0.000000000000000    -0.000000000000000
    -0.000000000000000     0.344527715448186     0.000000000000000
     0.000000000000000    -0.000000000000000    -0.829388779074815
2 11
    -0.331467366655529     0.000000000000000    -0.000000000000000
     0.000000000000000    -0.331467366655529     0.000000000000000
     0.000000000000000     0.000000000000000    -0.254355235522014
2 12
    -0.933695401114322     0.895231957049368    -0.958006823417916
     0.895231957049368    -0.933695401114322     0.958006823417916
    -0.879475162632068     0.879475162632068    -0.697756883094180
2 13
     0.084580019345445    -0.000000000000000     0.000000000000000
    -0.000000000000000    -0.207695103293830     0.000000000000000
    -0.000000000000000    -0.000000000000000    -0.231368337795359
2 14
    -0.933695401114322    -0.895231957049368     0.958006823417916
    -0.895231957049368    -0.933695401114322     0.958006823417916
     0.879475162632068     0.879475162632068    -0.697756883094180
2 15
    -0.933695401114322    -0.895231957049368    -0.958006823417916
    -0.895231957049368    -0.933695401114322    -0.958006823417916
    -0.879475162632068    -0.879475162632068    -0.697756883094180
2 16
    -0.207695103293830     0.000000000000000    -0.000000000000000
    -0.000000000000000     0.084580019345445     0.000000000000000
    -0.000000000000000     0.000000000000000    -0.231368337795359
2 17
    -0.933695401114322     0.895231957049368    -0.958006823417916
     0.895231957049368    -0.933695401114322     0.958006823417916
    -0.879475162632068     0.879475162632068    -0.697756883094180
2 18
    -0.331467366655529     0.000000000000000    -0.000000000000000
     0.000000000000000    -0.331467366655529     0.000000000000000
     0.000000000000000     0.000000000000000    -0.254355235522014
2 19
     0.344527715448186     0.000000000000000    -0.000000000000000
    -0.000000000000000     0.344527715448186     0.000000000000000
     0.000000000000000    -0.000000000000000    -0.829388779074815
2 20
    -0.933695401114322     0.895231957049368     0.958006823417916
     0.895231957049368    -0.933695401114322    -0.958006823417916
     0.879475162632068    -0.879475162632068    -0.697756883094180
2 21
    -0.207695103293830    -0.000000000000000    -0.000000000000000
    -0.000000000000000     0.084580019345445     0.000000000000000
     0.000000000000000     0.000000000000000    -0.231368337795359
2 22
    -0.933695401114322    -0.895231957049368    -0.958006823417916
    -0.895231957049368    -0.933695401114322    -0.958006823417916
    -0.879475162632068    -0.879475162632068    -0.697756883094180
2 23
    -0.933695401114322    -0.895231957049368     0.958006823417916
    -0.895231957049368    -0.933695401114322     0.958006823417916
     0.879475162632068     0.879475162632068    -0.697756883094180
2 24
     0.084580019345444    -0.000000000000000     0.000000000000000
    -0.000000000000000    -0.207695103293830     0.000000000000000
     0.000000000000000    -0.000000000000000    -0.231368337795359
3 1
    -0.020420988826565    -0.012496564334768    -0.022983574841995
    -0.012496564334768    -0.020420988826565     0.022983574841995
    -0.022983574841995     0.022983574841995    -0.060178440547048
3 2
     0.103788714155413    -0.000000000000000     0.000000000000000
    -0.000000000000000     0.103788714155413    -0.000000000000000
    -0.000000000000000     0.000000000000000     0.061388583832630
3 3
     7.275272831681352    -0.000000000000000     0.000000000000000
    -0.000000000000000     7.275272831681352    -0.000000000000000
     0.000000000000000    -0.000000000000000     9.005097301433540
3 4
    -0.020420988826565    -0.012496564334768     0.022983574841995
    -0.012496564334768    -0.020420988826565    -0.022983574841995
     0.022983574841995    -0.022983574841995    -0.060178440547048
3 5
     0.566781832835531    -0.000000000000000     0.000000000000000
    -0.000000000000000    -0.174486744140001    -0.000000000000000
    -0.000000000000000    -0.000000000000000    -0.075377838974722
3 6
    -0.020420988826565     0.012496564334768    -0.022983574841995
     0.012496564334768    -0.020420988826565    -0.022983574841995
    -0.022983574841995    -0.022983574841995    -0.060178440547048
3 7
    -0.020420988826565     0.012496564334768     0.022983574841995
     0.012496564334768    -0.020420988826565     0.022983574841995
     0.022983574841995     0.022983574841995    -0.060178440547048
3 8
    -0.174486744140001    -0.000000000000000     0.000000000000000
    -0.000000000000000     0.566781832835531    -0.000000000000000
     0.000000000000000     0.000000000000000    -0.075377838974722
3 9
    -0.933695401114322     0.895231957049368    -0.958006823417916
     0.895231957049368    -0.933695401114322     0.958006823417916
    -0.879475162632068     0.879475162632068    -0.697756883094180
3 10
    -0.331467366655529     0.000000000000000     0.000000000000000
    -0.000000000000000    -0.331467366655529    -0.000000000000000
     0.000000000000000    -0.000000000000000    -0.254355235522014
3 11
     0.344527715448186     0.000000000000000    -0.000000000000000
     0.000000000000000     0.344527715448186    -0.000000000000000
     0.000000000000000     0.000000000000000    -0.829388779074815
3 12
    -0.933695401114322     0.895231957049368     0.958006823417916
     0.895231957049368    -0.933695401114322    -0.958006823417916
     0.879475162632068    -0.879475162632068    -0.697756883094180
3 13
    -0.207695103293830    -0.000000000000000     0.000000000000000
    -0.000000000000000     0.084580019345445    -0.000000000000000
    -0.000000000000000    -0.000000000000000    -0.231368337795359
3 14
    -0.933695401114322    -0.895231957049368    -0.958006823417916
    -0.895231957049368    -0.933695401114322    -0.958006823417916
    -0.879475162632068    -0.879475162632068    -0.697756883094180
3 15
    -0.933695401114322    -0.895231957049368     0.958006823417916
    -0.895231957049368    -0.933695401114322     0.958006823417916
     0.879475162632068     0.879475162632068    -0.697756883094180
3 16
     0.084580019345445     0.000000000000000    -0.000000000000000
    -0.000000000000000    -0.207695103293830    -0.000000000000000
    -0.000000000000000     0.000000000000000    -0.231368337795359
3 17
    -0.933695401114322     0.895231957049368     0.958006823417916
     0.895231957049368    -0.933695401114322    -0.958006823417916
     0.879475162632068    -0.879475162632068    -0.697756883094180
3 18
     0.344527715448186     0.000000000000000    -0.000000000000000
     0.000000000000000     0.344527715448186    -0.000000000000000
     0.000000000000000     0.000000000000000    -0.829388779074815
3 19
    -0.331467366655529     0.000000000000000    -0.000000000000000
    -0.000000000000000    -0.331467366655529    -0.000000000000000
     0.000000000000000    -0.000000000000000    -0.254355235522014
3 20
    -0.933695401114322     0.895231957049368    -0.958006823417916
     0.895231957049368    -0.933695401114322     0.958006823417916
    -0.879475162632068     0.879475162632068    -0.697756883094180
3 21
     0.084580019345445    -0.000000000000000     0.000000000000000
    -0.000000000000000    -0.207695103293830    -0.000000000000000
     0.000000000000000     0.000000000000000    -0.231368337795359
3 22
    -0.933695401114322    -0.895231957049368     0.958006823417916
    -0.895231957049368    -0.933695401114322     0.958006823417916
     0.879475162632068     0.879475162632068    -0.697756883094180
3 23
    -0.933695401114322    -0.895231957049368    -0.958006823417916
    -0.895231957049368    -0.933695401114322    -0.958006823417916
    -0.879475162632068    -0.879475162632068    -0.697756883094180
3 24
    -0.207695103293830    -0.000000000000000     0.000000000000000
    -0.000000000000000     0.084580019345444    -0.000000000000000
     0.000000000000000    -0.000000000000000    -0.231368337795359
4 1
     0.103788714155413    -0.000000000000000     0.000000000000000
    -0.000000000000000     0.103788714155413    -0.000000000000000
     0.000000000000000    -0.000000000000000     0.061388583832629
4 2
    -0.020420988826565    -0.012496564334768    -0.022983574841995
    -0.012496564334768    -0.020420988826565     0.022983574841995
    -0.022983574841995     0.022983574841995    -0.060178440547048
4 3
    -0.020420988826565    -0.012496564334768     0.022983574841995
    -0.012496564334768    -0.020420988826565    -0.022983574841995
     0.022983574841995    -0.022983574841995    -0.060178440547048
4 4
     7.275272831681352    -0.000000000000000    -0.000000000000000
    -0.000000000000000     7.275272831681352    -0.000000000000000
    -0.000000000000000    -0.000000000000000     9.005097301433540
4 5
    -0.020420988826565     0.012496564334768    -0.022983574841995
     0.012496564334768    -0.020420988826565    -0.022983574841995
    -0.022983574841995    -0.022983574841995    -0.060178440547048
4 6
     0.566781832835531     0.000000000000000     0.000000000000000
     0.000000000000000    -0.174486744140001    -0.000000000000000
     0.000000000000000     0.000000000000000    -0.075377838974722
4 7
    -0.174486744140001    -0.000000000000000     0.000000000000000
    -0.000000000000000     0.566781832835531    -0.000000000000000
     0.000000000000000     0.000000000000000    -0.075377838974722
4 8
    -0.020420988826565     0.012496564334768     0.022983574841995
     0.012496564334768    -0.020420988826565     0.022983574841995
     0.022983574841995     0.022983574841995    -0.060178440547048
4 9
    -0.331467366655529     0.000000000000000     0.000000000000000
    -0.000000000000000    -0.331467366655529    -0.000000000000000
     0.000000000000000     0.000000000000000    -0.254355235522014
4 10
    -0.933695401114322     0.895231957049368    -0.958006823417916
     0.895231957049368    -0.933695401114322     0.958006823417916
    -0.879475162632068     0.879475162632068    -0.697756883094180
4 11
    -0.933695401114322     0.895231957049368     0.958006823417916
     0.895231957049368    -0.933695401114322    -0.958006823417916
     0.879475162632068    -0.879475162632068    -0.697756883094180
4 12
     0.344527715448186     0.000000000000000     0.000000000000000
    -0.000000000000000     0.344527715448186     0.000000000000000
    -0.000000000000000    -0.000000000000000    -0.829388779074815
4 13
    -0.933695401114322    -0.895231957049368    -0.958006823417916
    -0.895231957049368    -0.933695401114322    -0.958006823417916
    -0.879475162632068    -0.879475162632068    -0.697756883094180
4 14
    -0.207695103293830     0.000000000000000     0.000000000000000
    -0.000000000000000     0.084580019345445    -0.000000000000000
    -0.000000000000000    -0.000000000000000    -0.231368337795359
4 15
     0.084580019345445     0.000000000000000     0.000000000000000
     0.000000000000000    -0.207695103293830    -0.000000000000000
    -0.000000000000000     0.000000000000000    -0.231368337795359
4 16
    -0.933695401114322    -0.895231957049368     0.958006823417916
    -0.895231957049368    -0.933695401114322     0.958006823417916
     0.879475162632068     0.879475162632068    -0.697756883094180
4 17
     0.344527715448186     0.000000000000000     0.000000000000000
    -0.000000000000000     0.344527715448186     0.000000000000000
    -0.000000000000000    -0.000000000000000    -0.829388779074815
4 18
    -0.933695401114322     0.895231957049368     0.958006823417916
     0.895231957049368    -0.933695401114322    -0.958006823417916
     0.879475162632068    -0.879475162632068    -0.697756883094180
4 19
    -0.933695401114322     0.895231957049368    -0.958006823417916
     0.895231957049368    -0.933695401114322     0.958006823417916
    -0.879475162632068     0.879475162632068    -0.697756883094180
4 20
    -0.331467366655529     0.000000000000000     0.000000000000000
    -0.000000000000000    -0.331467366655529    -0.000000000000000
     0.000000000000000     0.000000000000000    -0.254355235522014
4 21
    -0.933695401114322    -0.895231957049368     0.958006823417916
    -0.895231957049368    -0.933695401114322     0.958006823417916
     0.879475162632068     0.879475162632068    -0.697756883094180
4 22
     0.084580019345445     0.000000000000000     0.000000000000000
     0.000000000000000    -0.207695103293830    -0.000000000000000
    -0.000000000000000     0.000000000000000    -0.231368337795359
4 23
    -0.207695103293830    -0.000000000000000     0.000000000000000
    -0.000000000000000     0.084580019345445    -0.000000000000000
    -0.000000000000000    -0.000000000000000    -0.231368337795359
4 24
    -0.933695401114322    -0.895231957049368    -0.958006823417916
    -0.895231957049368    -0.933695401114322    -0.958006823417916
    -0.879475162632068    -0.879475162632068    -0.697756883094180
5 1
    -0.020420988826565     0.012496564334768     0.022983574841995
     0.012496564334768    -0.020420988826565     0.022983574841995
     0.022983574841995     0.022983574841995    -0.060178440547048
5 2
    -0.174486744140001    -0.000000000000000    -0.000000000000000
    -0.000000000000000     0.566781832835531    -0.000000000000000
    -0.000000000000000     0.000000000000000    -0.075377838974722
5 3
     0.566781832835531    -0.000000000000000    -0.000000000000000
    -0.000000000000000    -0.174486744140001    -0.000000000000000
     0.000000000000000    -0.000000000000000    -0.075377838974722
5 4
    -0.020420988826565     0.012496564334768    -0.022983574841995
     0.012496564334768    -0.020420988826565    -0.022983574841995
    -0.022983574841995    -0.022983574841995    -0.060178440547048
5 5
     7.275272831681354     0.000000000000000    -0.000000000000000
     0.000000000000000     7.275272831681354    -0.000000000000000
    -0.000000000000000    -0.000000000000000     9.005097301433540
5 6
    -0.020420988826565    -0.012496564334768     0.022983574841995
    -0.012496564334768    -0.020420988826565    -0.022983574841995
     0.022983574841995    -0.022983574841995    -0.060178440547048
5 7
    -0.020420988826565    -0.012496564334768    -0.022983574841995
    -0.012496564334768    -0.020420988826565     0.022983574841995
    -0.022983574841995     0.022983574841995    -0.060178440547048
5 8
     0.103788714155413    -0.000000000000000    -0.000000000000000
     0.000000000000000     0.103788714155413    -0.000000000000000
     0.000000000000000     0.000000000000000     0.061388583832630
5 9
    -0.933695401114322    -0.895231957049368     0.958006823417916
    -0.895231957049368    -0.933695401114322     0.958006823417916
     0.879475162632068     0.879475162632068    -0.697756883094180
5 10
     0.084580019345444     0.000000000000000    -0.000000000000000
    -0.000000000000000    -0.207695103293830    -0.000000000000000
     0.000000000000000    -0.000000000000000    -0.231368337795359
5 11
    -0.207695103293830     0.000000000000000    -0.000000000000000
     0.000000000000000     0.084580019345444    -0.000000000000000
     0.000000000000000     0.000000000000000    -0.231368337795359
5 12
    -0.933695401114322    -0.895231957049368    -0.958006823417916
    -0.895231957049368    -0.933695401114322    -0.958006823417916
    -0.879475162632068    -0.879475162632068    -0.697756883094180
5 13
     0.344527715448186    -0.000000000000000    -0.000000000000000
    -0.000000000000000     0.344527715448186    -0.000000000000000
    -0.000000000000000    -0.000000000000000    -0.829388779074815
5 14
    -0.933695401114322     0.895231957049368     0.958006823417916
     0.895231957049368    -0.933695401114322    -0.958006823417916
     0.879475162632068    -0.879475162632068    -0.697756883094180
5 15
    -0.933695401114322     0.895231957049368    -0.958006823417916
     0.895231957049368    -0.933695401114322     0.958006823417916
    -0.879475162632068     0.879475162632068    -0.697756883094180
5 16
    -0.331467366655529     0.000000000000000    -0.000000000000000
    -0.000000000000000    -0.331467366655529    -0.000000000000000
    -0.000000000000000     0.000000000000000    -0.254355235522014
5 17
    -0.933695401114322    -0.895231957049368    -0.958006823417916
    -0.895231957049368    -0.933695401114322    -0.958006823417916
    -0.879475162632068    -0.879475162632068    -0.697756883094180
5 18
    -0.207695103293830     0.000000000000000    -0.000000000000000
     0.000000000000000     0.084580019345444    -0.000000000000000
     0.000000000000000     0.000000000000000    -0.231368337795359
5 19
     0.084580019345445     0.000000000000000    -0.000000000000000
    -0.000000000000000    -0.207695103293830    -0.000000000000000
     0.000000000000000    -0.000000000000000    -0.231368337795359
5 20
    -0.933695401114322    -0.895231957049368     0.958006823417916
    -0.895231957049368    -0.933695401114322     0.958006823417916
     0.879475162632068     0.879475162632068    -0.697756883094180
5 21
    -0.331467366655529     0.000000000000000    -0.000000000000000
    -0.000000000000000    -0.331467366655529    -0.000000000000000
     0.000000000000000     0.000000000000000    -0.254355235522014
5 22
    -0.933695401114322     0.895231957049368    -0.958006823417916
     0.895231957049368    -0.933695401114322     0.958006823417916
    -0.879475162632068     0.879475162632068    -0.697756883094180
5 23
    -0.933695401114322     0.895231957049368     0.958006823417916
     0.895231957049368    -0.933695401114322    -0.958006823417916
     0.879475162632068    -0.879475162632068    -0.697756883094180
5 24
     0.344527715448185    -0.000000000000000    -0.000000000000000
    -0.000000000000000     0.344527715448185    -0.000000000000000
     0.000000000000000    -0.000000000000000    -0.829388779074815
6 1
    -0.174486744140001     0.000000000000000     0.000000000000000
     0.000000000000000     0.566781832835531     0.000000000000000
     0.000000000000000    -0.000000000000000    -0.075377838974723
6 2
    -0.020420988826565     0.012496564334768     0.022983574841995
     0.012496564334768    -0.020420988826565     0.022983574841995
     0.022983574841995     0.022983574841995    -0.060178440547048
6 3
    -0.020420988826565     0.012496564334768    -0.022983574841995
     0.012496564334768    -0.020420988826565    -0.022983574841995
    -0.022983574841995    -0.022983574841995    -0.060178440547048
6 4
     0.566781832835531     0.000000000000000     0.000000000000000
     0.000000000000000    -0.174486744140001     0.000000000000000
     0.000000000000000    -0.000000000000000    -0.075377838974722
6 5
    -0.020420988826565    -0.012496564334768     0.022983574841995
    -0.012496564334768    -0.020420988826565    -0.022983574841995
     0.022983574841995    -0.022983574841995    -0.060178440547048
6 6
     7.275272831681353     0.000000000000000     0.000000000000000
     0.000000000000000     7.275272831681352     0.000000000000000
     0.000000000000000     0.000000000000000     9.005097301433540
6 7
     0.103788714155413    -0.000000000000000     0.000000000000000
     0.000000000000000     0.103788714155413     0.000000000000000
     0.000000000000000     0.000000000000000     0.061388583832630
6 8
    -0.020420988826565    -0.012496564334768    -0.022983574841995
    -0.012496564334768    -0.020420988826565     0.022983574841995
    -0.022983574841995     0.022983574841995    -0.060178440547048
6 9
     0.084580019345444     0.000000000000000     0.000000000000000
    -0.000000000000000    -0.207695103293830    -0.000000000000000
     0.000000000000000     0.000000000000000    -0.231368337795359
6 10
    -0.933695401114322    -0.895231957049368     0.958006823417916
    -0.895231957049368    -0.933695401114322     0.958006823417916
     0.879475162632068     0.879475162632068    -0.697756883094180
6 11
    -0.933695401114322    -0.895231957049368    -0.958006823417916
    -0.895231957049368    -0.933695401114322    -0.958006823417916
    -0.879475162632068    -0.879475162632068    -0.697756883094180
6 12
    -0.207695103293830     0.000000000000000     0.000000000000000
    -0.000000000000000     0.084580019345444     0.000000000000000
    -0.000000000000000    -0.000000000000000    -0.231368337795359
6 13
    -0.933695401114322     0.895231957049368     0.958006823417916
     0.895231957049368    -0.933695401114322    -0.958006823417916
     0.879475162632068    -0.879475162632068    -0.697756883094180
6 14
     0.344527715448186     0.000000000000000     0.000000000000000
    -0.000000000000000     0.344527715448186     0.000000000000000
    -0.000000000000000    -0.000000000000000    -0.829388779074815
6 15
    -0.331467366655529     0.000000000000000     0.000000000000000
     0.000000000000000    -0.331467366655529     0.000000000000000
    -0.000000000000000     0.000000000000000    -0.254355235522014
6 16
    -0.933695401114322     0.895231957049368    -0.958006823417916
     0.895231957049368    -0.933695401114322     0.958006823417916
    -0.879475162632068     0.879475162632068    -0.697756883094180
6 17
    -0.207695103293830     0.000000000000000     0.000000000000000
    -0.000000000000000     0.084580019345445     0.000000000000000
    -0.000000000000000    -0.000000000000000    -0.231368337795359
6 18
    -0.933695401114322    -0.895231957049368    -0.958006823417916
    -0.895231957049368    -0.933695401114322    -0.958006823417916
    -0.879475162632068    -0.879475162632068    -0.697756883094180
6 19
    -0.933695401114322    -0.895231957049368     0.958006823417916
    -0.895231957049368    -0.933695401114322     0.958006823417916
     0.879475162632068     0.879475162632068    -0.697756883094180
6 20
     0.084580019345445     0.000000000000000     0.000000000000000
    -0.000000000000000    -0.207695103293830    -0.000000000000000
     0.000000000000000     0.000000000000000    -0.231368337795359
6 21
    -0.933695401114322     0.895231957049368    -0.958006823417916
     0.895231957049368    -0.933695401114322     0.958006823417916
    -0.879475162632068     0.879475162632068    -0.697756883094180
6 22
    -0.331467366655529     0.000000000000000     0.000000000000000
     0.000000000000000    -0.331467366655529     0.000000000000000
    -0.000000000000000     0.000000000000000    -0.254355235522014
6 23
     0.344527715448186    -0.000000000000000     0.000000000000000
     0.000000000000000     0.344527715448186     0.000000000000000
    -0.000000000000000    -0.000000000000000    -0.829388779074815
6 24
    -0.933695401114322     0.895231957049368     0.958006823417916
     0.895231957049368    -0.933695401114322    -0.958006823417916
     0.879475162632068    -0.879475162632068    -0.697756883094180
7 1
     0.566781832835531    -0.000000000000000     0.000000000000000
    -0.000000000000000    -0.174486744140001     0.000000000000000
     0.000000000000000    -0.000000000000000    -0.075377838974722
7 2
    -0.020420988826565     0.012496564334768    -0.022983574841995
     0.012496564334768    -0.020420988826565    -0.022983574841995
    -0.022983574841995    -0.022983574841995    -0.060178440547048
7 3
    -0.020420988826565     0.012496564334768     0.022983574841995
     0.012496564334768    -0.020420988826565     0.022983574841995
     0.022983574841995     0.022983574841995    -0.060178440547048
7 4
    -0.174486744140001    -0.000000000000000     0.000000000000000
    -0.000000000000000     0.566781832835531     0.000000000000000
     0.000000000000000    -0.000000000000000    -0.075377838974722
7 5
    -0.020420988826565    -0.012496564334768    -0.022983574841995
    -0.012496564334768    -0.020420988826565     0.022983574841995
    -0.022983574841995     0.022983574841995    -0.060178440547048
7 6
     0.103788714155413     0.000000000000000     0.000000000000000
    -0.000000000000000     0.103788714155413     0.000000000000000
     0.000000000000000     0.000000000000000     0.061388583832630
7 7
     7.275272831681352    -0.000000000000000     0.000000000000000
    -0.000000000000000     7.275272831681353    -0.000000000000000
     0.000000000000000    -0.000000000000000     9.005097301433540
7 8
    -0.020420988826565    -0.012496564334768     0.022983574841995
    -0.012496564334768    -0.020420988826565    -0.022983574841995
     0.022983574841995    -0.022983574841995    -0.060178440547048
7 9
    -0.207695103293830     0.000000000000000     0.000000000000000
    -0.000000000000000     0.084580019345444    -0.000000000000000
     0.000000000000000     0.000000000000000    -0.231368337795359
7 10
    -0.933695401114322    -0.895231957049368    -0.958006823417916
    -0.895231957049368    -0.933695401114322    -0.958006823417916
    -0.879475162632068    -0.879475162632068    -0.697756883094180
7 11
    -0.933695401114322    -0.895231957049368     0.958006823417916
    -0.895231957049368    -0.933695401114322     0.958006823417916
     0.879475162632068     0.879475162632068    -0.697756883094180
7 12
     0.084580019345444     0.000000000000000     0.000000000000000
    -0.000000000000000    -0.207695103293830     0.000000000000000
    -0.000000000000000    -0.000000000000000    -0.231368337795359
7 13
    -0.933695401114322     0.895231957049368    -0.958006823417916
     0.895231957049368    -0.933695401114322     0.958006823417916
    -0.879475162632068     0.879475162632068    -0.697756883094180
7 14
    -0.331467366655529     0.000000000000000     0.000000000000000
    -0.000000000000000    -0.331467366655529     0.000000000000000
    -0.000000000000000    -0.000000000000000    -0.254355235522014
7 15
     0.344527715448186     0.000000000000000     0.000000000000000
     0.000000000000000     0.344527715448186     0.000000000000000
    -0.000000000000000     0.000000000000000    -0.829388779074815
7 16
    -0.933695401114322     0.895231957049368     0.958006823417916
     0.895231957049368    -0.933695401114322    -0.958006823417916
     0.879475162632068    -0.879475162632068    -0.697756883094180
7 17
     0.084580019345444     0.000000000000000     0.000000000000000
    -0.000000000000000    -0.207695103293830     0.000000000000000
    -0.000000000000000    -0.000000000000000    -0.231368337795359
7 18
    -0.933695401114322    -0.895231957049368     0.958006823417916
    -0.895231957049368    -0.933695401114322     0.958006823417916
     0.879475162632068     0.879475162632068    -0.697756883094180
7 19
    -0.933695401114322    -0.895231957049368    -0.958006823417916
    -0.895231957049368    -0.933695401114322    -0.958006823417916
    -0.879475162632068    -0.879475162632068    -0.697756883094180
7 20
    -0.207695103293830     0.000000000000000     0.000000000000000
    -0.000000000000000     0.084580019345445    -0.000000000000000
     0.000000000000000     0.000000000000000    -0.231368337795359
7 21
    -0.933695401114322     0.895231957049368     0.958006823417916
     0.895231957049368    -0.933695401114322    -0.958006823417916
     0.879475162632068    -0.879475162632068    -0.697756883094180
7 22
     0.344527715448186     0.000000000000000     0.000000000000000
     0.000000000000000     0.344527715448186     0.000000000000000
    -0.000000000000000     0.000000000000000    -0.829388779074815
7 23
    -0.331467366655529    -0.000000000000000     0.000000000000000
    -0.000000000000000    -0.331467366655529     0.000000000000000
    -0.000000000000000    -0.000000000000000    -0.254355235522014
7 24
    -0.933695401114322     0.895231957049368    -0.958006823417916
     0.895231957049368    -0.933695401114322     0.958006823417916
    -0.879475162632068     0.879475162632068    -0.697756883094180
8 1
    -0.020420988826565     0.012496564334768    -0.022983574841995
     0.012496564334768    -0.020420988826565    -0.022983574841995
    -0.022983574841995    -0.022983574841995    -0.060178440547048
8 2
     0.566781832835531    -0.000000000000000     0.000000000000000
    -0.000000000000000    -0.174486744140001     0.000000000000000
    -0.000000000000000     0.000000000000000    -0.075377838974722
8 3
    -0.174486744140001    -0.000000000000000     0.000000000000000
    -0.000000000000000     0.566781832835531     0.000000000000000
     0.000000000000000    -0.000000000000000    -0.075377838974722
8 4
    -0.020420988826565     0.012496564334768     0.022983574841995
     0.012496564334768    -0.020420988826565     0.022983574841995
     0.022983574841995     0.022983574841995    -0.060178440547048
8 5
     0.103788714155413     0.000000000000000     0.000000000000000
    -0.000000000000000     0.103788714155413     0.000000000000000
    -0.000000000000000    -0.000000000000000     0.061388583832630
8 6
    -0.020420988826565    -0.012496564334768    -0.022983574841995
    -0.012496564334768    -0.020420988826565     0.022983574841995
    -0.022983574841995     0.022983574841995    -0.060178440547048
8 7
    -0.020420988826565    -0.012496564334768     0.022983574841995
    -0.012496564334768    -0.020420988826565    -0.022983574841995
     0.022983574841995    -0.022983574841995    -0.060178440547048
8 8
     7.275272831681353     0.000000000000000     0.000000000000000
     0.000000000000000     7.275272831681354     0.000000000000000
     0.000000000000000     0.000000000000000     9.005097301433540
8 9
    -0.933695401114322    -0.895231957049368    -0.958006823417916
    -0.895231957049368    -0.933695401114322    -0.958006823417916
    -0.879475162632068    -0.879475162632068    -0.697756883094180
8 10
    -0.207695103293830     0.000000000000000     0.000000000000000
    -0.000000000000000     0.084580019345445    -0.000000000000000
     0.000000000000000    -0.000000000000000    -0.231368337795359
8 11
     0.084580019345444     0.000000000000000    -0.000000000000000
     0.000000000000000    -0.207695103293830    -0.000000000000000
     0.000000000000000     0.000000000000000    -0.231368337795359
8 12
    -0.933695401114322    -0.895231957049368     0.958006823417916
    -0.895231957049368    -0.933695401114322     0.958006823417916
     0.879475162632068     0.879475162632068    -0.697756883094180
8 13
    -0.331467366655529    -0.000000000000000     0.000000000000000
    -0.000000000000000    -0.331467366655529     0.000000000000000
    -0.000000000000000    -0.000000000000000    -0.254355235522014
8 14
    -0.933695401114322     0.895231957049368    -0.958006823417916
     0.895231957049368    -0.933695401114322     0.958006823417916
    -0.879475162632068     0.879475162632068    -0.697756883094180
8 15
    -0.933695401114322     0.895231957049368     0.958006823417916
     0.895231957049368    -0.933695401114322    -0.958006823417916
     0.879475162632068    -0.879475162632068    -0.697756883094180
8 16
     0.344527715448186     0.000000000000000    -0.000000000000000
    -0.000000000000000     0.344527715448186    -0.000000000000000
    -0.000000000000000     0.000000000000000    -0.829388779074815
8 17
    -0.933695401114322    -0.895231957049368     0.958006823417916
    -0.895231957049368    -0.933695401114322     0.958006823417916
     0.879475162632068     0.879475162632068    -0.697756883094180
8 18
     0.084580019345444     0.000000000000000    -0.000000000000000
     0.000000000000000    -0.207695103293830     0.000000000000000
     0.000000000000000     0.000000000000000    -0.231368337795359
8 19
    -0.207695103293830     0.000000000000000    -0.000000000000000
    -0.000000000000000     0.084580019345445     0.000000000000000
     0.000000000000000    -0.000000000000000    -0.231368337795359
8 20
    -0.933695401114322    -0.895231957049368    -0.958006823417916
    -0.895231957049368    -0.933695401114322    -0.958006823417916
    -0.879475162632068    -0.879475162632068    -0.697756883094180
8 21
     0.344527715448186     0.000000000000000     0.000000000000000
    -0.000000000000000     0.344527715448186    -0.000000000000000
     0.000000000000000     0.000000000000000    -0.829388779074815
8 22
    -0.933695401114322     0.895231957049368     0.958006823417916
     0.895231957049368    -0.933695401114322    -0.958006823417916
     0.879475162632068    -0.879475162632068    -0.697756883094180
8 23
    -0.933695401114322     0.895231957049368    -0.958006823417916
     0.895231957049368    -0.933695401114322     0.958006823417916
    -0.879475162632068     0.879475162632068    -0.697756883094180
8 24
    -0.331467366655529    -0.000000000000000     0.000000000000000
    -0.000000000000000    -0.331467366655529     0.000000000000000
     0.000000000000000    -0.000000000000000    -0.254355235522014
9 1
     0.344527715448186    -0.000000000000000     0.000000000000000
     0.000000000000000     0.344527715448186     0.000000000000000
     0.000000000000000    -0.000000000000000    -0.829388779074815
9 2
    -0.933695401114322     0.895231957049368     0.879475162632068
     0.895231957049368    -0.933695401114322    -0.879475162632068
     0.958006823417916    -0.958006823417916    -0.697756883094180
9 3
    -0.933695401114322     0.895231957049368    -0.879475162632068
     0.895231957049368    -0.933695401114322     0.879475162632068
    -0.958006823417916     0.958006823417916    -0.697756883094180
9 4
    -0.331467366655529    -0.000000000000000     0.000000000000000
     0.000000000000000    -0.331467366655529     0.000000000000000
     0.000000000000000    -0.000000000000000    -0.254355235522014
9 5
    -0.933695401114322    -0.895231957049368     0.879475162632068
    -0.895231957049368    -0.933695401114322     0.879475162632068
     0.958006823417916     0.958006823417916    -0.697756883094180
9 6
     0.084580019345444    -0.000000000000000     0.000000000000000
     0.000000000000000    -0.207695103293830     0.000000000000000
     0.000000000000000    -0.000000000000000    -0.231368337795359
9 7
    -0.207695103293830    -0.000000000000000     0.000000000000000
     0.000000000000000     0.084580019345444     0.000000000000000
     0.000000000000000    -0.000000000000000    -0.231368337795359
9 8
    -0.933695401114322    -0.895231957049368    -0.879475162632068
    -0.895231957049368    -0.933695401114322    -0.879475162632068
    -0.958006823417916    -0.958006823417916    -0.697756883094180
9 9
    16.251371662506550    -0.000000000000000    -0.000000000000000
    -0.000000000000000    16.251371662506550    -0.000000000000000
    -0.000000000000000    -0.000000000000000    14.224327659575412
9 10
    -0.036230812377697     0.016862578938984    -0.062414998390341
     0.016862578938984    -0.036230812377697     0.062414998390341
    -0.062414998390341     0.062414998390341     0.035437014754466
9 11
    -0.036230812377697     0.016862578938984     0.062414998390341
     0.016862578938984    -0.036230812377697    -0.062414998390341
     0.062414998390341    -0.062414998390341     0.035437014754466
9 12
    -1.296491564532537     0.000000000000000     0.000000000000000
     0.000000000000000    -1.296491564532537     0.000000000000000
    -0.000000000000000    -0.000000000000000     2.143580108604504
9 13
    -0.036230812377697    -0.016862578938984    -0.062414998390341
    -0.016862578938984    -0.036230812377697    -0.062414998390341
    -0.062414998390341    -0.062414998390341     0.035437014754466
9 14
     0.560952098431345    -0.000000000000000     0.000000000000000
     0.000000000000000    -3.956700790505208     0.000000000000000
    -0.000000000000000    -0.000000000000000     0.070689893097808
9 15
    -3.956700790505208    -0.000000000000000     0.000000000000000
     0.000000000000000     0.560952098431345     0.000000000000000
    -0.000000000000000     0.000000000000000     0.070689893097808
9 16
    -0.036230812377697    -0.016862578938984     0.062414998390341
    -0.016862578938984    -0.036230812377697     0.062414998390341
     0.062414998390341     0.062414998390341     0.035437014754466
9 17
    -0.884862478345865     0.000000000000000     0.000000000000000
     0.000000000000000    -0.884862478345865     0.000000000000000
    -0.000000000000000    -0.000000000000000    -1.320388139800144
9 18
    -1.819994237110349     0.552179713377974     1.409742448097547
     0.552179713377974    -1.819994237110349    -1.409742448097547
     1.409742448097547    -1.409742448097547    -2.557994465256967
9 19
    -1.819994237110349     0.552179713377974    -1.409742448097547
     0.552179713377974    -1.819994237110349     1.409742448097547
    -1.409742448097547     1.409742448097547    -2.557994465256967
9 20
     0.323923684039229     0.000000000000000     0.000000000000000
     0.000000000000000     0.323923684039229    -0.000000000000000
     0.000000000000000    -0.000000000000000    -0.369051744129057
9 21
    -1.819994237110349    -0.552179713377974     1.409742448097547
    -0.552179713377974    -1.819994237110349     1.409742448097547
     1.409742448097547     1.409742448097547    -2.557994465256967
9 22
     0.154965025449283    -0.000000000000000     0.000000000000000
     0.000000000000000     0.116578900522404     0.000000000000000
    -0.000000000000000     0.000000000000000    -0.196054822936031
9 23
     0.116578900522404    -0.000000000000000     0.000000000000000
     0.000000000000000     0.154965025449283     0.000000000000000
    -0.000000000000000    -0.000000000000000    -0.196054822936031
9 24
    -1.819994237110349    -0.552179713377974    -1.409742448097547
    -0.552179713377974    -1.819994237110349    -1.409742448097547
    -1.409742448097547    -1.409742448097547    -2.557994465256967
10 1
    -0.933695401114322     0.895231957049368     0.879475162632068
     0.895231957049368    -0.933695401114322    -0.879475162632068
     0.958006823417916    -0.958006823417916    -0.697756883094180
10 2
     0.344527715448186    -0.000000000000000     0.000000000000000
     0.000000000000000     0.344527715448186    -0.000000000000000
    -0.000000000000000     0.000000000000000    -0.829388779074815
10 3
    -0.331467366655529    -0.000000000000000     0.000000000000000
     0.000000000000000    -0.331467366655529    -0.000000000000000
     0.000000000000000    -0.000000000000000    -0.254355235522014
10 4
    -0.933695401114322     0.895231957049368    -0.879475162632068
     0.895231957049368    -0.933695401114322     0.879475162632068
    -0.958006823417916     0.958006823417916    -0.697756883094180
10 5
     0.084580019345444    -0.000000000000000     0.000000000000000
     0.000000000000000    -0.207695103293830    -0.000000000000000
    -0.000000000000000    -0.000000000000000    -0.231368337795359
10 6
    -0.933695401114322    -0.895231957049368     0.879475162632068
    -0.895231957049368    -0.933695401114322     0.879475162632068
     0.958006823417916     0.958006823417916    -0.697756883094180
10 7
    -0.933695401114322    -0.895231957049368    -0.879475162632068
    -0.895231957049368    -0.933695401114322    -0.879475162632068
    -0.958006823417916    -0.958006823417916    -0.697756883094180
10 8
    -0.207695103293830    -0.000000000000000     0.000000000000000
     0.000000000000000     0.084580019345445    -0.000000000000000
     0.000000000000000    -0.000000000000000    -0.231368337795359
10 9
    -0.036230812377697     0.016862578938984    -0.062414998390341
     0.016862578938984    -0.036230812377697     0.062414998390341
    -0.062414998390341     0.062414998390341     0.035437014754466
10 10
    16.251371662506550     0.000000000000000     0.000000000000000
     0.000000000000000    16.251371662506550    -0.000000000000000
     0.000000000000000    -0.000000000000000    14.224327659575415
10 11
    -1.296491564532537    -0.000000000000000    -0.000000000000000
     0.000000000000000    -1.296491564532537    -0.000000000000000
     0.000000000000000     0.000000000000000     2.143580108604504
10 12
    -0.036230812377697     0.016862578938984     0.062414998390341
     0.016862578938984    -0.036230812377697    -0.062414998390341
     0.062414998390341    -0.062414998390341     0.035437014754466
10 13
     0.560952098431345    -0.000000000000000     0.000000000000000
     0.000000000000000    -3.956700790505208    -0.000000000000000
    -0.000000000000000    -0.000000000000000     0.070689893097808
10 14
    -0.036230812377697    -0.016862578938984    -0.062414998390341
    -0.016862578938984    -0.036230812377697    -0.062414998390341
    -0.062414998390341    -0.062414998390341     0.035437014754467
10 15
    -0.036230812377697    -0.016862578938984     0.062414998390341
    -0.016862578938984    -0.036230812377697     0.062414998390341
     0.062414998390341     0.062414998390341     0.035437014754466
10 16
    -3.956700790505208    -0.000000000000000    -0.000000000000000
    -0.000000000000000     0.560952098431345    -0.000000000000000
    -0.000000000000000     0.000000000000000     0.070689893097808
10 17
    -1.819994237110349     0.552179713377974     1.409742448097547
     0.552179713377974    -1.819994237110349    -1.409742448097547
     1.409742448097547    -1.409742448097547    -2.557994465256967
10 18
    -0.884862478345865     0.000000000000000    -0.000000000000000
     0.000000000000000    -0.884862478345865    -0.000000000000000
     0.000000000000000     0.000000000000000    -1.320388139800144
10 19
     0.323923684039229     0.000000000000000    -0.000000000000000
     0.000000000000000     0.323923684039229    -0.000000000000000
     0.000000000000000    -0.000000000000000    -0.369051744129057
10 20
    -1.819994237110349     0.552179713377974    -1.409742448097547
     0.552179713377974    -1.819994237110349     1.409742448097547
    -1.409742448097547     1.409742448097547    -2.557994465256967
10 21
     0.154965025449283    -0.000000000000000     0.000000000000000
     0.000000000000000     0.116578900522404    -0.000000000000000
     0.000000000000000     0.000000000000000    -0.196054822936031
10 22
    -1.819994237110349    -0.552179713377974     1.409742448097547
    -0.552179713377974    -1.819994237110349     1.409742448097547
     1.409742448097547     1.409742448097547    -2.557994465256967
10 23
    -1.819994237110349    -0.552179713377974    -1.409742448097547
    -0.552179713377974    -1.819994237110349    -1.409742448097547
    -1.409742448097547    -1.409742448097547    -2.557994465256967
10 24
     0.116578900522404    -0.000000000000000     0.000000000000000
     0.000000000000000     0.154965025449283    -0.000000000000000
     0.000000000000000    -0.000000000000000    -0.196054822936031
11 1
    -0.933695401114322     0.895231957049368    -0.879475162632068
     0.895231957049368    -0.933695401114322     0.879475162632068
    -0.958006823417916     0.958006823417916    -0.697756883094180
11 2
    -0.331467366655529     0.000000000000000     0.000000000000000
     0.000000000000000    -0.331467366655529     0.000000000000000
    -0.000000000000000     0.000000000000000    -0.254355235522014
11 3
     0.344527715448186     0.000000000000000     0.000000000000000
     0.000000000000000     0.344527715448186     0.000000000000000
    -0.000000000000000    -0.000000000000000    -0.829388779074815
11 4
    -0.933695401114322     0.895231957049368     0.879475162632068
     0.895231957049368    -0.933695401114322    -0.879475162632068
     0.958006823417916    -0.958006823417916    -0.697756883094180
11 5
    -0.207695103293830     0.000000000000000     0.000000000000000
     0.000000000000000     0.084580019345444     0.000000000000000
    -0.000000000000000    -0.000000000000000    -0.231368337795359
11 6
    -0.933695401114322    -0.895231957049368    -0.879475162632068
    -0.895231957049368    -0.933695401114322    -0.879475162632068
    -0.958006823417916    -0.958006823417916    -0.697756883094180
11 7
    -0.933695401114322    -0.895231957049368     0.879475162632068
    -0.895231957049368    -0.933695401114322     0.879475162632068
     0.958006823417916     0.958006823417916    -0.697756883094180
11 8
     0.084580019345444     0.000000000000000     0.000000000000000
     0.000000000000000    -0.207695103293830     0.000000000000000
    -0.000000000000000    -0.000000000000000    -0.231368337795359
11 9
    -0.036230812377697     0.016862578938984     0.062414998390341
     0.016862578938984    -0.036230812377697    -0.062414998390341
     0.062414998390341    -0.062414998390341     0.035437014754466
11 10
    -1.296491564532537     0.000000000000000     0.000000000000000
    -0.000000000000000    -1.296491564532537     0.000000000000000
    -0.000000000000000    -0.000000000000000     2.143580108604504
11 11
    16.251371662506550     0.000000000000000     0.000000000000000
     0.000000000000000    16.251371662506550     0.000000000000000
     0.000000000000000     0.000000000000000    14.224327659575415
11 12
    -0.036230812377697     0.016862578938984    -0.062414998390341
     0.016862578938984    -0.036230812377697     0.062414998390341
    -0.062414998390341     0.062414998390341     0.035437014754466
11 13
    -3.956700790505208    -0.000000000000000     0.000000000000000
    -0.000000000000000     0.560952098431345     0.000000000000000
    -0.000000000000000    -0.000000000000000     0.070689893097808
11 14
    -0.036230812377697    -0.016862578938984     0.062414998390341
    -0.016862578938984    -0.036230812377697     0.062414998390341
     0.062414998390341     0.062414998390341     0.035437014754467
11 15
    -0.036230812377697    -0.016862578938984    -0.062414998390341
    -0.016862578938984    -0.036230812377697    -0.062414998390341
    -0.062414998390341    -0.062414998390341     0.035437014754466
11 16
     0.560952098431345     0.000000000000000    -0.000000000000000
    -0.000000000000000    -3.956700790505208     0.000000000000000
    -0.000000000000000     0.000000000000000     0.070689893097808
11 17
    -1.819994237110349     0.552179713377974    -1.409742448097547
     0.552179713377974    -1.819994237110349     1.409742448097547
    -1.409742448097547     1.409742448097547    -2.557994465256967
11 18
     0.323923684039229     0.000000000000000    -0.000000000000000
     0.000000000000000     0.323923684039229     0.000000000000000
    -0.000000000000000     0.000000000000000    -0.369051744129057
11 19
    -0.884862478345865     0.000000000000000    -0.000000000000000
     0.000000000000000    -0.884862478345865     0.000000000000000
    -0.000000000000000    -0.000000000000000    -1.320388139800145
11 20
    -1.819994237110349     0.552179713377974     1.409742448097547
     0.552179713377974    -1.819994237110349    -1.409742448097547
     1.409742448097547    -1.409742448097547    -2.557994465256967
11 21
     0.116578900522404     0.000000000000000     0.000000000000000
    -0.000000000000000     0.154965025449283     0.000000000000000
    -0.000000000000000     0.000000000000000    -0.196054822936031
11 22
    -1.819994237110349    -0.552179713377974    -1.409742448097547
    -0.552179713377974    -1.819994237110349    -1.409742448097547
    -1.409742448097547    -1.409742448097547    -2.557994465256967
11 23
    -1.819994237110349    -0.552179713377974     1.409742448097547
    -0.552179713377974    -1.819994237110349     1.409742448097547
     1.409742448097547     1.409742448097547    -2.557994465256967
11 24
     0.154965025449283    -0.000000000000000     0.000000000000000
     0.000000000000000     0.116578900522404     0.000000000000000
    -0.000000000000000    -0.000000000000000    -0.196054822936031
12 1
    -0.331467366655529    -0.000000000000000    -0.000000000000000
     0.000000000000000    -0.331467366655529    -0.000000000000000
     0.000000000000000     0.000000000000000    -0.254355235522014
12 2
    -0.933695401114322     0.895231957049368    -0.879475162632068
     0.895231957049368    -0.933695401114322     0.879475162632068
    -0.958006823417916     0.958006823417916    -0.697756883094180
12 3
    -0.933695401114322     0.895231957049368     0.879475162632068
     0.895231957049368    -0.933695401114322    -0.879475162632068
     0.958006823417916    -0.958006823417916    -0.697756883094180
12 4
     0.344527715448186    -0.000000000000000    -0.000000000000000
     0.000000000000000     0.344527715448186    -0.000000000000000
     0.000000000000000     0.000000000000000    -0.829388779074815
12 5
    -0.933695401114322    -0.895231957049368    -0.879475162632068
    -0.895231957049368    -0.933695401114322    -0.879475162632068
    -0.958006823417916    -0.958006823417916    -0.697756883094180
12 6
    -0.207695103293830    -0.000000000000000    -0.000000000000000
     0.000000000000000     0.084580019345444    -0.000000000000000
     0.000000000000000     0.000000000000000    -0.231368337795359
12 7
     0.084580019345444    -0.000000000000000    -0.000000000000000
     0.000000000000000    -0.207695103293830    -0.000000000000000
     0.000000000000000     0.000000000000000    -0.231368337795359
12 8
    -0.933695401114322    -0.895231957049368     0.879475162632068
    -0.895231957049368    -0.933695401114322     0.879475162632068
     0.958006823417916     0.958006823417916    -0.697756883094180
12 9
    -1.296491564532537     0.000000000000000    -0.000000000000000
     0.000000000000000    -1.296491564532537    -0.000000000000000
     0.000000000000000     0.000000000000000     2.143580108604504
12 10
    -0.036230812377697     0.016862578938984     0.062414998390341
     0.016862578938984    -0.036230812377697    -0.062414998390341
     0.062414998390341    -0.062414998390341     0.035437014754466
12 11
    -0.036230812377697     0.016862578938984    -0.062414998390341
     0.016862578938984    -0.036230812377697     0.062414998390341
    -0.062414998390341     0.062414998390341     0.035437014754466
12 12
    16.251371662506550    -0.000000000000000    -0.000000000000000
    -0.000000000000000    16.251371662506550    -0.000000000000000
    -0.000000000000000    -0.000000000000000    14.224327659575412
12 13
    -0.036230812377697    -0.016862578938984     0.062414998390341
    -0.016862578938984    -0.036230812377697     0.062414998390341
     0.062414998390341     0.062414998390341     0.035437014754467
12 14
    -3.956700790505208    -0.000000000000000    -0.000000000000000
     0.000000000000000     0.560952098431345    -0.000000000000000
     0.000000000000000     0.000000000000000     0.070689893097808
12 15
     0.560952098431345    -0.000000000000000     0.000000000000000
     0.000000000000000    -3.956700790505208    -0.000000000000000
     0.000000000000000     0.000000000000000     0.070689893097808
12 16
    -0.036230812377697    -0.016862578938984    -0.062414998390341
    -0.016862578938984    -0.036230812377697    -0.062414998390341
    -0.062414998390341    -0.062414998390341     0.035437014754466
12 17
     0.323923684039229     0.000000000000000     0.000000000000000
    -0.000000000000000     0.323923684039229    -0.000000000000000
     0.000000000000000     0.000000000000000    -0.369051744129057
12 18
    -1.819994237110349     0.552179713377974    -1.409742448097547
     0.552179713377974    -1.819994237110349     1.409742448097547
    -1.409742448097547     1.409742448097547    -2.557994465256967
12 19
    -1.819994237110348     0.552179713377974     1.409742448097547
     0.552179713377974    -1.819994237110349    -1.409742448097547
     1.409742448097547    -1.409742448097547    -2.557994465256967
12 20
    -0.884862478345865     0.000000000000000    -0.000000000000000
    -0.000000000000000    -0.884862478345865    -0.000000000000000
     0.000000000000000     0.000000000000000    -1.320388139800144
12 21
    -1.819994237110349    -0.552179713377974    -1.409742448097547
    -0.552179713377974    -1.819994237110349    -1.409742448097547
    -1.409742448097547    -1.409742448097547    -2.557994465256967
12 22
     0.116578900522404    -0.000000000000000     0.000000000000000
     0.000000000000000     0.154965025449283    -0.000000000000000
     0.000000000000000     0.000000000000000    -0.196054822936031
12 23
     0.154965025449283    -0.000000000000000    -0.000000000000000
     0.000000000000000     0.116578900522404    -0.000000000000000
     0.000000000000000     0.000000000000000    -0.196054822936031
12 24
    -1.819994237110349    -0.552179713377974     1.409742448097547
    -0.552179713377974    -1.819994237110349     1.409742448097547
     1.409742448097547     1.409742448097547    -2.557994465256967
13 1
    -0.933695401114322    -0.895231957049368     0.879475162632068
    -0.895231957049368    -0.933695401114322     0.879475162632068
     0.958006823417916     0.958006823417916    -0.697756883094180
13 2
     0.084580019345445    -0.000000000000000    -0.000000000000000
    -0.000000000000000    -0.207695103293830    -0.000000000000000
     0.000000000000000     0.000000000000000    -0.231368337795359
13 3
    -0.207695103293830    -0.000000000000000    -0.000000000000000
    -0.000000000000000     0.084580019345445    -0.000000000000000
     0.000000000000000    -0.000000000000000    -0.231368337795359
13 4
    -0.933695401114322    -0.895231957049368    -0.879475162632068
    -0.895231957049368    -0.933695401114322    -0.879475162632068
    -0.958006823417916    -0.958006823417916    -0.697756883094180
13 5
     0.344527715448186    -0.000000000000000    -0.000000000000000
    -0.000000000000000     0.344527715448186    -0.000000000000000
    -0.000000000000000    -0.000000000000000    -0.829388779074815
13 6
    -0.933695401114322     0.895231957049368     0.879475162632068
     0.895231957049368    -0.933695401114322    -0.879475162632068
     0.958006823417916    -0.958006823417916    -0.697756883094180
13 7
    -0.933695401114322     0.895231957049368    -0.879475162632068
     0.895231957049368    -0.933695401114322     0.879475162632068
    -0.958006823417916     0.958006823417916    -0.697756883094180
13 8
    -0.331467366655529    -0.000000000000000    -0.000000000000000
    -0.000000000000000    -0.331467366655529    -0.000000000000000
     0.000000000000000     0.000000000000000    -0.254355235522014
13 9
    -0.036230812377697    -0.016862578938984    -0.062414998390341
    -0.016862578938984    -0.036230812377697    -0.062414998390341
    -0.062414998390341    -0.062414998390341     0.035437014754466
13 10
     0.560952098431345     0.000000000000000    -0.000000000000000
    -0.000000000000000    -3.956700790505208    -0.000000000000000
     0.000000000000000    -0.000000000000000     0.070689893097808
13 11
    -3.956700790505208    -0.000000000000000    -0.000000000000000
    -0.000000000000000     0.560952098431345    -0.000000000000000
     0.000000000000000     0.000000000000000     0.070689893097808
13 12
    -0.036230812377697    -0.016862578938984     0.062414998390341
    -0.016862578938984    -0.036230812377697     0.062414998390341
     0.062414998390341     0.062414998390341     0.035437014754467
13 13
    16.251371662506550    -0.000000000000000    -0.000000000000000
    -0.000000000000000    16.251371662506550     0.000000000000000
    -0.000000000000000     0.000000000000000    14.224327659575414
13 14
    -0.036230812377697     0.016862578938984    -0.062414998390341
     0.016862578938984    -0.036230812377697     0.062414998390341
    -0.062414998390341     0.062414998390341     0.035437014754467
13 15
    -0.036230812377697     0.016862578938984     0.062414998390341
     0.016862578938984    -0.036230812377697    -0.062414998390341
     0.062414998390341    -0.062414998390341     0.035437014754467
13 16
    -1.296491564532537    -0.000000000000000    -0.000000000000000
    -0.000000000000000    -1.296491564532537    -0.000000000000000
     0.000000000000000     0.000000000000000     2.143580108604504
13 17
    -1.819994237110349    -0.552179713377974     1.409742448097547
    -0.552179713377974    -1.819994237110349     1.409742448097547
     1.409742448097547     1.409742448097547    -2.557994465256967
13 18
     0.154965025449283     0.000000000000000    -0.000000000000000
    -0.000000000000000     0.116578900522404    -0.000000000000000
     0.000000000000000     0.000000000000000    -0.196054822936031
13 19
     0.116578900522404     0.000000000000000    -0.000000000000000
    -0.000000000000000     0.154965025449284    -0.000000000000000
     0.000000000000000    -0.000000000000000    -0.196054822936031
13 20
    -1.819994237110349    -0.552179713377974    -1.409742448097547
    -0.552179713377974    -1.819994237110349    -1.409742448097547
    -1.409742448097547    -1.409742448097547    -2.557994465256967
13 21
    -0.884862478345865    -0.000000000000000    -0.000000000000000
    -0.000000000000000    -0.884862478345865    -0.000000000000000
     0.000000000000000     0.000000000000000    -1.320388139800144
13 22
    -1.819994237110349     0.552179713377974     1.409742448097547
     0.552179713377974    -1.819994237110349    -1.409742448097547
     1.409742448097547    -1.409742448097547    -2.557994465256967
13 23
    -1.819994237110349     0.552179713377974    -1.409742448097547
     0.552179713377974    -1.819994237110349     1.409742448097547
    -1.409742448097547     1.409742448097547    -2.557994465256967
13 24
     0.323923684039229    -0.000000000000000     0.000000000000000
    -0.000000000000000     0.323923684039229    -0.000000000000000
     0.000000000000000    -0.000000000000000    -0.369051744129057
14 1
     0.084580019345445    -0.000000000000000    -0.000000000000000
     0.000000000000000    -0.207695103293830    -0.000000000000000
     0.000000000000000    -0.000000000000000    -0.231368337795359
14 2
    -0.933695401114322    -0.895231957049368     0.879475162632068
    -0.895231957049368    -0.933695401114322     0.879475162632068
     0.958006823417916     0.958006823417916    -0.697756883094180
14 3
    -0.933695401114322    -0.895231957049368    -0.879475162632068
    -0.895231957049368    -0.933695401114322    -0.879475162632068
    -0.958006823417916    -0.958006823417916    -0.697756883094180
14 4
    -0.207695103293830    -0.000000000000000    -0.000000000000000
     0.000000000000000     0.084580019345445    -0.000000000000000
     0.000000000000000    -0.000000000000000    -0.231368337795359
14 5
    -0.933695401114322     0.895231957049368     0.879475162632068
     0.895231957049368    -0.933695401114322    -0.879475162632068
     0.958006823417916    -0.958006823417916    -0.697756883094180
14 6
     0.344527715448186    -0.000000000000000    -0.000000000000000
     0.000000000000000     0.344527715448186    -0.000000000000000
     0.000000000000000     0.000000000000000    -0.829388779074815
14 7
    -0.331467366655529    -0.000000000000000    -0.000000000000000
     0.000000000000000    -0.331467366655529    -0.000000000000000
     0.000000000000000     0.000000000000000    -0.254355235522014
14 8
    -0.933695401114322     0.895231957049368    -0.879475162632068
     0.895231957049368    -0.933695401114322     0.879475162632068
    -0.958006823417916     0.958006823417916    -0.697756883094180
14 9
     0.560952098431345     0.000000000000000    -0.000000000000000
    -0.000000000000000    -3.956700790505208    -0.000000000000000
     0.000000000000000     0.000000000000000     0.070689893097808
14 10
    -0.036230812377697    -0.016862578938984    -0.062414998390341
    -0.016862578938984    -0.036230812377697    -0.062414998390341
    -0.062414998390341    -0.062414998390341     0.035437014754467
14 11
    -0.036230812377697    -0.016862578938984     0.062414998390341
    -0.016862578938984    -0.036230812377697     0.062414998390341
     0.062414998390341     0.062414998390341     0.035437014754467
14 12
    -3.956700790505208     0.000000000000000     0.000000000000000
    -0.000000000000000     0.560952098431345     0.000000000000000
    -0.000000000000000    -0.000000000000000     0.070689893097808
14 13
    -0.036230812377697     0.016862578938984    -0.062414998390341
     0.016862578938984    -0.036230812377697     0.062414998390341
    -0.062414998390341     0.062414998390341     0.035437014754467
14 14
    16.251371662506550    -0.000000000000000    -0.000000000000000
    -0.000000000000000    16.251371662506550    -0.000000000000000
    -0.000000000000000    -0.000000000000000    14.224327659575412
14 15
    -1.296491564532537    -0.000000000000000     0.000000000000000
     0.000000000000000    -1.296491564532537    -0.000000000000000
    -0.000000000000000     0.000000000000000     2.143580108604504
14 16
    -0.036230812377697     0.016862578938984     0.062414998390341
     0.016862578938984    -0.036230812377697    -0.062414998390341
     0.062414998390341    -0.062414998390341     0.035437014754467
14 17
     0.154965025449283     0.000000000000000     0.000000000000000
    -0.000000000000000     0.116578900522404    -0.000000000000000
    -0.000000000000000    -0.000000000000000    -0.196054822936031
14 18
    -1.819994237110349    -0.552179713377974     1.409742448097547
    -0.552179713377974    -1.819994237110349     1.409742448097547
     1.409742448097547     1.409742448097547    -2.557994465256967
14 19
    -1.819994237110349    -0.552179713377974    -1.409742448097547
    -0.552179713377974    -1.819994237110349    -1.409742448097547
    -1.409742448097547    -1.409742448097547    -2.557994465256967
14 20
     0.116578900522404     0.000000000000000    -0.000000000000000
    -0.000000000000000     0.154965025449283    -0.000000000000000
     0.000000000000000     0.000000000000000    -0.196054822936031
14 21
    -1.819994237110349     0.552179713377974     1.409742448097547
     0.552179713377974    -1.819994237110349    -1.409742448097547
     1.409742448097547    -1.409742448097547    -2.557994465256967
14 22
    -0.884862478345865    -0.000000000000000     0.000000000000000
     0.000000000000000    -0.884862478345865    -0.000000000000000
    -0.000000000000000     0.000000000000000    -1.320388139800144
14 23
     0.323923684039229    -0.000000000000000    -0.000000000000000
    -0.000000000000000     0.323923684039229    -0.000000000000000
    -0.000000000000000    -0.000000000000000    -0.369051744129057
14 24
    -1.819994237110349     0.552179713377974    -1.409742448097547
     0.552179713377974    -1.819994237110349     1.409742448097547
    -1.409742448097547     1.409742448097547    -2.557994465256967
15 1
    -0.207695103293830     0.000000000000000    -0.000000000000000
     0.000000000000000     0.084580019345445     0.000000000000000
     0.000000000000000    -0.000000000000000    -0.231368337795359
15 2
    -0.933695401114322    -0.895231957049368    -0.879475162632068
    -0.895231957049368    -0.933695401114322    -0.879475162632068
    -0.958006823417916    -0.958006823417916    -0.697756883094180
15 3
    -0.933695401114322    -0.895231957049368     0.879475162632068
    -0.895231957049368    -0.933695401114322     0.879475162632068
     0.958006823417916     0.958006823417916    -0.697756883094180
15 4
     0.084580019345445     0.000000000000000    -0.000000000000000
     0.000000000000000    -0.207695103293830     0.000000000000000
     0.000000000000000    -0.000000000000000    -0.231368337795359
15 5
    -0.933695401114322     0.895231957049368    -0.879475162632068
     0.895231957049368    -0.933695401114322     0.879475162632068
    -0.958006823417916     0.958006823417916    -0.697756883094180
15 6
    -0.331467366655529     0.000000000000000    -0.000000000000000
     0.000000000000000    -0.331467366655529     0.000000000000000
     0.000000000000000     0.000000000000000    -0.254355235522014
15 7
     0.344527715448186     0.000000000000000    -0.000000000000000
     0.000000000000000     0.344527715448186     0.000000000000000
     0.000000000000000     0.000000000000000    -0.829388779074815
15 8
    -0.933695401114322     0.895231957049368     0.879475162632068
     0.895231957049368    -0.933695401114322    -0.879475162632068
     0.958006823417916    -0.958006823417916    -0.697756883094180
15 9
    -3.956700790505208     0.000000000000000    -0.000000000000000
    -0.000000000000000     0.560952098431345     0.000000000000000
     0.000000000000000     0.000000000000000     0.070689893097808
15 10
    -0.036230812377697    -0.016862578938984     0.062414998390341
    -0.016862578938984    -0.036230812377697     0.062414998390341
     0.062414998390341     0.062414998390341     0.035437014754466
15 11
    -0.036230812377697    -0.016862578938984    -0.062414998390341
    -0.016862578938984    -0.036230812377697    -0.062414998390341
    -0.062414998390341    -0.062414998390341     0.035437014754466
15 12
     0.560952098431345     0.000000000000000     0.000000000000000
    -0.000000000000000    -3.956700790505208     0.000000000000000
     0.000000000000000    -0.000000000000000     0.070689893097808
15 13
    -0.036230812377697     0.016862578938984     0.062414998390341
     0.016862578938984    -0.036230812377697    -0.062414998390341
     0.062414998390341    -0.062414998390341     0.035437014754467
15 14
    -1.296491564532537     0.000000000000000    -0.000000000000000
    -0.000000000000000    -1.296491564532537     0.000000000000000
     0.000000000000000    -0.000000000000000     2.143580108604504
15 15
    16.251371662506546     0.000000000000000    -0.000000000000000
     0.000000000000000    16.251371662506550    -0.000000000000000
    -0.000000000000000    -0.000000000000000    14.224327659575412
15 16
    -0.036230812377697     0.016862578938984    -0.062414998390341
     0.016862578938984    -0.036230812377697     0.062414998390341
    -0.062414998390341     0.062414998390341     0.035437014754466
15 17
     0.116578900522404     0.000000000000000     0.000000000000000
    -0.000000000000000     0.154965025449283     0.000000000000000
     0.000000000000000    -0.000000000000000    -0.196054822936031
15 18
    -1.819994237110349    -0.552179713377974    -1.409742448097547
    -0.552179713377974    -1.819994237110349    -1.409742448097547
    -1.409742448097547    -1.409742448097547    -2.557994465256967
15 19
    -1.819994237110348    -0.552179713377974     1.409742448097547
    -0.552179713377974    -1.819994237110349     1.409742448097547
     1.409742448097547     1.409742448097547    -2.557994465256967
15 20
     0.154965025449283     0.000000000000000    -0.000000000000000
    -0.000000000000000     0.116578900522404     0.000000000000000
     0.000000000000000     0.000000000000000    -0.196054822936031
15 21
    -1.819994237110349     0.552179713377974    -1.409742448097547
     0.552179713377974    -1.819994237110349     1.409742448097547
    -1.409742448097547     1.409742448097547    -2.557994465256967
15 22
     0.323923684039229     0.000000000000000     0.000000000000000
     0.000000000000000     0.323923684039229     0.000000000000000
     0.000000000000000     0.000000000000000    -0.369051744129057
15 23
    -0.884862478345865     0.000000000000000    -0.000000000000000
    -0.000000000000000    -0.884862478345865     0.000000000000000
     0.000000000000000    -0.000000000000000    -1.320388139800144
15 24
    -1.819994237110349     0.552179713377974     1.409742448097547
     0.552179713377974    -1.819994237110349    -1.409742448097547
     1.409742448097547    -1.409742448097547    -2.557994465256967
16 1
    -0.933695401114322    -0.895231957049368    -0.879475162632068
    -0.895231957049368    -0.933695401114322    -0.879475162632068
    -0.958006823417916    -0.958006823417916    -0.697756883094180
16 2
    -0.207695103293830    -0.000000000000000    -0.000000000000000
     0.000000000000000     0.084580019345445     0.000000000000000
    -0.000000000000000     0.000000000000000    -0.231368337795359
16 3
     0.084580019345445    -0.000000000000000    -0.000000000000000
     0.000000000000000    -0.207695103293830     0.000000000000000
    -0.000000000000000    -0.000000000000000    -0.231368337795359
16 4
    -0.933695401114322    -0.895231957049368     0.879475162632068
    -0.895231957049368    -0.933695401114322     0.879475162632068
     0.958006823417916     0.958006823417916    -0.697756883094180
16 5
    -0.331467366655529    -0.000000000000000    -0.000000000000000
     0.000000000000000    -0.331467366655529     0.000000000000000
    -0.000000000000000    -0.000000000000000    -0.254355235522014
16 6
    -0.933695401114322     0.895231957049368    -0.879475162632068
     0.895231957049368    -0.933695401114322     0.879475162632068
    -0.958006823417916     0.958006823417916    -0.697756883094180
16 7
    -0.933695401114322     0.895231957049368     0.879475162632068
     0.895231957049368    -0.933695401114322    -0.879475162632068
     0.958006823417916    -0.958006823417916    -0.697756883094180
16 8
     0.344527715448186    -0.000000000000000    -0.000000000000000
     0.000000000000000     0.344527715448186     0.000000000000000
    -0.000000000000000    -0.000000000000000    -0.829388779074815
16 9
    -0.036230812377697    -0.016862578938984     0.062414998390341
    -0.016862578938984    -0.036230812377697     0.062414998390341
     0.062414998390341     0.062414998390341     0.035437014754466
16 10
    -3.956700790505208    -0.000000000000000    -0.000000000000000
    -0.000000000000000     0.560952098431345     0.000000000000000
    -0.000000000000000    -0.000000000000000     0.070689893097808
16 11
     0.560952098431345    -0.000000000000000    -0.000000000000000
     0.000000000000000    -3.956700790505208     0.000000000000000
    -0.000000000000000     0.000000000000000     0.070689893097808
16 12
    -0.036230812377697    -0.016862578938984    -0.062414998390341
    -0.016862578938984    -0.036230812377697    -0.062414998390341
    -0.062414998390341    -0.062414998390341     0.035437014754466
16 13
    -1.296491564532537    -0.000000000000000     0.000000000000000
    -0.000000000000000    -1.296491564532537     0.000000000000000
    -0.000000000000000    -0.000000000000000     2.143580108604504
16 14
    -0.036230812377697     0.016862578938984     0.062414998390341
     0.016862578938984    -0.036230812377697    -0.062414998390341
     0.062414998390341    -0.062414998390341     0.035437014754467
16 15
    -0.036230812377697     0.016862578938984    -0.062414998390341
     0.016862578938984    -0.036230812377697     0.062414998390341
    -0.062414998390341     0.062414998390341     0.035437014754466
16 16
    16.251371662506550     0.000000000000000     0.000000000000000
     0.000000000000000    16.251371662506550     0.000000000000000
     0.000000000000000     0.000000000000000    14.224327659575415
16 17
    -1.819994237110349    -0.552179713377974    -1.409742448097547
    -0.552179713377974    -1.819994237110349    -1.409742448097547
    -1.409742448097547    -1.409742448097547    -2.557994465256967
16 18
     0.116578900522404    -0.000000000000000    -0.000000000000000
     0.000000000000000     0.154965025449283     0.000000000000000
     0.000000000000000     0.000000000000000    -0.196054822936031
16 19
     0.154965025449284     0.000000000000000    -0.000000000000000
     0.000000000000000     0.116578900522404     0.000000000000000
     0.000000000000000    -0.000000000000000    -0.196054822936031
16 20
    -1.819994237110349    -0.552179713377974     1.409742448097547
    -0.552179713377974    -1.819994237110349     1.409742448097547
     1.409742448097547     1.409742448097547    -2.557994465256967
16 21
     0.323923684039229    -0.000000000000000    -0.000000000000000
    -0.000000000000000     0.323923684039229     0.000000000000000
    -0.000000000000000     0.000000000000000    -0.369051744129057
16 22
    -1.819994237110349     0.552179713377974    -1.409742448097547
     0.552179713377974    -1.819994237110349     1.409742448097547
    -1.409742448097547     1.409742448097547    -2.557994465256967
16 23
    -1.819994237110348     0.552179713377974     1.409742448097547
     0.552179713377974    -1.819994237110349    -1.409742448097547
     1.409742448097547    -1.409742448097547    -2.557994465256967
16 24
    -0.884862478345865    -0.000000000000000     0.000000000000000
     0.000000000000000    -0.884862478345865     0.000000000000000
    -0.000000000000000    -0.000000000000000    -1.320388139800144
17 1
    -0.331467366655529    -0.000000000000000    -0.000000000000000
     0.000000000000000    -0.331467366655529    -0.000000000000000
     0.000000000000000     0.000000000000000    -0.254355235522014
17 2
    -0.933695401114322     0.895231957049368    -0.879475162632068
     0.895231957049368    -0.933695401114322     0.879475162632068
    -0.958006823417916     0.958006823417916    -0.697756883094180
17 3
    -0.933695401114322     0.895231957049368     0.879475162632068
     0.895231957049368    -0.933695401114322    -0.879475162632068
     0.958006823417916    -0.958006823417916    -0.697756883094180
17 4
     0.344527715448186    -0.000000000000000    -0.000000000000000
     0.000000000000000     0.344527715448186    -0.000000000000000
     0.000000000000000     0.000000000000000    -0.829388779074815
17 5
    -0.933695401114322    -0.895231957049368    -0.879475162632068
    -0.895231957049368    -0.933695401114322    -0.879475162632068
    -0.958006823417916    -0.958006823417916    -0.697756883094180
17 6
    -0.207695103293830    -0.000000000000000    -0.000000000000000
     0.000000000000000     0.084580019345445    -0.000000000000000
     0.000000000000000     0.000000000000000    -0.231368337795359
17 7
     0.084580019345444    -0.000000000000000    -0.000000000000000
     0.000000000000000    -0.207695103293830    -0.000000000000000
     0.000000000000000     0.000000000000000    -0.231368337795359
17 8
    -0.933695401114322    -0.895231957049368     0.879475162632068
    -0.895231957049368    -0.933695401114322     0.879475162632068
     0.958006823417916     0.958006823417916    -0.697756883094180
17 9
    -0.884862478345865     0.000000000000000    -0.000000000000000
     0.000000000000000    -0.884862478345865    -0.000000000000000
     0.000000000000000     0.000000000000000    -1.320388139800144
17 10
    -1.819994237110349     0.552179713377974     1.409742448097547
     0.552179713377974    -1.819994237110349    -1.409742448097547
     1.409742448097547    -1.409742448097547    -2.557994465256967
17 11
    -1.819994237110349     0.552179713377974    -1.409742448097547
     0.552179713377974    -1.819994237110349     1.409742448097547
    -1.409742448097547     1.409742448097547    -2.557994465256967
17 12
     0.323923684039229    -0.000000000000000     0.000000000000000
     0.000000000000000     0.323923684039229     0.000000000000000
     0.000000000000000    -0.000000000000000    -0.369051744129057
17 13
    -1.819994237110349    -0.552179713377974     1.409742448097547
    -0.552179713377974    -1.819994237110349     1.409742448097547
     1.409742448097547     1.409742448097547    -2.557994465256967
17 14
     0.154965025449283    -0.000000000000000    -0.000000000000000
     0.000000000000000     0.116578900522404    -0.000000000000000
     0.000000000000000    -0.000000000000000    -0.196054822936031
17 15
     0.116578900522404    -0.000000000000000     0.000000000000000
     0.000000000000000     0.154965025449283    -0.000000000000000
     0.000000000000000     0.000000000000000    -0.196054822936031
17 16
    -1.819994237110349    -0.552179713377974    -1.409742448097547
    -0.552179713377974    -1.819994237110349    -1.409742448097547
    -1.409742448097547    -1.409742448097547    -2.557994465256967
17 17
    16.251371662506553    -0.000000000000000     0.000000000000000
    -0.000000000000000    16.251371662506550    -0.000000000000000
     0.000000000000000    -0.000000000000000    14.224327659575408
17 18
    -0.036230812377697     0.016862578938984    -0.062414998390341
     0.016862578938984    -0.036230812377697     0.062414998390341
    -0.062414998390341     0.062414998390341     0.035437014754466
17 19
    -0.036230812377697     0.016862578938984     0.062414998390341
     0.016862578938984    -0.036230812377697    -0.062414998390341
     0.062414998390341    -0.062414998390341     0.035437014754466
17 20
    -1.296491564532537     0.000000000000000    -0.000000000000000
    -0.000000000000000    -1.296491564532537    -0.000000000000000
     0.000000000000000     0.000000000000000     2.143580108604504
17 21
    -0.036230812377697    -0.016862578938984    -0.062414998390341
    -0.016862578938984    -0.036230812377697    -0.062414998390341
    -0.062414998390341    -0.062414998390341     0.035437014754467
17 22
     0.560952098431345    -0.000000000000000     0.000000000000000
     0.000000000000000    -3.956700790505208    -0.000000000000000
     0.000000000000000     0.000000000000000     0.070689893097808
17 23
    -3.956700790505208    -0.000000000000000    -0.000000000000000
     0.000000000000000     0.560952098431345    -0.000000000000000
     0.000000000000000     0.000000000000000     0.070689893097808
17 24
    -0.036230812377697    -0.016862578938984     0.062414998390341
    -0.016862578938984    -0.036230812377697     0.062414998390341
     0.062414998390341     0.062414998390341     0.035437014754467
18 1
    -0.933695401114322     0.895231957049368    -0.879475162632068
     0.895231957049368    -0.933695401114322     0.879475162632068
    -0.958006823417916     0.958006823417916    -0.697756883094180
18 2
    -0.331467366655529     0.000000000000000     0.000000000000000
     0.000000000000000    -0.331467366655529     0.000000000000000
    -0.000000000000000     0.000000000000000    -0.254355235522014
18 3
     0.344527715448186     0.000000000000000     0.000000000000000
     0.000000000000000     0.344527715448186     0.000000000000000
    -0.000000000000000    -0.000000000000000    -0.829388779074815
18 4
    -0.933695401114322     0.895231957049368     0.879475162632068
     0.895231957049368    -0.933695401114322    -0.879475162632068
     0.958006823417916    -0.958006823417916    -0.697756883094180
18 5
    -0.207695103293830     0.000000000000000     0.000000000000000
     0.000000000000000     0.084580019345444     0.000000000000000
    -0.000000000000000    -0.000000000000000    -0.231368337795359
18 6
    -0.933695401114322    -0.895231957049368    -0.879475162632068
    -0.895231957049368    -0.933695401114322    -0.879475162632068
    -0.958006823417916    -0.958006823417916    -0.697756883094180
18 7
    -0.933695401114322    -0.895231957049368     0.879475162632068
    -0.895231957049368    -0.933695401114322     0.879475162632068
     0.958006823417916     0.958006823417916    -0.697756883094180
18 8
     0.084580019345444     0.000000000000000     0.000000000000000
     0.000000000000000    -0.207695103293830     0.000000000000000
    -0.000000000000000     0.000000000000000    -0.231368337795359
18 9
    -1.819994237110349     0.552179713377974     1.409742448097547
     0.552179713377974    -1.819994237110349    -1.409742448097547
     1.409742448097547    -1.409742448097547    -2.557994465256967
18 10
    -0.884862478345865     0.000000000000000     0.000000000000000
     0.000000000000000    -0.884862478345865     0.000000000000000
    -0.000000000000000    -0.000000000000000    -1.320388139800144
18 11
     0.323923684039229     0.000000000000000    -0.000000000000000
     0.000000000000000     0.323923684039229     0.000000000000000
    -0.000000000000000     0.000000000000000    -0.369051744129057
18 12
    -1.819994237110349     0.552179713377974    -1.409742448097547
     0.552179713377974    -1.819994237110349     1.409742448097547
    -1.409742448097547     1.409742448097547    -2.557994465256967
18 13
     0.154965025449283    -0.000000000000000     0.000000000000000
     0.000000000000000     0.116578900522404     0.000000000000000
    -0.000000000000000    -0.000000000000000    -0.196054822936031
18 14
    -1.819994237110349    -0.552179713377974     1.409742448097547
    -0.552179713377974    -1.819994237110349     1.409742448097547
     1.409742448097547     1.409742448097547    -2.557994465256967
18 15
    -1.819994237110349    -0.552179713377974    -1.409742448097547
    -0.552179713377974    -1.819994237110349    -1.409742448097547
    -1.409742448097547    -1.409742448097547    -2.557994465256967
18 16
     0.116578900522404     0.000000000000000     0.000000000000000
    -0.000000000000000     0.154965025449283     0.000000000000000
    -0.000000000000000     0.000000000000000    -0.196054822936031
18 17
    -0.036230812377697     0.016862578938984    -0.062414998390341
     0.016862578938984    -0.036230812377697     0.062414998390341
    -0.062414998390341     0.062414998390341     0.035437014754466
18 18
    16.251371662506550     0.000000000000000     0.000000000000000
     0.000000000000000    16.251371662506546     0.000000000000000
     0.000000000000000     0.000000000000000    14.224327659575414
18 19
    -1.296491564532537     0.000000000000000     0.000000000000000
     0.000000000000000    -1.296491564532537     0.000000000000000
    -0.000000000000000    -0.000000000000000     2.143580108604504
18 20
    -0.036230812377697     0.016862578938984     0.062414998390341
     0.016862578938984    -0.036230812377697    -0.062414998390341
     0.062414998390341    -0.062414998390341     0.035437014754466
18 21
     0.560952098431345     0.000000000000000     0.000000000000000
    -0.000000000000000    -3.956700790505208     0.000000000000000
    -0.000000000000000     0.000000000000000     0.070689893097808
18 22
    -0.036230812377697    -0.016862578938984    -0.062414998390341
    -0.016862578938984    -0.036230812377697    -0.062414998390341
    -0.062414998390341    -0.062414998390341     0.035437014754466
18 23
    -0.036230812377697    -0.016862578938984     0.062414998390341
    -0.016862578938984    -0.036230812377697     0.062414998390341
     0.062414998390341     0.062414998390341     0.035437014754466
18 24
    -3.956700790505208    -0.000000000000000     0.000000000000000
     0.000000000000000     0.560952098431345     0.000000000000000
    -0.000000000000000    -0.000000000000000     0.070689893097808
19 1
    -0.933695401114322     0.895231957049368     0.879475162632068
     0.895231957049368    -0.933695401114322    -0.879475162632068
     0.958006823417916    -0.958006823417916    -0.697756883094180
19 2
     0.344527715448186    -0.000000000000000     0.000000000000000
     0.000000000000000     0.344527715448186    -0.000000000000000
    -0.000000000000000     0.000000000000000    -0.829388779074815
19 3
    -0.331467366655529    -0.000000000000000     0.000000000000000
     0.000000000000000    -0.331467366655529    -0.000000000000000
    -0.000000000000000    -0.000000000000000    -0.254355235522014
19 4
    -0.933695401114322     0.895231957049368    -0.879475162632068
     0.895231957049368    -0.933695401114322     0.879475162632068
    -0.958006823417916     0.958006823417916    -0.697756883094180
19 5
     0.084580019345445    -0.000000000000000     0.000000000000000
     0.000000000000000    -0.207695103293830    -0.000000000000000
    -0.000000000000000    -0.000000000000000    -0.231368337795359
19 6
    -0.933695401114322    -0.895231957049368     0.879475162632068
    -0.895231957049368    -0.933695401114322     0.879475162632068
     0.958006823417916     0.958006823417916    -0.697756883094180
19 7
    -0.933695401114322    -0.895231957049368    -0.879475162632068
    -0.895231957049368    -0.933695401114322    -0.879475162632068
    -0.958006823417916    -0.958006823417916    -0.697756883094180
19 8
    -0.207695103293830    -0.000000000000000     0.000000000000000
     0.000000000000000     0.084580019345445    -0.000000000000000
    -0.000000000000000     0.000000000000000    -0.231368337795359
19 9
    -1.819994237110349     0.552179713377974    -1.409742448097547
     0.552179713377974    -1.819994237110349     1.409742448097547
    -1.409742448097547     1.409742448097547    -2.557994465256967
19 10
     0.323923684039229     0.000000000000000     0.000000000000000
     0.000000000000000     0.323923684039229    -0.000000000000000
    -0.000000000000000    -0.000000000000000    -0.369051744129057
19 11
    -0.884862478345865     0.000000000000000    -0.000000000000000
     0.000000000000000    -0.884862478345865    -0.000000000000000
    -0.000000000000000     0.000000000000000    -1.320388139800145
19 12
    -1.819994237110348     0.552179713377974     1.409742448097547
     0.552179713377974    -1.819994237110349    -1.409742448097547
     1.409742448097547    -1.409742448097547    -2.557994465256967
19 13
     0.116578900522404    -0.000000000000000     0.000000000000000
     0.000000000000000     0.154965025449284    -0.000000000000000
    -0.000000000000000    -0.000000000000000    -0.196054822936031
19 14
    -1.819994237110349    -0.552179713377974    -1.409742448097547
    -0.552179713377974    -1.819994237110349    -1.409742448097547
    -1.409742448097547    -1.409742448097547    -2.557994465256967
19 15
    -1.819994237110348    -0.552179713377974     1.409742448097547
    -0.552179713377974    -1.819994237110349     1.409742448097547
     1.409742448097547     1.409742448097547    -2.557994465256967
19 16
     0.154965025449284     0.000000000000000     0.000000000000000
     0.000000000000000     0.116578900522404    -0.000000000000000
    -0.000000000000000     0.000000000000000    -0.196054822936031
19 17
    -0.036230812377697     0.016862578938984     0.062414998390341
     0.016862578938984    -0.036230812377697    -0.062414998390341
     0.062414998390341    -0.062414998390341     0.035437014754466
19 18
    -1.296491564532537     0.000000000000000    -0.000000000000000
     0.000000000000000    -1.296491564532537    -0.000000000000000
     0.000000000000000     0.000000000000000     2.143580108604504
19 19
    16.251371662506543     0.000000000000000     0.000000000000000
     0.000000000000000    16.251371662506550    -0.000000000000000
     0.000000000000000    -0.000000000000000    14.224327659575414
19 20
    -0.036230812377697     0.016862578938984    -0.062414998390341
     0.016862578938984    -0.036230812377697     0.062414998390341
    -0.062414998390341     0.062414998390341     0.035437014754466
19 21
    -3.956700790505208    -0.000000000000000     0.000000000000000
     0.000000000000000     0.560952098431345    -0.000000000000000
    -0.000000000000000     0.000000000000000     0.070689893097808
19 22
    -0.036230812377697    -0.016862578938984     0.062414998390341
    -0.016862578938984    -0.036230812377697     0.062414998390341
     0.062414998390341     0.062414998390341     0.035437014754466
19 23
    -0.036230812377697    -0.016862578938984    -0.062414998390341
    -0.016862578938984    -0.036230812377697    -0.062414998390341
    -0.062414998390341    -0.062414998390341     0.035437014754466
19 24
     0.560952098431345    -0.000000000000000     0.000000000000000
     0.000000000000000    -3.956700790505208    -0.000000000000000
    -0.000000000000000    -0.000000000000000     0.070689893097808
20 1
     0.344527715448186    -0.000000000000000     0.000000000000000
     0.000000000000000     0.344527715448186     0.000000000000000
     0.000000000000000    -0.000000000000000    -0.829388779074815
20 2
    -0.933695401114322     0.895231957049368     0.879475162632068
     0.895231957049368    -0.933695401114322    -0.879475162632068
     0.958006823417916    -0.958006823417916    -0.697756883094180
20 3
    -0.933695401114322     0.895231957049368    -0.879475162632068
     0.895231957049368    -0.933695401114322     0.879475162632068
    -0.958006823417916     0.958006823417916    -0.697756883094180
20 4
    -0.331467366655529    -0.000000000000000     0.000000000000000
     0.000000000000000    -0.331467366655529     0.000000000000000
     0.000000000000000    -0.000000000000000    -0.254355235522014
20 5
    -0.933695401114322    -0.895231957049368     0.879475162632068
    -0.895231957049368    -0.933695401114322     0.879475162632068
     0.958006823417916     0.958006823417916    -0.697756883094180
20 6
     0.084580019345445    -0.000000000000000     0.000000000000000
     0.000000000000000    -0.207695103293830     0.000000000000000
     0.000000000000000    -0.000000000000000    -0.231368337795359
20 7
    -0.207695103293830    -0.000000000000000     0.000000000000000
     0.000000000000000     0.084580019345445     0.000000000000000
     0.000000000000000    -0.000000000000000    -0.231368337795359
20 8
    -0.933695401114322    -0.895231957049368    -0.879475162632068
    -0.895231957049368    -0.933695401114322    -0.879475162632068
    -0.958006823417916    -0.958006823417916    -0.697756883094180
20 9
     0.323923684039229     0.000000000000000     0.000000000000000
     0.000000000000000     0.323923684039229    -0.000000000000000
     0.000000000000000    -0.000000000000000    -0.369051744129057
20 10
    -1.819994237110349     0.552179713377974    -1.409742448097547
     0.552179713377974    -1.819994237110349     1.409742448097547
    -1.409742448097547     1.409742448097547    -2.557994465256967
20 11
    -1.819994237110349     0.552179713377974     1.409742448097547
     0.552179713377974    -1.819994237110349    -1.409742448097547
     1.409742448097547    -1.409742448097547    -2.557994465256967
20 12
    -0.884862478345865    -0.000000000000000     0.000000000000000
     0.000000000000000    -0.884862478345865     0.000000000000000
    -0.000000000000000    -0.000000000000000    -1.320388139800144
20 13
    -1.819994237110349    -0.552179713377974    -1.409742448097547
    -0.552179713377974    -1.819994237110349    -1.409742448097547
    -1.409742448097547    -1.409742448097547    -2.557994465256967
20 14
     0.116578900522404    -0.000000000000000     0.000000000000000
     0.000000000000000     0.154965025449283     0.000000000000000
    -0.000000000000000    -0.000000000000000    -0.196054822936031
20 15
     0.154965025449283    -0.000000000000000     0.000000000000000
     0.000000000000000     0.116578900522404     0.000000000000000
    -0.000000000000000     0.000000000000000    -0.196054822936031
20 16
    -1.819994237110349    -0.552179713377974     1.409742448097547
    -0.552179713377974    -1.819994237110349     1.409742448097547
     1.409742448097547     1.409742448097547    -2.557994465256967
20 17
    -1.296491564532537    -0.000000000000000     0.000000000000000
     0.000000000000000    -1.296491564532537     0.000000000000000
    -0.000000000000000    -0.000000000000000     2.143580108604504
20 18
    -0.036230812377697     0.016862578938984     0.062414998390341
     0.016862578938984    -0.036230812377697    -0.062414998390341
     0.062414998390341    -0.062414998390341     0.035437014754466
20 19
    -0.036230812377697     0.016862578938984    -0.062414998390341
     0.016862578938984    -0.036230812377697     0.062414998390341
    -0.062414998390341     0.062414998390341     0.035437014754466
20 20
    16.251371662506550     0.000000000000000     0.000000000000000
     0.000000000000000    16.251371662506553    -0.000000000000000
     0.000000000000000    -0.000000000000000    14.224327659575412
20 21
    -0.036230812377697    -0.016862578938984     0.062414998390341
    -0.016862578938984    -0.036230812377697     0.062414998390341
     0.062414998390341     0.062414998390341     0.035437014754466
20 22
    -3.956700790505208    -0.000000000000000     0.000000000000000
     0.000000000000000     0.560952098431345     0.000000000000000
    -0.000000000000000     0.000000000000000     0.070689893097808
20 23
     0.560952098431345    -0.000000000000000     0.000000000000000
     0.000000000000000    -3.956700790505208     0.000000000000000
    -0.000000000000000    -0.000000000000000     0.070689893097808
20 24
    -0.036230812377697    -0.016862578938984    -0.062414998390341
    -0.016862578938984    -0.036230812377697    -0.062414998390341
    -0.062414998390341    -0.062414998390341     0.035437014754466
21 1
    -0.933695401114322    -0.895231957049368    -0.879475162632068
    -0.895231957049368    -0.933695401114322    -0.879475162632068
    -0.958006823417916    -0.958006823417916    -0.697756883094180
21 2
    -0.207695103293830    -0.000000000000000     0.000000000000000
    -0.000000000000000     0.084580019345445     0.000000000000000
    -0.000000000000000     0.000000000000000    -0.231368337795359
21 3
     0.084580019345445    -0.000000000000000     0.000000000000000
    -0.000000000000000    -0.207695103293830     0.000000000000000
     0.000000000000000    -0.000000000000000    -0.231368337795359
21 4
    -0.933695401114322    -0.895231957049368     0.879475162632068
    -0.895231957049368    -0.933695401114322     0.879475162632068
     0.958006823417916     0.958006823417916    -0.697756883094180
21 5
    -0.331467366655529    -0.000000000000000     0.000000000000000
     0.000000000000000    -0.331467366655529     0.000000000000000
    -0.000000000000000    -0.000000000000000    -0.254355235522014
21 6
    -0.933695401114322     0.895231957049368    -0.879475162632068
     0.895231957049368    -0.933695401114322     0.879475162632068
    -0.958006823417916     0.958006823417916    -0.697756883094180
21 7
    -0.933695401114322     0.895231957049368     0.879475162632068
     0.895231957049368    -0.933695401114322    -0.879475162632068
     0.958006823417916    -0.958006823417916    -0.697756883094180
21 8
     0.344527715448186    -0.000000000000000     0.000000000000000
     0.000000000000000     0.344527715448186     0.000000000000000
     0.000000000000000    -0.000000000000000    -0.829388779074815
21 9
    -1.819994237110349    -0.552179713377974     1.409742448097547
    -0.552179713377974    -1.819994237110349     1.409742448097547
     1.409742448097547     1.409742448097547    -2.557994465256967
21 10
     0.154965025449283     0.000000000000000     0.000000000000000
    -0.000000000000000     0.116578900522404     0.000000000000000
     0.000000000000000    -0.000000000000000    -0.196054822936031
21 11
     0.116578900522404    -0.000000000000000    -0.000000000000000
     0.000000000000000     0.154965025449283     0.000000000000000
     0.000000000000000     0.000000000000000    -0.196054822936031
21 12
    -1.819994237110349    -0.552179713377974    -1.409742448097547
    -0.552179713377974    -1.819994237110349    -1.409742448097547
    -1.409742448097547    -1.409742448097547    -2.557994465256967
21 13
    -0.884862478345865    -0.000000000000000     0.000000000000000
    -0.000000000000000    -0.884862478345865     0.000000000000000
    -0.000000000000000    -0.000000000000000    -1.320388139800144
21 14
    -1.819994237110349     0.552179713377974     1.409742448097547
     0.552179713377974    -1.819994237110349    -1.409742448097547
     1.409742448097547    -1.409742448097547    -2.557994465256967
21 15
    -1.819994237110349     0.552179713377974    -1.409742448097547
     0.552179713377974    -1.819994237110349     1.409742448097547
    -1.409742448097547     1.409742448097547    -2.557994465256967
21 16
     0.323923684039229    -0.000000000000000    -0.000000000000000
    -0.000000000000000     0.323923684039229     0.000000000000000
    -0.000000000000000     0.000000000000000    -0.369051744129057
21 17
    -0.036230812377697    -0.016862578938984    -0.062414998390341
    -0.016862578938984    -0.036230812377697    -0.062414998390341
    -0.062414998390341    -0.062414998390341     0.035437014754467
21 18
     0.560952098431345    -0.000000000000000    -0.000000000000000
     0.000000000000000    -3.956700790505208     0.000000000000000
     0.000000000000000     0.000000000000000     0.070689893097808
21 19
    -3.956700790505208     0.000000000000000    -0.000000000000000
    -0.000000000000000     0.560952098431345     0.000000000000000
     0.000000000000000    -0.000000000000000     0.070689893097808
21 20
    -0.036230812377697    -0.016862578938984     0.062414998390341
    -0.016862578938984    -0.036230812377697     0.062414998390341
     0.062414998390341     0.062414998390341     0.035437014754466
21 21
    16.251371662506550     0.000000000000000     0.000000000000000
     0.000000000000000    16.251371662506550    -0.000000000000000
     0.000000000000000    -0.000000000000000    14.224327659575412
21 22
    -0.036230812377697     0.016862578938984    -0.062414998390341
     0.016862578938984    -0.036230812377697     0.062414998390341
    -0.062414998390341     0.062414998390341     0.035437014754467
21 23
    -0.036230812377697     0.016862578938984     0.062414998390341
     0.016862578938984    -0.036230812377697    -0.062414998390341
     0.062414998390341    -0.062414998390341     0.035437014754467
21 24
    -1.296491564532537    -0.000000000000000     0.000000000000000
    -0.000000000000000    -1.296491564532537     0.000000000000000
     0.000000000000000    -0.000000000000000     2.143580108604504
22 1
    -0.207695103293830     0.000000000000000    -0.000000000000000
     0.000000000000000     0.084580019345445     0.000000000000000
     0.000000000000000    -0.000000000000000    -0.231368337795359
22 2
    -0.933695401114322    -0.895231957049368    -0.879475162632068
    -0.895231957049368    -0.933695401114322    -0.879475162632068
    -0.958006823417916    -0.958006823417916    -0.697756883094180
22 3
    -0.933695401114322    -0.895231957049368     0.879475162632068
    -0.895231957049368    -0.933695401114322     0.879475162632068
     0.958006823417916     0.958006823417916    -0.697756883094180
22 4
     0.084580019345445     0.000000000000000    -0.000000000000000
     0.000000000000000    -0.207695103293830     0.000000000000000
     0.000000000000000    -0.000000000000000    -0.231368337795359
22 5
    -0.933695401114322     0.895231957049368    -0.879475162632068
     0.895231957049368    -0.933695401114322     0.879475162632068
    -0.958006823417916     0.958006823417916    -0.697756883094180
22 6
    -0.331467366655529     0.000000000000000    -0.000000000000000
     0.000000000000000    -0.331467366655529     0.000000000000000
     0.000000000000000     0.000000000000000    -0.254355235522014
22 7
     0.344527715448186     0.000000000000000    -0.000000000000000
     0.000000000000000     0.344527715448186     0.000000000000000
     0.000000000000000     0.000000000000000    -0.829388779074815
22 8
    -0.933695401114322     0.895231957049368     0.879475162632068
     0.895231957049368    -0.933695401114322    -0.879475162632068
     0.958006823417916    -0.958006823417916    -0.697756883094180
22 9
     0.154965025449283     0.000000000000000    -0.000000000000000
    -0.000000000000000     0.116578900522404     0.000000000000000
     0.000000000000000     0.000000000000000    -0.196054822936031
22 10
    -1.819994237110349    -0.552179713377974     1.409742448097547
    -0.552179713377974    -1.819994237110349     1.409742448097547
     1.409742448097547     1.409742448097547    -2.557994465256967
22 11
    -1.819994237110349    -0.552179713377974    -1.409742448097547
    -0.552179713377974    -1.819994237110349    -1.409742448097547
    -1.409742448097547    -1.409742448097547    -2.557994465256967
22 12
     0.116578900522404     0.000000000000000     0.000000000000000
    -0.000000000000000     0.154965025449283     0.000000000000000
     0.000000000000000    -0.000000000000000    -0.196054822936031
22 13
    -1.819994237110349     0.552179713377974     1.409742448097547
     0.552179713377974    -1.819994237110349    -1.409742448097547
     1.409742448097547    -1.409742448097547    -2.557994465256967
22 14
    -0.884862478345865     0.000000000000000    -0.000000000000000
    -0.000000000000000    -0.884862478345865     0.000000000000000
     0.000000000000000    -0.000000000000000    -1.320388139800144
22 15
     0.323923684039229     0.000000000000000     0.000000000000000
     0.000000000000000     0.323923684039229     0.000000000000000
     0.000000000000000     0.000000000000000    -0.369051744129057
22 16
    -1.819994237110349     0.552179713377974    -1.409742448097547
     0.552179713377974    -1.819994237110349     1.409742448097547
    -1.409742448097547     1.409742448097547    -2.557994465256967
22 17
     0.560952098431345     0.000000000000000     0.000000000000000
    -0.000000000000000    -3.956700790505208     0.000000000000000
     0.000000000000000    -0.000000000000000     0.070689893097808
22 18
    -0.036230812377697    -0.016862578938984    -0.062414998390341
    -0.016862578938984    -0.036230812377697    -0.062414998390341
    -0.062414998390341    -0.062414998390341     0.035437014754466
22 19
    -0.036230812377697    -0.016862578938984     0.062414998390341
    -0.016862578938984    -0.036230812377697     0.062414998390341
     0.062414998390341     0.062414998390341     0.035437014754466
22 20
    -3.956700790505208     0.000000000000000    -0.000000000000000
    -0.000000000000000     0.560952098431345     0.000000000000000
     0.000000000000000     0.000000000000000     0.070689893097808
22 21
    -0.036230812377697     0.016862578938984    -0.062414998390341
     0.016862578938984    -0.036230812377697     0.062414998390341
    -0.062414998390341     0.062414998390341     0.035437014754467
22 22
    16.251371662506550     0.000000000000000     0.000000000000000
     0.000000000000000    16.251371662506550    -0.000000000000000
     0.000000000000000    -0.000000000000000    14.224327659575414
22 23
    -1.296491564532537     0.000000000000000    -0.000000000000000
    -0.000000000000000    -1.296491564532537     0.000000000000000
     0.000000000000000    -0.000000000000000     2.143580108604504
22 24
    -0.036230812377697     0.016862578938984     0.062414998390341
     0.016862578938984    -0.036230812377697    -0.062414998390341
     0.062414998390341    -0.062414998390341     0.035437014754466
23 1
     0.084580019345445    -0.000000000000000    -0.000000000000000
    -0.000000000000000    -0.207695103293830    -0.000000000000000
     0.000000000000000    -0.000000000000000    -0.231368337795359
23 2
    -0.933695401114322    -0.895231957049368     0.879475162632068
    -0.895231957049368    -0.933695401114322     0.879475162632068
     0.958006823417916     0.958006823417916    -0.697756883094180
23 3
    -0.933695401114322    -0.895231957049368    -0.879475162632068
    -0.895231957049368    -0.933695401114322    -0.879475162632068
    -0.958006823417916    -0.958006823417916    -0.697756883094180
23 4
    -0.207695103293830    -0.000000000000000    -0.000000000000000
    -0.000000000000000     0.084580019345445    -0.000000000000000
     0.000000000000000    -0.000000000000000    -0.231368337795359
23 5
    -0.933695401114322     0.895231957049368     0.879475162632068
     0.895231957049368    -0.933695401114322    -0.879475162632068
     0.958006823417916    -0.958006823417916    -0.697756883094180
23 6
     0.344527715448186     0.000000000000000    -0.000000000000000
    -0.000000000000000     0.344527715448186    -0.000000000000000
     0.000000000000000     0.000000000000000    -0.829388779074815
23 7
    -0.331467366655529    -0.000000000000000    -0.000000000000000
    -0.000000000000000    -0.331467366655529    -0.000000000000000
     0.000000000000000     0.000000000000000    -0.254355235522014
23 8
    -0.933695401114322     0.895231957049368    -0.879475162632068
     0.895231957049368    -0.933695401114322     0.879475162632068
    -0.958006823417916     0.958006823417916    -0.697756883094180
23 9
     0.116578900522404     0.000000000000000    -0.000000000000000
    -0.000000000000000     0.154965025449283    -0.000000000000000
     0.000000000000000     0.000000000000000    -0.196054822936031
23 10
    -1.819994237110349    -0.552179713377974    -1.409742448097547
    -0.552179713377974    -1.819994237110349    -1.409742448097547
    -1.409742448097547    -1.409742448097547    -2.557994465256967
23 11
    -1.819994237110349    -0.552179713377974     1.409742448097547
    -0.552179713377974    -1.819994237110349     1.409742448097547
     1.409742448097547     1.409742448097547    -2.557994465256967
23 12
     0.154965025449283     0.000000000000000     0.000000000000000
    -0.000000000000000     0.116578900522404     0.000000000000000
    -0.000000000000000    -0.000000000000000    -0.196054822936031
23 13
    -1.819994237110349     0.552179713377974    -1.409742448097547
     0.552179713377974    -1.819994237110349     1.409742448097547
    -1.409742448097547     1.409742448097547    -2.557994465256967
23 14
     0.323923684039229    -0.000000000000000    -0.000000000000000
    -0.000000000000000     0.323923684039229    -0.000000000000000
    -0.000000000000000    -0.000000000000000    -0.369051744129057
23 15
    -0.884862478345865    -0.000000000000000     0.000000000000000
     0.000000000000000    -0.884862478345865    -0.000000000000000
    -0.000000000000000     0.000000000000000    -1.320388139800144
23 16
    -1.819994237110348     0.552179713377974     1.409742448097547
     0.552179713377974    -1.819994237110349    -1.409742448097547
     1.409742448097547    -1.409742448097547    -2.557994465256967
23 17
    -3.956700790505208     0.000000000000000     0.000000000000000
    -0.000000000000000     0.560952098431345     0.000000000000000
    -0.000000000000000    -0.000000000000000     0.070689893097808
23 18
    -0.036230812377697    -0.016862578938984     0.062414998390341
    -0.016862578938984    -0.036230812377697     0.062414998390341
     0.062414998390341     0.062414998390341     0.035437014754466
23 19
    -0.036230812377697    -0.016862578938984    -0.062414998390341
    -0.016862578938984    -0.036230812377697    -0.062414998390341
    -0.062414998390341    -0.062414998390341     0.035437014754466
23 20
     0.560952098431345     0.000000000000000    -0.000000000000000
    -0.000000000000000    -3.956700790505208    -0.000000000000000
     0.000000000000000     0.000000000000000     0.070689893097808
23 21
    -0.036230812377697     0.016862578938984     0.062414998390341
     0.016862578938984    -0.036230812377697    -0.062414998390341
     0.062414998390341    -0.062414998390341     0.035437014754467
23 22
    -1.296491564532537    -0.000000000000000     0.000000000000000
     0.000000000000000    -1.296491564532537    -0.000000000000000
    -0.000000000000000     0.000000000000000     2.143580108604504
23 23
    16.251371662506550     0.000000000000000     0.000000000000000
     0.000000000000000    16.251371662506550     0.000000000000000
     0.000000000000000     0.000000000000000    14.224327659575414
23 24
    -0.036230812377697     0.016862578938984    -0.062414998390341
     0.016862578938984    -0.036230812377697     0.062414998390341
    -0.062414998390341     0.062414998390341     0.035437014754466
24 1
    -0.933695401114322    -0.895231957049368     0.879475162632068
    -0.895231957049368    -0.933695401114322     0.879475162632068
     0.958006823417916     0.958006823417916    -0.697756883094180
24 2
     0.084580019345444    -0.000000000000000     0.000000000000000
    -0.000000000000000    -0.207695103293830    -0.000000000000000
     0.000000000000000     0.000000000000000    -0.231368337795359
24 3
    -0.207695103293830    -0.000000000000000     0.000000000000000
    -0.000000000000000     0.084580019345444    -0.000000000000000
     0.000000000000000    -0.000000000000000    -0.231368337795359
24 4
    -0.933695401114322    -0.895231957049368    -0.879475162632068
    -0.895231957049368    -0.933695401114322    -0.879475162632068
    -0.958006823417916    -0.958006823417916    -0.697756883094180
24 5
     0.344527715448185    -0.000000000000000     0.000000000000000
    -0.000000000000000     0.344527715448185    -0.000000000000000
    -0.000000000000000    -0.000000000000000    -0.829388779074815
24 6
    -0.933695401114322     0.895231957049368     0.879475162632068
     0.895231957049368    -0.933695401114322    -0.879475162632068
     0.958006823417916    -0.958006823417916    -0.697756883094180
24 7
    -0.933695401114322     0.895231957049368    -0.879475162632068
     0.895231957049368    -0.933695401114322     0.879475162632068
    -0.958006823417916     0.958006823417916    -0.697756883094180
24 8
    -0.331467366655529    -0.000000000000000     0.000000000000000
    -0.000000000000000    -0.331467366655529    -0.000000000000000
     0.000000000000000     0.000000000000000    -0.254355235522014
24 9
    -1.819994237110349    -0.552179713377974    -1.409742448097547
    -0.552179713377974    -1.819994237110349    -1.409742448097547
    -1.409742448097547    -1.409742448097547    -2.557994465256967
24 10
     0.116578900522404     0.000000000000000     0.000000000000000
    -0.000000000000000     0.154965025449283    -0.000000000000000
     0.000000000000000    -0.000000000000000    -0.196054822936031
24 11
     0.154965025449283     0.000000000000000    -0.000000000000000
    -0.000000000000000     0.116578900522404    -0.000000000000000
     0.000000000000000     0.000000000000000    -0.196054822936031
24 12
    -1.819994237110349    -0.552179713377974     1.409742448097547
    -0.552179713377974    -1.819994237110349     1.409742448097547
     1.409742448097547     1.409742448097547    -2.557994465256967
24 13
     0.323923684039229    -0.000000000000000     0.000000000000000
    -0.000000000000000     0.323923684039229    -0.000000000000000
     0.000000000000000    -0.000000000000000    -0.369051744129057
24 14
    -1.819994237110349     0.552179713377974    -1.409742448097547
     0.552179713377974    -1.819994237110349     1.409742448097547
    -1.409742448097547     1.409742448097547    -2.557994465256967
24 15
    -1.819994237110349     0.552179713377974     1.409742448097547
     0.552179713377974    -1.819994237110349    -1.409742448097547
     1.409742448097547    -1.409742448097547    -2.557994465256967
24 16
    -0.884862478345865     0.000000000000000    -0.000000000000000
    -0.000000000000000    -0.884862478345865    -0.000000000000000
     0.000000000000000     0.000000000000000    -1.320388139800144
24 17
    -0.036230812377697    -0.016862578938984     0.062414998390341
    -0.016862578938984    -0.036230812377697     0.062414998390341
     0.062414998390341     0.062414998390341     0.035437014754467
24 18
    -3.956700790505208     0.000000000000000    -0.000000000000000
    -0.000000000000000     0.560952098431345    -0.000000000000000
     0.000000000000000     0.000000000000000     0.070689893097808
24 19
     0.560952098431345     0.000000000000000    -0.000000000000000
    -0.000000000000000    -3.956700790505208    -0.000000000000000
     0.000000000000000    -0.000000000000000     0.070689893097808
24 20
    -0.036230812377697    -0.016862578938984    -0.062414998390341
    -0.016862578938984    -0.036230812377697    -0.062414998390341
    -0.062414998390341    -0.062414998390341     0.035437014754466
24 21
    -1.296491564532537    -0.000000000000000     0.000000000000000
    -0.000000000000000    -1.296491564532537    -0.000000000000000
     0.000000000000000     0.000000000000000     2.143580108604504
24 22
    -0.036230812377697     0.016862578938984     0.062414998390341
     0.016862578938984    -0.036230812377697    -0.062414998390341
     0.062414998390341    -0.062414998390341     0.035437014754466
24 23
    -0.036230812377697     0.016862578938984    -0.062414998390341
     0.016862578938984    -0.036230812377697     0.062414998390341
    -0.062414998390341     0.062414998390341     0.035437014754466
24 24
    16.251371662506553    -0.000000000000000     0.000000000000000
    -0.000000000000000    16.251371662506553     0.000000000000000
     0.000000000000000     0.000000000000000    14.224327659575415