  24   24
1 1
    19.313707971716994    -0.001885577106453    -0.007210255056270
    -0.001885577106453    19.317730858301093    -0.001519097571433
    -0.007210255056270    -0.001519097571433    12.228634768964337
1 2
    -1.133995079095300    -0.000300520576705     0.000067361357480
    -0.000300520576705     0.228828752343379     0.000056285132306
     0.000067361357480     0.000056285132306    -0.092572607816333
1 3
    -0.112540944855534    -0.589715208158067     0.000047136319738
    -0.589715208158067    -0.792925404112424     0.000038813599905
     0.000047136319738     0.000038813599905    -0.093015074048019
1 4
    -0.112577204603566     0.589623201937534    -0.000108664170799
     0.589623201937534    -0.792818165882599    -0.000081051036864
    -0.000108664170799    -0.000081051036864    -0.093306537137681
1 5
     0.037680956112203    -0.000061885481779     0.000083434711121
    -0.000061885481779     0.038178963925720    -0.000028046696513
     0.000083434711121    -0.000028046696513    -0.053850580951174
1 6
    -0.079697575752281     0.000010790241427     0.000043459931730
     0.000010790241427     0.067916652012799     0.000273945976962
     0.000043459931730     0.000273945976962    -0.064039129137162
1 7
     0.030855255735518    -0.063943969597215     0.000257886212530
    -0.063943969597215    -0.043081688279577    -0.000077121771608
     0.000257886212530    -0.000077121771608    -0.063792648580054
1 8
     0.030945085153582     0.064009421719983    -0.000353222426333
     0.064009421719983    -0.043175799404494    -0.000173033102751
    -0.000353222426333    -0.000173033102751    -0.063633436425130
1 9
    -4.961797818760896    -2.388276817530856    -0.000950649192499
    -2.387283419510423    -2.206792638670913    -0.000558847276514
    -0.001394911184218    -0.000796562505935    -0.586236379162085
1 10
    -4.962405017320412     2.388425174887605     0.003516303426744
     2.386840459923776    -2.207420267083267    -0.002062800708010
     0.003434903587385    -0.002188805009865    -0.585649528560278
1 11
    -0.828253098720350     0.001018748978165    -0.000030257650720
     0.001512753650032    -6.336961178837203     0.003098134356725
    -0.000156522788623     0.003207252163329    -0.584978839284565
1 12
     0.053463184218924    -0.000219623088488    -0.000063824534353
    -0.000130448871638     0.053966938732818    -0.000015097497360
    -0.000187285213831    -0.000055753799172    -0.063894530113878
1 13
     0.073667475923529     0.002588572715344     0.000095814810716
     0.002564112672829     0.070611710223146     0.000094482992646
     0.000521572662392     0.000379434726828    -0.043504482815510
1 14
     0.073659947536638    -0.002586096150651    -0.000042988018035
    -0.002561332718428     0.070690540099111    -0.000089768433371
    -0.000363966205307     0.000130897680553    -0.043520262873605
1 15
     0.069169424858152     0.000079908306749    -0.000135993419264
    -0.000010663626699     0.075130832420964    -0.000020350080341
    -0.000163459235140    -0.000378257620776    -0.043587262258233
1 16
    -0.110207303485850    -0.000001348373955     0.000037068378174
     0.000086545307682    -0.110648411092090     0.000061454256073
    -0.000068425750946     0.000036221566586    -0.096167589023527
1 17
     0.345401408348617     0.001069112875072    -0.000953805808923
     0.001338232256776    -2.372002801281008     2.299909290650860
    -0.000909690899043     1.965078157730916    -1.634478759720051
1 18
    -0.657189033732008    -0.000557646965835     0.000490074540512
    -0.000542564227047    -0.655859040698255     0.000578704020415
     0.000989806565334     0.001511926934339     0.070075222573372
1 19
    -1.690150574382617    -1.175688555042998    -1.986530879806346
    -1.175366472085780    -0.334277793682806    -1.147365024400832
    -1.697023086294959    -0.980540789202727    -1.628364123416738
1 20
    -1.690831666694397     1.176995184447188     1.990309901739032
     1.176393421706225    -0.334920583678517    -1.150037848402828
     1.700472178793152    -0.983073244334986    -1.633820931894783
1 21
     0.346317319461137    -0.000022732968765    -0.000314673052343
     0.000151062580724    -2.370347439390342    -2.297626084122715
     0.000085663093833    -1.964778693756484    -1.633858780303654
1 22
    -0.656221427999088     0.000034516463584     0.000098906428860
     0.000045960636510    -0.655128287599274    -0.000366168094339
    -0.000154599924611    -0.001325701637839     0.067713421682543
1 23
    -1.689471935365879    -1.176449009453449     1.988560870797440
    -1.176089420899538    -0.333563964701639     1.148914678094939
     1.700705892462686     0.982960807492558    -1.633842438508037
1 24
    -1.689529348297114     1.175854357922564    -1.986913005518192
     1.175315520226274    -0.333131783664621     1.146994550114646
    -1.698615206547301     0.981342415042672    -1.630309491189756
2 1
    -1.133995079095300    -0.000300520576705     0.000067361357480
    -0.000300520576705     0.228828752343379     0.000056285132306
     0.000067361357480     0.000056285132306    -0.092572607816333
2 2
    19.313707971716994    -0.001885577106453    -0.007210255056270
    -0.001885577106453    19.317730858301093    -0.001519097571434
    -0.007210255056270    -0.001519097571434    12.228634768964337
2 3
    -0.112577204603566     0.589623201937534    -0.000108664170799
     0.589623201937534    -0.792818165882599    -0.000081051036864
    -0.000108664170799    -0.000081051036864    -0.093306537137681
2 4
    -0.112540944855534    -0.589715208158067     0.000047136319738
    -0.589715208158067    -0.792925404112424     0.000038813599905
     0.000047136319738     0.000038813599905    -0.093015074048019
2 5
    -0.079697575752281     0.000010790241427     0.000043459931730
     0.000010790241427     0.067916652012799     0.000273945976962
     0.000043459931730     0.000273945976962    -0.064039129137162
2 6
     0.037680956112203    -0.000061885481779     0.000083434711121
    -0.000061885481779     0.038178963925720    -0.000028046696513
     0.000083434711121    -0.000028046696513    -0.053850580951174
2 7
     0.030945085153582     0.064009421719983    -0.000353222426333
     0.064009421719983    -0.043175799404494    -0.000173033102751
    -0.000353222426333    -0.000173033102751    -0.063633436425130
2 8
     0.030855255735518    -0.063943969597215     0.000257886212530
    -0.063943969597215    -0.043081688279577    -0.000077121771608
     0.000257886212530    -0.000077121771608    -0.063792648580053
2 9
    -4.962405017320412     2.388425174887605     0.003516303426744
     2.386840459923776    -2.207420267083267    -0.002062800708010
     0.003434903587385    -0.002188805009865    -0.585649528560278
2 10
    -4.961797818760896    -2.388276817530856    -0.000950649192499
    -2.387283419510423    -2.206792638670914    -0.000558847276514
    -0.001394911184218    -0.000796562505935    -0.586236379162085
2 11
     0.053463184218924    -0.000219623088488    -0.000063824534353
    -0.000130448871638     0.053966938732818    -0.000015097497360
    -0.000187285213831    -0.000055753799172    -0.063894530113878
2 12
    -0.828253098720350     0.001018748978165    -0.000030257650720
     0.001512753650032    -6.336961178837203     0.003098134356725
    -0.000156522788623     0.003207252163329    -0.584978839284566
2 13
     0.073659947536638    -0.002586096150651    -0.000042988018035
    -0.002561332718428     0.070690540099111    -0.000089768433371
    -0.000363966205307     0.000130897680553    -0.043520262873605
2 14
     0.073667475923529     0.002588572715344     0.000095814810716
     0.002564112672829     0.070611710223146     0.000094482992646
     0.000521572662392     0.000379434726828    -0.043504482815510
2 15
    -0.110207303485850    -0.000001348373955     0.000037068378174
     0.000086545307682    -0.110648411092090     0.000061454256073
    -0.000068425750946     0.000036221566586    -0.096167589023527
2 16
     0.069169424858152     0.000079908306749    -0.000135993419264
    -0.000010663626699     0.075130832420964    -0.000020350080341
    -0.000163459235140    -0.000378257620776    -0.043587262258233
2 17
    -0.657189033732007    -0.000557646965835     0.000490074540512
    -0.000542564227047    -0.655859040698254     0.000578704020415
     0.000989806565334     0.001511926934339     0.070075222573372
2 18
     0.345401408348617     0.001069112875072    -0.000953805808923
     0.001338232256776    -2.372002801281008     2.299909290650861
    -0.000909690899043     1.965078157730916    -1.634478759720051
2 19
    -1.690831666694397     1.176995184447188     1.990309901739032
     1.176393421706225    -0.334920583678517    -1.150037848402828
     1.700472178793152    -0.983073244334986    -1.633820931894783
2 20
    -1.690150574382617    -1.175688555042998    -1.986530879806346
    -1.175366472085780    -0.334277793682805    -1.147365024400832
    -1.697023086294959    -0.980540789202727    -1.628364123416738
2 21
    -0.656221427999088     0.000034516463584     0.000098906428860
     0.000045960636510    -0.655128287599274    -0.000366168094339
    -0.000154599924611    -0.001325701637839     0.067713421682543
2 22
     0.346317319461137    -0.000022732968765    -0.000314673052343
     0.000151062580724    -2.370347439390342    -2.297626084122715
     0.000085663093833    -1.964778693756484    -1.633858780303653
2 23
    -1.689529348297114     1.175854357922564    -1.986913005518192
     1.175315520226274    -0.333131783664621     1.146994550114646
    -1.698615206547301     0.981342415042672    -1.630309491189756
2 24
    -1.689471935365879    -1.176449009453449     1.988560870797439
    -1.176089420899538    -0.333563964701638     1.148914678094939
     1.700705892462686     0.982960807492558    -1.633842438508037
3 1
    -0.112540944855534    -0.589715208158067     0.000047136319738
    -0.589715208158067    -0.792925404112424     0.000038813599905
     0.000047136319738     0.000038813599905    -0.093015074048019
3 2
    -0.112577204603566     0.589623201937534    -0.000108664170799
     0.589623201937534    -0.792818165882599    -0.000081051036864
    -0.000108664170799    -0.000081051036864    -0.093306537137681
3 3
    19.313707971716994    -0.001885577106453    -0.007210255056269
    -0.001885577106453    19.317730858301097    -0.001519097571433
    -0.007210255056269    -0.001519097571433    12.228634768964339
3 4
    -1.133995079095299    -0.000300520576705     0.000067361357480
    -0.000300520576705     0.228828752343379     0.000056285132306
     0.000067361357480     0.000056285132306    -0.092572607816333
3 5
     0.030855255735518    -0.063943969597215     0.000257886212530
    -0.063943969597215    -0.043081688279577    -0.000077121771608
     0.000257886212530    -0.000077121771608    -0.063792648580053
3 6
     0.030945085153582     0.064009421719983    -0.000353222426333
     0.064009421719983    -0.043175799404494    -0.000173033102751
    -0.000353222426333    -0.000173033102751    -0.063633436425130
3 7
     0.037680956112203    -0.000061885481779     0.000083434711121
    -0.000061885481779     0.038178963925720    -0.000028046696513
     0.000083434711121    -0.000028046696513    -0.053850580951174
3 8
    -0.079697575752281     0.000010790241427     0.000043459931730
     0.000010790241427     0.067916652012799     0.000273945976962
     0.000043459931730     0.000273945976962    -0.064039129137162
3 9
    -0.828253098720349     0.001018748978165    -0.000030257650720
     0.001512753650032    -6.336961178837203     0.003098134356725
    -0.000156522788623     0.003207252163329    -0.584978839284566
3 10
     0.053463184218924    -0.000219623088488    -0.000063824534353
    -0.000130448871638     0.053966938732818    -0.000015097497360
    -0.000187285213831    -0.000055753799172    -0.063894530113878
3 11
    -4.961797818760896    -2.388276817530856    -0.000950649192499
    -2.387283419510423    -2.206792638670914    -0.000558847276514
    -0.001394911184218    -0.000796562505935    -0.586236379162085
3 12
    -4.962405017320412     2.388425174887605     0.003516303426744
     2.386840459923776    -2.207420267083267    -0.002062800708010
     0.003434903587385    -0.002188805009865    -0.585649528560278
3 13
     0.069169424858152     0.000079908306749    -0.000135993419264
    -0.000010663626699     0.075130832420964    -0.000020350080341
    -0.000163459235140    -0.000378257620776    -0.043587262258233
3 14
    -0.110207303485850    -0.000001348373955     0.000037068378174
     0.000086545307682    -0.110648411092090     0.000061454256073
    -0.000068425750946     0.000036221566586    -0.096167589023527
3 15
     0.073667475923529     0.002588572715344     0.000095814810716
     0.002564112672829     0.070611710223146     0.000094482992646
     0.000521572662392     0.000379434726828    -0.043504482815510
3 16
     0.073659947536638    -0.002586096150651    -0.000042988018035
    -0.002561332718428     0.070690540099111    -0.000089768433371
    -0.000363966205307     0.000130897680553    -0.043520262873605
3 17
    -1.690150574382617    -1.175688555042998    -1.986530879806346
    -1.175366472085780    -0.334277793682805    -1.147365024400832
    -1.697023086294959    -0.980540789202727    -1.628364123416738
3 18
    -1.690831666694397     1.176995184447188     1.990309901739032
     1.176393421706225    -0.334920583678517    -1.150037848402828
     1.700472178793151    -0.983073244334986    -1.633820931894783
3 19
     0.345401408348617     0.001069112875072    -0.000953805808923
     0.001338232256776    -2.372002801281008     2.299909290650860
    -0.000909690899043     1.965078157730916    -1.634478759720051
3 20
    -0.657189033732007    -0.000557646965835     0.000490074540512
    -0.000542564227047    -0.655859040698255     0.000578704020415
     0.000989806565334     0.001511926934339     0.070075222573372
3 21
    -1.689471935365879    -1.176449009453449     1.988560870797439
    -1.176089420899538    -0.333563964701639     1.148914678094939
     1.700705892462686     0.982960807492558    -1.633842438508037
3 22
    -1.689529348297114     1.175854357922564    -1.986913005518192
     1.175315520226274    -0.333131783664621     1.146994550114646
    -1.698615206547301     0.981342415042672    -1.630309491189756
3 23
     0.346317319461137    -0.000022732968765    -0.000314673052343
     0.000151062580724    -2.370347439390342    -2.297626084122715
     0.000085663093833    -1.964778693756484    -1.633858780303654
3 24
    -0.656221427999088     0.000034516463585     0.000098906428860
     0.000045960636510    -0.655128287599274    -0.000366168094339
    -0.000154599924611    -0.001325701637839     0.067713421682543
4 1
    -0.112577204603566     0.589623201937534    -0.000108664170799
     0.589623201937534    -0.792818165882599    -0.000081051036864
    -0.000108664170799    -0.000081051036864    -0.093306537137681
4 2
    -0.112540944855534    -0.589715208158067     0.000047136319738
    -0.589715208158067    -0.792925404112424     0.000038813599905
     0.000047136319738     0.000038813599905    -0.093015074048019
4 3
    -1.133995079095299    -0.000300520576705     0.000067361357480
    -0.000300520576705     0.228828752343379     0.000056285132306
     0.000067361357480     0.000056285132306    -0.092572607816333
4 4
    19.313707971716994    -0.001885577106453    -0.007210255056270
    -0.001885577106453    19.317730858301093    -0.001519097571433
    -0.007210255056270    -0.001519097571433    12.228634768964335
4 5
     0.030945085153582     0.064009421719983    -0.000353222426333
     0.064009421719983    -0.043175799404494    -0.000173033102751
    -0.000353222426333    -0.000173033102751    -0.063633436425130
4 6
     0.030855255735518    -0.063943969597215     0.000257886212530
    -0.063943969597215    -0.043081688279577    -0.000077121771608
     0.000257886212530    -0.000077121771608    -0.063792648580053
4 7
    -0.079697575752281     0.000010790241427     0.000043459931730
     0.000010790241427     0.067916652012799     0.000273945976962
     0.000043459931730     0.000273945976962    -0.064039129137162
4 8
     0.037680956112203    -0.000061885481779     0.000083434711121
    -0.000061885481779     0.038178963925720    -0.000028046696513
     0.000083434711121    -0.000028046696513    -0.053850580951174
4 9
     0.053463184218924    -0.000219623088488    -0.000063824534353
    -0.000130448871638     0.053966938732818    -0.000015097497360
    -0.000187285213831    -0.000055753799172    -0.063894530113878
4 10
    -0.828253098720349     0.001018748978165    -0.000030257650720
     0.001512753650032    -6.336961178837203     0.003098134356725
    -0.000156522788623     0.003207252163329    -0.584978839284565
4 11
    -4.962405017320412     2.388425174887605     0.003516303426744
     2.386840459923776    -2.207420267083267    -0.002062800708010
     0.003434903587385    -0.002188805009865    -0.585649528560278
4 12
    -4.961797818760896    -2.388276817530856    -0.000950649192499
    -2.387283419510423    -2.206792638670914    -0.000558847276514
    -0.001394911184218    -0.000796562505935    -0.586236379162085
4 13
    -0.110207303485850    -0.000001348373955     0.000037068378174
     0.000086545307682    -0.110648411092090     0.000061454256073
    -0.000068425750946     0.000036221566586    -0.096167589023527
4 14
     0.069169424858152     0.000079908306749    -0.000135993419264
    -0.000010663626699     0.075130832420964    -0.000020350080341
    -0.000163459235140    -0.000378257620776    -0.043587262258233
4 15
     0.073659947536638    -0.002586096150651    -0.000042988018035
    -0.002561332718428     0.070690540099111    -0.000089768433371
    -0.000363966205307     0.000130897680553    -0.043520262873605
4 16
     0.073667475923529     0.002588572715344     0.000095814810716
     0.002564112672829     0.070611710223146     0.000094482992646
     0.000521572662392     0.000379434726828    -0.043504482815510
4 17
    -1.690831666694397     1.176995184447188     1.990309901739032
     1.176393421706225    -0.334920583678517    -1.150037848402828
     1.700472178793152    -0.983073244334986    -1.633820931894783
4 18
    -1.690150574382617    -1.175688555042998    -1.986530879806346
    -1.175366472085780    -0.334277793682805    -1.147365024400832
    -1.697023086294959    -0.980540789202727    -1.628364123416738
4 19
    -0.657189033732007    -0.000557646965835     0.000490074540512
    -0.000542564227047    -0.655859040698255     0.000578704020415
     0.000989806565334     0.001511926934339     0.070075222573372
4 20
     0.345401408348617     0.001069112875072    -0.000953805808923
     0.001338232256776    -2.372002801281008     2.299909290650860
    -0.000909690899043     1.965078157730916    -1.634478759720051
4 21
    -1.689529348297114     1.175854357922564    -1.986913005518192
     1.175315520226274    -0.333131783664621     1.146994550114646
    -1.698615206547301     0.981342415042672    -1.630309491189756
4 22
    -1.689471935365879    -1.176449009453449     1.988560870797439
    -1.176089420899538    -0.333563964701639     1.148914678094939
     1.700705892462686     0.982960807492558    -1.633842438508037
4 23
    -0.656221427999088     0.000034516463585     0.000098906428860
     0.000045960636510    -0.655128287599275    -0.000366168094339
    -0.000154599924611    -0.001325701637839     0.067713421682543
4 24
     0.346317319461137    -0.000022732968765    -0.000314673052343
     0.000151062580724    -2.370347439390342    -2.297626084122715
     0.000085663093833    -1.964778693756484    -1.633858780303653
5 1
     0.037680956112203    -0.000061885481779     0.000083434711121
    -0.000061885481779     0.038178963925720    -0.000028046696513
     0.000083434711121    -0.000028046696513    -0.053850580951174
5 2
    -0.079697575752281     0.000010790241427     0.000043459931730
     0.000010790241427     0.067916652012799     0.000273945976962
     0.000043459931730     0.000273945976962    -0.064039129137162
5 3
     0.030855255735518    -0.063943969597215     0.000257886212530
    -0.063943969597215    -0.043081688279577    -0.000077121771608
     0.000257886212530    -0.000077121771608    -0.063792648580053
5 4
     0.030945085153582     0.064009421719983    -0.000353222426333
     0.064009421719983    -0.043175799404494    -0.000173033102751
    -0.000353222426333    -0.000173033102751    -0.063633436425130
5 5
    19.313707971716994    -0.001885577106453    -0.007210255056270
    -0.001885577106453    19.317730858301090    -0.001519097571433
    -0.007210255056270    -0.001519097571433    12.228634768964334
5 6
    -1.133995079095300    -0.000300520576705     0.000067361357480
    -0.000300520576705     0.228828752343379     0.000056285132306
     0.000067361357480     0.000056285132306    -0.092572607816333
5 7
    -0.112540944855533    -0.589715208158067     0.000047136319738
    -0.589715208158067    -0.792925404112424     0.000038813599905
     0.000047136319738     0.000038813599905    -0.093015074048019
5 8
    -0.112577204603566     0.589623201937534    -0.000108664170799
     0.589623201937534    -0.792818165882599    -0.000081051036864
    -0.000108664170799    -0.000081051036864    -0.093306537137681
5 9
     0.073667475923529     0.002588572715344     0.000095814810716
     0.002564112672829     0.070611710223146     0.000094482992646
     0.000521572662392     0.000379434726828    -0.043504482815510
5 10
     0.073659947536638    -0.002586096150651    -0.000042988018035
    -0.002561332718428     0.070690540099111    -0.000089768433371
    -0.000363966205307     0.000130897680553    -0.043520262873605
5 11
     0.069169424858152     0.000079908306749    -0.000135993419264
    -0.000010663626699     0.075130832420964    -0.000020350080341
    -0.000163459235140    -0.000378257620776    -0.043587262258233
5 12
    -0.110207303485850    -0.000001348373955     0.000037068378174
     0.000086545307682    -0.110648411092090     0.000061454256073
    -0.000068425750946     0.000036221566586    -0.096167589023527
5 13
    -4.961797818760896    -2.388276817530856    -0.000950649192499
    -2.387283419510423    -2.206792638670914    -0.000558847276514
    -0.001394911184218    -0.000796562505935    -0.586236379162085
5 14
    -4.962405017320412     2.388425174887605     0.003516303426744
     2.386840459923776    -2.207420267083267    -0.002062800708010
     0.003434903587385    -0.002188805009865    -0.585649528560278
5 15
    -0.828253098720350     0.001018748978165    -0.000030257650720
     0.001512753650032    -6.336961178837203     0.003098134356725
    -0.000156522788623     0.003207252163329    -0.584978839284566
5 16
     0.053463184218924    -0.000219623088488    -0.000063824534353
    -0.000130448871638     0.053966938732818    -0.000015097497360
    -0.000187285213831    -0.000055753799172    -0.063894530113878
5 17
     0.346317319461137    -0.000022732968765    -0.000314673052343
     0.000151062580724    -2.370347439390342    -2.297626084122715
     0.000085663093833    -1.964778693756484    -1.633858780303654
5 18
    -0.656221427999088     0.000034516463584     0.000098906428860
     0.000045960636510    -0.655128287599275    -0.000366168094339
    -0.000154599924611    -0.001325701637839     0.067713421682543
5 19
    -1.689471935365880    -1.176449009453449     1.988560870797439
    -1.176089420899538    -0.333563964701639     1.148914678094939
     1.700705892462686     0.982960807492558    -1.633842438508037
5 20
    -1.689529348297114     1.175854357922564    -1.986913005518192
     1.175315520226274    -0.333131783664621     1.146994550114646
    -1.698615206547301     0.981342415042672    -1.630309491189756
5 21
     0.345401408348617     0.001069112875072    -0.000953805808923
     0.001338232256776    -2.372002801281008     2.299909290650860
    -0.000909690899043     1.965078157730916    -1.634478759720051
5 22
    -0.657189033732007    -0.000557646965835     0.000490074540512
    -0.000542564227047    -0.655859040698255     0.000578704020415
     0.000989806565334     0.001511926934339     0.070075222573372
5 23
    -1.690150574382617    -1.175688555042998    -1.986530879806346
    -1.175366472085780    -0.334277793682805    -1.147365024400832
    -1.697023086294959    -0.980540789202727    -1.628364123416738
5 24
    -1.690831666694397     1.176995184447188     1.990309901739032
     1.176393421706225    -0.334920583678517    -1.150037848402828
     1.700472178793152    -0.983073244334986    -1.633820931894783
6 1
    -0.079697575752281     0.000010790241427     0.000043459931730
     0.000010790241427     0.067916652012799     0.000273945976962
     0.000043459931730     0.000273945976962    -0.064039129137162
6 2
     0.037680956112203    -0.000061885481779     0.000083434711121
    -0.000061885481779     0.038178963925720    -0.000028046696513
     0.000083434711121    -0.000028046696513    -0.053850580951174
6 3
     0.030945085153582     0.064009421719983    -0.000353222426333
     0.064009421719983    -0.043175799404494    -0.000173033102751
    -0.000353222426333    -0.000173033102751    -0.063633436425130
6 4
     0.030855255735518    -0.063943969597215     0.000257886212530
    -0.063943969597215    -0.043081688279577    -0.000077121771608
     0.000257886212530    -0.000077121771608    -0.063792648580053
6 5
    -1.133995079095300    -0.000300520576705     0.000067361357480
    -0.000300520576705     0.228828752343379     0.000056285132306
     0.000067361357480     0.000056285132306    -0.092572607816333
6 6
    19.313707971716990    -0.001885577106453    -0.007210255056270
    -0.001885577106453    19.317730858301093    -0.001519097571434
    -0.007210255056270    -0.001519097571434    12.228634768964337
6 7
    -0.112577204603566     0.589623201937534    -0.000108664170799
     0.589623201937534    -0.792818165882599    -0.000081051036864
    -0.000108664170799    -0.000081051036864    -0.093306537137681
6 8
    -0.112540944855533    -0.589715208158067     0.000047136319738
    -0.589715208158067    -0.792925404112424     0.000038813599905
     0.000047136319738     0.000038813599905    -0.093015074048019
6 9
     0.073659947536638    -0.002586096150651    -0.000042988018035
    -0.002561332718428     0.070690540099111    -0.000089768433371
    -0.000363966205307     0.000130897680553    -0.043520262873605
6 10
     0.073667475923529     0.002588572715344     0.000095814810716
     0.002564112672829     0.070611710223146     0.000094482992646
     0.000521572662392     0.000379434726828    -0.043504482815510
6 11
    -0.110207303485850    -0.000001348373955     0.000037068378174
     0.000086545307682    -0.110648411092090     0.000061454256073
    -0.000068425750946     0.000036221566586    -0.096167589023527
6 12
     0.069169424858152     0.000079908306749    -0.000135993419264
    -0.000010663626699     0.075130832420964    -0.000020350080341
    -0.000163459235140    -0.000378257620776    -0.043587262258233
6 13
    -4.962405017320412     2.388425174887605     0.003516303426744
     2.386840459923776    -2.207420267083267    -0.002062800708010
     0.003434903587385    -0.002188805009865    -0.585649528560278
6 14
    -4.961797818760896    -2.388276817530856    -0.000950649192499
    -2.387283419510423    -2.206792638670914    -0.000558847276514
    -0.001394911184218    -0.000796562505935    -0.586236379162085
6 15
     0.053463184218924    -0.000219623088488    -0.000063824534353
    -0.000130448871638     0.053966938732818    -0.000015097497360
    -0.000187285213831    -0.000055753799172    -0.063894530113878
6 16
    -0.828253098720350     0.001018748978165    -0.000030257650720
     0.001512753650032    -6.336961178837203     0.003098134356725
    -0.000156522788623     0.003207252163329    -0.584978839284566
6 17
    -0.656221427999088     0.000034516463584     0.000098906428860
     0.000045960636510    -0.655128287599275    -0.000366168094339
    -0.000154599924611    -0.001325701637839     0.067713421682543
6 18
     0.346317319461137    -0.000022732968765    -0.000314673052343
     0.000151062580724    -2.370347439390342    -2.297626084122715
     0.000085663093833    -1.964778693756484    -1.633858780303653
6 19
    -1.689529348297114     1.175854357922564    -1.986913005518192
     1.175315520226274    -0.333131783664621     1.146994550114646
    -1.698615206547301     0.981342415042672    -1.630309491189756
6 20
    -1.689471935365879    -1.176449009453449     1.988560870797439
    -1.176089420899538    -0.333563964701639     1.148914678094939
     1.700705892462686     0.982960807492558    -1.633842438508037
6 21
    -0.657189033732007    -0.000557646965835     0.000490074540512
    -0.000542564227047    -0.655859040698255     0.000578704020415
     0.000989806565334     0.001511926934339     0.070075222573372
6 22
     0.345401408348617     0.001069112875072    -0.000953805808923
     0.001338232256776    -2.372002801281008     2.299909290650860
    -0.000909690899043     1.965078157730916    -1.634478759720051
6 23
    -1.690831666694397     1.176995184447188     1.990309901739032
     1.176393421706225    -0.334920583678517    -1.150037848402828
     1.700472178793152    -0.983073244334986    -1.633820931894783
6 24
    -1.690150574382617    -1.175688555042998    -1.986530879806346
    -1.175366472085780    -0.334277793682805    -1.147365024400832
    -1.697023086294959    -0.980540789202727    -1.628364123416738
7 1
     0.030855255735518    -0.063943969597215     0.000257886212530
    -0.063943969597215    -0.043081688279577    -0.000077121771608
     0.000257886212530    -0.000077121771608    -0.063792648580054
7 2
     0.030945085153582     0.064009421719983    -0.000353222426333
     0.064009421719983    -0.043175799404494    -0.000173033102751
    -0.000353222426333    -0.000173033102751    -0.063633436425130
7 3
     0.037680956112203    -0.000061885481779     0.000083434711121
    -0.000061885481779     0.038178963925720    -0.000028046696513
     0.000083434711121    -0.000028046696513    -0.053850580951174
7 4
    -0.079697575752281     0.000010790241427     0.000043459931730
     0.000010790241427     0.067916652012799     0.000273945976962
     0.000043459931730     0.000273945976962    -0.064039129137162
7 5
    -0.112540944855533    -0.589715208158067     0.000047136319738
    -0.589715208158067    -0.792925404112424     0.000038813599905
     0.000047136319738     0.000038813599905    -0.093015074048019
7 6
    -0.112577204603566     0.589623201937534    -0.000108664170799
     0.589623201937534    -0.792818165882599    -0.000081051036864
    -0.000108664170799    -0.000081051036864    -0.093306537137681
7 7
    19.313707971716987    -0.001885577106453    -0.007210255056269
    -0.001885577106453    19.317730858301097    -0.001519097571434
    -0.007210255056269    -0.001519097571434    12.228634768964337
7 8
    -1.133995079095299    -0.000300520576705     0.000067361357480
    -0.000300520576705     0.228828752343379     0.000056285132306
     0.000067361357480     0.000056285132306    -0.092572607816333
7 9
     0.069169424858152     0.000079908306749    -0.000135993419264
    -0.000010663626699     0.075130832420964    -0.000020350080341
    -0.000163459235140    -0.000378257620776    -0.043587262258233
7 10
    -0.110207303485850    -0.000001348373955     0.000037068378174
     0.000086545307682    -0.110648411092090     0.000061454256073
    -0.000068425750946     0.000036221566586    -0.096167589023527
7 11
     0.073667475923529     0.002588572715344     0.000095814810716
     0.002564112672829     0.070611710223146     0.000094482992646
     0.000521572662392     0.000379434726828    -0.043504482815510
7 12
     0.073659947536638    -0.002586096150651    -0.000042988018035
    -0.002561332718428     0.070690540099111    -0.000089768433371
    -0.000363966205307     0.000130897680553    -0.043520262873605
7 13
    -0.828253098720350     0.001018748978165    -0.000030257650720
     0.001512753650032    -6.336961178837203     0.003098134356725
    -0.000156522788623     0.003207252163329    -0.584978839284566
7 14
     0.053463184218924    -0.000219623088488    -0.000063824534353
    -0.000130448871638     0.053966938732818    -0.000015097497360
    -0.000187285213831    -0.000055753799172    -0.063894530113878
7 15
    -4.961797818760896    -2.388276817530856    -0.000950649192499
    -2.387283419510423    -2.206792638670914    -0.000558847276514
    -0.001394911184218    -0.000796562505935    -0.586236379162085
7 16
    -4.962405017320412     2.388425174887605     0.003516303426744
     2.386840459923776    -2.207420267083267    -0.002062800708010
     0.003434903587385    -0.002188805009865    -0.585649528560278
7 17
    -1.689471935365879    -1.176449009453449     1.988560870797439
    -1.176089420899538    -0.333563964701639     1.148914678094939
     1.700705892462686     0.982960807492558    -1.633842438508037
7 18
    -1.689529348297114     1.175854357922564    -1.986913005518192
     1.175315520226274    -0.333131783664621     1.146994550114646
    -1.698615206547301     0.981342415042672    -1.630309491189756
7 19
     0.346317319461137    -0.000022732968765    -0.000314673052343
     0.000151062580724    -2.370347439390343    -2.297626084122715
     0.000085663093833    -1.964778693756484    -1.633858780303653
7 20
    -0.656221427999088     0.000034516463585     0.000098906428860
     0.000045960636510    -0.655128287599275    -0.000366168094339
    -0.000154599924611    -0.001325701637839     0.067713421682543
7 21
    -1.690150574382617    -1.175688555042998    -1.986530879806346
    -1.175366472085780    -0.334277793682805    -1.147365024400832
    -1.697023086294959    -0.980540789202727    -1.628364123416738
7 22
    -1.690831666694397     1.176995184447188     1.990309901739032
     1.176393421706225    -0.334920583678517    -1.150037848402828
     1.700472178793151    -0.983073244334986    -1.633820931894783
7 23
     0.345401408348617     0.001069112875072    -0.000953805808923
     0.001338232256776    -2.372002801281008     2.299909290650861
    -0.000909690899043     1.965078157730917    -1.634478759720051
7 24
    -0.657189033732008    -0.000557646965835     0.000490074540512
    -0.000542564227047    -0.655859040698255     0.000578704020415
     0.000989806565334     0.001511926934339     0.070075222573372
8 1
     0.030945085153582     0.064009421719983    -0.000353222426333
     0.064009421719983    -0.043175799404494    -0.000173033102751
    -0.000353222426333    -0.000173033102751    -0.063633436425130
8 2
     0.030855255735518    -0.063943969597215     0.000257886212530
    -0.063943969597215    -0.043081688279577    -0.000077121771608
     0.000257886212530    -0.000077121771608    -0.063792648580053
8 3
    -0.079697575752281     0.000010790241427     0.000043459931730
     0.000010790241427     0.067916652012799     0.000273945976962
     0.000043459931730     0.000273945976962    -0.064039129137162
8 4
     0.037680956112203    -0.000061885481779     0.000083434711121
    -0.000061885481779     0.038178963925720    -0.000028046696513
     0.000083434711121    -0.000028046696513    -0.053850580951174
8 5
    -0.112577204603566     0.589623201937534    -0.000108664170799
     0.589623201937534    -0.792818165882599    -0.000081051036864
    -0.000108664170799    -0.000081051036864    -0.093306537137681
8 6
    -0.112540944855533    -0.589715208158067     0.000047136319738
    -0.589715208158067    -0.792925404112424     0.000038813599905
     0.000047136319738     0.000038813599905    -0.093015074048019
8 7
    -1.133995079095299    -0.000300520576705     0.000067361357480
    -0.000300520576705     0.228828752343379     0.000056285132306
     0.000067361357480     0.000056285132306    -0.092572607816333
8 8
    19.313707971716990    -0.001885577106453    -0.007210255056270
    -0.001885577106453    19.317730858301097    -0.001519097571433
    -0.007210255056270    -0.001519097571433    12.228634768964337
8 9
    -0.110207303485850    -0.000001348373955     0.000037068378174
     0.000086545307682    -0.110648411092090     0.000061454256073
    -0.000068425750946     0.000036221566586    -0.096167589023527
8 10
     0.069169424858152     0.000079908306749    -0.000135993419264
    -0.000010663626699     0.075130832420964    -0.000020350080341
    -0.000163459235140    -0.000378257620776    -0.043587262258233
8 11
     0.073659947536638    -0.002586096150651    -0.000042988018035
    -0.002561332718428     0.070690540099111    -0.000089768433371
    -0.000363966205307     0.000130897680553    -0.043520262873605
8 12
     0.073667475923529     0.002588572715344     0.000095814810716
     0.002564112672829     0.070611710223146     0.000094482992646
     0.000521572662392     0.000379434726828    -0.043504482815510
8 13
     0.053463184218924    -0.000219623088488    -0.000063824534353
    -0.000130448871638     0.053966938732818    -0.000015097497360
    -0.000187285213831    -0.000055753799172    -0.063894530113878
8 14
    -0.828253098720349     0.001018748978165    -0.000030257650720
     0.001512753650032    -6.336961178837203     0.003098134356725
    -0.000156522788623     0.003207252163329    -0.584978839284566
8 15
    -4.962405017320412     2.388425174887605     0.003516303426744
     2.386840459923776    -2.207420267083267    -0.002062800708010
     0.003434903587385    -0.002188805009865    -0.585649528560278
8 16
    -4.961797818760895    -2.388276817530856    -0.000950649192499
    -2.387283419510423    -2.206792638670914    -0.000558847276514
    -0.001394911184218    -0.000796562505935    -0.586236379162085
8 17
    -1.689529348297114     1.175854357922564    -1.986913005518192
     1.175315520226274    -0.333131783664621     1.146994550114646
    -1.698615206547301     0.981342415042672    -1.630309491189756
8 18
    -1.689471935365879    -1.176449009453449     1.988560870797439
    -1.176089420899538    -0.333563964701639     1.148914678094939
     1.700705892462686     0.982960807492558    -1.633842438508037
8 19
    -0.656221427999088     0.000034516463585     0.000098906428860
     0.000045960636510    -0.655128287599275    -0.000366168094339
    -0.000154599924611    -0.001325701637839     0.067713421682543
8 20
     0.346317319461137    -0.000022732968765    -0.000314673052343
     0.000151062580724    -2.370347439390343    -2.297626084122715
     0.000085663093833    -1.964778693756484    -1.633858780303654
8 21
    -1.690831666694397     1.176995184447188     1.990309901739032
     1.176393421706225    -0.334920583678517    -1.150037848402828
     1.700472178793152    -0.983073244334986    -1.633820931894783
8 22
    -1.690150574382617    -1.175688555042998    -1.986530879806346
    -1.175366472085780    -0.334277793682805    -1.147365024400832
    -1.697023086294959    -0.980540789202727    -1.628364123416738
8 23
    -0.657189033732007    -0.000557646965835     0.000490074540512
    -0.000542564227047    -0.655859040698255     0.000578704020415
     0.000989806565334     0.001511926934339     0.070075222573372
8 24
     0.345401408348617     0.001069112875072    -0.000953805808923
     0.001338232256776    -2.372002801281008     2.299909290650861
    -0.000909690899043     1.965078157730916    -1.634478759720051
9 1
    -4.961797818760896    -2.387283419510423    -0.001394911184218
    -2.388276817530856    -2.206792638670913    -0.000796562505935
    -0.000950649192499    -0.000558847276514    -0.586236379162085
9 2
    -4.962405017320412     2.386840459923776     0.003434903587385
     2.388425174887605    -2.207420267083267    -0.002188805009865
     0.003516303426744    -0.002062800708010    -0.585649528560278
9 3
    -0.828253098720349     0.001512753650032    -0.000156522788623
     0.001018748978165    -6.336961178837203     0.003207252163329
    -0.000030257650720     0.003098134356725    -0.584978839284566
9 4
     0.053463184218924    -0.000130448871638    -0.000187285213831
    -0.000219623088488     0.053966938732818    -0.000055753799172
    -0.000063824534353    -0.000015097497360    -0.063894530113878
9 5
     0.073667475923529     0.002564112672829     0.000521572662392
     0.002588572715344     0.070611710223146     0.000379434726828
     0.000095814810716     0.000094482992646    -0.043504482815510
9 6
     0.073659947536638    -0.002561332718428    -0.000363966205307
    -0.002586096150651     0.070690540099111     0.000130897680553
    -0.000042988018035    -0.000089768433371    -0.043520262873605
9 7
     0.069169424858152    -0.000010663626699    -0.000163459235140
     0.000079908306749     0.075130832420964    -0.000378257620776
    -0.000135993419264    -0.000020350080341    -0.043587262258233
9 8
    -0.110207303485850     0.000086545307682    -0.000068425750946
    -0.000001348373955    -0.110648411092090     0.000036221566586
     0.000037068378174     0.000061454256073    -0.096167589023527
9 9
    19.460465393010200     0.003211743001435    -0.007506015678363
     0.003211743001435    19.439351537235606    -0.001544331279308
    -0.007506015678363    -0.001544331279308     7.988501509553492
9 10
    -2.222138521563926     0.000152116889631     0.000168643702204
     0.000152116889631     0.188196306063406    -0.000001527771516
     0.000168643702204    -0.000001527771516    -0.057192639105498
9 11
    -0.412055445514048    -1.042270787663073     0.000175822611591
    -1.042270787663073    -1.618484330486878     0.000001968038368
     0.000175822611591     0.000001968038368    -0.057681674964950
9 12
    -0.411846099311301     1.042134177619522    -0.000087625119604
     1.042134177619522    -1.616301134412472    -0.000156108702680
    -0.000087625119604    -0.000156108702680    -0.058138039506434
9 13
     0.099183337301270     0.000125307275304    -0.000688644673335
     0.000125307275304     0.098664854460836    -0.000092229935996
    -0.000688644673335    -0.000092229935996    -1.418324964152643
9 14
    -0.255521968023360    -0.000103426214814     0.000358940094702
    -0.000103426214814     0.306260850267467    -0.000165391986316
     0.000358940094702    -0.000165391986316    -0.221457765854148
9 15
     0.164801349120762    -0.242277432034562    -0.000158525839612
    -0.242277432034562    -0.115047899672423     0.000396484686695
    -0.000158525839612     0.000396484686695    -0.220811125305532
9 16
     0.164109598958010     0.241735795619663     0.000194619605293
     0.241735795619663    -0.114841237585633     0.000019766659984
     0.000194619605293     0.000019766659984    -0.220196198119564
9 17
    -0.708724034646737    -0.203034841210216     0.390926302737651
    -0.203666236622418    -0.943667877464200    -0.225776378511807
     0.431191986940466    -0.248671978529910    -0.607214612575052
9 18
    -0.715429781324169     0.200353374144805    -0.385692275969308
     0.200946848906128    -0.946574095644708    -0.223359959080900
    -0.425852143000126    -0.245903526481041    -0.612382991314244
9 19
    -0.505358428004126     0.000253109362592    -0.000104788907295
     0.000328740314509    -0.505583999421580    -0.000366687574164
    -0.000100516055339    -0.000853927296770    -0.012004611629912
9 20
    -1.060445856455530     0.000204353580103     0.000418492318785
     0.000169028237851    -0.585036575833961     0.456452768777546
     0.000166003337361     0.502338499843964    -0.602952822354835
9 21
    -0.717837204450816    -0.199199484524567    -0.384006049310478
    -0.200247160762018    -0.947701071913868     0.222924468619920
    -0.424825122812451     0.245260518669291    -0.614937134851301
9 22
    -0.718395247235972     0.198704335159640     0.383206632603624
     0.199048023838869    -0.947898998248755     0.221469543031304
     0.423890247097472     0.244735525660843    -0.616055002793190
9 23
    -0.506105080826331    -0.000327899083620     0.000205354374296
    -0.000254679768154    -0.506129186541551     0.000325819426970
     0.000560113224912     0.000880029968315    -0.012250395326153
9 24
    -1.061998805283663    -0.000678448748974     0.000967211578135
    -0.000060578381783    -0.593784666593852    -0.450462631599650
     0.000086742764063    -0.496750979153773    -0.609362657608354
10 1
    -4.962405017320412     2.386840459923776     0.003434903587385
     2.388425174887605    -2.207420267083267    -0.002188805009865
     0.003516303426744    -0.002062800708010    -0.585649528560278
10 2
    -4.961797818760896    -2.387283419510423    -0.001394911184218
    -2.388276817530856    -2.206792638670914    -0.000796562505935
    -0.000950649192499    -0.000558847276514    -0.586236379162085
10 3
     0.053463184218924    -0.000130448871638    -0.000187285213831
    -0.000219623088488     0.053966938732818    -0.000055753799172
    -0.000063824534353    -0.000015097497360    -0.063894530113878
10 4
    -0.828253098720349     0.001512753650032    -0.000156522788623
     0.001018748978165    -6.336961178837203     0.003207252163329
    -0.000030257650720     0.003098134356725    -0.584978839284565
10 5
     0.073659947536638    -0.002561332718428    -0.000363966205307
    -0.002586096150651     0.070690540099111     0.000130897680553
    -0.000042988018035    -0.000089768433371    -0.043520262873605
10 6
     0.073667475923529     0.002564112672829     0.000521572662392
     0.002588572715344     0.070611710223146     0.000379434726828
     0.000095814810716     0.000094482992646    -0.043504482815510
10 7
    -0.110207303485850     0.000086545307682    -0.000068425750946
    -0.000001348373955    -0.110648411092090     0.000036221566586
     0.000037068378174     0.000061454256073    -0.096167589023527
10 8
     0.069169424858152    -0.000010663626699    -0.000163459235140
     0.000079908306749     0.075130832420964    -0.000378257620776
    -0.000135993419264    -0.000020350080341    -0.043587262258233
10 9
    -2.222138521563926     0.000152116889631     0.000168643702204
     0.000152116889631     0.188196306063406    -0.000001527771516
     0.000168643702204    -0.000001527771516    -0.057192639105498
10 10
    19.460465393010203     0.003211743001435    -0.007506015678363
     0.003211743001435    19.439351537235606    -0.001544331279308
    -0.007506015678363    -0.001544331279308     7.988501509553490
10 11
    -0.411846099311301     1.042134177619522    -0.000087625119604
     1.042134177619522    -1.616301134412472    -0.000156108702680
    -0.000087625119604    -0.000156108702680    -0.058138039506434
10 12
    -0.412055445514048    -1.042270787663073     0.000175822611591
    -1.042270787663073    -1.618484330486878     0.000001968038368
     0.000175822611591     0.000001968038368    -0.057681674964950
10 13
    -0.255521968023360    -0.000103426214814     0.000358940094702
    -0.000103426214814     0.306260850267467    -0.000165391986316
     0.000358940094702    -0.000165391986316    -0.221457765854148
10 14
     0.099183337301270     0.000125307275304    -0.000688644673335
     0.000125307275304     0.098664854460836    -0.000092229935996
    -0.000688644673335    -0.000092229935996    -1.418324964152643
10 15
     0.164109598958010     0.241735795619663     0.000194619605293
     0.241735795619663    -0.114841237585633     0.000019766659984
     0.000194619605293     0.000019766659984    -0.220196198119564
10 16
     0.164801349120762    -0.242277432034562    -0.000158525839612
    -0.242277432034562    -0.115047899672423     0.000396484686695
    -0.000158525839612     0.000396484686695    -0.220811125305532
10 17
    -0.715429781324169     0.200353374144805    -0.385692275969308
     0.200946848906128    -0.946574095644708    -0.223359959080900
    -0.425852143000126    -0.245903526481041    -0.612382991314244
10 18
    -0.708724034646737    -0.203034841210216     0.390926302737651
    -0.203666236622418    -0.943667877464201    -0.225776378511807
     0.431191986940466    -0.248671978529910    -0.607214612575052
10 19
    -1.060445856455530     0.000204353580103     0.000418492318785
     0.000169028237851    -0.585036575833961     0.456452768777546
     0.000166003337361     0.502338499843964    -0.602952822354835
10 20
    -0.505358428004126     0.000253109362592    -0.000104788907295
     0.000328740314509    -0.505583999421580    -0.000366687574164
    -0.000100516055339    -0.000853927296770    -0.012004611629912
10 21
    -0.718395247235972     0.198704335159640     0.383206632603624
     0.199048023838869    -0.947898998248755     0.221469543031304
     0.423890247097472     0.244735525660843    -0.616055002793190
10 22
    -0.717837204450816    -0.199199484524567    -0.384006049310478
    -0.200247160762018    -0.947701071913867     0.222924468619921
    -0.424825122812451     0.245260518669291    -0.614937134851301
10 23
    -1.061998805283663    -0.000678448748974     0.000967211578135
    -0.000060578381783    -0.593784666593852    -0.450462631599650
     0.000086742764063    -0.496750979153773    -0.609362657608354
10 24
    -0.506105080826331    -0.000327899083620     0.000205354374296
    -0.000254679768154    -0.506129186541551     0.000325819426970
     0.000560113224912     0.000880029968315    -0.012250395326153
11 1
    -0.828253098720350     0.001512753650032    -0.000156522788623
     0.001018748978165    -6.336961178837203     0.003207252163329
    -0.000030257650720     0.003098134356725    -0.584978839284565
11 2
     0.053463184218924    -0.000130448871638    -0.000187285213831
    -0.000219623088488     0.053966938732818    -0.000055753799172
    -0.000063824534353    -0.000015097497360    -0.063894530113878
11 3
    -4.961797818760896    -2.387283419510423    -0.001394911184218
    -2.388276817530856    -2.206792638670914    -0.000796562505935
    -0.000950649192499    -0.000558847276514    -0.586236379162085
11 4
    -4.962405017320412     2.386840459923776     0.003434903587385
     2.388425174887605    -2.207420267083267    -0.002188805009865
     0.003516303426744    -0.002062800708010    -0.585649528560278
11 5
     0.069169424858152    -0.000010663626699    -0.000163459235140
     0.000079908306749     0.075130832420964    -0.000378257620776
    -0.000135993419264    -0.000020350080341    -0.043587262258233
11 6
    -0.110207303485850     0.000086545307682    -0.000068425750946
    -0.000001348373955    -0.110648411092090     0.000036221566586
     0.000037068378174     0.000061454256073    -0.096167589023527
11 7
     0.073667475923529     0.002564112672829     0.000521572662392
     0.002588572715344     0.070611710223146     0.000379434726828
     0.000095814810716     0.000094482992646    -0.043504482815510
11 8
     0.073659947536638    -0.002561332718428    -0.000363966205307
    -0.002586096150651     0.070690540099111     0.000130897680553
    -0.000042988018035    -0.000089768433371    -0.043520262873605
11 9
    -0.412055445514048    -1.042270787663073     0.000175822611591
    -1.042270787663073    -1.618484330486878     0.000001968038368
     0.000175822611591     0.000001968038368    -0.057681674964950
11 10
    -0.411846099311301     1.042134177619522    -0.000087625119604
     1.042134177619522    -1.616301134412472    -0.000156108702680
    -0.000087625119604    -0.000156108702680    -0.058138039506434
11 11
    19.460465393010203     0.003211743001435    -0.007506015678363
     0.003211743001435    19.439351537235602    -0.001544331279308
    -0.007506015678363    -0.001544331279308     7.988501509553489
11 12
    -2.222138521563925     0.000152116889631     0.000168643702204
     0.000152116889631     0.188196306063406    -0.000001527771516
     0.000168643702204    -0.000001527771516    -0.057192639105498
11 13
     0.164801349120762    -0.242277432034562    -0.000158525839612
    -0.242277432034562    -0.115047899672423     0.000396484686695
    -0.000158525839612     0.000396484686695    -0.220811125305532
11 14
     0.164109598958010     0.241735795619663     0.000194619605293
     0.241735795619663    -0.114841237585633     0.000019766659984
     0.000194619605293     0.000019766659984    -0.220196198119564
11 15
     0.099183337301270     0.000125307275304    -0.000688644673335
     0.000125307275304     0.098664854460836    -0.000092229935996
    -0.000688644673335    -0.000092229935996    -1.418324964152643
11 16
    -0.255521968023360    -0.000103426214814     0.000358940094702
    -0.000103426214814     0.306260850267467    -0.000165391986316
     0.000358940094702    -0.000165391986316    -0.221457765854148
11 17
    -0.505358428004126     0.000253109362592    -0.000104788907295
     0.000328740314509    -0.505583999421580    -0.000366687574164
    -0.000100516055339    -0.000853927296770    -0.012004611629912
11 18
    -1.060445856455530     0.000204353580103     0.000418492318785
     0.000169028237851    -0.585036575833961     0.456452768777546
     0.000166003337361     0.502338499843964    -0.602952822354834
11 19
    -0.708724034646737    -0.203034841210216     0.390926302737651
    -0.203666236622418    -0.943667877464201    -0.225776378511807
     0.431191986940466    -0.248671978529910    -0.607214612575052
11 20
    -0.715429781324169     0.200353374144805    -0.385692275969308
     0.200946848906128    -0.946574095644708    -0.223359959080900
    -0.425852143000126    -0.245903526481041    -0.612382991314243
11 21
    -0.506105080826331    -0.000327899083620     0.000205354374296
    -0.000254679768154    -0.506129186541551     0.000325819426970
     0.000560113224912     0.000880029968315    -0.012250395326153
11 22
    -1.061998805283663    -0.000678448748974     0.000967211578135
    -0.000060578381783    -0.593784666593852    -0.450462631599650
     0.000086742764063    -0.496750979153773    -0.609362657608354
11 23
    -0.717837204450816    -0.199199484524567    -0.384006049310478
    -0.200247160762018    -0.947701071913868     0.222924468619920
    -0.424825122812451     0.245260518669291    -0.614937134851301
11 24
    -0.718395247235972     0.198704335159640     0.383206632603624
     0.199048023838869    -0.947898998248755     0.221469543031304
     0.423890247097472     0.244735525660843    -0.616055002793190
12 1
     0.053463184218924    -0.000130448871638    -0.000187285213831
    -0.000219623088488     0.053966938732818    -0.000055753799172
    -0.000063824534353    -0.000015097497360    -0.063894530113878
12 2
    -0.828253098720350     0.001512753650032    -0.000156522788623
     0.001018748978165    -6.336961178837203     0.003207252163329
    -0.000030257650720     0.003098134356725    -0.584978839284566
12 3
    -4.962405017320412     2.386840459923776     0.003434903587385
     2.388425174887605    -2.207420267083267    -0.002188805009865
     0.003516303426744    -0.002062800708010    -0.585649528560278
12 4
    -4.961797818760896    -2.387283419510423    -0.001394911184218
    -2.388276817530856    -2.206792638670914    -0.000796562505935
    -0.000950649192499    -0.000558847276514    -0.586236379162085
12 5
    -0.110207303485850     0.000086545307682    -0.000068425750946
    -0.000001348373955    -0.110648411092090     0.000036221566586
     0.000037068378174     0.000061454256073    -0.096167589023527
12 6
     0.069169424858152    -0.000010663626699    -0.000163459235140
     0.000079908306749     0.075130832420964    -0.000378257620776
    -0.000135993419264    -0.000020350080341    -0.043587262258233
12 7
     0.073659947536638    -0.002561332718428    -0.000363966205307
    -0.002586096150651     0.070690540099111     0.000130897680553
    -0.000042988018035    -0.000089768433371    -0.043520262873605
12 8
     0.073667475923529     0.002564112672829     0.000521572662392
     0.002588572715344     0.070611710223146     0.000379434726828
     0.000095814810716     0.000094482992646    -0.043504482815510
12 9
    -0.411846099311301     1.042134177619522    -0.000087625119604
     1.042134177619522    -1.616301134412472    -0.000156108702680
    -0.000087625119604    -0.000156108702680    -0.058138039506434
12 10
    -0.412055445514048    -1.042270787663073     0.000175822611591
    -1.042270787663073    -1.618484330486878     0.000001968038368
     0.000175822611591     0.000001968038368    -0.057681674964950
12 11
    -2.222138521563925     0.000152116889631     0.000168643702204
     0.000152116889631     0.188196306063406    -0.000001527771516
     0.000168643702204    -0.000001527771516    -0.057192639105498
12 12
    19.460465393010200     0.003211743001435    -0.007506015678363
     0.003211743001435    19.439351537235606    -0.001544331279308
    -0.007506015678363    -0.001544331279308     7.988501509553490
12 13
     0.164109598958010     0.241735795619663     0.000194619605293
     0.241735795619663    -0.114841237585633     0.000019766659984
     0.000194619605293     0.000019766659984    -0.220196198119564
12 14
     0.164801349120762    -0.242277432034562    -0.000158525839612
    -0.242277432034562    -0.115047899672423     0.000396484686695
    -0.000158525839612     0.000396484686695    -0.220811125305532
12 15
    -0.255521968023360    -0.000103426214814     0.000358940094702
    -0.000103426214814     0.306260850267466    -0.000165391986316
     0.000358940094702    -0.000165391986316    -0.221457765854148
12 16
     0.099183337301270     0.000125307275304    -0.000688644673335
     0.000125307275304     0.098664854460836    -0.000092229935996
    -0.000688644673335    -0.000092229935996    -1.418324964152643
12 17
    -1.060445856455530     0.000204353580103     0.000418492318785
     0.000169028237851    -0.585036575833961     0.456452768777546
     0.000166003337361     0.502338499843964    -0.602952822354835
12 18
    -0.505358428004126     0.000253109362592    -0.000104788907295
     0.000328740314509    -0.505583999421580    -0.000366687574164
    -0.000100516055339    -0.000853927296770    -0.012004611629912
12 19
    -0.715429781324169     0.200353374144805    -0.385692275969308
     0.200946848906128    -0.946574095644708    -0.223359959080900
    -0.425852143000126    -0.245903526481041    -0.612382991314244
12 20
    -0.708724034646737    -0.203034841210216     0.390926302737651
    -0.203666236622418    -0.943667877464201    -0.225776378511807
     0.431191986940466    -0.248671978529910    -0.607214612575052
12 21
    -1.061998805283663    -0.000678448748974     0.000967211578135
    -0.000060578381783    -0.593784666593852    -0.450462631599650
     0.000086742764063    -0.496750979153773    -0.609362657608354
12 22
    -0.506105080826331    -0.000327899083620     0.000205354374296
    -0.000254679768154    -0.506129186541551     0.000325819426970
     0.000560113224912     0.000880029968315    -0.012250395326153
12 23
    -0.718395247235972     0.198704335159640     0.383206632603624
     0.199048023838869    -0.947898998248755     0.221469543031304
     0.423890247097472     0.244735525660843    -0.616055002793190
12 24
    -0.717837204450816    -0.199199484524567    -0.384006049310478
    -0.200247160762018    -0.947701071913867     0.222924468619920
    -0.424825122812451     0.245260518669291    -0.614937134851301
13 1
     0.073667475923529     0.002564112672829     0.000521572662392
     0.002588572715344     0.070611710223146     0.000379434726828
     0.000095814810716     0.000094482992646    -0.043504482815510
13 2
     0.073659947536638    -0.002561332718428    -0.000363966205307
    -0.002586096150651     0.070690540099111     0.000130897680553
    -0.000042988018035    -0.000089768433371    -0.043520262873605
13 3
     0.069169424858152    -0.000010663626699    -0.000163459235140
     0.000079908306749     0.075130832420964    -0.000378257620776
    -0.000135993419264    -0.000020350080341    -0.043587262258233
13 4
    -0.110207303485850     0.000086545307682    -0.000068425750946
    -0.000001348373955    -0.110648411092090     0.000036221566586
     0.000037068378174     0.000061454256073    -0.096167589023527
13 5
    -4.961797818760896    -2.387283419510423    -0.001394911184218
    -2.388276817530856    -2.206792638670914    -0.000796562505935
    -0.000950649192499    -0.000558847276514    -0.586236379162085
13 6
    -4.962405017320412     2.386840459923776     0.003434903587385
     2.388425174887605    -2.207420267083267    -0.002188805009865
     0.003516303426744    -0.002062800708010    -0.585649528560278
13 7
    -0.828253098720350     0.001512753650032    -0.000156522788623
     0.001018748978165    -6.336961178837203     0.003207252163329
    -0.000030257650720     0.003098134356725    -0.584978839284566
13 8
     0.053463184218924    -0.000130448871638    -0.000187285213831
    -0.000219623088488     0.053966938732818    -0.000055753799172
    -0.000063824534353    -0.000015097497360    -0.063894530113878
13 9
     0.099183337301270     0.000125307275304    -0.000688644673335
     0.000125307275304     0.098664854460836    -0.000092229935996
    -0.000688644673335    -0.000092229935996    -1.418324964152643
13 10
    -0.255521968023360    -0.000103426214814     0.000358940094702
    -0.000103426214814     0.306260850267467    -0.000165391986316
     0.000358940094702    -0.000165391986316    -0.221457765854148
13 11
     0.164801349120762    -0.242277432034562    -0.000158525839612
    -0.242277432034562    -0.115047899672423     0.000396484686695
    -0.000158525839612     0.000396484686695    -0.220811125305532
13 12
     0.164109598958010     0.241735795619663     0.000194619605293
     0.241735795619663    -0.114841237585633     0.000019766659984
     0.000194619605293     0.000019766659984    -0.220196198119564
13 13
    19.460465393010200     0.003211743001435    -0.007506015678363
     0.003211743001435    19.439351537235602    -0.001544331279308
    -0.007506015678363    -0.001544331279308     7.988501509553492
13 14
    -2.222138521563926     0.000152116889631     0.000168643702204
     0.000152116889631     0.188196306063406    -0.000001527771516
     0.000168643702204    -0.000001527771516    -0.057192639105498
13 15
    -0.412055445514048    -1.042270787663073     0.000175822611591
    -1.042270787663073    -1.618484330486878     0.000001968038368
     0.000175822611591     0.000001968038368    -0.057681674964950
13 16
    -0.411846099311301     1.042134177619522    -0.000087625119604
     1.042134177619522    -1.616301134412472    -0.000156108702680
    -0.000087625119604    -0.000156108702680    -0.058138039506434
13 17
    -0.717837204450816    -0.199199484524567    -0.384006049310478
    -0.200247160762018    -0.947701071913868     0.222924468619920
    -0.424825122812451     0.245260518669291    -0.614937134851301
13 18
    -0.718395247235972     0.198704335159640     0.383206632603624
     0.199048023838869    -0.947898998248755     0.221469543031304
     0.423890247097472     0.244735525660843    -0.616055002793190
13 19
    -0.506105080826331    -0.000327899083620     0.000205354374296
    -0.000254679768154    -0.506129186541551     0.000325819426970
     0.000560113224912     0.000880029968315    -0.012250395326153
13 20
    -1.061998805283663    -0.000678448748974     0.000967211578135
    -0.000060578381783    -0.593784666593852    -0.450462631599650
     0.000086742764063    -0.496750979153773    -0.609362657608354
13 21
    -0.708724034646737    -0.203034841210216     0.390926302737651
    -0.203666236622418    -0.943667877464200    -0.225776378511807
     0.431191986940466    -0.248671978529910    -0.607214612575052
13 22
    -0.715429781324169     0.200353374144805    -0.385692275969308
     0.200946848906128    -0.946574095644708    -0.223359959080900
    -0.425852143000126    -0.245903526481041    -0.612382991314243
13 23
    -0.505358428004126     0.000253109362592    -0.000104788907295
     0.000328740314509    -0.505583999421580    -0.000366687574164
    -0.000100516055339    -0.000853927296770    -0.012004611629912
13 24
    -1.060445856455530     0.000204353580103     0.000418492318785
     0.000169028237851    -0.585036575833961     0.456452768777546
     0.000166003337361     0.502338499843964    -0.602952822354835
14 1
     0.073659947536638    -0.002561332718428    -0.000363966205307
    -0.002586096150651     0.070690540099111     0.000130897680553
    -0.000042988018035    -0.000089768433371    -0.043520262873605
14 2
     0.073667475923529     0.002564112672829     0.000521572662392
     0.002588572715344     0.070611710223146     0.000379434726828
     0.000095814810716     0.000094482992646    -0.043504482815510
14 3
    -0.110207303485850     0.000086545307682    -0.000068425750946
    -0.000001348373955    -0.110648411092090     0.000036221566586
     0.000037068378174     0.000061454256073    -0.096167589023527
14 4
     0.069169424858152    -0.000010663626699    -0.000163459235140
     0.000079908306749     0.075130832420964    -0.000378257620776
    -0.000135993419264    -0.000020350080341    -0.043587262258233
14 5
    -4.962405017320412     2.386840459923776     0.003434903587385
     2.388425174887605    -2.207420267083267    -0.002188805009865
     0.003516303426744    -0.002062800708010    -0.585649528560278
14 6
    -4.961797818760896    -2.387283419510423    -0.001394911184218
    -2.388276817530856    -2.206792638670914    -0.000796562505935
    -0.000950649192499    -0.000558847276514    -0.586236379162085
14 7
     0.053463184218924    -0.000130448871638    -0.000187285213831
    -0.000219623088488     0.053966938732818    -0.000055753799172
    -0.000063824534353    -0.000015097497360    -0.063894530113878
14 8
    -0.828253098720349     0.001512753650032    -0.000156522788623
     0.001018748978165    -6.336961178837203     0.003207252163329
    -0.000030257650720     0.003098134356725    -0.584978839284566
14 9
    -0.255521968023360    -0.000103426214814     0.000358940094702
    -0.000103426214814     0.306260850267467    -0.000165391986316
     0.000358940094702    -0.000165391986316    -0.221457765854148
14 10
     0.099183337301270     0.000125307275304    -0.000688644673335
     0.000125307275304     0.098664854460836    -0.000092229935996
    -0.000688644673335    -0.000092229935996    -1.418324964152643
14 11
     0.164109598958010     0.241735795619663     0.000194619605293
     0.241735795619663    -0.114841237585633     0.000019766659984
     0.000194619605293     0.000019766659984    -0.220196198119564
14 12
     0.164801349120762    -0.242277432034562    -0.000158525839612
    -0.242277432034562    -0.115047899672423     0.000396484686695
    -0.000158525839612     0.000396484686695    -0.220811125305532
14 13
    -2.222138521563926     0.000152116889631     0.000168643702204
     0.000152116889631     0.188196306063406    -0.000001527771516
     0.000168643702204    -0.000001527771516    -0.057192639105498
14 14
    19.460465393010203     0.003211743001435    -0.007506015678363
     0.003211743001435    19.439351537235602    -0.001544331279308
    -0.007506015678363    -0.001544331279308     7.988501509553490
14 15
    -0.411846099311301     1.042134177619522    -0.000087625119604
     1.042134177619522    -1.616301134412472    -0.000156108702680
    -0.000087625119604    -0.000156108702680    -0.058138039506434
14 16
    -0.412055445514048    -1.042270787663073     0.000175822611591
    -1.042270787663073    -1.618484330486878     0.000001968038368
     0.000175822611591     0.000001968038368    -0.057681674964950
14 17
    -0.718395247235972     0.198704335159640     0.383206632603624
     0.199048023838869    -0.947898998248755     0.221469543031304
     0.423890247097472     0.244735525660843    -0.616055002793190
14 18
    -0.717837204450816    -0.199199484524567    -0.384006049310478
    -0.200247160762018    -0.947701071913868     0.222924468619921
    -0.424825122812451     0.245260518669291    -0.614937134851301
14 19
    -1.061998805283663    -0.000678448748974     0.000967211578135
    -0.000060578381783    -0.593784666593853    -0.450462631599650
     0.000086742764063    -0.496750979153773    -0.609362657608354
14 20
    -0.506105080826331    -0.000327899083620     0.000205354374296
    -0.000254679768154    -0.506129186541551     0.000325819426970
     0.000560113224912     0.000880029968315    -0.012250395326153
14 21
    -0.715429781324169     0.200353374144805    -0.385692275969308
     0.200946848906128    -0.946574095644708    -0.223359959080900
    -0.425852143000126    -0.245903526481041    -0.612382991314244
14 22
    -0.708724034646737    -0.203034841210216     0.390926302737651
    -0.203666236622418    -0.943667877464200    -0.225776378511807
     0.431191986940466    -0.248671978529910    -0.607214612575052
14 23
    -1.060445856455530     0.000204353580103     0.000418492318785
     0.000169028237851    -0.585036575833961     0.456452768777546
     0.000166003337361     0.502338499843964    -0.602952822354835
14 24
    -0.505358428004126     0.000253109362592    -0.000104788907295
     0.000328740314509    -0.505583999421580    -0.000366687574164
    -0.000100516055339    -0.000853927296770    -0.012004611629912
15 1
     0.069169424858152    -0.000010663626699    -0.000163459235140
     0.000079908306749     0.075130832420964    -0.000378257620776
    -0.000135993419264    -0.000020350080341    -0.043587262258233
15 2
    -0.110207303485850     0.000086545307682    -0.000068425750946
    -0.000001348373955    -0.110648411092090     0.000036221566586
     0.000037068378174     0.000061454256073    -0.096167589023527
15 3
     0.073667475923529     0.002564112672829     0.000521572662392
     0.002588572715344     0.070611710223146     0.000379434726828
     0.000095814810716     0.000094482992646    -0.043504482815510
15 4
     0.073659947536638    -0.002561332718428    -0.000363966205307
    -0.002586096150651     0.070690540099111     0.000130897680553
    -0.000042988018035    -0.000089768433371    -0.043520262873605
15 5
    -0.828253098720350     0.001512753650032    -0.000156522788623
     0.001018748978165    -6.336961178837203     0.003207252163329
    -0.000030257650720     0.003098134356725    -0.584978839284566
15 6
     0.053463184218924    -0.000130448871638    -0.000187285213831
    -0.000219623088488     0.053966938732818    -0.000055753799172
    -0.000063824534353    -0.000015097497360    -0.063894530113878
15 7
    -4.961797818760896    -2.387283419510423    -0.001394911184218
    -2.388276817530856    -2.206792638670914    -0.000796562505935
    -0.000950649192499    -0.000558847276514    -0.586236379162085
15 8
    -4.962405017320412     2.386840459923776     0.003434903587385
     2.388425174887605    -2.207420267083267    -0.002188805009865
     0.003516303426744    -0.002062800708010    -0.585649528560278
15 9
     0.164801349120762    -0.242277432034562    -0.000158525839612
    -0.242277432034562    -0.115047899672423     0.000396484686695
    -0.000158525839612     0.000396484686695    -0.220811125305532
15 10
     0.164109598958010     0.241735795619663     0.000194619605293
     0.241735795619663    -0.114841237585633     0.000019766659984
     0.000194619605293     0.000019766659984    -0.220196198119564
15 11
     0.099183337301270     0.000125307275304    -0.000688644673335
     0.000125307275304     0.098664854460836    -0.000092229935996
    -0.000688644673335    -0.000092229935996    -1.418324964152643
15 12
    -0.255521968023360    -0.000103426214814     0.000358940094702
    -0.000103426214814     0.306260850267466    -0.000165391986316
     0.000358940094702    -0.000165391986316    -0.221457765854148
15 13
    -0.412055445514048    -1.042270787663073     0.000175822611591
    -1.042270787663073    -1.618484330486878     0.000001968038368
     0.000175822611591     0.000001968038368    -0.057681674964950
15 14
    -0.411846099311301     1.042134177619522    -0.000087625119604
     1.042134177619522    -1.616301134412472    -0.000156108702680
    -0.000087625119604    -0.000156108702680    -0.058138039506434
15 15
    19.460465393010203     0.003211743001435    -0.007506015678363
     0.003211743001435    19.439351537235609    -0.001544331279308
    -0.007506015678363    -0.001544331279308     7.988501509553490
15 16
    -2.222138521563926     0.000152116889631     0.000168643702204
     0.000152116889631     0.188196306063406    -0.000001527771516
     0.000168643702204    -0.000001527771516    -0.057192639105498
15 17
    -0.506105080826331    -0.000327899083620     0.000205354374296
    -0.000254679768154    -0.506129186541551     0.000325819426970
     0.000560113224912     0.000880029968315    -0.012250395326153
15 18
    -1.061998805283663    -0.000678448748974     0.000967211578135
    -0.000060578381783    -0.593784666593853    -0.450462631599650
     0.000086742764063    -0.496750979153773    -0.609362657608354
15 19
    -0.717837204450816    -0.199199484524567    -0.384006049310478
    -0.200247160762018    -0.947701071913868     0.222924468619920
    -0.424825122812451     0.245260518669291    -0.614937134851301
15 20
    -0.718395247235972     0.198704335159640     0.383206632603624
     0.199048023838869    -0.947898998248755     0.221469543031304
     0.423890247097472     0.244735525660843    -0.616055002793190
15 21
    -0.505358428004126     0.000253109362592    -0.000104788907295
     0.000328740314509    -0.505583999421580    -0.000366687574164
    -0.000100516055339    -0.000853927296770    -0.012004611629912
15 22
    -1.060445856455530     0.000204353580103     0.000418492318785
     0.000169028237851    -0.585036575833961     0.456452768777546
     0.000166003337361     0.502338499843964    -0.602952822354834
15 23
    -0.708724034646737    -0.203034841210216     0.390926302737651
    -0.203666236622418    -0.943667877464201    -0.225776378511807
     0.431191986940466    -0.248671978529910    -0.607214612575052
15 24
    -0.715429781324170     0.200353374144805    -0.385692275969308
     0.200946848906128    -0.946574095644708    -0.223359959080900
    -0.425852143000126    -0.245903526481041    -0.612382991314244
16 1
    -0.110207303485850     0.000086545307682    -0.000068425750946
    -0.000001348373955    -0.110648411092090     0.000036221566586
     0.000037068378174     0.000061454256073    -0.096167589023527
16 2
     0.069169424858152    -0.000010663626699    -0.000163459235140
     0.000079908306749     0.075130832420964    -0.000378257620776
    -0.000135993419264    -0.000020350080341    -0.043587262258233
16 3
     0.073659947536638    -0.002561332718428    -0.000363966205307
    -0.002586096150651     0.070690540099111     0.000130897680553
    -0.000042988018035    -0.000089768433371    -0.043520262873605
16 4
     0.073667475923529     0.002564112672829     0.000521572662392
     0.002588572715344     0.070611710223146     0.000379434726828
     0.000095814810716     0.000094482992646    -0.043504482815510
16 5
     0.053463184218924    -0.000130448871638    -0.000187285213831
    -0.000219623088488     0.053966938732818    -0.000055753799172
    -0.000063824534353    -0.000015097497360    -0.063894530113878
16 6
    -0.828253098720350     0.001512753650032    -0.000156522788623
     0.001018748978165    -6.336961178837203     0.003207252163329
    -0.000030257650720     0.003098134356725    -0.584978839284566
16 7
    -4.962405017320412     2.386840459923776     0.003434903587385
     2.388425174887605    -2.207420267083267    -0.002188805009865
     0.003516303426744    -0.002062800708010    -0.585649528560278
16 8
    -4.961797818760895    -2.387283419510423    -0.001394911184218
    -2.388276817530856    -2.206792638670914    -0.000796562505935
    -0.000950649192499    -0.000558847276514    -0.586236379162085
16 9
     0.164109598958010     0.241735795619663     0.000194619605293
     0.241735795619663    -0.114841237585633     0.000019766659984
     0.000194619605293     0.000019766659984    -0.220196198119564
16 10
     0.164801349120762    -0.242277432034562    -0.000158525839612
    -0.242277432034562    -0.115047899672423     0.000396484686695
    -0.000158525839612     0.000396484686695    -0.220811125305532
16 11
    -0.255521968023360    -0.000103426214814     0.000358940094702
    -0.000103426214814     0.306260850267467    -0.000165391986316
     0.000358940094702    -0.000165391986316    -0.221457765854148
16 12
     0.099183337301270     0.000125307275304    -0.000688644673335
     0.000125307275304     0.098664854460836    -0.000092229935996
    -0.000688644673335    -0.000092229935996    -1.418324964152643
16 13
    -0.411846099311301     1.042134177619522    -0.000087625119604
     1.042134177619522    -1.616301134412472    -0.000156108702680
    -0.000087625119604    -0.000156108702680    -0.058138039506434
16 14
    -0.412055445514048    -1.042270787663073     0.000175822611591
    -1.042270787663073    -1.618484330486878     0.000001968038368
     0.000175822611591     0.000001968038368    -0.057681674964950
16 15
    -2.222138521563926     0.000152116889631     0.000168643702204
     0.000152116889631     0.188196306063406    -0.000001527771516
     0.000168643702204    -0.000001527771516    -0.057192639105498
16 16
    19.460465393010200     0.003211743001435    -0.007506015678363
     0.003211743001435    19.439351537235609    -0.001544331279308
    -0.007506015678363    -0.001544331279308     7.988501509553490
16 17
    -1.061998805283663    -0.000678448748974     0.000967211578135
    -0.000060578381783    -0.593784666593852    -0.450462631599650
     0.000086742764063    -0.496750979153773    -0.609362657608354
16 18
    -0.506105080826331    -0.000327899083620     0.000205354374296
    -0.000254679768154    -0.506129186541551     0.000325819426970
     0.000560113224912     0.000880029968315    -0.012250395326153
16 19
    -0.718395247235972     0.198704335159640     0.383206632603624
     0.199048023838869    -0.947898998248755     0.221469543031304
     0.423890247097472     0.244735525660843    -0.616055002793190
16 20
    -0.717837204450816    -0.199199484524567    -0.384006049310478
    -0.200247160762018    -0.947701071913868     0.222924468619921
    -0.424825122812451     0.245260518669291    -0.614937134851301
16 21
    -1.060445856455530     0.000204353580103     0.000418492318785
     0.000169028237851    -0.585036575833961     0.456452768777546
     0.000166003337361     0.502338499843964    -0.602952822354834
16 22
    -0.505358428004126     0.000253109362592    -0.000104788907295
     0.000328740314509    -0.505583999421580    -0.000366687574164
    -0.000100516055339    -0.000853927296770    -0.012004611629912
16 23
    -0.715429781324170     0.200353374144805    -0.385692275969308
     0.200946848906128    -0.946574095644708    -0.223359959080900
    -0.425852143000126    -0.245903526481041    -0.612382991314244
16 24
    -0.708724034646737    -0.203034841210216     0.390926302737651
    -0.203666236622418    -0.943667877464200    -0.225776378511807
     0.431191986940466    -0.248671978529910    -0.607214612575052
17 1
     0.345401408348617     0.001338232256776    -0.000909690899043
     0.001069112875072    -2.372002801281008     1.965078157730916
    -0.000953805808923     2.299909290650860    -1.634478759720051
17 2
    -0.657189033732007    -0.000542564227047     0.000989806565334
    -0.000557646965835    -0.655859040698254     0.001511926934339
     0.000490074540512     0.000578704020415     0.070075222573372
17 3
    -1.690150574382617    -1.175366472085780    -1.697023086294959
    -1.175688555042998    -0.334277793682805    -0.980540789202727
    -1.986530879806346    -1.147365024400832    -1.628364123416738
17 4
    -1.690831666694397     1.176393421706225     1.700472178793152
     1.176995184447188    -0.334920583678517    -0.983073244334986
     1.990309901739032    -1.150037848402828    -1.633820931894783
17 5
     0.346317319461137     0.000151062580724     0.000085663093833
    -0.000022732968765    -2.370347439390342    -1.964778693756484
    -0.000314673052343    -2.297626084122715    -1.633858780303654
17 6
    -0.656221427999088     0.000045960636510    -0.000154599924611
     0.000034516463584    -0.655128287599275    -0.001325701637839
     0.000098906428860    -0.000366168094339     0.067713421682543
17 7
    -1.689471935365879    -1.176089420899538     1.700705892462686
    -1.176449009453449    -0.333563964701639     0.982960807492558
     1.988560870797439     1.148914678094939    -1.633842438508037
17 8
    -1.689529348297114     1.175315520226274    -1.698615206547301
     1.175854357922564    -0.333131783664621     0.981342415042672
    -1.986913005518192     1.146994550114646    -1.630309491189756
17 9
    -0.708724034646737    -0.203666236622418     0.431191986940466
    -0.203034841210216    -0.943667877464200    -0.248671978529910
     0.390926302737651    -0.225776378511807    -0.607214612575052
17 10
    -0.715429781324169     0.200946848906128    -0.425852143000126
     0.200353374144805    -0.946574095644708    -0.245903526481041
    -0.385692275969308    -0.223359959080900    -0.612382991314244
17 11
    -0.505358428004126     0.000328740314509    -0.000100516055339
     0.000253109362592    -0.505583999421580    -0.000853927296770
    -0.000104788907295    -0.000366687574164    -0.012004611629912
17 12
    -1.060445856455530     0.000169028237851     0.000166003337361
     0.000204353580103    -0.585036575833961     0.502338499843964
     0.000418492318785     0.456452768777546    -0.602952822354835
17 13
    -0.717837204450816    -0.200247160762018    -0.424825122812451
    -0.199199484524567    -0.947701071913868     0.245260518669291
    -0.384006049310478     0.222924468619920    -0.614937134851301
17 14
    -0.718395247235972     0.199048023838869     0.423890247097472
     0.198704335159640    -0.947898998248755     0.244735525660843
     0.383206632603624     0.221469543031304    -0.616055002793190
17 15
    -0.506105080826331    -0.000254679768154     0.000560113224912
    -0.000327899083620    -0.506129186541551     0.000880029968315
     0.000205354374296     0.000325819426970    -0.012250395326153
17 16
    -1.061998805283663    -0.000060578381783     0.000086742764063
    -0.000678448748974    -0.593784666593852    -0.496750979153773
     0.000967211578135    -0.450462631599650    -0.609362657608354
17 17
    16.931202348268549     0.002478665695887    -0.011818226018780
     0.002478665695887    16.919917523152279    -0.002477176532141
    -0.011818226018780    -0.002477176532141    18.724972380918789
17 18
    -1.719479711168178     0.000478957202998     0.000460298762001
     0.000478957202998    -0.485926505208693     0.001321485701862
     0.000460298762001     0.001321485701862    -0.446156091202407
17 19
    -0.791321101743168    -0.531405148368889     0.001410416245822
    -0.531405148368889    -1.408228524416498    -0.000416339721712
     0.001410416245822    -0.000416339721712    -0.446337297612456
17 20
    -0.790837332951299     0.530460218732575    -0.000906288532646
     0.530460218732575    -1.404746055198266    -0.000658703021581
    -0.000906288532646    -0.000658703021581    -0.446508915849416
17 21
     0.039081147651379     0.000143011622753    -0.000518980775747
     0.000143011622753     0.038201064195313    -0.000143142391892
    -0.000518980775747    -0.000143142391892    -1.627801187252823
17 22
    -1.031245082341312    -0.000473418857737     0.001026864650921
    -0.000473418857737     0.833925521011710    -0.000762075031086
     0.001026864650921    -0.000762075031086    -0.804555664107096
17 23
     0.368712408142081    -0.809196451272460    -0.000546777304076
    -0.809196451272460    -0.563845569790137     0.001148657199814
    -0.000546777304076     0.001148657199814    -0.804671700710722
17 24
     0.369857021030639     0.810004439287748     0.000224424227057
     0.810004439287748    -0.563689287386773    -0.000221747152631
     0.000224424227057    -0.000221747152631    -0.804895414953724
18 1
    -0.657189033732008    -0.000542564227047     0.000989806565334
    -0.000557646965835    -0.655859040698255     0.001511926934339
     0.000490074540512     0.000578704020415     0.070075222573372
18 2
     0.345401408348617     0.001338232256776    -0.000909690899043
     0.001069112875072    -2.372002801281008     1.965078157730916
    -0.000953805808923     2.299909290650861    -1.634478759720051
18 3
    -1.690831666694397     1.176393421706225     1.700472178793151
     1.176995184447188    -0.334920583678517    -0.983073244334986
     1.990309901739032    -1.150037848402828    -1.633820931894783
18 4
    -1.690150574382617    -1.175366472085780    -1.697023086294959
    -1.175688555042998    -0.334277793682805    -0.980540789202727
    -1.986530879806346    -1.147365024400832    -1.628364123416738
18 5
    -0.656221427999088     0.000045960636510    -0.000154599924611
     0.000034516463584    -0.655128287599275    -0.001325701637839
     0.000098906428860    -0.000366168094339     0.067713421682543
18 6
     0.346317319461137     0.000151062580724     0.000085663093833
    -0.000022732968765    -2.370347439390342    -1.964778693756484
    -0.000314673052343    -2.297626084122715    -1.633858780303653
18 7
    -1.689529348297114     1.175315520226274    -1.698615206547301
     1.175854357922564    -0.333131783664621     0.981342415042672
    -1.986913005518192     1.146994550114646    -1.630309491189756
18 8
    -1.689471935365879    -1.176089420899538     1.700705892462686
    -1.176449009453449    -0.333563964701639     0.982960807492558
     1.988560870797439     1.148914678094939    -1.633842438508037
18 9
    -0.715429781324169     0.200946848906128    -0.425852143000126
     0.200353374144805    -0.946574095644708    -0.245903526481041
    -0.385692275969308    -0.223359959080900    -0.612382991314244
18 10
    -0.708724034646737    -0.203666236622418     0.431191986940466
    -0.203034841210216    -0.943667877464201    -0.248671978529910
     0.390926302737651    -0.225776378511807    -0.607214612575052
18 11
    -1.060445856455530     0.000169028237851     0.000166003337361
     0.000204353580103    -0.585036575833961     0.502338499843964
     0.000418492318785     0.456452768777546    -0.602952822354834
18 12
    -0.505358428004126     0.000328740314509    -0.000100516055339
     0.000253109362592    -0.505583999421580    -0.000853927296770
    -0.000104788907295    -0.000366687574164    -0.012004611629912
18 13
    -0.718395247235972     0.199048023838869     0.423890247097472
     0.198704335159640    -0.947898998248755     0.244735525660843
     0.383206632603624     0.221469543031304    -0.616055002793190
18 14
    -0.717837204450816    -0.200247160762018    -0.424825122812451
    -0.199199484524567    -0.947701071913868     0.245260518669291
    -0.384006049310478     0.222924468619921    -0.614937134851301
18 15
    -1.061998805283663    -0.000060578381783     0.000086742764063
    -0.000678448748974    -0.593784666593853    -0.496750979153773
     0.000967211578135    -0.450462631599650    -0.609362657608354
18 16
    -0.506105080826331    -0.000254679768154     0.000560113224912
    -0.000327899083620    -0.506129186541551     0.000880029968315
     0.000205354374296     0.000325819426970    -0.012250395326153
18 17
    -1.719479711168178     0.000478957202998     0.000460298762001
     0.000478957202998    -0.485926505208693     0.001321485701862
     0.000460298762001     0.001321485701862    -0.446156091202407
18 18
    16.931202348268549     0.002478665695887    -0.011818226018780
     0.002478665695887    16.919917523152279    -0.002477176532142
    -0.011818226018780    -0.002477176532142    18.724972380918778
18 19
    -0.790837332951299     0.530460218732575    -0.000906288532646
     0.530460218732575    -1.404746055198266    -0.000658703021581
    -0.000906288532646    -0.000658703021581    -0.446508915849415
18 20
    -0.791321101743168    -0.531405148368889     0.001410416245822
    -0.531405148368889    -1.408228524416498    -0.000416339721712
     0.001410416245822    -0.000416339721712    -0.446337297612456
18 21
    -1.031245082341311    -0.000473418857737     0.001026864650921
    -0.000473418857737     0.833925521011710    -0.000762075031086
     0.001026864650921    -0.000762075031086    -0.804555664107096
18 22
     0.039081147651379     0.000143011622753    -0.000518980775747
     0.000143011622753     0.038201064195313    -0.000143142391892
    -0.000518980775747    -0.000143142391892    -1.627801187252822
18 23
     0.369857021030639     0.810004439287748     0.000224424227057
     0.810004439287748    -0.563689287386773    -0.000221747152631
     0.000224424227057    -0.000221747152631    -0.804895414953724
18 24
     0.368712408142081    -0.809196451272460    -0.000546777304076
    -0.809196451272460    -0.563845569790137     0.001148657199814
    -0.000546777304076     0.001148657199814    -0.804671700710722
19 1
    -1.690150574382617    -1.175366472085780    -1.697023086294959
    -1.175688555042998    -0.334277793682806    -0.980540789202727
    -1.986530879806346    -1.147365024400832    -1.628364123416738
19 2
    -1.690831666694397     1.176393421706225     1.700472178793152
     1.176995184447188    -0.334920583678517    -0.983073244334986
     1.990309901739032    -1.150037848402828    -1.633820931894783
19 3
     0.345401408348617     0.001338232256776    -0.000909690899043
     0.001069112875072    -2.372002801281008     1.965078157730916
    -0.000953805808923     2.299909290650860    -1.634478759720051
19 4
    -0.657189033732007    -0.000542564227047     0.000989806565334
    -0.000557646965835    -0.655859040698255     0.001511926934339
     0.000490074540512     0.000578704020415     0.070075222573372
19 5
    -1.689471935365880    -1.176089420899538     1.700705892462686
    -1.176449009453449    -0.333563964701639     0.982960807492558
     1.988560870797439     1.148914678094939    -1.633842438508037
19 6
    -1.689529348297114     1.175315520226274    -1.698615206547301
     1.175854357922564    -0.333131783664621     0.981342415042672
    -1.986913005518192     1.146994550114646    -1.630309491189756
19 7
     0.346317319461137     0.000151062580724     0.000085663093833
    -0.000022732968765    -2.370347439390343    -1.964778693756484
    -0.000314673052343    -2.297626084122715    -1.633858780303653
19 8
    -0.656221427999088     0.000045960636510    -0.000154599924611
     0.000034516463585    -0.655128287599275    -0.001325701637839
     0.000098906428860    -0.000366168094339     0.067713421682543
19 9
    -0.505358428004126     0.000328740314509    -0.000100516055339
     0.000253109362592    -0.505583999421580    -0.000853927296770
    -0.000104788907295    -0.000366687574164    -0.012004611629912
19 10
    -1.060445856455530     0.000169028237851     0.000166003337361
     0.000204353580103    -0.585036575833961     0.502338499843964
     0.000418492318785     0.456452768777546    -0.602952822354835
19 11
    -0.708724034646737    -0.203666236622418     0.431191986940466
    -0.203034841210216    -0.943667877464201    -0.248671978529910
     0.390926302737651    -0.225776378511807    -0.607214612575052
19 12
    -0.715429781324169     0.200946848906128    -0.425852143000126
     0.200353374144805    -0.946574095644708    -0.245903526481041
    -0.385692275969308    -0.223359959080900    -0.612382991314244
19 13
    -0.506105080826331    -0.000254679768154     0.000560113224912
    -0.000327899083620    -0.506129186541551     0.000880029968315
     0.000205354374296     0.000325819426970    -0.012250395326153
19 14
    -1.061998805283663    -0.000060578381783     0.000086742764063
    -0.000678448748974    -0.593784666593853    -0.496750979153773
     0.000967211578135    -0.450462631599650    -0.609362657608354
19 15
    -0.717837204450816    -0.200247160762018    -0.424825122812451
    -0.199199484524567    -0.947701071913868     0.245260518669291
    -0.384006049310478     0.222924468619920    -0.614937134851301
19 16
    -0.718395247235972     0.199048023838869     0.423890247097472
     0.198704335159640    -0.947898998248755     0.244735525660843
     0.383206632603624     0.221469543031304    -0.616055002793190
19 17
    -0.791321101743168    -0.531405148368889     0.001410416245822
    -0.531405148368889    -1.408228524416498    -0.000416339721712
     0.001410416245822    -0.000416339721712    -0.446337297612456
19 18
    -0.790837332951299     0.530460218732575    -0.000906288532646
     0.530460218732575    -1.404746055198266    -0.000658703021581
    -0.000906288532646    -0.000658703021581    -0.446508915849415
19 19
    16.931202348268553     0.002478665695887    -0.011818226018780
     0.002478665695887    16.919917523152282    -0.002477176532142
    -0.011818226018780    -0.002477176532142    18.724972380918782
19 20
    -1.719479711168178     0.000478957202998     0.000460298762001
     0.000478957202998    -0.485926505208693     0.001321485701862
     0.000460298762001     0.001321485701862    -0.446156091202407
19 21
     0.368712408142081    -0.809196451272460    -0.000546777304076
    -0.809196451272460    -0.563845569790137     0.001148657199814
    -0.000546777304076     0.001148657199814    -0.804671700710722
19 22
     0.369857021030639     0.810004439287748     0.000224424227057
     0.810004439287748    -0.563689287386773    -0.000221747152631
     0.000224424227057    -0.000221747152631    -0.804895414953724
19 23
     0.039081147651379     0.000143011622753    -0.000518980775747
     0.000143011622753     0.038201064195313    -0.000143142391892
    -0.000518980775747    -0.000143142391892    -1.627801187252823
19 24
    -1.031245082341312    -0.000473418857737     0.001026864650921
    -0.000473418857737     0.833925521011710    -0.000762075031086
     0.001026864650921    -0.000762075031086    -0.804555664107096
20 1
    -1.690831666694397     1.176393421706225     1.700472178793152
     1.176995184447188    -0.334920583678517    -0.983073244334986
     1.990309901739032    -1.150037848402828    -1.633820931894783
20 2
    -1.690150574382617    -1.175366472085780    -1.697023086294959
    -1.175688555042998    -0.334277793682805    -0.980540789202727
    -1.986530879806346    -1.147365024400832    -1.628364123416738
20 3
    -0.657189033732007    -0.000542564227047     0.000989806565334
    -0.000557646965835    -0.655859040698255     0.001511926934339
     0.000490074540512     0.000578704020415     0.070075222573372
20 4
     0.345401408348617     0.001338232256776    -0.000909690899043
     0.001069112875072    -2.372002801281008     1.965078157730916
    -0.000953805808923     2.299909290650860    -1.634478759720051
20 5
    -1.689529348297114     1.175315520226274    -1.698615206547301
     1.175854357922564    -0.333131783664621     0.981342415042672
    -1.986913005518192     1.146994550114646    -1.630309491189756
20 6
    -1.689471935365879    -1.176089420899538     1.700705892462686
    -1.176449009453449    -0.333563964701639     0.982960807492558
     1.988560870797439     1.148914678094939    -1.633842438508037
20 7
    -0.656221427999088     0.000045960636510    -0.000154599924611
     0.000034516463585    -0.655128287599275    -0.001325701637839
     0.000098906428860    -0.000366168094339     0.067713421682543
20 8
     0.346317319461137     0.000151062580724     0.000085663093833
    -0.000022732968765    -2.370347439390343    -1.964778693756484
    -0.000314673052343    -2.297626084122715    -1.633858780303654
20 9
    -1.060445856455530     0.000169028237851     0.000166003337361
     0.000204353580103    -0.585036575833961     0.502338499843964
     0.000418492318785     0.456452768777546    -0.602952822354835
20 10
    -0.505358428004126     0.000328740314509    -0.000100516055339
     0.000253109362592    -0.505583999421580    -0.000853927296770
    -0.000104788907295    -0.000366687574164    -0.012004611629912
20 11
    -0.715429781324169     0.200946848906128    -0.425852143000126
     0.200353374144805    -0.946574095644708    -0.245903526481041
    -0.385692275969308    -0.223359959080900    -0.612382991314243
20 12
    -0.708724034646737    -0.203666236622418     0.431191986940466
    -0.203034841210216    -0.943667877464201    -0.248671978529910
     0.390926302737651    -0.225776378511807    -0.607214612575052
20 13
    -1.061998805283663    -0.000060578381783     0.000086742764063
    -0.000678448748974    -0.593784666593852    -0.496750979153773
     0.000967211578135    -0.450462631599650    -0.609362657608354
20 14
    -0.506105080826331    -0.000254679768154     0.000560113224912
    -0.000327899083620    -0.506129186541551     0.000880029968315
     0.000205354374296     0.000325819426970    -0.012250395326153
20 15
    -0.718395247235972     0.199048023838869     0.423890247097472
     0.198704335159640    -0.947898998248755     0.244735525660843
     0.383206632603624     0.221469543031304    -0.616055002793190
20 16
    -0.717837204450816    -0.200247160762018    -0.424825122812451
    -0.199199484524567    -0.947701071913868     0.245260518669291
    -0.384006049310478     0.222924468619921    -0.614937134851301
20 17
    -0.790837332951299     0.530460218732575    -0.000906288532646
     0.530460218732575    -1.404746055198266    -0.000658703021581
    -0.000906288532646    -0.000658703021581    -0.446508915849416
20 18
    -0.791321101743168    -0.531405148368889     0.001410416245822
    -0.531405148368889    -1.408228524416498    -0.000416339721712
     0.001410416245822    -0.000416339721712    -0.446337297612456
20 19
    -1.719479711168178     0.000478957202998     0.000460298762001
     0.000478957202998    -0.485926505208693     0.001321485701862
     0.000460298762001     0.001321485701862    -0.446156091202407
20 20
    16.931202348268549     0.002478665695887    -0.011818226018780
     0.002478665695887    16.919917523152275    -0.002477176532142
    -0.011818226018780    -0.002477176532142    18.724972380918782
20 21
     0.369857021030639     0.810004439287748     0.000224424227057
     0.810004439287748    -0.563689287386773    -0.000221747152631
     0.000224424227057    -0.000221747152631    -0.804895414953724
20 22
     0.368712408142081    -0.809196451272460    -0.000546777304076
    -0.809196451272460    -0.563845569790137     0.001148657199814
    -0.000546777304076     0.001148657199814    -0.804671700710722
20 23
    -1.031245082341312    -0.000473418857737     0.001026864650921
    -0.000473418857737     0.833925521011710    -0.000762075031086
     0.001026864650921    -0.000762075031086    -0.804555664107096
20 24
     0.039081147651379     0.000143011622753    -0.000518980775747
     0.000143011622753     0.038201064195313    -0.000143142391892
    -0.000518980775747    -0.000143142391892    -1.627801187252822
21 1
     0.346317319461137     0.000151062580724     0.000085663093833
    -0.000022732968765    -2.370347439390342    -1.964778693756484
    -0.000314673052343    -2.297626084122715    -1.633858780303654
21 2
    -0.656221427999088     0.000045960636510    -0.000154599924611
     0.000034516463584    -0.655128287599274    -0.001325701637839
     0.000098906428860    -0.000366168094339     0.067713421682543
21 3
    -1.689471935365879    -1.176089420899538     1.700705892462686
    -1.176449009453449    -0.333563964701639     0.982960807492558
     1.988560870797439     1.148914678094939    -1.633842438508037
21 4
    -1.689529348297114     1.175315520226274    -1.698615206547301
     1.175854357922564    -0.333131783664621     0.981342415042672
    -1.986913005518192     1.146994550114646    -1.630309491189756
21 5
     0.345401408348617     0.001338232256776    -0.000909690899043
     0.001069112875072    -2.372002801281008     1.965078157730916
    -0.000953805808923     2.299909290650860    -1.634478759720051
21 6
    -0.657189033732007    -0.000542564227047     0.000989806565334
    -0.000557646965835    -0.655859040698255     0.001511926934339
     0.000490074540512     0.000578704020415     0.070075222573372
21 7
    -1.690150574382617    -1.175366472085780    -1.697023086294959
    -1.175688555042998    -0.334277793682805    -0.980540789202727
    -1.986530879806346    -1.147365024400832    -1.628364123416738
21 8
    -1.690831666694397     1.176393421706225     1.700472178793152
     1.176995184447188    -0.334920583678517    -0.983073244334986
     1.990309901739032    -1.150037848402828    -1.633820931894783
21 9
    -0.717837204450816    -0.200247160762018    -0.424825122812451
    -0.199199484524567    -0.947701071913868     0.245260518669291
    -0.384006049310478     0.222924468619920    -0.614937134851301
21 10
    -0.718395247235972     0.199048023838869     0.423890247097472
     0.198704335159640    -0.947898998248755     0.244735525660843
     0.383206632603624     0.221469543031304    -0.616055002793190
21 11
    -0.506105080826331    -0.000254679768154     0.000560113224912
    -0.000327899083620    -0.506129186541551     0.000880029968315
     0.000205354374296     0.000325819426970    -0.012250395326153
21 12
    -1.061998805283663    -0.000060578381783     0.000086742764063
    -0.000678448748974    -0.593784666593852    -0.496750979153773
     0.000967211578135    -0.450462631599650    -0.609362657608354
21 13
    -0.708724034646737    -0.203666236622418     0.431191986940466
    -0.203034841210216    -0.943667877464200    -0.248671978529910
     0.390926302737651    -0.225776378511807    -0.607214612575052
21 14
    -0.715429781324169     0.200946848906128    -0.425852143000126
     0.200353374144805    -0.946574095644708    -0.245903526481041
    -0.385692275969308    -0.223359959080900    -0.612382991314244
21 15
    -0.505358428004126     0.000328740314509    -0.000100516055339
     0.000253109362592    -0.505583999421580    -0.000853927296770
    -0.000104788907295    -0.000366687574164    -0.012004611629912
21 16
    -1.060445856455530     0.000169028237851     0.000166003337361
     0.000204353580103    -0.585036575833961     0.502338499843964
     0.000418492318785     0.456452768777546    -0.602952822354834
21 17
     0.039081147651379     0.000143011622753    -0.000518980775747
     0.000143011622753     0.038201064195313    -0.000143142391892
    -0.000518980775747    -0.000143142391892    -1.627801187252823
21 18
    -1.031245082341311    -0.000473418857737     0.001026864650921
    -0.000473418857737     0.833925521011710    -0.000762075031086
     0.001026864650921    -0.000762075031086    -0.804555664107096
21 19
     0.368712408142081    -0.809196451272460    -0.000546777304076
    -0.809196451272460    -0.563845569790137     0.001148657199814
    -0.000546777304076     0.001148657199814    -0.804671700710722
21 20
     0.369857021030639     0.810004439287748     0.000224424227057
     0.810004439287748    -0.563689287386773    -0.000221747152631
     0.000224424227057    -0.000221747152631    -0.804895414953724
21 21
    16.931202348268549     0.002478665695887    -0.011818226018780
     0.002478665695887    16.919917523152279    -0.002477176532142
    -0.011818226018780    -0.002477176532142    18.724972380918782
21 22
    -1.719479711168178     0.000478957202998     0.000460298762001
     0.000478957202998    -0.485926505208693     0.001321485701862
     0.000460298762001     0.001321485701862    -0.446156091202406
21 23
    -0.791321101743168    -0.531405148368889     0.001410416245822
    -0.531405148368889    -1.408228524416498    -0.000416339721712
     0.001410416245822    -0.000416339721712    -0.446337297612456
21 24
    -0.790837332951299     0.530460218732575    -0.000906288532646
     0.530460218732575    -1.404746055198266    -0.000658703021581
    -0.000906288532646    -0.000658703021581    -0.446508915849415
22 1
    -0.656221427999088     0.000045960636510    -0.000154599924611
     0.000034516463584    -0.655128287599274    -0.001325701637839
     0.000098906428860    -0.000366168094339     0.067713421682543
22 2
     0.346317319461137     0.000151062580724     0.000085663093833
    -0.000022732968765    -2.370347439390342    -1.964778693756484
    -0.000314673052343    -2.297626084122715    -1.633858780303653
22 3
    -1.689529348297114     1.175315520226274    -1.698615206547301
     1.175854357922564    -0.333131783664621     0.981342415042672
    -1.986913005518192     1.146994550114646    -1.630309491189756
22 4
    -1.689471935365879    -1.176089420899538     1.700705892462686
    -1.176449009453449    -0.333563964701639     0.982960807492558
     1.988560870797439     1.148914678094939    -1.633842438508037
22 5
    -0.657189033732007    -0.000542564227047     0.000989806565334
    -0.000557646965835    -0.655859040698255     0.001511926934339
     0.000490074540512     0.000578704020415     0.070075222573372
22 6
     0.345401408348617     0.001338232256776    -0.000909690899043
     0.001069112875072    -2.372002801281008     1.965078157730916
    -0.000953805808923     2.299909290650860    -1.634478759720051
22 7
    -1.690831666694397     1.176393421706225     1.700472178793151
     1.176995184447188    -0.334920583678517    -0.983073244334986
     1.990309901739032    -1.150037848402828    -1.633820931894783
22 8
    -1.690150574382617    -1.175366472085780    -1.697023086294959
    -1.175688555042998    -0.334277793682805    -0.980540789202727
    -1.986530879806346    -1.147365024400832    -1.628364123416738
22 9
    -0.718395247235972     0.199048023838869     0.423890247097472
     0.198704335159640    -0.947898998248755     0.244735525660843
     0.383206632603624     0.221469543031304    -0.616055002793190
22 10
    -0.717837204450816    -0.200247160762018    -0.424825122812451
    -0.199199484524567    -0.947701071913867     0.245260518669291
    -0.384006049310478     0.222924468619921    -0.614937134851301
22 11
    -1.061998805283663    -0.000060578381783     0.000086742764063
    -0.000678448748974    -0.593784666593852    -0.496750979153773
     0.000967211578135    -0.450462631599650    -0.609362657608354
22 12
    -0.506105080826331    -0.000254679768154     0.000560113224912
    -0.000327899083620    -0.506129186541551     0.000880029968315
     0.000205354374296     0.000325819426970    -0.012250395326153
22 13
    -0.715429781324169     0.200946848906128    -0.425852143000126
     0.200353374144805    -0.946574095644708    -0.245903526481041
    -0.385692275969308    -0.223359959080900    -0.612382991314243
22 14
    -0.708724034646737    -0.203666236622418     0.431191986940466
    -0.203034841210216    -0.943667877464200    -0.248671978529910
     0.390926302737651    -0.225776378511807    -0.607214612575052
22 15
    -1.060445856455530     0.000169028237851     0.000166003337361
     0.000204353580103    -0.585036575833961     0.502338499843964
     0.000418492318785     0.456452768777546    -0.602952822354834
22 16
    -0.505358428004126     0.000328740314509    -0.000100516055339
     0.000253109362592    -0.505583999421580    -0.000853927296770
    -0.000104788907295    -0.000366687574164    -0.012004611629912
22 17
    -1.031245082341312    -0.000473418857737     0.001026864650921
    -0.000473418857737     0.833925521011710    -0.000762075031086
     0.001026864650921    -0.000762075031086    -0.804555664107096
22 18
     0.039081147651379     0.000143011622753    -0.000518980775747
     0.000143011622753     0.038201064195313    -0.000143142391892
    -0.000518980775747    -0.000143142391892    -1.627801187252822
22 19
     0.369857021030639     0.810004439287748     0.000224424227057
     0.810004439287748    -0.563689287386773    -0.000221747152631
     0.000224424227057    -0.000221747152631    -0.804895414953724
22 20
     0.368712408142081    -0.809196451272460    -0.000546777304076
    -0.809196451272460    -0.563845569790137     0.001148657199814
    -0.000546777304076     0.001148657199814    -0.804671700710722
22 21
    -1.719479711168178     0.000478957202998     0.000460298762001
     0.000478957202998    -0.485926505208693     0.001321485701862
     0.000460298762001     0.001321485701862    -0.446156091202406
22 22
    16.931202348268553     0.002478665695887    -0.011818226018780
     0.002478665695887    16.919917523152279    -0.002477176532141
    -0.011818226018780    -0.002477176532141    18.724972380918782
22 23
    -0.790837332951299     0.530460218732575    -0.000906288532646
     0.530460218732575    -1.404746055198266    -0.000658703021581
    -0.000906288532646    -0.000658703021581    -0.446508915849415
22 24
    -0.791321101743168    -0.531405148368889     0.001410416245822
    -0.531405148368889    -1.408228524416498    -0.000416339721712
     0.001410416245822    -0.000416339721712    -0.446337297612456
23 1
    -1.689471935365879    -1.176089420899538     1.700705892462686
    -1.176449009453449    -0.333563964701639     0.982960807492558
     1.988560870797440     1.148914678094939    -1.633842438508037
23 2
    -1.689529348297114     1.175315520226274    -1.698615206547301
     1.175854357922564    -0.333131783664621     0.981342415042672
    -1.986913005518192     1.146994550114646    -1.630309491189756
23 3
     0.346317319461137     0.000151062580724     0.000085663093833
    -0.000022732968765    -2.370347439390342    -1.964778693756484
    -0.000314673052343    -2.297626084122715    -1.633858780303654
23 4
    -0.656221427999088     0.000045960636510    -0.000154599924611
     0.000034516463585    -0.655128287599275    -0.001325701637839
     0.000098906428860    -0.000366168094339     0.067713421682543
23 5
    -1.690150574382617    -1.175366472085780    -1.697023086294959
    -1.175688555042998    -0.334277793682805    -0.980540789202727
    -1.986530879806346    -1.147365024400832    -1.628364123416738
23 6
    -1.690831666694397     1.176393421706225     1.700472178793152
     1.176995184447188    -0.334920583678517    -0.983073244334986
     1.990309901739032    -1.150037848402828    -1.633820931894783
23 7
     0.345401408348617     0.001338232256776    -0.000909690899043
     0.001069112875072    -2.372002801281008     1.965078157730917
    -0.000953805808923     2.299909290650861    -1.634478759720051
23 8
    -0.657189033732007    -0.000542564227047     0.000989806565334
    -0.000557646965835    -0.655859040698255     0.001511926934339
     0.000490074540512     0.000578704020415     0.070075222573372
23 9
    -0.506105080826331    -0.000254679768154     0.000560113224912
    -0.000327899083620    -0.506129186541551     0.000880029968315
     0.000205354374296     0.000325819426970    -0.012250395326153
23 10
    -1.061998805283663    -0.000060578381783     0.000086742764063
    -0.000678448748974    -0.593784666593852    -0.496750979153773
     0.000967211578135    -0.450462631599650    -0.609362657608354
23 11
    -0.717837204450816    -0.200247160762018    -0.424825122812451
    -0.199199484524567    -0.947701071913868     0.245260518669291
    -0.384006049310478     0.222924468619920    -0.614937134851301
23 12
    -0.718395247235972     0.199048023838869     0.423890247097472
     0.198704335159640    -0.947898998248755     0.244735525660843
     0.383206632603624     0.221469543031304    -0.616055002793190
23 13
    -0.505358428004126     0.000328740314509    -0.000100516055339
     0.000253109362592    -0.505583999421580    -0.000853927296770
    -0.000104788907295    -0.000366687574164    -0.012004611629912
23 14
    -1.060445856455530     0.000169028237851     0.000166003337361
     0.000204353580103    -0.585036575833961     0.502338499843964
     0.000418492318785     0.456452768777546    -0.602952822354835
23 15
    -0.708724034646737    -0.203666236622418     0.431191986940466
    -0.203034841210216    -0.943667877464201    -0.248671978529910
     0.390926302737651    -0.225776378511807    -0.607214612575052
23 16
    -0.715429781324170     0.200946848906128    -0.425852143000126
     0.200353374144805    -0.946574095644708    -0.245903526481041
    -0.385692275969308    -0.223359959080900    -0.612382991314244
23 17
     0.368712408142081    -0.809196451272460    -0.000546777304076
    -0.809196451272460    -0.563845569790137     0.001148657199814
    -0.000546777304076     0.001148657199814    -0.804671700710722
23 18
     0.369857021030639     0.810004439287748     0.000224424227057
     0.810004439287748    -0.563689287386773    -0.000221747152631
     0.000224424227057    -0.000221747152631    -0.804895414953724
23 19
     0.039081147651379     0.000143011622753    -0.000518980775747
     0.000143011622753     0.038201064195313    -0.000143142391892
    -0.000518980775747    -0.000143142391892    -1.627801187252823
23 20
    -1.031245082341312    -0.000473418857737     0.001026864650921
    -0.000473418857737     0.833925521011710    -0.000762075031086
     0.001026864650921    -0.000762075031086    -0.804555664107096
23 21
    -0.791321101743168    -0.531405148368889     0.001410416245822
    -0.531405148368889    -1.408228524416498    -0.000416339721712
     0.001410416245822    -0.000416339721712    -0.446337297612456
23 22
    -0.790837332951299     0.530460218732575    -0.000906288532646
     0.530460218732575    -1.404746055198266    -0.000658703021581
    -0.000906288532646    -0.000658703021581    -0.446508915849415
23 23
    16.931202348268549     0.002478665695887    -0.011818226018780
     0.002478665695887    16.919917523152282    -0.002477176532142
    -0.011818226018780    -0.002477176532142    18.724972380918786
23 24
    -1.719479711168178     0.000478957202998     0.000460298762001
     0.000478957202998    -0.485926505208693     0.001321485701862
     0.000460298762001     0.001321485701862    -0.446156091202407
24 1
    -1.689529348297114     1.175315520226274    -1.698615206547301
     1.175854357922564    -0.333131783664621     0.981342415042672
    -1.986913005518192     1.146994550114646    -1.630309491189756
24 2
    -1.689471935365879    -1.176089420899538     1.700705892462686
    -1.176449009453449    -0.333563964701638     0.982960807492558
     1.988560870797439     1.148914678094939    -1.633842438508037
24 3
    -0.656221427999088     0.000045960636510    -0.000154599924611
     0.000034516463585    -0.655128287599274    -0.001325701637839
     0.000098906428860    -0.000366168094339     0.067713421682543
24 4
     0.346317319461137     0.000151062580724     0.000085663093833
    -0.000022732968765    -2.370347439390342    -1.964778693756484
    -0.000314673052343    -2.297626084122715    -1.633858780303653
24 5
    -1.690831666694397     1.176393421706225     1.700472178793152
     1.176995184447188    -0.334920583678517    -0.983073244334986
     1.990309901739032    -1.150037848402828    -1.633820931894783
24 6
    -1.690150574382617    -1.175366472085780    -1.697023086294959
    -1.175688555042998    -0.334277793682805    -0.980540789202727
    -1.986530879806346    -1.147365024400832    -1.628364123416738
24 7
    -0.657189033732008    -0.000542564227047     0.000989806565334
    -0.000557646965835    -0.655859040698255     0.001511926934339
     0.000490074540512     0.000578704020415     0.070075222573372
24 8
     0.345401408348617     0.001338232256776    -0.000909690899043
     0.001069112875072    -2.372002801281008     1.965078157730916
    -0.000953805808923     2.299909290650861    -1.634478759720051
24 9
    -1.061998805283663    -0.000060578381783     0.000086742764063
    -0.000678448748974    -0.593784666593852    -0.496750979153773
     0.000967211578135    -0.450462631599650    -0.609362657608354
24 10
    -0.506105080826331    -0.000254679768154     0.000560113224912
    -0.000327899083620    -0.506129186541551     0.000880029968315
     0.000205354374296     0.000325819426970    -0.012250395326153
24 11
    -0.718395247235972     0.199048023838869     0.423890247097472
     0.198704335159640    -0.947898998248755     0.244735525660843
     0.383206632603624     0.221469543031304    -0.616055002793190
24 12
    -0.717837204450816    -0.200247160762018    -0.424825122812451
    -0.199199484524567    -0.947701071913867     0.245260518669291
    -0.384006049310478     0.222924468619920    -0.614937134851301
24 13
    -1.060445856455530     0.000169028237851     0.000166003337361
     0.000204353580103    -0.585036575833961     0.502338499843964
     0.000418492318785     0.456452768777546    -0.602952822354835
24 14
    -0.505358428004126     0.000328740314509    -0.000100516055339
     0.000253109362592    -0.505583999421580    -0.000853927296770
    -0.000104788907295    -0.000366687574164    -0.012004611629912
24 15
    -0.715429781324170     0.200946848906128    -0.425852143000126
     0.200353374144805    -0.946574095644708    -0.245903526481041
    -0.385692275969308    -0.223359959080900    -0.612382991314244
24 16
    -0.708724034646737    -0.203666236622418     0.431191986940466
    -0.203034841210216    -0.943667877464200    -0.248671978529910
     0.390926302737651    -0.225776378511807    -0.607214612575052
24 17
     0.369857021030639     0.810004439287748     0.000224424227057
     0.810004439287748    -0.563689287386773    -0.000221747152631
     0.000224424227057    -0.000221747152631    -0.804895414953724
24 18
     0.368712408142081    -0.809196451272460    -0.000546777304076
    -0.809196451272460    -0.563845569790137     0.001148657199814
    -0.000546777304076     0.001148657199814    -0.804671700710722
24 19
    -1.031245082341312    -0.000473418857737     0.001026864650921
    -0.000473418857737     0.833925521011710    -0.000762075031086
     0.001026864650921    -0.000762075031086    -0.804555664107096
24 20
     0.039081147651379     0.000143011622753    -0.000518980775747
     0.000143011622753     0.038201064195313    -0.000143142391892
    -0.000518980775747    -0.000143142391892    -1.627801187252822
24 21
    -0.790837332951299     0.530460218732575    -0.000906288532646
     0.530460218732575    -1.404746055198266    -0.000658703021581
    -0.000906288532646    -0.000658703021581    -0.446508915849415
24 22
    -0.791321101743168    -0.531405148368889     0.001410416245822
    -0.531405148368889    -1.408228524416498    -0.000416339721712
     0.001410416245822    -0.000416339721712    -0.446337297612456
24 23
    -1.719479711168178     0.000478957202998     0.000460298762001
     0.000478957202998    -0.485926505208693     0.001321485701862
     0.000460298762001     0.001321485701862    -0.446156091202407
24 24
    16.931202348268553     0.002478665695887    -0.011818226018780
     0.002478665695887    16.919917523152279    -0.002477176532141
    -0.011818226018780    -0.002477176532141    18.724972380918786