# Tetrahedron method
       -1.6865771262        0.0000000000        0.0000000000        0.0000000000        0.0000000000        0.0000000000        0.0000000000        0.0000000000        0.0000000000        0.0000000000        0.0000000000        0.0000000000        0.0000000000        0.0000000000        0.0000000000        0.0000000000        0.0000000000        0.0000000000        0.0000000000        0.0000000000        0.0000000000        0.0000000000        0.0000000000        0.0000000000        0.0000000000        0.0000000000        0.0000000000        0.0000000000        0.0000000000        0.0000000000
       -1.5743324662        0.0000000000        0.0000000000        0.0000000000        0.0000000000        0.0000000000        0.0000000000        0.0000000000        0.0000000000        0.0000000000        0.0000000000        0.0000000000        0.0000000000        0.0000000000        0.0000000000        0.0000000000        0.0000000000        0.0000000000        0.0000000000        0.0000000000        0.0000000000        0.0000000000        0.0000000000        0.0000000000        0.0000000000        0.0000000000        0.0000000000        0.0000000000        0.0000000000        0.0000000000
       -1.4620878062        0.0000000000        0.0000000000        0.0000000000        0.0000000000        0.0000000000        0.0000000000        0.0000000000        0.0000000000        0.0000000000        0.0000000000        0.0000000000        0.0000000000        0.0000000000        0.0000000000        0.0000000000        0.0000000000        0.0000000000        0.0000000000        0.0000000000        0.0000000000        0.0000000000        0.0000000000        0.0000000000        0.0000000000        0.0000000000        0.0000000000        0.0000000000        0.0000000000        0.0000000000
       -1.3498431462        0.0000000000        0.0000000000        0.0000000000        0.0000000000        0.0000000000        0.0000000000        0.0000000000        0.0000000000        0.0000000000        0.0000000000        0.0000000000        0.0000000000        0.0000000000        0.0000000000        0.0000000000        0.0000000000        0.0000000000        0.0000000000        0.0000000000        0.0000000000        0.0000000000        0.0000000000        0.0000000000        0.0000000000        0.0000000000        0.0000000000        0.0000000000        0.0000000000        0.0000000000
       -1.2375984861        0.0000000000        0.0000000000        0.0000000000        0.0000000000        0.0000000000        0.0000000000        0.0000000000        0.0000000000        0.0000000000        0.0000000000        0.0000000000        0.0000000000        0.0000000000        0.0000000000        0.0000000000        0.0000000000        0.0000000000        0.0000000000        0.0000000000        0.0000000000        0.0000000000        0.0000000000        0.0000000000        0.0000000000        0.0000000000        0.0000000000        0.0000000000        0.0000000000        0.0000000000
       -1.1253538261        0.0000000000        0.0000000000        0.0000000000        0.0000000000        0.0000000000        0.0000000000        0.0000000000        0.0000000000        0.0000000000        0.0000000000        0.0000000000        0.0000000000        0.0000000000        0.0000000000        0.0000000000        0.0000000000        0.0000000000        0.0000000000        0.0000000000        0.0000000000        0.0000000000        0.0000000000        0.0000000000        0.0000000000        0.0000000000        0.0000000000        0.0000000000        0.0000000000        0.0000000000
       -1.0131091661        0.0000000000        0.0000000000        0.0000000000        0.0000000000        0.0000000000        0.0000000000        0.0000000000        0.0000000000        0.0000000000        0.0000000000        0.0000000000        0.0000000000        0.0000000000        0.0000000000        0.0000000000        0.0000000000        0.0000000000        0.0000000000        0.0000000000        0.0000000000        0.0000000000        0.0000000000        0.0000000000        0.0000000000        0.0000000000        0.0000000000        0.0000000000        0.0000000000        0.0000000000
       -0.9008645061        0.0000000000        0.0000000000        0.0000000000        0.0000000000        0.0000000000        0.0000000000        0.0000000000        0.0000000000        0.0000000000        0.0000000000        0.0000000000        0.0000000000        0.0000000000        0.0000000000        0.0000000000        0.0000000000        0.0000000000        0.0000000000        0.0000000000        0.0000000000        0.0000000000        0.0000000000        0.0000000000        0.0000000000        0.0000000000        0.0000000000        0.0000000000        0.0000000000        0.0000000000
       -0.7886198460        0.0000000000        0.0000000000        0.0000000000        0.0000000000        0.0000000000        0.0000000000        0.0000000000        0.0000000000        0.0000000000        0.0000000000        0.0000000000        0.0000000000        0.0000000000        0.0000000000        0.0000000000        0.0000000000        0.0000000000        0.0000000000        0.0000000000        0.0000000000        0.0000000000        0.0000000000        0.0000000000        0.0000000000        0.0000000000        0.0000000000        0.0000000000        0.0000000000        0.0000000000
       -0.6763751860        0.0000000000        0.0000000000        0.0000000000        0.0000000000        0.0000000000        0.0000000000        0.0000000000        0.0000000000        0.0000000000        0.0000000000        0.0000000000        0.0000000000        0.0000000000        0.0000000000        0.0000000000        0.0000000000        0.0000000000        0.0000000000        0.0000000000        0.0000000000        0.0000000000        0.0000000000        0.0000000000        0.0000000000        0.0000000000        0.0000000000        0.0000000000        0.0000000000        0.0000000000
       -0.5641305260        0.0000000000        0.0000000000        0.0000000000        0.0000000000        0.0000000000        0.0000000000        0.0000000000        0.0000000000        0.0000000000        0.0000000000        0.0000000000        0.0000000000        0.0000000000        0.0000000000        0.0000000000        0.0000000000        0.0000000000        0.0000000000        0.0000000000        0.0000000000        0.0000000000        0.0000000000        0.0000000000        0.0000000000        0.0000000000        0.0000000000        0.0000000000        0.0000000000        0.0000000000
       -0.4518858660        0.0000000000        0.0000000000        0.0000000000        0.0000000000        0.0000000000        0.0000000000        0.0000000000        0.0000000000        0.0000000000        0.0000000000        0.0000000000        0.0000000000        0.0000000000        0.0000000000        0.0000000000        0.0000000000        0.0000000000        0.0000000000        0.0000000000        0.0000000000        0.0000000000        0.0000000000        0.0000000000        0.0000000000        0.0000000000        0.0000000000        0.0000000000        0.0000000000        0.0000000000
       -0.3396412059        0.0000000000        0.0000000000        0.0000000000        0.0000000000        0.0000000000        0.0000000000        0.0000000000        0.0000000000        0.0000000000        0.0000000000        0.0000000000        0.0000000000        0.0000000000        0.0000000000        0.0000000000        0.0000000000        0.0000000000        0.0000000000        0.0000000000        0.0000000000        0.0000000000        0.0000000000        0.0000000000        0.0000000000        0.0000000000        0.0000000000        0.0000000000        0.0000000000        0.0000000000
       -0.2273965459        0.0000000000        0.0000000000        0.0000000000        0.0000000000        0.0000000000        0.0000000000        0.0000000000        0.0000000000        0.0000000000        0.0000000000        0.0000000000        0.0000000000        0.0000000000        0.0000000000        0.0000000000        0.0000000000        0.0000000000        0.0000000000        0.0000000000        0.0000000000        0.0000000000        0.0000000000        0.0000000000        0.0000000000        0.0000000000        0.0000000000        0.0000000000        0.0000000000        0.0000000000
       -0.1151518859        0.0000000000        0.0000000000        0.0000000000        0.0000000000        0.0000000000        0.0000000000        0.0000000000        0.0000000000        0.0000000000        0.0000000000        0.0000000000        0.0000000000        0.0000000000        0.0000000000        0.0000000000        0.0000000000        0.0000000000        0.0000000000        0.0000000000        0.0000000000        0.0000000000        0.0000000000        0.0000000000        0.0000000000        0.0000000000        0.0000000000        0.0000000000        0.0000000000        0.0000000000
       -0.0029072259        0.0000000000        0.0000000000        0.0000000000        0.0000000000        0.0000000000        0.0000000000        0.0000000000        0.0000000000        0.0000000000        0.0000000000        0.0000000000        0.0000000000        0.0000000000        0.0000000000        0.0000000000        0.0000000000        0.0000000000        0.0000000000        0.0000000000        0.0000000000        0.0000000000        0.0000000000        0.0000000000        0.0000000000        0.0000000000        0.0000000000        0.0000000000        0.0000000000        0.0000000000
        0.1093374341        0.0000000000        0.0000000000        0.0000000000        0.0000000000        0.0000000000        0.0000000000        0.0000000000        0.0000000000        0.0000000000        0.0000000000        0.0000000000        0.0000000000        0.0000000000        0.0000000000        0.0000000000        0.0000000000        0.0000000000        0.0000000000        0.0000000000        0.0000000000        0.0000000000        0.0000000000        0.0000000000        0.0000000000        0.0000000000        0.0000000000        0.0000000000        0.0000000000        0.0000000000
        0.2215820942        0.0000168770        0.0000168773        0.0000168773        0.0000168773        0.0000168773        0.0000168770        0.0000735024        0.0000731955        0.0000731955        0.0000731979        0.0000731977        0.0000731979        0.0000731977        0.0000731556        0.0000731835        0.0000731979        0.0000731977        0.0000731975        0.0000731560        0.0000731331        0.0000731556        0.0000731560        0.0000731556        0.0000731331        0.0000731979        0.0000731977        0.0000731975        0.0000731835        0.0000731556
        0.3338267542        0.0000699485        0.0000699489        0.0000699489        0.0000699489        0.0000699489        0.0000699485        0.0003076575        0.0003042260        0.0003042260        0.0003042295        0.0003042029        0.0003042295        0.0003042029        0.0003037832        0.0003039579        0.0003042295        0.0003042029        0.0003042027        0.0003037838        0.0003036961        0.0003037832        0.0003037838        0.0003037832        0.0003036961        0.0003042295        0.0003042029        0.0003042027        0.0003039579        0.0003037832
        0.4460714142        0.0001418004        0.0001418018        0.0001418018        0.0001418018        0.0001418018        0.0001418004        0.0006309200        0.0006188070        0.0006188070        0.0006188175        0.0006187051        0.0006188175        0.0006187051        0.0006170735        0.0006179538        0.0006188175        0.0006187051        0.0006187047        0.0006170752        0.0006171796        0.0006170735        0.0006170752        0.0006170735        0.0006171796        0.0006188175        0.0006187051        0.0006187047        0.0006179538        0.0006170735
        0.5583160742        0.0002344710        0.0002344746        0.0002344746        0.0002344746        0.0002344746        0.0002344710        0.0010586167        0.0010274783        0.0010274783        0.0010275062        0.0010274174        0.0010275062        0.0010274174        0.0010231339        0.0010255191        0.0010275062        0.0010274174        0.0010274162        0.0010231384        0.0010231820        0.0010231339        0.0010231384        0.0010231339        0.0010231820        0.0010275062        0.0010274174        0.0010274162        0.0010255191        0.0010231339
        0.6705607343        0.0003423327        0.0003423344        0.0003423344        0.0003423344        0.0003423344        0.0003423327        0.0015736439        0.0015079244        0.0015079244        0.0015079388        0.0015077627        0.0015079388        0.0015077627        0.0014986727        0.0015038870        0.0015079388        0.0015077627        0.0015077632        0.0014986748        0.0014988491        0.0014986727        0.0014986748        0.0014986727        0.0014988491        0.0015079388        0.0015077627        0.0015077632        0.0015038870        0.0014986727
        0.7828053943        0.0004713327        0.0004713401        0.0004713401        0.0004713401        0.0004713401        0.0004713327        0.0022156050        0.0020891615        0.0020891615        0.0020892238        0.0020892049        0.0020892238        0.0020892049        0.0020718120        0.0020816490        0.0020892238        0.0020892049        0.0020892096        0.0020718207        0.0020716315        0.0020718120        0.0020718207        0.0020718120        0.0020716315        0.0020892238        0.0020892049        0.0020892096        0.0020816490        0.0020718120
        0.8950500543        0.0006208293        0.0006208317        0.0006208317        0.0006208317        0.0006208317        0.0006208293        0.0029956272        0.0027721970        0.0027721970        0.0027722163        0.0027720188        0.0027722163        0.0027720188        0.0027414009        0.0027588462        0.0027722163        0.0027720188        0.0027720195        0.0027414038        0.0027416825        0.0027414009        0.0027414038        0.0027414009        0.0027416825        0.0027722163        0.0027720188        0.0027720195        0.0027588462        0.0027414009
        1.0072947143        0.0007949052        0.0007949071        0.0007949071        0.0007949071        0.0007949071        0.0007949052        0.0039521598        0.0035792460        0.0035792460        0.0035792629        0.0035792184        0.0035792629        0.0035792184        0.0035281425        0.0035576441        0.0035792628        0.0035792184        0.0035792216        0.0035281445        0.0035282290        0.0035281425        0.0035281445        0.0035281425        0.0035282290        0.0035792628        0.0035792184        0.0035792216        0.0035576441        0.0035281425
        1.1195393744        0.0009839373        0.0009839488        0.0009839488        0.0009839488        0.0009839488        0.0009839373        0.0050645937        0.0044734274        0.0044734274        0.0044735389        0.0044728792        0.0044735389        0.0044728792        0.0043926003        0.0044394323        0.0044735389        0.0044728792        0.0044729079        0.0043926125        0.0043924865        0.0043926003        0.0043926125        0.0043926003        0.0043924865        0.0044735389        0.0044728792        0.0044729079        0.0044394323        0.0043926003
        1.2317840344        0.0011990343        0.0011990375        0.0011990375        0.0011990375        0.0011990375        0.0011990343        0.0064251950        0.0055118389        0.0055118389        0.0055118680        0.0055112366        0.0055118680        0.0055112366        0.0053879276        0.0054596001        0.0055118680        0.0055112366        0.0055112425        0.0053879311        0.0053882710        0.0053879276        0.0053879311        0.0053879276        0.0053882710        0.0055118680        0.0055112366        0.0055112425        0.0054596001        0.0053879276
        1.3440286944        0.0014325885        0.0014325849        0.0014325849        0.0014325849        0.0014325849        0.0014325885        0.0080361291        0.0066675267        0.0066675267        0.0066674920        0.0066680395        0.0066674920        0.0066680395        0.0064844219        0.0065901229        0.0066674920        0.0066680395        0.0066680311        0.0064844180        0.0064841154        0.0064844219        0.0064844180        0.0064844219        0.0064841154        0.0066674920        0.0066680395        0.0066680311        0.0065901229        0.0064844219
        1.4562733544        0.0016830444        0.0016829813        0.0016829813        0.0016829813        0.0016829813        0.0016830444        0.0099432444        0.0079446395        0.0079446395        0.0079440384        0.0079443699        0.0079440384        0.0079443699        0.0076788053        0.0078306284        0.0079440384        0.0079443699        0.0079442276        0.0076787366        0.0076792284        0.0076788053        0.0076787366        0.0076788053        0.0076792284        0.0079440384        0.0079443699        0.0079442276        0.0078306284        0.0076788053
        1.5685180144        0.0019566884        0.0019566712        0.0019566712        0.0019566712        0.0019566712        0.0019566884        0.0122532147        0.0093829008        0.0093829008        0.0093827366        0.0093825067        0.0093827366        0.0093825067        0.0090047542        0.0092194915        0.0093827366        0.0093825067        0.0093824672        0.0090047356        0.0090048520        0.0090047542        0.0090047356        0.0090047542        0.0090048520        0.0093827366        0.0093825067        0.0093824672        0.0092194915        0.0090047542
        1.6807626745        0.0022530137        0.0022530141        0.0022530141        0.0022530141        0.0022530141        0.0022530137        0.0150709884        0.0109985978        0.0109985978        0.0109985988        0.0109967284        0.0109985988        0.0109967284        0.0104674079        0.0107640595        0.0109985988        0.0109967284        0.0109967250        0.0104674084        0.0104676534        0.0104674079        0.0104674084        0.0104674079        0.0104676534        0.0109985988        0.0109967284        0.0109967250        0.0107640595        0.0104674079
        1.7930073345        0.0025705354        0.0025705233        0.0025705233        0.0025705233        0.0025705233        0.0025705354        0.0185195331        0.0128020409        0.0128020409        0.0128018390        0.0128018146        0.0128018390        0.0128018146        0.0120662727        0.0124701053        0.0128018389        0.0128018146        0.0128016510        0.0120662644        0.0120663717        0.0120662727        0.0120662644        0.0120662727        0.0120663717        0.0128018389        0.0128018146        0.0128016510        0.0124701053        0.0120662727
        1.9052519945        0.0029014125        0.0029014082        0.0029014082        0.0029014082        0.0029014082        0.0029014125        0.0227237625        0.0147806582        0.0147806582        0.0147805891        0.0147815825        0.0147805891        0.0147815825        0.0137728507        0.0143125109        0.0147805891        0.0147815824        0.0147815282        0.0137728476        0.0137724928        0.0137728507        0.0137728476        0.0137728507        0.0137724928        0.0147805891        0.0147815824        0.0147815282        0.0143125109        0.0137728507
        2.0174966545        0.0032499955        0.0032499983        0.0032499983        0.0032499983        0.0032499983        0.0032499955        0.0279653182        0.0169887495        0.0169887495        0.0169887773        0.0169892473        0.0169887773        0.0169892473        0.0156154436        0.0163283941        0.0169887773        0.0169892473        0.0169892555        0.0156154463        0.0156157473        0.0156154436        0.0156154463        0.0156154436        0.0156157473        0.0169887773        0.0169892473        0.0169892555        0.0163283941        0.0156154436
        2.1297413146        0.0036136897        0.0036136800        0.0036136800        0.0036136800        0.0036136800        0.0036136897        0.0345937450        0.0194578214        0.0194578214        0.0194575579        0.0194555903        0.0194575579        0.0194555903        0.0175938829        0.0185225530        0.0194575579        0.0194555903        0.0194552688        0.0175938787        0.0175936460        0.0175938829        0.0175938787        0.0175938829        0.0175936460        0.0194575579        0.0194555903        0.0194552688        0.0185225530        0.0175938829
        2.2419859746        0.0039966725        0.0039966718        0.0039966718        0.0039966718        0.0039966718        0.0039966725        0.0431617323        0.0222651659        0.0222651659        0.0222651271        0.0222611228        0.0222651271        0.0222611228        0.0197386073        0.0209368616        0.0222651271        0.0222611228        0.0222610640        0.0197386077        0.0197398635        0.0197386073        0.0197386077        0.0197386073        0.0197398635        0.0222651271        0.0222611228        0.0222610640        0.0209368616        0.0197386073
        2.3542306346        0.0043923174        0.0043923231        0.0043923231        0.0043923231        0.0043923231        0.0043923174        0.0544065741        0.0254547516        0.0254547516        0.0254548209        0.0254557386        0.0254548209        0.0254557386        0.0220313528        0.0235614908        0.0254548211        0.0254557388        0.0254557726        0.0220313579        0.0220303412        0.0220313528        0.0220313579        0.0220313528        0.0220303412        0.0254548211        0.0254557388        0.0254557726        0.0235614908        0.0220313528
        2.4664752946        0.0047919128        0.0047919082        0.0047919084        0.0047919084        0.0047919082        0.0047919128        0.0694588901        0.0291022975        0.0291022975        0.0291019435        0.0291029368        0.0291019435        0.0291029370        0.0244431685        0.0263768066        0.0291019484        0.0291029420        0.0291022993        0.0244431669        0.0244444295        0.0244431688        0.0244431669        0.0244431688        0.0244444295        0.0291019484        0.0291029418        0.0291022994        0.0263768066        0.0244431685
        2.5787199547        0.0051947115        0.0051947189        0.0051947189        0.0051947189        0.0051947189        0.0051947115        0.0903799225        0.0333874160        0.0333874160        0.0333875374        0.0333835646        0.0333875374        0.0333835646        0.0269900665        0.0294098471        0.0333875372        0.0333835644        0.0333836718        0.0269900729        0.0269890078        0.0269900665        0.0269900729        0.0269900665        0.0269890078        0.0333875372        0.0333835644        0.0333836718        0.0294098471        0.0269900665
        2.6909646147        0.0055878365        0.0055878522        0.0055878608        0.0055878608        0.0055878522        0.0055878365        0.1205681340        0.0385345230        0.0385345230        0.0385348035        0.0385172057        0.0385348035        0.0385171998        0.0296236995        0.0326216750        0.0385350426        0.0385175623        0.0385178428        0.0296237217        0.0296275441        0.0296237086        0.0296237217        0.0296237086        0.0296275441        0.0385350426        0.0385175681        0.0385178369        0.0326216750        0.0296236995
        2.8032092747        0.0059682298        0.0059682758        0.0059683205        0.0059683205        0.0059682758        0.0059682298        0.1669961534        0.0450469900        0.0450469900        0.0450477913        0.0450690130        0.0450477913        0.0450689826        0.0323571165        0.0360358872        0.0450490441        0.0450708804        0.0450716664        0.0323572018        0.0323494984        0.0323571640        0.0323572018        0.0323571640        0.0323494984        0.0450490441        0.0450709108        0.0450716360        0.0360358872        0.0323571165
        2.9154539347        0.0063165768        0.0063165787        0.0063165607        0.0063165607        0.0063165787        0.0063165768        0.2446384179        0.0539782819        0.0539782819        0.0539783348        0.0540198319        0.0539783348        0.0540198441        0.0351003022        0.0395826278        0.0539778314        0.0540190822        0.0540191508        0.0351002851        0.0351022918        0.0351002831        0.0351002851        0.0351002831        0.0351022918        0.0539778314        0.0540190701        0.0540191629        0.0395826278        0.0351003022
        3.0276985947        0.0066403463        0.0066403599        0.0066403123        0.0066403123        0.0066403599        0.0066403463        0.3962886207        0.0684446420        0.0684446420        0.0684464930        0.0684192907        0.0684464930        0.0684193224        0.0379019241        0.0433659376        0.0684452440        0.0684175201        0.0684219198        0.0379019612        0.0378813685        0.0379018775        0.0379019612        0.0379018775        0.0378813685        0.0684452440        0.0684174884        0.0684219515        0.0433659376        0.0379019241
        3.1399432548        0.0072482648        0.0072483158        0.0072483185        0.0072483185        0.0072483158        0.0072482648        0.8383051423        0.1050470556        0.1050470556        0.1050572449        0.1055416333        0.1050572449        0.1055416291        0.0422326376        0.0494914848        0.1050577955        0.1055429867        0.1055681130        0.0422331293        0.0423024638        0.0422326628        0.0422331293        0.0422326628        0.0423024638        0.1050577955        0.1055429909        0.1055681089        0.0494914848        0.0422326376
        3.2521879148        0.0070730444        0.0070730444        0.0070730444        0.0070730444        0.0070730444        0.0070730444        2.5436812174        0.2071917274        0.2071917274        0.2071917274        0.2082095759        0.2071917274        0.2082095759        0.0362075114        0.0427669545        0.2071917274        0.2082095759        0.2082095759        0.0362075114        0.0362153510        0.0362075114        0.0362075114        0.0362075114        0.0362153510        0.2071917274        0.2082095759        0.2082095759        0.0427669545        0.0362075114
        3.3644325748        0.0025626453        0.0025626453        0.0025626453        0.0025626453        0.0025626453        0.0025626453        0.4760156031        0.0485195460        0.0485195460        0.0485195460        0.0483173604        0.0485195460        0.0483173604        0.0170087104        0.0214178414        0.0485195460        0.0483173604        0.0483173604        0.0170087104        0.0170294434        0.0170087104        0.0170087104        0.0170087104        0.0170294434        0.0485195460        0.0483173604        0.0483173604        0.0214178414        0.0170087104
        3.4766772348        0.0047337070        0.0047332204        0.0047332245        0.0047332245        0.0047332204        0.0047337070        0.4897178327        0.0506298143        0.0506298143        0.0506270914        0.0512146532        0.0506270914        0.0512146534        0.0268460577        0.0277649710        0.0506271145        0.0512146697        0.0512127366        0.0268462647        0.0274850324        0.0268460559        0.0268462647        0.0268460559        0.0274850324        0.0506271145        0.0512146695        0.0512127367        0.0277649710        0.0268460577
        3.5889218949        0.0283729202        0.0283744368        0.0283723896        0.0283723896        0.0283744368        0.0283729202        2.7236052728        0.1522541323        0.1522541323        0.1522563319        0.1514439353        0.1522563319        0.1514438498        0.1119604001        0.1433042992        0.1522533798        0.1514223715        0.1514395657        0.1119602980        0.1115944308        0.1119608718        0.1119602980        0.1119608718        0.1115944308        0.1522533798        0.1514224569        0.1514394803        0.1433042992        0.1119604001
        3.7011665549        0.0297602211        0.0297643771        0.0297643771        0.0297643771        0.0297643771        0.0297602211        2.9675530775        0.2029997471        0.2029997471        0.2030068093        0.2036691702        0.2030068093        0.2036691702        0.1441359515        0.1999361708        0.2030068093        0.2036691701        0.2037240358        0.1441323648        0.1447324210        0.1441359515        0.1441323648        0.1441359515        0.1447324210        0.2030068093        0.2036691701        0.2037240358        0.1999361708        0.1441359515
        3.8134112149        0.0193303036        0.0193303036        0.0193303036        0.0193303036        0.0193303036        0.0193303036        1.7222452920        0.1296292948        0.1296292948        0.1296292948        0.1279882618        0.1296292948        0.1279882618        0.1426360373        0.2322629897        0.1296292948        0.1279882618        0.1279882618        0.1426360373        0.1418239501        0.1426360373        0.1426360373        0.1426360373        0.1418239501        0.1296292948        0.1279882618        0.1279882618        0.2322629897        0.1426360373
        3.9256558749        0.0181797925        0.0181797925        0.0181797925        0.0181797925        0.0181797925        0.0181797925        1.3165802090        0.1000798787        0.1000798787        0.1000798787        0.1013040213        0.1000798787        0.1013040213        0.2264844940        0.3384219192        0.1000798787        0.1013040213        0.1013040213        0.2264844940        0.2283070488        0.2264844940        0.2264844940        0.2264844940        0.2283070488        0.1000798787        0.1013040213        0.1013040213        0.3384219192        0.2264844940
        4.0379005350        0.0147407707        0.0147407707        0.0147407707        0.0147407707        0.0147407707        0.0147407707        0.7887465246        0.0735113771        0.0735113771        0.0735113771        0.0730904831        0.0735113771        0.0730904831        0.2739481651        0.3314946552        0.0735113771        0.0730904831        0.0730904831        0.2739481651        0.2746122811        0.2739481651        0.2739481651        0.2739481651        0.2746122811        0.0735113771        0.0730904831        0.0730904831        0.3314946552        0.2739481651
        4.1501451950        0.0131104460        0.0131056432        0.0131056432        0.0131056432        0.0131056432        0.0131104460        0.4173419422        0.0632258369        0.0632258369        0.0632337273        0.0639735266        0.0632337273        0.0639735266        0.2312920390        0.3053270945        0.0632337273        0.0639735266        0.0640720054        0.2313437449        0.2305256739        0.2312920390        0.2313437449        0.2312920390        0.2305256739        0.0632337273        0.0639735266        0.0640720054        0.3053270945        0.2312920390
        4.2623898550        0.0163154729        0.0163184471        0.0163184471        0.0163184471        0.0163184471        0.0163154729        0.3102130239        0.0833451539        0.0833451539        0.0833525709        0.0838050414        0.0833525709        0.0838050414        0.2019844130        0.4191990302        0.0833525709        0.0838050414        0.0837190607        0.2019408924        0.2074405294        0.2019844130        0.2019408924        0.2019844130        0.2074405294        0.0833525709        0.0838050414        0.0837190607        0.4191990302        0.2019844130
        4.3746345150        0.0131124563        0.0131107244        0.0131107244        0.0131107244        0.0131107244        0.0131124563        0.1804439241        0.0690893864        0.0690893864        0.0690755268        0.0670194460        0.0690755268        0.0670194460        0.1218326070        0.2623601703        0.0690755268        0.0670194460        0.0670849558        0.1218670625        0.1234950818        0.1218326070        0.1218670625        0.1218326070        0.1234950818        0.0690755268        0.0670194460        0.0670849558        0.2623601703        0.1218326070
        4.4868791750        0.0167502909        0.0167503051        0.0167503051        0.0167503051        0.0167503051        0.0167502909        0.1810718035        0.0847789519        0.0847789519        0.0847825572        0.0850302694        0.0847825572        0.0850302694        0.1713936209        0.2873376919        0.0847825572        0.0850302694        0.0850245983        0.1713897712        0.1717538534        0.1713936209        0.1713897712        0.1713936209        0.1717538534        0.0847825572        0.0850302694        0.0850245983        0.2873376919        0.1713936209
        4.5991238351        0.0248193001        0.0248192285        0.0248192285        0.0248192285        0.0248192285        0.0248193001        0.1881643322        0.1094296246        0.1094296246        0.1094754015        0.1088275013        0.1094754015        0.1088275013        0.1947445513        0.2599956948        0.1094754015        0.1088275013        0.1087625181        0.1946983903        0.1945190167        0.1947445513        0.1946983903        0.1947445513        0.1945190167        0.1094754015        0.1088275013        0.1087625181        0.2599956948        0.1947445513
        4.7113684951        0.0185407211        0.0185409892        0.0185409892        0.0185409892        0.0185409892        0.0185407211        0.1408621181        0.1168079940        0.1168079940        0.1167686830        0.1190072044        0.1167686830        0.1190072044        0.1649970176        0.2410734214        0.1167686830        0.1190072044        0.1190570006        0.1650352961        0.1620661117        0.1649970176        0.1650352961        0.1649970176        0.1620661117        0.1167686830        0.1190072044        0.1190570006        0.2410734214        0.1649970176
        4.8236131551        0.0242195107        0.0242195463        0.0242195463        0.0242195463        0.0242195463        0.0242195107        0.2648590318        0.1752496256        0.1752496256        0.1752472152        0.1772558939        0.1752472152        0.1772558939        0.1817309896        0.2728512158        0.1752472152        0.1772558939        0.1772583899        0.1817333262        0.1851094350        0.1817309896        0.1817333262        0.1817309896        0.1851094350        0.1752472152        0.1772558939        0.1772583899        0.2728512158        0.1817309896
        4.9358578151        0.0304538192        0.0304538055        0.0304538055        0.0304538055        0.0304538055        0.0304538192        0.2587811648        0.2047658274        0.2047658274        0.2047663733        0.2010725522        0.2047663733        0.2010725522        0.2063480456        0.3591025617        0.2047663733        0.2010725522        0.2010721527        0.2063475636        0.2052770135        0.2063480456        0.2063475636        0.2063480456        0.2052770135        0.2047663733        0.2010725522        0.2010721527        0.3591025617        0.2063480456
        5.0481024752        0.0353425912        0.0353413781        0.0353413781        0.0353413781        0.0353413781        0.0353425912        0.2152703687        0.2389980716        0.2389980716        0.2390308618        0.2420634055        0.2390308618        0.2420634055        0.2123860546        0.3524654906        0.2390308618        0.2420634055        0.2420502940        0.2123545011        0.2121394981        0.2123860546        0.2123545011        0.2123860546        0.2121394981        0.2390308618        0.2420634055        0.2420502940        0.3524654906        0.2123860546
        5.1603471352        0.0368583725        0.0368605752        0.0368605752        0.0368605752        0.0368605752        0.0368583725        0.1902632987        0.3037729644        0.3037729644        0.3037251741        0.3048063511        0.3037251741        0.3048063511        0.2617711506        0.4044142107        0.3037251741        0.3048063511        0.3048170363        0.2618298933        0.2587885124        0.2617711506        0.2618298933        0.2617711506        0.2587885124        0.3037251741        0.3048063511        0.3048170363        0.4044142107        0.2617711506
        5.2725917952        0.0307306591        0.0307251883        0.0307251883        0.0307251883        0.0307251883        0.0307306591        0.1627077398        0.3231911172        0.3231911172        0.3232738733        0.3249319541        0.3232738733        0.3249319541        0.2602690537        0.4270022826        0.3232738733        0.3249319541        0.3249199130        0.2600792276        0.2610259029        0.2602690537        0.2600792276        0.2602690537        0.2610259029        0.3232738733        0.3249319541        0.3249199130        0.4270022826        0.2602690537
        5.3848364552        0.0244600402        0.0243672668        0.0243672668        0.0243672668        0.0243672668        0.0244600402        0.1469390037        0.3997464389        0.3997464389        0.4002886883        0.3895666547        0.4002886883        0.3895666547        0.2166412300        0.4001987855        0.4002886883        0.3895666547        0.3890479868        0.2185987678        0.2189848432        0.2166412300        0.2185987678        0.2166412300        0.2189848432        0.4002886883        0.3895666547        0.3890479868        0.4001987855        0.2166412300
        5.4970811153        0.0282663749        0.0282727428        0.0282727428        0.0282727428        0.0282727428        0.0282663749        0.2787313892        0.9997549120        0.9997549120        0.9997574717        1.0053486966        0.9997574717        1.0053486966        0.4388079612        0.8062014210        0.9997574717        1.0053486966        1.0052229166        0.4385674465        0.4363907131        0.4388079612        0.4385674465        0.4388079612        0.4363907131        0.9997574717        1.0053486966        1.0052229166        0.8062014210        0.4388079612
        5.6093257753        0.0145252969        0.0145163159        0.0145163159        0.0145163159        0.0145163159        0.0145252969        0.1733791686        0.6530986854        0.6530986854        0.6522635192        0.6530462370        0.6522635192        0.6530462370        0.3151654180        0.4095002266        0.6522635192        0.6530462370        0.6530016773        0.3159290131        0.3220778949        0.3151654180        0.3159290131        0.3151654180        0.3220778949        0.6522635192        0.6530462370        0.6530016773        0.4095002266        0.3151654180
        5.7215704353        0.0183241984        0.0183294606        0.0183294606        0.0183294606        0.0183294606        0.0183241984        0.1724481283        0.6470289974        0.6470289974        0.6463573231        0.6455082360        0.6463573231        0.6455082360        0.3112484896        0.8223579508        0.6463573231        0.6455082360        0.6453725097        0.3116492606        0.3146034573        0.3112484896        0.3116492606        0.3112484896        0.3146034573        0.6463573231        0.6455082360        0.6453725097        0.8223579508        0.3112484896
        5.8338150953        0.0203891815        0.0203825776        0.0203825776        0.0203825776        0.0203825776        0.0203891815        0.1212679932        0.7696594339        0.7696594339        0.7693590057        0.7789141591        0.7693590057        0.7789141591        0.3576474108        0.8993053082        0.7693590057        0.7789141591        0.7790655389        0.3577458910        0.3639445399        0.3576474108        0.3577458910        0.3576474108        0.3639445399        0.7693590057        0.7789141591        0.7790655389        0.8993053082        0.3576474108
        5.9460597553        0.0131970502        0.0131970502        0.0131970502        0.0131970502        0.0131970502        0.0131970502        0.0637524499        0.4276863123        0.4276863123        0.4276863123        0.4270912085        0.4276863123        0.4270912085        0.2201739828        0.7130573616        0.4276863123        0.4270912085        0.4270912085        0.2201739828        0.2271140548        0.2201739828        0.2201739828        0.2201739828        0.2271140548        0.4276863123        0.4270912085        0.4270912085        0.7130573616        0.2201739828
        6.0583044154        0.0153417609        0.0153402690        0.0153402690        0.0153402690        0.0153402690        0.0153417609        0.0246390004        0.4706670463        0.4706670463        0.4699872767        0.4720256821        0.4699872767        0.4720256821        0.2497802974        0.9805457313        0.4699872767        0.4720256821        0.4719611776        0.2501350425        0.2527351642        0.2497802974        0.2501350425        0.2497802974        0.2527351642        0.4699872767        0.4720256821        0.4719611776        0.9805457313        0.2497802974
        6.1705490754        0.0365924364        0.0365866101        0.0365866101        0.0365866101        0.0365866101        0.0365924364        0.0482259053        0.4323631314        0.4323631314        0.4313567667        0.4353472644        0.4313567667        0.4353472644        0.2707457553        1.4966247062        0.4313567667        0.4353472644        0.4353749384        0.2710921752        0.2698785742        0.2707457553        0.2710921752        0.2707457553        0.2698785742        0.4313567667        0.4353472644        0.4353749384        1.4966247062        0.2707457553
        6.2827937354        0.0186214286        0.0186214286        0.0186214286        0.0186214286        0.0186214286        0.0186214286        0.0596803647        0.3038275656        0.3038275656        0.3038275656        0.3011624047        0.3038275656        0.3011624047        0.1833979218        0.8266100813        0.3038275656        0.3011624047        0.3011624047        0.1833979218        0.1855232344        0.1833979218        0.1833979218        0.1833979218        0.1855232344        0.3038275656        0.3011624047        0.3011624047        0.8266100813        0.1833979218
        6.3950383954        0.0954351614        0.0960640488        0.0960640488        0.0960640488        0.0960640488        0.0954351614        0.1382576244        0.5729190248        0.5729190248        0.5731177376        0.5710853018        0.5731177376        0.5710853018        0.4439114507        1.4505032159        0.5731177376        0.5710853018        0.5692675726        0.4416451694        0.4440542443        0.4439114507        0.4416451694        0.4439114507        0.4440542443        0.5731177376        0.5710853018        0.5692675726        1.4505032159        0.4439114507
        6.5072830555        0.0421137884        0.0420907611        0.0420907611        0.0420907611        0.0420907611        0.0421137884        0.0935332304        0.2693569802        0.2693569802        0.2693436024        0.2696117163        0.2693436024        0.2696117163        0.2908431214        0.9409443660        0.2693436024        0.2696117163        0.2696140454        0.2909034902        0.2909419588        0.2908431214        0.2909034902        0.2908431214        0.2909419588        0.2693436024        0.2696117163        0.2696140454        0.9409443660        0.2908431214
        6.6195277155        0.0490261607        0.0488181352        0.0488181352        0.0488181352        0.0488181352        0.0490261607        0.1545238097        0.3255577246        0.3255577246        0.3253797511        0.3254439911        0.3253797511        0.3254439911        0.4202385524        1.3232184749        0.3253797511        0.3254439911        0.3255609441        0.4207811631        0.4272701383        0.4202385524        0.4207811631        0.4202385524        0.4272701383        0.3253797511        0.3254439911        0.3255609441        1.3232184749        0.4202385524
        6.7317723755        0.0766088157        0.0766859729        0.0766859729        0.0766859729        0.0766859729        0.0766088157        0.1349212623        0.3586713690        0.3586713690        0.3589467566        0.3533038792        0.3589467566        0.3533038792        0.5847741477        1.3903362039        0.3589467566        0.3533038792        0.3531825396        0.5841134510        0.5861471689        0.5847741477        0.5841134510        0.5847741477        0.5861471689        0.3589467566        0.3533038792        0.3531825396        1.3903362039        0.5847741477
        6.8440170355        0.2125504484        0.2128241879        0.2128241879        0.2128241879        0.2128241879        0.2125504484        0.1067193820        0.7373012068        0.7373012068        0.7374966716        0.7223900484        0.7374966716        0.7223900484        1.2403234956        2.2449931500        0.7374966716        0.7223900484        0.7228484332        1.2395429812        1.2475420557        1.2403234956        1.2395429812        1.2403234956        1.2475420557        0.7374966716        0.7223900484        0.7228484332        2.2449931500        1.2403234956
        6.9562616956        0.1585169170        0.1585169170        0.1585169170        0.1585169170        0.1585169170        0.1585169170        0.1672101115        0.3437947841        0.3437947841        0.3437947841        0.3471482086        0.3437947841        0.3471482086        1.1679516753        0.3030011542        0.3437947841        0.3471482086        0.3471482086        1.1679516753        1.1628619324        1.1679516753        1.1679516753        1.1679516753        1.1628619324        0.3437947841        0.3471482086        0.3471482086        0.3030011542        1.1679516753
        7.0685063556        0.0538351823        0.0538351823        0.0538351823        0.0538351823        0.0538351823        0.0538351823        0.0302962188        0.1995745309        0.1995745309        0.1995745309        0.1991143085        0.1995745309        0.1991143085        0.4842401386        0.0916560355        0.1995745309        0.1991143085        0.1991143085        0.4842401386        0.4780622168        0.4842401386        0.4842401386        0.4842401386        0.4780622168        0.1995745309        0.1991143085        0.1991143085        0.0916560355        0.4842401386
        7.1807510156        0.0593028184        0.0593028184        0.0593028184        0.0593028184        0.0593028184        0.0593028184        0.0290380072        0.2429133119        0.2429133119        0.2429133119        0.2454471886        0.2429133119        0.2454471886        0.4614610499        0.1608154431        0.2429133119        0.2454471886        0.2454471886        0.4614610499        0.4531067237        0.4614610499        0.4614610499        0.4614610499        0.4531067237        0.2429133119        0.2454471886        0.2454471886        0.1608154431        0.4614610499
        7.2929956756        0.0540837051        0.0540837051        0.0540837051        0.0540837051        0.0540837051        0.0540837051        0.0350873781        0.2546398380        0.2546398380        0.2546398380        0.2602853315        0.2546398380        0.2602853315        0.4530850435        0.2081276603        0.2546398380        0.2602853315        0.2602853315        0.4530850435        0.4570971686        0.4530850435        0.4530850435        0.4530850435        0.4570971686        0.2546398380        0.2602853315        0.2602853315        0.2081276603        0.4530850435
        7.4052403356        0.0708279218        0.0708279218        0.0708279218        0.0708279218        0.0708279218        0.0708279218        0.0783464833        0.3561907134        0.3561907134        0.3561907134        0.3579941721        0.3561907134        0.3579941721        0.6092674072        0.4896009062        0.3561907134        0.3579941721        0.3579941721        0.6092674072        0.6075349418        0.6092674072        0.6092674072        0.6092674072        0.6075349418        0.3561907134        0.3579941721        0.3579941721        0.4896009062        0.6092674072
        7.5174849957        0.1491893828        0.1491858203        0.1491858203        0.1491858203        0.1491858203        0.1491893828        0.2518929929        0.8816247821        0.8816247821        0.8816362108        0.8831044040        0.8816362108        0.8831044040        1.3435970032        1.2417283717        0.8816362108        0.8831044040        0.8813753514        1.3428904785        1.3559662266        1.3435970032        1.3428904785        1.3435970032        1.3559662266        0.8816362108        0.8831044040        0.8813753514        1.2417283717        1.3435970032
        7.6297296557        0.0617603385        0.0615376155        0.0615376155        0.0615376155        0.0615376155        0.0617603385        0.1249991736        0.4738653709        0.4738653709        0.4726481000        0.4698807828        0.4726481000        0.4698807828        0.5990380248        0.6311623113        0.4726481000        0.4698807828        0.4705391185        0.6018236183        0.5967471458        0.5990380248        0.6018236183        0.5990380248        0.5967471458        0.4726481000        0.4698807828        0.4705391185        0.6311623113        0.5990380248
        7.7419743157        0.0140434243        0.0140384006        0.0140384006        0.0140384006        0.0140384006        0.0140434243        0.0093355014        0.2834416826        0.2834416826        0.2834743457        0.2807444931        0.2834743457        0.2807444931        0.2570487968        0.5554634269        0.2834743457        0.2807444931        0.2807932214        0.2573734996        0.2586588759        0.2570487968        0.2573734996        0.2570487968        0.2586588759        0.2834743457        0.2807444931        0.2807932214        0.5554634269        0.2570487968
        7.8542189757        0.0210013876        0.0210013876        0.0210013876        0.0210013876        0.0210013876        0.0210013876        0.0144734413        0.2291057619        0.2291057619        0.2291057619        0.2285678100        0.2291057619        0.2285678100        0.2650970424        0.3061377871        0.2291057619        0.2285678100        0.2285678100        0.2650970424        0.2671419787        0.2650970424        0.2650970424        0.2650970424        0.2671419787        0.2291057619        0.2285678100        0.2285678100        0.3061377871        0.2650970424
        7.9664636358        0.0350848993        0.0351013766        0.0351013766        0.0351013766        0.0351013766        0.0350848993        0.0480638381        0.3917923146        0.3917923146        0.3921412081        0.3958547649        0.3921412081        0.3958547649        0.5064752178        0.3863752018        0.3921412081        0.3958547649        0.3957788235        0.5063365011        0.5068064854        0.5064752178        0.5063365011        0.5064752178        0.5068064854        0.3921412081        0.3958547649        0.3957788235        0.3863752018        0.5064752178
        8.0787082958        0.0332270097        0.0332162085        0.0332162085        0.0332162085        0.0332162085        0.0332270097        0.0869153190        0.3378732358        0.3378732358        0.3375472019        0.3364101518        0.3375472019        0.3364101518        0.3816763226        0.2589573753        0.3375472019        0.3364101518        0.3363706854        0.3817508453        0.3832009030        0.3816763226        0.3817508453        0.3816763226        0.3832009030        0.3375472019        0.3364101518        0.3363706854        0.2589573753        0.3816763226
        8.1909529558        0.0383699114        0.0383737747        0.0383737747        0.0383737747        0.0383737747        0.0383699114        0.2269962435        0.4758762990        0.4758762990        0.4760355429        0.4780186238        0.4760355429        0.4780186238        0.4686729784        0.3030661497        0.4760355429        0.4780186238        0.4780720794        0.4686552723        0.4703961306        0.4686729784        0.4686552723        0.4686729784        0.4703961306        0.4760355429        0.4780186238        0.4780720794        0.3030661497        0.4686729784
        8.3031976158        0.1575946203        0.1575899701        0.1575899701        0.1575899701        0.1575899701        0.1575946203        0.2159911579        1.1801752311        1.1801752311        1.1796839627        1.1824490832        1.1796839627        1.1824490832        0.6171104402        0.4215527060        1.1796839627        1.1824490832        1.1821415821        0.6170967620        0.6039003758        0.6171104402        0.6170967620        0.6171104402        0.6039003758        1.1796839627        1.1824490832        1.1821415821        0.4215527060        0.6171104402
        8.4154422759        0.1522018892        0.1521552935        0.1521552935        0.1521552935        0.1521552935        0.1522018892        0.1390095512        0.9624008858        0.9624008858        0.9638337949        0.9590525592        0.9638337949        0.9590525592        0.4376668230        0.2442997514        0.9638337949        0.9590525592        0.9600497834        0.4379278351        0.4479856418        0.4376668230        0.4379278351        0.4376668230        0.4479856418        0.9638337949        0.9590525592        0.9600497834        0.2442997514        0.4376668230
        8.5276869359        0.1488769639        0.1488643830        0.1488643830        0.1488643830        0.1488643830        0.1488769639        0.2157931022        1.1850555101        1.1850555101        1.1849890160        1.1900693182        1.1849890160        1.1900693182        0.8327617612        0.1968323291        1.1849890160        1.1900693182        1.1901186990        0.8327604250        0.8508188848        0.8327617612        0.8327604250        0.8327617612        0.8508188848        1.1849890160        1.1900693182        1.1901186990        0.1968323291        0.8327617612
        8.6399315959        0.0978283906        0.0980459703        0.0980459703        0.0980459703        0.0980459703        0.0978283906        0.3603792113        0.8322009549        0.8322009549        0.8318658428        0.8232257528        0.8318658428        0.8232257528        0.4605463577        0.0633006585        0.8318658428        0.8232257528        0.8224300567        0.4611059129        0.4521087209        0.4605463577        0.4611059129        0.4605463577        0.4521087209        0.8318658428        0.8232257528        0.8224300567        0.0633006585        0.4605463577
        8.7521762559        0.0534734842        0.0534734842        0.0534734842        0.0534734842        0.0534734842        0.0534734842        0.2458833384        0.6295526601        0.6295526601        0.6295526601        0.6292056704        0.6295526601        0.6292056704        0.4007391384        0.0631181203        0.6295526601        0.6292056704        0.6292056704        0.4007391384        0.3970287970        0.4007391384        0.4007391384        0.4007391384        0.3970287970        0.6295526601        0.6292056704        0.6292056704        0.0631181203        0.4007391384
        8.8644209159        0.0503603980        0.0503603980        0.0503603980        0.0503603980        0.0503603980        0.0503603980        0.4129779640        0.4309830253        0.4309830253        0.4309830253        0.4303673914        0.4309830253        0.4303673914        0.4127174646        0.0472535413        0.4309830253        0.4303673914        0.4303673914        0.4127174646        0.4121194185        0.4127174646        0.4127174646        0.4127174646        0.4121194185        0.4309830253        0.4303673914        0.4303673914        0.0472535413        0.4127174646
        8.9766655760        0.0425934206        0.0425039350        0.0425039350        0.0425039350        0.0425039350        0.0425934206        0.0771339713        0.2974083169        0.2974083169        0.2971989952        0.2961740842        0.2971989952        0.2961740842        0.6941968053        0.0083056144        0.2971989952        0.2961740842        0.2957413369        0.6932487980        0.6933072440        0.6941968053        0.6932487980        0.6941968053        0.6933072440        0.2971989952        0.2961740842        0.2957413369        0.0083056144        0.6941968053
        9.0889102360        0.0380980096        0.0380962689        0.0380962689        0.0380962689        0.0380962689        0.0380980096        0.1531123000        0.5857781693        0.5857781693        0.5857833815        0.5866771620        0.5857833815        0.5866771620        0.2670975843        0.0107722767        0.5857833815        0.5866771620        0.5867007433        0.2671186172        0.2648219850        0.2670975843        0.2671186172        0.2670975843        0.2648219850        0.5857833815        0.5866771620        0.5867007433        0.0107722767        0.2670975843
        9.2011548960        0.0331116411        0.0331342462        0.0331342462        0.0331342462        0.0331342462        0.0331116411        0.1471473287        0.3373168877        0.3373168877        0.3374789687        0.3377506843        0.3374789687        0.3377506843        0.3380897644        0.0085124492        0.3374789687        0.3377506843        0.3377773168        0.3378217385        0.3363948419        0.3380897644        0.3378217385        0.3380897644        0.3363948419        0.3374789687        0.3377506843        0.3377773168        0.0085124492        0.3380897644
        9.3133995560        0.0244199167        0.0244377863        0.0244377863        0.0244377863        0.0244377863        0.0244199167        0.2258644705        0.2593839465        0.2593839465        0.2597019367        0.2583979732        0.2597019367        0.2583979732        0.3394922247        0.0064017195        0.2597019367        0.2583979732        0.2583144358        0.3394243698        0.3422404373        0.3394922247        0.3394243698        0.3394922247        0.3422404373        0.2597019367        0.2583979732        0.2583144358        0.0064017195        0.3394922247
        9.4256442161        0.0450046367        0.0449999970        0.0449999970        0.0449999970        0.0449999970        0.0450046367        0.3688622728        0.4764182847        0.4764182847        0.4761070704        0.4787365887        0.4761070704        0.4787365887        0.7152203011        0.0124023712        0.4761070704        0.4787365887        0.4787618555        0.7150772283        0.7195244818        0.7152203011        0.7150772283        0.7152203011        0.7195244818        0.4761070704        0.4787365887        0.4787618555        0.0124023712        0.7152203011
        9.5378888761        0.0453873775        0.0454196671        0.0454196671        0.0454196671        0.0454196671        0.0453873775        0.6100571589        0.5238213238        0.5238213238        0.5254915880        0.5216136177        0.5254915880        0.5216136178        0.8340393562        0.0096031817        0.5254915883        0.5216136178        0.5220944398        0.8348318073        0.8474243958        0.8340393563        0.8348318073        0.8340393563        0.8474243958        0.5254915883        0.5216136178        0.5220944398        0.0096031817        0.8340393562
        9.6501335361        0.0221478245        0.0221478245        0.0221478245        0.0221478245        0.0221478245        0.0221478245        0.8838944659        0.3037217462        0.3037217462        0.3037217462        0.3048814994        0.3037217462        0.3048814994        0.2569211495        0.0034016567        0.3037217462        0.3048814994        0.3048814994        0.2569211495        0.2566578691        0.2569211495        0.2569211495        0.2569211495        0.2566578691        0.3037217462        0.3048814994        0.3048814994        0.0034016567        0.2569211495
        9.7623781961        0.0158775953        0.0158775953        0.0158775953        0.0158775953        0.0158775953        0.0158775953        0.5397843598        0.1930336383        0.1930336383        0.1930336383        0.1900928898        0.1930336383        0.1900928898        0.2132033700        0.0010805259        0.1930336383        0.1900928898        0.1900928898        0.2132033700        0.2123321340        0.2132033700        0.2132033700        0.2132033700        0.2123321340        0.1930336383        0.1900928898        0.1900928898        0.0010805259        0.2132033700
        9.8746228562        0.0328481580        0.0328481580        0.0328481580        0.0328481580        0.0328481580        0.0328481580        1.0349681165        0.3163666683        0.3163666683        0.3163666683        0.3161471116        0.3163666683        0.3161471116        0.2858647833        0.0061926149        0.3163666683        0.3161471116        0.3161471116        0.2858647833        0.2853312350        0.2858647833        0.2858647833        0.2858647833        0.2853312350        0.3163666683        0.3161471116        0.3161471116        0.0061926149        0.2858647833
        9.9868675162        0.0145773981        0.0145773981        0.0145773981        0.0145773981        0.0145773981        0.0145773981        0.0700528968        0.1092198132        0.1092198132        0.1092198132        0.1091272823        0.1092198132        0.1091272823        0.0991367343        0.0043867835        0.1092198132        0.1091272823        0.1091272823        0.0991367343        0.0990489668        0.0991367343        0.0991367343        0.0991367343        0.0990489668        0.1092198132        0.1091272823        0.1091272823        0.0043867835        0.0991367343
       10.0991121762        0.0422156250        0.0422156250        0.0422156250        0.0422156250        0.0422156250        0.0422156250        0.1490212788        0.3045552440        0.3045552440        0.3045552440        0.3072501710        0.3045552440        0.3072501710        0.3221422001        0.0109918370        0.3045552440        0.3072501710        0.3072501710        0.3221422001        0.3193108079        0.3221422001        0.3221422001        0.3221422001        0.3193108079        0.3045552440        0.3072501710        0.3072501710        0.0109918370        0.3221422001
       10.2113568362        0.0222127710        0.0222080143        0.0222082549        0.0222082549        0.0222080143        0.0222127710        0.0456172536        0.1708303700        0.1708303700        0.1702260888        0.1710242286        0.1702260888        0.1710203865        0.1906159104        0.0058216955        0.1702616519        0.1710324290        0.1708335521        0.1909484502        0.1904856341        0.1905950577        0.1909484502        0.1905950577        0.1904856341        0.1702616519        0.1710362711        0.1708297100        0.0058216955        0.1906159104
       10.3236014962        0.0173583959        0.0173584761        0.0173590201        0.0173590201        0.0173584761        0.0173583959        0.0231028378        0.1506958168        0.1506958168        0.1506782338        0.1502836081        0.1506782338        0.1503601596        0.1789965740        0.0055018234        0.1508053727        0.1504027542        0.1503200397        0.1789310588        0.1790446687        0.1789201458        0.1789310588        0.1789201458        0.1790446687        0.1508053727        0.1503262026        0.1503965912        0.0055018234        0.1789965740
       10.4358461563        0.0158185114        0.0158178003        0.0158150698        0.0158150698        0.0158178003        0.0158185114        0.0133488965        0.1713395704        0.1713395704        0.1711509003        0.1719582419        0.1711509003        0.1720556671        0.2073238634        0.0064413235        0.1708264965        0.1721148241        0.1719709720        0.2075588293        0.2070279247        0.2074634093        0.2075588293        0.2074634093        0.2070279247        0.1708264965        0.1720173990        0.1720683972        0.0064413235        0.2073238634
       10.5480908163        0.0087361937        0.0087484826        0.0087479400        0.0087479400        0.0087484826        0.0087361937        0.0060767071        0.0904191175        0.0904191175        0.0912641305        0.0904074749        0.0912641305        0.0904469967        0.1139129156        0.0053025676        0.0912651736        0.0901372479        0.0899925863        0.1136289357        0.1143088158        0.1140174805        0.1136289357        0.1140174805        0.1143088158        0.0912651736        0.0900977261        0.0900321082        0.0053025676        0.1139129156
       10.6603354763        0.0079678301        0.0079556304        0.0079568737        0.0079568737        0.0079556304        0.0079678301        0.0046112222        0.0875136385        0.0875136385        0.0867529168        0.0867817240        0.0867529168        0.0868032097        0.1086333704        0.0051521127        0.0868333968        0.0867357318        0.0873569758        0.1089016391        0.1094804974        0.1085995645        0.1089016391        0.1085995645        0.1094804974        0.0868333968        0.0867142461        0.0873784614        0.0051521127        0.1086333704
       10.7725801363        0.0101151520        0.0101153326        0.0101153058        0.0101153058        0.0101153326        0.0101151520        0.0054685412        0.1284409629        0.1284409629        0.1284191636        0.1282981838        0.1284191636        0.1282976536        0.1628105550        0.0054470851        0.1284170380        0.1282993940        0.1283197384        0.1628261562        0.1630246375        0.1628115999        0.1628261562        0.1628115999        0.1630246375        0.1284170380        0.1282999242        0.1283192082        0.0054470851        0.1628105550
       10.8848247964        0.0113465470        0.0113465470        0.0113465470        0.0113465470        0.0113465470        0.0113465470        0.0058099742        0.1720643014        0.1720643014        0.1720643014        0.1726635396        0.1720643014        0.1726635396        0.2224095005        0.0054261155        0.1720643014        0.1726635396        0.1726635396        0.2224095005        0.2214332476        0.2224095005        0.2224095005        0.2224095005        0.2214332476        0.1720643014        0.1726635396        0.1726635396        0.0054261155        0.2224095005
       10.9970694564        0.0060018742        0.0060018742        0.0060018742        0.0060018742        0.0060018742        0.0060018742        0.0026906219        0.1178054361        0.1178054361        0.1178054361        0.1177100050        0.1178054361        0.1177100050        0.1512954347        0.0026242167        0.1178054361        0.1177100050        0.1177100050        0.1512954347        0.1515509095        0.1512954347        0.1512954347        0.1512954347        0.1515509095        0.1178054361        0.1177100050        0.1177100050        0.0026242167        0.1512954347
       11.1093141164        0.0031433556        0.0031433556        0.0031433556        0.0031433556        0.0031433556        0.0031433556        0.0013165845        0.0844474557        0.0844474557        0.0844474557        0.0844384148        0.0844474557        0.0844384148        0.1096347193        0.0012651503        0.0844474557        0.0844384148        0.0844384148        0.1096347193        0.1096466624        0.1096347193        0.1096347193        0.1096347193        0.1096466624        0.0844474557        0.0844384148        0.0844384148        0.0012651503        0.1096347193
       11.2215587764        0.0011330013        0.0011330013        0.0011330013        0.0011330013        0.0011330013        0.0011330013        0.0003713859        0.0519527098        0.0519527098        0.0519527098        0.0519617867        0.0519527098        0.0519617867        0.0677592677        0.0003610334        0.0519527098        0.0519617867        0.0519617867        0.0677592677        0.0677374286        0.0677592677        0.0677592677        0.0677592677        0.0677374286        0.0519527098        0.0519617867        0.0519617867        0.0003610334        0.0677592677
       11.3338034365        0.0000000000        0.0000000000        0.0000000000        0.0000000000        0.0000000000        0.0000000000        0.0000000000        0.0000000000        0.0000000000        0.0000000000        0.0000000000        0.0000000000        0.0000000000        0.0000000000        0.0000000000        0.0000000000        0.0000000000        0.0000000000        0.0000000000        0.0000000000        0.0000000000        0.0000000000        0.0000000000        0.0000000000        0.0000000000        0.0000000000        0.0000000000        0.0000000000        0.0000000000
       11.4460480965        0.0000000000        0.0000000000        0.0000000000        0.0000000000        0.0000000000        0.0000000000        0.0000000000        0.0000000000        0.0000000000        0.0000000000        0.0000000000        0.0000000000        0.0000000000        0.0000000000        0.0000000000        0.0000000000        0.0000000000        0.0000000000        0.0000000000        0.0000000000        0.0000000000        0.0000000000        0.0000000000        0.0000000000        0.0000000000        0.0000000000        0.0000000000        0.0000000000        0.0000000000
       11.5582927565        0.0000000000        0.0000000000        0.0000000000        0.0000000000        0.0000000000        0.0000000000        0.0000000000        0.0000000000        0.0000000000        0.0000000000        0.0000000000        0.0000000000        0.0000000000        0.0000000000        0.0000000000        0.0000000000        0.0000000000        0.0000000000        0.0000000000        0.0000000000        0.0000000000        0.0000000000        0.0000000000        0.0000000000        0.0000000000        0.0000000000        0.0000000000        0.0000000000        0.0000000000
       11.6705374165        0.0000000000        0.0000000000        0.0000000000        0.0000000000        0.0000000000        0.0000000000        0.0000000000        0.0000000000        0.0000000000        0.0000000000        0.0000000000        0.0000000000        0.0000000000        0.0000000000        0.0000000000        0.0000000000        0.0000000000        0.0000000000        0.0000000000        0.0000000000        0.0000000000        0.0000000000        0.0000000000        0.0000000000        0.0000000000        0.0000000000        0.0000000000        0.0000000000        0.0000000000
       11.7827820765        0.0000000000        0.0000000000        0.0000000000        0.0000000000        0.0000000000        0.0000000000        0.0000000000        0.0000000000        0.0000000000        0.0000000000        0.0000000000        0.0000000000        0.0000000000        0.0000000000        0.0000000000        0.0000000000        0.0000000000        0.0000000000        0.0000000000        0.0000000000        0.0000000000        0.0000000000        0.0000000000        0.0000000000        0.0000000000        0.0000000000        0.0000000000        0.0000000000        0.0000000000
       11.8950267366        0.0000000000        0.0000000000        0.0000000000        0.0000000000        0.0000000000        0.0000000000        0.0000000000        0.0000000000        0.0000000000        0.0000000000        0.0000000000        0.0000000000        0.0000000000        0.0000000000        0.0000000000        0.0000000000        0.0000000000        0.0000000000        0.0000000000        0.0000000000        0.0000000000        0.0000000000        0.0000000000        0.0000000000        0.0000000000        0.0000000000        0.0000000000        0.0000000000        0.0000000000
       12.0072713966        0.0000000000        0.0000000000        0.0000000000        0.0000000000        0.0000000000        0.0000000000        0.0000000000        0.0000000000        0.0000000000        0.0000000000        0.0000000000        0.0000000000        0.0000000000        0.0000000000        0.0000000000        0.0000000000        0.0000000000        0.0000000000        0.0000000000        0.0000000000        0.0000000000        0.0000000000        0.0000000000        0.0000000000        0.0000000000        0.0000000000        0.0000000000        0.0000000000        0.0000000000
       12.1195160566        0.0000000000        0.0000000000        0.0000000000        0.0000000000        0.0000000000        0.0000000000        0.0000000000        0.0000000000        0.0000000000        0.0000000000        0.0000000000        0.0000000000        0.0000000000        0.0000000000        0.0000000000        0.0000000000        0.0000000000        0.0000000000        0.0000000000        0.0000000000        0.0000000000        0.0000000000        0.0000000000        0.0000000000        0.0000000000        0.0000000000        0.0000000000        0.0000000000        0.0000000000
       12.2317607166        0.0000000000        0.0000000000        0.0000000000        0.0000000000        0.0000000000        0.0000000000        0.0000000000        0.0000000000        0.0000000000        0.0000000000        0.0000000000        0.0000000000        0.0000000000        0.0000000000        0.0000000000        0.0000000000        0.0000000000        0.0000000000        0.0000000000        0.0000000000        0.0000000000        0.0000000000        0.0000000000        0.0000000000        0.0000000000        0.0000000000        0.0000000000        0.0000000000        0.0000000000
       12.3440053767        0.0000000000        0.0000000000        0.0000000000        0.0000000000        0.0000000000        0.0000000000        0.0000000000        0.0000000000        0.0000000000        0.0000000000        0.0000000000        0.0000000000        0.0000000000        0.0000000000        0.0000000000        0.0000000000        0.0000000000        0.0000000000        0.0000000000        0.0000000000        0.0000000000        0.0000000000        0.0000000000        0.0000000000        0.0000000000        0.0000000000        0.0000000000        0.0000000000        0.0000000000
       12.4562500367        0.0000000000        0.0000000000        0.0000000000        0.0000000000        0.0000000000        0.0000000000        0.0000000000        0.0000000000        0.0000000000        0.0000000000        0.0000000000        0.0000000000        0.0000000000        0.0000000000        0.0000000000        0.0000000000        0.0000000000        0.0000000000        0.0000000000        0.0000000000        0.0000000000        0.0000000000        0.0000000000        0.0000000000        0.0000000000        0.0000000000        0.0000000000        0.0000000000        0.0000000000
       12.5684946967        0.0000000000        0.0000000000        0.0000000000        0.0000000000        0.0000000000        0.0000000000        0.0000000000        0.0000000000        0.0000000000        0.0000000000        0.0000000000        0.0000000000        0.0000000000        0.0000000000        0.0000000000        0.0000000000        0.0000000000        0.0000000000        0.0000000000        0.0000000000        0.0000000000        0.0000000000        0.0000000000        0.0000000000        0.0000000000        0.0000000000        0.0000000000        0.0000000000        0.0000000000
       12.6807393567        0.0000000000        0.0000000000        0.0000000000        0.0000000000        0.0000000000        0.0000000000        0.0000000000        0.0000000000        0.0000000000        0.0000000000        0.0000000000        0.0000000000        0.0000000000        0.0000000000        0.0000000000        0.0000000000        0.0000000000        0.0000000000        0.0000000000        0.0000000000        0.0000000000        0.0000000000        0.0000000000        0.0000000000        0.0000000000        0.0000000000        0.0000000000        0.0000000000        0.0000000000
       12.7929840168        0.0000000000        0.0000000000        0.0000000000        0.0000000000        0.0000000000        0.0000000000        0.0000000000        0.0000000000        0.0000000000        0.0000000000        0.0000000000        0.0000000000        0.0000000000        0.0000000000        0.0000000000        0.0000000000        0.0000000000        0.0000000000        0.0000000000        0.0000000000        0.0000000000        0.0000000000        0.0000000000        0.0000000000        0.0000000000        0.0000000000        0.0000000000        0.0000000000        0.0000000000
       12.9052286768        0.0000000000        0.0000000000        0.0000000000        0.0000000000        0.0000000000        0.0000000000        0.0000000000        0.0000000000        0.0000000000        0.0000000000        0.0000000000        0.0000000000        0.0000000000        0.0000000000        0.0000000000        0.0000000000        0.0000000000        0.0000000000        0.0000000000        0.0000000000        0.0000000000        0.0000000000        0.0000000000        0.0000000000        0.0000000000        0.0000000000        0.0000000000        0.0000000000        0.0000000000
       13.0174733368        0.0000000000        0.0000000000        0.0000000000        0.0000000000        0.0000000000        0.0000000000        0.0000000000        0.0000000000        0.0000000000        0.0000000000        0.0000000000        0.0000000000        0.0000000000        0.0000000000        0.0000000000        0.0000000000        0.0000000000        0.0000000000        0.0000000000        0.0000000000        0.0000000000        0.0000000000        0.0000000000        0.0000000000        0.0000000000        0.0000000000        0.0000000000        0.0000000000        0.0000000000
       13.1297179968        0.0000000000        0.0000000000        0.0000000000        0.0000000000        0.0000000000        0.0000000000        0.0000000000        0.0000000000        0.0000000000        0.0000000000        0.0000000000        0.0000000000        0.0000000000        0.0000000000        0.0000000000        0.0000000000        0.0000000000        0.0000000000        0.0000000000        0.0000000000        0.0000000000        0.0000000000        0.0000000000        0.0000000000        0.0000000000        0.0000000000        0.0000000000        0.0000000000        0.0000000000
       13.2419626568        0.0000000000        0.0000000000        0.0000000000        0.0000000000        0.0000000000        0.0000000000        0.0000000000        0.0000000000        0.0000000000        0.0000000000        0.0000000000        0.0000000000        0.0000000000        0.0000000000        0.0000000000        0.0000000000        0.0000000000        0.0000000000        0.0000000000        0.0000000000        0.0000000000        0.0000000000        0.0000000000        0.0000000000        0.0000000000        0.0000000000        0.0000000000        0.0000000000        0.0000000000
       13.3542073169        0.0000000000        0.0000000000        0.0000000000        0.0000000000        0.0000000000        0.0000000000        0.0000000000        0.0000000000        0.0000000000        0.0000000000        0.0000000000        0.0000000000        0.0000000000        0.0000000000        0.0000000000        0.0000000000        0.0000000000        0.0000000000        0.0000000000        0.0000000000        0.0000000000        0.0000000000        0.0000000000        0.0000000000        0.0000000000        0.0000000000        0.0000000000        0.0000000000        0.0000000000
       13.4664519769        0.0000000000        0.0000000000        0.0000000000        0.0000000000        0.0000000000        0.0000000000        0.0000000000        0.0000000000        0.0000000000        0.0000000000        0.0000000000        0.0000000000        0.0000000000        0.0000000000        0.0000000000        0.0000000000        0.0000000000        0.0000000000        0.0000000000        0.0000000000        0.0000000000        0.0000000000        0.0000000000        0.0000000000        0.0000000000        0.0000000000        0.0000000000        0.0000000000        0.0000000000
       13.5786966369        0.0000000000        0.0000000000        0.0000000000        0.0000000000        0.0000000000        0.0000000000        0.0000000000        0.0000000000        0.0000000000        0.0000000000        0.0000000000        0.0000000000        0.0000000000        0.0000000000        0.0000000000        0.0000000000        0.0000000000        0.0000000000        0.0000000000        0.0000000000        0.0000000000        0.0000000000        0.0000000000        0.0000000000        0.0000000000        0.0000000000        0.0000000000        0.0000000000        0.0000000000
       13.6909412969        0.0000000000        0.0000000000        0.0000000000        0.0000000000        0.0000000000        0.0000000000        0.0000000000        0.0000000000        0.0000000000        0.0000000000        0.0000000000        0.0000000000        0.0000000000        0.0000000000        0.0000000000        0.0000000000        0.0000000000        0.0000000000        0.0000000000        0.0000000000        0.0000000000        0.0000000000        0.0000000000        0.0000000000        0.0000000000        0.0000000000        0.0000000000        0.0000000000        0.0000000000
       13.8031859570        0.0000000000        0.0000000000        0.0000000000        0.0000000000        0.0000000000        0.0000000000        0.0000000000        0.0000000000        0.0000000000        0.0000000000        0.0000000000        0.0000000000        0.0000000000        0.0000000000        0.0000000000        0.0000000000        0.0000000000        0.0000000000        0.0000000000        0.0000000000        0.0000000000        0.0000000000        0.0000000000        0.0000000000        0.0000000000        0.0000000000        0.0000000000        0.0000000000        0.0000000000
       13.9154306170        0.0000000000        0.0000000000        0.0000000000        0.0000000000        0.0000000000        0.0000000000        0.0000000000        0.0000000000        0.0000000000        0.0000000000        0.0000000000        0.0000000000        0.0000000000        0.0000000000        0.0000000000        0.0000000000        0.0000000000        0.0000000000        0.0000000000        0.0000000000        0.0000000000        0.0000000000        0.0000000000        0.0000000000        0.0000000000        0.0000000000        0.0000000000        0.0000000000        0.0000000000
       14.0276752770        0.0000000000        0.0000000000        0.0000000000        0.0000000000        0.0000000000        0.0000000000        0.0000000000        0.0000000000        0.0000000000        0.0000000000        0.0000000000        0.0000000000        0.0000000000        0.0000000000        0.0000000000        0.0000000000        0.0000000000        0.0000000000        0.0000000000        0.0000000000        0.0000000000        0.0000000000        0.0000000000        0.0000000000        0.0000000000        0.0000000000        0.0000000000        0.0000000000        0.0000000000
       14.1399199370        0.0000000000        0.0000000000        0.0000000000        0.0000000000        0.0000000000        0.0000000000        0.0000000000        0.0000000000        0.0000000000        0.0000000000        0.0000000000        0.0000000000        0.0000000000        0.0000000000        0.0000000000        0.0000000000        0.0000000000        0.0000000000        0.0000000000        0.0000000000        0.0000000000        0.0000000000        0.0000000000        0.0000000000        0.0000000000        0.0000000000        0.0000000000        0.0000000000        0.0000000000
       14.2521645971        0.0000000000        0.0000000000        0.0000000000        0.0000000000        0.0000000000        0.0000000000        0.0000000000        0.0000000000        0.0000000000        0.0000000000        0.0000000000        0.0000000000        0.0000000000        0.0000000000        0.0000000000        0.0000000000        0.0000000000        0.0000000000        0.0000000000        0.0000000000        0.0000000000        0.0000000000        0.0000000000        0.0000000000        0.0000000000        0.0000000000        0.0000000000        0.0000000000        0.0000000000
       14.3644092571        0.0000000000        0.0000000000        0.0000000000        0.0000000000        0.0000000000        0.0000000000        0.0000000000        0.0000000000        0.0000000000        0.0000000000        0.0000000000        0.0000000000        0.0000000000        0.0000000000        0.0000000000        0.0000000000        0.0000000000        0.0000000000        0.0000000000        0.0000000000        0.0000000000        0.0000000000        0.0000000000        0.0000000000        0.0000000000        0.0000000000        0.0000000000        0.0000000000        0.0000000000
       14.4766539171        0.0000000000        0.0000000000        0.0000000000        0.0000000000        0.0000000000        0.0000000000        0.0000000000        0.0000000000        0.0000000000        0.0000000000        0.0000000000        0.0000000000        0.0000000000        0.0000000000        0.0000000000        0.0000000000        0.0000000000        0.0000000000        0.0000000000        0.0000000000        0.0000000000        0.0000000000        0.0000000000        0.0000000000        0.0000000000        0.0000000000        0.0000000000        0.0000000000        0.0000000000
       14.5888985771        0.0000000000        0.0000000000        0.0000000000        0.0000000000        0.0000000000        0.0000000000        0.0000000000        0.0000000000        0.0000000000        0.0000000000        0.0000000000        0.0000000000        0.0000000000        0.0000000000        0.0000000000        0.0000000000        0.0000000000        0.0000000000        0.0000000000        0.0000000000        0.0000000000        0.0000000000        0.0000000000        0.0000000000        0.0000000000        0.0000000000        0.0000000000        0.0000000000        0.0000000000
       14.7011432371        0.0000000000        0.0000000000        0.0000000000        0.0000000000        0.0000000000        0.0000000000        0.0000000000        0.0000000000        0.0000000000        0.0000000000        0.0000000000        0.0000000000        0.0000000000        0.0000000000        0.0000000000        0.0000000000        0.0000000000        0.0000000000        0.0000000000        0.0000000000        0.0000000000        0.0000000000        0.0000000000        0.0000000000        0.0000000000        0.0000000000        0.0000000000        0.0000000000        0.0000000000
       14.8133878972        0.0000000000        0.0000000000        0.0000000000        0.0000000000        0.0000000000        0.0000000000        0.0000000000        0.0000000000        0.0000000000        0.0000000000        0.0000000000        0.0000000000        0.0000000000        0.0000000000        0.0000000000        0.0000000000        0.0000000000        0.0000000000        0.0000000000        0.0000000000        0.0000000000        0.0000000000        0.0000000000        0.0000000000        0.0000000000        0.0000000000        0.0000000000        0.0000000000        0.0000000000
       14.9256325572        0.0000000000        0.0000000000        0.0000000000        0.0000000000        0.0000000000        0.0000000000        0.0000000000        0.0000000000        0.0000000000        0.0000000000        0.0000000000        0.0000000000        0.0000000000        0.0000000000        0.0000000000        0.0000000000        0.0000000000        0.0000000000        0.0000000000        0.0000000000        0.0000000000        0.0000000000        0.0000000000        0.0000000000        0.0000000000        0.0000000000        0.0000000000        0.0000000000        0.0000000000
       15.0378772172        0.0000000000        0.0000000000        0.0000000000        0.0000000000        0.0000000000        0.0000000000        0.0000000000        0.0000000000        0.0000000000        0.0000000000        0.0000000000        0.0000000000        0.0000000000        0.0000000000        0.0000000000        0.0000000000        0.0000000000        0.0000000000        0.0000000000        0.0000000000        0.0000000000        0.0000000000        0.0000000000        0.0000000000        0.0000000000        0.0000000000        0.0000000000        0.0000000000        0.0000000000
       15.1501218772        0.0000000000        0.0000000000        0.0000000000        0.0000000000        0.0000000000        0.0000000000        0.0000000000        0.0000000000        0.0000000000        0.0000000000        0.0000000000        0.0000000000        0.0000000000        0.0000000000        0.0000000000        0.0000000000        0.0000000000        0.0000000000        0.0000000000        0.0000000000        0.0000000000        0.0000000000        0.0000000000        0.0000000000        0.0000000000        0.0000000000        0.0000000000        0.0000000000        0.0000000000
       15.2623665373        0.0000000000        0.0000000000        0.0000000000        0.0000000000        0.0000000000        0.0000000000        0.0000000000        0.0000000000        0.0000000000        0.0000000000        0.0000000000        0.0000000000        0.0000000000        0.0000000000        0.0000000000        0.0000000000        0.0000000000        0.0000000000        0.0000000000        0.0000000000        0.0000000000        0.0000000000        0.0000000000        0.0000000000        0.0000000000        0.0000000000        0.0000000000        0.0000000000        0.0000000000
       15.3746111973        0.0000000000        0.0000000000        0.0000000000        0.0000000000        0.0000000000        0.0000000000        0.0000000000        0.0000000000        0.0000000000        0.0000000000        0.0000000000        0.0000000000        0.0000000000        0.0000000000        0.0000000000        0.0000000000        0.0000000000        0.0000000000        0.0000000000        0.0000000000        0.0000000000        0.0000000000        0.0000000000        0.0000000000        0.0000000000        0.0000000000        0.0000000000        0.0000000000        0.0000000000
       15.4868558573        0.0000000000        0.0000000000        0.0000000000        0.0000000000        0.0000000000        0.0000000000        0.0000000000        0.0000000000        0.0000000000        0.0000000000        0.0000000000        0.0000000000        0.0000000000        0.0000000000        0.0000000000        0.0000000000        0.0000000000        0.0000000000        0.0000000000        0.0000000000        0.0000000000        0.0000000000        0.0000000000        0.0000000000        0.0000000000        0.0000000000        0.0000000000        0.0000000000        0.0000000000
       15.5991005173        0.0000000000        0.0000000000        0.0000000000        0.0000000000        0.0000000000        0.0000000000        0.0000000000        0.0000000000        0.0000000000        0.0000000000        0.0000000000        0.0000000000        0.0000000000        0.0000000000        0.0000000000        0.0000000000        0.0000000000        0.0000000000        0.0000000000        0.0000000000        0.0000000000        0.0000000000        0.0000000000        0.0000000000        0.0000000000        0.0000000000        0.0000000000        0.0000000000        0.0000000000
       15.7113451774        0.0000000000        0.0000000000        0.0000000000        0.0000000000        0.0000000000        0.0000000000        0.0000000000        0.0000000000        0.0000000000        0.0000000000        0.0000000000        0.0000000000        0.0000000000        0.0000000000        0.0000000000        0.0000000000        0.0000000000        0.0000000000        0.0000000000        0.0000000000        0.0000000000        0.0000000000        0.0000000000        0.0000000000        0.0000000000        0.0000000000        0.0000000000        0.0000000000        0.0000000000
       15.8235898374        2.7102381622        2.7102381622        2.7102381622        2.7102381622        2.7102381622        2.7102381622        0.0000643969        0.0236082768        0.0236082768        0.0236082768        0.0236563603        0.0236082768        0.0236563603        0.1574698447        0.0009095236        0.0236082768        0.0236563603        0.0236563603        0.1574698447        0.1575589911        0.1574698447        0.1574698447        0.1574698447        0.1575589911        0.0236082768        0.0236563603        0.0236563603        0.0009095236        0.1574698447
       15.9358344974        0.0000000000        0.0000000000        0.0000000000        0.0000000000        0.0000000000        0.0000000000        0.0000000000        0.0000000000        0.0000000000        0.0000000000        0.0000000000        0.0000000000        0.0000000000        0.0000000000        0.0000000000        0.0000000000        0.0000000000        0.0000000000        0.0000000000        0.0000000000        0.0000000000        0.0000000000        0.0000000000        0.0000000000        0.0000000000        0.0000000000        0.0000000000        0.0000000000        0.0000000000
       16.0480791574        1.9479886541        1.9497997313        1.9497997313        1.9497997313        1.9497997313        1.9479886541        0.0002234350        0.0695782529        0.0695782529        0.0695354489        0.0692237184        0.0695354489        0.0692237184        0.0963001517        0.0006246026        0.0695354489        0.0692237184        0.0692409880        0.0962934366        0.0959427334        0.0963001517        0.0962934366        0.0963001517        0.0959427334        0.0695354489        0.0692237184        0.0692409880        0.0006246026        0.0963001517
       16.1603238174        0.9965893264        0.9949041158        0.9949041158        0.9949041158        0.9949041158        0.9965893264        0.0000750679        0.0381057704        0.0381057704        0.0381529033        0.0381494273        0.0381529033        0.0381494273        0.0622137423        0.0002172777        0.0381529033        0.0381494273        0.0381089747        0.0622280608        0.0622377962        0.0622137423        0.0622280608        0.0622137423        0.0622377962        0.0381529033        0.0381494273        0.0381089747        0.0002172777        0.0622137423
       16.2725684775        1.0370976261        1.0370976261        1.0370976261        1.0370976261        1.0370976261        1.0370976261        0.0000659866        0.0580456633        0.0580456633        0.0580456633        0.0604828934        0.0580456633        0.0604828934        0.0574229613        0.0001442648        0.0580456633        0.0604828934        0.0604828934        0.0574229613        0.0586083521        0.0574229613        0.0574229613        0.0574229613        0.0586083521        0.0580456633        0.0604828934        0.0604828934        0.0001442648        0.0574229613
       16.3848131375        1.1805430021        1.1805430021        1.1805430021        1.1805430021        1.1805430021        1.1805430021        0.0000279983        0.0617140053        0.0617140053        0.0617140053        0.0617346590        0.0617140053        0.0617346590        0.0955749732        0.0000293030        0.0617140053        0.0617346590        0.0617346590        0.0955749732        0.0955608889        0.0955749732        0.0955749732        0.0955749732        0.0955608889        0.0617140053        0.0617346590        0.0617346590        0.0000293030        0.0955749732
       16.4970577975        0.1561835563        0.1561835563        0.1561835563        0.1561835563        0.1561835563        0.1561835563        0.0000000865        0.0095843366        0.0095843366        0.0095843366        0.0095829516        0.0095843366        0.0095829516        0.0113602221        0.0000000336        0.0095843366        0.0095829516        0.0095829516        0.0113602221        0.0113567329        0.0113602221        0.0113602221        0.0113602221        0.0113567329        0.0095843366        0.0095829516        0.0095829516        0.0000000336        0.0113602221
       16.6093024575        0.0000000000        0.0000000000        0.0000000000        0.0000000000        0.0000000000        0.0000000000        0.0000000000        0.0000000000        0.0000000000        0.0000000000        0.0000000000        0.0000000000        0.0000000000        0.0000000000        0.0000000000        0.0000000000        0.0000000000        0.0000000000        0.0000000000        0.0000000000        0.0000000000        0.0000000000        0.0000000000        0.0000000000        0.0000000000        0.0000000000        0.0000000000        0.0000000000        0.0000000000
       16.7215471176        0.0000000000        0.0000000000        0.0000000000        0.0000000000        0.0000000000        0.0000000000        0.0000000000        0.0000000000        0.0000000000        0.0000000000        0.0000000000        0.0000000000        0.0000000000        0.0000000000        0.0000000000        0.0000000000        0.0000000000        0.0000000000        0.0000000000        0.0000000000        0.0000000000        0.0000000000        0.0000000000        0.0000000000        0.0000000000        0.0000000000        0.0000000000        0.0000000000        0.0000000000
       16.8337917776        0.0000000000        0.0000000000        0.0000000000        0.0000000000        0.0000000000        0.0000000000        0.0000000000        0.0000000000        0.0000000000        0.0000000000        0.0000000000        0.0000000000        0.0000000000        0.0000000000        0.0000000000        0.0000000000        0.0000000000        0.0000000000        0.0000000000        0.0000000000        0.0000000000        0.0000000000        0.0000000000        0.0000000000        0.0000000000        0.0000000000        0.0000000000        0.0000000000        0.0000000000
       16.9460364376        0.0000000000        0.0000000000        0.0000000000        0.0000000000        0.0000000000        0.0000000000        0.0000000000        0.0000000000        0.0000000000        0.0000000000        0.0000000000        0.0000000000        0.0000000000        0.0000000000        0.0000000000        0.0000000000        0.0000000000        0.0000000000        0.0000000000        0.0000000000        0.0000000000        0.0000000000        0.0000000000        0.0000000000        0.0000000000        0.0000000000        0.0000000000        0.0000000000        0.0000000000
       17.0582810976        0.0000000000        0.0000000000        0.0000000000        0.0000000000        0.0000000000        0.0000000000        0.0000000000        0.0000000000        0.0000000000        0.0000000000        0.0000000000        0.0000000000        0.0000000000        0.0000000000        0.0000000000        0.0000000000        0.0000000000        0.0000000000        0.0000000000        0.0000000000        0.0000000000        0.0000000000        0.0000000000        0.0000000000        0.0000000000        0.0000000000        0.0000000000        0.0000000000        0.0000000000
       17.1705257577        0.0000000000        0.0000000000        0.0000000000        0.0000000000        0.0000000000        0.0000000000        0.0000000000        0.0000000000        0.0000000000        0.0000000000        0.0000000000        0.0000000000        0.0000000000        0.0000000000        0.0000000000        0.0000000000        0.0000000000        0.0000000000        0.0000000000        0.0000000000        0.0000000000        0.0000000000        0.0000000000        0.0000000000        0.0000000000        0.0000000000        0.0000000000        0.0000000000        0.0000000000
       17.2827704177        0.0000000000        0.0000000000        0.0000000000        0.0000000000        0.0000000000        0.0000000000        0.0000000000        0.0000000000        0.0000000000        0.0000000000        0.0000000000        0.0000000000        0.0000000000        0.0000000000        0.0000000000        0.0000000000        0.0000000000        0.0000000000        0.0000000000        0.0000000000        0.0000000000        0.0000000000        0.0000000000        0.0000000000        0.0000000000        0.0000000000        0.0000000000        0.0000000000        0.0000000000
       17.3950150777        0.0000000000        0.0000000000        0.0000000000        0.0000000000        0.0000000000        0.0000000000        0.0000000000        0.0000000000        0.0000000000        0.0000000000        0.0000000000        0.0000000000        0.0000000000        0.0000000000        0.0000000000        0.0000000000        0.0000000000        0.0000000000        0.0000000000        0.0000000000        0.0000000000        0.0000000000        0.0000000000        0.0000000000        0.0000000000        0.0000000000        0.0000000000        0.0000000000        0.0000000000
       17.5072597377        0.0000000000        0.0000000000        0.0000000000        0.0000000000        0.0000000000        0.0000000000        0.0000000000        0.0000000000        0.0000000000        0.0000000000        0.0000000000        0.0000000000        0.0000000000        0.0000000000        0.0000000000        0.0000000000        0.0000000000        0.0000000000        0.0000000000        0.0000000000        0.0000000000        0.0000000000        0.0000000000        0.0000000000        0.0000000000        0.0000000000        0.0000000000        0.0000000000        0.0000000000
       17.6195043977        0.0000000000        0.0000000000        0.0000000000        0.0000000000        0.0000000000        0.0000000000        0.0000000000        0.0000000000        0.0000000000        0.0000000000        0.0000000000        0.0000000000        0.0000000000        0.0000000000        0.0000000000        0.0000000000        0.0000000000        0.0000000000        0.0000000000        0.0000000000        0.0000000000        0.0000000000        0.0000000000        0.0000000000        0.0000000000        0.0000000000        0.0000000000        0.0000000000        0.0000000000
       17.7317490578        0.0000000000        0.0000000000        0.0000000000        0.0000000000        0.0000000000        0.0000000000        0.0000000000        0.0000000000        0.0000000000        0.0000000000        0.0000000000        0.0000000000        0.0000000000        0.0000000000        0.0000000000        0.0000000000        0.0000000000        0.0000000000        0.0000000000        0.0000000000        0.0000000000        0.0000000000        0.0000000000        0.0000000000        0.0000000000        0.0000000000        0.0000000000        0.0000000000        0.0000000000
       17.8439937178        0.3980803205        0.3980803205        0.3980803205        0.3980803205        0.3980803205        0.3980803205        0.0002309023        0.0020504443        0.0020504443        0.0020504443        0.0020514768        0.0020504443        0.0020514768        0.0116421190        0.0000304807        0.0020504443        0.0020514768        0.0020514768        0.0116421190        0.0116430752        0.0116421190        0.0116421190        0.0116421190        0.0116430752        0.0020504443        0.0020514768        0.0020514768        0.0000304807        0.0116421190
       17.9562383778        0.8020640150        0.8020640150        0.8020640150        0.8020640150        0.8020640150        0.8020640150        0.0008299334        0.0077501660        0.0077501660        0.0077501660        0.0077153982        0.0077501660        0.0077153982        0.0244019765        0.0000466632        0.0077501660        0.0077153982        0.0077153982        0.0244019765        0.0243911727        0.0244019765        0.0244019765        0.0244019765        0.0243911727        0.0077501660        0.0077153982        0.0077153982        0.0000466632        0.0244019765
       18.0684830378        1.5103292196        1.5103292196        1.5103292196        1.5103292196        1.5103292196        1.5103292196        0.0016993416        0.0210936837        0.0210936837        0.0210936837        0.0210571990        0.0210936837        0.0210571990        0.0480205780        0.0001151261        0.0210936837        0.0210571990        0.0210571990        0.0480205780        0.0480187362        0.0480205780        0.0480205780        0.0480205780        0.0480187362        0.0210936837        0.0210571990        0.0210571990        0.0001151261        0.0480205780
       18.1807276979        1.7094828159        1.7053842364        1.7053842364        1.7053842364        1.7053842364        1.7094828159        0.0009307576        0.0304738701        0.0304738701        0.0303561846        0.0304770686        0.0303561846        0.0304770686        0.0573574147        0.0001896842        0.0303561846        0.0304770686        0.0304968947        0.0573485833        0.0573717046        0.0573574147        0.0573485833        0.0573574147        0.0573717046        0.0303561846        0.0304770686        0.0304968947        0.0001896842        0.0573574147
       18.2929723579        0.6799853615        0.6799853615        0.6799853615        0.6799853615        0.6799853615        0.6799853615        0.0002695032        0.0148393053        0.0148393053        0.0148393053        0.0149691470        0.0148393053        0.0149691470        0.0254270236        0.0001786457        0.0148393053        0.0149691470        0.0149691470        0.0254270236        0.0253802607        0.0254270236        0.0254270236        0.0254270236        0.0253802607        0.0148393053        0.0149691470        0.0149691470        0.0001786457        0.0254270236
       18.4052170179        1.7315098668        1.7329517111        1.7329517111        1.7329517111        1.7329517111        1.7315098668        0.0003700618        0.0433452664        0.0433452664        0.0435068960        0.0438885583        0.0435068960        0.0438885583        0.0734052746        0.0005516221        0.0435068960        0.0438885583        0.0439786839        0.0733677176        0.0733784020        0.0734052746        0.0733677176        0.0734052746        0.0733784020        0.0435068960        0.0438885583        0.0439786839        0.0005516221        0.0734052746
       18.5174616779        1.7073231763        1.7073231763        1.7073231763        1.7073231763        1.7073231763        1.7073231763        0.0005131234        0.0524678224        0.0524678224        0.0524678224        0.0527921102        0.0524678224        0.0527921102        0.0765899006        0.0009189991        0.0524678224        0.0527921102        0.0527921102        0.0765899006        0.0772436414        0.0765899006        0.0765899006        0.0765899006        0.0772436414        0.0524678224        0.0527921102        0.0527921102        0.0009189991        0.0765899006
       18.6297063380        3.8689122668        3.8639598472        3.8639598472        3.8639598472        3.8639598472        3.8689122668        0.0017112310        0.1444768103        0.1444768103        0.1446926650        0.1441000916        0.1446926650        0.1441000916        0.1847559291        0.0033499855        0.1446926650        0.1441000916        0.1441911269        0.1850336092        0.1830609769        0.1847559291        0.1850336092        0.1847559291        0.1830609769        0.1446926650        0.1441000916        0.1441911269        0.0033499855        0.1847559291
       18.7419509980        1.6912468451        1.6912366623        1.6912366623        1.6912366623        1.6912366623        1.6912468451        0.0013139247        0.0660920519        0.0660920519        0.0660953658        0.0657935453        0.0660953658        0.0657935453        0.0898979448        0.0009529377        0.0660953658        0.0657935453        0.0657994163        0.0898976940        0.0909858584        0.0898979448        0.0898976940        0.0898979448        0.0909858584        0.0660953658        0.0657935453        0.0657994163        0.0009529377        0.0898979448
       18.8541956580        1.9160639971        1.9160639971        1.9160639971        1.9160639971        1.9160639971        1.9160639971        0.0008091017        0.0834203539        0.0834203539        0.0834203539        0.0834273634        0.0834203539        0.0834273634        0.1121859820        0.0003158047        0.0834203539        0.0834273634        0.0834273634        0.1121859820        0.1122936036        0.1121859820        0.1121859820        0.1121859820        0.1122936036        0.0834203539        0.0834273634        0.0834273634        0.0003158047        0.1121859820
       18.9664403180        0.0000000000        0.0000000000        0.0000000000        0.0000000000        0.0000000000        0.0000000000        0.0000000000        0.0000000000        0.0000000000        0.0000000000        0.0000000000        0.0000000000        0.0000000000        0.0000000000        0.0000000000        0.0000000000        0.0000000000        0.0000000000        0.0000000000        0.0000000000        0.0000000000        0.0000000000        0.0000000000        0.0000000000        0.0000000000        0.0000000000        0.0000000000        0.0000000000        0.0000000000
       19.0786849780        0.0000000000        0.0000000000        0.0000000000        0.0000000000        0.0000000000        0.0000000000        0.0000000000        0.0000000000        0.0000000000        0.0000000000        0.0000000000        0.0000000000        0.0000000000        0.0000000000        0.0000000000        0.0000000000        0.0000000000        0.0000000000        0.0000000000        0.0000000000        0.0000000000        0.0000000000        0.0000000000        0.0000000000        0.0000000000        0.0000000000        0.0000000000        0.0000000000        0.0000000000
       19.1909296381        0.0000000000        0.0000000000        0.0000000000        0.0000000000        0.0000000000        0.0000000000        0.0000000000        0.0000000000        0.0000000000        0.0000000000        0.0000000000        0.0000000000        0.0000000000        0.0000000000        0.0000000000        0.0000000000        0.0000000000        0.0000000000        0.0000000000        0.0000000000        0.0000000000        0.0000000000        0.0000000000        0.0000000000        0.0000000000        0.0000000000        0.0000000000        0.0000000000        0.0000000000
       19.3031742981        0.0000000000        0.0000000000        0.0000000000        0.0000000000        0.0000000000        0.0000000000        0.0000000000        0.0000000000        0.0000000000        0.0000000000        0.0000000000        0.0000000000        0.0000000000        0.0000000000        0.0000000000        0.0000000000        0.0000000000        0.0000000000        0.0000000000        0.0000000000        0.0000000000        0.0000000000        0.0000000000        0.0000000000        0.0000000000        0.0000000000        0.0000000000        0.0000000000        0.0000000000
       19.4154189581        0.0000000000        0.0000000000        0.0000000000        0.0000000000        0.0000000000        0.0000000000        0.0000000000        0.0000000000        0.0000000000        0.0000000000        0.0000000000        0.0000000000        0.0000000000        0.0000000000        0.0000000000        0.0000000000        0.0000000000        0.0000000000        0.0000000000        0.0000000000        0.0000000000        0.0000000000        0.0000000000        0.0000000000        0.0000000000        0.0000000000        0.0000000000        0.0000000000        0.0000000000
       19.5276636181        0.0000000000        0.0000000000        0.0000000000        0.0000000000        0.0000000000        0.0000000000        0.0000000000        0.0000000000        0.0000000000        0.0000000000        0.0000000000        0.0000000000        0.0000000000        0.0000000000        0.0000000000        0.0000000000        0.0000000000        0.0000000000        0.0000000000        0.0000000000        0.0000000000        0.0000000000        0.0000000000        0.0000000000        0.0000000000        0.0000000000        0.0000000000        0.0000000000        0.0000000000
       19.6399082782        0.0000000000        0.0000000000        0.0000000000        0.0000000000        0.0000000000        0.0000000000        0.0000000000        0.0000000000        0.0000000000        0.0000000000        0.0000000000        0.0000000000        0.0000000000        0.0000000000        0.0000000000        0.0000000000        0.0000000000        0.0000000000        0.0000000000        0.0000000000        0.0000000000        0.0000000000        0.0000000000        0.0000000000        0.0000000000        0.0000000000        0.0000000000        0.0000000000        0.0000000000
       19.7521529382        0.0000000000        0.0000000000        0.0000000000        0.0000000000        0.0000000000        0.0000000000        0.0000000000        0.0000000000        0.0000000000        0.0000000000        0.0000000000        0.0000000000        0.0000000000        0.0000000000        0.0000000000        0.0000000000        0.0000000000        0.0000000000        0.0000000000        0.0000000000        0.0000000000        0.0000000000        0.0000000000        0.0000000000        0.0000000000        0.0000000000        0.0000000000        0.0000000000        0.0000000000
       19.8643975982        0.0000000000        0.0000000000        0.0000000000        0.0000000000        0.0000000000        0.0000000000        0.0000000000        0.0000000000        0.0000000000        0.0000000000        0.0000000000        0.0000000000        0.0000000000        0.0000000000        0.0000000000        0.0000000000        0.0000000000        0.0000000000        0.0000000000        0.0000000000        0.0000000000        0.0000000000        0.0000000000        0.0000000000        0.0000000000        0.0000000000        0.0000000000        0.0000000000        0.0000000000
       19.9766422582        0.0000000000        0.0000000000        0.0000000000        0.0000000000        0.0000000000        0.0000000000        0.0000000000        0.0000000000        0.0000000000        0.0000000000        0.0000000000        0.0000000000        0.0000000000        0.0000000000        0.0000000000        0.0000000000        0.0000000000        0.0000000000        0.0000000000        0.0000000000        0.0000000000        0.0000000000        0.0000000000        0.0000000000        0.0000000000        0.0000000000        0.0000000000        0.0000000000        0.0000000000
       20.0888869182        0.0000000000        0.0000000000        0.0000000000        0.0000000000        0.0000000000        0.0000000000        0.0000000000        0.0000000000        0.0000000000        0.0000000000        0.0000000000        0.0000000000        0.0000000000        0.0000000000        0.0000000000        0.0000000000        0.0000000000        0.0000000000        0.0000000000        0.0000000000        0.0000000000        0.0000000000        0.0000000000        0.0000000000        0.0000000000        0.0000000000        0.0000000000        0.0000000000        0.0000000000
       20.2011315783        0.0000000000        0.0000000000        0.0000000000        0.0000000000        0.0000000000        0.0000000000        0.0000000000        0.0000000000        0.0000000000        0.0000000000        0.0000000000        0.0000000000        0.0000000000        0.0000000000        0.0000000000        0.0000000000        0.0000000000        0.0000000000        0.0000000000        0.0000000000        0.0000000000        0.0000000000        0.0000000000        0.0000000000        0.0000000000        0.0000000000        0.0000000000        0.0000000000        0.0000000000
       20.3133762383        0.0000000000        0.0000000000        0.0000000000        0.0000000000        0.0000000000        0.0000000000        0.0000000000        0.0000000000        0.0000000000        0.0000000000        0.0000000000        0.0000000000        0.0000000000        0.0000000000        0.0000000000        0.0000000000        0.0000000000        0.0000000000        0.0000000000        0.0000000000        0.0000000000        0.0000000000        0.0000000000        0.0000000000        0.0000000000        0.0000000000        0.0000000000        0.0000000000        0.0000000000
       20.4256208983        0.0000000000        0.0000000000        0.0000000000        0.0000000000        0.0000000000        0.0000000000        0.0000000000        0.0000000000        0.0000000000        0.0000000000        0.0000000000        0.0000000000        0.0000000000        0.0000000000        0.0000000000        0.0000000000        0.0000000000        0.0000000000        0.0000000000        0.0000000000        0.0000000000        0.0000000000        0.0000000000        0.0000000000        0.0000000000        0.0000000000        0.0000000000        0.0000000000        0.0000000000
       20.5378655583        0.0000000000        0.0000000000        0.0000000000        0.0000000000        0.0000000000        0.0000000000        0.0000000000        0.0000000000        0.0000000000        0.0000000000        0.0000000000        0.0000000000        0.0000000000        0.0000000000        0.0000000000        0.0000000000        0.0000000000        0.0000000000        0.0000000000        0.0000000000        0.0000000000        0.0000000000        0.0000000000        0.0000000000        0.0000000000        0.0000000000        0.0000000000        0.0000000000        0.0000000000
       20.6501102184        0.0000000000        0.0000000000        0.0000000000        0.0000000000        0.0000000000        0.0000000000        0.0000000000        0.0000000000        0.0000000000        0.0000000000        0.0000000000        0.0000000000        0.0000000000        0.0000000000        0.0000000000        0.0000000000        0.0000000000        0.0000000000        0.0000000000        0.0000000000        0.0000000000        0.0000000000        0.0000000000        0.0000000000        0.0000000000        0.0000000000        0.0000000000        0.0000000000        0.0000000000
       20.7623548784        0.0000000000        0.0000000000        0.0000000000        0.0000000000        0.0000000000        0.0000000000        0.0000000000        0.0000000000        0.0000000000        0.0000000000        0.0000000000        0.0000000000        0.0000000000        0.0000000000        0.0000000000        0.0000000000        0.0000000000        0.0000000000        0.0000000000        0.0000000000        0.0000000000        0.0000000000        0.0000000000        0.0000000000        0.0000000000        0.0000000000        0.0000000000        0.0000000000        0.0000000000
