  48   48
1 1
    19.000395915365168     0.000000000000000     0.000000000000000
     0.000000000000000    10.777028384407283    -1.061000102796239
     0.000000000000000    -1.061000102796239    28.810633378351234
1 2
    -0.186368420088212     0.286267099730550     0.039378907344767
     0.286267099730550    -0.562036079196034     0.030863824836164
     0.039378907344767     0.030863824836164     0.306168378351193
1 3
    -0.186368420088212    -0.286267099730550    -0.039378907344767
    -0.286267099730550    -0.562036079196034     0.030863824836164
    -0.039378907344767     0.030863824836164     0.306168378351193
1 4
    -2.979000986478588     0.000000000000000     0.000000000000000
    -0.000000000000000     0.174330329999903    -0.154598914367117
     0.000000000000000    -0.154598914367117     0.308686878351194
1 5
    -0.176009162149806     0.000000000000000    -0.000000000000000
     0.000000000000000    -0.206727967422220     0.203192496427498
    -0.000000000000000     0.203192496427498    -0.113507121648806
1 6
    -0.109689037408070    -0.004020362152530    -0.024476649532505
    -0.004020362152530    -0.009334943338796    -0.005437969423021
    -0.024476649532505    -0.005437969423021     0.021180878351194
1 7
    -0.109689037408070     0.004020362152530     0.024476649532505
     0.004020362152530    -0.009334943338796    -0.005437969423021
     0.024476649532505    -0.005437969423021     0.021180878351194
1 8
    -0.264702969754296     0.000000000000000     0.000000000000000
    -0.000000000000000     0.053960041800149     0.058126350055692
    -0.000000000000000     0.058126350055692     0.020794878351194
1 9
    -1.993178311167307     0.000000000000000     0.000000000000000
     0.000000000000000    -1.588526204171655    -0.249385349323725
     0.000000000000000     0.249385349323725   -11.992751621648823
1 10
     0.050471341155927     0.169944270727900     0.061514244577242
     0.169944270727900    -0.047546216912048    -0.008684986369810
    -0.061514244577242     0.008684986369810    -0.308680621648806
1 11
     0.050471341155927    -0.169944270727900    -0.061514244577242
    -0.169944270727900    -0.047546216912048    -0.008684986369810
     0.061514244577242     0.008684986369810    -0.308680621648806
1 12
     0.554791873038865     0.000000000000000     0.000000000000000
    -0.000000000000000    -0.023462912744916    -0.186060335602005
     0.000000000000000     0.186060335602005    -0.021591621648806
1 13
    -0.175887775674484     0.000000000000000     0.000000000000000
     0.000000000000000    -0.096539442495455    -0.077668519822442
    -0.000000000000000     0.077668519822442     0.438540378351194
1 14
     0.059652469611877     0.057540329325920    -0.023026931586494
     0.057540329325920    -0.045169135301047    -0.026612237223704
     0.023026931586494     0.026612237223704    -0.065852621648806
1 15
     0.059652469611877    -0.057540329325920     0.023026931586494
    -0.057540329325920    -0.045169135301047    -0.026612237223704
    -0.023026931586494     0.026612237223704    -0.065852621648806
1 16
     0.464642562183544     0.000000000000000    -0.000000000000000
    -0.000000000000000     0.316824884047892     0.189722906003190
    -0.000000000000000    -0.189722906003190    -0.460955621648806
1 17
    -0.172378345194009     0.000000000000000    -0.000000000000000
    -0.000000000000000     0.049190560536131    -0.089220583113605
     0.000000000000000    -0.020566571158345    -0.003835621648806
1 18
    -0.364166423684554    -0.014466746559977    -1.004524463890879
    -0.036435446813573    -0.059018177087552     0.438059394763196
    -1.100081756228680     0.068778481016704    -1.377906121648807
1 19
    -0.364166423684554     0.014466746559977     1.004524463890879
     0.036435446813573    -0.059018177087552     0.438059394763196
     1.100081756228680     0.068778481016704    -1.377906121648807
1 20
    -0.001583036602790     0.000000000000000    -0.000000000000000
     0.000000000000000     0.018043689430721    -0.037027371907644
     0.000000000000000    -0.086521556874637     0.091943628351194
1 21
    -0.172378345194009     0.000000000000000    -0.000000000000000
    -0.000000000000000     0.049190560536131     0.020566571158345
    -0.000000000000000     0.089220583113605    -0.003835621648806
1 22
    -0.364166423684554    -0.036435446813573     1.100081756228680
    -0.014466746559977    -0.059018177087552    -0.068778481016704
     1.004524463890879    -0.438059394763196    -1.377906121648807
1 23
    -0.364166423684554     0.036435446813573    -1.100081756228680
     0.014466746559977    -0.059018177087552    -0.068778481016704
    -1.004524463890879    -0.438059394763196    -1.377906121648807
1 24
    -0.001583036602790     0.000000000000000     0.000000000000000
     0.000000000000000     0.018043689430721     0.086521556874637
    -0.000000000000000     0.037027371907643     0.091943628351194
1 25
     0.072839918979998     0.000000000000000     0.000000000000000
    -0.000000000000000    -0.057329154072917    -0.022703653772725
     0.000000000000000    -0.022703653772725    -0.002998121648806
1 26
     0.078719221861866     0.133803786196045    -0.037875309056424
     0.133803786196045     0.077035140292784    -0.095186119261000
    -0.037875309056424    -0.095186119261000     0.093175378351194
1 27
     0.078719221861866    -0.133803786196045     0.037875309056424
    -0.133803786196045     0.077035140292784    -0.095186119261000
     0.037875309056424    -0.095186119261000     0.093175378351194
1 28
     0.124449591146878     0.000000000000000     0.000000000000000
     0.000000000000000     0.025679037100972     0.025701707907920
    -0.000000000000000     0.025701707907920    -0.029675621648806
1 29
     0.175580524130710     0.000000000000000     0.000000000000000
    -0.000000000000000     0.307462496767821    -0.176473823399106
    -0.000000000000000    -0.176473823399106    -0.014273621648806
1 30
    -4.579019373994604     0.390678729570475     1.747808943815097
     0.390678729570475    -1.769515276315259    -0.046787979193951
     1.747808943815097    -0.046787979193951    -2.966707621648802
1 31
    -4.579019373994604    -0.390678729570475    -1.747808943815097
    -0.390678729570475    -1.769515276315259    -0.046787979193951
    -1.747808943815097    -0.046787979193951    -2.966707621648802
1 32
     0.123148373509540     0.000000000000000     0.000000000000000
     0.000000000000000    -0.105204998118733    -0.112240257641507
    -0.000000000000000    -0.112240257641507    -0.113554621648806
1 33
    -0.406799284316694    -0.000000000000000    -0.000000000000000
    -0.000000000000000    -2.311446074891507    -0.880414755526842
    -0.000000000000000    -0.715871818488275    -0.509671164574840
1 34
    -1.438193012840963     0.957697251775987    -0.878032025909655
     0.910015386732718    -0.874098728920349     0.504137608306946
    -0.685890072630947     0.493452671999501    -0.588604442964367
1 35
    -1.438193012840963    -0.957697251775987     0.878032025909655
    -0.910015386732718    -0.874098728920349     0.504137608306946
     0.685890072630947     0.493452671999501    -0.588604442964367
1 36
    -0.028608216541454     0.000000000000000     0.000000000000000
     0.000000000000000    -0.036397338049104     0.013205847802014
    -0.000000000000000    -0.108602886497552     0.016875891453639
1 37
     0.008336955276458    -0.000000000000000     0.000000000000000
    -0.000000000000000    -0.065267847609468     0.069694360479029
     0.000000000000000     0.059723676205768    -0.073491832763226
1 38
    -0.015535807126718    -0.022893762196428    -0.046318655061107
    -0.019289189766456     0.018809712986487    -0.053025129172715
     0.125557609103427     0.087664954049332     0.084194380725277
1 39
    -0.015535807126718     0.022893762196428     0.046318655061107
     0.019289189766456     0.018809712986487    -0.053025129172715
    -0.125557609103427     0.087664954049332     0.084194380725277
1 40
     0.010626291565748     0.000000000000000     0.000000000000000
     0.000000000000000    -0.020623101292446    -0.030248013935430
     0.000000000000000    -0.054556032062710    -0.012277834100188
1 41
    -0.197150899433486     0.000000000000000     0.000000000000000
     0.000000000000000    -0.091457172945363    -0.370324074157455
     0.000000000000000     0.113447889627175    -0.114666828952131
1 42
    -0.034833594228912    -0.030752483852547    -0.043044880843088
    -0.027068630080815     0.048542963962051     0.063354303358971
    -0.038542144702033    -0.059662701909714     0.057378824095308
1 43
    -0.034833594228912     0.030752483852547     0.043044880843088
     0.027068630080815     0.048542963962051     0.063354303358971
     0.038542144702033    -0.059662701909714     0.057378824095308
1 44
     0.028150523953998    -0.000000000000000    -0.000000000000000
    -0.000000000000000    -0.087287166171741     0.020589431880001
     0.000000000000000     0.048770098460911    -0.069640914599746
1 45
    -0.125268705090837     0.000000000000000     0.000000000000000
     0.000000000000000    -0.683864280920003     1.470640865130467
    -0.000000000000000     1.575332584210497    -3.721474924256730
1 46
     0.026465168023148     0.241152470388442     0.027566870952244
     0.204082690017011     0.017419881374930    -0.177395040472540
    -0.026641160734200     0.004098995301013    -0.093030062718388
1 47
     0.026465168023148    -0.241152470388442    -0.027566870952244
    -0.204082690017011     0.017419881374930    -0.177395040472540
     0.026641160734200     0.004098995301013    -0.093030062718387
1 48
    -0.115105670142822    -0.000000000000000     0.000000000000000
    -0.000000000000000     0.112238057932572     0.180389283383385
     0.000000000000000    -0.170842412094173    -0.088036397720684
2 1
    -0.186368420088212     0.286267099730550     0.039378907344767
     0.286267099730550    -0.562036079196034     0.030863824836164
     0.039378907344767     0.030863824836164     0.306168378351193
2 2
    19.000395915365161    -0.000000000000000     0.000000000000000
    -0.000000000000000    10.777028384407281    -1.061000102796239
     0.000000000000000    -1.061000102796239    28.810633378351234
2 3
    -2.979000986478588    -0.000000000000000     0.000000000000000
    -0.000000000000000     0.174330329999903    -0.154598914367117
     0.000000000000000    -0.154598914367117     0.308686878351194
2 4
    -0.186368420088212    -0.286267099730550    -0.039378907344767
    -0.286267099730550    -0.562036079196034     0.030863824836164
    -0.039378907344767     0.030863824836164     0.306168378351193
2 5
    -0.109689037408070    -0.004020362152530    -0.024476649532505
    -0.004020362152530    -0.009334943338796    -0.005437969423021
    -0.024476649532505    -0.005437969423021     0.021180878351194
2 6
    -0.176009162149806     0.000000000000000     0.000000000000000
    -0.000000000000000    -0.206727967422220     0.203192496427498
     0.000000000000000     0.203192496427498    -0.113507121648806
2 7
    -0.264702969754296    -0.000000000000000     0.000000000000000
    -0.000000000000000     0.053960041800149     0.058126350055692
     0.000000000000000     0.058126350055692     0.020794878351194
2 8
    -0.109689037408070     0.004020362152530     0.024476649532505
     0.004020362152530    -0.009334943338796    -0.005437969423021
     0.024476649532505    -0.005437969423021     0.021180878351194
2 9
     0.050471341155927     0.169944270727900     0.061514244577242
     0.169944270727900    -0.047546216912048    -0.008684986369810
    -0.061514244577242     0.008684986369810    -0.308680621648806
2 10
    -1.993178311167307    -0.000000000000000    -0.000000000000000
    -0.000000000000000    -1.588526204171655    -0.249385349323725
     0.000000000000000     0.249385349323725   -11.992751621648823
2 11
     0.554791873038865    -0.000000000000000    -0.000000000000000
     0.000000000000000    -0.023462912744916    -0.186060335602005
     0.000000000000000     0.186060335602005    -0.021591621648806
2 12
     0.050471341155927    -0.169944270727900    -0.061514244577242
    -0.169944270727900    -0.047546216912048    -0.008684986369810
     0.061514244577242     0.008684986369810    -0.308680621648806
2 13
     0.059652469611877     0.057540329325920    -0.023026931586494
     0.057540329325920    -0.045169135301047    -0.026612237223704
     0.023026931586494     0.026612237223704    -0.065852621648806
2 14
    -0.175887775674484    -0.000000000000000    -0.000000000000000
    -0.000000000000000    -0.096539442495455    -0.077668519822442
     0.000000000000000     0.077668519822442     0.438540378351194
2 15
     0.464642562183544    -0.000000000000000    -0.000000000000000
    -0.000000000000000     0.316824884047892     0.189722906003190
     0.000000000000000    -0.189722906003190    -0.460955621648806
2 16
     0.059652469611877    -0.057540329325920     0.023026931586494
    -0.057540329325920    -0.045169135301047    -0.026612237223704
    -0.023026931586494     0.026612237223704    -0.065852621648806
2 17
    -0.364166423684554    -0.014466746559977    -1.004524463890879
    -0.036435446813573    -0.059018177087552     0.438059394763196
    -1.100081756228680     0.068778481016704    -1.377906121648807
2 18
    -0.172378345194009     0.000000000000000     0.000000000000000
     0.000000000000000     0.049190560536131    -0.089220583113605
     0.000000000000000    -0.020566571158345    -0.003835621648806
2 19
    -0.001583036602790    -0.000000000000000     0.000000000000000
    -0.000000000000000     0.018043689430722    -0.037027371907643
     0.000000000000000    -0.086521556874638     0.091943628351194
2 20
    -0.364166423684554     0.014466746559977     1.004524463890879
     0.036435446813573    -0.059018177087552     0.438059394763196
     1.100081756228680     0.068778481016704    -1.377906121648807
2 21
    -0.364166423684554    -0.036435446813573     1.100081756228680
    -0.014466746559977    -0.059018177087552    -0.068778481016704
     1.004524463890879    -0.438059394763196    -1.377906121648807
2 22
    -0.172378345194009     0.000000000000000     0.000000000000000
    -0.000000000000000     0.049190560536131     0.020566571158345
     0.000000000000000     0.089220583113605    -0.003835621648806
2 23
    -0.001583036602790    -0.000000000000000     0.000000000000000
    -0.000000000000000     0.018043689430722     0.086521556874637
     0.000000000000000     0.037027371907643     0.091943628351194
2 24
    -0.364166423684554     0.036435446813573    -1.100081756228680
     0.014466746559977    -0.059018177087552    -0.068778481016704
    -1.004524463890879    -0.438059394763196    -1.377906121648807
2 25
     0.078719221861866     0.133803786196045    -0.037875309056424
     0.133803786196045     0.077035140292784    -0.095186119261000
    -0.037875309056424    -0.095186119261000     0.093175378351194
2 26
     0.072839918979998    -0.000000000000000    -0.000000000000000
    -0.000000000000000    -0.057329154072917    -0.022703653772725
     0.000000000000000    -0.022703653772725    -0.002998121648806
2 27
     0.124449591146878    -0.000000000000000    -0.000000000000000
    -0.000000000000000     0.025679037100972     0.025701707907920
     0.000000000000000     0.025701707907920    -0.029675621648806
2 28
     0.078719221861866    -0.133803786196045     0.037875309056424
    -0.133803786196045     0.077035140292784    -0.095186119261000
     0.037875309056424    -0.095186119261000     0.093175378351194
2 29
    -4.579019373994604     0.390678729570475     1.747808943815097
     0.390678729570475    -1.769515276315259    -0.046787979193951
     1.747808943815097    -0.046787979193951    -2.966707621648802
2 30
     0.175580524130710     0.000000000000000    -0.000000000000000
    -0.000000000000000     0.307462496767821    -0.176473823399106
     0.000000000000000    -0.176473823399106    -0.014273621648806
2 31
     0.123148373509540     0.000000000000000    -0.000000000000000
    -0.000000000000000    -0.105204998118733    -0.112240257641507
     0.000000000000000    -0.112240257641507    -0.113554621648806
2 32
    -4.579019373994604    -0.390678729570475    -1.747808943815097
    -0.390678729570475    -1.769515276315259    -0.046787979193951
    -1.747808943815097    -0.046787979193951    -2.966707621648802
2 33
    -1.438193012840963     0.957697251775987    -0.878032025909655
     0.910015386732718    -0.874098728920349     0.504137608306946
    -0.685890072630947     0.493452671999501    -0.588604442964367
2 34
    -0.406799284316694     0.000000000000000     0.000000000000000
    -0.000000000000000    -2.311446074891507    -0.880414755526842
     0.000000000000000    -0.715871818488275    -0.509671164574840
2 35
    -0.028608216541454    -0.000000000000000     0.000000000000000
     0.000000000000000    -0.036397338049104     0.013205847802014
     0.000000000000000    -0.108602886497552     0.016875891453639
2 36
    -1.438193012840963    -0.957697251775987     0.878032025909655
    -0.910015386732718    -0.874098728920349     0.504137608306946
     0.685890072630947     0.493452671999501    -0.588604442964367
2 37
    -0.015535807126718    -0.022893762196428    -0.046318655061107
    -0.019289189766456     0.018809712986487    -0.053025129172715
     0.125557609103427     0.087664954049332     0.084194380725277
2 38
     0.008336955276458     0.000000000000000    -0.000000000000000
    -0.000000000000000    -0.065267847609468     0.069694360479029
    -0.000000000000000     0.059723676205768    -0.073491832763226
2 39
     0.010626291565748    -0.000000000000000    -0.000000000000000
     0.000000000000000    -0.020623101292446    -0.030248013935430
     0.000000000000000    -0.054556032062710    -0.012277834100188
2 40
    -0.015535807126718     0.022893762196428     0.046318655061107
     0.019289189766456     0.018809712986487    -0.053025129172715
    -0.125557609103427     0.087664954049332     0.084194380725277
2 41
    -0.034833594228912    -0.030752483852547    -0.043044880843088
    -0.027068630080815     0.048542963962051     0.063354303358971
    -0.038542144702033    -0.059662701909714     0.057378824095308
2 42
    -0.197150899433486    -0.000000000000000     0.000000000000000
     0.000000000000000    -0.091457172945363    -0.370324074157455
     0.000000000000000     0.113447889627175    -0.114666828952131
2 43
     0.028150523953998     0.000000000000000     0.000000000000000
    -0.000000000000000    -0.087287166171741     0.020589431880001
    -0.000000000000000     0.048770098460911    -0.069640914599746
2 44
    -0.034833594228912     0.030752483852547     0.043044880843088
     0.027068630080815     0.048542963962051     0.063354303358971
     0.038542144702033    -0.059662701909714     0.057378824095308
2 45
     0.026465168023148     0.241152470388442     0.027566870952244
     0.204082690017011     0.017419881374930    -0.177395040472540
    -0.026641160734200     0.004098995301013    -0.093030062718388
2 46
    -0.125268705090837    -0.000000000000000    -0.000000000000000
     0.000000000000000    -0.683864280920003     1.470640865130467
     0.000000000000000     1.575332584210497    -3.721474924256730
2 47
    -0.115105670142822     0.000000000000000    -0.000000000000000
     0.000000000000000     0.112238057932572     0.180389283383385
     0.000000000000000    -0.170842412094173    -0.088036397720684
2 48
     0.026465168023148    -0.241152470388442    -0.027566870952244
    -0.204082690017011     0.017419881374930    -0.177395040472540
     0.026641160734200     0.004098995301013    -0.093030062718388
3 1
    -0.186368420088212    -0.286267099730550    -0.039378907344767
    -0.286267099730550    -0.562036079196034     0.030863824836164
    -0.039378907344767     0.030863824836164     0.306168378351193
3 2
    -2.979000986478588    -0.000000000000000     0.000000000000000
    -0.000000000000000     0.174330329999903    -0.154598914367117
     0.000000000000000    -0.154598914367117     0.308686878351194
3 3
    19.000395915365164    -0.000000000000000    -0.000000000000000
    -0.000000000000000    10.777028384407277    -1.061000102796238
    -0.000000000000000    -1.061000102796238    28.810633378351238
3 4
    -0.186368420088212     0.286267099730550     0.039378907344767
     0.286267099730550    -0.562036079196034     0.030863824836164
     0.039378907344767     0.030863824836164     0.306168378351193
3 5
    -0.109689037408070     0.004020362152530     0.024476649532505
     0.004020362152530    -0.009334943338795    -0.005437969423021
     0.024476649532505    -0.005437969423021     0.021180878351194
3 6
    -0.264702969754296     0.000000000000000     0.000000000000000
    -0.000000000000000     0.053960041800149     0.058126350055692
     0.000000000000000     0.058126350055692     0.020794878351194
3 7
    -0.176009162149806    -0.000000000000000     0.000000000000000
    -0.000000000000000    -0.206727967422219     0.203192496427498
     0.000000000000000     0.203192496427498    -0.113507121648806
3 8
    -0.109689037408070    -0.004020362152530    -0.024476649532505
    -0.004020362152530    -0.009334943338795    -0.005437969423021
    -0.024476649532505    -0.005437969423021     0.021180878351194
3 9
     0.050471341155927    -0.169944270727900    -0.061514244577242
    -0.169944270727900    -0.047546216912048    -0.008684986369810
     0.061514244577242     0.008684986369810    -0.308680621648806
3 10
     0.554791873038865    -0.000000000000000    -0.000000000000000
    -0.000000000000000    -0.023462912744916    -0.186060335602005
     0.000000000000000     0.186060335602005    -0.021591621648806
3 11
    -1.993178311167307    -0.000000000000000    -0.000000000000000
     0.000000000000000    -1.588526204171655    -0.249385349323725
     0.000000000000000     0.249385349323725   -11.992751621648823
3 12
     0.050471341155927     0.169944270727900     0.061514244577242
     0.169944270727900    -0.047546216912048    -0.008684986369810
    -0.061514244577242     0.008684986369810    -0.308680621648806
3 13
     0.059652469611877    -0.057540329325920     0.023026931586494
    -0.057540329325920    -0.045169135301047    -0.026612237223704
    -0.023026931586494     0.026612237223704    -0.065852621648806
3 14
     0.464642562183544    -0.000000000000000    -0.000000000000000
    -0.000000000000000     0.316824884047892     0.189722906003190
     0.000000000000000    -0.189722906003190    -0.460955621648806
3 15
    -0.175887775674484    -0.000000000000000    -0.000000000000000
    -0.000000000000000    -0.096539442495455    -0.077668519822442
     0.000000000000000     0.077668519822442     0.438540378351194
3 16
     0.059652469611877     0.057540329325920    -0.023026931586494
     0.057540329325920    -0.045169135301047    -0.026612237223704
     0.023026931586494     0.026612237223704    -0.065852621648806
3 17
    -0.364166423684554     0.014466746559977     1.004524463890879
     0.036435446813573    -0.059018177087552     0.438059394763196
     1.100081756228680     0.068778481016704    -1.377906121648807
3 18
    -0.001583036602790     0.000000000000000     0.000000000000000
     0.000000000000000     0.018043689430722    -0.037027371907643
     0.000000000000000    -0.086521556874638     0.091943628351194
3 19
    -0.172378345194009    -0.000000000000000     0.000000000000000
    -0.000000000000000     0.049190560536131    -0.089220583113605
     0.000000000000000    -0.020566571158345    -0.003835621648806
3 20
    -0.364166423684554    -0.014466746559977    -1.004524463890879
    -0.036435446813573    -0.059018177087552     0.438059394763196
    -1.100081756228680     0.068778481016704    -1.377906121648807
3 21
    -0.364166423684554     0.036435446813573    -1.100081756228680
     0.014466746559977    -0.059018177087552    -0.068778481016704
    -1.004524463890879    -0.438059394763196    -1.377906121648807
3 22
    -0.001583036602790     0.000000000000000     0.000000000000000
    -0.000000000000000     0.018043689430722     0.086521556874637
     0.000000000000000     0.037027371907643     0.091943628351194
3 23
    -0.172378345194009    -0.000000000000000     0.000000000000000
    -0.000000000000000     0.049190560536131     0.020566571158345
     0.000000000000000     0.089220583113605    -0.003835621648806
3 24
    -0.364166423684554    -0.036435446813573     1.100081756228680
    -0.014466746559977    -0.059018177087552    -0.068778481016704
     1.004524463890879    -0.438059394763196    -1.377906121648807
3 25
     0.078719221861866    -0.133803786196045     0.037875309056424
    -0.133803786196045     0.077035140292784    -0.095186119261000
     0.037875309056424    -0.095186119261000     0.093175378351194
3 26
     0.124449591146878    -0.000000000000000    -0.000000000000000
    -0.000000000000000     0.025679037100972     0.025701707907920
     0.000000000000000     0.025701707907920    -0.029675621648806
3 27
     0.072839918979998    -0.000000000000000    -0.000000000000000
    -0.000000000000000    -0.057329154072917    -0.022703653772725
     0.000000000000000    -0.022703653772725    -0.002998121648806
3 28
     0.078719221861866     0.133803786196045    -0.037875309056424
     0.133803786196045     0.077035140292784    -0.095186119261000
    -0.037875309056424    -0.095186119261000     0.093175378351194
3 29
    -4.579019373994604    -0.390678729570475    -1.747808943815097
    -0.390678729570475    -1.769515276315259    -0.046787979193951
    -1.747808943815097    -0.046787979193951    -2.966707621648802
3 30
     0.123148373509540     0.000000000000000    -0.000000000000000
    -0.000000000000000    -0.105204998118733    -0.112240257641507
     0.000000000000000    -0.112240257641507    -0.113554621648806
3 31
     0.175580524130710     0.000000000000000    -0.000000000000000
    -0.000000000000000     0.307462496767821    -0.176473823399106
     0.000000000000000    -0.176473823399106    -0.014273621648806
3 32
    -4.579019373994604     0.390678729570475     1.747808943815097
     0.390678729570475    -1.769515276315259    -0.046787979193951
     1.747808943815097    -0.046787979193951    -2.966707621648802
3 33
    -1.438193012840963    -0.957697251775987     0.878032025909655
    -0.910015386732718    -0.874098728920349     0.504137608306946
     0.685890072630947     0.493452671999501    -0.588604442964367
3 34
    -0.028608216541454     0.000000000000000     0.000000000000000
    -0.000000000000000    -0.036397338049104     0.013205847802014
     0.000000000000000    -0.108602886497552     0.016875891453639
3 35
    -0.406799284316694    -0.000000000000000     0.000000000000000
     0.000000000000000    -2.311446074891506    -0.880414755526842
     0.000000000000000    -0.715871818488275    -0.509671164574840
3 36
    -1.438193012840963     0.957697251775987    -0.878032025909655
     0.910015386732718    -0.874098728920349     0.504137608306946
    -0.685890072630947     0.493452671999501    -0.588604442964367
3 37
    -0.015535807126718     0.022893762196428     0.046318655061107
     0.019289189766456     0.018809712986487    -0.053025129172715
    -0.125557609103427     0.087664954049332     0.084194380725277
3 38
     0.010626291565748     0.000000000000000    -0.000000000000000
    -0.000000000000000    -0.020623101292446    -0.030248013935430
    -0.000000000000000    -0.054556032062710    -0.012277834100188
3 39
     0.008336955276458    -0.000000000000000    -0.000000000000000
     0.000000000000000    -0.065267847609468     0.069694360479029
     0.000000000000000     0.059723676205768    -0.073491832763226
3 40
    -0.015535807126718    -0.022893762196428    -0.046318655061107
    -0.019289189766456     0.018809712986487    -0.053025129172715
     0.125557609103427     0.087664954049332     0.084194380725277
3 41
    -0.034833594228912     0.030752483852547     0.043044880843088
     0.027068630080815     0.048542963962051     0.063354303358971
     0.038542144702033    -0.059662701909714     0.057378824095308
3 42
     0.028150523953998    -0.000000000000000     0.000000000000000
     0.000000000000000    -0.087287166171741     0.020589431880001
     0.000000000000000     0.048770098460911    -0.069640914599746
3 43
    -0.197150899433486     0.000000000000000     0.000000000000000
    -0.000000000000000    -0.091457172945363    -0.370324074157455
    -0.000000000000000     0.113447889627175    -0.114666828952131
3 44
    -0.034833594228912    -0.030752483852547    -0.043044880843088
    -0.027068630080815     0.048542963962051     0.063354303358971
    -0.038542144702033    -0.059662701909714     0.057378824095308
3 45
     0.026465168023148    -0.241152470388442    -0.027566870952244
    -0.204082690017011     0.017419881374931    -0.177395040472540
     0.026641160734200     0.004098995301013    -0.093030062718388
3 46
    -0.115105670142822    -0.000000000000000    -0.000000000000000
     0.000000000000000     0.112238057932572     0.180389283383385
     0.000000000000000    -0.170842412094173    -0.088036397720684
3 47
    -0.125268705090837     0.000000000000000    -0.000000000000000
     0.000000000000000    -0.683864280920003     1.470640865130467
     0.000000000000000     1.575332584210497    -3.721474924256730
3 48
     0.026465168023148     0.241152470388442     0.027566870952244
     0.204082690017011     0.017419881374931    -0.177395040472540
    -0.026641160734200     0.004098995301013    -0.093030062718388
4 1
    -2.979000986478588    -0.000000000000000     0.000000000000000
     0.000000000000000     0.174330329999903    -0.154598914367117
     0.000000000000000    -0.154598914367117     0.308686878351194
4 2
    -0.186368420088212    -0.286267099730550    -0.039378907344767
    -0.286267099730550    -0.562036079196034     0.030863824836164
    -0.039378907344767     0.030863824836164     0.306168378351193
4 3
    -0.186368420088212     0.286267099730550     0.039378907344767
     0.286267099730550    -0.562036079196034     0.030863824836164
     0.039378907344767     0.030863824836164     0.306168378351193
4 4
    19.000395915365161     0.000000000000000     0.000000000000000
     0.000000000000000    10.777028384407277    -1.061000102796238
     0.000000000000000    -1.061000102796238    28.810633378351234
4 5
    -0.264702969754296    -0.000000000000000    -0.000000000000000
     0.000000000000000     0.053960041800149     0.058126350055692
     0.000000000000000     0.058126350055692     0.020794878351194
4 6
    -0.109689037408070     0.004020362152530     0.024476649532505
     0.004020362152530    -0.009334943338795    -0.005437969423021
     0.024476649532505    -0.005437969423021     0.021180878351194
4 7
    -0.109689037408070    -0.004020362152530    -0.024476649532505
    -0.004020362152530    -0.009334943338795    -0.005437969423021
    -0.024476649532505    -0.005437969423021     0.021180878351194
4 8
    -0.176009162149806    -0.000000000000000     0.000000000000000
    -0.000000000000000    -0.206727967422220     0.203192496427498
     0.000000000000000     0.203192496427498    -0.113507121648806
4 9
     0.554791873038865    -0.000000000000000     0.000000000000000
     0.000000000000000    -0.023462912744916    -0.186060335602005
     0.000000000000000     0.186060335602005    -0.021591621648806
4 10
     0.050471341155927    -0.169944270727900    -0.061514244577242
    -0.169944270727900    -0.047546216912048    -0.008684986369810
     0.061514244577242     0.008684986369810    -0.308680621648806
4 11
     0.050471341155927     0.169944270727900     0.061514244577242
     0.169944270727900    -0.047546216912048    -0.008684986369810
    -0.061514244577242     0.008684986369810    -0.308680621648806
4 12
    -1.993178311167307    -0.000000000000000     0.000000000000000
    -0.000000000000000    -1.588526204171655    -0.249385349323725
     0.000000000000000     0.249385349323725   -11.992751621648823
4 13
     0.464642562183544    -0.000000000000000     0.000000000000000
     0.000000000000000     0.316824884047892     0.189722906003190
     0.000000000000000    -0.189722906003190    -0.460955621648806
4 14
     0.059652469611877    -0.057540329325920     0.023026931586494
    -0.057540329325920    -0.045169135301047    -0.026612237223704
    -0.023026931586494     0.026612237223704    -0.065852621648806
4 15
     0.059652469611877     0.057540329325920    -0.023026931586494
     0.057540329325920    -0.045169135301047    -0.026612237223704
     0.023026931586494     0.026612237223704    -0.065852621648806
4 16
    -0.175887775674484    -0.000000000000000    -0.000000000000000
    -0.000000000000000    -0.096539442495455    -0.077668519822442
     0.000000000000000     0.077668519822442     0.438540378351194
4 17
    -0.001583036602790    -0.000000000000000     0.000000000000000
    -0.000000000000000     0.018043689430722    -0.037027371907643
     0.000000000000000    -0.086521556874638     0.091943628351194
4 18
    -0.364166423684554     0.014466746559977     1.004524463890879
     0.036435446813573    -0.059018177087552     0.438059394763196
     1.100081756228680     0.068778481016704    -1.377906121648807
4 19
    -0.364166423684554    -0.014466746559977    -1.004524463890879
    -0.036435446813573    -0.059018177087552     0.438059394763196
    -1.100081756228680     0.068778481016704    -1.377906121648807
4 20
    -0.172378345194009    -0.000000000000000    -0.000000000000000
     0.000000000000000     0.049190560536131    -0.089220583113605
     0.000000000000000    -0.020566571158345    -0.003835621648806
4 21
    -0.001583036602790    -0.000000000000000    -0.000000000000000
    -0.000000000000000     0.018043689430722     0.086521556874637
     0.000000000000000     0.037027371907643     0.091943628351194
4 22
    -0.364166423684554     0.036435446813573    -1.100081756228680
     0.014466746559977    -0.059018177087552    -0.068778481016704
    -1.004524463890879    -0.438059394763196    -1.377906121648807
4 23
    -0.364166423684554    -0.036435446813573     1.100081756228680
    -0.014466746559977    -0.059018177087552    -0.068778481016704
     1.004524463890879    -0.438059394763196    -1.377906121648807
4 24
    -0.172378345194009    -0.000000000000000     0.000000000000000
     0.000000000000000     0.049190560536131     0.020566571158345
     0.000000000000000     0.089220583113605    -0.003835621648806
4 25
     0.124449591146878    -0.000000000000000     0.000000000000000
    -0.000000000000000     0.025679037100972     0.025701707907920
     0.000000000000000     0.025701707907920    -0.029675621648806
4 26
     0.078719221861866    -0.133803786196045     0.037875309056424
    -0.133803786196045     0.077035140292784    -0.095186119261000
     0.037875309056424    -0.095186119261000     0.093175378351194
4 27
     0.078719221861866     0.133803786196045    -0.037875309056424
     0.133803786196045     0.077035140292784    -0.095186119261000
    -0.037875309056424    -0.095186119261000     0.093175378351194
4 28
     0.072839918979998    -0.000000000000000     0.000000000000000
     0.000000000000000    -0.057329154072917    -0.022703653772725
     0.000000000000000    -0.022703653772725    -0.002998121648806
4 29
     0.123148373509540    -0.000000000000000     0.000000000000000
    -0.000000000000000    -0.105204998118733    -0.112240257641507
     0.000000000000000    -0.112240257641507    -0.113554621648806
4 30
    -4.579019373994604    -0.390678729570475    -1.747808943815097
    -0.390678729570475    -1.769515276315259    -0.046787979193951
    -1.747808943815097    -0.046787979193951    -2.966707621648802
4 31
    -4.579019373994604     0.390678729570475     1.747808943815097
     0.390678729570475    -1.769515276315259    -0.046787979193951
     1.747808943815097    -0.046787979193951    -2.966707621648802
4 32
     0.175580524130710    -0.000000000000000     0.000000000000000
     0.000000000000000     0.307462496767821    -0.176473823399106
     0.000000000000000    -0.176473823399106    -0.014273621648806
4 33
    -0.028608216541454    -0.000000000000000    -0.000000000000000
    -0.000000000000000    -0.036397338049104     0.013205847802014
     0.000000000000000    -0.108602886497552     0.016875891453639
4 34
    -1.438193012840963    -0.957697251775987     0.878032025909655
    -0.910015386732718    -0.874098728920349     0.504137608306946
     0.685890072630947     0.493452671999501    -0.588604442964367
4 35
    -1.438193012840963     0.957697251775988    -0.878032025909655
     0.910015386732718    -0.874098728920349     0.504137608306946
    -0.685890072630947     0.493452671999501    -0.588604442964367
4 36
    -0.406799284316694     0.000000000000000     0.000000000000000
     0.000000000000000    -2.311446074891506    -0.880414755526842
    -0.000000000000000    -0.715871818488275    -0.509671164574840
4 37
     0.010626291565748    -0.000000000000000     0.000000000000000
    -0.000000000000000    -0.020623101292446    -0.030248013935430
     0.000000000000000    -0.054556032062710    -0.012277834100188
4 38
    -0.015535807126718     0.022893762196428     0.046318655061107
     0.019289189766456     0.018809712986487    -0.053025129172715
    -0.125557609103427     0.087664954049332     0.084194380725277
4 39
    -0.015535807126717    -0.022893762196428    -0.046318655061107
    -0.019289189766456     0.018809712986487    -0.053025129172715
     0.125557609103427     0.087664954049332     0.084194380725277
4 40
     0.008336955276458     0.000000000000000     0.000000000000000
     0.000000000000000    -0.065267847609468     0.069694360479029
     0.000000000000000     0.059723676205768    -0.073491832763226
4 41
     0.028150523953998     0.000000000000000     0.000000000000000
     0.000000000000000    -0.087287166171741     0.020589431880001
     0.000000000000000     0.048770098460911    -0.069640914599746
4 42
    -0.034833594228912     0.030752483852547     0.043044880843088
     0.027068630080815     0.048542963962051     0.063354303358971
     0.038542144702033    -0.059662701909714     0.057378824095308
4 43
    -0.034833594228912    -0.030752483852547    -0.043044880843088
    -0.027068630080815     0.048542963962051     0.063354303358971
    -0.038542144702033    -0.059662701909714     0.057378824095308
4 44
    -0.197150899433486    -0.000000000000000     0.000000000000000
    -0.000000000000000    -0.091457172945363    -0.370324074157455
     0.000000000000000     0.113447889627175    -0.114666828952131
4 45
    -0.115105670142822     0.000000000000000     0.000000000000000
     0.000000000000000     0.112238057932572     0.180389283383385
    -0.000000000000000    -0.170842412094173    -0.088036397720684
4 46
     0.026465168023148    -0.241152470388442    -0.027566870952244
    -0.204082690017011     0.017419881374931    -0.177395040472540
     0.026641160734200     0.004098995301013    -0.093030062718388
4 47
     0.026465168023148     0.241152470388442     0.027566870952244
     0.204082690017011     0.017419881374931    -0.177395040472540
    -0.026641160734200     0.004098995301013    -0.093030062718388
4 48
    -0.125268705090837    -0.000000000000000     0.000000000000000
    -0.000000000000000    -0.683864280920003     1.470640865130467
     0.000000000000000     1.575332584210497    -3.721474924256730
5 1
    -0.176009162149806     0.000000000000000    -0.000000000000000
     0.000000000000000    -0.206727967422220     0.203192496427498
    -0.000000000000000     0.203192496427498    -0.113507121648806
5 2
    -0.109689037408070    -0.004020362152530    -0.024476649532505
    -0.004020362152530    -0.009334943338796    -0.005437969423021
    -0.024476649532505    -0.005437969423021     0.021180878351194
5 3
    -0.109689037408070     0.004020362152530     0.024476649532505
     0.004020362152530    -0.009334943338795    -0.005437969423021
     0.024476649532505    -0.005437969423021     0.021180878351194
5 4
    -0.264702969754296     0.000000000000000     0.000000000000000
    -0.000000000000000     0.053960041800149     0.058126350055692
    -0.000000000000000     0.058126350055692     0.020794878351194
5 5
    19.000395915365168     0.000000000000000    -0.000000000000000
     0.000000000000000    10.777028384407279    -1.061000102796238
    -0.000000000000000    -1.061000102796238    28.810633378351234
5 6
    -0.186368420088212     0.286267099730550     0.039378907344767
     0.286267099730550    -0.562036079196034     0.030863824836164
     0.039378907344767     0.030863824836164     0.306168378351194
5 7
    -0.186368420088212    -0.286267099730550    -0.039378907344767
    -0.286267099730550    -0.562036079196034     0.030863824836164
    -0.039378907344767     0.030863824836164     0.306168378351194
5 8
    -2.979000986478588     0.000000000000000    -0.000000000000000
    -0.000000000000000     0.174330329999903    -0.154598914367117
    -0.000000000000000    -0.154598914367117     0.308686878351194
5 9
    -0.175887775674484     0.000000000000000     0.000000000000000
     0.000000000000000    -0.096539442495455    -0.077668519822442
    -0.000000000000000     0.077668519822442     0.438540378351194
5 10
     0.059652469611877     0.057540329325920    -0.023026931586494
     0.057540329325920    -0.045169135301047    -0.026612237223704
     0.023026931586494     0.026612237223704    -0.065852621648806
5 11
     0.059652469611877    -0.057540329325920     0.023026931586494
    -0.057540329325920    -0.045169135301047    -0.026612237223704
    -0.023026931586494     0.026612237223704    -0.065852621648806
5 12
     0.464642562183544     0.000000000000000    -0.000000000000000
    -0.000000000000000     0.316824884047892     0.189722906003190
    -0.000000000000000    -0.189722906003190    -0.460955621648806
5 13
    -1.993178311167307     0.000000000000000    -0.000000000000000
     0.000000000000000    -1.588526204171655    -0.249385349323725
    -0.000000000000000     0.249385349323725   -11.992751621648823
5 14
     0.050471341155927     0.169944270727900     0.061514244577242
     0.169944270727900    -0.047546216912047    -0.008684986369810
    -0.061514244577242     0.008684986369810    -0.308680621648806
5 15
     0.050471341155927    -0.169944270727900    -0.061514244577242
    -0.169944270727900    -0.047546216912047    -0.008684986369810
     0.061514244577242     0.008684986369810    -0.308680621648806
5 16
     0.554791873038865     0.000000000000000    -0.000000000000000
    -0.000000000000000    -0.023462912744916    -0.186060335602005
    -0.000000000000000     0.186060335602005    -0.021591621648806
5 17
    -0.172378345194009     0.000000000000000    -0.000000000000000
    -0.000000000000000     0.049190560536131     0.020566571158345
    -0.000000000000000     0.089220583113605    -0.003835621648806
5 18
    -0.364166423684554    -0.036435446813573     1.100081756228680
    -0.014466746559977    -0.059018177087552    -0.068778481016704
     1.004524463890879    -0.438059394763196    -1.377906121648807
5 19
    -0.364166423684554     0.036435446813573    -1.100081756228680
     0.014466746559977    -0.059018177087552    -0.068778481016704
    -1.004524463890879    -0.438059394763196    -1.377906121648807
5 20
    -0.001583036602790     0.000000000000000    -0.000000000000000
     0.000000000000000     0.018043689430722     0.086521556874637
    -0.000000000000000     0.037027371907643     0.091943628351194
5 21
    -0.172378345194009     0.000000000000000    -0.000000000000000
    -0.000000000000000     0.049190560536131    -0.089220583113605
    -0.000000000000000    -0.020566571158345    -0.003835621648806
5 22
    -0.364166423684554    -0.014466746559977    -1.004524463890879
    -0.036435446813573    -0.059018177087552     0.438059394763196
    -1.100081756228680     0.068778481016704    -1.377906121648807
5 23
    -0.364166423684554     0.014466746559977     1.004524463890879
     0.036435446813573    -0.059018177087552     0.438059394763196
     1.100081756228680     0.068778481016704    -1.377906121648807
5 24
    -0.001583036602790     0.000000000000000    -0.000000000000000
     0.000000000000000     0.018043689430722    -0.037027371907643
    -0.000000000000000    -0.086521556874637     0.091943628351194
5 25
     0.175580524130710     0.000000000000000     0.000000000000000
    -0.000000000000000     0.307462496767821    -0.176473823399106
    -0.000000000000000    -0.176473823399106    -0.014273621648806
5 26
    -4.579019373994604     0.390678729570475     1.747808943815097
     0.390678729570475    -1.769515276315259    -0.046787979193951
     1.747808943815097    -0.046787979193951    -2.966707621648802
5 27
    -4.579019373994604    -0.390678729570475    -1.747808943815097
    -0.390678729570475    -1.769515276315259    -0.046787979193951
    -1.747808943815097    -0.046787979193951    -2.966707621648802
5 28
     0.123148373509540     0.000000000000000    -0.000000000000000
     0.000000000000000    -0.105204998118733    -0.112240257641507
    -0.000000000000000    -0.112240257641507    -0.113554621648806
5 29
     0.072839918979998     0.000000000000000     0.000000000000000
    -0.000000000000000    -0.057329154072917    -0.022703653772725
    -0.000000000000000    -0.022703653772725    -0.002998121648806
5 30
     0.078719221861866     0.133803786196045    -0.037875309056424
     0.133803786196045     0.077035140292784    -0.095186119261000
    -0.037875309056424    -0.095186119261000     0.093175378351194
5 31
     0.078719221861866    -0.133803786196045     0.037875309056424
    -0.133803786196045     0.077035140292784    -0.095186119261000
     0.037875309056424    -0.095186119261000     0.093175378351194
5 32
     0.124449591146878     0.000000000000000     0.000000000000000
     0.000000000000000     0.025679037100972     0.025701707907920
    -0.000000000000000     0.025701707907920    -0.029675621648806
5 33
     0.008336955276458    -0.000000000000000    -0.000000000000000
    -0.000000000000000    -0.065267847609468     0.069694360479029
    -0.000000000000000     0.059723676205768    -0.073491832763226
5 34
    -0.015535807126718    -0.022893762196428    -0.046318655061107
    -0.019289189766456     0.018809712986487    -0.053025129172715
     0.125557609103427     0.087664954049332     0.084194380725277
5 35
    -0.015535807126718     0.022893762196428     0.046318655061107
     0.019289189766456     0.018809712986487    -0.053025129172715
    -0.125557609103427     0.087664954049332     0.084194380725277
5 36
     0.010626291565748     0.000000000000000    -0.000000000000000
     0.000000000000000    -0.020623101292446    -0.030248013935430
    -0.000000000000000    -0.054556032062710    -0.012277834100188
5 37
    -0.406799284316694    -0.000000000000000     0.000000000000000
    -0.000000000000000    -2.311446074891506    -0.880414755526842
     0.000000000000000    -0.715871818488275    -0.509671164574840
5 38
    -1.438193012840963     0.957697251775987    -0.878032025909655
     0.910015386732718    -0.874098728920349     0.504137608306946
    -0.685890072630947     0.493452671999501    -0.588604442964367
5 39
    -1.438193012840963    -0.957697251775987     0.878032025909655
    -0.910015386732718    -0.874098728920349     0.504137608306946
     0.685890072630947     0.493452671999501    -0.588604442964367
5 40
    -0.028608216541454     0.000000000000000    -0.000000000000000
     0.000000000000000    -0.036397338049104     0.013205847802014
     0.000000000000000    -0.108602886497552     0.016875891453639
5 41
    -0.125268705090837     0.000000000000000     0.000000000000000
     0.000000000000000    -0.683864280920003     1.470640865130467
     0.000000000000000     1.575332584210497    -3.721474924256730
5 42
     0.026465168023148     0.241152470388442     0.027566870952244
     0.204082690017011     0.017419881374931    -0.177395040472540
    -0.026641160734200     0.004098995301013    -0.093030062718388
5 43
     0.026465168023148    -0.241152470388442    -0.027566870952244
    -0.204082690017011     0.017419881374931    -0.177395040472540
     0.026641160734200     0.004098995301013    -0.093030062718388
5 44
    -0.115105670142822    -0.000000000000000    -0.000000000000000
    -0.000000000000000     0.112238057932572     0.180389283383385
    -0.000000000000000    -0.170842412094173    -0.088036397720684
5 45
    -0.197150899433486     0.000000000000000    -0.000000000000000
     0.000000000000000    -0.091457172945363    -0.370324074157455
    -0.000000000000000     0.113447889627175    -0.114666828952131
5 46
    -0.034833594228912    -0.030752483852547    -0.043044880843088
    -0.027068630080815     0.048542963962051     0.063354303358971
    -0.038542144702033    -0.059662701909714     0.057378824095308
5 47
    -0.034833594228912     0.030752483852547     0.043044880843088
     0.027068630080815     0.048542963962051     0.063354303358971
     0.038542144702033    -0.059662701909714     0.057378824095308
5 48
     0.028150523953998    -0.000000000000000    -0.000000000000000
    -0.000000000000000    -0.087287166171741     0.020589431880001
     0.000000000000000     0.048770098460911    -0.069640914599746
6 1
    -0.109689037408070    -0.004020362152530    -0.024476649532505
    -0.004020362152530    -0.009334943338796    -0.005437969423021
    -0.024476649532505    -0.005437969423021     0.021180878351194
6 2
    -0.176009162149806    -0.000000000000000     0.000000000000000
     0.000000000000000    -0.206727967422220     0.203192496427498
     0.000000000000000     0.203192496427498    -0.113507121648806
6 3
    -0.264702969754296    -0.000000000000000     0.000000000000000
     0.000000000000000     0.053960041800149     0.058126350055692
     0.000000000000000     0.058126350055692     0.020794878351194
6 4
    -0.109689037408070     0.004020362152530     0.024476649532505
     0.004020362152530    -0.009334943338795    -0.005437969423021
     0.024476649532505    -0.005437969423021     0.021180878351194
6 5
    -0.186368420088212     0.286267099730550     0.039378907344767
     0.286267099730550    -0.562036079196034     0.030863824836164
     0.039378907344767     0.030863824836164     0.306168378351194
6 6
    19.000395915365164    -0.000000000000000     0.000000000000000
    -0.000000000000000    10.777028384407277    -1.061000102796239
     0.000000000000000    -1.061000102796239    28.810633378351231
6 7
    -2.979000986478588    -0.000000000000000     0.000000000000000
     0.000000000000000     0.174330329999903    -0.154598914367117
     0.000000000000000    -0.154598914367117     0.308686878351194
6 8
    -0.186368420088212    -0.286267099730550    -0.039378907344767
    -0.286267099730550    -0.562036079196034     0.030863824836164
    -0.039378907344767     0.030863824836164     0.306168378351194
6 9
     0.059652469611877     0.057540329325920    -0.023026931586494
     0.057540329325920    -0.045169135301047    -0.026612237223704
     0.023026931586494     0.026612237223704    -0.065852621648806
6 10
    -0.175887775674484    -0.000000000000000    -0.000000000000000
    -0.000000000000000    -0.096539442495455    -0.077668519822442
     0.000000000000000     0.077668519822442     0.438540378351194
6 11
     0.464642562183544    -0.000000000000000    -0.000000000000000
     0.000000000000000     0.316824884047892     0.189722906003190
     0.000000000000000    -0.189722906003190    -0.460955621648806
6 12
     0.059652469611877    -0.057540329325920     0.023026931586494
    -0.057540329325920    -0.045169135301047    -0.026612237223704
    -0.023026931586494     0.026612237223704    -0.065852621648806
6 13
     0.050471341155927     0.169944270727900     0.061514244577242
     0.169944270727900    -0.047546216912047    -0.008684986369810
    -0.061514244577242     0.008684986369810    -0.308680621648806
6 14
    -1.993178311167307    -0.000000000000000    -0.000000000000000
     0.000000000000000    -1.588526204171655    -0.249385349323725
     0.000000000000000     0.249385349323725   -11.992751621648823
6 15
     0.554791873038865    -0.000000000000000    -0.000000000000000
     0.000000000000000    -0.023462912744916    -0.186060335602005
     0.000000000000000     0.186060335602005    -0.021591621648806
6 16
     0.050471341155927    -0.169944270727900    -0.061514244577242
    -0.169944270727900    -0.047546216912047    -0.008684986369810
     0.061514244577242     0.008684986369810    -0.308680621648806
6 17
    -0.364166423684554    -0.036435446813573     1.100081756228680
    -0.014466746559977    -0.059018177087552    -0.068778481016704
     1.004524463890879    -0.438059394763196    -1.377906121648807
6 18
    -0.172378345194009     0.000000000000000     0.000000000000000
     0.000000000000000     0.049190560536131     0.020566571158345
     0.000000000000000     0.089220583113605    -0.003835621648806
6 19
    -0.001583036602790    -0.000000000000000     0.000000000000000
    -0.000000000000000     0.018043689430722     0.086521556874638
     0.000000000000000     0.037027371907643     0.091943628351194
6 20
    -0.364166423684554     0.036435446813573    -1.100081756228680
     0.014466746559977    -0.059018177087552    -0.068778481016704
    -1.004524463890879    -0.438059394763196    -1.377906121648807
6 21
    -0.364166423684554    -0.014466746559977    -1.004524463890879
    -0.036435446813573    -0.059018177087552     0.438059394763196
    -1.100081756228680     0.068778481016704    -1.377906121648807
6 22
    -0.172378345194009     0.000000000000000     0.000000000000000
     0.000000000000000     0.049190560536131    -0.089220583113605
     0.000000000000000    -0.020566571158345    -0.003835621648806
6 23
    -0.001583036602790    -0.000000000000000     0.000000000000000
     0.000000000000000     0.018043689430722    -0.037027371907643
     0.000000000000000    -0.086521556874637     0.091943628351194
6 24
    -0.364166423684554     0.014466746559977     1.004524463890879
     0.036435446813573    -0.059018177087552     0.438059394763196
     1.100081756228680     0.068778481016704    -1.377906121648807
6 25
    -4.579019373994604     0.390678729570475     1.747808943815097
     0.390678729570475    -1.769515276315259    -0.046787979193951
     1.747808943815097    -0.046787979193951    -2.966707621648802
6 26
     0.175580524130710    -0.000000000000000    -0.000000000000000
     0.000000000000000     0.307462496767821    -0.176473823399106
     0.000000000000000    -0.176473823399106    -0.014273621648806
6 27
     0.123148373509540     0.000000000000000    -0.000000000000000
     0.000000000000000    -0.105204998118733    -0.112240257641507
     0.000000000000000    -0.112240257641507    -0.113554621648806
6 28
    -4.579019373994604    -0.390678729570475    -1.747808943815097
    -0.390678729570475    -1.769515276315259    -0.046787979193951
    -1.747808943815097    -0.046787979193951    -2.966707621648802
6 29
     0.078719221861866     0.133803786196045    -0.037875309056424
     0.133803786196045     0.077035140292784    -0.095186119261000
    -0.037875309056424    -0.095186119261000     0.093175378351194
6 30
     0.072839918979998     0.000000000000000    -0.000000000000000
     0.000000000000000    -0.057329154072916    -0.022703653772725
     0.000000000000000    -0.022703653772725    -0.002998121648806
6 31
     0.124449591146878     0.000000000000000    -0.000000000000000
     0.000000000000000     0.025679037100972     0.025701707907920
     0.000000000000000     0.025701707907920    -0.029675621648806
6 32
     0.078719221861866    -0.133803786196045     0.037875309056424
    -0.133803786196045     0.077035140292784    -0.095186119261000
     0.037875309056424    -0.095186119261000     0.093175378351194
6 33
    -0.015535807126718    -0.022893762196428    -0.046318655061107
    -0.019289189766456     0.018809712986487    -0.053025129172715
     0.125557609103427     0.087664954049332     0.084194380725277
6 34
     0.008336955276458     0.000000000000000     0.000000000000000
     0.000000000000000    -0.065267847609468     0.069694360479029
     0.000000000000000     0.059723676205768    -0.073491832763226
6 35
     0.010626291565748    -0.000000000000000     0.000000000000000
     0.000000000000000    -0.020623101292446    -0.030248013935430
     0.000000000000000    -0.054556032062710    -0.012277834100188
6 36
    -0.015535807126718     0.022893762196428     0.046318655061107
     0.019289189766456     0.018809712986487    -0.053025129172715
    -0.125557609103427     0.087664954049332     0.084194380725277
6 37
    -1.438193012840963     0.957697251775987    -0.878032025909655
     0.910015386732718    -0.874098728920349     0.504137608306946
    -0.685890072630947     0.493452671999501    -0.588604442964367
6 38
    -0.406799284316694     0.000000000000000    -0.000000000000000
     0.000000000000000    -2.311446074891507    -0.880414755526842
    -0.000000000000000    -0.715871818488275    -0.509671164574840
6 39
    -0.028608216541454    -0.000000000000000    -0.000000000000000
     0.000000000000000    -0.036397338049104     0.013205847802014
     0.000000000000000    -0.108602886497552     0.016875891453639
6 40
    -1.438193012840963    -0.957697251775987     0.878032025909655
    -0.910015386732718    -0.874098728920349     0.504137608306946
     0.685890072630947     0.493452671999501    -0.588604442964367
6 41
     0.026465168023148     0.241152470388442     0.027566870952244
     0.204082690017011     0.017419881374931    -0.177395040472540
    -0.026641160734200     0.004098995301013    -0.093030062718388
6 42
    -0.125268705090837    -0.000000000000000     0.000000000000000
     0.000000000000000    -0.683864280920003     1.470640865130467
     0.000000000000000     1.575332584210497    -3.721474924256730
6 43
    -0.115105670142822     0.000000000000000     0.000000000000000
     0.000000000000000     0.112238057932572     0.180389283383385
     0.000000000000000    -0.170842412094173    -0.088036397720684
6 44
     0.026465168023148    -0.241152470388442    -0.027566870952244
    -0.204082690017011     0.017419881374931    -0.177395040472540
     0.026641160734200     0.004098995301013    -0.093030062718388
6 45
    -0.034833594228912    -0.030752483852547    -0.043044880843088
    -0.027068630080815     0.048542963962051     0.063354303358971
    -0.038542144702033    -0.059662701909714     0.057378824095308
6 46
    -0.197150899433486    -0.000000000000000    -0.000000000000000
     0.000000000000000    -0.091457172945363    -0.370324074157455
     0.000000000000000     0.113447889627175    -0.114666828952131
6 47
     0.028150523953998     0.000000000000000    -0.000000000000000
     0.000000000000000    -0.087287166171741     0.020589431880001
     0.000000000000000     0.048770098460911    -0.069640914599746
6 48
    -0.034833594228912     0.030752483852547     0.043044880843088
     0.027068630080815     0.048542963962051     0.063354303358971
     0.038542144702033    -0.059662701909714     0.057378824095308
7 1
    -0.109689037408070     0.004020362152530     0.024476649532505
     0.004020362152530    -0.009334943338796    -0.005437969423021
     0.024476649532505    -0.005437969423021     0.021180878351194
7 2
    -0.264702969754296    -0.000000000000000     0.000000000000000
    -0.000000000000000     0.053960041800149     0.058126350055692
     0.000000000000000     0.058126350055692     0.020794878351194
7 3
    -0.176009162149806    -0.000000000000000     0.000000000000000
    -0.000000000000000    -0.206727967422219     0.203192496427498
     0.000000000000000     0.203192496427498    -0.113507121648806
7 4
    -0.109689037408070    -0.004020362152530    -0.024476649532505
    -0.004020362152530    -0.009334943338795    -0.005437969423021
    -0.024476649532505    -0.005437969423021     0.021180878351194
7 5
    -0.186368420088212    -0.286267099730550    -0.039378907344767
    -0.286267099730550    -0.562036079196034     0.030863824836164
    -0.039378907344767     0.030863824836164     0.306168378351194
7 6
    -2.979000986478588     0.000000000000000     0.000000000000000
    -0.000000000000000     0.174330329999903    -0.154598914367117
     0.000000000000000    -0.154598914367117     0.308686878351194
7 7
    19.000395915365161    -0.000000000000000     0.000000000000000
    -0.000000000000000    10.777028384407275    -1.061000102796238
     0.000000000000000    -1.061000102796238    28.810633378351231
7 8
    -0.186368420088212     0.286267099730550     0.039378907344767
     0.286267099730550    -0.562036079196034     0.030863824836164
     0.039378907344767     0.030863824836164     0.306168378351194
7 9
     0.059652469611877    -0.057540329325920     0.023026931586494
    -0.057540329325920    -0.045169135301047    -0.026612237223704
    -0.023026931586494     0.026612237223704    -0.065852621648806
7 10
     0.464642562183544    -0.000000000000000    -0.000000000000000
    -0.000000000000000     0.316824884047892     0.189722906003190
     0.000000000000000    -0.189722906003190    -0.460955621648806
7 11
    -0.175887775674484    -0.000000000000000    -0.000000000000000
    -0.000000000000000    -0.096539442495455    -0.077668519822442
     0.000000000000000     0.077668519822442     0.438540378351194
7 12
     0.059652469611877     0.057540329325920    -0.023026931586494
     0.057540329325920    -0.045169135301047    -0.026612237223704
     0.023026931586494     0.026612237223704    -0.065852621648806
7 13
     0.050471341155927    -0.169944270727900    -0.061514244577242
    -0.169944270727900    -0.047546216912047    -0.008684986369810
     0.061514244577242     0.008684986369810    -0.308680621648806
7 14
     0.554791873038865    -0.000000000000000     0.000000000000000
    -0.000000000000000    -0.023462912744916    -0.186060335602005
     0.000000000000000     0.186060335602005    -0.021591621648806
7 15
    -1.993178311167307    -0.000000000000000    -0.000000000000000
    -0.000000000000000    -1.588526204171655    -0.249385349323725
     0.000000000000000     0.249385349323725   -11.992751621648823
7 16
     0.050471341155927     0.169944270727900     0.061514244577242
     0.169944270727900    -0.047546216912047    -0.008684986369810
    -0.061514244577242     0.008684986369810    -0.308680621648806
7 17
    -0.364166423684554     0.036435446813573    -1.100081756228680
     0.014466746559977    -0.059018177087552    -0.068778481016704
    -1.004524463890879    -0.438059394763196    -1.377906121648807
7 18
    -0.001583036602790     0.000000000000000     0.000000000000000
    -0.000000000000000     0.018043689430722     0.086521556874638
     0.000000000000000     0.037027371907643     0.091943628351194
7 19
    -0.172378345194009    -0.000000000000000     0.000000000000000
    -0.000000000000000     0.049190560536131     0.020566571158345
     0.000000000000000     0.089220583113605    -0.003835621648806
7 20
    -0.364166423684554    -0.036435446813573     1.100081756228680
    -0.014466746559977    -0.059018177087552    -0.068778481016704
     1.004524463890879    -0.438059394763196    -1.377906121648807
7 21
    -0.364166423684554     0.014466746559977     1.004524463890879
     0.036435446813573    -0.059018177087552     0.438059394763196
     1.100081756228680     0.068778481016704    -1.377906121648807
7 22
    -0.001583036602790    -0.000000000000000     0.000000000000000
    -0.000000000000000     0.018043689430722    -0.037027371907643
     0.000000000000000    -0.086521556874637     0.091943628351194
7 23
    -0.172378345194009    -0.000000000000000     0.000000000000000
    -0.000000000000000     0.049190560536131    -0.089220583113605
     0.000000000000000    -0.020566571158345    -0.003835621648806
7 24
    -0.364166423684554    -0.014466746559977    -1.004524463890879
    -0.036435446813573    -0.059018177087552     0.438059394763196
    -1.100081756228680     0.068778481016704    -1.377906121648807
7 25
    -4.579019373994604    -0.390678729570475    -1.747808943815097
    -0.390678729570475    -1.769515276315259    -0.046787979193951
    -1.747808943815097    -0.046787979193951    -2.966707621648802
7 26
     0.123148373509540    -0.000000000000000     0.000000000000000
    -0.000000000000000    -0.105204998118733    -0.112240257641507
     0.000000000000000    -0.112240257641507    -0.113554621648806
7 27
     0.175580524130710    -0.000000000000000     0.000000000000000
    -0.000000000000000     0.307462496767821    -0.176473823399106
     0.000000000000000    -0.176473823399106    -0.014273621648806
7 28
    -4.579019373994604     0.390678729570475     1.747808943815097
     0.390678729570475    -1.769515276315259    -0.046787979193951
     1.747808943815097    -0.046787979193951    -2.966707621648802
7 29
     0.078719221861866    -0.133803786196045     0.037875309056424
    -0.133803786196045     0.077035140292784    -0.095186119261000
     0.037875309056424    -0.095186119261000     0.093175378351194
7 30
     0.124449591146878     0.000000000000000     0.000000000000000
    -0.000000000000000     0.025679037100972     0.025701707907920
     0.000000000000000     0.025701707907920    -0.029675621648806
7 31
     0.072839918979998     0.000000000000000    -0.000000000000000
    -0.000000000000000    -0.057329154072916    -0.022703653772725
     0.000000000000000    -0.022703653772725    -0.002998121648806
7 32
     0.078719221861866     0.133803786196045    -0.037875309056424
     0.133803786196045     0.077035140292784    -0.095186119261000
    -0.037875309056424    -0.095186119261000     0.093175378351194
7 33
    -0.015535807126718     0.022893762196428     0.046318655061107
     0.019289189766456     0.018809712986487    -0.053025129172715
    -0.125557609103427     0.087664954049332     0.084194380725277
7 34
     0.010626291565748     0.000000000000000     0.000000000000000
    -0.000000000000000    -0.020623101292446    -0.030248013935430
     0.000000000000000    -0.054556032062710    -0.012277834100188
7 35
     0.008336955276458    -0.000000000000000     0.000000000000000
    -0.000000000000000    -0.065267847609468     0.069694360479029
     0.000000000000000     0.059723676205768    -0.073491832763226
7 36
    -0.015535807126718    -0.022893762196428    -0.046318655061107
    -0.019289189766456     0.018809712986487    -0.053025129172715
     0.125557609103427     0.087664954049332     0.084194380725277
7 37
    -1.438193012840963    -0.957697251775987     0.878032025909655
    -0.910015386732718    -0.874098728920349     0.504137608306946
     0.685890072630947     0.493452671999501    -0.588604442964367
7 38
    -0.028608216541454     0.000000000000000    -0.000000000000000
    -0.000000000000000    -0.036397338049104     0.013205847802014
    -0.000000000000000    -0.108602886497552     0.016875891453639
7 39
    -0.406799284316694    -0.000000000000000    -0.000000000000000
    -0.000000000000000    -2.311446074891506    -0.880414755526842
     0.000000000000000    -0.715871818488275    -0.509671164574840
7 40
    -1.438193012840963     0.957697251775987    -0.878032025909655
     0.910015386732718    -0.874098728920349     0.504137608306946
    -0.685890072630947     0.493452671999501    -0.588604442964367
7 41
     0.026465168023148    -0.241152470388442    -0.027566870952244
    -0.204082690017011     0.017419881374931    -0.177395040472540
     0.026641160734200     0.004098995301013    -0.093030062718388
7 42
    -0.115105670142822    -0.000000000000000     0.000000000000000
     0.000000000000000     0.112238057932572     0.180389283383385
     0.000000000000000    -0.170842412094173    -0.088036397720684
7 43
    -0.125268705090837     0.000000000000000     0.000000000000000
    -0.000000000000000    -0.683864280920003     1.470640865130467
     0.000000000000000     1.575332584210497    -3.721474924256730
7 44
     0.026465168023148     0.241152470388442     0.027566870952244
     0.204082690017011     0.017419881374931    -0.177395040472540
    -0.026641160734200     0.004098995301013    -0.093030062718388
7 45
    -0.034833594228912     0.030752483852547     0.043044880843088
     0.027068630080815     0.048542963962051     0.063354303358971
     0.038542144702033    -0.059662701909714     0.057378824095308
7 46
     0.028150523953998    -0.000000000000000     0.000000000000000
     0.000000000000000    -0.087287166171741     0.020589431880001
     0.000000000000000     0.048770098460911    -0.069640914599746
7 47
    -0.197150899433486     0.000000000000000     0.000000000000000
    -0.000000000000000    -0.091457172945363    -0.370324074157455
     0.000000000000000     0.113447889627175    -0.114666828952131
7 48
    -0.034833594228912    -0.030752483852547    -0.043044880843088
    -0.027068630080815     0.048542963962051     0.063354303358971
    -0.038542144702033    -0.059662701909714     0.057378824095308
8 1
    -0.264702969754296    -0.000000000000000    -0.000000000000000
     0.000000000000000     0.053960041800149     0.058126350055692
     0.000000000000000     0.058126350055692     0.020794878351194
8 2
    -0.109689037408070     0.004020362152530     0.024476649532505
     0.004020362152530    -0.009334943338796    -0.005437969423021
     0.024476649532505    -0.005437969423021     0.021180878351194
8 3
    -0.109689037408070    -0.004020362152530    -0.024476649532505
    -0.004020362152530    -0.009334943338795    -0.005437969423021
    -0.024476649532505    -0.005437969423021     0.021180878351194
8 4
    -0.176009162149806    -0.000000000000000     0.000000000000000
    -0.000000000000000    -0.206727967422220     0.203192496427498
     0.000000000000000     0.203192496427498    -0.113507121648806
8 5
    -2.979000986478588    -0.000000000000000    -0.000000000000000
     0.000000000000000     0.174330329999903    -0.154598914367117
    -0.000000000000000    -0.154598914367117     0.308686878351194
8 6
    -0.186368420088212    -0.286267099730550    -0.039378907344767
    -0.286267099730550    -0.562036079196034     0.030863824836164
    -0.039378907344767     0.030863824836164     0.306168378351194
8 7
    -0.186368420088212     0.286267099730550     0.039378907344767
     0.286267099730550    -0.562036079196034     0.030863824836164
     0.039378907344767     0.030863824836164     0.306168378351194
8 8
    19.000395915365171     0.000000000000000    -0.000000000000000
     0.000000000000000    10.777028384407275    -1.061000102796238
    -0.000000000000000    -1.061000102796238    28.810633378351231
8 9
     0.464642562183544    -0.000000000000000     0.000000000000000
     0.000000000000000     0.316824884047892     0.189722906003190
     0.000000000000000    -0.189722906003190    -0.460955621648806
8 10
     0.059652469611877    -0.057540329325920     0.023026931586494
    -0.057540329325920    -0.045169135301047    -0.026612237223704
    -0.023026931586494     0.026612237223704    -0.065852621648806
8 11
     0.059652469611877     0.057540329325920    -0.023026931586494
     0.057540329325920    -0.045169135301047    -0.026612237223704
     0.023026931586494     0.026612237223704    -0.065852621648806
8 12
    -0.175887775674484    -0.000000000000000    -0.000000000000000
    -0.000000000000000    -0.096539442495455    -0.077668519822442
     0.000000000000000     0.077668519822442     0.438540378351194
8 13
     0.554791873038865    -0.000000000000000    -0.000000000000000
     0.000000000000000    -0.023462912744916    -0.186060335602005
    -0.000000000000000     0.186060335602005    -0.021591621648806
8 14
     0.050471341155927    -0.169944270727900    -0.061514244577242
    -0.169944270727900    -0.047546216912047    -0.008684986369810
     0.061514244577242     0.008684986369810    -0.308680621648806
8 15
     0.050471341155927     0.169944270727900     0.061514244577242
     0.169944270727900    -0.047546216912047    -0.008684986369810
    -0.061514244577242     0.008684986369810    -0.308680621648806
8 16
    -1.993178311167307    -0.000000000000000    -0.000000000000000
    -0.000000000000000    -1.588526204171655    -0.249385349323725
    -0.000000000000000     0.249385349323725   -11.992751621648823
8 17
    -0.001583036602790    -0.000000000000000    -0.000000000000000
    -0.000000000000000     0.018043689430722     0.086521556874638
     0.000000000000000     0.037027371907643     0.091943628351194
8 18
    -0.364166423684554     0.036435446813573    -1.100081756228680
     0.014466746559977    -0.059018177087552    -0.068778481016704
    -1.004524463890879    -0.438059394763196    -1.377906121648807
8 19
    -0.364166423684554    -0.036435446813573     1.100081756228680
    -0.014466746559977    -0.059018177087552    -0.068778481016704
     1.004524463890879    -0.438059394763196    -1.377906121648807
8 20
    -0.172378345194009    -0.000000000000000    -0.000000000000000
     0.000000000000000     0.049190560536131     0.020566571158345
     0.000000000000000     0.089220583113605    -0.003835621648806
8 21
    -0.001583036602790    -0.000000000000000    -0.000000000000000
    -0.000000000000000     0.018043689430722    -0.037027371907643
    -0.000000000000000    -0.086521556874637     0.091943628351194
8 22
    -0.364166423684554     0.014466746559977     1.004524463890879
     0.036435446813573    -0.059018177087552     0.438059394763196
     1.100081756228680     0.068778481016704    -1.377906121648807
8 23
    -0.364166423684554    -0.014466746559977    -1.004524463890879
    -0.036435446813573    -0.059018177087552     0.438059394763196
    -1.100081756228680     0.068778481016704    -1.377906121648807
8 24
    -0.172378345194009    -0.000000000000000    -0.000000000000000
     0.000000000000000     0.049190560536131    -0.089220583113605
    -0.000000000000000    -0.020566571158345    -0.003835621648806
8 25
     0.123148373509540    -0.000000000000000     0.000000000000000
    -0.000000000000000    -0.105204998118733    -0.112240257641507
     0.000000000000000    -0.112240257641507    -0.113554621648806
8 26
    -4.579019373994604    -0.390678729570475    -1.747808943815097
    -0.390678729570475    -1.769515276315259    -0.046787979193951
    -1.747808943815097    -0.046787979193951    -2.966707621648802
8 27
    -4.579019373994604     0.390678729570475     1.747808943815097
     0.390678729570475    -1.769515276315259    -0.046787979193951
     1.747808943815097    -0.046787979193951    -2.966707621648802
8 28
     0.175580524130710    -0.000000000000000    -0.000000000000000
     0.000000000000000     0.307462496767821    -0.176473823399106
    -0.000000000000000    -0.176473823399106    -0.014273621648806
8 29
     0.124449591146878    -0.000000000000000     0.000000000000000
    -0.000000000000000     0.025679037100972     0.025701707907920
    -0.000000000000000     0.025701707907920    -0.029675621648806
8 30
     0.078719221861866    -0.133803786196045     0.037875309056424
    -0.133803786196045     0.077035140292784    -0.095186119261000
     0.037875309056424    -0.095186119261000     0.093175378351194
8 31
     0.078719221861866     0.133803786196045    -0.037875309056424
     0.133803786196045     0.077035140292784    -0.095186119261000
    -0.037875309056424    -0.095186119261000     0.093175378351194
8 32
     0.072839918979998    -0.000000000000000     0.000000000000000
     0.000000000000000    -0.057329154072916    -0.022703653772725
    -0.000000000000000    -0.022703653772725    -0.002998121648806
8 33
     0.010626291565748    -0.000000000000000    -0.000000000000000
    -0.000000000000000    -0.020623101292446    -0.030248013935430
    -0.000000000000000    -0.054556032062710    -0.012277834100188
8 34
    -0.015535807126718     0.022893762196428     0.046318655061107
     0.019289189766456     0.018809712986487    -0.053025129172715
    -0.125557609103427     0.087664954049332     0.084194380725277
8 35
    -0.015535807126718    -0.022893762196428    -0.046318655061107
    -0.019289189766456     0.018809712986487    -0.053025129172715
     0.125557609103427     0.087664954049332     0.084194380725277
8 36
     0.008336955276458     0.000000000000000    -0.000000000000000
     0.000000000000000    -0.065267847609468     0.069694360479029
    -0.000000000000000     0.059723676205768    -0.073491832763226
8 37
    -0.028608216541454    -0.000000000000000     0.000000000000000
    -0.000000000000000    -0.036397338049104     0.013205847802014
     0.000000000000000    -0.108602886497552     0.016875891453639
8 38
    -1.438193012840963    -0.957697251775987     0.878032025909655
    -0.910015386732718    -0.874098728920349     0.504137608306946
     0.685890072630947     0.493452671999501    -0.588604442964367
8 39
    -1.438193012840963     0.957697251775987    -0.878032025909655
     0.910015386732718    -0.874098728920349     0.504137608306946
    -0.685890072630947     0.493452671999501    -0.588604442964367
8 40
    -0.406799284316694     0.000000000000000    -0.000000000000000
     0.000000000000000    -2.311446074891506    -0.880414755526842
     0.000000000000000    -0.715871818488275    -0.509671164574840
8 41
    -0.115105670142822     0.000000000000000     0.000000000000000
     0.000000000000000     0.112238057932572     0.180389283383385
     0.000000000000000    -0.170842412094173    -0.088036397720684
8 42
     0.026465168023148    -0.241152470388442    -0.027566870952244
    -0.204082690017011     0.017419881374931    -0.177395040472540
     0.026641160734200     0.004098995301013    -0.093030062718388
8 43
     0.026465168023148     0.241152470388442     0.027566870952244
     0.204082690017011     0.017419881374931    -0.177395040472540
    -0.026641160734200     0.004098995301013    -0.093030062718388
8 44
    -0.125268705090837    -0.000000000000000    -0.000000000000000
    -0.000000000000000    -0.683864280920003     1.470640865130467
     0.000000000000000     1.575332584210497    -3.721474924256730
8 45
     0.028150523953998     0.000000000000000    -0.000000000000000
     0.000000000000000    -0.087287166171741     0.020589431880001
    -0.000000000000000     0.048770098460911    -0.069640914599746
8 46
    -0.034833594228912     0.030752483852547     0.043044880843088
     0.027068630080815     0.048542963962051     0.063354303358971
     0.038542144702033    -0.059662701909714     0.057378824095308
8 47
    -0.034833594228912    -0.030752483852547    -0.043044880843088
    -0.027068630080815     0.048542963962051     0.063354303358971
    -0.038542144702033    -0.059662701909714     0.057378824095308
8 48
    -0.197150899433486    -0.000000000000000    -0.000000000000000
    -0.000000000000000    -0.091457172945363    -0.370324074157455
     0.000000000000000     0.113447889627175    -0.114666828952131
9 1
    -1.993178311167307     0.000000000000000     0.000000000000000
     0.000000000000000    -1.588526204171655     0.249385349323725
     0.000000000000000    -0.249385349323725   -11.992751621648823
9 2
     0.050471341155927     0.169944270727900    -0.061514244577242
     0.169944270727900    -0.047546216912048     0.008684986369810
     0.061514244577242    -0.008684986369810    -0.308680621648806
9 3
     0.050471341155927    -0.169944270727900     0.061514244577242
    -0.169944270727900    -0.047546216912048     0.008684986369810
    -0.061514244577242    -0.008684986369810    -0.308680621648806
9 4
     0.554791873038865     0.000000000000000     0.000000000000000
    -0.000000000000000    -0.023462912744916     0.186060335602005
     0.000000000000000    -0.186060335602005    -0.021591621648806
9 5
    -0.175887775674484     0.000000000000000    -0.000000000000000
     0.000000000000000    -0.096539442495455     0.077668519822442
     0.000000000000000    -0.077668519822442     0.438540378351194
9 6
     0.059652469611877     0.057540329325920     0.023026931586494
     0.057540329325920    -0.045169135301047     0.026612237223704
    -0.023026931586494    -0.026612237223704    -0.065852621648806
9 7
     0.059652469611877    -0.057540329325920    -0.023026931586494
    -0.057540329325920    -0.045169135301047     0.026612237223704
     0.023026931586494    -0.026612237223704    -0.065852621648806
9 8
     0.464642562183544     0.000000000000000     0.000000000000000
    -0.000000000000000     0.316824884047892    -0.189722906003190
     0.000000000000000     0.189722906003190    -0.460955621648806
9 9
    19.000395915365168     0.000000000000000     0.000000000000000
     0.000000000000000    10.777028384407281     1.061000102796238
     0.000000000000000     1.061000102796238    28.810633378351234
9 10
    -0.186368420088212     0.286267099730550    -0.039378907344767
     0.286267099730550    -0.562036079196034    -0.030863824836164
    -0.039378907344767    -0.030863824836164     0.306168378351194
9 11
    -0.186368420088212    -0.286267099730550     0.039378907344767
    -0.286267099730550    -0.562036079196034    -0.030863824836164
     0.039378907344767    -0.030863824836164     0.306168378351194
9 12
    -2.979000986478588     0.000000000000000     0.000000000000000
    -0.000000000000000     0.174330329999903     0.154598914367117
     0.000000000000000     0.154598914367117     0.308686878351194
9 13
    -0.176009162149806     0.000000000000000     0.000000000000000
     0.000000000000000    -0.206727967422220    -0.203192496427498
     0.000000000000000    -0.203192496427498    -0.113507121648806
9 14
    -0.109689037408070    -0.004020362152530     0.024476649532505
    -0.004020362152530    -0.009334943338795     0.005437969423021
     0.024476649532505     0.005437969423021     0.021180878351194
9 15
    -0.109689037408070     0.004020362152530    -0.024476649532505
     0.004020362152530    -0.009334943338795     0.005437969423021
    -0.024476649532505     0.005437969423021     0.021180878351194
9 16
    -0.264702969754296     0.000000000000000    -0.000000000000000
    -0.000000000000000     0.053960041800149    -0.058126350055692
     0.000000000000000    -0.058126350055692     0.020794878351194
9 17
     0.175580524130710     0.000000000000000     0.000000000000000
    -0.000000000000000     0.307462496767821     0.176473823399106
     0.000000000000000     0.176473823399106    -0.014273621648806
9 18
    -4.579019373994604     0.390678729570475    -1.747808943815097
     0.390678729570475    -1.769515276315259     0.046787979193951
    -1.747808943815097     0.046787979193951    -2.966707621648802
9 19
    -4.579019373994604    -0.390678729570475     1.747808943815097
    -0.390678729570475    -1.769515276315259     0.046787979193951
     1.747808943815097     0.046787979193951    -2.966707621648802
9 20
     0.123148373509540     0.000000000000000    -0.000000000000000
     0.000000000000000    -0.105204998118733     0.112240257641507
     0.000000000000000     0.112240257641507    -0.113554621648806
9 21
     0.072839918979998     0.000000000000000    -0.000000000000000
    -0.000000000000000    -0.057329154072917     0.022703653772725
     0.000000000000000     0.022703653772725    -0.002998121648806
9 22
     0.078719221861866     0.133803786196045     0.037875309056424
     0.133803786196045     0.077035140292784     0.095186119261000
     0.037875309056424     0.095186119261000     0.093175378351194
9 23
     0.078719221861866    -0.133803786196045    -0.037875309056424
    -0.133803786196045     0.077035140292784     0.095186119261000
    -0.037875309056424     0.095186119261000     0.093175378351194
9 24
     0.124449591146878     0.000000000000000     0.000000000000000
     0.000000000000000     0.025679037100972    -0.025701707907920
     0.000000000000000    -0.025701707907920    -0.029675621648806
9 25
    -0.172378345194009     0.000000000000000     0.000000000000000
    -0.000000000000000     0.049190560536131    -0.020566571158345
     0.000000000000000    -0.089220583113605    -0.003835621648806
9 26
    -0.364166423684554    -0.036435446813573    -1.100081756228680
    -0.014466746559977    -0.059018177087552     0.068778481016704
    -1.004524463890879     0.438059394763196    -1.377906121648807
9 27
    -0.364166423684554     0.036435446813573     1.100081756228680
     0.014466746559977    -0.059018177087552     0.068778481016704
     1.004524463890879     0.438059394763196    -1.377906121648807
9 28
    -0.001583036602790     0.000000000000000     0.000000000000000
     0.000000000000000     0.018043689430722    -0.086521556874637
     0.000000000000000    -0.037027371907643     0.091943628351194
9 29
    -0.172378345194009     0.000000000000000     0.000000000000000
    -0.000000000000000     0.049190560536131     0.089220583113605
     0.000000000000000     0.020566571158345    -0.003835621648806
9 30
    -0.364166423684554    -0.014466746559977     1.004524463890879
    -0.036435446813573    -0.059018177087552    -0.438059394763196
     1.100081756228680    -0.068778481016704    -1.377906121648807
9 31
    -0.364166423684554     0.014466746559977    -1.004524463890879
     0.036435446813573    -0.059018177087552    -0.438059394763196
    -1.100081756228680    -0.068778481016704    -1.377906121648807
9 32
    -0.001583036602790     0.000000000000000     0.000000000000000
     0.000000000000000     0.018043689430722     0.037027371907643
     0.000000000000000     0.086521556874638     0.091943628351194
9 33
    -0.406799284316694    -0.000000000000000    -0.000000000000000
    -0.000000000000000    -2.311446074891506     0.880414755526842
    -0.000000000000000     0.715871818488275    -0.509671164574840
9 34
    -1.438193012840963     0.957697251775987     0.878032025909655
     0.910015386732718    -0.874098728920349    -0.504137608306946
     0.685890072630947    -0.493452671999501    -0.588604442964367
9 35
    -1.438193012840963    -0.957697251775987    -0.878032025909655
    -0.910015386732718    -0.874098728920349    -0.504137608306946
    -0.685890072630947    -0.493452671999501    -0.588604442964367
9 36
    -0.028608216541454     0.000000000000000     0.000000000000000
     0.000000000000000    -0.036397338049104    -0.013205847802014
    -0.000000000000000     0.108602886497552     0.016875891453639
9 37
     0.008336955276458    -0.000000000000000     0.000000000000000
    -0.000000000000000    -0.065267847609468    -0.069694360479029
     0.000000000000000    -0.059723676205768    -0.073491832763226
9 38
    -0.015535807126718    -0.022893762196428     0.046318655061107
    -0.019289189766456     0.018809712986487     0.053025129172715
    -0.125557609103427    -0.087664954049332     0.084194380725278
9 39
    -0.015535807126718     0.022893762196428    -0.046318655061107
     0.019289189766456     0.018809712986487     0.053025129172715
     0.125557609103427    -0.087664954049332     0.084194380725278
9 40
     0.010626291565748     0.000000000000000     0.000000000000000
     0.000000000000000    -0.020623101292446     0.030248013935430
     0.000000000000000     0.054556032062710    -0.012277834100188
9 41
    -0.125268705090837     0.000000000000000     0.000000000000000
     0.000000000000000    -0.683864280920003    -1.470640865130467
     0.000000000000000    -1.575332584210497    -3.721474924256730
9 42
     0.026465168023148     0.241152470388442    -0.027566870952244
     0.204082690017011     0.017419881374931     0.177395040472540
     0.026641160734200    -0.004098995301013    -0.093030062718387
9 43
     0.026465168023148    -0.241152470388442     0.027566870952244
    -0.204082690017011     0.017419881374930     0.177395040472540
    -0.026641160734200    -0.004098995301013    -0.093030062718387
9 44
    -0.115105670142822    -0.000000000000000     0.000000000000000
    -0.000000000000000     0.112238057932572    -0.180389283383385
     0.000000000000000     0.170842412094173    -0.088036397720684
9 45
    -0.197150899433486     0.000000000000000     0.000000000000000
     0.000000000000000    -0.091457172945363     0.370324074157455
    -0.000000000000000    -0.113447889627175    -0.114666828952131
9 46
    -0.034833594228912    -0.030752483852547     0.043044880843088
    -0.027068630080815     0.048542963962051    -0.063354303358971
     0.038542144702033     0.059662701909714     0.057378824095308
9 47
    -0.034833594228912     0.030752483852547    -0.043044880843088
     0.027068630080815     0.048542963962051    -0.063354303358971
    -0.038542144702033     0.059662701909714     0.057378824095308
9 48
     0.028150523953998    -0.000000000000000     0.000000000000000
    -0.000000000000000    -0.087287166171741    -0.020589431880001
     0.000000000000000    -0.048770098460911    -0.069640914599746
10 1
     0.050471341155927     0.169944270727900    -0.061514244577242
     0.169944270727900    -0.047546216912048     0.008684986369810
     0.061514244577242    -0.008684986369810    -0.308680621648806
10 2
    -1.993178311167307    -0.000000000000000     0.000000000000000
    -0.000000000000000    -1.588526204171655     0.249385349323725
    -0.000000000000000    -0.249385349323725   -11.992751621648823
10 3
     0.554791873038865    -0.000000000000000     0.000000000000000
    -0.000000000000000    -0.023462912744916     0.186060335602005
    -0.000000000000000    -0.186060335602005    -0.021591621648806
10 4
     0.050471341155927    -0.169944270727900     0.061514244577242
    -0.169944270727900    -0.047546216912048     0.008684986369810
    -0.061514244577242    -0.008684986369810    -0.308680621648806
10 5
     0.059652469611877     0.057540329325920     0.023026931586494
     0.057540329325920    -0.045169135301047     0.026612237223704
    -0.023026931586494    -0.026612237223704    -0.065852621648806
10 6
    -0.175887775674484    -0.000000000000000     0.000000000000000
    -0.000000000000000    -0.096539442495455     0.077668519822442
    -0.000000000000000    -0.077668519822442     0.438540378351194
10 7
     0.464642562183544    -0.000000000000000     0.000000000000000
    -0.000000000000000     0.316824884047892    -0.189722906003190
    -0.000000000000000     0.189722906003190    -0.460955621648806
10 8
     0.059652469611877    -0.057540329325920    -0.023026931586494
    -0.057540329325920    -0.045169135301047     0.026612237223704
     0.023026931586494    -0.026612237223704    -0.065852621648806
10 9
    -0.186368420088212     0.286267099730550    -0.039378907344767
     0.286267099730550    -0.562036079196034    -0.030863824836164
    -0.039378907344767    -0.030863824836164     0.306168378351194
10 10
    19.000395915365168    -0.000000000000000    -0.000000000000000
    -0.000000000000000    10.777028384407281     1.061000102796239
    -0.000000000000000     1.061000102796239    28.810633378351238
10 11
    -2.979000986478588    -0.000000000000000    -0.000000000000000
     0.000000000000000     0.174330329999903     0.154598914367117
    -0.000000000000000     0.154598914367117     0.308686878351194
10 12
    -0.186368420088212    -0.286267099730550     0.039378907344767
    -0.286267099730550    -0.562036079196034    -0.030863824836164
     0.039378907344767    -0.030863824836164     0.306168378351194
10 13
    -0.109689037408070    -0.004020362152530     0.024476649532505
    -0.004020362152530    -0.009334943338795     0.005437969423021
     0.024476649532505     0.005437969423021     0.021180878351194
10 14
    -0.176009162149807    -0.000000000000000    -0.000000000000000
    -0.000000000000000    -0.206727967422219    -0.203192496427498
    -0.000000000000000    -0.203192496427498    -0.113507121648806
10 15
    -0.264702969754296    -0.000000000000000    -0.000000000000000
    -0.000000000000000     0.053960041800149    -0.058126350055692
    -0.000000000000000    -0.058126350055692     0.020794878351194
10 16
    -0.109689037408070     0.004020362152530    -0.024476649532505
     0.004020362152530    -0.009334943338795     0.005437969423021
    -0.024476649532505     0.005437969423021     0.021180878351194
10 17
    -4.579019373994604     0.390678729570475    -1.747808943815097
     0.390678729570475    -1.769515276315259     0.046787979193951
    -1.747808943815097     0.046787979193951    -2.966707621648802
10 18
     0.175580524130710    -0.000000000000000     0.000000000000000
     0.000000000000000     0.307462496767821     0.176473823399106
    -0.000000000000000     0.176473823399106    -0.014273621648806
10 19
     0.123148373509540    -0.000000000000000     0.000000000000000
    -0.000000000000000    -0.105204998118733     0.112240257641507
    -0.000000000000000     0.112240257641507    -0.113554621648806
10 20
    -4.579019373994604    -0.390678729570475     1.747808943815097
    -0.390678729570475    -1.769515276315259     0.046787979193951
     1.747808943815097     0.046787979193951    -2.966707621648802
10 21
     0.078719221861866     0.133803786196045     0.037875309056424
     0.133803786196045     0.077035140292784     0.095186119261000
     0.037875309056424     0.095186119261000     0.093175378351194
10 22
     0.072839918979998    -0.000000000000000     0.000000000000000
    -0.000000000000000    -0.057329154072917     0.022703653772725
    -0.000000000000000     0.022703653772725    -0.002998121648806
10 23
     0.124449591146878    -0.000000000000000     0.000000000000000
    -0.000000000000000     0.025679037100972    -0.025701707907920
    -0.000000000000000    -0.025701707907920    -0.029675621648806
10 24
     0.078719221861866    -0.133803786196045    -0.037875309056424
    -0.133803786196045     0.077035140292784     0.095186119261000
    -0.037875309056424     0.095186119261000     0.093175378351194
10 25
    -0.364166423684554    -0.036435446813573    -1.100081756228680
    -0.014466746559977    -0.059018177087552     0.068778481016704
    -1.004524463890879     0.438059394763196    -1.377906121648807
10 26
    -0.172378345194009    -0.000000000000000    -0.000000000000000
    -0.000000000000000     0.049190560536131    -0.020566571158345
    -0.000000000000000    -0.089220583113605    -0.003835621648806
10 27
    -0.001583036602790    -0.000000000000000    -0.000000000000000
    -0.000000000000000     0.018043689430722    -0.086521556874637
    -0.000000000000000    -0.037027371907643     0.091943628351194
10 28
    -0.364166423684554     0.036435446813573     1.100081756228680
     0.014466746559977    -0.059018177087552     0.068778481016704
     1.004524463890879     0.438059394763196    -1.377906121648807
10 29
    -0.364166423684554    -0.014466746559977     1.004524463890879
    -0.036435446813573    -0.059018177087552    -0.438059394763196
     1.100081756228680    -0.068778481016704    -1.377906121648807
10 30
    -0.172378345194009     0.000000000000000    -0.000000000000000
    -0.000000000000000     0.049190560536131     0.089220583113605
    -0.000000000000000     0.020566571158345    -0.003835621648806
10 31
    -0.001583036602790     0.000000000000000    -0.000000000000000
    -0.000000000000000     0.018043689430722     0.037027371907643
    -0.000000000000000     0.086521556874638     0.091943628351194
10 32
    -0.364166423684554     0.014466746559977    -1.004524463890879
     0.036435446813573    -0.059018177087552    -0.438059394763196
    -1.100081756228680    -0.068778481016704    -1.377906121648807
10 33
    -1.438193012840963     0.957697251775987     0.878032025909655
     0.910015386732718    -0.874098728920349    -0.504137608306946
     0.685890072630947    -0.493452671999501    -0.588604442964367
10 34
    -0.406799284316694     0.000000000000000     0.000000000000000
    -0.000000000000000    -2.311446074891506     0.880414755526842
     0.000000000000000     0.715871818488275    -0.509671164574840
10 35
    -0.028608216541454    -0.000000000000000     0.000000000000000
     0.000000000000000    -0.036397338049104    -0.013205847802014
    -0.000000000000000     0.108602886497552     0.016875891453639
10 36
    -1.438193012840963    -0.957697251775987    -0.878032025909655
    -0.910015386732718    -0.874098728920349    -0.504137608306946
    -0.685890072630947    -0.493452671999501    -0.588604442964367
10 37
    -0.015535807126718    -0.022893762196428     0.046318655061107
    -0.019289189766456     0.018809712986487     0.053025129172715
    -0.125557609103427    -0.087664954049332     0.084194380725278
10 38
     0.008336955276458    -0.000000000000000    -0.000000000000000
    -0.000000000000000    -0.065267847609468    -0.069694360479029
    -0.000000000000000    -0.059723676205768    -0.073491832763226
10 39
     0.010626291565748    -0.000000000000000    -0.000000000000000
     0.000000000000000    -0.020623101292446     0.030248013935430
    -0.000000000000000     0.054556032062710    -0.012277834100188
10 40
    -0.015535807126718     0.022893762196428    -0.046318655061107
     0.019289189766456     0.018809712986487     0.053025129172715
     0.125557609103427    -0.087664954049332     0.084194380725278
10 41
     0.026465168023148     0.241152470388442    -0.027566870952244
     0.204082690017011     0.017419881374931     0.177395040472540
     0.026641160734200    -0.004098995301013    -0.093030062718387
10 42
    -0.125268705090837    -0.000000000000000     0.000000000000000
     0.000000000000000    -0.683864280920003    -1.470640865130467
    -0.000000000000000    -1.575332584210497    -3.721474924256730
10 43
    -0.115105670142822    -0.000000000000000     0.000000000000000
    -0.000000000000000     0.112238057932572    -0.180389283383385
    -0.000000000000000     0.170842412094173    -0.088036397720684
10 44
     0.026465168023148    -0.241152470388442     0.027566870952244
    -0.204082690017011     0.017419881374931     0.177395040472540
    -0.026641160734200    -0.004098995301013    -0.093030062718387
10 45
    -0.034833594228912    -0.030752483852547     0.043044880843088
    -0.027068630080815     0.048542963962051    -0.063354303358971
     0.038542144702033     0.059662701909714     0.057378824095308
10 46
    -0.197150899433486    -0.000000000000000    -0.000000000000000
     0.000000000000000    -0.091457172945363     0.370324074157455
    -0.000000000000000    -0.113447889627175    -0.114666828952131
10 47
     0.028150523953998     0.000000000000000    -0.000000000000000
    -0.000000000000000    -0.087287166171741    -0.020589431880001
    -0.000000000000000    -0.048770098460911    -0.069640914599746
10 48
    -0.034833594228912     0.030752483852547    -0.043044880843088
     0.027068630080815     0.048542963962051    -0.063354303358971
    -0.038542144702033     0.059662701909714     0.057378824095308
11 1
     0.050471341155927    -0.169944270727900     0.061514244577242
    -0.169944270727900    -0.047546216912048     0.008684986369810
    -0.061514244577242    -0.008684986369810    -0.308680621648806
11 2
     0.554791873038865     0.000000000000000     0.000000000000000
    -0.000000000000000    -0.023462912744916     0.186060335602005
    -0.000000000000000    -0.186060335602005    -0.021591621648806
11 3
    -1.993178311167307     0.000000000000000     0.000000000000000
    -0.000000000000000    -1.588526204171655     0.249385349323725
    -0.000000000000000    -0.249385349323725   -11.992751621648823
11 4
     0.050471341155927     0.169944270727900    -0.061514244577242
     0.169944270727900    -0.047546216912048     0.008684986369810
     0.061514244577242    -0.008684986369810    -0.308680621648806
11 5
     0.059652469611877    -0.057540329325920    -0.023026931586494
    -0.057540329325920    -0.045169135301047     0.026612237223704
     0.023026931586494    -0.026612237223704    -0.065852621648806
11 6
     0.464642562183544     0.000000000000000     0.000000000000000
    -0.000000000000000     0.316824884047892    -0.189722906003190
    -0.000000000000000     0.189722906003190    -0.460955621648806
11 7
    -0.175887775674484    -0.000000000000000     0.000000000000000
    -0.000000000000000    -0.096539442495455     0.077668519822442
    -0.000000000000000    -0.077668519822442     0.438540378351194
11 8
     0.059652469611877     0.057540329325920     0.023026931586494
     0.057540329325920    -0.045169135301047     0.026612237223704
    -0.023026931586494    -0.026612237223704    -0.065852621648806
11 9
    -0.186368420088212    -0.286267099730550     0.039378907344767
    -0.286267099730550    -0.562036079196034    -0.030863824836164
     0.039378907344767    -0.030863824836164     0.306168378351194
11 10
    -2.979000986478588     0.000000000000000    -0.000000000000000
    -0.000000000000000     0.174330329999903     0.154598914367117
    -0.000000000000000     0.154598914367117     0.308686878351194
11 11
    19.000395915365161    -0.000000000000000    -0.000000000000000
    -0.000000000000000    10.777028384407279     1.061000102796239
    -0.000000000000000     1.061000102796239    28.810633378351238
11 12
    -0.186368420088212     0.286267099730550    -0.039378907344767
     0.286267099730550    -0.562036079196034    -0.030863824836164
    -0.039378907344767    -0.030863824836164     0.306168378351194
11 13
    -0.109689037408070     0.004020362152530    -0.024476649532505
     0.004020362152530    -0.009334943338795     0.005437969423021
    -0.024476649532505     0.005437969423021     0.021180878351194
11 14
    -0.264702969754296     0.000000000000000    -0.000000000000000
    -0.000000000000000     0.053960041800149    -0.058126350055692
    -0.000000000000000    -0.058126350055692     0.020794878351194
11 15
    -0.176009162149806     0.000000000000000    -0.000000000000000
    -0.000000000000000    -0.206727967422219    -0.203192496427498
    -0.000000000000000    -0.203192496427498    -0.113507121648806
11 16
    -0.109689037408070    -0.004020362152530     0.024476649532505
    -0.004020362152530    -0.009334943338795     0.005437969423021
     0.024476649532505     0.005437969423021     0.021180878351194
11 17
    -4.579019373994604    -0.390678729570475     1.747808943815097
    -0.390678729570475    -1.769515276315259     0.046787979193951
     1.747808943815097     0.046787979193951    -2.966707621648802
11 18
     0.123148373509540     0.000000000000000     0.000000000000000
     0.000000000000000    -0.105204998118733     0.112240257641507
    -0.000000000000000     0.112240257641507    -0.113554621648806
11 19
     0.175580524130710    -0.000000000000000     0.000000000000000
    -0.000000000000000     0.307462496767821     0.176473823399106
    -0.000000000000000     0.176473823399106    -0.014273621648806
11 20
    -4.579019373994604     0.390678729570475    -1.747808943815097
     0.390678729570475    -1.769515276315259     0.046787979193951
    -1.747808943815097     0.046787979193951    -2.966707621648802
11 21
     0.078719221861866    -0.133803786196045    -0.037875309056424
    -0.133803786196045     0.077035140292784     0.095186119261000
    -0.037875309056424     0.095186119261000     0.093175378351194
11 22
     0.124449591146878     0.000000000000000     0.000000000000000
    -0.000000000000000     0.025679037100972    -0.025701707907920
    -0.000000000000000    -0.025701707907920    -0.029675621648806
11 23
     0.072839918979998     0.000000000000000     0.000000000000000
    -0.000000000000000    -0.057329154072917     0.022703653772725
    -0.000000000000000     0.022703653772725    -0.002998121648806
11 24
     0.078719221861866     0.133803786196045     0.037875309056424
     0.133803786196045     0.077035140292784     0.095186119261000
     0.037875309056424     0.095186119261000     0.093175378351194
11 25
    -0.364166423684554     0.036435446813573     1.100081756228680
     0.014466746559977    -0.059018177087552     0.068778481016704
     1.004524463890879     0.438059394763196    -1.377906121648807
11 26
    -0.001583036602790     0.000000000000000    -0.000000000000000
    -0.000000000000000     0.018043689430722    -0.086521556874638
    -0.000000000000000    -0.037027371907643     0.091943628351194
11 27
    -0.172378345194009     0.000000000000000    -0.000000000000000
    -0.000000000000000     0.049190560536131    -0.020566571158345
    -0.000000000000000    -0.089220583113605    -0.003835621648806
11 28
    -0.364166423684554    -0.036435446813573    -1.100081756228680
    -0.014466746559977    -0.059018177087552     0.068778481016704
    -1.004524463890879     0.438059394763196    -1.377906121648807
11 29
    -0.364166423684554     0.014466746559977    -1.004524463890879
     0.036435446813573    -0.059018177087552    -0.438059394763196
    -1.100081756228680    -0.068778481016704    -1.377906121648807
11 30
    -0.001583036602790     0.000000000000000    -0.000000000000000
    -0.000000000000000     0.018043689430722     0.037027371907643
    -0.000000000000000     0.086521556874638     0.091943628351194
11 31
    -0.172378345194009     0.000000000000000    -0.000000000000000
    -0.000000000000000     0.049190560536131     0.089220583113605
    -0.000000000000000     0.020566571158345    -0.003835621648806
11 32
    -0.364166423684554    -0.014466746559977     1.004524463890879
    -0.036435446813573    -0.059018177087552    -0.438059394763196
     1.100081756228680    -0.068778481016704    -1.377906121648807
11 33
    -1.438193012840963    -0.957697251775987    -0.878032025909655
    -0.910015386732718    -0.874098728920349    -0.504137608306946
    -0.685890072630947    -0.493452671999501    -0.588604442964367
11 34
    -0.028608216541454     0.000000000000000     0.000000000000000
    -0.000000000000000    -0.036397338049104    -0.013205847802014
     0.000000000000000     0.108602886497552     0.016875891453639
11 35
    -0.406799284316694    -0.000000000000000     0.000000000000000
     0.000000000000000    -2.311446074891506     0.880414755526842
    -0.000000000000000     0.715871818488275    -0.509671164574840
11 36
    -1.438193012840963     0.957697251775987     0.878032025909655
     0.910015386732718    -0.874098728920349    -0.504137608306946
     0.685890072630947    -0.493452671999501    -0.588604442964367
11 37
    -0.015535807126718     0.022893762196428    -0.046318655061107
     0.019289189766456     0.018809712986487     0.053025129172715
     0.125557609103427    -0.087664954049332     0.084194380725278
11 38
     0.010626291565748     0.000000000000000    -0.000000000000000
    -0.000000000000000    -0.020623101292446     0.030248013935430
    -0.000000000000000     0.054556032062710    -0.012277834100188
11 39
     0.008336955276458    -0.000000000000000    -0.000000000000000
     0.000000000000000    -0.065267847609468    -0.069694360479029
    -0.000000000000000    -0.059723676205768    -0.073491832763226
11 40
    -0.015535807126718    -0.022893762196428     0.046318655061107
    -0.019289189766456     0.018809712986487     0.053025129172715
    -0.125557609103427    -0.087664954049332     0.084194380725278
11 41
     0.026465168023148    -0.241152470388442     0.027566870952244
    -0.204082690017011     0.017419881374931     0.177395040472540
    -0.026641160734200    -0.004098995301013    -0.093030062718387
11 42
    -0.115105670142822    -0.000000000000000     0.000000000000000
     0.000000000000000     0.112238057932572    -0.180389283383385
    -0.000000000000000     0.170842412094173    -0.088036397720684
11 43
    -0.125268705090837     0.000000000000000    -0.000000000000000
     0.000000000000000    -0.683864280920003    -1.470640865130467
    -0.000000000000000    -1.575332584210497    -3.721474924256730
11 44
     0.026465168023148     0.241152470388442    -0.027566870952244
     0.204082690017011     0.017419881374931     0.177395040472540
     0.026641160734200    -0.004098995301013    -0.093030062718387
11 45
    -0.034833594228912     0.030752483852547    -0.043044880843088
     0.027068630080815     0.048542963962051    -0.063354303358971
    -0.038542144702033     0.059662701909714     0.057378824095308
11 46
     0.028150523953998    -0.000000000000000    -0.000000000000000
     0.000000000000000    -0.087287166171741    -0.020589431880001
    -0.000000000000000    -0.048770098460911    -0.069640914599746
11 47
    -0.197150899433486     0.000000000000000    -0.000000000000000
     0.000000000000000    -0.091457172945363     0.370324074157455
    -0.000000000000000    -0.113447889627175    -0.114666828952131
11 48
    -0.034833594228912    -0.030752483852547     0.043044880843088
    -0.027068630080815     0.048542963962051    -0.063354303358971
     0.038542144702033     0.059662701909714     0.057378824095308
12 1
     0.554791873038865    -0.000000000000000     0.000000000000000
     0.000000000000000    -0.023462912744916     0.186060335602005
     0.000000000000000    -0.186060335602005    -0.021591621648806
12 2
     0.050471341155927    -0.169944270727900     0.061514244577242
    -0.169944270727900    -0.047546216912048     0.008684986369810
    -0.061514244577242    -0.008684986369810    -0.308680621648806
12 3
     0.050471341155927     0.169944270727900    -0.061514244577242
     0.169944270727900    -0.047546216912048     0.008684986369810
     0.061514244577242    -0.008684986369810    -0.308680621648806
12 4
    -1.993178311167307    -0.000000000000000     0.000000000000000
    -0.000000000000000    -1.588526204171655     0.249385349323725
     0.000000000000000    -0.249385349323725   -11.992751621648823
12 5
     0.464642562183544    -0.000000000000000    -0.000000000000000
     0.000000000000000     0.316824884047892    -0.189722906003190
    -0.000000000000000     0.189722906003190    -0.460955621648806
12 6
     0.059652469611877    -0.057540329325920    -0.023026931586494
    -0.057540329325920    -0.045169135301047     0.026612237223704
     0.023026931586494    -0.026612237223704    -0.065852621648806
12 7
     0.059652469611877     0.057540329325920     0.023026931586494
     0.057540329325920    -0.045169135301047     0.026612237223704
    -0.023026931586494    -0.026612237223704    -0.065852621648806
12 8
    -0.175887775674484    -0.000000000000000     0.000000000000000
    -0.000000000000000    -0.096539442495455     0.077668519822442
    -0.000000000000000    -0.077668519822442     0.438540378351194
12 9
    -2.979000986478588    -0.000000000000000     0.000000000000000
     0.000000000000000     0.174330329999903     0.154598914367117
     0.000000000000000     0.154598914367117     0.308686878351194
12 10
    -0.186368420088212    -0.286267099730550     0.039378907344767
    -0.286267099730550    -0.562036079196034    -0.030863824836164
     0.039378907344767    -0.030863824836164     0.306168378351194
12 11
    -0.186368420088212     0.286267099730550    -0.039378907344767
     0.286267099730550    -0.562036079196034    -0.030863824836164
    -0.039378907344767    -0.030863824836164     0.306168378351194
12 12
    19.000395915365168     0.000000000000000     0.000000000000000
     0.000000000000000    10.777028384407277     1.061000102796238
     0.000000000000000     1.061000102796238    28.810633378351241
12 13
    -0.264702969754296    -0.000000000000000     0.000000000000000
     0.000000000000000     0.053960041800149    -0.058126350055692
    -0.000000000000000    -0.058126350055692     0.020794878351194
12 14
    -0.109689037408070     0.004020362152530    -0.024476649532505
     0.004020362152530    -0.009334943338795     0.005437969423021
    -0.024476649532505     0.005437969423021     0.021180878351194
12 15
    -0.109689037408070    -0.004020362152530     0.024476649532505
    -0.004020362152530    -0.009334943338795     0.005437969423021
     0.024476649532505     0.005437969423021     0.021180878351194
12 16
    -0.176009162149807    -0.000000000000000    -0.000000000000000
    -0.000000000000000    -0.206727967422220    -0.203192496427498
    -0.000000000000000    -0.203192496427498    -0.113507121648806
12 17
     0.123148373509540    -0.000000000000000    -0.000000000000000
    -0.000000000000000    -0.105204998118733     0.112240257641507
     0.000000000000000     0.112240257641507    -0.113554621648806
12 18
    -4.579019373994604    -0.390678729570475     1.747808943815097
    -0.390678729570475    -1.769515276315259     0.046787979193951
     1.747808943815097     0.046787979193951    -2.966707621648802
12 19
    -4.579019373994604     0.390678729570475    -1.747808943815097
     0.390678729570475    -1.769515276315259     0.046787979193951
    -1.747808943815097     0.046787979193951    -2.966707621648802
12 20
     0.175580524130710    -0.000000000000000    -0.000000000000000
     0.000000000000000     0.307462496767821     0.176473823399106
     0.000000000000000     0.176473823399106    -0.014273621648806
12 21
     0.124449591146878    -0.000000000000000    -0.000000000000000
    -0.000000000000000     0.025679037100972    -0.025701707907920
     0.000000000000000    -0.025701707907920    -0.029675621648806
12 22
     0.078719221861866    -0.133803786196045    -0.037875309056424
    -0.133803786196045     0.077035140292784     0.095186119261000
    -0.037875309056424     0.095186119261000     0.093175378351194
12 23
     0.078719221861866     0.133803786196045     0.037875309056424
     0.133803786196045     0.077035140292784     0.095186119261000
     0.037875309056424     0.095186119261000     0.093175378351194
12 24
     0.072839918979997    -0.000000000000000     0.000000000000000
     0.000000000000000    -0.057329154072917     0.022703653772725
     0.000000000000000     0.022703653772725    -0.002998121648806
12 25
    -0.001583036602790    -0.000000000000000     0.000000000000000
    -0.000000000000000     0.018043689430722    -0.086521556874638
     0.000000000000000    -0.037027371907643     0.091943628351194
12 26
    -0.364166423684554     0.036435446813573     1.100081756228680
     0.014466746559977    -0.059018177087552     0.068778481016704
     1.004524463890879     0.438059394763196    -1.377906121648807
12 27
    -0.364166423684554    -0.036435446813573    -1.100081756228680
    -0.014466746559977    -0.059018177087552     0.068778481016704
    -1.004524463890879     0.438059394763196    -1.377906121648807
12 28
    -0.172378345194009    -0.000000000000000     0.000000000000000
     0.000000000000000     0.049190560536131    -0.020566571158345
    -0.000000000000000    -0.089220583113605    -0.003835621648806
12 29
    -0.001583036602790    -0.000000000000000     0.000000000000000
    -0.000000000000000     0.018043689430722     0.037027371907643
    -0.000000000000000     0.086521556874637     0.091943628351194
12 30
    -0.364166423684554     0.014466746559977    -1.004524463890879
     0.036435446813573    -0.059018177087552    -0.438059394763196
    -1.100081756228680    -0.068778481016704    -1.377906121648807
12 31
    -0.364166423684554    -0.014466746559977     1.004524463890879
    -0.036435446813573    -0.059018177087552    -0.438059394763196
     1.100081756228680    -0.068778481016704    -1.377906121648807
12 32
    -0.172378345194009    -0.000000000000000     0.000000000000000
     0.000000000000000     0.049190560536131     0.089220583113605
    -0.000000000000000     0.020566571158345    -0.003835621648806
12 33
    -0.028608216541454    -0.000000000000000    -0.000000000000000
    -0.000000000000000    -0.036397338049104    -0.013205847802014
    -0.000000000000000     0.108602886497552     0.016875891453639
12 34
    -1.438193012840963    -0.957697251775987    -0.878032025909655
    -0.910015386732718    -0.874098728920349    -0.504137608306946
    -0.685890072630947    -0.493452671999501    -0.588604442964367
12 35
    -1.438193012840963     0.957697251775987     0.878032025909655
     0.910015386732718    -0.874098728920349    -0.504137608306946
     0.685890072630947    -0.493452671999501    -0.588604442964367
12 36
    -0.406799284316694     0.000000000000000     0.000000000000000
     0.000000000000000    -2.311446074891506     0.880414755526842
    -0.000000000000000     0.715871818488275    -0.509671164574840
12 37
     0.010626291565748    -0.000000000000000     0.000000000000000
    -0.000000000000000    -0.020623101292446     0.030248013935430
     0.000000000000000     0.054556032062710    -0.012277834100188
12 38
    -0.015535807126718     0.022893762196428    -0.046318655061107
     0.019289189766456     0.018809712986487     0.053025129172715
     0.125557609103427    -0.087664954049332     0.084194380725278
12 39
    -0.015535807126718    -0.022893762196428     0.046318655061107
    -0.019289189766456     0.018809712986487     0.053025129172715
    -0.125557609103427    -0.087664954049332     0.084194380725278
12 40
     0.008336955276458     0.000000000000000     0.000000000000000
     0.000000000000000    -0.065267847609468    -0.069694360479029
     0.000000000000000    -0.059723676205768    -0.073491832763226
12 41
    -0.115105670142822     0.000000000000000     0.000000000000000
     0.000000000000000     0.112238057932572    -0.180389283383385
     0.000000000000000     0.170842412094173    -0.088036397720684
12 42
     0.026465168023148    -0.241152470388442     0.027566870952244
    -0.204082690017011     0.017419881374931     0.177395040472540
    -0.026641160734200    -0.004098995301013    -0.093030062718388
12 43
     0.026465168023148     0.241152470388442    -0.027566870952244
     0.204082690017011     0.017419881374931     0.177395040472540
     0.026641160734200    -0.004098995301013    -0.093030062718388
12 44
    -0.125268705090838    -0.000000000000000    -0.000000000000000
    -0.000000000000000    -0.683864280920003    -1.470640865130467
     0.000000000000000    -1.575332584210497    -3.721474924256730
12 45
     0.028150523953998     0.000000000000000     0.000000000000000
     0.000000000000000    -0.087287166171741    -0.020589431880001
    -0.000000000000000    -0.048770098460911    -0.069640914599746
12 46
    -0.034833594228912     0.030752483852547    -0.043044880843088
     0.027068630080815     0.048542963962051    -0.063354303358971
    -0.038542144702033     0.059662701909714     0.057378824095308
12 47
    -0.034833594228912    -0.030752483852547     0.043044880843088
    -0.027068630080815     0.048542963962051    -0.063354303358971
     0.038542144702033     0.059662701909714     0.057378824095308
12 48
    -0.197150899433486    -0.000000000000000     0.000000000000000
    -0.000000000000000    -0.091457172945363     0.370324074157455
     0.000000000000000    -0.113447889627175    -0.114666828952131
13 1
    -0.175887775674484     0.000000000000000    -0.000000000000000
     0.000000000000000    -0.096539442495455     0.077668519822442
     0.000000000000000    -0.077668519822442     0.438540378351194
13 2
     0.059652469611877     0.057540329325920     0.023026931586494
     0.057540329325920    -0.045169135301047     0.026612237223704
    -0.023026931586494    -0.026612237223704    -0.065852621648806
13 3
     0.059652469611877    -0.057540329325920    -0.023026931586494
    -0.057540329325920    -0.045169135301047     0.026612237223704
     0.023026931586494    -0.026612237223704    -0.065852621648806
13 4
     0.464642562183544     0.000000000000000     0.000000000000000
    -0.000000000000000     0.316824884047892    -0.189722906003190
     0.000000000000000     0.189722906003190    -0.460955621648806
13 5
    -1.993178311167307     0.000000000000000    -0.000000000000000
     0.000000000000000    -1.588526204171655     0.249385349323725
    -0.000000000000000    -0.249385349323725   -11.992751621648823
13 6
     0.050471341155927     0.169944270727900    -0.061514244577242
     0.169944270727900    -0.047546216912047     0.008684986369810
     0.061514244577242    -0.008684986369810    -0.308680621648806
13 7
     0.050471341155927    -0.169944270727900     0.061514244577242
    -0.169944270727900    -0.047546216912047     0.008684986369810
    -0.061514244577242    -0.008684986369810    -0.308680621648806
13 8
     0.554791873038865     0.000000000000000    -0.000000000000000
    -0.000000000000000    -0.023462912744916     0.186060335602005
    -0.000000000000000    -0.186060335602005    -0.021591621648806
13 9
    -0.176009162149806     0.000000000000000     0.000000000000000
     0.000000000000000    -0.206727967422220    -0.203192496427498
     0.000000000000000    -0.203192496427498    -0.113507121648806
13 10
    -0.109689037408070    -0.004020362152530     0.024476649532505
    -0.004020362152530    -0.009334943338795     0.005437969423021
     0.024476649532505     0.005437969423021     0.021180878351194
13 11
    -0.109689037408070     0.004020362152530    -0.024476649532505
     0.004020362152530    -0.009334943338795     0.005437969423021
    -0.024476649532505     0.005437969423021     0.021180878351194
13 12
    -0.264702969754296     0.000000000000000    -0.000000000000000
    -0.000000000000000     0.053960041800149    -0.058126350055692
     0.000000000000000    -0.058126350055692     0.020794878351194
13 13
    19.000395915365175     0.000000000000000    -0.000000000000000
     0.000000000000000    10.777028384407279     1.061000102796239
    -0.000000000000000     1.061000102796239    28.810633378351234
13 14
    -0.186368420088212     0.286267099730550    -0.039378907344767
     0.286267099730550    -0.562036079196034    -0.030863824836164
    -0.039378907344767    -0.030863824836164     0.306168378351194
13 15
    -0.186368420088212    -0.286267099730550     0.039378907344767
    -0.286267099730550    -0.562036079196034    -0.030863824836164
     0.039378907344767    -0.030863824836164     0.306168378351194
13 16
    -2.979000986478588     0.000000000000000    -0.000000000000000
    -0.000000000000000     0.174330329999903     0.154598914367117
    -0.000000000000000     0.154598914367117     0.308686878351194
13 17
     0.072839918979998     0.000000000000000    -0.000000000000000
    -0.000000000000000    -0.057329154072916     0.022703653772725
     0.000000000000000     0.022703653772725    -0.002998121648806
13 18
     0.078719221861866     0.133803786196045     0.037875309056424
     0.133803786196045     0.077035140292784     0.095186119261000
     0.037875309056424     0.095186119261000     0.093175378351194
13 19
     0.078719221861866    -0.133803786196045    -0.037875309056424
    -0.133803786196045     0.077035140292784     0.095186119261000
    -0.037875309056424     0.095186119261000     0.093175378351194
13 20
     0.124449591146878     0.000000000000000    -0.000000000000000
     0.000000000000000     0.025679037100972    -0.025701707907920
     0.000000000000000    -0.025701707907920    -0.029675621648806
13 21
     0.175580524130710     0.000000000000000    -0.000000000000000
    -0.000000000000000     0.307462496767821     0.176473823399106
     0.000000000000000     0.176473823399106    -0.014273621648806
13 22
    -4.579019373994604     0.390678729570475    -1.747808943815097
     0.390678729570475    -1.769515276315259     0.046787979193951
    -1.747808943815097     0.046787979193951    -2.966707621648802
13 23
    -4.579019373994604    -0.390678729570475     1.747808943815097
    -0.390678729570475    -1.769515276315259     0.046787979193951
     1.747808943815097     0.046787979193951    -2.966707621648802
13 24
     0.123148373509540     0.000000000000000    -0.000000000000000
     0.000000000000000    -0.105204998118733     0.112240257641507
     0.000000000000000     0.112240257641507    -0.113554621648806
13 25
    -0.172378345194009     0.000000000000000     0.000000000000000
    -0.000000000000000     0.049190560536131     0.089220583113605
     0.000000000000000     0.020566571158345    -0.003835621648806
13 26
    -0.364166423684554    -0.014466746559977     1.004524463890879
    -0.036435446813573    -0.059018177087552    -0.438059394763196
     1.100081756228680    -0.068778481016704    -1.377906121648807
13 27
    -0.364166423684554     0.014466746559977    -1.004524463890879
     0.036435446813573    -0.059018177087552    -0.438059394763196
    -1.100081756228680    -0.068778481016704    -1.377906121648807
13 28
    -0.001583036602790     0.000000000000000    -0.000000000000000
     0.000000000000000     0.018043689430722     0.037027371907643
    -0.000000000000000     0.086521556874637     0.091943628351194
13 29
    -0.172378345194009     0.000000000000000     0.000000000000000
    -0.000000000000000     0.049190560536131    -0.020566571158345
    -0.000000000000000    -0.089220583113605    -0.003835621648806
13 30
    -0.364166423684554    -0.036435446813573    -1.100081756228680
    -0.014466746559977    -0.059018177087552     0.068778481016704
    -1.004524463890879     0.438059394763196    -1.377906121648807
13 31
    -0.364166423684554     0.036435446813573     1.100081756228680
     0.014466746559977    -0.059018177087552     0.068778481016704
     1.004524463890879     0.438059394763196    -1.377906121648807
13 32
    -0.001583036602790     0.000000000000000     0.000000000000000
     0.000000000000000     0.018043689430722    -0.086521556874638
    -0.000000000000000    -0.037027371907643     0.091943628351194
13 33
     0.008336955276458    -0.000000000000000    -0.000000000000000
    -0.000000000000000    -0.065267847609468    -0.069694360479029
    -0.000000000000000    -0.059723676205768    -0.073491832763226
13 34
    -0.015535807126718    -0.022893762196428     0.046318655061107
    -0.019289189766456     0.018809712986487     0.053025129172715
    -0.125557609103427    -0.087664954049332     0.084194380725278
13 35
    -0.015535807126718     0.022893762196428    -0.046318655061107
     0.019289189766456     0.018809712986487     0.053025129172715
     0.125557609103427    -0.087664954049332     0.084194380725278
13 36
     0.010626291565748     0.000000000000000    -0.000000000000000
     0.000000000000000    -0.020623101292446     0.030248013935430
    -0.000000000000000     0.054556032062710    -0.012277834100188
13 37
    -0.406799284316694    -0.000000000000000     0.000000000000000
    -0.000000000000000    -2.311446074891506     0.880414755526842
     0.000000000000000     0.715871818488275    -0.509671164574840
13 38
    -1.438193012840963     0.957697251775987     0.878032025909655
     0.910015386732718    -0.874098728920349    -0.504137608306946
     0.685890072630947    -0.493452671999501    -0.588604442964367
13 39
    -1.438193012840963    -0.957697251775987    -0.878032025909655
    -0.910015386732718    -0.874098728920349    -0.504137608306946
    -0.685890072630947    -0.493452671999501    -0.588604442964367
13 40
    -0.028608216541454     0.000000000000000    -0.000000000000000
     0.000000000000000    -0.036397338049104    -0.013205847802014
     0.000000000000000     0.108602886497552     0.016875891453639
13 41
    -0.197150899433486     0.000000000000000     0.000000000000000
     0.000000000000000    -0.091457172945363     0.370324074157455
     0.000000000000000    -0.113447889627175    -0.114666828952131
13 42
    -0.034833594228912    -0.030752483852547     0.043044880843088
    -0.027068630080815     0.048542963962051    -0.063354303358971
     0.038542144702033     0.059662701909714     0.057378824095308
13 43
    -0.034833594228912     0.030752483852547    -0.043044880843088
     0.027068630080815     0.048542963962051    -0.063354303358971
    -0.038542144702033     0.059662701909714     0.057378824095308
13 44
     0.028150523953998    -0.000000000000000    -0.000000000000000
    -0.000000000000000    -0.087287166171741    -0.020589431880001
     0.000000000000000    -0.048770098460911    -0.069640914599746
13 45
    -0.125268705090837     0.000000000000000    -0.000000000000000
     0.000000000000000    -0.683864280920003    -1.470640865130467
    -0.000000000000000    -1.575332584210497    -3.721474924256730
13 46
     0.026465168023148     0.241152470388442    -0.027566870952244
     0.204082690017011     0.017419881374931     0.177395040472540
     0.026641160734200    -0.004098995301013    -0.093030062718387
13 47
     0.026465168023148    -0.241152470388442     0.027566870952244
    -0.204082690017011     0.017419881374931     0.177395040472540
    -0.026641160734200    -0.004098995301013    -0.093030062718387
13 48
    -0.115105670142822    -0.000000000000000    -0.000000000000000
    -0.000000000000000     0.112238057932572    -0.180389283383385
     0.000000000000000     0.170842412094173    -0.088036397720684
14 1
     0.059652469611877     0.057540329325920     0.023026931586494
     0.057540329325920    -0.045169135301047     0.026612237223704
    -0.023026931586494    -0.026612237223704    -0.065852621648806
14 2
    -0.175887775674484    -0.000000000000000     0.000000000000000
    -0.000000000000000    -0.096539442495455     0.077668519822442
    -0.000000000000000    -0.077668519822442     0.438540378351194
14 3
     0.464642562183544    -0.000000000000000     0.000000000000000
    -0.000000000000000     0.316824884047892    -0.189722906003190
    -0.000000000000000     0.189722906003190    -0.460955621648806
14 4
     0.059652469611877    -0.057540329325920    -0.023026931586494
    -0.057540329325920    -0.045169135301047     0.026612237223704
     0.023026931586494    -0.026612237223704    -0.065852621648806
14 5
     0.050471341155927     0.169944270727900    -0.061514244577242
     0.169944270727900    -0.047546216912047     0.008684986369810
     0.061514244577242    -0.008684986369810    -0.308680621648806
14 6
    -1.993178311167307     0.000000000000000     0.000000000000000
    -0.000000000000000    -1.588526204171655     0.249385349323725
    -0.000000000000000    -0.249385349323725   -11.992751621648823
14 7
     0.554791873038865    -0.000000000000000     0.000000000000000
    -0.000000000000000    -0.023462912744916     0.186060335602005
     0.000000000000000    -0.186060335602005    -0.021591621648806
14 8
     0.050471341155927    -0.169944270727900     0.061514244577242
    -0.169944270727900    -0.047546216912047     0.008684986369810
    -0.061514244577242    -0.008684986369810    -0.308680621648806
14 9
    -0.109689037408070    -0.004020362152530     0.024476649532505
    -0.004020362152530    -0.009334943338795     0.005437969423021
     0.024476649532505     0.005437969423021     0.021180878351194
14 10
    -0.176009162149807    -0.000000000000000    -0.000000000000000
    -0.000000000000000    -0.206727967422219    -0.203192496427498
    -0.000000000000000    -0.203192496427498    -0.113507121648806
14 11
    -0.264702969754296    -0.000000000000000    -0.000000000000000
     0.000000000000000     0.053960041800149    -0.058126350055692
    -0.000000000000000    -0.058126350055692     0.020794878351194
14 12
    -0.109689037408070     0.004020362152530    -0.024476649532505
     0.004020362152530    -0.009334943338795     0.005437969423021
    -0.024476649532505     0.005437969423021     0.021180878351194
14 13
    -0.186368420088212     0.286267099730550    -0.039378907344767
     0.286267099730550    -0.562036079196034    -0.030863824836164
    -0.039378907344767    -0.030863824836164     0.306168378351194
14 14
    19.000395915365175    -0.000000000000000     0.000000000000000
    -0.000000000000000    10.777028384407277     1.061000102796239
     0.000000000000000     1.061000102796239    28.810633378351245
14 15
    -2.979000986478588    -0.000000000000000    -0.000000000000000
    -0.000000000000000     0.174330329999903     0.154598914367117
    -0.000000000000000     0.154598914367117     0.308686878351194
14 16
    -0.186368420088212    -0.286267099730550     0.039378907344767
    -0.286267099730550    -0.562036079196034    -0.030863824836164
     0.039378907344767    -0.030863824836164     0.306168378351194
14 17
     0.078719221861866     0.133803786196045     0.037875309056424
     0.133803786196045     0.077035140292784     0.095186119261000
     0.037875309056424     0.095186119261000     0.093175378351194
14 18
     0.072839918979998     0.000000000000000     0.000000000000000
     0.000000000000000    -0.057329154072916     0.022703653772725
    -0.000000000000000     0.022703653772725    -0.002998121648806
14 19
     0.124449591146878    -0.000000000000000     0.000000000000000
    -0.000000000000000     0.025679037100972    -0.025701707907920
    -0.000000000000000    -0.025701707907920    -0.029675621648806
14 20
     0.078719221861866    -0.133803786196045    -0.037875309056424
    -0.133803786196045     0.077035140292784     0.095186119261000
    -0.037875309056424     0.095186119261000     0.093175378351194
14 21
    -4.579019373994604     0.390678729570475    -1.747808943815097
     0.390678729570475    -1.769515276315259     0.046787979193951
    -1.747808943815097     0.046787979193951    -2.966707621648802
14 22
     0.175580524130710     0.000000000000000     0.000000000000000
    -0.000000000000000     0.307462496767821     0.176473823399106
    -0.000000000000000     0.176473823399106    -0.014273621648806
14 23
     0.123148373509540    -0.000000000000000     0.000000000000000
    -0.000000000000000    -0.105204998118733     0.112240257641507
     0.000000000000000     0.112240257641507    -0.113554621648806
14 24
    -4.579019373994604    -0.390678729570475     1.747808943815097
    -0.390678729570475    -1.769515276315259     0.046787979193951
     1.747808943815097     0.046787979193951    -2.966707621648802
14 25
    -0.364166423684554    -0.014466746559977     1.004524463890879
    -0.036435446813573    -0.059018177087552    -0.438059394763196
     1.100081756228680    -0.068778481016704    -1.377906121648807
14 26
    -0.172378345194009    -0.000000000000000     0.000000000000000
    -0.000000000000000     0.049190560536131     0.089220583113605
    -0.000000000000000     0.020566571158345    -0.003835621648806
14 27
    -0.001583036602790    -0.000000000000000     0.000000000000000
    -0.000000000000000     0.018043689430722     0.037027371907643
    -0.000000000000000     0.086521556874638     0.091943628351194
14 28
    -0.364166423684554     0.014466746559977    -1.004524463890879
     0.036435446813573    -0.059018177087552    -0.438059394763196
    -1.100081756228680    -0.068778481016704    -1.377906121648807
14 29
    -0.364166423684554    -0.036435446813573    -1.100081756228680
    -0.014466746559977    -0.059018177087552     0.068778481016704
    -1.004524463890879     0.438059394763196    -1.377906121648807
14 30
    -0.172378345194009     0.000000000000000     0.000000000000000
    -0.000000000000000     0.049190560536131    -0.020566571158345
     0.000000000000000    -0.089220583113605    -0.003835621648806
14 31
    -0.001583036602790     0.000000000000000    -0.000000000000000
    -0.000000000000000     0.018043689430722    -0.086521556874637
    -0.000000000000000    -0.037027371907643     0.091943628351194
14 32
    -0.364166423684554     0.036435446813573     1.100081756228680
     0.014466746559977    -0.059018177087552     0.068778481016704
     1.004524463890879     0.438059394763196    -1.377906121648807
14 33
    -0.015535807126718    -0.022893762196428     0.046318655061107
    -0.019289189766456     0.018809712986487     0.053025129172715
    -0.125557609103427    -0.087664954049332     0.084194380725277
14 34
     0.008336955276458     0.000000000000000     0.000000000000000
    -0.000000000000000    -0.065267847609468    -0.069694360479029
     0.000000000000000    -0.059723676205768    -0.073491832763226
14 35
     0.010626291565748    -0.000000000000000     0.000000000000000
     0.000000000000000    -0.020623101292446     0.030248013935430
    -0.000000000000000     0.054556032062710    -0.012277834100188
14 36
    -0.015535807126718     0.022893762196428    -0.046318655061107
     0.019289189766456     0.018809712986487     0.053025129172715
     0.125557609103427    -0.087664954049332     0.084194380725277
14 37
    -1.438193012840963     0.957697251775987     0.878032025909655
     0.910015386732718    -0.874098728920349    -0.504137608306946
     0.685890072630947    -0.493452671999501    -0.588604442964367
14 38
    -0.406799284316694     0.000000000000000    -0.000000000000000
    -0.000000000000000    -2.311446074891507     0.880414755526842
    -0.000000000000000     0.715871818488275    -0.509671164574840
14 39
    -0.028608216541454    -0.000000000000000    -0.000000000000000
     0.000000000000000    -0.036397338049104    -0.013205847802014
    -0.000000000000000     0.108602886497552     0.016875891453639
14 40
    -1.438193012840963    -0.957697251775987    -0.878032025909655
    -0.910015386732718    -0.874098728920349    -0.504137608306946
    -0.685890072630947    -0.493452671999501    -0.588604442964367
14 41
    -0.034833594228912    -0.030752483852547     0.043044880843088
    -0.027068630080815     0.048542963962051    -0.063354303358971
     0.038542144702033     0.059662701909714     0.057378824095308
14 42
    -0.197150899433486    -0.000000000000000     0.000000000000000
     0.000000000000000    -0.091457172945363     0.370324074157455
     0.000000000000000    -0.113447889627175    -0.114666828952131
14 43
     0.028150523953998     0.000000000000000     0.000000000000000
    -0.000000000000000    -0.087287166171741    -0.020589431880001
    -0.000000000000000    -0.048770098460911    -0.069640914599746
14 44
    -0.034833594228912     0.030752483852547    -0.043044880843088
     0.027068630080815     0.048542963962051    -0.063354303358971
    -0.038542144702033     0.059662701909714     0.057378824095308
14 45
     0.026465168023148     0.241152470388442    -0.027566870952244
     0.204082690017011     0.017419881374931     0.177395040472540
     0.026641160734200    -0.004098995301013    -0.093030062718388
14 46
    -0.125268705090837    -0.000000000000000     0.000000000000000
     0.000000000000000    -0.683864280920003    -1.470640865130467
    -0.000000000000000    -1.575332584210497    -3.721474924256730
14 47
    -0.115105670142822     0.000000000000000     0.000000000000000
     0.000000000000000     0.112238057932572    -0.180389283383385
     0.000000000000000     0.170842412094173    -0.088036397720684
14 48
     0.026465168023148    -0.241152470388442     0.027566870952244
    -0.204082690017011     0.017419881374931     0.177395040472540
    -0.026641160734200    -0.004098995301013    -0.093030062718388
15 1
     0.059652469611877    -0.057540329325920    -0.023026931586494
    -0.057540329325920    -0.045169135301047     0.026612237223704
     0.023026931586494    -0.026612237223704    -0.065852621648806
15 2
     0.464642562183544    -0.000000000000000     0.000000000000000
    -0.000000000000000     0.316824884047892    -0.189722906003190
    -0.000000000000000     0.189722906003190    -0.460955621648806
15 3
    -0.175887775674484    -0.000000000000000     0.000000000000000
    -0.000000000000000    -0.096539442495455     0.077668519822442
    -0.000000000000000    -0.077668519822442     0.438540378351194
15 4
     0.059652469611877     0.057540329325920     0.023026931586494
     0.057540329325920    -0.045169135301047     0.026612237223704
    -0.023026931586494    -0.026612237223704    -0.065852621648806
15 5
     0.050471341155927    -0.169944270727900     0.061514244577242
    -0.169944270727900    -0.047546216912047     0.008684986369810
    -0.061514244577242    -0.008684986369810    -0.308680621648806
15 6
     0.554791873038865     0.000000000000000     0.000000000000000
    -0.000000000000000    -0.023462912744916     0.186060335602005
    -0.000000000000000    -0.186060335602005    -0.021591621648806
15 7
    -1.993178311167307    -0.000000000000000     0.000000000000000
    -0.000000000000000    -1.588526204171655     0.249385349323725
    -0.000000000000000    -0.249385349323725   -11.992751621648823
15 8
     0.050471341155927     0.169944270727900    -0.061514244577242
     0.169944270727900    -0.047546216912047     0.008684986369810
     0.061514244577242    -0.008684986369810    -0.308680621648806
15 9
    -0.109689037408070     0.004020362152530    -0.024476649532505
     0.004020362152530    -0.009334943338795     0.005437969423021
    -0.024476649532505     0.005437969423021     0.021180878351194
15 10
    -0.264702969754296    -0.000000000000000    -0.000000000000000
    -0.000000000000000     0.053960041800149    -0.058126350055692
    -0.000000000000000    -0.058126350055692     0.020794878351194
15 11
    -0.176009162149806    -0.000000000000000    -0.000000000000000
     0.000000000000000    -0.206727967422219    -0.203192496427498
    -0.000000000000000    -0.203192496427498    -0.113507121648806
15 12
    -0.109689037408070    -0.004020362152530     0.024476649532505
    -0.004020362152530    -0.009334943338795     0.005437969423021
     0.024476649532505     0.005437969423021     0.021180878351194
15 13
    -0.186368420088212    -0.286267099730550     0.039378907344767
    -0.286267099730550    -0.562036079196034    -0.030863824836164
     0.039378907344767    -0.030863824836164     0.306168378351194
15 14
    -2.979000986478588    -0.000000000000000    -0.000000000000000
    -0.000000000000000     0.174330329999903     0.154598914367117
    -0.000000000000000     0.154598914367117     0.308686878351194
15 15
    19.000395915365175    -0.000000000000000     0.000000000000000
    -0.000000000000000    10.777028384407275     1.061000102796239
     0.000000000000000     1.061000102796239    28.810633378351238
15 16
    -0.186368420088212     0.286267099730550    -0.039378907344767
     0.286267099730550    -0.562036079196034    -0.030863824836164
    -0.039378907344767    -0.030863824836164     0.306168378351194
15 17
     0.078719221861866    -0.133803786196045    -0.037875309056424
    -0.133803786196045     0.077035140292784     0.095186119261000
    -0.037875309056424     0.095186119261000     0.093175378351194
15 18
     0.124449591146878     0.000000000000000     0.000000000000000
     0.000000000000000     0.025679037100972    -0.025701707907920
    -0.000000000000000    -0.025701707907920    -0.029675621648806
15 19
     0.072839918979997    -0.000000000000000     0.000000000000000
    -0.000000000000000    -0.057329154072916     0.022703653772725
    -0.000000000000000     0.022703653772725    -0.002998121648806
15 20
     0.078719221861866     0.133803786196045     0.037875309056424
     0.133803786196045     0.077035140292784     0.095186119261000
     0.037875309056424     0.095186119261000     0.093175378351194
15 21
    -4.579019373994604    -0.390678729570475     1.747808943815097
    -0.390678729570475    -1.769515276315259     0.046787979193951
     1.747808943815097     0.046787979193951    -2.966707621648802
15 22
     0.123148373509540     0.000000000000000     0.000000000000000
    -0.000000000000000    -0.105204998118733     0.112240257641507
    -0.000000000000000     0.112240257641507    -0.113554621648806
15 23
     0.175580524130710    -0.000000000000000     0.000000000000000
    -0.000000000000000     0.307462496767821     0.176473823399106
    -0.000000000000000     0.176473823399106    -0.014273621648806
15 24
    -4.579019373994604     0.390678729570475    -1.747808943815097
     0.390678729570475    -1.769515276315259     0.046787979193951
    -1.747808943815097     0.046787979193951    -2.966707621648802
15 25
    -0.364166423684554     0.014466746559977    -1.004524463890879
     0.036435446813573    -0.059018177087552    -0.438059394763196
    -1.100081756228680    -0.068778481016704    -1.377906121648807
15 26
    -0.001583036602790    -0.000000000000000    -0.000000000000000
    -0.000000000000000     0.018043689430722     0.037027371907643
    -0.000000000000000     0.086521556874638     0.091943628351194
15 27
    -0.172378345194009    -0.000000000000000    -0.000000000000000
    -0.000000000000000     0.049190560536131     0.089220583113605
    -0.000000000000000     0.020566571158345    -0.003835621648806
15 28
    -0.364166423684554    -0.014466746559977     1.004524463890879
    -0.036435446813573    -0.059018177087552    -0.438059394763196
     1.100081756228680    -0.068778481016704    -1.377906121648807
15 29
    -0.364166423684554     0.036435446813573     1.100081756228680
     0.014466746559977    -0.059018177087552     0.068778481016704
     1.004524463890879     0.438059394763196    -1.377906121648807
15 30
    -0.001583036602790     0.000000000000000    -0.000000000000000
    -0.000000000000000     0.018043689430722    -0.086521556874638
    -0.000000000000000    -0.037027371907643     0.091943628351194
15 31
    -0.172378345194009     0.000000000000000    -0.000000000000000
    -0.000000000000000     0.049190560536131    -0.020566571158345
    -0.000000000000000    -0.089220583113605    -0.003835621648806
15 32
    -0.364166423684554    -0.036435446813573    -1.100081756228680
    -0.014466746559977    -0.059018177087552     0.068778481016704
    -1.004524463890879     0.438059394763196    -1.377906121648807
15 33
    -0.015535807126718     0.022893762196428    -0.046318655061107
     0.019289189766456     0.018809712986487     0.053025129172715
     0.125557609103427    -0.087664954049332     0.084194380725278
15 34
     0.010626291565748     0.000000000000000     0.000000000000000
    -0.000000000000000    -0.020623101292446     0.030248013935430
     0.000000000000000     0.054556032062710    -0.012277834100188
15 35
     0.008336955276458    -0.000000000000000     0.000000000000000
     0.000000000000000    -0.065267847609468    -0.069694360479029
    -0.000000000000000    -0.059723676205768    -0.073491832763226
15 36
    -0.015535807126718    -0.022893762196428     0.046318655061107
    -0.019289189766456     0.018809712986487     0.053025129172715
    -0.125557609103427    -0.087664954049332     0.084194380725278
15 37
    -1.438193012840963    -0.957697251775987    -0.878032025909655
    -0.910015386732718    -0.874098728920349    -0.504137608306946
    -0.685890072630947    -0.493452671999501    -0.588604442964367
15 38
    -0.028608216541454     0.000000000000000    -0.000000000000000
    -0.000000000000000    -0.036397338049104    -0.013205847802014
    -0.000000000000000     0.108602886497552     0.016875891453639
15 39
    -0.406799284316694    -0.000000000000000    -0.000000000000000
     0.000000000000000    -2.311446074891506     0.880414755526842
    -0.000000000000000     0.715871818488275    -0.509671164574840
15 40
    -1.438193012840963     0.957697251775987     0.878032025909655
     0.910015386732718    -0.874098728920349    -0.504137608306946
     0.685890072630947    -0.493452671999501    -0.588604442964367
15 41
    -0.034833594228912     0.030752483852547    -0.043044880843088
     0.027068630080815     0.048542963962051    -0.063354303358971
    -0.038542144702033     0.059662701909714     0.057378824095308
15 42
     0.028150523953998    -0.000000000000000     0.000000000000000
     0.000000000000000    -0.087287166171740    -0.020589431880001
    -0.000000000000000    -0.048770098460911    -0.069640914599746
15 43
    -0.197150899433486     0.000000000000000     0.000000000000000
    -0.000000000000000    -0.091457172945363     0.370324074157455
    -0.000000000000000    -0.113447889627175    -0.114666828952131
15 44
    -0.034833594228912    -0.030752483852547     0.043044880843088
    -0.027068630080815     0.048542963962051    -0.063354303358971
     0.038542144702033     0.059662701909714     0.057378824095308
15 45
     0.026465168023148    -0.241152470388442     0.027566870952244
    -0.204082690017011     0.017419881374931     0.177395040472540
    -0.026641160734200    -0.004098995301013    -0.093030062718387
15 46
    -0.115105670142822    -0.000000000000000    -0.000000000000000
     0.000000000000000     0.112238057932572    -0.180389283383385
    -0.000000000000000     0.170842412094173    -0.088036397720684
15 47
    -0.125268705090838     0.000000000000000    -0.000000000000000
     0.000000000000000    -0.683864280920003    -1.470640865130467
     0.000000000000000    -1.575332584210497    -3.721474924256730
15 48
     0.026465168023148     0.241152470388442    -0.027566870952244
     0.204082690017011     0.017419881374931     0.177395040472540
     0.026641160734200    -0.004098995301013    -0.093030062718387
16 1
     0.464642562183544    -0.000000000000000    -0.000000000000000
     0.000000000000000     0.316824884047892    -0.189722906003190
    -0.000000000000000     0.189722906003190    -0.460955621648806
16 2
     0.059652469611877    -0.057540329325920    -0.023026931586494
    -0.057540329325920    -0.045169135301047     0.026612237223704
     0.023026931586494    -0.026612237223704    -0.065852621648806
16 3
     0.059652469611877     0.057540329325920     0.023026931586494
     0.057540329325920    -0.045169135301047     0.026612237223704
    -0.023026931586494    -0.026612237223704    -0.065852621648806
16 4
    -0.175887775674484    -0.000000000000000     0.000000000000000
    -0.000000000000000    -0.096539442495455     0.077668519822442
    -0.000000000000000    -0.077668519822442     0.438540378351194
16 5
     0.554791873038865    -0.000000000000000    -0.000000000000000
     0.000000000000000    -0.023462912744916     0.186060335602005
    -0.000000000000000    -0.186060335602005    -0.021591621648806
16 6
     0.050471341155927    -0.169944270727900     0.061514244577242
    -0.169944270727900    -0.047546216912047     0.008684986369810
    -0.061514244577242    -0.008684986369810    -0.308680621648806
16 7
     0.050471341155927     0.169944270727900    -0.061514244577242
     0.169944270727900    -0.047546216912047     0.008684986369810
     0.061514244577242    -0.008684986369810    -0.308680621648806
16 8
    -1.993178311167307    -0.000000000000000    -0.000000000000000
    -0.000000000000000    -1.588526204171655     0.249385349323725
    -0.000000000000000    -0.249385349323725   -11.992751621648823
16 9
    -0.264702969754296    -0.000000000000000     0.000000000000000
     0.000000000000000     0.053960041800149    -0.058126350055692
    -0.000000000000000    -0.058126350055692     0.020794878351194
16 10
    -0.109689037408070     0.004020362152530    -0.024476649532505
     0.004020362152530    -0.009334943338795     0.005437969423021
    -0.024476649532505     0.005437969423021     0.021180878351194
16 11
    -0.109689037408070    -0.004020362152530     0.024476649532505
    -0.004020362152530    -0.009334943338795     0.005437969423021
     0.024476649532505     0.005437969423021     0.021180878351194
16 12
    -0.176009162149807    -0.000000000000000    -0.000000000000000
    -0.000000000000000    -0.206727967422220    -0.203192496427498
    -0.000000000000000    -0.203192496427498    -0.113507121648806
16 13
    -2.979000986478588    -0.000000000000000    -0.000000000000000
     0.000000000000000     0.174330329999903     0.154598914367117
    -0.000000000000000     0.154598914367117     0.308686878351194
16 14
    -0.186368420088212    -0.286267099730550     0.039378907344767
    -0.286267099730550    -0.562036079196034    -0.030863824836164
     0.039378907344767    -0.030863824836164     0.306168378351194
16 15
    -0.186368420088212     0.286267099730550    -0.039378907344767
     0.286267099730550    -0.562036079196034    -0.030863824836164
    -0.039378907344767    -0.030863824836164     0.306168378351194
16 16
    19.000395915365175     0.000000000000000    -0.000000000000000
     0.000000000000000    10.777028384407275     1.061000102796238
    -0.000000000000000     1.061000102796238    28.810633378351238
16 17
     0.124449591146878    -0.000000000000000    -0.000000000000000
    -0.000000000000000     0.025679037100972    -0.025701707907920
    -0.000000000000000    -0.025701707907920    -0.029675621648806
16 18
     0.078719221861866    -0.133803786196045    -0.037875309056424
    -0.133803786196045     0.077035140292784     0.095186119261000
    -0.037875309056424     0.095186119261000     0.093175378351194
16 19
     0.078719221861866     0.133803786196045     0.037875309056424
     0.133803786196045     0.077035140292784     0.095186119261000
     0.037875309056424     0.095186119261000     0.093175378351194
16 20
     0.072839918979997    -0.000000000000000    -0.000000000000000
     0.000000000000000    -0.057329154072916     0.022703653772725
    -0.000000000000000     0.022703653772725    -0.002998121648806
16 21
     0.123148373509540    -0.000000000000000    -0.000000000000000
    -0.000000000000000    -0.105204998118733     0.112240257641507
    -0.000000000000000     0.112240257641507    -0.113554621648806
16 22
    -4.579019373994604    -0.390678729570475     1.747808943815097
    -0.390678729570475    -1.769515276315259     0.046787979193951
     1.747808943815097     0.046787979193951    -2.966707621648802
16 23
    -4.579019373994604     0.390678729570475    -1.747808943815097
     0.390678729570475    -1.769515276315259     0.046787979193951
    -1.747808943815097     0.046787979193951    -2.966707621648802
16 24
     0.175580524130710    -0.000000000000000    -0.000000000000000
     0.000000000000000     0.307462496767821     0.176473823399106
    -0.000000000000000     0.176473823399106    -0.014273621648806
16 25
    -0.001583036602790    -0.000000000000000     0.000000000000000
    -0.000000000000000     0.018043689430722     0.037027371907643
    -0.000000000000000     0.086521556874637     0.091943628351194
16 26
    -0.364166423684554     0.014466746559977    -1.004524463890879
     0.036435446813573    -0.059018177087552    -0.438059394763196
    -1.100081756228680    -0.068778481016704    -1.377906121648807
16 27
    -0.364166423684554    -0.014466746559977     1.004524463890879
    -0.036435446813573    -0.059018177087552    -0.438059394763196
     1.100081756228680    -0.068778481016704    -1.377906121648807
16 28
    -0.172378345194009    -0.000000000000000    -0.000000000000000
     0.000000000000000     0.049190560536131     0.089220583113605
    -0.000000000000000     0.020566571158345    -0.003835621648806
16 29
    -0.001583036602790    -0.000000000000000     0.000000000000000
    -0.000000000000000     0.018043689430722    -0.086521556874638
    -0.000000000000000    -0.037027371907643     0.091943628351194
16 30
    -0.364166423684554     0.036435446813573     1.100081756228680
     0.014466746559977    -0.059018177087552     0.068778481016704
     1.004524463890879     0.438059394763196    -1.377906121648807
16 31
    -0.364166423684554    -0.036435446813573    -1.100081756228680
    -0.014466746559977    -0.059018177087552     0.068778481016704
    -1.004524463890879     0.438059394763196    -1.377906121648807
16 32
    -0.172378345194009    -0.000000000000000     0.000000000000000
     0.000000000000000     0.049190560536131    -0.020566571158345
    -0.000000000000000    -0.089220583113605    -0.003835621648806
16 33
     0.010626291565748    -0.000000000000000    -0.000000000000000
    -0.000000000000000    -0.020623101292446     0.030248013935430
    -0.000000000000000     0.054556032062710    -0.012277834100188
16 34
    -0.015535807126718     0.022893762196428    -0.046318655061107
     0.019289189766456     0.018809712986487     0.053025129172715
     0.125557609103427    -0.087664954049332     0.084194380725278
16 35
    -0.015535807126718    -0.022893762196428     0.046318655061107
    -0.019289189766456     0.018809712986487     0.053025129172715
    -0.125557609103427    -0.087664954049332     0.084194380725278
16 36
     0.008336955276458     0.000000000000000    -0.000000000000000
     0.000000000000000    -0.065267847609468    -0.069694360479029
    -0.000000000000000    -0.059723676205768    -0.073491832763226
16 37
    -0.028608216541454    -0.000000000000000     0.000000000000000
    -0.000000000000000    -0.036397338049104    -0.013205847802014
    -0.000000000000000     0.108602886497552     0.016875891453639
16 38
    -1.438193012840963    -0.957697251775987    -0.878032025909655
    -0.910015386732718    -0.874098728920349    -0.504137608306946
    -0.685890072630947    -0.493452671999501    -0.588604442964367
16 39
    -1.438193012840963     0.957697251775987     0.878032025909655
     0.910015386732718    -0.874098728920349    -0.504137608306946
     0.685890072630947    -0.493452671999501    -0.588604442964367
16 40
    -0.406799284316694     0.000000000000000    -0.000000000000000
     0.000000000000000    -2.311446074891506     0.880414755526842
     0.000000000000000     0.715871818488275    -0.509671164574840
16 41
     0.028150523953998     0.000000000000000     0.000000000000000
     0.000000000000000    -0.087287166171741    -0.020589431880001
     0.000000000000000    -0.048770098460911    -0.069640914599746
16 42
    -0.034833594228912     0.030752483852547    -0.043044880843088
     0.027068630080815     0.048542963962051    -0.063354303358971
    -0.038542144702033     0.059662701909714     0.057378824095308
16 43
    -0.034833594228912    -0.030752483852547     0.043044880843088
    -0.027068630080815     0.048542963962051    -0.063354303358971
     0.038542144702033     0.059662701909714     0.057378824095308
16 44
    -0.197150899433486    -0.000000000000000    -0.000000000000000
    -0.000000000000000    -0.091457172945363     0.370324074157455
    -0.000000000000000    -0.113447889627175    -0.114666828952131
16 45
    -0.115105670142822     0.000000000000000    -0.000000000000000
     0.000000000000000     0.112238057932572    -0.180389283383385
    -0.000000000000000     0.170842412094173    -0.088036397720684
16 46
     0.026465168023148    -0.241152470388442     0.027566870952244
    -0.204082690017011     0.017419881374931     0.177395040472540
    -0.026641160734200    -0.004098995301013    -0.093030062718387
16 47
     0.026465168023148     0.241152470388442    -0.027566870952244
     0.204082690017011     0.017419881374931     0.177395040472540
     0.026641160734200    -0.004098995301013    -0.093030062718387
16 48
    -0.125268705090838    -0.000000000000000    -0.000000000000000
    -0.000000000000000    -0.683864280920003    -1.470640865130467
    -0.000000000000000    -1.575332584210497    -3.721474924256730
17 1
    -0.172378345194009    -0.000000000000000     0.000000000000000
     0.000000000000000     0.049190560536131    -0.020566571158345
    -0.000000000000000    -0.089220583113605    -0.003835621648806
17 2
    -0.364166423684554    -0.036435446813573    -1.100081756228680
    -0.014466746559977    -0.059018177087552     0.068778481016704
    -1.004524463890879     0.438059394763196    -1.377906121648807
17 3
    -0.364166423684554     0.036435446813573     1.100081756228680
     0.014466746559977    -0.059018177087552     0.068778481016704
     1.004524463890879     0.438059394763196    -1.377906121648807
17 4
    -0.001583036602790    -0.000000000000000     0.000000000000000
    -0.000000000000000     0.018043689430722    -0.086521556874638
     0.000000000000000    -0.037027371907643     0.091943628351194
17 5
    -0.172378345194009    -0.000000000000000    -0.000000000000000
     0.000000000000000     0.049190560536131     0.089220583113605
    -0.000000000000000     0.020566571158345    -0.003835621648806
17 6
    -0.364166423684554    -0.014466746559977     1.004524463890879
    -0.036435446813573    -0.059018177087552    -0.438059394763196
     1.100081756228680    -0.068778481016704    -1.377906121648807
17 7
    -0.364166423684554     0.014466746559977    -1.004524463890879
     0.036435446813573    -0.059018177087552    -0.438059394763196
    -1.100081756228680    -0.068778481016704    -1.377906121648807
17 8
    -0.001583036602790    -0.000000000000000     0.000000000000000
    -0.000000000000000     0.018043689430722     0.037027371907643
    -0.000000000000000     0.086521556874638     0.091943628351194
17 9
     0.175580524130710    -0.000000000000000     0.000000000000000
     0.000000000000000     0.307462496767821     0.176473823399106
     0.000000000000000     0.176473823399106    -0.014273621648806
17 10
    -4.579019373994604     0.390678729570475    -1.747808943815097
     0.390678729570475    -1.769515276315259     0.046787979193951
    -1.747808943815097     0.046787979193951    -2.966707621648802
17 11
    -4.579019373994604    -0.390678729570475     1.747808943815097
    -0.390678729570475    -1.769515276315259     0.046787979193951
     1.747808943815097     0.046787979193951    -2.966707621648802
17 12
     0.123148373509540    -0.000000000000000     0.000000000000000
    -0.000000000000000    -0.105204998118733     0.112240257641507
    -0.000000000000000     0.112240257641507    -0.113554621648806
17 13
     0.072839918979998    -0.000000000000000     0.000000000000000
     0.000000000000000    -0.057329154072916     0.022703653772725
    -0.000000000000000     0.022703653772725    -0.002998121648806
17 14
     0.078719221861866     0.133803786196045     0.037875309056424
     0.133803786196045     0.077035140292784     0.095186119261000
     0.037875309056424     0.095186119261000     0.093175378351194
17 15
     0.078719221861866    -0.133803786196045    -0.037875309056424
    -0.133803786196045     0.077035140292784     0.095186119261000
    -0.037875309056424     0.095186119261000     0.093175378351194
17 16
     0.124449591146878    -0.000000000000000    -0.000000000000000
    -0.000000000000000     0.025679037100972    -0.025701707907920
    -0.000000000000000    -0.025701707907920    -0.029675621648806
17 17
    19.000395915365161     0.000000000000000     0.000000000000000
     0.000000000000000    10.777028384407281     1.061000102796239
     0.000000000000000     1.061000102796239    28.810633378351241
17 18
    -0.186368420088212     0.286267099730550    -0.039378907344767
     0.286267099730550    -0.562036079196034    -0.030863824836164
    -0.039378907344767    -0.030863824836164     0.306168378351194
17 19
    -0.186368420088212    -0.286267099730550     0.039378907344767
    -0.286267099730550    -0.562036079196034    -0.030863824836164
     0.039378907344767    -0.030863824836164     0.306168378351194
17 20
    -2.979000986478588    -0.000000000000000    -0.000000000000000
     0.000000000000000     0.174330329999903     0.154598914367117
     0.000000000000000     0.154598914367117     0.308686878351194
17 21
    -0.176009162149806    -0.000000000000000    -0.000000000000000
    -0.000000000000000    -0.206727967422220    -0.203192496427498
    -0.000000000000000    -0.203192496427498    -0.113507121648806
17 22
    -0.109689037408070    -0.004020362152530     0.024476649532505
    -0.004020362152530    -0.009334943338795     0.005437969423021
     0.024476649532505     0.005437969423021     0.021180878351194
17 23
    -0.109689037408070     0.004020362152530    -0.024476649532505
     0.004020362152530    -0.009334943338795     0.005437969423021
    -0.024476649532505     0.005437969423021     0.021180878351194
17 24
    -0.264702969754296    -0.000000000000000     0.000000000000000
     0.000000000000000     0.053960041800149    -0.058126350055692
    -0.000000000000000    -0.058126350055692     0.020794878351194
17 25
    -1.993178311167307    -0.000000000000000     0.000000000000000
    -0.000000000000000    -1.588526204171655     0.249385349323725
    -0.000000000000000    -0.249385349323725   -11.992751621648823
17 26
     0.050471341155927     0.169944270727900    -0.061514244577242
     0.169944270727900    -0.047546216912048     0.008684986369810
     0.061514244577242    -0.008684986369810    -0.308680621648806
17 27
     0.050471341155927    -0.169944270727900     0.061514244577242
    -0.169944270727900    -0.047546216912048     0.008684986369810
    -0.061514244577242    -0.008684986369810    -0.308680621648806
17 28
     0.554791873038865    -0.000000000000000     0.000000000000000
     0.000000000000000    -0.023462912744916     0.186060335602005
    -0.000000000000000    -0.186060335602005    -0.021591621648806
17 29
    -0.175887775674484    -0.000000000000000     0.000000000000000
    -0.000000000000000    -0.096539442495455     0.077668519822442
    -0.000000000000000    -0.077668519822442     0.438540378351194
17 30
     0.059652469611877     0.057540329325920     0.023026931586494
     0.057540329325920    -0.045169135301047     0.026612237223704
    -0.023026931586494    -0.026612237223704    -0.065852621648806
17 31
     0.059652469611877    -0.057540329325920    -0.023026931586494
    -0.057540329325920    -0.045169135301047     0.026612237223704
     0.023026931586494    -0.026612237223704    -0.065852621648806
17 32
     0.464642562183544    -0.000000000000000     0.000000000000000
     0.000000000000000     0.316824884047892    -0.189722906003190
    -0.000000000000000     0.189722906003190    -0.460955621648806
17 33
    -0.125268705090838    -0.000000000000000    -0.000000000000000
    -0.000000000000000    -0.683864280920003    -1.470640865130467
    -0.000000000000000    -1.575332584210497    -3.721474924256730
17 34
     0.026465168023148     0.241152470388442    -0.027566870952244
     0.204082690017011     0.017419881374930     0.177395040472540
     0.026641160734200    -0.004098995301013    -0.093030062718388
17 35
     0.026465168023148    -0.241152470388442     0.027566870952244
    -0.204082690017011     0.017419881374930     0.177395040472540
    -0.026641160734200    -0.004098995301013    -0.093030062718388
17 36
    -0.115105670142822     0.000000000000000     0.000000000000000
     0.000000000000000     0.112238057932572    -0.180389283383385
    -0.000000000000000     0.170842412094173    -0.088036397720684
17 37
    -0.197150899433486    -0.000000000000000     0.000000000000000
    -0.000000000000000    -0.091457172945363     0.370324074157455
     0.000000000000000    -0.113447889627175    -0.114666828952131
17 38
    -0.034833594228912    -0.030752483852547     0.043044880843088
    -0.027068630080815     0.048542963962051    -0.063354303358971
     0.038542144702033     0.059662701909714     0.057378824095308
17 39
    -0.034833594228912     0.030752483852547    -0.043044880843088
     0.027068630080815     0.048542963962051    -0.063354303358971
    -0.038542144702033     0.059662701909714     0.057378824095308
17 40
     0.028150523953998     0.000000000000000     0.000000000000000
     0.000000000000000    -0.087287166171741    -0.020589431880001
     0.000000000000000    -0.048770098460911    -0.069640914599746
17 41
    -0.406799284316694     0.000000000000000     0.000000000000000
     0.000000000000000    -2.311446074891507     0.880414755526842
     0.000000000000000     0.715871818488275    -0.509671164574840
17 42
    -1.438193012840963     0.957697251775987     0.878032025909655
     0.910015386732718    -0.874098728920349    -0.504137608306946
     0.685890072630947    -0.493452671999501    -0.588604442964367
17 43
    -1.438193012840963    -0.957697251775987    -0.878032025909655
    -0.910015386732718    -0.874098728920349    -0.504137608306946
    -0.685890072630947    -0.493452671999501    -0.588604442964367
17 44
    -0.028608216541454    -0.000000000000000    -0.000000000000000
    -0.000000000000000    -0.036397338049103    -0.013205847802014
    -0.000000000000000     0.108602886497552     0.016875891453639
17 45
     0.008336955276458     0.000000000000000     0.000000000000000
     0.000000000000000    -0.065267847609468    -0.069694360479029
    -0.000000000000000    -0.059723676205768    -0.073491832763226
17 46
    -0.015535807126718    -0.022893762196428     0.046318655061107
    -0.019289189766456     0.018809712986487     0.053025129172715
    -0.125557609103427    -0.087664954049332     0.084194380725278
17 47
    -0.015535807126718     0.022893762196428    -0.046318655061107
     0.019289189766456     0.018809712986487     0.053025129172715
     0.125557609103427    -0.087664954049332     0.084194380725278
17 48
     0.010626291565748    -0.000000000000000     0.000000000000000
    -0.000000000000000    -0.020623101292446     0.030248013935430
     0.000000000000000     0.054556032062710    -0.012277834100188
18 1
    -0.364166423684554    -0.036435446813573    -1.100081756228680
    -0.014466746559977    -0.059018177087552     0.068778481016704
    -1.004524463890879     0.438059394763196    -1.377906121648807
18 2
    -0.172378345194009     0.000000000000000     0.000000000000000
     0.000000000000000     0.049190560536131    -0.020566571158345
     0.000000000000000    -0.089220583113605    -0.003835621648806
18 3
    -0.001583036602790     0.000000000000000     0.000000000000000
     0.000000000000000     0.018043689430722    -0.086521556874638
     0.000000000000000    -0.037027371907643     0.091943628351194
18 4
    -0.364166423684554     0.036435446813573     1.100081756228680
     0.014466746559977    -0.059018177087552     0.068778481016704
     1.004524463890879     0.438059394763196    -1.377906121648807
18 5
    -0.364166423684554    -0.014466746559977     1.004524463890879
    -0.036435446813573    -0.059018177087552    -0.438059394763196
     1.100081756228680    -0.068778481016704    -1.377906121648807
18 6
    -0.172378345194009     0.000000000000000     0.000000000000000
     0.000000000000000     0.049190560536131     0.089220583113605
     0.000000000000000     0.020566571158345    -0.003835621648806
18 7
    -0.001583036602790    -0.000000000000000     0.000000000000000
     0.000000000000000     0.018043689430722     0.037027371907643
     0.000000000000000     0.086521556874638     0.091943628351194
18 8
    -0.364166423684554     0.014466746559977    -1.004524463890879
     0.036435446813573    -0.059018177087552    -0.438059394763196
    -1.100081756228680    -0.068778481016704    -1.377906121648807
18 9
    -4.579019373994604     0.390678729570475    -1.747808943815097
     0.390678729570475    -1.769515276315259     0.046787979193951
    -1.747808943815097     0.046787979193951    -2.966707621648802
18 10
     0.175580524130710     0.000000000000000    -0.000000000000000
    -0.000000000000000     0.307462496767821     0.176473823399106
     0.000000000000000     0.176473823399106    -0.014273621648806
18 11
     0.123148373509540     0.000000000000000    -0.000000000000000
     0.000000000000000    -0.105204998118733     0.112240257641507
     0.000000000000000     0.112240257641507    -0.113554621648806
18 12
    -4.579019373994604    -0.390678729570475     1.747808943815097
    -0.390678729570475    -1.769515276315259     0.046787979193951
     1.747808943815097     0.046787979193951    -2.966707621648802
18 13
     0.078719221861866     0.133803786196045     0.037875309056424
     0.133803786196045     0.077035140292784     0.095186119261000
     0.037875309056424     0.095186119261000     0.093175378351194
18 14
     0.072839918979998     0.000000000000000    -0.000000000000000
     0.000000000000000    -0.057329154072916     0.022703653772725
     0.000000000000000     0.022703653772725    -0.002998121648806
18 15
     0.124449591146878     0.000000000000000    -0.000000000000000
     0.000000000000000     0.025679037100972    -0.025701707907920
     0.000000000000000    -0.025701707907920    -0.029675621648806
18 16
     0.078719221861866    -0.133803786196045    -0.037875309056424
    -0.133803786196045     0.077035140292784     0.095186119261000
    -0.037875309056424     0.095186119261000     0.093175378351194
18 17
    -0.186368420088212     0.286267099730550    -0.039378907344767
     0.286267099730550    -0.562036079196034    -0.030863824836164
    -0.039378907344767    -0.030863824836164     0.306168378351194
18 18
    19.000395915365164    -0.000000000000000     0.000000000000000
    -0.000000000000000    10.777028384407281     1.061000102796239
     0.000000000000000     1.061000102796239    28.810633378351238
18 19
    -2.979000986478588    -0.000000000000000     0.000000000000000
    -0.000000000000000     0.174330329999903     0.154598914367117
     0.000000000000000     0.154598914367117     0.308686878351194
18 20
    -0.186368420088212    -0.286267099730550     0.039378907344767
    -0.286267099730550    -0.562036079196034    -0.030863824836164
     0.039378907344767    -0.030863824836164     0.306168378351194
18 21
    -0.109689037408070    -0.004020362152530     0.024476649532505
    -0.004020362152530    -0.009334943338796     0.005437969423021
     0.024476649532505     0.005437969423021     0.021180878351194
18 22
    -0.176009162149806     0.000000000000000     0.000000000000000
     0.000000000000000    -0.206727967422220    -0.203192496427498
     0.000000000000000    -0.203192496427498    -0.113507121648806
18 23
    -0.264702969754296     0.000000000000000     0.000000000000000
     0.000000000000000     0.053960041800149    -0.058126350055692
     0.000000000000000    -0.058126350055692     0.020794878351194
18 24
    -0.109689037408070     0.004020362152530    -0.024476649532505
     0.004020362152530    -0.009334943338796     0.005437969423021
    -0.024476649532505     0.005437969423021     0.021180878351194
18 25
     0.050471341155927     0.169944270727900    -0.061514244577242
     0.169944270727900    -0.047546216912048     0.008684986369810
     0.061514244577242    -0.008684986369810    -0.308680621648806
18 26
    -1.993178311167307     0.000000000000000    -0.000000000000000
     0.000000000000000    -1.588526204171655     0.249385349323725
     0.000000000000000    -0.249385349323725   -11.992751621648823
18 27
     0.554791873038865     0.000000000000000    -0.000000000000000
     0.000000000000000    -0.023462912744916     0.186060335602005
     0.000000000000000    -0.186060335602005    -0.021591621648806
18 28
     0.050471341155927    -0.169944270727900     0.061514244577242
    -0.169944270727900    -0.047546216912048     0.008684986369810
    -0.061514244577242    -0.008684986369810    -0.308680621648806
18 29
     0.059652469611877     0.057540329325920     0.023026931586494
     0.057540329325920    -0.045169135301047     0.026612237223704
    -0.023026931586494    -0.026612237223704    -0.065852621648806
18 30
    -0.175887775674484     0.000000000000000    -0.000000000000000
     0.000000000000000    -0.096539442495455     0.077668519822442
     0.000000000000000    -0.077668519822442     0.438540378351194
18 31
     0.464642562183544     0.000000000000000    -0.000000000000000
     0.000000000000000     0.316824884047892    -0.189722906003190
     0.000000000000000     0.189722906003190    -0.460955621648806
18 32
     0.059652469611877    -0.057540329325920    -0.023026931586494
    -0.057540329325920    -0.045169135301047     0.026612237223704
     0.023026931586494    -0.026612237223704    -0.065852621648806
18 33
     0.026465168023148     0.241152470388442    -0.027566870952244
     0.204082690017011     0.017419881374930     0.177395040472540
     0.026641160734200    -0.004098995301013    -0.093030062718388
18 34
    -0.125268705090837     0.000000000000000     0.000000000000000
    -0.000000000000000    -0.683864280920003    -1.470640865130467
     0.000000000000000    -1.575332584210497    -3.721474924256730
18 35
    -0.115105670142822    -0.000000000000000     0.000000000000000
     0.000000000000000     0.112238057932572    -0.180389283383385
     0.000000000000000     0.170842412094173    -0.088036397720684
18 36
     0.026465168023148    -0.241152470388442     0.027566870952244
    -0.204082690017011     0.017419881374930     0.177395040472540
    -0.026641160734200    -0.004098995301013    -0.093030062718387
18 37
    -0.034833594228912    -0.030752483852547     0.043044880843088
    -0.027068630080815     0.048542963962051    -0.063354303358971
     0.038542144702033     0.059662701909714     0.057378824095308
18 38
    -0.197150899433486     0.000000000000000    -0.000000000000000
     0.000000000000000    -0.091457172945363     0.370324074157455
    -0.000000000000000    -0.113447889627175    -0.114666828952131
18 39
     0.028150523953998    -0.000000000000000    -0.000000000000000
     0.000000000000000    -0.087287166171741    -0.020589431880001
     0.000000000000000    -0.048770098460911    -0.069640914599746
18 40
    -0.034833594228912     0.030752483852547    -0.043044880843088
     0.027068630080815     0.048542963962051    -0.063354303358971
    -0.038542144702033     0.059662701909714     0.057378824095308
18 41
    -1.438193012840963     0.957697251775987     0.878032025909655
     0.910015386732718    -0.874098728920349    -0.504137608306946
     0.685890072630947    -0.493452671999501    -0.588604442964367
18 42
    -0.406799284316694    -0.000000000000000     0.000000000000000
     0.000000000000000    -2.311446074891506     0.880414755526842
     0.000000000000000     0.715871818488275    -0.509671164574840
18 43
    -0.028608216541454     0.000000000000000     0.000000000000000
     0.000000000000000    -0.036397338049104    -0.013205847802014
     0.000000000000000     0.108602886497552     0.016875891453639
18 44
    -1.438193012840963    -0.957697251775987    -0.878032025909655
    -0.910015386732718    -0.874098728920349    -0.504137608306946
    -0.685890072630947    -0.493452671999501    -0.588604442964367
18 45
    -0.015535807126718    -0.022893762196428     0.046318655061107
    -0.019289189766456     0.018809712986487     0.053025129172715
    -0.125557609103427    -0.087664954049332     0.084194380725278
18 46
     0.008336955276458    -0.000000000000000    -0.000000000000000
     0.000000000000000    -0.065267847609468    -0.069694360479029
     0.000000000000000    -0.059723676205768    -0.073491832763226
18 47
     0.010626291565748     0.000000000000000    -0.000000000000000
     0.000000000000000    -0.020623101292446     0.030248013935430
     0.000000000000000     0.054556032062710    -0.012277834100188
18 48
    -0.015535807126717     0.022893762196428    -0.046318655061107
     0.019289189766456     0.018809712986487     0.053025129172715
     0.125557609103427    -0.087664954049332     0.084194380725278
19 1
    -0.364166423684554     0.036435446813573     1.100081756228680
     0.014466746559977    -0.059018177087552     0.068778481016704
     1.004524463890879     0.438059394763196    -1.377906121648807
19 2
    -0.001583036602790    -0.000000000000000     0.000000000000000
    -0.000000000000000     0.018043689430722    -0.086521556874638
     0.000000000000000    -0.037027371907643     0.091943628351194
19 3
    -0.172378345194009    -0.000000000000000     0.000000000000000
    -0.000000000000000     0.049190560536131    -0.020566571158345
     0.000000000000000    -0.089220583113605    -0.003835621648806
19 4
    -0.364166423684554    -0.036435446813573    -1.100081756228680
    -0.014466746559977    -0.059018177087552     0.068778481016704
    -1.004524463890879     0.438059394763196    -1.377906121648807
19 5
    -0.364166423684554     0.014466746559977    -1.004524463890879
     0.036435446813573    -0.059018177087552    -0.438059394763196
    -1.100081756228680    -0.068778481016704    -1.377906121648807
19 6
    -0.001583036602790    -0.000000000000000     0.000000000000000
    -0.000000000000000     0.018043689430722     0.037027371907643
     0.000000000000000     0.086521556874638     0.091943628351194
19 7
    -0.172378345194009    -0.000000000000000     0.000000000000000
    -0.000000000000000     0.049190560536131     0.089220583113605
     0.000000000000000     0.020566571158345    -0.003835621648806
19 8
    -0.364166423684554    -0.014466746559977     1.004524463890879
    -0.036435446813573    -0.059018177087552    -0.438059394763196
     1.100081756228680    -0.068778481016704    -1.377906121648807
19 9
    -4.579019373994604    -0.390678729570475     1.747808943815097
    -0.390678729570475    -1.769515276315259     0.046787979193951
     1.747808943815097     0.046787979193951    -2.966707621648802
19 10
     0.123148373509540    -0.000000000000000    -0.000000000000000
    -0.000000000000000    -0.105204998118733     0.112240257641507
     0.000000000000000     0.112240257641507    -0.113554621648806
19 11
     0.175580524130710    -0.000000000000000    -0.000000000000000
    -0.000000000000000     0.307462496767821     0.176473823399106
     0.000000000000000     0.176473823399106    -0.014273621648806
19 12
    -4.579019373994604     0.390678729570475    -1.747808943815097
     0.390678729570475    -1.769515276315259     0.046787979193951
    -1.747808943815097     0.046787979193951    -2.966707621648802
19 13
     0.078719221861866    -0.133803786196045    -0.037875309056424
    -0.133803786196045     0.077035140292784     0.095186119261000
    -0.037875309056424     0.095186119261000     0.093175378351194
19 14
     0.124449591146878    -0.000000000000000    -0.000000000000000
    -0.000000000000000     0.025679037100972    -0.025701707907920
     0.000000000000000    -0.025701707907920    -0.029675621648806
19 15
     0.072839918979997    -0.000000000000000    -0.000000000000000
    -0.000000000000000    -0.057329154072916     0.022703653772725
     0.000000000000000     0.022703653772725    -0.002998121648806
19 16
     0.078719221861866     0.133803786196045     0.037875309056424
     0.133803786196045     0.077035140292784     0.095186119261000
     0.037875309056424     0.095186119261000     0.093175378351194
19 17
    -0.186368420088212    -0.286267099730550     0.039378907344767
    -0.286267099730550    -0.562036079196034    -0.030863824836164
     0.039378907344767    -0.030863824836164     0.306168378351194
19 18
    -2.979000986478588    -0.000000000000000     0.000000000000000
    -0.000000000000000     0.174330329999903     0.154598914367117
     0.000000000000000     0.154598914367117     0.308686878351194
19 19
    19.000395915365164     0.000000000000000     0.000000000000000
     0.000000000000000    10.777028384407279     1.061000102796239
     0.000000000000000     1.061000102796239    28.810633378351238
19 20
    -0.186368420088212     0.286267099730550    -0.039378907344767
     0.286267099730550    -0.562036079196034    -0.030863824836164
    -0.039378907344767    -0.030863824836164     0.306168378351194
19 21
    -0.109689037408070     0.004020362152530    -0.024476649532505
     0.004020362152530    -0.009334943338796     0.005437969423021
    -0.024476649532505     0.005437969423021     0.021180878351194
19 22
    -0.264702969754296    -0.000000000000000     0.000000000000000
    -0.000000000000000     0.053960041800149    -0.058126350055692
     0.000000000000000    -0.058126350055692     0.020794878351194
19 23
    -0.176009162149806    -0.000000000000000     0.000000000000000
    -0.000000000000000    -0.206727967422220    -0.203192496427498
     0.000000000000000    -0.203192496427498    -0.113507121648806
19 24
    -0.109689037408070    -0.004020362152530     0.024476649532505
    -0.004020362152530    -0.009334943338796     0.005437969423021
     0.024476649532505     0.005437969423021     0.021180878351194
19 25
     0.050471341155927    -0.169944270727900     0.061514244577242
    -0.169944270727900    -0.047546216912048     0.008684986369810
    -0.061514244577242    -0.008684986369810    -0.308680621648806
19 26
     0.554791873038865    -0.000000000000000    -0.000000000000000
    -0.000000000000000    -0.023462912744916     0.186060335602005
     0.000000000000000    -0.186060335602005    -0.021591621648806
19 27
    -1.993178311167307    -0.000000000000000    -0.000000000000000
    -0.000000000000000    -1.588526204171655     0.249385349323725
     0.000000000000000    -0.249385349323725   -11.992751621648823
19 28
     0.050471341155927     0.169944270727900    -0.061514244577242
     0.169944270727900    -0.047546216912048     0.008684986369810
     0.061514244577242    -0.008684986369810    -0.308680621648806
19 29
     0.059652469611877    -0.057540329325920    -0.023026931586494
    -0.057540329325920    -0.045169135301047     0.026612237223704
     0.023026931586494    -0.026612237223704    -0.065852621648806
19 30
     0.464642562183544    -0.000000000000000    -0.000000000000000
    -0.000000000000000     0.316824884047892    -0.189722906003190
     0.000000000000000     0.189722906003190    -0.460955621648806
19 31
    -0.175887775674484    -0.000000000000000    -0.000000000000000
    -0.000000000000000    -0.096539442495455     0.077668519822442
     0.000000000000000    -0.077668519822442     0.438540378351194
19 32
     0.059652469611877     0.057540329325920     0.023026931586494
     0.057540329325920    -0.045169135301047     0.026612237223704
    -0.023026931586494    -0.026612237223704    -0.065852621648806
19 33
     0.026465168023148    -0.241152470388442     0.027566870952244
    -0.204082690017011     0.017419881374930     0.177395040472540
    -0.026641160734200    -0.004098995301013    -0.093030062718388
19 34
    -0.115105670142822    -0.000000000000000     0.000000000000000
    -0.000000000000000     0.112238057932572    -0.180389283383385
     0.000000000000000     0.170842412094173    -0.088036397720684
19 35
    -0.125268705090838    -0.000000000000000     0.000000000000000
    -0.000000000000000    -0.683864280920003    -1.470640865130467
     0.000000000000000    -1.575332584210497    -3.721474924256730
19 36
     0.026465168023148     0.241152470388442    -0.027566870952244
     0.204082690017011     0.017419881374930     0.177395040472540
     0.026641160734200    -0.004098995301013    -0.093030062718388
19 37
    -0.034833594228912     0.030752483852547    -0.043044880843088
     0.027068630080815     0.048542963962051    -0.063354303358971
    -0.038542144702033     0.059662701909714     0.057378824095308
19 38
     0.028150523953998    -0.000000000000000    -0.000000000000000
    -0.000000000000000    -0.087287166171741    -0.020589431880001
    -0.000000000000000    -0.048770098460911    -0.069640914599746
19 39
    -0.197150899433486    -0.000000000000000    -0.000000000000000
    -0.000000000000000    -0.091457172945363     0.370324074157455
     0.000000000000000    -0.113447889627175    -0.114666828952131
19 40
    -0.034833594228912    -0.030752483852547     0.043044880843088
    -0.027068630080815     0.048542963962051    -0.063354303358971
     0.038542144702033     0.059662701909714     0.057378824095308
19 41
    -1.438193012840963    -0.957697251775987    -0.878032025909655
    -0.910015386732718    -0.874098728920349    -0.504137608306946
    -0.685890072630947    -0.493452671999501    -0.588604442964367
19 42
    -0.028608216541454    -0.000000000000000     0.000000000000000
     0.000000000000000    -0.036397338049103    -0.013205847802014
     0.000000000000000     0.108602886497552     0.016875891453639
19 43
    -0.406799284316694    -0.000000000000000     0.000000000000000
    -0.000000000000000    -2.311446074891507     0.880414755526842
     0.000000000000000     0.715871818488275    -0.509671164574840
19 44
    -1.438193012840963     0.957697251775987     0.878032025909655
     0.910015386732718    -0.874098728920349    -0.504137608306946
     0.685890072630947    -0.493452671999501    -0.588604442964367
19 45
    -0.015535807126718     0.022893762196428    -0.046318655061107
     0.019289189766456     0.018809712986487     0.053025129172715
     0.125557609103427    -0.087664954049332     0.084194380725278
19 46
     0.010626291565748    -0.000000000000000    -0.000000000000000
     0.000000000000000    -0.020623101292446     0.030248013935430
     0.000000000000000     0.054556032062710    -0.012277834100188
19 47
     0.008336955276458    -0.000000000000000    -0.000000000000000
    -0.000000000000000    -0.065267847609468    -0.069694360479029
     0.000000000000000    -0.059723676205768    -0.073491832763226
19 48
    -0.015535807126718    -0.022893762196428     0.046318655061107
    -0.019289189766456     0.018809712986487     0.053025129172715
    -0.125557609103427    -0.087664954049332     0.084194380725278
20 1
    -0.001583036602790     0.000000000000000     0.000000000000000
     0.000000000000000     0.018043689430721    -0.086521556874637
    -0.000000000000000    -0.037027371907644     0.091943628351194
20 2
    -0.364166423684554     0.036435446813573     1.100081756228680
     0.014466746559977    -0.059018177087552     0.068778481016704
     1.004524463890879     0.438059394763196    -1.377906121648807
20 3
    -0.364166423684554    -0.036435446813573    -1.100081756228680
    -0.014466746559977    -0.059018177087552     0.068778481016704
    -1.004524463890879     0.438059394763196    -1.377906121648807
20 4
    -0.172378345194009     0.000000000000000     0.000000000000000
    -0.000000000000000     0.049190560536131    -0.020566571158345
    -0.000000000000000    -0.089220583113605    -0.003835621648806
20 5
    -0.001583036602790     0.000000000000000    -0.000000000000000
     0.000000000000000     0.018043689430722     0.037027371907643
    -0.000000000000000     0.086521556874637     0.091943628351194
20 6
    -0.364166423684554     0.014466746559977    -1.004524463890879
     0.036435446813573    -0.059018177087552    -0.438059394763196
    -1.100081756228680    -0.068778481016704    -1.377906121648807
20 7
    -0.364166423684554    -0.014466746559977     1.004524463890879
    -0.036435446813573    -0.059018177087552    -0.438059394763196
     1.100081756228680    -0.068778481016704    -1.377906121648807
20 8
    -0.172378345194009     0.000000000000000     0.000000000000000
    -0.000000000000000     0.049190560536131     0.089220583113605
    -0.000000000000000     0.020566571158345    -0.003835621648806
20 9
     0.123148373509540     0.000000000000000     0.000000000000000
     0.000000000000000    -0.105204998118733     0.112240257641507
    -0.000000000000000     0.112240257641507    -0.113554621648806
20 10
    -4.579019373994604    -0.390678729570475     1.747808943815097
    -0.390678729570475    -1.769515276315259     0.046787979193951
     1.747808943815097     0.046787979193951    -2.966707621648802
20 11
    -4.579019373994604     0.390678729570475    -1.747808943815097
     0.390678729570475    -1.769515276315259     0.046787979193951
    -1.747808943815097     0.046787979193951    -2.966707621648802
20 12
     0.175580524130710     0.000000000000000     0.000000000000000
    -0.000000000000000     0.307462496767821     0.176473823399106
    -0.000000000000000     0.176473823399106    -0.014273621648806
20 13
     0.124449591146878     0.000000000000000     0.000000000000000
     0.000000000000000     0.025679037100972    -0.025701707907920
    -0.000000000000000    -0.025701707907920    -0.029675621648806
20 14
     0.078719221861866    -0.133803786196045    -0.037875309056424
    -0.133803786196045     0.077035140292784     0.095186119261000
    -0.037875309056424     0.095186119261000     0.093175378351194
20 15
     0.078719221861866     0.133803786196045     0.037875309056424
     0.133803786196045     0.077035140292784     0.095186119261000
     0.037875309056424     0.095186119261000     0.093175378351194
20 16
     0.072839918979997     0.000000000000000    -0.000000000000000
    -0.000000000000000    -0.057329154072916     0.022703653772725
    -0.000000000000000     0.022703653772725    -0.002998121648806
20 17
    -2.979000986478588     0.000000000000000     0.000000000000000
    -0.000000000000000     0.174330329999903     0.154598914367117
    -0.000000000000000     0.154598914367117     0.308686878351194
20 18
    -0.186368420088212    -0.286267099730550     0.039378907344767
    -0.286267099730550    -0.562036079196034    -0.030863824836164
     0.039378907344767    -0.030863824836164     0.306168378351194
20 19
    -0.186368420088212     0.286267099730550    -0.039378907344767
     0.286267099730550    -0.562036079196034    -0.030863824836164
    -0.039378907344767    -0.030863824836164     0.306168378351194
20 20
    19.000395915365168     0.000000000000000    -0.000000000000000
     0.000000000000000    10.777028384407279     1.061000102796239
    -0.000000000000000     1.061000102796239    28.810633378351238
20 21
    -0.264702969754296     0.000000000000000    -0.000000000000000
    -0.000000000000000     0.053960041800149    -0.058126350055692
    -0.000000000000000    -0.058126350055692     0.020794878351194
20 22
    -0.109689037408070     0.004020362152530    -0.024476649532505
     0.004020362152530    -0.009334943338796     0.005437969423021
    -0.024476649532505     0.005437969423021     0.021180878351194
20 23
    -0.109689037408070    -0.004020362152530     0.024476649532505
    -0.004020362152530    -0.009334943338796     0.005437969423021
     0.024476649532505     0.005437969423021     0.021180878351194
20 24
    -0.176009162149806     0.000000000000000     0.000000000000000
     0.000000000000000    -0.206727967422220    -0.203192496427498
    -0.000000000000000    -0.203192496427498    -0.113507121648806
20 25
     0.554791873038865     0.000000000000000     0.000000000000000
    -0.000000000000000    -0.023462912744916     0.186060335602005
    -0.000000000000000    -0.186060335602005    -0.021591621648806
20 26
     0.050471341155927    -0.169944270727900     0.061514244577242
    -0.169944270727900    -0.047546216912048     0.008684986369810
    -0.061514244577242    -0.008684986369810    -0.308680621648806
20 27
     0.050471341155927     0.169944270727900    -0.061514244577242
     0.169944270727900    -0.047546216912048     0.008684986369810
     0.061514244577242    -0.008684986369810    -0.308680621648806
20 28
    -1.993178311167307     0.000000000000000     0.000000000000000
     0.000000000000000    -1.588526204171655     0.249385349323725
    -0.000000000000000    -0.249385349323725   -11.992751621648823
20 29
     0.464642562183544     0.000000000000000     0.000000000000000
    -0.000000000000000     0.316824884047892    -0.189722906003190
    -0.000000000000000     0.189722906003190    -0.460955621648806
20 30
     0.059652469611877    -0.057540329325920    -0.023026931586494
    -0.057540329325920    -0.045169135301047     0.026612237223704
     0.023026931586494    -0.026612237223704    -0.065852621648806
20 31
     0.059652469611877     0.057540329325920     0.023026931586494
     0.057540329325920    -0.045169135301047     0.026612237223704
    -0.023026931586494    -0.026612237223704    -0.065852621648806
20 32
    -0.175887775674484     0.000000000000000     0.000000000000000
     0.000000000000000    -0.096539442495455     0.077668519822442
    -0.000000000000000    -0.077668519822442     0.438540378351194
20 33
    -0.115105670142822    -0.000000000000000    -0.000000000000000
    -0.000000000000000     0.112238057932572    -0.180389283383385
    -0.000000000000000     0.170842412094173    -0.088036397720684
20 34
     0.026465168023148    -0.241152470388442     0.027566870952244
    -0.204082690017011     0.017419881374930     0.177395040472540
    -0.026641160734200    -0.004098995301013    -0.093030062718388
20 35
     0.026465168023148     0.241152470388442    -0.027566870952244
     0.204082690017011     0.017419881374930     0.177395040472540
     0.026641160734200    -0.004098995301013    -0.093030062718388
20 36
    -0.125268705090838     0.000000000000000     0.000000000000000
     0.000000000000000    -0.683864280920003    -1.470640865130467
    -0.000000000000000    -1.575332584210497    -3.721474924256730
20 37
     0.028150523953998    -0.000000000000000     0.000000000000000
    -0.000000000000000    -0.087287166171741    -0.020589431880001
     0.000000000000000    -0.048770098460911    -0.069640914599746
20 38
    -0.034833594228912     0.030752483852547    -0.043044880843088
     0.027068630080815     0.048542963962051    -0.063354303358971
    -0.038542144702033     0.059662701909714     0.057378824095308
20 39
    -0.034833594228912    -0.030752483852547     0.043044880843088
    -0.027068630080815     0.048542963962051    -0.063354303358971
     0.038542144702033     0.059662701909714     0.057378824095308
20 40
    -0.197150899433486     0.000000000000000     0.000000000000000
     0.000000000000000    -0.091457172945363     0.370324074157455
     0.000000000000000    -0.113447889627175    -0.114666828952131
20 41
    -0.028608216541454     0.000000000000000     0.000000000000000
     0.000000000000000    -0.036397338049103    -0.013205847802014
     0.000000000000000     0.108602886497552     0.016875891453639
20 42
    -1.438193012840963    -0.957697251775987    -0.878032025909655
    -0.910015386732718    -0.874098728920349    -0.504137608306946
    -0.685890072630947    -0.493452671999501    -0.588604442964367
20 43
    -1.438193012840963     0.957697251775987     0.878032025909655
     0.910015386732718    -0.874098728920349    -0.504137608306946
     0.685890072630947    -0.493452671999501    -0.588604442964367
20 44
    -0.406799284316694    -0.000000000000000     0.000000000000000
    -0.000000000000000    -2.311446074891506     0.880414755526842
    -0.000000000000000     0.715871818488275    -0.509671164574840
20 45
     0.010626291565748     0.000000000000000     0.000000000000000
     0.000000000000000    -0.020623101292446     0.030248013935430
    -0.000000000000000     0.054556032062710    -0.012277834100188
20 46
    -0.015535807126718     0.022893762196428    -0.046318655061107
     0.019289189766456     0.018809712986487     0.053025129172715
     0.125557609103427    -0.087664954049332     0.084194380725278
20 47
    -0.015535807126718    -0.022893762196428     0.046318655061107
    -0.019289189766456     0.018809712986487     0.053025129172715
    -0.125557609103427    -0.087664954049332     0.084194380725278
20 48
     0.008336955276458    -0.000000000000000     0.000000000000000
    -0.000000000000000    -0.065267847609468    -0.069694360479029
    -0.000000000000000    -0.059723676205768    -0.073491832763226
21 1
    -0.172378345194009    -0.000000000000000    -0.000000000000000
     0.000000000000000     0.049190560536131     0.089220583113605
    -0.000000000000000     0.020566571158345    -0.003835621648806
21 2
    -0.364166423684554    -0.014466746559977     1.004524463890879
    -0.036435446813573    -0.059018177087552    -0.438059394763196
     1.100081756228680    -0.068778481016704    -1.377906121648807
21 3
    -0.364166423684554     0.014466746559977    -1.004524463890879
     0.036435446813573    -0.059018177087552    -0.438059394763196
    -1.100081756228680    -0.068778481016704    -1.377906121648807
21 4
    -0.001583036602790    -0.000000000000000     0.000000000000000
    -0.000000000000000     0.018043689430722     0.037027371907643
    -0.000000000000000     0.086521556874637     0.091943628351194
21 5
    -0.172378345194009    -0.000000000000000    -0.000000000000000
     0.000000000000000     0.049190560536131    -0.020566571158345
    -0.000000000000000    -0.089220583113605    -0.003835621648806
21 6
    -0.364166423684554    -0.036435446813573    -1.100081756228680
    -0.014466746559977    -0.059018177087552     0.068778481016704
    -1.004524463890879     0.438059394763196    -1.377906121648807
21 7
    -0.364166423684554     0.036435446813573     1.100081756228680
     0.014466746559977    -0.059018177087552     0.068778481016704
     1.004524463890879     0.438059394763196    -1.377906121648807
21 8
    -0.001583036602790    -0.000000000000000    -0.000000000000000
    -0.000000000000000     0.018043689430722    -0.086521556874637
    -0.000000000000000    -0.037027371907643     0.091943628351194
21 9
     0.072839918979998    -0.000000000000000     0.000000000000000
     0.000000000000000    -0.057329154072917     0.022703653772725
    -0.000000000000000     0.022703653772725    -0.002998121648806
21 10
     0.078719221861866     0.133803786196045     0.037875309056424
     0.133803786196045     0.077035140292784     0.095186119261000
     0.037875309056424     0.095186119261000     0.093175378351194
21 11
     0.078719221861866    -0.133803786196045    -0.037875309056424
    -0.133803786196045     0.077035140292784     0.095186119261000
    -0.037875309056424     0.095186119261000     0.093175378351194
21 12
     0.124449591146878    -0.000000000000000     0.000000000000000
    -0.000000000000000     0.025679037100972    -0.025701707907920
    -0.000000000000000    -0.025701707907920    -0.029675621648806
21 13
     0.175580524130710    -0.000000000000000     0.000000000000000
     0.000000000000000     0.307462496767821     0.176473823399106
    -0.000000000000000     0.176473823399106    -0.014273621648806
21 14
    -4.579019373994604     0.390678729570475    -1.747808943815097
     0.390678729570475    -1.769515276315259     0.046787979193951
    -1.747808943815097     0.046787979193951    -2.966707621648802
21 15
    -4.579019373994604    -0.390678729570475     1.747808943815097
    -0.390678729570475    -1.769515276315259     0.046787979193951
     1.747808943815097     0.046787979193951    -2.966707621648802
21 16
     0.123148373509540    -0.000000000000000    -0.000000000000000
    -0.000000000000000    -0.105204998118733     0.112240257641507
    -0.000000000000000     0.112240257641507    -0.113554621648806
21 17
    -0.176009162149806    -0.000000000000000    -0.000000000000000
    -0.000000000000000    -0.206727967422220    -0.203192496427498
    -0.000000000000000    -0.203192496427498    -0.113507121648806
21 18
    -0.109689037408070    -0.004020362152530     0.024476649532505
    -0.004020362152530    -0.009334943338796     0.005437969423021
     0.024476649532505     0.005437969423021     0.021180878351194
21 19
    -0.109689037408070     0.004020362152530    -0.024476649532505
     0.004020362152530    -0.009334943338796     0.005437969423021
    -0.024476649532505     0.005437969423021     0.021180878351194
21 20
    -0.264702969754296    -0.000000000000000    -0.000000000000000
     0.000000000000000     0.053960041800149    -0.058126350055692
    -0.000000000000000    -0.058126350055692     0.020794878351194
21 21
    19.000395915365168     0.000000000000000    -0.000000000000000
     0.000000000000000    10.777028384407279     1.061000102796238
    -0.000000000000000     1.061000102796238    28.810633378351245
21 22
    -0.186368420088212     0.286267099730550    -0.039378907344767
     0.286267099730550    -0.562036079196034    -0.030863824836164
    -0.039378907344767    -0.030863824836164     0.306168378351194
21 23
    -0.186368420088212    -0.286267099730550     0.039378907344767
    -0.286267099730550    -0.562036079196034    -0.030863824836164
     0.039378907344767    -0.030863824836164     0.306168378351193
21 24
    -2.979000986478588    -0.000000000000000     0.000000000000000
     0.000000000000000     0.174330329999903     0.154598914367117
    -0.000000000000000     0.154598914367117     0.308686878351194
21 25
    -0.175887775674484    -0.000000000000000     0.000000000000000
    -0.000000000000000    -0.096539442495455     0.077668519822442
    -0.000000000000000    -0.077668519822442     0.438540378351194
21 26
     0.059652469611877     0.057540329325920     0.023026931586494
     0.057540329325920    -0.045169135301047     0.026612237223704
    -0.023026931586494    -0.026612237223704    -0.065852621648806
21 27
     0.059652469611877    -0.057540329325920    -0.023026931586494
    -0.057540329325920    -0.045169135301047     0.026612237223704
     0.023026931586494    -0.026612237223704    -0.065852621648806
21 28
     0.464642562183544    -0.000000000000000     0.000000000000000
     0.000000000000000     0.316824884047892    -0.189722906003190
    -0.000000000000000     0.189722906003190    -0.460955621648806
21 29
    -1.993178311167307    -0.000000000000000     0.000000000000000
    -0.000000000000000    -1.588526204171655     0.249385349323725
    -0.000000000000000    -0.249385349323725   -11.992751621648823
21 30
     0.050471341155927     0.169944270727900    -0.061514244577242
     0.169944270727900    -0.047546216912048     0.008684986369810
     0.061514244577242    -0.008684986369810    -0.308680621648806
21 31
     0.050471341155927    -0.169944270727900     0.061514244577242
    -0.169944270727900    -0.047546216912048     0.008684986369810
    -0.061514244577242    -0.008684986369810    -0.308680621648806
21 32
     0.554791873038865    -0.000000000000000     0.000000000000000
     0.000000000000000    -0.023462912744916     0.186060335602005
    -0.000000000000000    -0.186060335602005    -0.021591621648806
21 33
    -0.197150899433486    -0.000000000000000    -0.000000000000000
    -0.000000000000000    -0.091457172945363     0.370324074157455
    -0.000000000000000    -0.113447889627175    -0.114666828952131
21 34
    -0.034833594228912    -0.030752483852547     0.043044880843088
    -0.027068630080815     0.048542963962051    -0.063354303358971
     0.038542144702033     0.059662701909714     0.057378824095308
21 35
    -0.034833594228912     0.030752483852547    -0.043044880843088
     0.027068630080815     0.048542963962051    -0.063354303358971
    -0.038542144702033     0.059662701909714     0.057378824095308
21 36
     0.028150523953998     0.000000000000000    -0.000000000000000
     0.000000000000000    -0.087287166171741    -0.020589431880001
    -0.000000000000000    -0.048770098460911    -0.069640914599746
21 37
    -0.125268705090838    -0.000000000000000     0.000000000000000
    -0.000000000000000    -0.683864280920003    -1.470640865130467
    -0.000000000000000    -1.575332584210497    -3.721474924256730
21 38
     0.026465168023148     0.241152470388442    -0.027566870952244
     0.204082690017011     0.017419881374930     0.177395040472540
     0.026641160734200    -0.004098995301013    -0.093030062718388
21 39
     0.026465168023148    -0.241152470388442     0.027566870952244
    -0.204082690017011     0.017419881374930     0.177395040472540
    -0.026641160734200    -0.004098995301013    -0.093030062718388
21 40
    -0.115105670142822     0.000000000000000     0.000000000000000
     0.000000000000000     0.112238057932572    -0.180389283383385
     0.000000000000000     0.170842412094173    -0.088036397720684
21 41
     0.008336955276458     0.000000000000000     0.000000000000000
     0.000000000000000    -0.065267847609468    -0.069694360479029
     0.000000000000000    -0.059723676205768    -0.073491832763226
21 42
    -0.015535807126717    -0.022893762196428     0.046318655061107
    -0.019289189766456     0.018809712986487     0.053025129172715
    -0.125557609103427    -0.087664954049332     0.084194380725277
21 43
    -0.015535807126717     0.022893762196428    -0.046318655061107
     0.019289189766456     0.018809712986487     0.053025129172715
     0.125557609103427    -0.087664954049332     0.084194380725277
21 44
     0.010626291565748    -0.000000000000000    -0.000000000000000
    -0.000000000000000    -0.020623101292446     0.030248013935430
    -0.000000000000000     0.054556032062710    -0.012277834100188
21 45
    -0.406799284316694     0.000000000000000    -0.000000000000000
     0.000000000000000    -2.311446074891506     0.880414755526842
    -0.000000000000000     0.715871818488275    -0.509671164574840
21 46
    -1.438193012840963     0.957697251775987     0.878032025909655
     0.910015386732718    -0.874098728920349    -0.504137608306946
     0.685890072630947    -0.493452671999501    -0.588604442964367
21 47
    -1.438193012840963    -0.957697251775987    -0.878032025909655
    -0.910015386732718    -0.874098728920349    -0.504137608306946
    -0.685890072630947    -0.493452671999501    -0.588604442964367
21 48
    -0.028608216541454    -0.000000000000000     0.000000000000000
    -0.000000000000000    -0.036397338049104    -0.013205847802014
    -0.000000000000000     0.108602886497552     0.016875891453639
22 1
    -0.364166423684554    -0.014466746559977     1.004524463890879
    -0.036435446813573    -0.059018177087552    -0.438059394763196
     1.100081756228680    -0.068778481016704    -1.377906121648807
22 2
    -0.172378345194009    -0.000000000000000     0.000000000000000
     0.000000000000000     0.049190560536131     0.089220583113605
     0.000000000000000     0.020566571158345    -0.003835621648806
22 3
    -0.001583036602790    -0.000000000000000     0.000000000000000
     0.000000000000000     0.018043689430722     0.037027371907643
     0.000000000000000     0.086521556874637     0.091943628351194
22 4
    -0.364166423684554     0.014466746559977    -1.004524463890879
     0.036435446813573    -0.059018177087552    -0.438059394763196
    -1.100081756228680    -0.068778481016704    -1.377906121648807
22 5
    -0.364166423684554    -0.036435446813573    -1.100081756228680
    -0.014466746559977    -0.059018177087552     0.068778481016704
    -1.004524463890879     0.438059394763196    -1.377906121648807
22 6
    -0.172378345194009     0.000000000000000     0.000000000000000
     0.000000000000000     0.049190560536131    -0.020566571158345
     0.000000000000000    -0.089220583113605    -0.003835621648806
22 7
    -0.001583036602790    -0.000000000000000     0.000000000000000
    -0.000000000000000     0.018043689430722    -0.086521556874637
     0.000000000000000    -0.037027371907643     0.091943628351194
22 8
    -0.364166423684554     0.036435446813573     1.100081756228680
     0.014466746559977    -0.059018177087552     0.068778481016704
     1.004524463890879     0.438059394763196    -1.377906121648807
22 9
     0.078719221861866     0.133803786196045     0.037875309056424
     0.133803786196045     0.077035140292784     0.095186119261000
     0.037875309056424     0.095186119261000     0.093175378351194
22 10
     0.072839918979998    -0.000000000000000    -0.000000000000000
    -0.000000000000000    -0.057329154072917     0.022703653772725
     0.000000000000000     0.022703653772725    -0.002998121648806
22 11
     0.124449591146878    -0.000000000000000    -0.000000000000000
     0.000000000000000     0.025679037100972    -0.025701707907920
     0.000000000000000    -0.025701707907920    -0.029675621648806
22 12
     0.078719221861866    -0.133803786196045    -0.037875309056424
    -0.133803786196045     0.077035140292784     0.095186119261000
    -0.037875309056424     0.095186119261000     0.093175378351194
22 13
    -4.579019373994604     0.390678729570475    -1.747808943815097
     0.390678729570475    -1.769515276315259     0.046787979193951
    -1.747808943815097     0.046787979193951    -2.966707621648802
22 14
     0.175580524130710    -0.000000000000000    -0.000000000000000
     0.000000000000000     0.307462496767821     0.176473823399106
     0.000000000000000     0.176473823399106    -0.014273621648806
22 15
     0.123148373509540    -0.000000000000000    -0.000000000000000
     0.000000000000000    -0.105204998118733     0.112240257641507
     0.000000000000000     0.112240257641507    -0.113554621648806
22 16
    -4.579019373994604    -0.390678729570475     1.747808943815097
    -0.390678729570475    -1.769515276315259     0.046787979193951
     1.747808943815097     0.046787979193951    -2.966707621648802
22 17
    -0.109689037408070    -0.004020362152530     0.024476649532505
    -0.004020362152530    -0.009334943338795     0.005437969423021
     0.024476649532505     0.005437969423021     0.021180878351194
22 18
    -0.176009162149806     0.000000000000000     0.000000000000000
     0.000000000000000    -0.206727967422220    -0.203192496427498
     0.000000000000000    -0.203192496427498    -0.113507121648806
22 19
    -0.264702969754296    -0.000000000000000     0.000000000000000
    -0.000000000000000     0.053960041800149    -0.058126350055692
     0.000000000000000    -0.058126350055692     0.020794878351194
22 20
    -0.109689037408070     0.004020362152530    -0.024476649532505
     0.004020362152530    -0.009334943338796     0.005437969423021
    -0.024476649532505     0.005437969423021     0.021180878351194
22 21
    -0.186368420088212     0.286267099730550    -0.039378907344767
     0.286267099730550    -0.562036079196034    -0.030863824836164
    -0.039378907344767    -0.030863824836164     0.306168378351194
22 22
    19.000395915365171    -0.000000000000000    -0.000000000000000
    -0.000000000000000    10.777028384407279     1.061000102796238
    -0.000000000000000     1.061000102796238    28.810633378351241
22 23
    -2.979000986478588    -0.000000000000000     0.000000000000000
     0.000000000000000     0.174330329999903     0.154598914367117
     0.000000000000000     0.154598914367117     0.308686878351194
22 24
    -0.186368420088212    -0.286267099730550     0.039378907344767
    -0.286267099730550    -0.562036079196034    -0.030863824836164
     0.039378907344767    -0.030863824836164     0.306168378351194
22 25
     0.059652469611877     0.057540329325920     0.023026931586494
     0.057540329325920    -0.045169135301047     0.026612237223704
    -0.023026931586494    -0.026612237223704    -0.065852621648806
22 26
    -0.175887775674484    -0.000000000000000    -0.000000000000000
     0.000000000000000    -0.096539442495455     0.077668519822442
     0.000000000000000    -0.077668519822442     0.438540378351194
22 27
     0.464642562183544    -0.000000000000000    -0.000000000000000
     0.000000000000000     0.316824884047892    -0.189722906003190
     0.000000000000000     0.189722906003190    -0.460955621648806
22 28
     0.059652469611877    -0.057540329325920    -0.023026931586494
    -0.057540329325920    -0.045169135301047     0.026612237223704
     0.023026931586494    -0.026612237223704    -0.065852621648806
22 29
     0.050471341155927     0.169944270727900    -0.061514244577242
     0.169944270727900    -0.047546216912048     0.008684986369810
     0.061514244577242    -0.008684986369810    -0.308680621648806
22 30
    -1.993178311167307     0.000000000000000    -0.000000000000000
     0.000000000000000    -1.588526204171655     0.249385349323725
     0.000000000000000    -0.249385349323725   -11.992751621648823
22 31
     0.554791873038865     0.000000000000000    -0.000000000000000
     0.000000000000000    -0.023462912744916     0.186060335602005
     0.000000000000000    -0.186060335602005    -0.021591621648806
22 32
     0.050471341155927    -0.169944270727900     0.061514244577242
    -0.169944270727900    -0.047546216912048     0.008684986369810
    -0.061514244577242    -0.008684986369810    -0.308680621648806
22 33
    -0.034833594228912    -0.030752483852547     0.043044880843088
    -0.027068630080815     0.048542963962051    -0.063354303358971
     0.038542144702033     0.059662701909714     0.057378824095308
22 34
    -0.197150899433486     0.000000000000000     0.000000000000000
    -0.000000000000000    -0.091457172945363     0.370324074157455
     0.000000000000000    -0.113447889627175    -0.114666828952131
22 35
     0.028150523953998    -0.000000000000000     0.000000000000000
     0.000000000000000    -0.087287166171741    -0.020589431880001
     0.000000000000000    -0.048770098460911    -0.069640914599746
22 36
    -0.034833594228912     0.030752483852547    -0.043044880843088
     0.027068630080815     0.048542963962051    -0.063354303358971
    -0.038542144702033     0.059662701909714     0.057378824095308
22 37
     0.026465168023148     0.241152470388442    -0.027566870952244
     0.204082690017011     0.017419881374930     0.177395040472540
     0.026641160734200    -0.004098995301013    -0.093030062718388
22 38
    -0.125268705090837     0.000000000000000    -0.000000000000000
     0.000000000000000    -0.683864280920003    -1.470640865130467
    -0.000000000000000    -1.575332584210497    -3.721474924256730
22 39
    -0.115105670142822    -0.000000000000000    -0.000000000000000
     0.000000000000000     0.112238057932572    -0.180389283383385
     0.000000000000000     0.170842412094173    -0.088036397720684
22 40
     0.026465168023148    -0.241152470388442     0.027566870952244
    -0.204082690017011     0.017419881374930     0.177395040472540
    -0.026641160734200    -0.004098995301013    -0.093030062718388
22 41
    -0.015535807126717    -0.022893762196428     0.046318655061107
    -0.019289189766456     0.018809712986487     0.053025129172715
    -0.125557609103427    -0.087664954049332     0.084194380725278
22 42
     0.008336955276458    -0.000000000000000     0.000000000000000
     0.000000000000000    -0.065267847609468    -0.069694360479029
     0.000000000000000    -0.059723676205768    -0.073491832763226
22 43
     0.010626291565748     0.000000000000000    -0.000000000000000
     0.000000000000000    -0.020623101292446     0.030248013935430
    -0.000000000000000     0.054556032062710    -0.012277834100188
22 44
    -0.015535807126718     0.022893762196428    -0.046318655061107
     0.019289189766456     0.018809712986487     0.053025129172715
     0.125557609103427    -0.087664954049332     0.084194380725278
22 45
    -1.438193012840963     0.957697251775987     0.878032025909655
     0.910015386732718    -0.874098728920349    -0.504137608306946
     0.685890072630947    -0.493452671999501    -0.588604442964367
22 46
    -0.406799284316694    -0.000000000000000    -0.000000000000000
     0.000000000000000    -2.311446074891506     0.880414755526842
     0.000000000000000     0.715871818488275    -0.509671164574840
22 47
    -0.028608216541454     0.000000000000000    -0.000000000000000
     0.000000000000000    -0.036397338049104    -0.013205847802014
     0.000000000000000     0.108602886497552     0.016875891453639
22 48
    -1.438193012840963    -0.957697251775987    -0.878032025909655
    -0.910015386732718    -0.874098728920349    -0.504137608306946
    -0.685890072630947    -0.493452671999501    -0.588604442964367
23 1
    -0.364166423684554     0.014466746559977    -1.004524463890879
     0.036435446813573    -0.059018177087552    -0.438059394763196
    -1.100081756228680    -0.068778481016704    -1.377906121648807
23 2
    -0.001583036602790    -0.000000000000000     0.000000000000000
    -0.000000000000000     0.018043689430722     0.037027371907643
     0.000000000000000     0.086521556874637     0.091943628351194
23 3
    -0.172378345194009    -0.000000000000000     0.000000000000000
    -0.000000000000000     0.049190560536131     0.089220583113605
     0.000000000000000     0.020566571158345    -0.003835621648806
23 4
    -0.364166423684554    -0.014466746559977     1.004524463890879
    -0.036435446813573    -0.059018177087552    -0.438059394763196
     1.100081756228680    -0.068778481016704    -1.377906121648807
23 5
    -0.364166423684554     0.036435446813573     1.100081756228680
     0.014466746559977    -0.059018177087552     0.068778481016704
     1.004524463890879     0.438059394763196    -1.377906121648807
23 6
    -0.001583036602790     0.000000000000000     0.000000000000000
    -0.000000000000000     0.018043689430722    -0.086521556874637
     0.000000000000000    -0.037027371907643     0.091943628351194
23 7
    -0.172378345194009    -0.000000000000000     0.000000000000000
    -0.000000000000000     0.049190560536131    -0.020566571158345
     0.000000000000000    -0.089220583113605    -0.003835621648806
23 8
    -0.364166423684554    -0.036435446813573    -1.100081756228680
    -0.014466746559977    -0.059018177087552     0.068778481016704
    -1.004524463890879     0.438059394763196    -1.377906121648807
23 9
     0.078719221861866    -0.133803786196045    -0.037875309056424
    -0.133803786196045     0.077035140292784     0.095186119261000
    -0.037875309056424     0.095186119261000     0.093175378351194
23 10
     0.124449591146878    -0.000000000000000    -0.000000000000000
    -0.000000000000000     0.025679037100972    -0.025701707907920
     0.000000000000000    -0.025701707907920    -0.029675621648806
23 11
     0.072839918979998    -0.000000000000000    -0.000000000000000
     0.000000000000000    -0.057329154072917     0.022703653772725
     0.000000000000000     0.022703653772725    -0.002998121648806
23 12
     0.078719221861866     0.133803786196045     0.037875309056424
     0.133803786196045     0.077035140292784     0.095186119261000
     0.037875309056424     0.095186119261000     0.093175378351194
23 13
    -4.579019373994604    -0.390678729570475     1.747808943815097
    -0.390678729570475    -1.769515276315259     0.046787979193951
     1.747808943815097     0.046787979193951    -2.966707621648802
23 14
     0.123148373509540    -0.000000000000000     0.000000000000000
    -0.000000000000000    -0.105204998118733     0.112240257641507
     0.000000000000000     0.112240257641507    -0.113554621648806
23 15
     0.175580524130710    -0.000000000000000    -0.000000000000000
    -0.000000000000000     0.307462496767821     0.176473823399106
     0.000000000000000     0.176473823399106    -0.014273621648806
23 16
    -4.579019373994604     0.390678729570475    -1.747808943815097
     0.390678729570475    -1.769515276315259     0.046787979193951
    -1.747808943815097     0.046787979193951    -2.966707621648802
23 17
    -0.109689037408070     0.004020362152530    -0.024476649532505
     0.004020362152530    -0.009334943338795     0.005437969423021
    -0.024476649532505     0.005437969423021     0.021180878351194
23 18
    -0.264702969754296     0.000000000000000     0.000000000000000
     0.000000000000000     0.053960041800149    -0.058126350055692
     0.000000000000000    -0.058126350055692     0.020794878351194
23 19
    -0.176009162149806    -0.000000000000000     0.000000000000000
    -0.000000000000000    -0.206727967422220    -0.203192496427498
     0.000000000000000    -0.203192496427498    -0.113507121648806
23 20
    -0.109689037408070    -0.004020362152530     0.024476649532505
    -0.004020362152530    -0.009334943338796     0.005437969423021
     0.024476649532505     0.005437969423021     0.021180878351194
23 21
    -0.186368420088212    -0.286267099730550     0.039378907344767
    -0.286267099730550    -0.562036079196034    -0.030863824836164
     0.039378907344767    -0.030863824836164     0.306168378351193
23 22
    -2.979000986478588     0.000000000000000     0.000000000000000
    -0.000000000000000     0.174330329999903     0.154598914367117
     0.000000000000000     0.154598914367117     0.308686878351194
23 23
    19.000395915365171    -0.000000000000000     0.000000000000000
    -0.000000000000000    10.777028384407279     1.061000102796239
     0.000000000000000     1.061000102796239    28.810633378351245
23 24
    -0.186368420088212     0.286267099730550    -0.039378907344767
     0.286267099730550    -0.562036079196034    -0.030863824836164
    -0.039378907344767    -0.030863824836164     0.306168378351194
23 25
     0.059652469611877    -0.057540329325920    -0.023026931586494
    -0.057540329325920    -0.045169135301047     0.026612237223704
     0.023026931586494    -0.026612237223704    -0.065852621648806
23 26
     0.464642562183544    -0.000000000000000     0.000000000000000
    -0.000000000000000     0.316824884047892    -0.189722906003190
     0.000000000000000     0.189722906003190    -0.460955621648806
23 27
    -0.175887775674484    -0.000000000000000     0.000000000000000
    -0.000000000000000    -0.096539442495455     0.077668519822442
     0.000000000000000    -0.077668519822442     0.438540378351194
23 28
     0.059652469611877     0.057540329325920     0.023026931586494
     0.057540329325920    -0.045169135301047     0.026612237223704
    -0.023026931586494    -0.026612237223704    -0.065852621648806
23 29
     0.050471341155927    -0.169944270727900     0.061514244577242
    -0.169944270727900    -0.047546216912048     0.008684986369810
    -0.061514244577242    -0.008684986369810    -0.308680621648806
23 30
     0.554791873038865     0.000000000000000     0.000000000000000
    -0.000000000000000    -0.023462912744916     0.186060335602005
     0.000000000000000    -0.186060335602005    -0.021591621648806
23 31
    -1.993178311167307     0.000000000000000    -0.000000000000000
    -0.000000000000000    -1.588526204171655     0.249385349323725
     0.000000000000000    -0.249385349323725   -11.992751621648823
23 32
     0.050471341155927     0.169944270727900    -0.061514244577242
     0.169944270727900    -0.047546216912048     0.008684986369810
     0.061514244577242    -0.008684986369810    -0.308680621648806
23 33
    -0.034833594228912     0.030752483852547    -0.043044880843088
     0.027068630080815     0.048542963962051    -0.063354303358971
    -0.038542144702033     0.059662701909714     0.057378824095308
23 34
     0.028150523953998     0.000000000000000     0.000000000000000
    -0.000000000000000    -0.087287166171741    -0.020589431880001
     0.000000000000000    -0.048770098460911    -0.069640914599746
23 35
    -0.197150899433486    -0.000000000000000     0.000000000000000
    -0.000000000000000    -0.091457172945363     0.370324074157455
     0.000000000000000    -0.113447889627175    -0.114666828952131
23 36
    -0.034833594228912    -0.030752483852547     0.043044880843088
    -0.027068630080815     0.048542963962051    -0.063354303358971
     0.038542144702033     0.059662701909714     0.057378824095308
23 37
     0.026465168023148    -0.241152470388442     0.027566870952244
    -0.204082690017011     0.017419881374930     0.177395040472540
    -0.026641160734200    -0.004098995301013    -0.093030062718388
23 38
    -0.115105670142822     0.000000000000000    -0.000000000000000
    -0.000000000000000     0.112238057932572    -0.180389283383385
    -0.000000000000000     0.170842412094173    -0.088036397720684
23 39
    -0.125268705090837    -0.000000000000000    -0.000000000000000
    -0.000000000000000    -0.683864280920003    -1.470640865130467
     0.000000000000000    -1.575332584210497    -3.721474924256730
23 40
     0.026465168023148     0.241152470388442    -0.027566870952244
     0.204082690017011     0.017419881374930     0.177395040472540
     0.026641160734200    -0.004098995301013    -0.093030062718388
23 41
    -0.015535807126718     0.022893762196428    -0.046318655061107
     0.019289189766456     0.018809712986487     0.053025129172715
     0.125557609103427    -0.087664954049332     0.084194380725278
23 42
     0.010626291565748    -0.000000000000000     0.000000000000000
     0.000000000000000    -0.020623101292446     0.030248013935430
     0.000000000000000     0.054556032062710    -0.012277834100188
23 43
     0.008336955276458     0.000000000000000     0.000000000000000
    -0.000000000000000    -0.065267847609468    -0.069694360479029
    -0.000000000000000    -0.059723676205768    -0.073491832763226
23 44
    -0.015535807126718    -0.022893762196428     0.046318655061107
    -0.019289189766456     0.018809712986487     0.053025129172715
    -0.125557609103427    -0.087664954049332     0.084194380725278
23 45
    -1.438193012840963    -0.957697251775987    -0.878032025909655
    -0.910015386732718    -0.874098728920349    -0.504137608306946
    -0.685890072630947    -0.493452671999501    -0.588604442964367
23 46
    -0.028608216541454    -0.000000000000000     0.000000000000000
     0.000000000000000    -0.036397338049104    -0.013205847802014
     0.000000000000000     0.108602886497552     0.016875891453639
23 47
    -0.406799284316694     0.000000000000000     0.000000000000000
    -0.000000000000000    -2.311446074891507     0.880414755526842
     0.000000000000000     0.715871818488275    -0.509671164574840
23 48
    -1.438193012840963     0.957697251775987     0.878032025909655
     0.910015386732718    -0.874098728920349    -0.504137608306946
     0.685890072630947    -0.493452671999501    -0.588604442964367
24 1
    -0.001583036602790     0.000000000000000    -0.000000000000000
     0.000000000000000     0.018043689430721     0.037027371907643
     0.000000000000000     0.086521556874637     0.091943628351194
24 2
    -0.364166423684554     0.014466746559977    -1.004524463890879
     0.036435446813573    -0.059018177087552    -0.438059394763196
    -1.100081756228680    -0.068778481016704    -1.377906121648807
24 3
    -0.364166423684554    -0.014466746559977     1.004524463890879
    -0.036435446813573    -0.059018177087552    -0.438059394763196
     1.100081756228680    -0.068778481016704    -1.377906121648807
24 4
    -0.172378345194009     0.000000000000000     0.000000000000000
    -0.000000000000000     0.049190560536131     0.089220583113605
     0.000000000000000     0.020566571158345    -0.003835621648806
24 5
    -0.001583036602790     0.000000000000000    -0.000000000000000
     0.000000000000000     0.018043689430722    -0.086521556874637
    -0.000000000000000    -0.037027371907643     0.091943628351194
24 6
    -0.364166423684554     0.036435446813573     1.100081756228680
     0.014466746559977    -0.059018177087552     0.068778481016704
     1.004524463890879     0.438059394763196    -1.377906121648807
24 7
    -0.364166423684554    -0.036435446813573    -1.100081756228680
    -0.014466746559977    -0.059018177087552     0.068778481016704
    -1.004524463890879     0.438059394763196    -1.377906121648807
24 8
    -0.172378345194009     0.000000000000000    -0.000000000000000
    -0.000000000000000     0.049190560536131    -0.020566571158345
    -0.000000000000000    -0.089220583113605    -0.003835621648806
24 9
     0.124449591146878     0.000000000000000     0.000000000000000
     0.000000000000000     0.025679037100972    -0.025701707907920
     0.000000000000000    -0.025701707907920    -0.029675621648806
24 10
     0.078719221861866    -0.133803786196045    -0.037875309056424
    -0.133803786196045     0.077035140292784     0.095186119261000
    -0.037875309056424     0.095186119261000     0.093175378351194
24 11
     0.078719221861866     0.133803786196045     0.037875309056424
     0.133803786196045     0.077035140292784     0.095186119261000
     0.037875309056424     0.095186119261000     0.093175378351194
24 12
     0.072839918979997     0.000000000000000     0.000000000000000
    -0.000000000000000    -0.057329154072917     0.022703653772725
     0.000000000000000     0.022703653772725    -0.002998121648806
24 13
     0.123148373509540     0.000000000000000     0.000000000000000
     0.000000000000000    -0.105204998118733     0.112240257641507
    -0.000000000000000     0.112240257641507    -0.113554621648806
24 14
    -4.579019373994604    -0.390678729570475     1.747808943815097
    -0.390678729570475    -1.769515276315259     0.046787979193951
     1.747808943815097     0.046787979193951    -2.966707621648802
24 15
    -4.579019373994604     0.390678729570475    -1.747808943815097
     0.390678729570475    -1.769515276315259     0.046787979193951
    -1.747808943815097     0.046787979193951    -2.966707621648802
24 16
     0.175580524130710     0.000000000000000    -0.000000000000000
    -0.000000000000000     0.307462496767821     0.176473823399106
    -0.000000000000000     0.176473823399106    -0.014273621648806
24 17
    -0.264702969754296     0.000000000000000    -0.000000000000000
    -0.000000000000000     0.053960041800149    -0.058126350055692
     0.000000000000000    -0.058126350055692     0.020794878351194
24 18
    -0.109689037408070     0.004020362152530    -0.024476649532505
     0.004020362152530    -0.009334943338796     0.005437969423021
    -0.024476649532505     0.005437969423021     0.021180878351194
24 19
    -0.109689037408070    -0.004020362152530     0.024476649532505
    -0.004020362152530    -0.009334943338796     0.005437969423021
     0.024476649532505     0.005437969423021     0.021180878351194
24 20
    -0.176009162149806     0.000000000000000    -0.000000000000000
     0.000000000000000    -0.206727967422220    -0.203192496427498
     0.000000000000000    -0.203192496427498    -0.113507121648806
24 21
    -2.979000986478588     0.000000000000000    -0.000000000000000
    -0.000000000000000     0.174330329999903     0.154598914367117
     0.000000000000000     0.154598914367117     0.308686878351194
24 22
    -0.186368420088212    -0.286267099730550     0.039378907344767
    -0.286267099730550    -0.562036079196034    -0.030863824836164
     0.039378907344767    -0.030863824836164     0.306168378351194
24 23
    -0.186368420088212     0.286267099730550    -0.039378907344767
     0.286267099730550    -0.562036079196034    -0.030863824836164
    -0.039378907344767    -0.030863824836164     0.306168378351194
24 24
    19.000395915365171     0.000000000000000    -0.000000000000000
     0.000000000000000    10.777028384407279     1.061000102796238
    -0.000000000000000     1.061000102796238    28.810633378351245
24 25
     0.464642562183544     0.000000000000000     0.000000000000000
    -0.000000000000000     0.316824884047892    -0.189722906003190
     0.000000000000000     0.189722906003190    -0.460955621648806
24 26
     0.059652469611877    -0.057540329325920    -0.023026931586494
    -0.057540329325920    -0.045169135301047     0.026612237223704
     0.023026931586494    -0.026612237223704    -0.065852621648806
24 27
     0.059652469611877     0.057540329325920     0.023026931586494
     0.057540329325920    -0.045169135301047     0.026612237223704
    -0.023026931586494    -0.026612237223704    -0.065852621648806
24 28
    -0.175887775674484     0.000000000000000     0.000000000000000
     0.000000000000000    -0.096539442495455     0.077668519822442
    -0.000000000000000    -0.077668519822442     0.438540378351194
24 29
     0.554791873038865     0.000000000000000     0.000000000000000
    -0.000000000000000    -0.023462912744916     0.186060335602005
    -0.000000000000000    -0.186060335602005    -0.021591621648806
24 30
     0.050471341155927    -0.169944270727900     0.061514244577242
    -0.169944270727900    -0.047546216912048     0.008684986369810
    -0.061514244577242    -0.008684986369810    -0.308680621648806
24 31
     0.050471341155927     0.169944270727900    -0.061514244577242
     0.169944270727900    -0.047546216912048     0.008684986369810
     0.061514244577242    -0.008684986369810    -0.308680621648806
24 32
    -1.993178311167307     0.000000000000000     0.000000000000000
     0.000000000000000    -1.588526204171655     0.249385349323725
    -0.000000000000000    -0.249385349323725   -11.992751621648823
24 33
     0.028150523953998    -0.000000000000000    -0.000000000000000
    -0.000000000000000    -0.087287166171741    -0.020589431880001
    -0.000000000000000    -0.048770098460911    -0.069640914599746
24 34
    -0.034833594228912     0.030752483852547    -0.043044880843088
     0.027068630080815     0.048542963962051    -0.063354303358971
    -0.038542144702033     0.059662701909714     0.057378824095308
24 35
    -0.034833594228912    -0.030752483852547     0.043044880843088
    -0.027068630080815     0.048542963962051    -0.063354303358971
     0.038542144702033     0.059662701909714     0.057378824095308
24 36
    -0.197150899433486     0.000000000000000     0.000000000000000
     0.000000000000000    -0.091457172945363     0.370324074157455
    -0.000000000000000    -0.113447889627175    -0.114666828952131
24 37
    -0.115105670142822    -0.000000000000000     0.000000000000000
    -0.000000000000000     0.112238057932572    -0.180389283383385
     0.000000000000000     0.170842412094173    -0.088036397720684
24 38
     0.026465168023148    -0.241152470388442     0.027566870952244
    -0.204082690017011     0.017419881374930     0.177395040472540
    -0.026641160734200    -0.004098995301013    -0.093030062718388
24 39
     0.026465168023148     0.241152470388442    -0.027566870952244
     0.204082690017011     0.017419881374930     0.177395040472540
     0.026641160734200    -0.004098995301013    -0.093030062718388
24 40
    -0.125268705090838     0.000000000000000    -0.000000000000000
     0.000000000000000    -0.683864280920003    -1.470640865130467
     0.000000000000000    -1.575332584210497    -3.721474924256730
24 41
     0.010626291565748     0.000000000000000     0.000000000000000
     0.000000000000000    -0.020623101292446     0.030248013935430
     0.000000000000000     0.054556032062710    -0.012277834100188
24 42
    -0.015535807126718     0.022893762196428    -0.046318655061107
     0.019289189766456     0.018809712986487     0.053025129172715
     0.125557609103427    -0.087664954049332     0.084194380725278
24 43
    -0.015535807126718    -0.022893762196428     0.046318655061107
    -0.019289189766456     0.018809712986487     0.053025129172715
    -0.125557609103427    -0.087664954049332     0.084194380725278
24 44
     0.008336955276458    -0.000000000000000    -0.000000000000000
    -0.000000000000000    -0.065267847609468    -0.069694360479029
     0.000000000000000    -0.059723676205768    -0.073491832763226
24 45
    -0.028608216541454     0.000000000000000    -0.000000000000000
     0.000000000000000    -0.036397338049104    -0.013205847802014
    -0.000000000000000     0.108602886497552     0.016875891453639
24 46
    -1.438193012840963    -0.957697251775987    -0.878032025909655
    -0.910015386732718    -0.874098728920349    -0.504137608306946
    -0.685890072630947    -0.493452671999501    -0.588604442964367
24 47
    -1.438193012840963     0.957697251775987     0.878032025909655
     0.910015386732718    -0.874098728920349    -0.504137608306946
     0.685890072630947    -0.493452671999501    -0.588604442964367
24 48
    -0.406799284316694    -0.000000000000000     0.000000000000000
    -0.000000000000000    -2.311446074891506     0.880414755526842
     0.000000000000000     0.715871818488275    -0.509671164574840
25 1
     0.072839918979998    -0.000000000000000     0.000000000000000
     0.000000000000000    -0.057329154072917    -0.022703653772725
     0.000000000000000    -0.022703653772725    -0.002998121648806
25 2
     0.078719221861866     0.133803786196045    -0.037875309056424
     0.133803786196045     0.077035140292784    -0.095186119261000
    -0.037875309056424    -0.095186119261000     0.093175378351194
25 3
     0.078719221861866    -0.133803786196045     0.037875309056424
    -0.133803786196045     0.077035140292784    -0.095186119261000
     0.037875309056424    -0.095186119261000     0.093175378351194
25 4
     0.124449591146878    -0.000000000000000     0.000000000000000
    -0.000000000000000     0.025679037100972     0.025701707907920
     0.000000000000000     0.025701707907920    -0.029675621648806
25 5
     0.175580524130710    -0.000000000000000    -0.000000000000000
     0.000000000000000     0.307462496767821    -0.176473823399106
     0.000000000000000    -0.176473823399106    -0.014273621648806
25 6
    -4.579019373994604     0.390678729570475     1.747808943815097
     0.390678729570475    -1.769515276315259    -0.046787979193951
     1.747808943815097    -0.046787979193951    -2.966707621648802
25 7
    -4.579019373994604    -0.390678729570475    -1.747808943815097
    -0.390678729570475    -1.769515276315259    -0.046787979193951
    -1.747808943815097    -0.046787979193951    -2.966707621648802
25 8
     0.123148373509540    -0.000000000000000     0.000000000000000
    -0.000000000000000    -0.105204998118733    -0.112240257641507
     0.000000000000000    -0.112240257641507    -0.113554621648806
25 9
    -0.172378345194009    -0.000000000000000     0.000000000000000
     0.000000000000000     0.049190560536131    -0.089220583113605
     0.000000000000000    -0.020566571158345    -0.003835621648806
25 10
    -0.364166423684554    -0.014466746559977    -1.004524463890879
    -0.036435446813573    -0.059018177087552     0.438059394763196
    -1.100081756228680     0.068778481016704    -1.377906121648807
25 11
    -0.364166423684554     0.014466746559977     1.004524463890879
     0.036435446813573    -0.059018177087552     0.438059394763196
     1.100081756228680     0.068778481016704    -1.377906121648807
25 12
    -0.001583036602790    -0.000000000000000     0.000000000000000
    -0.000000000000000     0.018043689430722    -0.037027371907643
     0.000000000000000    -0.086521556874638     0.091943628351194
25 13
    -0.172378345194009    -0.000000000000000     0.000000000000000
     0.000000000000000     0.049190560536131     0.020566571158345
     0.000000000000000     0.089220583113605    -0.003835621648806
25 14
    -0.364166423684554    -0.036435446813573     1.100081756228680
    -0.014466746559977    -0.059018177087552    -0.068778481016704
     1.004524463890879    -0.438059394763196    -1.377906121648807
25 15
    -0.364166423684554     0.036435446813573    -1.100081756228680
     0.014466746559977    -0.059018177087552    -0.068778481016704
    -1.004524463890879    -0.438059394763196    -1.377906121648807
25 16
    -0.001583036602790    -0.000000000000000    -0.000000000000000
    -0.000000000000000     0.018043689430722     0.086521556874637
     0.000000000000000     0.037027371907643     0.091943628351194
25 17
    -1.993178311167307    -0.000000000000000    -0.000000000000000
    -0.000000000000000    -1.588526204171655    -0.249385349323725
     0.000000000000000     0.249385349323725   -11.992751621648823
25 18
     0.050471341155927     0.169944270727900     0.061514244577242
     0.169944270727900    -0.047546216912048    -0.008684986369810
    -0.061514244577242     0.008684986369810    -0.308680621648806
25 19
     0.050471341155927    -0.169944270727900    -0.061514244577242
    -0.169944270727900    -0.047546216912048    -0.008684986369810
     0.061514244577242     0.008684986369810    -0.308680621648806
25 20
     0.554791873038865    -0.000000000000000    -0.000000000000000
     0.000000000000000    -0.023462912744916    -0.186060335602005
     0.000000000000000     0.186060335602005    -0.021591621648806
25 21
    -0.175887775674484    -0.000000000000000    -0.000000000000000
    -0.000000000000000    -0.096539442495455    -0.077668519822442
     0.000000000000000     0.077668519822442     0.438540378351194
25 22
     0.059652469611877     0.057540329325920    -0.023026931586494
     0.057540329325920    -0.045169135301047    -0.026612237223704
     0.023026931586494     0.026612237223704    -0.065852621648806
25 23
     0.059652469611877    -0.057540329325920     0.023026931586494
    -0.057540329325920    -0.045169135301047    -0.026612237223704
    -0.023026931586494     0.026612237223704    -0.065852621648806
25 24
     0.464642562183544    -0.000000000000000     0.000000000000000
     0.000000000000000     0.316824884047892     0.189722906003190
     0.000000000000000    -0.189722906003190    -0.460955621648806
25 25
    19.000395915365168     0.000000000000000     0.000000000000000
     0.000000000000000    10.777028384407281    -1.061000102796239
     0.000000000000000    -1.061000102796239    28.810633378351238
25 26
    -0.186368420088212     0.286267099730550     0.039378907344767
     0.286267099730550    -0.562036079196034     0.030863824836164
     0.039378907344767     0.030863824836164     0.306168378351194
25 27
    -0.186368420088212    -0.286267099730550    -0.039378907344767
    -0.286267099730550    -0.562036079196034     0.030863824836164
    -0.039378907344767     0.030863824836164     0.306168378351194
25 28
    -2.979000986478588    -0.000000000000000     0.000000000000000
     0.000000000000000     0.174330329999903    -0.154598914367117
     0.000000000000000    -0.154598914367117     0.308686878351194
25 29
    -0.176009162149806    -0.000000000000000     0.000000000000000
    -0.000000000000000    -0.206727967422220     0.203192496427498
     0.000000000000000     0.203192496427498    -0.113507121648806
25 30
    -0.109689037408070    -0.004020362152530    -0.024476649532505
    -0.004020362152530    -0.009334943338795    -0.005437969423021
    -0.024476649532505    -0.005437969423021     0.021180878351194
25 31
    -0.109689037408070     0.004020362152530     0.024476649532505
     0.004020362152530    -0.009334943338795    -0.005437969423021
     0.024476649532505    -0.005437969423021     0.021180878351194
25 32
    -0.264702969754296    -0.000000000000000     0.000000000000000
     0.000000000000000     0.053960041800149     0.058126350055692
     0.000000000000000     0.058126350055692     0.020794878351194
25 33
    -0.197150899433486    -0.000000000000000    -0.000000000000000
    -0.000000000000000    -0.091457172945363    -0.370324074157455
     0.000000000000000     0.113447889627175    -0.114666828952131
25 34
    -0.034833594228912    -0.030752483852547    -0.043044880843088
    -0.027068630080815     0.048542963962051     0.063354303358971
    -0.038542144702033    -0.059662701909714     0.057378824095308
25 35
    -0.034833594228912     0.030752483852547     0.043044880843088
     0.027068630080815     0.048542963962051     0.063354303358971
     0.038542144702033    -0.059662701909714     0.057378824095308
25 36
     0.028150523953998     0.000000000000000     0.000000000000000
     0.000000000000000    -0.087287166171741     0.020589431880001
    -0.000000000000000     0.048770098460911    -0.069640914599746
25 37
    -0.125268705090838    -0.000000000000000     0.000000000000000
    -0.000000000000000    -0.683864280920003     1.470640865130467
     0.000000000000000     1.575332584210497    -3.721474924256730
25 38
     0.026465168023148     0.241152470388442     0.027566870952244
     0.204082690017011     0.017419881374930    -0.177395040472540
    -0.026641160734200     0.004098995301013    -0.093030062718388
25 39
     0.026465168023148    -0.241152470388442    -0.027566870952244
    -0.204082690017011     0.017419881374930    -0.177395040472540
     0.026641160734200     0.004098995301013    -0.093030062718388
25 40
    -0.115105670142822     0.000000000000000     0.000000000000000
     0.000000000000000     0.112238057932572     0.180389283383385
     0.000000000000000    -0.170842412094173    -0.088036397720684
25 41
    -0.406799284316694     0.000000000000000     0.000000000000000
     0.000000000000000    -2.311446074891506    -0.880414755526842
     0.000000000000000    -0.715871818488275    -0.509671164574840
25 42
    -1.438193012840963     0.957697251775987    -0.878032025909655
     0.910015386732718    -0.874098728920349     0.504137608306946
    -0.685890072630947     0.493452671999501    -0.588604442964367
25 43
    -1.438193012840963    -0.957697251775987     0.878032025909655
    -0.910015386732718    -0.874098728920349     0.504137608306946
     0.685890072630947     0.493452671999501    -0.588604442964367
25 44
    -0.028608216541454    -0.000000000000000    -0.000000000000000
    -0.000000000000000    -0.036397338049103     0.013205847802014
     0.000000000000000    -0.108602886497552     0.016875891453639
25 45
     0.008336955276458     0.000000000000000     0.000000000000000
     0.000000000000000    -0.065267847609468     0.069694360479029
    -0.000000000000000     0.059723676205768    -0.073491832763226
25 46
    -0.015535807126718    -0.022893762196428    -0.046318655061107
    -0.019289189766456     0.018809712986487    -0.053025129172715
     0.125557609103427     0.087664954049332     0.084194380725278
25 47
    -0.015535807126718     0.022893762196428     0.046318655061107
     0.019289189766456     0.018809712986487    -0.053025129172715
    -0.125557609103427     0.087664954049332     0.084194380725278
25 48
     0.010626291565748    -0.000000000000000     0.000000000000000
    -0.000000000000000    -0.020623101292446    -0.030248013935430
     0.000000000000000    -0.054556032062710    -0.012277834100188
26 1
     0.078719221861866     0.133803786196045    -0.037875309056424
     0.133803786196045     0.077035140292784    -0.095186119261000
    -0.037875309056424    -0.095186119261000     0.093175378351194
26 2
     0.072839918979998    -0.000000000000000     0.000000000000000
    -0.000000000000000    -0.057329154072917    -0.022703653772725
    -0.000000000000000    -0.022703653772725    -0.002998121648806
26 3
     0.124449591146878    -0.000000000000000     0.000000000000000
    -0.000000000000000     0.025679037100972     0.025701707907920
    -0.000000000000000     0.025701707907920    -0.029675621648806
26 4
     0.078719221861866    -0.133803786196045     0.037875309056424
    -0.133803786196045     0.077035140292784    -0.095186119261000
     0.037875309056424    -0.095186119261000     0.093175378351194
26 5
    -4.579019373994604     0.390678729570475     1.747808943815097
     0.390678729570475    -1.769515276315259    -0.046787979193951
     1.747808943815097    -0.046787979193951    -2.966707621648802
26 6
     0.175580524130710     0.000000000000000     0.000000000000000
    -0.000000000000000     0.307462496767821    -0.176473823399106
    -0.000000000000000    -0.176473823399106    -0.014273621648806
26 7
     0.123148373509540    -0.000000000000000     0.000000000000000
    -0.000000000000000    -0.105204998118733    -0.112240257641507
     0.000000000000000    -0.112240257641507    -0.113554621648806
26 8
    -4.579019373994604    -0.390678729570475    -1.747808943815097
    -0.390678729570475    -1.769515276315259    -0.046787979193951
    -1.747808943815097    -0.046787979193951    -2.966707621648802
26 9
    -0.364166423684554    -0.014466746559977    -1.004524463890879
    -0.036435446813573    -0.059018177087552     0.438059394763196
    -1.100081756228680     0.068778481016704    -1.377906121648807
26 10
    -0.172378345194009    -0.000000000000000    -0.000000000000000
    -0.000000000000000     0.049190560536131    -0.089220583113605
    -0.000000000000000    -0.020566571158345    -0.003835621648806
26 11
    -0.001583036602790    -0.000000000000000    -0.000000000000000
     0.000000000000000     0.018043689430722    -0.037027371907643
    -0.000000000000000    -0.086521556874638     0.091943628351194
26 12
    -0.364166423684554     0.014466746559977     1.004524463890879
     0.036435446813573    -0.059018177087552     0.438059394763196
     1.100081756228680     0.068778481016704    -1.377906121648807
26 13
    -0.364166423684554    -0.036435446813573     1.100081756228680
    -0.014466746559977    -0.059018177087552    -0.068778481016704
     1.004524463890879    -0.438059394763196    -1.377906121648807
26 14
    -0.172378345194009    -0.000000000000000    -0.000000000000000
    -0.000000000000000     0.049190560536131     0.020566571158345
     0.000000000000000     0.089220583113605    -0.003835621648806
26 15
    -0.001583036602790    -0.000000000000000    -0.000000000000000
    -0.000000000000000     0.018043689430722     0.086521556874638
    -0.000000000000000     0.037027371907643     0.091943628351194
26 16
    -0.364166423684554     0.036435446813573    -1.100081756228680
     0.014466746559977    -0.059018177087552    -0.068778481016704
    -1.004524463890879    -0.438059394763196    -1.377906121648807
26 17
     0.050471341155927     0.169944270727900     0.061514244577242
     0.169944270727900    -0.047546216912048    -0.008684986369810
    -0.061514244577242     0.008684986369810    -0.308680621648806
26 18
    -1.993178311167307     0.000000000000000     0.000000000000000
     0.000000000000000    -1.588526204171655    -0.249385349323725
    -0.000000000000000     0.249385349323725   -11.992751621648823
26 19
     0.554791873038865    -0.000000000000000     0.000000000000000
    -0.000000000000000    -0.023462912744916    -0.186060335602005
    -0.000000000000000     0.186060335602005    -0.021591621648806
26 20
     0.050471341155927    -0.169944270727900    -0.061514244577242
    -0.169944270727900    -0.047546216912048    -0.008684986369810
     0.061514244577242     0.008684986369810    -0.308680621648806
26 21
     0.059652469611877     0.057540329325920    -0.023026931586494
     0.057540329325920    -0.045169135301047    -0.026612237223704
     0.023026931586494     0.026612237223704    -0.065852621648806
26 22
    -0.175887775674484     0.000000000000000     0.000000000000000
    -0.000000000000000    -0.096539442495455    -0.077668519822442
    -0.000000000000000     0.077668519822442     0.438540378351194
26 23
     0.464642562183544    -0.000000000000000     0.000000000000000
    -0.000000000000000     0.316824884047892     0.189722906003190
     0.000000000000000    -0.189722906003190    -0.460955621648806
26 24
     0.059652469611877    -0.057540329325920     0.023026931586494
    -0.057540329325920    -0.045169135301047    -0.026612237223704
    -0.023026931586494     0.026612237223704    -0.065852621648806
26 25
    -0.186368420088212     0.286267099730550     0.039378907344767
     0.286267099730550    -0.562036079196034     0.030863824836164
     0.039378907344767     0.030863824836164     0.306168378351194
26 26
    19.000395915365168     0.000000000000000    -0.000000000000000
     0.000000000000000    10.777028384407281    -1.061000102796238
    -0.000000000000000    -1.061000102796238    28.810633378351227
26 27
    -2.979000986478588    -0.000000000000000    -0.000000000000000
    -0.000000000000000     0.174330329999903    -0.154598914367117
    -0.000000000000000    -0.154598914367117     0.308686878351194
26 28
    -0.186368420088212    -0.286267099730550    -0.039378907344767
    -0.286267099730550    -0.562036079196034     0.030863824836164
    -0.039378907344767     0.030863824836164     0.306168378351194
26 29
    -0.109689037408070    -0.004020362152530    -0.024476649532505
    -0.004020362152530    -0.009334943338796    -0.005437969423021
    -0.024476649532505    -0.005437969423021     0.021180878351194
26 30
    -0.176009162149806     0.000000000000000    -0.000000000000000
    -0.000000000000000    -0.206727967422220     0.203192496427498
     0.000000000000000     0.203192496427498    -0.113507121648806
26 31
    -0.264702969754296     0.000000000000000    -0.000000000000000
    -0.000000000000000     0.053960041800149     0.058126350055692
    -0.000000000000000     0.058126350055692     0.020794878351194
26 32
    -0.109689037408070     0.004020362152530     0.024476649532505
     0.004020362152530    -0.009334943338795    -0.005437969423021
     0.024476649532505    -0.005437969423021     0.021180878351194
26 33
    -0.034833594228912    -0.030752483852547    -0.043044880843088
    -0.027068630080815     0.048542963962051     0.063354303358971
    -0.038542144702033    -0.059662701909714     0.057378824095308
26 34
    -0.197150899433486     0.000000000000000     0.000000000000000
    -0.000000000000000    -0.091457172945363    -0.370324074157455
     0.000000000000000     0.113447889627175    -0.114666828952131
26 35
     0.028150523953998    -0.000000000000000     0.000000000000000
    -0.000000000000000    -0.087287166171741     0.020589431880001
    -0.000000000000000     0.048770098460911    -0.069640914599746
26 36
    -0.034833594228912     0.030752483852547     0.043044880843088
     0.027068630080815     0.048542963962051     0.063354303358971
     0.038542144702033    -0.059662701909714     0.057378824095308
26 37
     0.026465168023148     0.241152470388442     0.027566870952244
     0.204082690017011     0.017419881374930    -0.177395040472540
    -0.026641160734200     0.004098995301013    -0.093030062718388
26 38
    -0.125268705090837     0.000000000000000    -0.000000000000000
    -0.000000000000000    -0.683864280920003     1.470640865130467
    -0.000000000000000     1.575332584210497    -3.721474924256730
26 39
    -0.115105670142822    -0.000000000000000    -0.000000000000000
    -0.000000000000000     0.112238057932572     0.180389283383385
    -0.000000000000000    -0.170842412094173    -0.088036397720684
26 40
     0.026465168023148    -0.241152470388442    -0.027566870952244
    -0.204082690017011     0.017419881374930    -0.177395040472540
     0.026641160734200     0.004098995301013    -0.093030062718388
26 41
    -1.438193012840963     0.957697251775987    -0.878032025909655
     0.910015386732718    -0.874098728920349     0.504137608306946
    -0.685890072630947     0.493452671999501    -0.588604442964367
26 42
    -0.406799284316694    -0.000000000000000     0.000000000000000
     0.000000000000000    -2.311446074891506    -0.880414755526842
    -0.000000000000000    -0.715871818488275    -0.509671164574840
26 43
    -0.028608216541454     0.000000000000000     0.000000000000000
    -0.000000000000000    -0.036397338049103     0.013205847802014
    -0.000000000000000    -0.108602886497552     0.016875891453639
26 44
    -1.438193012840963    -0.957697251775987     0.878032025909655
    -0.910015386732718    -0.874098728920349     0.504137608306946
     0.685890072630947     0.493452671999501    -0.588604442964367
26 45
    -0.015535807126718    -0.022893762196428    -0.046318655061107
    -0.019289189766456     0.018809712986487    -0.053025129172715
     0.125557609103427     0.087664954049332     0.084194380725278
26 46
     0.008336955276458    -0.000000000000000    -0.000000000000000
     0.000000000000000    -0.065267847609468     0.069694360479029
    -0.000000000000000     0.059723676205768    -0.073491832763226
26 47
     0.010626291565748     0.000000000000000    -0.000000000000000
    -0.000000000000000    -0.020623101292446    -0.030248013935430
     0.000000000000000    -0.054556032062710    -0.012277834100188
26 48
    -0.015535807126717     0.022893762196428     0.046318655061107
     0.019289189766456     0.018809712986487    -0.053025129172715
    -0.125557609103427     0.087664954049332     0.084194380725278
27 1
     0.078719221861866    -0.133803786196045     0.037875309056424
    -0.133803786196045     0.077035140292784    -0.095186119261000
     0.037875309056424    -0.095186119261000     0.093175378351194
27 2
     0.124449591146878    -0.000000000000000     0.000000000000000
    -0.000000000000000     0.025679037100972     0.025701707907920
    -0.000000000000000     0.025701707907920    -0.029675621648806
27 3
     0.072839918979998    -0.000000000000000     0.000000000000000
    -0.000000000000000    -0.057329154072917    -0.022703653772725
    -0.000000000000000    -0.022703653772725    -0.002998121648806
27 4
     0.078719221861866     0.133803786196045    -0.037875309056424
     0.133803786196045     0.077035140292784    -0.095186119261000
    -0.037875309056424    -0.095186119261000     0.093175378351194
27 5
    -4.579019373994604    -0.390678729570475    -1.747808943815097
    -0.390678729570475    -1.769515276315259    -0.046787979193951
    -1.747808943815097    -0.046787979193951    -2.966707621648802
27 6
     0.123148373509540     0.000000000000000     0.000000000000000
     0.000000000000000    -0.105204998118733    -0.112240257641507
    -0.000000000000000    -0.112240257641507    -0.113554621648806
27 7
     0.175580524130710    -0.000000000000000     0.000000000000000
    -0.000000000000000     0.307462496767821    -0.176473823399106
     0.000000000000000    -0.176473823399106    -0.014273621648806
27 8
    -4.579019373994604     0.390678729570475     1.747808943815097
     0.390678729570475    -1.769515276315259    -0.046787979193951
     1.747808943815097    -0.046787979193951    -2.966707621648802
27 9
    -0.364166423684554     0.014466746559977     1.004524463890879
     0.036435446813573    -0.059018177087552     0.438059394763196
     1.100081756228680     0.068778481016704    -1.377906121648807
27 10
    -0.001583036602790    -0.000000000000000    -0.000000000000000
    -0.000000000000000     0.018043689430722    -0.037027371907643
    -0.000000000000000    -0.086521556874637     0.091943628351194
27 11
    -0.172378345194009    -0.000000000000000    -0.000000000000000
     0.000000000000000     0.049190560536131    -0.089220583113605
    -0.000000000000000    -0.020566571158345    -0.003835621648806
27 12
    -0.364166423684554    -0.014466746559977    -1.004524463890879
    -0.036435446813573    -0.059018177087552     0.438059394763196
    -1.100081756228680     0.068778481016704    -1.377906121648807
27 13
    -0.364166423684554     0.036435446813573    -1.100081756228680
     0.014466746559977    -0.059018177087552    -0.068778481016704
    -1.004524463890879    -0.438059394763196    -1.377906121648807
27 14
    -0.001583036602790    -0.000000000000000    -0.000000000000000
    -0.000000000000000     0.018043689430722     0.086521556874638
     0.000000000000000     0.037027371907643     0.091943628351194
27 15
    -0.172378345194009    -0.000000000000000    -0.000000000000000
    -0.000000000000000     0.049190560536131     0.020566571158345
    -0.000000000000000     0.089220583113605    -0.003835621648806
27 16
    -0.364166423684554    -0.036435446813573     1.100081756228680
    -0.014466746559977    -0.059018177087552    -0.068778481016704
     1.004524463890879    -0.438059394763196    -1.377906121648807
27 17
     0.050471341155927    -0.169944270727900    -0.061514244577242
    -0.169944270727900    -0.047546216912048    -0.008684986369810
     0.061514244577242     0.008684986369810    -0.308680621648806
27 18
     0.554791873038865     0.000000000000000     0.000000000000000
     0.000000000000000    -0.023462912744916    -0.186060335602005
    -0.000000000000000     0.186060335602005    -0.021591621648806
27 19
    -1.993178311167307    -0.000000000000000     0.000000000000000
    -0.000000000000000    -1.588526204171655    -0.249385349323725
    -0.000000000000000     0.249385349323725   -11.992751621648823
27 20
     0.050471341155927     0.169944270727900     0.061514244577242
     0.169944270727900    -0.047546216912048    -0.008684986369810
    -0.061514244577242     0.008684986369810    -0.308680621648806
27 21
     0.059652469611877    -0.057540329325920     0.023026931586494
    -0.057540329325920    -0.045169135301047    -0.026612237223704
    -0.023026931586494     0.026612237223704    -0.065852621648806
27 22
     0.464642562183544     0.000000000000000     0.000000000000000
    -0.000000000000000     0.316824884047892     0.189722906003190
    -0.000000000000000    -0.189722906003190    -0.460955621648806
27 23
    -0.175887775674484    -0.000000000000000     0.000000000000000
    -0.000000000000000    -0.096539442495455    -0.077668519822442
     0.000000000000000     0.077668519822442     0.438540378351194
27 24
     0.059652469611877     0.057540329325920    -0.023026931586494
     0.057540329325920    -0.045169135301047    -0.026612237223704
     0.023026931586494     0.026612237223704    -0.065852621648806
27 25
    -0.186368420088212    -0.286267099730550    -0.039378907344767
    -0.286267099730550    -0.562036079196034     0.030863824836164
    -0.039378907344767     0.030863824836164     0.306168378351194
27 26
    -2.979000986478588    -0.000000000000000    -0.000000000000000
    -0.000000000000000     0.174330329999903    -0.154598914367117
    -0.000000000000000    -0.154598914367117     0.308686878351194
27 27
    19.000395915365168     0.000000000000000    -0.000000000000000
     0.000000000000000    10.777028384407277    -1.061000102796239
    -0.000000000000000    -1.061000102796239    28.810633378351227
27 28
    -0.186368420088212     0.286267099730550     0.039378907344767
     0.286267099730550    -0.562036079196034     0.030863824836164
     0.039378907344767     0.030863824836164     0.306168378351194
27 29
    -0.109689037408070     0.004020362152530     0.024476649532505
     0.004020362152530    -0.009334943338796    -0.005437969423021
     0.024476649532505    -0.005437969423021     0.021180878351194
27 30
    -0.264702969754296     0.000000000000000    -0.000000000000000
    -0.000000000000000     0.053960041800149     0.058126350055692
     0.000000000000000     0.058126350055692     0.020794878351194
27 31
    -0.176009162149806     0.000000000000000    -0.000000000000000
    -0.000000000000000    -0.206727967422220     0.203192496427498
    -0.000000000000000     0.203192496427498    -0.113507121648806
27 32
    -0.109689037408070    -0.004020362152530    -0.024476649532505
    -0.004020362152530    -0.009334943338795    -0.005437969423021
    -0.024476649532505    -0.005437969423021     0.021180878351194
27 33
    -0.034833594228912     0.030752483852547     0.043044880843088
     0.027068630080815     0.048542963962051     0.063354303358971
     0.038542144702033    -0.059662701909714     0.057378824095308
27 34
     0.028150523953998     0.000000000000000     0.000000000000000
    -0.000000000000000    -0.087287166171741     0.020589431880001
     0.000000000000000     0.048770098460911    -0.069640914599746
27 35
    -0.197150899433486    -0.000000000000000     0.000000000000000
     0.000000000000000    -0.091457172945363    -0.370324074157455
    -0.000000000000000     0.113447889627175    -0.114666828952131
27 36
    -0.034833594228912    -0.030752483852547    -0.043044880843088
    -0.027068630080815     0.048542963962051     0.063354303358971
    -0.038542144702033    -0.059662701909714     0.057378824095308
27 37
     0.026465168023148    -0.241152470388442    -0.027566870952244
    -0.204082690017011     0.017419881374930    -0.177395040472540
     0.026641160734200     0.004098995301013    -0.093030062718388
27 38
    -0.115105670142822     0.000000000000000    -0.000000000000000
    -0.000000000000000     0.112238057932572     0.180389283383385
    -0.000000000000000    -0.170842412094173    -0.088036397720684
27 39
    -0.125268705090837    -0.000000000000000    -0.000000000000000
     0.000000000000000    -0.683864280920003     1.470640865130467
    -0.000000000000000     1.575332584210497    -3.721474924256730
27 40
     0.026465168023148     0.241152470388442     0.027566870952244
     0.204082690017011     0.017419881374930    -0.177395040472540
    -0.026641160734200     0.004098995301013    -0.093030062718388
27 41
    -1.438193012840963    -0.957697251775987     0.878032025909655
    -0.910015386732718    -0.874098728920349     0.504137608306946
     0.685890072630947     0.493452671999501    -0.588604442964367
27 42
    -0.028608216541454    -0.000000000000000     0.000000000000000
     0.000000000000000    -0.036397338049103     0.013205847802014
    -0.000000000000000    -0.108602886497552     0.016875891453639
27 43
    -0.406799284316694     0.000000000000000     0.000000000000000
     0.000000000000000    -2.311446074891507    -0.880414755526842
    -0.000000000000000    -0.715871818488275    -0.509671164574840
27 44
    -1.438193012840963     0.957697251775987    -0.878032025909655
     0.910015386732718    -0.874098728920349     0.504137608306946
    -0.685890072630947     0.493452671999501    -0.588604442964367
27 45
    -0.015535807126718     0.022893762196428     0.046318655061107
     0.019289189766456     0.018809712986487    -0.053025129172715
    -0.125557609103427     0.087664954049332     0.084194380725278
27 46
     0.010626291565748    -0.000000000000000    -0.000000000000000
     0.000000000000000    -0.020623101292446    -0.030248013935430
    -0.000000000000000    -0.054556032062710    -0.012277834100188
27 47
     0.008336955276458     0.000000000000000    -0.000000000000000
     0.000000000000000    -0.065267847609468     0.069694360479029
     0.000000000000000     0.059723676205768    -0.073491832763226
27 48
    -0.015535807126717    -0.022893762196428    -0.046318655061107
    -0.019289189766456     0.018809712986487    -0.053025129172715
     0.125557609103427     0.087664954049332     0.084194380725278
28 1
     0.124449591146878     0.000000000000000    -0.000000000000000
     0.000000000000000     0.025679037100972     0.025701707907920
     0.000000000000000     0.025701707907920    -0.029675621648806
28 2
     0.078719221861866    -0.133803786196045     0.037875309056424
    -0.133803786196045     0.077035140292784    -0.095186119261000
     0.037875309056424    -0.095186119261000     0.093175378351194
28 3
     0.078719221861866     0.133803786196045    -0.037875309056424
     0.133803786196045     0.077035140292784    -0.095186119261000
    -0.037875309056424    -0.095186119261000     0.093175378351194
28 4
     0.072839918979998     0.000000000000000     0.000000000000000
    -0.000000000000000    -0.057329154072917    -0.022703653772725
     0.000000000000000    -0.022703653772725    -0.002998121648806
28 5
     0.123148373509540     0.000000000000000    -0.000000000000000
     0.000000000000000    -0.105204998118733    -0.112240257641507
    -0.000000000000000    -0.112240257641507    -0.113554621648806
28 6
    -4.579019373994604    -0.390678729570475    -1.747808943815097
    -0.390678729570475    -1.769515276315259    -0.046787979193951
    -1.747808943815097    -0.046787979193951    -2.966707621648802
28 7
    -4.579019373994604     0.390678729570475     1.747808943815097
     0.390678729570475    -1.769515276315259    -0.046787979193951
     1.747808943815097    -0.046787979193951    -2.966707621648802
28 8
     0.175580524130710     0.000000000000000    -0.000000000000000
    -0.000000000000000     0.307462496767821    -0.176473823399106
    -0.000000000000000    -0.176473823399106    -0.014273621648806
28 9
    -0.001583036602790     0.000000000000000     0.000000000000000
     0.000000000000000     0.018043689430722    -0.037027371907643
     0.000000000000000    -0.086521556874637     0.091943628351194
28 10
    -0.364166423684554     0.014466746559977     1.004524463890879
     0.036435446813573    -0.059018177087552     0.438059394763196
     1.100081756228680     0.068778481016704    -1.377906121648807
28 11
    -0.364166423684554    -0.014466746559977    -1.004524463890879
    -0.036435446813573    -0.059018177087552     0.438059394763196
    -1.100081756228680     0.068778481016704    -1.377906121648807
28 12
    -0.172378345194009     0.000000000000000    -0.000000000000000
    -0.000000000000000     0.049190560536131    -0.089220583113605
     0.000000000000000    -0.020566571158345    -0.003835621648806
28 13
    -0.001583036602790     0.000000000000000    -0.000000000000000
     0.000000000000000     0.018043689430722     0.086521556874637
    -0.000000000000000     0.037027371907643     0.091943628351194
28 14
    -0.364166423684554     0.036435446813573    -1.100081756228680
     0.014466746559977    -0.059018177087552    -0.068778481016704
    -1.004524463890879    -0.438059394763196    -1.377906121648807
28 15
    -0.364166423684554    -0.036435446813573     1.100081756228680
    -0.014466746559977    -0.059018177087552    -0.068778481016704
     1.004524463890879    -0.438059394763196    -1.377906121648807
28 16
    -0.172378345194009     0.000000000000000    -0.000000000000000
    -0.000000000000000     0.049190560536131     0.020566571158345
    -0.000000000000000     0.089220583113605    -0.003835621648806
28 17
     0.554791873038865     0.000000000000000    -0.000000000000000
    -0.000000000000000    -0.023462912744916    -0.186060335602005
     0.000000000000000     0.186060335602005    -0.021591621648806
28 18
     0.050471341155927    -0.169944270727900    -0.061514244577242
    -0.169944270727900    -0.047546216912048    -0.008684986369810
     0.061514244577242     0.008684986369810    -0.308680621648806
28 19
     0.050471341155927     0.169944270727900     0.061514244577242
     0.169944270727900    -0.047546216912048    -0.008684986369810
    -0.061514244577242     0.008684986369810    -0.308680621648806
28 20
    -1.993178311167307     0.000000000000000    -0.000000000000000
     0.000000000000000    -1.588526204171655    -0.249385349323725
     0.000000000000000     0.249385349323725   -11.992751621648823
28 21
     0.464642562183544     0.000000000000000    -0.000000000000000
    -0.000000000000000     0.316824884047892     0.189722906003190
     0.000000000000000    -0.189722906003190    -0.460955621648806
28 22
     0.059652469611877    -0.057540329325920     0.023026931586494
    -0.057540329325920    -0.045169135301047    -0.026612237223704
    -0.023026931586494     0.026612237223704    -0.065852621648806
28 23
     0.059652469611877     0.057540329325920    -0.023026931586494
     0.057540329325920    -0.045169135301047    -0.026612237223704
     0.023026931586494     0.026612237223704    -0.065852621648806
28 24
    -0.175887775674484     0.000000000000000    -0.000000000000000
     0.000000000000000    -0.096539442495455    -0.077668519822442
     0.000000000000000     0.077668519822442     0.438540378351194
28 25
    -2.979000986478588     0.000000000000000     0.000000000000000
    -0.000000000000000     0.174330329999903    -0.154598914367117
     0.000000000000000    -0.154598914367117     0.308686878351194
28 26
    -0.186368420088212    -0.286267099730550    -0.039378907344767
    -0.286267099730550    -0.562036079196034     0.030863824836164
    -0.039378907344767     0.030863824836164     0.306168378351194
28 27
    -0.186368420088212     0.286267099730550     0.039378907344767
     0.286267099730550    -0.562036079196034     0.030863824836164
     0.039378907344767     0.030863824836164     0.306168378351194
28 28
    19.000395915365168    -0.000000000000000    -0.000000000000000
    -0.000000000000000    10.777028384407277    -1.061000102796238
    -0.000000000000000    -1.061000102796238    28.810633378351231
28 29
    -0.264702969754296     0.000000000000000     0.000000000000000
    -0.000000000000000     0.053960041800149     0.058126350055692
    -0.000000000000000     0.058126350055692     0.020794878351194
28 30
    -0.109689037408070     0.004020362152530     0.024476649532505
     0.004020362152530    -0.009334943338796    -0.005437969423021
     0.024476649532505    -0.005437969423021     0.021180878351194
28 31
    -0.109689037408070    -0.004020362152530    -0.024476649532505
    -0.004020362152530    -0.009334943338796    -0.005437969423021
    -0.024476649532505    -0.005437969423021     0.021180878351194
28 32
    -0.176009162149806     0.000000000000000     0.000000000000000
     0.000000000000000    -0.206727967422220     0.203192496427498
    -0.000000000000000     0.203192496427498    -0.113507121648806
28 33
     0.028150523953998    -0.000000000000000    -0.000000000000000
    -0.000000000000000    -0.087287166171741     0.020589431880001
    -0.000000000000000     0.048770098460911    -0.069640914599746
28 34
    -0.034833594228912     0.030752483852547     0.043044880843088
     0.027068630080815     0.048542963962051     0.063354303358971
     0.038542144702033    -0.059662701909714     0.057378824095308
28 35
    -0.034833594228912    -0.030752483852547    -0.043044880843088
    -0.027068630080815     0.048542963962051     0.063354303358971
    -0.038542144702033    -0.059662701909714     0.057378824095308
28 36
    -0.197150899433486     0.000000000000000    -0.000000000000000
     0.000000000000000    -0.091457172945363    -0.370324074157455
    -0.000000000000000     0.113447889627175    -0.114666828952131
28 37
    -0.115105670142822    -0.000000000000000     0.000000000000000
    -0.000000000000000     0.112238057932572     0.180389283383385
     0.000000000000000    -0.170842412094173    -0.088036397720684
28 38
     0.026465168023148    -0.241152470388442    -0.027566870952244
    -0.204082690017011     0.017419881374930    -0.177395040472540
     0.026641160734200     0.004098995301013    -0.093030062718388
28 39
     0.026465168023148     0.241152470388442     0.027566870952244
     0.204082690017011     0.017419881374930    -0.177395040472540
    -0.026641160734200     0.004098995301013    -0.093030062718388
28 40
    -0.125268705090838     0.000000000000000    -0.000000000000000
     0.000000000000000    -0.683864280920003     1.470640865130467
     0.000000000000000     1.575332584210497    -3.721474924256730
28 41
    -0.028608216541454     0.000000000000000     0.000000000000000
     0.000000000000000    -0.036397338049103     0.013205847802014
     0.000000000000000    -0.108602886497552     0.016875891453639
28 42
    -1.438193012840963    -0.957697251775987     0.878032025909655
    -0.910015386732718    -0.874098728920349     0.504137608306946
     0.685890072630947     0.493452671999501    -0.588604442964367
28 43
    -1.438193012840963     0.957697251775987    -0.878032025909655
     0.910015386732718    -0.874098728920349     0.504137608306946
    -0.685890072630947     0.493452671999501    -0.588604442964367
28 44
    -0.406799284316694    -0.000000000000000    -0.000000000000000
    -0.000000000000000    -2.311446074891506    -0.880414755526842
     0.000000000000000    -0.715871818488275    -0.509671164574840
28 45
     0.010626291565748     0.000000000000000    -0.000000000000000
     0.000000000000000    -0.020623101292446    -0.030248013935430
    -0.000000000000000    -0.054556032062710    -0.012277834100188
28 46
    -0.015535807126718     0.022893762196428     0.046318655061107
     0.019289189766456     0.018809712986487    -0.053025129172715
    -0.125557609103427     0.087664954049332     0.084194380725278
28 47
    -0.015535807126718    -0.022893762196428    -0.046318655061107
    -0.019289189766456     0.018809712986487    -0.053025129172715
     0.125557609103427     0.087664954049332     0.084194380725278
28 48
     0.008336955276458    -0.000000000000000     0.000000000000000
    -0.000000000000000    -0.065267847609468     0.069694360479029
     0.000000000000000     0.059723676205768    -0.073491832763226
29 1
     0.175580524130710    -0.000000000000000    -0.000000000000000
     0.000000000000000     0.307462496767821    -0.176473823399106
     0.000000000000000    -0.176473823399106    -0.014273621648806
29 2
    -4.579019373994604     0.390678729570475     1.747808943815097
     0.390678729570475    -1.769515276315259    -0.046787979193951
     1.747808943815097    -0.046787979193951    -2.966707621648802
29 3
    -4.579019373994604    -0.390678729570475    -1.747808943815097
    -0.390678729570475    -1.769515276315259    -0.046787979193951
    -1.747808943815097    -0.046787979193951    -2.966707621648802
29 4
     0.123148373509540    -0.000000000000000     0.000000000000000
    -0.000000000000000    -0.105204998118733    -0.112240257641507
     0.000000000000000    -0.112240257641507    -0.113554621648806
29 5
     0.072839918979998    -0.000000000000000    -0.000000000000000
     0.000000000000000    -0.057329154072917    -0.022703653772725
     0.000000000000000    -0.022703653772725    -0.002998121648806
29 6
     0.078719221861866     0.133803786196045    -0.037875309056424
     0.133803786196045     0.077035140292784    -0.095186119261000
    -0.037875309056424    -0.095186119261000     0.093175378351194
29 7
     0.078719221861866    -0.133803786196045     0.037875309056424
    -0.133803786196045     0.077035140292784    -0.095186119261000
     0.037875309056424    -0.095186119261000     0.093175378351194
29 8
     0.124449591146878    -0.000000000000000    -0.000000000000000
    -0.000000000000000     0.025679037100972     0.025701707907920
     0.000000000000000     0.025701707907920    -0.029675621648806
29 9
    -0.172378345194009    -0.000000000000000     0.000000000000000
     0.000000000000000     0.049190560536131     0.020566571158345
     0.000000000000000     0.089220583113605    -0.003835621648806
29 10
    -0.364166423684554    -0.036435446813573     1.100081756228680
    -0.014466746559977    -0.059018177087552    -0.068778481016704
     1.004524463890879    -0.438059394763196    -1.377906121648807
29 11
    -0.364166423684554     0.036435446813573    -1.100081756228680
     0.014466746559977    -0.059018177087552    -0.068778481016704
    -1.004524463890879    -0.438059394763196    -1.377906121648807
29 12
    -0.001583036602790    -0.000000000000000    -0.000000000000000
    -0.000000000000000     0.018043689430722     0.086521556874637
     0.000000000000000     0.037027371907643     0.091943628351194
29 13
    -0.172378345194009    -0.000000000000000    -0.000000000000000
     0.000000000000000     0.049190560536131    -0.089220583113605
     0.000000000000000    -0.020566571158345    -0.003835621648806
29 14
    -0.364166423684554    -0.014466746559977    -1.004524463890879
    -0.036435446813573    -0.059018177087552     0.438059394763196
    -1.100081756228680     0.068778481016704    -1.377906121648807
29 15
    -0.364166423684554     0.014466746559977     1.004524463890879
     0.036435446813573    -0.059018177087552     0.438059394763196
     1.100081756228680     0.068778481016704    -1.377906121648807
29 16
    -0.001583036602790    -0.000000000000000    -0.000000000000000
    -0.000000000000000     0.018043689430722    -0.037027371907643
     0.000000000000000    -0.086521556874638     0.091943628351194
29 17
    -0.175887775674484    -0.000000000000000    -0.000000000000000
    -0.000000000000000    -0.096539442495455    -0.077668519822442
     0.000000000000000     0.077668519822442     0.438540378351194
29 18
     0.059652469611877     0.057540329325920    -0.023026931586494
     0.057540329325920    -0.045169135301047    -0.026612237223704
     0.023026931586494     0.026612237223704    -0.065852621648806
29 19
     0.059652469611877    -0.057540329325920     0.023026931586494
    -0.057540329325920    -0.045169135301047    -0.026612237223704
    -0.023026931586494     0.026612237223704    -0.065852621648806
29 20
     0.464642562183544    -0.000000000000000    -0.000000000000000
     0.000000000000000     0.316824884047892     0.189722906003190
     0.000000000000000    -0.189722906003190    -0.460955621648806
29 21
    -1.993178311167307    -0.000000000000000    -0.000000000000000
    -0.000000000000000    -1.588526204171655    -0.249385349323725
     0.000000000000000     0.249385349323725   -11.992751621648823
29 22
     0.050471341155927     0.169944270727900     0.061514244577242
     0.169944270727900    -0.047546216912048    -0.008684986369810
    -0.061514244577242     0.008684986369810    -0.308680621648806
29 23
     0.050471341155927    -0.169944270727900    -0.061514244577242
    -0.169944270727900    -0.047546216912048    -0.008684986369810
     0.061514244577242     0.008684986369810    -0.308680621648806
29 24
     0.554791873038865    -0.000000000000000    -0.000000000000000
     0.000000000000000    -0.023462912744916    -0.186060335602005
     0.000000000000000     0.186060335602005    -0.021591621648806
29 25
    -0.176009162149806    -0.000000000000000     0.000000000000000
    -0.000000000000000    -0.206727967422220     0.203192496427498
     0.000000000000000     0.203192496427498    -0.113507121648806
29 26
    -0.109689037408070    -0.004020362152530    -0.024476649532505
    -0.004020362152530    -0.009334943338796    -0.005437969423021
    -0.024476649532505    -0.005437969423021     0.021180878351194
29 27
    -0.109689037408070     0.004020362152530     0.024476649532505
     0.004020362152530    -0.009334943338796    -0.005437969423021
     0.024476649532505    -0.005437969423021     0.021180878351194
29 28
    -0.264702969754296    -0.000000000000000    -0.000000000000000
     0.000000000000000     0.053960041800149     0.058126350055692
     0.000000000000000     0.058126350055692     0.020794878351194
29 29
    19.000395915365168     0.000000000000000    -0.000000000000000
     0.000000000000000    10.777028384407279    -1.061000102796239
    -0.000000000000000    -1.061000102796239    28.810633378351238
29 30
    -0.186368420088212     0.286267099730550     0.039378907344767
     0.286267099730550    -0.562036079196034     0.030863824836164
     0.039378907344767     0.030863824836164     0.306168378351194
29 31
    -0.186368420088212    -0.286267099730550    -0.039378907344767
    -0.286267099730550    -0.562036079196034     0.030863824836164
    -0.039378907344767     0.030863824836164     0.306168378351194
29 32
    -2.979000986478588    -0.000000000000000     0.000000000000000
     0.000000000000000     0.174330329999903    -0.154598914367117
     0.000000000000000    -0.154598914367117     0.308686878351194
29 33
    -0.125268705090838    -0.000000000000000    -0.000000000000000
    -0.000000000000000    -0.683864280920003     1.470640865130467
     0.000000000000000     1.575332584210497    -3.721474924256730
29 34
     0.026465168023148     0.241152470388442     0.027566870952244
     0.204082690017011     0.017419881374930    -0.177395040472540
    -0.026641160734200     0.004098995301013    -0.093030062718388
29 35
     0.026465168023148    -0.241152470388442    -0.027566870952244
    -0.204082690017011     0.017419881374930    -0.177395040472540
     0.026641160734200     0.004098995301013    -0.093030062718388
29 36
    -0.115105670142822     0.000000000000000    -0.000000000000000
     0.000000000000000     0.112238057932572     0.180389283383385
    -0.000000000000000    -0.170842412094173    -0.088036397720684
29 37
    -0.197150899433486    -0.000000000000000     0.000000000000000
    -0.000000000000000    -0.091457172945363    -0.370324074157455
     0.000000000000000     0.113447889627175    -0.114666828952131
29 38
    -0.034833594228912    -0.030752483852547    -0.043044880843088
    -0.027068630080815     0.048542963962051     0.063354303358971
    -0.038542144702033    -0.059662701909714     0.057378824095308
29 39
    -0.034833594228912     0.030752483852547     0.043044880843088
     0.027068630080815     0.048542963962051     0.063354303358971
     0.038542144702033    -0.059662701909714     0.057378824095308
29 40
     0.028150523953998     0.000000000000000    -0.000000000000000
     0.000000000000000    -0.087287166171741     0.020589431880001
     0.000000000000000     0.048770098460911    -0.069640914599746
29 41
     0.008336955276458     0.000000000000000     0.000000000000000
     0.000000000000000    -0.065267847609468     0.069694360479029
     0.000000000000000     0.059723676205768    -0.073491832763226
29 42
    -0.015535807126717    -0.022893762196428    -0.046318655061107
    -0.019289189766456     0.018809712986487    -0.053025129172715
     0.125557609103427     0.087664954049332     0.084194380725278
29 43
    -0.015535807126717     0.022893762196428     0.046318655061107
     0.019289189766456     0.018809712986487    -0.053025129172715
    -0.125557609103427     0.087664954049332     0.084194380725277
29 44
     0.010626291565748    -0.000000000000000    -0.000000000000000
    -0.000000000000000    -0.020623101292446    -0.030248013935430
     0.000000000000000    -0.054556032062710    -0.012277834100188
29 45
    -0.406799284316694     0.000000000000000    -0.000000000000000
     0.000000000000000    -2.311446074891506    -0.880414755526842
    -0.000000000000000    -0.715871818488275    -0.509671164574840
29 46
    -1.438193012840963     0.957697251775987    -0.878032025909655
     0.910015386732718    -0.874098728920349     0.504137608306946
    -0.685890072630947     0.493452671999501    -0.588604442964367
29 47
    -1.438193012840963    -0.957697251775987     0.878032025909655
    -0.910015386732718    -0.874098728920349     0.504137608306946
     0.685890072630947     0.493452671999501    -0.588604442964367
29 48
    -0.028608216541454    -0.000000000000000    -0.000000000000000
    -0.000000000000000    -0.036397338049104     0.013205847802014
     0.000000000000000    -0.108602886497552     0.016875891453639
30 1
    -4.579019373994604     0.390678729570475     1.747808943815097
     0.390678729570475    -1.769515276315259    -0.046787979193951
     1.747808943815097    -0.046787979193951    -2.966707621648802
30 2
     0.175580524130710    -0.000000000000000     0.000000000000000
     0.000000000000000     0.307462496767821    -0.176473823399106
    -0.000000000000000    -0.176473823399106    -0.014273621648806
30 3
     0.123148373509540    -0.000000000000000     0.000000000000000
     0.000000000000000    -0.105204998118733    -0.112240257641507
    -0.000000000000000    -0.112240257641507    -0.113554621648806
30 4
    -4.579019373994604    -0.390678729570475    -1.747808943815097
    -0.390678729570475    -1.769515276315259    -0.046787979193951
    -1.747808943815097    -0.046787979193951    -2.966707621648802
30 5
     0.078719221861866     0.133803786196045    -0.037875309056424
     0.133803786196045     0.077035140292784    -0.095186119261000
    -0.037875309056424    -0.095186119261000     0.093175378351194
30 6
     0.072839918979998     0.000000000000000     0.000000000000000
     0.000000000000000    -0.057329154072916    -0.022703653772725
    -0.000000000000000    -0.022703653772725    -0.002998121648806
30 7
     0.124449591146878    -0.000000000000000     0.000000000000000
     0.000000000000000     0.025679037100972     0.025701707907920
     0.000000000000000     0.025701707907920    -0.029675621648806
30 8
     0.078719221861866    -0.133803786196045     0.037875309056424
    -0.133803786196045     0.077035140292784    -0.095186119261000
     0.037875309056424    -0.095186119261000     0.093175378351194
30 9
    -0.364166423684554    -0.036435446813573     1.100081756228680
    -0.014466746559977    -0.059018177087552    -0.068778481016704
     1.004524463890879    -0.438059394763196    -1.377906121648807
30 10
    -0.172378345194009    -0.000000000000000    -0.000000000000000
     0.000000000000000     0.049190560536131     0.020566571158345
    -0.000000000000000     0.089220583113605    -0.003835621648806
30 11
    -0.001583036602790    -0.000000000000000    -0.000000000000000
     0.000000000000000     0.018043689430722     0.086521556874638
    -0.000000000000000     0.037027371907643     0.091943628351194
30 12
    -0.364166423684554     0.036435446813573    -1.100081756228680
     0.014466746559977    -0.059018177087552    -0.068778481016704
    -1.004524463890879    -0.438059394763196    -1.377906121648807
30 13
    -0.364166423684554    -0.014466746559977    -1.004524463890879
    -0.036435446813573    -0.059018177087552     0.438059394763196
    -1.100081756228680     0.068778481016704    -1.377906121648807
30 14
    -0.172378345194009    -0.000000000000000     0.000000000000000
     0.000000000000000     0.049190560536131    -0.089220583113605
     0.000000000000000    -0.020566571158345    -0.003835621648806
30 15
    -0.001583036602790    -0.000000000000000    -0.000000000000000
     0.000000000000000     0.018043689430722    -0.037027371907643
    -0.000000000000000    -0.086521556874638     0.091943628351194
30 16
    -0.364166423684554     0.014466746559977     1.004524463890879
     0.036435446813573    -0.059018177087552     0.438059394763196
     1.100081756228680     0.068778481016704    -1.377906121648807
30 17
     0.059652469611877     0.057540329325920    -0.023026931586494
     0.057540329325920    -0.045169135301047    -0.026612237223704
     0.023026931586494     0.026612237223704    -0.065852621648806
30 18
    -0.175887775674484     0.000000000000000     0.000000000000000
     0.000000000000000    -0.096539442495455    -0.077668519822442
    -0.000000000000000     0.077668519822442     0.438540378351194
30 19
     0.464642562183544    -0.000000000000000     0.000000000000000
    -0.000000000000000     0.316824884047892     0.189722906003190
    -0.000000000000000    -0.189722906003190    -0.460955621648806
30 20
     0.059652469611877    -0.057540329325920     0.023026931586494
    -0.057540329325920    -0.045169135301047    -0.026612237223704
    -0.023026931586494     0.026612237223704    -0.065852621648806
30 21
     0.050471341155927     0.169944270727900     0.061514244577242
     0.169944270727900    -0.047546216912048    -0.008684986369810
    -0.061514244577242     0.008684986369810    -0.308680621648806
30 22
    -1.993178311167307     0.000000000000000     0.000000000000000
     0.000000000000000    -1.588526204171655    -0.249385349323725
    -0.000000000000000     0.249385349323725   -11.992751621648823
30 23
     0.554791873038865    -0.000000000000000     0.000000000000000
     0.000000000000000    -0.023462912744916    -0.186060335602005
     0.000000000000000     0.186060335602005    -0.021591621648806
30 24
     0.050471341155927    -0.169944270727900    -0.061514244577242
    -0.169944270727900    -0.047546216912048    -0.008684986369810
     0.061514244577242     0.008684986369810    -0.308680621648806
30 25
    -0.109689037408070    -0.004020362152530    -0.024476649532505
    -0.004020362152530    -0.009334943338795    -0.005437969423021
    -0.024476649532505    -0.005437969423021     0.021180878351194
30 26
    -0.176009162149806    -0.000000000000000     0.000000000000000
     0.000000000000000    -0.206727967422220     0.203192496427498
    -0.000000000000000     0.203192496427498    -0.113507121648806
30 27
    -0.264702969754296    -0.000000000000000     0.000000000000000
     0.000000000000000     0.053960041800149     0.058126350055692
    -0.000000000000000     0.058126350055692     0.020794878351194
30 28
    -0.109689037408070     0.004020362152530     0.024476649532505
     0.004020362152530    -0.009334943338796    -0.005437969423021
     0.024476649532505    -0.005437969423021     0.021180878351194
30 29
    -0.186368420088212     0.286267099730550     0.039378907344767
     0.286267099730550    -0.562036079196034     0.030863824836164
     0.039378907344767     0.030863824836164     0.306168378351194
30 30
    19.000395915365168    -0.000000000000000     0.000000000000000
    -0.000000000000000    10.777028384407277    -1.061000102796238
     0.000000000000000    -1.061000102796238    28.810633378351241
30 31
    -2.979000986478588     0.000000000000000    -0.000000000000000
     0.000000000000000     0.174330329999903    -0.154598914367117
    -0.000000000000000    -0.154598914367117     0.308686878351194
30 32
    -0.186368420088212    -0.286267099730550    -0.039378907344767
    -0.286267099730550    -0.562036079196034     0.030863824836164
    -0.039378907344767     0.030863824836164     0.306168378351194
30 33
     0.026465168023148     0.241152470388442     0.027566870952244
     0.204082690017011     0.017419881374930    -0.177395040472540
    -0.026641160734200     0.004098995301013    -0.093030062718388
30 34
    -0.125268705090837     0.000000000000000     0.000000000000000
     0.000000000000000    -0.683864280920003     1.470640865130467
     0.000000000000000     1.575332584210497    -3.721474924256730
30 35
    -0.115105670142822    -0.000000000000000     0.000000000000000
     0.000000000000000     0.112238057932572     0.180389283383385
    -0.000000000000000    -0.170842412094173    -0.088036397720684
30 36
     0.026465168023148    -0.241152470388442    -0.027566870952244
    -0.204082690017011     0.017419881374930    -0.177395040472540
     0.026641160734200     0.004098995301013    -0.093030062718388
30 37
    -0.034833594228912    -0.030752483852547    -0.043044880843088
    -0.027068630080815     0.048542963962051     0.063354303358971
    -0.038542144702033    -0.059662701909714     0.057378824095308
30 38
    -0.197150899433486     0.000000000000000    -0.000000000000000
     0.000000000000000    -0.091457172945363    -0.370324074157455
    -0.000000000000000     0.113447889627175    -0.114666828952131
30 39
     0.028150523953998    -0.000000000000000    -0.000000000000000
     0.000000000000000    -0.087287166171741     0.020589431880001
    -0.000000000000000     0.048770098460911    -0.069640914599746
30 40
    -0.034833594228912     0.030752483852547     0.043044880843088
     0.027068630080815     0.048542963962051     0.063354303358971
     0.038542144702033    -0.059662701909714     0.057378824095308
30 41
    -0.015535807126717    -0.022893762196428    -0.046318655061107
    -0.019289189766456     0.018809712986487    -0.053025129172715
     0.125557609103427     0.087664954049332     0.084194380725278
30 42
     0.008336955276458    -0.000000000000000     0.000000000000000
     0.000000000000000    -0.065267847609468     0.069694360479029
    -0.000000000000000     0.059723676205768    -0.073491832763226
30 43
     0.010626291565748     0.000000000000000     0.000000000000000
     0.000000000000000    -0.020623101292446    -0.030248013935430
    -0.000000000000000    -0.054556032062710    -0.012277834100188
30 44
    -0.015535807126717     0.022893762196428     0.046318655061107
     0.019289189766456     0.018809712986487    -0.053025129172715
    -0.125557609103427     0.087664954049332     0.084194380725278
30 45
    -1.438193012840963     0.957697251775987    -0.878032025909655
     0.910015386732718    -0.874098728920349     0.504137608306946
    -0.685890072630947     0.493452671999501    -0.588604442964367
30 46
    -0.406799284316694    -0.000000000000000     0.000000000000000
     0.000000000000000    -2.311446074891506    -0.880414755526842
    -0.000000000000000    -0.715871818488275    -0.509671164574840
30 47
    -0.028608216541454     0.000000000000000     0.000000000000000
     0.000000000000000    -0.036397338049104     0.013205847802014
     0.000000000000000    -0.108602886497552     0.016875891453639
30 48
    -1.438193012840963    -0.957697251775987     0.878032025909655
    -0.910015386732718    -0.874098728920349     0.504137608306946
     0.685890072630947     0.493452671999501    -0.588604442964367
31 1
    -4.579019373994604    -0.390678729570475    -1.747808943815097
    -0.390678729570475    -1.769515276315259    -0.046787979193951
    -1.747808943815097    -0.046787979193951    -2.966707621648802
31 2
     0.123148373509540    -0.000000000000000     0.000000000000000
     0.000000000000000    -0.105204998118733    -0.112240257641507
    -0.000000000000000    -0.112240257641507    -0.113554621648806
31 3
     0.175580524130710    -0.000000000000000     0.000000000000000
     0.000000000000000     0.307462496767821    -0.176473823399106
    -0.000000000000000    -0.176473823399106    -0.014273621648806
31 4
    -4.579019373994604     0.390678729570475     1.747808943815097
     0.390678729570475    -1.769515276315259    -0.046787979193951
     1.747808943815097    -0.046787979193951    -2.966707621648802
31 5
     0.078719221861866    -0.133803786196045     0.037875309056424
    -0.133803786196045     0.077035140292784    -0.095186119261000
     0.037875309056424    -0.095186119261000     0.093175378351194
31 6
     0.124449591146878     0.000000000000000     0.000000000000000
     0.000000000000000     0.025679037100972     0.025701707907920
    -0.000000000000000     0.025701707907920    -0.029675621648806
31 7
     0.072839918979998    -0.000000000000000     0.000000000000000
     0.000000000000000    -0.057329154072916    -0.022703653772725
    -0.000000000000000    -0.022703653772725    -0.002998121648806
31 8
     0.078719221861866     0.133803786196045    -0.037875309056424
     0.133803786196045     0.077035140292784    -0.095186119261000
    -0.037875309056424    -0.095186119261000     0.093175378351194
31 9
    -0.364166423684554     0.036435446813573    -1.100081756228680
     0.014466746559977    -0.059018177087552    -0.068778481016704
    -1.004524463890879    -0.438059394763196    -1.377906121648807
31 10
    -0.001583036602790    -0.000000000000000    -0.000000000000000
     0.000000000000000     0.018043689430722     0.086521556874638
    -0.000000000000000     0.037027371907643     0.091943628351194
31 11
    -0.172378345194009    -0.000000000000000    -0.000000000000000
     0.000000000000000     0.049190560536131     0.020566571158345
    -0.000000000000000     0.089220583113605    -0.003835621648806
31 12
    -0.364166423684554    -0.036435446813573     1.100081756228680
    -0.014466746559977    -0.059018177087552    -0.068778481016704
     1.004524463890879    -0.438059394763196    -1.377906121648807
31 13
    -0.364166423684554     0.014466746559977     1.004524463890879
     0.036435446813573    -0.059018177087552     0.438059394763196
     1.100081756228680     0.068778481016704    -1.377906121648807
31 14
    -0.001583036602790    -0.000000000000000    -0.000000000000000
     0.000000000000000     0.018043689430722    -0.037027371907643
    -0.000000000000000    -0.086521556874637     0.091943628351194
31 15
    -0.172378345194009    -0.000000000000000    -0.000000000000000
     0.000000000000000     0.049190560536131    -0.089220583113605
    -0.000000000000000    -0.020566571158345    -0.003835621648806
31 16
    -0.364166423684554    -0.014466746559977    -1.004524463890879
    -0.036435446813573    -0.059018177087552     0.438059394763196
    -1.100081756228680     0.068778481016704    -1.377906121648807
31 17
     0.059652469611877    -0.057540329325920     0.023026931586494
    -0.057540329325920    -0.045169135301047    -0.026612237223704
    -0.023026931586494     0.026612237223704    -0.065852621648806
31 18
     0.464642562183544     0.000000000000000     0.000000000000000
     0.000000000000000     0.316824884047892     0.189722906003190
    -0.000000000000000    -0.189722906003190    -0.460955621648806
31 19
    -0.175887775674484    -0.000000000000000     0.000000000000000
    -0.000000000000000    -0.096539442495455    -0.077668519822442
    -0.000000000000000     0.077668519822442     0.438540378351194
31 20
     0.059652469611877     0.057540329325920    -0.023026931586494
     0.057540329325920    -0.045169135301047    -0.026612237223704
     0.023026931586494     0.026612237223704    -0.065852621648806
31 21
     0.050471341155927    -0.169944270727900    -0.061514244577242
    -0.169944270727900    -0.047546216912048    -0.008684986369810
     0.061514244577242     0.008684986369810    -0.308680621648806
31 22
     0.554791873038865     0.000000000000000     0.000000000000000
     0.000000000000000    -0.023462912744916    -0.186060335602005
    -0.000000000000000     0.186060335602005    -0.021591621648806
31 23
    -1.993178311167307    -0.000000000000000     0.000000000000000
     0.000000000000000    -1.588526204171655    -0.249385349323725
    -0.000000000000000     0.249385349323725   -11.992751621648823
31 24
     0.050471341155927     0.169944270727900     0.061514244577242
     0.169944270727900    -0.047546216912048    -0.008684986369810
    -0.061514244577242     0.008684986369810    -0.308680621648806
31 25
    -0.109689037408070     0.004020362152530     0.024476649532505
     0.004020362152530    -0.009334943338795    -0.005437969423021
     0.024476649532505    -0.005437969423021     0.021180878351194
31 26
    -0.264702969754296    -0.000000000000000    -0.000000000000000
     0.000000000000000     0.053960041800149     0.058126350055692
    -0.000000000000000     0.058126350055692     0.020794878351194
31 27
    -0.176009162149806    -0.000000000000000    -0.000000000000000
     0.000000000000000    -0.206727967422220     0.203192496427498
    -0.000000000000000     0.203192496427498    -0.113507121648806
31 28
    -0.109689037408070    -0.004020362152530    -0.024476649532505
    -0.004020362152530    -0.009334943338796    -0.005437969423021
    -0.024476649532505    -0.005437969423021     0.021180878351194
31 29
    -0.186368420088212    -0.286267099730550    -0.039378907344767
    -0.286267099730550    -0.562036079196034     0.030863824836164
    -0.039378907344767     0.030863824836164     0.306168378351194
31 30
    -2.979000986478588     0.000000000000000    -0.000000000000000
     0.000000000000000     0.174330329999903    -0.154598914367117
    -0.000000000000000    -0.154598914367117     0.308686878351194
31 31
    19.000395915365168    -0.000000000000000    -0.000000000000000
    -0.000000000000000    10.777028384407277    -1.061000102796238
    -0.000000000000000    -1.061000102796238    28.810633378351238
31 32
    -0.186368420088212     0.286267099730550     0.039378907344767
     0.286267099730550    -0.562036079196034     0.030863824836164
     0.039378907344767     0.030863824836164     0.306168378351194
31 33
     0.026465168023148    -0.241152470388442    -0.027566870952244
    -0.204082690017011     0.017419881374930    -0.177395040472540
     0.026641160734200     0.004098995301013    -0.093030062718388
31 34
    -0.115105670142822     0.000000000000000     0.000000000000000
     0.000000000000000     0.112238057932572     0.180389283383385
     0.000000000000000    -0.170842412094173    -0.088036397720684
31 35
    -0.125268705090837    -0.000000000000000     0.000000000000000
     0.000000000000000    -0.683864280920003     1.470640865130467
    -0.000000000000000     1.575332584210497    -3.721474924256730
31 36
     0.026465168023148     0.241152470388442     0.027566870952244
     0.204082690017011     0.017419881374930    -0.177395040472540
    -0.026641160734200     0.004098995301013    -0.093030062718388
31 37
    -0.034833594228912     0.030752483852547     0.043044880843088
     0.027068630080815     0.048542963962051     0.063354303358971
     0.038542144702033    -0.059662701909714     0.057378824095308
31 38
     0.028150523953998     0.000000000000000    -0.000000000000000
     0.000000000000000    -0.087287166171741     0.020589431880001
    -0.000000000000000     0.048770098460911    -0.069640914599746
31 39
    -0.197150899433486    -0.000000000000000    -0.000000000000000
     0.000000000000000    -0.091457172945363    -0.370324074157455
    -0.000000000000000     0.113447889627175    -0.114666828952131
31 40
    -0.034833594228912    -0.030752483852547    -0.043044880843088
    -0.027068630080815     0.048542963962051     0.063354303358971
    -0.038542144702033    -0.059662701909714     0.057378824095308
31 41
    -0.015535807126717     0.022893762196428     0.046318655061107
     0.019289189766456     0.018809712986487    -0.053025129172715
    -0.125557609103427     0.087664954049332     0.084194380725278
31 42
     0.010626291565748    -0.000000000000000     0.000000000000000
     0.000000000000000    -0.020623101292446    -0.030248013935430
    -0.000000000000000    -0.054556032062710    -0.012277834100188
31 43
     0.008336955276458     0.000000000000000     0.000000000000000
     0.000000000000000    -0.065267847609468     0.069694360479029
    -0.000000000000000     0.059723676205768    -0.073491832763226
31 44
    -0.015535807126717    -0.022893762196428    -0.046318655061107
    -0.019289189766456     0.018809712986487    -0.053025129172715
     0.125557609103427     0.087664954049332     0.084194380725278
31 45
    -1.438193012840963    -0.957697251775987     0.878032025909655
    -0.910015386732718    -0.874098728920349     0.504137608306946
     0.685890072630947     0.493452671999501    -0.588604442964367
31 46
    -0.028608216541454    -0.000000000000000    -0.000000000000000
     0.000000000000000    -0.036397338049103     0.013205847802014
    -0.000000000000000    -0.108602886497552     0.016875891453639
31 47
    -0.406799284316694     0.000000000000000    -0.000000000000000
     0.000000000000000    -2.311446074891507    -0.880414755526842
    -0.000000000000000    -0.715871818488275    -0.509671164574840
31 48
    -1.438193012840963     0.957697251775987    -0.878032025909655
     0.910015386732718    -0.874098728920349     0.504137608306946
    -0.685890072630947     0.493452671999501    -0.588604442964367
32 1
     0.123148373509540     0.000000000000000    -0.000000000000000
     0.000000000000000    -0.105204998118733    -0.112240257641507
     0.000000000000000    -0.112240257641507    -0.113554621648806
32 2
    -4.579019373994604    -0.390678729570475    -1.747808943815097
    -0.390678729570475    -1.769515276315259    -0.046787979193951
    -1.747808943815097    -0.046787979193951    -2.966707621648802
32 3
    -4.579019373994604     0.390678729570475     1.747808943815097
     0.390678729570475    -1.769515276315259    -0.046787979193951
     1.747808943815097    -0.046787979193951    -2.966707621648802
32 4
     0.175580524130710     0.000000000000000     0.000000000000000
    -0.000000000000000     0.307462496767821    -0.176473823399106
     0.000000000000000    -0.176473823399106    -0.014273621648806
32 5
     0.124449591146878     0.000000000000000    -0.000000000000000
     0.000000000000000     0.025679037100972     0.025701707907920
     0.000000000000000     0.025701707907920    -0.029675621648806
32 6
     0.078719221861866    -0.133803786196045     0.037875309056424
    -0.133803786196045     0.077035140292784    -0.095186119261000
     0.037875309056424    -0.095186119261000     0.093175378351194
32 7
     0.078719221861866     0.133803786196045    -0.037875309056424
     0.133803786196045     0.077035140292784    -0.095186119261000
    -0.037875309056424    -0.095186119261000     0.093175378351194
32 8
     0.072839918979998     0.000000000000000    -0.000000000000000
    -0.000000000000000    -0.057329154072916    -0.022703653772725
     0.000000000000000    -0.022703653772725    -0.002998121648806
32 9
    -0.001583036602790     0.000000000000000     0.000000000000000
     0.000000000000000     0.018043689430722     0.086521556874638
     0.000000000000000     0.037027371907643     0.091943628351194
32 10
    -0.364166423684554     0.036435446813573    -1.100081756228680
     0.014466746559977    -0.059018177087552    -0.068778481016704
    -1.004524463890879    -0.438059394763196    -1.377906121648807
32 11
    -0.364166423684554    -0.036435446813573     1.100081756228680
    -0.014466746559977    -0.059018177087552    -0.068778481016704
     1.004524463890879    -0.438059394763196    -1.377906121648807
32 12
    -0.172378345194009     0.000000000000000    -0.000000000000000
    -0.000000000000000     0.049190560536131     0.020566571158345
     0.000000000000000     0.089220583113605    -0.003835621648806
32 13
    -0.001583036602790     0.000000000000000    -0.000000000000000
     0.000000000000000     0.018043689430722    -0.037027371907643
     0.000000000000000    -0.086521556874638     0.091943628351194
32 14
    -0.364166423684554     0.014466746559977     1.004524463890879
     0.036435446813573    -0.059018177087552     0.438059394763196
     1.100081756228680     0.068778481016704    -1.377906121648807
32 15
    -0.364166423684554    -0.014466746559977    -1.004524463890879
    -0.036435446813573    -0.059018177087552     0.438059394763196
    -1.100081756228680     0.068778481016704    -1.377906121648807
32 16
    -0.172378345194009     0.000000000000000    -0.000000000000000
    -0.000000000000000     0.049190560536131    -0.089220583113605
     0.000000000000000    -0.020566571158345    -0.003835621648806
32 17
     0.464642562183544     0.000000000000000    -0.000000000000000
    -0.000000000000000     0.316824884047892     0.189722906003190
     0.000000000000000    -0.189722906003190    -0.460955621648806
32 18
     0.059652469611877    -0.057540329325920     0.023026931586494
    -0.057540329325920    -0.045169135301047    -0.026612237223704
    -0.023026931586494     0.026612237223704    -0.065852621648806
32 19
     0.059652469611877     0.057540329325920    -0.023026931586494
     0.057540329325920    -0.045169135301047    -0.026612237223704
     0.023026931586494     0.026612237223704    -0.065852621648806
32 20
    -0.175887775674484     0.000000000000000    -0.000000000000000
     0.000000000000000    -0.096539442495455    -0.077668519822442
     0.000000000000000     0.077668519822442     0.438540378351194
32 21
     0.554791873038865     0.000000000000000    -0.000000000000000
    -0.000000000000000    -0.023462912744916    -0.186060335602005
     0.000000000000000     0.186060335602005    -0.021591621648806
32 22
     0.050471341155927    -0.169944270727900    -0.061514244577242
    -0.169944270727900    -0.047546216912048    -0.008684986369810
     0.061514244577242     0.008684986369810    -0.308680621648806
32 23
     0.050471341155927     0.169944270727900     0.061514244577242
     0.169944270727900    -0.047546216912048    -0.008684986369810
    -0.061514244577242     0.008684986369810    -0.308680621648806
32 24
    -1.993178311167307     0.000000000000000    -0.000000000000000
     0.000000000000000    -1.588526204171655    -0.249385349323725
     0.000000000000000     0.249385349323725   -11.992751621648823
32 25
    -0.264702969754296     0.000000000000000     0.000000000000000
    -0.000000000000000     0.053960041800149     0.058126350055692
     0.000000000000000     0.058126350055692     0.020794878351194
32 26
    -0.109689037408070     0.004020362152530     0.024476649532505
     0.004020362152530    -0.009334943338795    -0.005437969423021
     0.024476649532505    -0.005437969423021     0.021180878351194
32 27
    -0.109689037408070    -0.004020362152530    -0.024476649532505
    -0.004020362152530    -0.009334943338795    -0.005437969423021
    -0.024476649532505    -0.005437969423021     0.021180878351194
32 28
    -0.176009162149806     0.000000000000000    -0.000000000000000
     0.000000000000000    -0.206727967422220     0.203192496427498
     0.000000000000000     0.203192496427498    -0.113507121648806
32 29
    -2.979000986478588     0.000000000000000     0.000000000000000
    -0.000000000000000     0.174330329999903    -0.154598914367117
     0.000000000000000    -0.154598914367117     0.308686878351194
32 30
    -0.186368420088212    -0.286267099730550    -0.039378907344767
    -0.286267099730550    -0.562036079196034     0.030863824836164
    -0.039378907344767     0.030863824836164     0.306168378351194
32 31
    -0.186368420088212     0.286267099730550     0.039378907344767
     0.286267099730550    -0.562036079196034     0.030863824836164
     0.039378907344767     0.030863824836164     0.306168378351194
32 32
    19.000395915365171     0.000000000000000    -0.000000000000000
     0.000000000000000    10.777028384407275    -1.061000102796238
    -0.000000000000000    -1.061000102796238    28.810633378351234
32 33
    -0.115105670142822    -0.000000000000000    -0.000000000000000
    -0.000000000000000     0.112238057932572     0.180389283383385
     0.000000000000000    -0.170842412094173    -0.088036397720684
32 34
     0.026465168023148    -0.241152470388442    -0.027566870952244
    -0.204082690017011     0.017419881374930    -0.177395040472540
     0.026641160734200     0.004098995301013    -0.093030062718388
32 35
     0.026465168023148     0.241152470388442     0.027566870952244
     0.204082690017011     0.017419881374930    -0.177395040472540
    -0.026641160734200     0.004098995301013    -0.093030062718388
32 36
    -0.125268705090837     0.000000000000000    -0.000000000000000
     0.000000000000000    -0.683864280920003     1.470640865130467
    -0.000000000000000     1.575332584210497    -3.721474924256730
32 37
     0.028150523953998    -0.000000000000000     0.000000000000000
    -0.000000000000000    -0.087287166171741     0.020589431880001
     0.000000000000000     0.048770098460911    -0.069640914599746
32 38
    -0.034833594228912     0.030752483852547     0.043044880843088
     0.027068630080815     0.048542963962051     0.063354303358971
     0.038542144702033    -0.059662701909714     0.057378824095308
32 39
    -0.034833594228912    -0.030752483852547    -0.043044880843088
    -0.027068630080815     0.048542963962051     0.063354303358971
    -0.038542144702033    -0.059662701909714     0.057378824095308
32 40
    -0.197150899433486     0.000000000000000    -0.000000000000000
     0.000000000000000    -0.091457172945363    -0.370324074157455
     0.000000000000000     0.113447889627175    -0.114666828952131
32 41
     0.010626291565748     0.000000000000000     0.000000000000000
     0.000000000000000    -0.020623101292446    -0.030248013935430
     0.000000000000000    -0.054556032062710    -0.012277834100188
32 42
    -0.015535807126717     0.022893762196428     0.046318655061107
     0.019289189766456     0.018809712986487    -0.053025129172715
    -0.125557609103427     0.087664954049332     0.084194380725278
32 43
    -0.015535807126717    -0.022893762196428    -0.046318655061107
    -0.019289189766456     0.018809712986487    -0.053025129172715
     0.125557609103427     0.087664954049332     0.084194380725278
32 44
     0.008336955276458    -0.000000000000000    -0.000000000000000
    -0.000000000000000    -0.065267847609468     0.069694360479029
     0.000000000000000     0.059723676205768    -0.073491832763226
32 45
    -0.028608216541454     0.000000000000000    -0.000000000000000
     0.000000000000000    -0.036397338049103     0.013205847802014
    -0.000000000000000    -0.108602886497552     0.016875891453639
32 46
    -1.438193012840963    -0.957697251775987     0.878032025909655
    -0.910015386732718    -0.874098728920349     0.504137608306946
     0.685890072630947     0.493452671999501    -0.588604442964367
32 47
    -1.438193012840963     0.957697251775987    -0.878032025909655
     0.910015386732718    -0.874098728920349     0.504137608306946
    -0.685890072630947     0.493452671999501    -0.588604442964367
32 48
    -0.406799284316694    -0.000000000000000    -0.000000000000000
    -0.000000000000000    -2.311446074891506    -0.880414755526842
     0.000000000000000    -0.715871818488275    -0.509671164574840
33 1
    -0.406799284316694    -0.000000000000000    -0.000000000000000
    -0.000000000000000    -2.311446074891507    -0.715871818488275
    -0.000000000000000    -0.880414755526842    -0.509671164574840
33 2
    -1.438193012840963     0.910015386732718    -0.685890072630947
     0.957697251775987    -0.874098728920349     0.493452671999501
    -0.878032025909655     0.504137608306946    -0.588604442964367
33 3
    -1.438193012840963    -0.910015386732718     0.685890072630947
    -0.957697251775987    -0.874098728920349     0.493452671999501
     0.878032025909655     0.504137608306946    -0.588604442964367
33 4
    -0.028608216541454    -0.000000000000000     0.000000000000000
    -0.000000000000000    -0.036397338049104    -0.108602886497552
    -0.000000000000000     0.013205847802014     0.016875891453639
33 5
     0.008336955276458    -0.000000000000000    -0.000000000000000
    -0.000000000000000    -0.065267847609468     0.059723676205768
    -0.000000000000000     0.069694360479029    -0.073491832763226
33 6
    -0.015535807126718    -0.019289189766456     0.125557609103427
    -0.022893762196428     0.018809712986487     0.087664954049332
    -0.046318655061107    -0.053025129172715     0.084194380725277
33 7
    -0.015535807126718     0.019289189766456    -0.125557609103427
     0.022893762196428     0.018809712986487     0.087664954049332
     0.046318655061107    -0.053025129172715     0.084194380725277
33 8
     0.010626291565748    -0.000000000000000    -0.000000000000000
    -0.000000000000000    -0.020623101292446    -0.054556032062710
    -0.000000000000000    -0.030248013935430    -0.012277834100188
33 9
    -0.406799284316694    -0.000000000000000    -0.000000000000000
    -0.000000000000000    -2.311446074891506     0.715871818488275
    -0.000000000000000     0.880414755526842    -0.509671164574840
33 10
    -1.438193012840963     0.910015386732718     0.685890072630947
     0.957697251775987    -0.874098728920349    -0.493452671999501
     0.878032025909655    -0.504137608306946    -0.588604442964367
33 11
    -1.438193012840963    -0.910015386732718    -0.685890072630947
    -0.957697251775987    -0.874098728920349    -0.493452671999501
    -0.878032025909655    -0.504137608306946    -0.588604442964367
33 12
    -0.028608216541454    -0.000000000000000    -0.000000000000000
    -0.000000000000000    -0.036397338049104     0.108602886497552
    -0.000000000000000    -0.013205847802014     0.016875891453639
33 13
     0.008336955276458    -0.000000000000000    -0.000000000000000
    -0.000000000000000    -0.065267847609468    -0.059723676205768
    -0.000000000000000    -0.069694360479029    -0.073491832763226
33 14
    -0.015535807126718    -0.019289189766456    -0.125557609103427
    -0.022893762196428     0.018809712986487    -0.087664954049332
     0.046318655061107     0.053025129172715     0.084194380725277
33 15
    -0.015535807126718     0.019289189766456     0.125557609103427
     0.022893762196428     0.018809712986487    -0.087664954049332
    -0.046318655061107     0.053025129172715     0.084194380725278
33 16
     0.010626291565748    -0.000000000000000    -0.000000000000000
    -0.000000000000000    -0.020623101292446     0.054556032062710
    -0.000000000000000     0.030248013935430    -0.012277834100188
33 17
    -0.125268705090838    -0.000000000000000    -0.000000000000000
    -0.000000000000000    -0.683864280920003    -1.575332584210497
    -0.000000000000000    -1.470640865130467    -3.721474924256730
33 18
     0.026465168023148     0.204082690017011     0.026641160734200
     0.241152470388442     0.017419881374930    -0.004098995301013
    -0.027566870952244     0.177395040472540    -0.093030062718388
33 19
     0.026465168023148    -0.204082690017011    -0.026641160734200
    -0.241152470388442     0.017419881374930    -0.004098995301013
     0.027566870952244     0.177395040472540    -0.093030062718388
33 20
    -0.115105670142822    -0.000000000000000    -0.000000000000000
    -0.000000000000000     0.112238057932572     0.170842412094173
    -0.000000000000000    -0.180389283383385    -0.088036397720684
33 21
    -0.197150899433486    -0.000000000000000    -0.000000000000000
    -0.000000000000000    -0.091457172945363    -0.113447889627175
    -0.000000000000000     0.370324074157455    -0.114666828952131
33 22
    -0.034833594228912    -0.027068630080815     0.038542144702033
    -0.030752483852547     0.048542963962051     0.059662701909714
     0.043044880843088    -0.063354303358971     0.057378824095308
33 23
    -0.034833594228912     0.027068630080815    -0.038542144702033
     0.030752483852547     0.048542963962051     0.059662701909714
    -0.043044880843088    -0.063354303358971     0.057378824095308
33 24
     0.028150523953998    -0.000000000000000    -0.000000000000000
    -0.000000000000000    -0.087287166171741    -0.048770098460911
    -0.000000000000000    -0.020589431880001    -0.069640914599746
33 25
    -0.197150899433486    -0.000000000000000     0.000000000000000
    -0.000000000000000    -0.091457172945363     0.113447889627175
    -0.000000000000000    -0.370324074157455    -0.114666828952131
33 26
    -0.034833594228912    -0.027068630080815    -0.038542144702033
    -0.030752483852547     0.048542963962051    -0.059662701909714
    -0.043044880843088     0.063354303358971     0.057378824095308
33 27
    -0.034833594228912     0.027068630080815     0.038542144702033
     0.030752483852547     0.048542963962051    -0.059662701909714
     0.043044880843088     0.063354303358971     0.057378824095308
33 28
     0.028150523953998    -0.000000000000000    -0.000000000000000
    -0.000000000000000    -0.087287166171741     0.048770098460911
    -0.000000000000000     0.020589431880001    -0.069640914599746
33 29
    -0.125268705090838    -0.000000000000000     0.000000000000000
    -0.000000000000000    -0.683864280920003     1.575332584210497
    -0.000000000000000     1.470640865130467    -3.721474924256730
33 30
     0.026465168023148     0.204082690017011    -0.026641160734200
     0.241152470388442     0.017419881374930     0.004098995301013
     0.027566870952244    -0.177395040472540    -0.093030062718388
33 31
     0.026465168023148    -0.204082690017011     0.026641160734200
    -0.241152470388442     0.017419881374930     0.004098995301013
    -0.027566870952244    -0.177395040472540    -0.093030062718388
33 32
    -0.115105670142822    -0.000000000000000     0.000000000000000
    -0.000000000000000     0.112238057932572    -0.170842412094173
    -0.000000000000000     0.180389283383385    -0.088036397720684
33 33
     8.129434786142859     0.000000000000000    -0.000000000000000
     0.000000000000000    10.838532582810126     0.000000000000000
    -0.000000000000000     0.000000000000000    11.693111438850972
33 34
    -0.136501651904759     0.171949992163704     0.000000000000000
     0.171949992163704    -0.495607785103537     0.000000000000000
     0.000000000000000     0.000000000000000    -0.054235127411172
33 35
    -0.136501651904759    -0.171949992163704     0.000000000000000
    -0.171949992163704    -0.495607785103537     0.000000000000000
    -0.000000000000000     0.000000000000000    -0.054235127411172
33 36
    -0.415988726933639     0.000000000000000    -0.000000000000000
    -0.000000000000000     0.205773165050901     0.000000000000000
    -0.000000000000000     0.000000000000000    -0.077397811112677
33 37
    -0.047286229104287    -0.000000000000000     0.000000000000000
    -0.000000000000000     0.057953460733005     0.000000000000000
     0.000000000000000    -0.000000000000000    -0.335809846616083
33 38
     0.016031176616459    -0.025575084806408    -0.000000000000000
    -0.025575084806408    -0.007571099396728     0.000000000000000
    -0.000000000000000     0.000000000000000     0.098732840975572
33 39
     0.016031176616459     0.025575084806408    -0.000000000000000
     0.025575084806408    -0.007571099396728     0.000000000000000
    -0.000000000000000    -0.000000000000000     0.098732840975572
33 40
     0.032090800412306     0.000000000000000    -0.000000000000000
    -0.000000000000000     0.033771131262316    -0.000000000000000
     0.000000000000000     0.000000000000000     0.021908853536975
33 41
     0.056696604441191     0.000000000000000    -0.000000000000000
    -0.000000000000000     0.094426943138768    -0.072903874141691
     0.000000000000000    -0.072903874141691     0.517726286047269
33 42
     0.004767213894893     0.061398083386366     0.209930132872805
     0.061398083386366    -0.205675907716083    -0.124430615188272
     0.209930132872805    -0.124430615188272    -0.283303716613647
33 43
     0.004767213894893    -0.061398083386366    -0.209930132872805
    -0.061398083386366    -0.205675907716083    -0.124430615188272
    -0.209930132872805    -0.124430615188272    -0.283303716613647
33 44
    -0.044872375125317    -0.000000000000000    -0.000000000000000
    -0.000000000000000     0.014845852006309    -0.011019540560743
    -0.000000000000000    -0.011019540560743     0.005983723524276
33 45
     0.056696604441191     0.000000000000000    -0.000000000000000
    -0.000000000000000     0.094426943138768     0.072903874141691
    -0.000000000000000     0.072903874141691     0.517726286047269
33 46
     0.004767213894893     0.061398083386366    -0.209930132872805
     0.061398083386366    -0.205675907716083     0.124430615188272
    -0.209930132872805     0.124430615188272    -0.283303716613647
33 47
     0.004767213894893    -0.061398083386366     0.209930132872805
    -0.061398083386366    -0.205675907716083     0.124430615188272
     0.209930132872805     0.124430615188272    -0.283303716613647
33 48
    -0.044872375125317    -0.000000000000000    -0.000000000000000
    -0.000000000000000     0.014845852006309     0.011019540560743
    -0.000000000000000     0.011019540560743     0.005983723524276
34 1
    -1.438193012840963     0.910015386732718    -0.685890072630947
     0.957697251775987    -0.874098728920349     0.493452671999501
    -0.878032025909655     0.504137608306946    -0.588604442964367
34 2
    -0.406799284316694    -0.000000000000000     0.000000000000000
     0.000000000000000    -2.311446074891507    -0.715871818488275
     0.000000000000000    -0.880414755526842    -0.509671164574840
34 3
    -0.028608216541454    -0.000000000000000     0.000000000000000
     0.000000000000000    -0.036397338049104    -0.108602886497552
     0.000000000000000     0.013205847802014     0.016875891453639
34 4
    -1.438193012840963    -0.910015386732718     0.685890072630947
    -0.957697251775987    -0.874098728920349     0.493452671999501
     0.878032025909655     0.504137608306946    -0.588604442964367
34 5
    -0.015535807126718    -0.019289189766456     0.125557609103427
    -0.022893762196428     0.018809712986487     0.087664954049332
    -0.046318655061107    -0.053025129172715     0.084194380725277
34 6
     0.008336955276458     0.000000000000000     0.000000000000000
     0.000000000000000    -0.065267847609468     0.059723676205768
     0.000000000000000     0.069694360479029    -0.073491832763226
34 7
     0.010626291565748    -0.000000000000000     0.000000000000000
     0.000000000000000    -0.020623101292446    -0.054556032062710
     0.000000000000000    -0.030248013935430    -0.012277834100188
34 8
    -0.015535807126718     0.019289189766456    -0.125557609103427
     0.022893762196428     0.018809712986487     0.087664954049332
     0.046318655061107    -0.053025129172715     0.084194380725277
34 9
    -1.438193012840963     0.910015386732718     0.685890072630947
     0.957697251775987    -0.874098728920349    -0.493452671999501
     0.878032025909655    -0.504137608306946    -0.588604442964367
34 10
    -0.406799284316694    -0.000000000000000     0.000000000000000
     0.000000000000000    -2.311446074891506     0.715871818488275
     0.000000000000000     0.880414755526842    -0.509671164574840
34 11
    -0.028608216541454    -0.000000000000000     0.000000000000000
     0.000000000000000    -0.036397338049104     0.108602886497552
     0.000000000000000    -0.013205847802014     0.016875891453639
34 12
    -1.438193012840963    -0.910015386732718    -0.685890072630947
    -0.957697251775987    -0.874098728920349    -0.493452671999501
    -0.878032025909655    -0.504137608306946    -0.588604442964367
34 13
    -0.015535807126718    -0.019289189766456    -0.125557609103427
    -0.022893762196428     0.018809712986487    -0.087664954049332
     0.046318655061107     0.053025129172715     0.084194380725278
34 14
     0.008336955276458    -0.000000000000000     0.000000000000000
     0.000000000000000    -0.065267847609468    -0.059723676205768
     0.000000000000000    -0.069694360479029    -0.073491832763226
34 15
     0.010626291565748    -0.000000000000000     0.000000000000000
     0.000000000000000    -0.020623101292446     0.054556032062710
     0.000000000000000     0.030248013935430    -0.012277834100188
34 16
    -0.015535807126718     0.019289189766456     0.125557609103427
     0.022893762196428     0.018809712986487    -0.087664954049332
    -0.046318655061107     0.053025129172715     0.084194380725278
34 17
     0.026465168023148     0.204082690017011     0.026641160734200
     0.241152470388442     0.017419881374930    -0.004098995301013
    -0.027566870952244     0.177395040472540    -0.093030062718388
34 18
    -0.125268705090837    -0.000000000000000     0.000000000000000
     0.000000000000000    -0.683864280920003    -1.575332584210497
     0.000000000000000    -1.470640865130467    -3.721474924256730
34 19
    -0.115105670142822    -0.000000000000000     0.000000000000000
    -0.000000000000000     0.112238057932572     0.170842412094173
     0.000000000000000    -0.180389283383385    -0.088036397720684
34 20
     0.026465168023148    -0.204082690017011    -0.026641160734200
    -0.241152470388442     0.017419881374930    -0.004098995301013
     0.027566870952244     0.177395040472540    -0.093030062718388
34 21
    -0.034833594228912    -0.027068630080815     0.038542144702033
    -0.030752483852547     0.048542963962051     0.059662701909714
     0.043044880843088    -0.063354303358971     0.057378824095308
34 22
    -0.197150899433486    -0.000000000000000     0.000000000000000
     0.000000000000000    -0.091457172945363    -0.113447889627175
     0.000000000000000     0.370324074157455    -0.114666828952131
34 23
     0.028150523953998    -0.000000000000000     0.000000000000000
     0.000000000000000    -0.087287166171741    -0.048770098460911
     0.000000000000000    -0.020589431880001    -0.069640914599746
34 24
    -0.034833594228912     0.027068630080815    -0.038542144702033
     0.030752483852547     0.048542963962051     0.059662701909714
    -0.043044880843088    -0.063354303358971     0.057378824095308
34 25
    -0.034833594228912    -0.027068630080815    -0.038542144702033
    -0.030752483852547     0.048542963962051    -0.059662701909714
    -0.043044880843088     0.063354303358971     0.057378824095308
34 26
    -0.197150899433486    -0.000000000000000     0.000000000000000
     0.000000000000000    -0.091457172945363     0.113447889627175
     0.000000000000000    -0.370324074157455    -0.114666828952131
34 27
     0.028150523953998    -0.000000000000000     0.000000000000000
     0.000000000000000    -0.087287166171741     0.048770098460911
     0.000000000000000     0.020589431880001    -0.069640914599746
34 28
    -0.034833594228912     0.027068630080815     0.038542144702033
     0.030752483852547     0.048542963962051    -0.059662701909714
     0.043044880843088     0.063354303358971     0.057378824095308
34 29
     0.026465168023148     0.204082690017011    -0.026641160734200
     0.241152470388442     0.017419881374930     0.004098995301013
     0.027566870952244    -0.177395040472540    -0.093030062718388
34 30
    -0.125268705090837     0.000000000000000     0.000000000000000
     0.000000000000000    -0.683864280920003     1.575332584210497
     0.000000000000000     1.470640865130467    -3.721474924256730
34 31
    -0.115105670142822     0.000000000000000     0.000000000000000
     0.000000000000000     0.112238057932572    -0.170842412094173
     0.000000000000000     0.180389283383385    -0.088036397720684
34 32
     0.026465168023148    -0.204082690017011     0.026641160734200
    -0.241152470388442     0.017419881374930     0.004098995301013
    -0.027566870952244    -0.177395040472540    -0.093030062718388
34 33
    -0.136501651904759     0.171949992163704     0.000000000000000
     0.171949992163704    -0.495607785103537     0.000000000000000
     0.000000000000000     0.000000000000000    -0.054235127411172
34 34
     8.129434786142856    -0.000000000000000     0.000000000000000
    -0.000000000000000    10.838532582810123     0.000000000000000
     0.000000000000000     0.000000000000000    11.693111438850972
34 35
    -0.415988726933639    -0.000000000000000     0.000000000000000
     0.000000000000000     0.205773165050901     0.000000000000000
     0.000000000000000     0.000000000000000    -0.077397811112677
34 36
    -0.136501651904759    -0.171949992163704     0.000000000000000
    -0.171949992163704    -0.495607785103537     0.000000000000000
    -0.000000000000000     0.000000000000000    -0.054235127411172
34 37
     0.016031176616459    -0.025575084806408     0.000000000000000
    -0.025575084806408    -0.007571099396728     0.000000000000000
     0.000000000000000    -0.000000000000000     0.098732840975572
34 38
    -0.047286229104287     0.000000000000000     0.000000000000000
     0.000000000000000     0.057953460733005     0.000000000000000
    -0.000000000000000    -0.000000000000000    -0.335809846616083
34 39
     0.032090800412306    -0.000000000000000     0.000000000000000
     0.000000000000000     0.033771131262316     0.000000000000000
     0.000000000000000    -0.000000000000000     0.021908853536975
34 40
     0.016031176616459     0.025575084806408     0.000000000000000
     0.025575084806408    -0.007571099396728     0.000000000000000
     0.000000000000000     0.000000000000000     0.098732840975572
34 41
     0.004767213894893     0.061398083386366     0.209930132872805
     0.061398083386366    -0.205675907716083    -0.124430615188272
     0.209930132872805    -0.124430615188272    -0.283303716613647
34 42
     0.056696604441191    -0.000000000000000     0.000000000000000
     0.000000000000000     0.094426943138768    -0.072903874141691
     0.000000000000000    -0.072903874141691     0.517726286047269
34 43
    -0.044872375125317    -0.000000000000000     0.000000000000000
     0.000000000000000     0.014845852006309    -0.011019540560743
    -0.000000000000000    -0.011019540560743     0.005983723524276
34 44
     0.004767213894893    -0.061398083386366    -0.209930132872805
    -0.061398083386366    -0.205675907716083    -0.124430615188272
    -0.209930132872805    -0.124430615188272    -0.283303716613647
34 45
     0.004767213894893     0.061398083386366    -0.209930132872805
     0.061398083386366    -0.205675907716083     0.124430615188272
    -0.209930132872805     0.124430615188272    -0.283303716613647
34 46
     0.056696604441191    -0.000000000000000     0.000000000000000
     0.000000000000000     0.094426943138768     0.072903874141691
     0.000000000000000     0.072903874141691     0.517726286047269
34 47
    -0.044872375125317     0.000000000000000     0.000000000000000
     0.000000000000000     0.014845852006309     0.011019540560743
     0.000000000000000     0.011019540560743     0.005983723524276
34 48
     0.004767213894893    -0.061398083386366     0.209930132872805
    -0.061398083386366    -0.205675907716083     0.124430615188272
     0.209930132872805     0.124430615188272    -0.283303716613647
35 1
    -1.438193012840963    -0.910015386732718     0.685890072630947
    -0.957697251775987    -0.874098728920349     0.493452671999501
     0.878032025909655     0.504137608306946    -0.588604442964367
35 2
    -0.028608216541454     0.000000000000000     0.000000000000000
    -0.000000000000000    -0.036397338049104    -0.108602886497552
     0.000000000000000     0.013205847802014     0.016875891453639
35 3
    -0.406799284316694     0.000000000000000     0.000000000000000
    -0.000000000000000    -2.311446074891506    -0.715871818488275
     0.000000000000000    -0.880414755526842    -0.509671164574840
35 4
    -1.438193012840963     0.910015386732718    -0.685890072630947
     0.957697251775988    -0.874098728920349     0.493452671999501
    -0.878032025909655     0.504137608306946    -0.588604442964367
35 5
    -0.015535807126718     0.019289189766456    -0.125557609103427
     0.022893762196428     0.018809712986487     0.087664954049332
     0.046318655061107    -0.053025129172715     0.084194380725277
35 6
     0.010626291565748     0.000000000000000     0.000000000000000
    -0.000000000000000    -0.020623101292446    -0.054556032062710
     0.000000000000000    -0.030248013935430    -0.012277834100188
35 7
     0.008336955276458    -0.000000000000000     0.000000000000000
    -0.000000000000000    -0.065267847609468     0.059723676205768
     0.000000000000000     0.069694360479029    -0.073491832763226
35 8
    -0.015535807126718    -0.019289189766456     0.125557609103427
    -0.022893762196428     0.018809712986487     0.087664954049332
    -0.046318655061107    -0.053025129172715     0.084194380725277
35 9
    -1.438193012840963    -0.910015386732718    -0.685890072630947
    -0.957697251775987    -0.874098728920349    -0.493452671999501
    -0.878032025909655    -0.504137608306946    -0.588604442964367
35 10
    -0.028608216541454     0.000000000000000    -0.000000000000000
    -0.000000000000000    -0.036397338049104     0.108602886497552
     0.000000000000000    -0.013205847802014     0.016875891453639
35 11
    -0.406799284316694     0.000000000000000    -0.000000000000000
    -0.000000000000000    -2.311446074891506     0.715871818488275
     0.000000000000000     0.880414755526842    -0.509671164574840
35 12
    -1.438193012840963     0.910015386732718     0.685890072630947
     0.957697251775987    -0.874098728920349    -0.493452671999501
     0.878032025909655    -0.504137608306946    -0.588604442964367
35 13
    -0.015535807126718     0.019289189766456     0.125557609103427
     0.022893762196428     0.018809712986487    -0.087664954049332
    -0.046318655061107     0.053025129172715     0.084194380725278
35 14
     0.010626291565748     0.000000000000000    -0.000000000000000
    -0.000000000000000    -0.020623101292446     0.054556032062710
     0.000000000000000     0.030248013935430    -0.012277834100188
35 15
     0.008336955276458     0.000000000000000    -0.000000000000000
    -0.000000000000000    -0.065267847609468    -0.059723676205768
     0.000000000000000    -0.069694360479029    -0.073491832763226
35 16
    -0.015535807126718    -0.019289189766456    -0.125557609103427
    -0.022893762196428     0.018809712986487    -0.087664954049332
     0.046318655061107     0.053025129172715     0.084194380725278
35 17
     0.026465168023148    -0.204082690017011    -0.026641160734200
    -0.241152470388442     0.017419881374930    -0.004098995301013
     0.027566870952244     0.177395040472540    -0.093030062718388
35 18
    -0.115105670142822     0.000000000000000     0.000000000000000
    -0.000000000000000     0.112238057932572     0.170842412094173
     0.000000000000000    -0.180389283383385    -0.088036397720684
35 19
    -0.125268705090838    -0.000000000000000     0.000000000000000
    -0.000000000000000    -0.683864280920003    -1.575332584210497
     0.000000000000000    -1.470640865130467    -3.721474924256730
35 20
     0.026465168023148     0.204082690017011     0.026641160734200
     0.241152470388442     0.017419881374930    -0.004098995301013
    -0.027566870952244     0.177395040472540    -0.093030062718388
35 21
    -0.034833594228912     0.027068630080815    -0.038542144702033
     0.030752483852547     0.048542963962051     0.059662701909714
    -0.043044880843088    -0.063354303358971     0.057378824095308
35 22
     0.028150523953998     0.000000000000000     0.000000000000000
    -0.000000000000000    -0.087287166171741    -0.048770098460911
     0.000000000000000    -0.020589431880001    -0.069640914599746
35 23
    -0.197150899433486    -0.000000000000000     0.000000000000000
    -0.000000000000000    -0.091457172945363    -0.113447889627175
     0.000000000000000     0.370324074157455    -0.114666828952131
35 24
    -0.034833594228912    -0.027068630080815     0.038542144702033
    -0.030752483852547     0.048542963962051     0.059662701909714
     0.043044880843088    -0.063354303358971     0.057378824095308
35 25
    -0.034833594228912     0.027068630080815     0.038542144702033
     0.030752483852547     0.048542963962051    -0.059662701909714
     0.043044880843088     0.063354303358971     0.057378824095308
35 26
     0.028150523953998    -0.000000000000000    -0.000000000000000
    -0.000000000000000    -0.087287166171741     0.048770098460911
     0.000000000000000     0.020589431880001    -0.069640914599746
35 27
    -0.197150899433486     0.000000000000000    -0.000000000000000
    -0.000000000000000    -0.091457172945363     0.113447889627175
     0.000000000000000    -0.370324074157455    -0.114666828952131
35 28
    -0.034833594228912    -0.027068630080815    -0.038542144702033
    -0.030752483852547     0.048542963962051    -0.059662701909714
    -0.043044880843088     0.063354303358971     0.057378824095308
35 29
     0.026465168023148    -0.204082690017011     0.026641160734200
    -0.241152470388442     0.017419881374930     0.004098995301013
    -0.027566870952244    -0.177395040472540    -0.093030062718388
35 30
    -0.115105670142822     0.000000000000000    -0.000000000000000
    -0.000000000000000     0.112238057932572    -0.170842412094173
     0.000000000000000     0.180389283383385    -0.088036397720684
35 31
    -0.125268705090837     0.000000000000000    -0.000000000000000
    -0.000000000000000    -0.683864280920003     1.575332584210497
     0.000000000000000     1.470640865130467    -3.721474924256730
35 32
     0.026465168023148     0.204082690017011    -0.026641160734200
     0.241152470388442     0.017419881374930     0.004098995301013
     0.027566870952244    -0.177395040472540    -0.093030062718388
35 33
    -0.136501651904759    -0.171949992163704    -0.000000000000000
    -0.171949992163704    -0.495607785103537     0.000000000000000
     0.000000000000000     0.000000000000000    -0.054235127411172
35 34
    -0.415988726933639     0.000000000000000     0.000000000000000
    -0.000000000000000     0.205773165050901     0.000000000000000
     0.000000000000000     0.000000000000000    -0.077397811112677
35 35
     8.129434786142856    -0.000000000000000     0.000000000000000
    -0.000000000000000    10.838532582810123     0.000000000000000
     0.000000000000000     0.000000000000000    11.693111438850972
35 36
    -0.136501651904759     0.171949992163704    -0.000000000000000
     0.171949992163704    -0.495607785103537     0.000000000000000
     0.000000000000000     0.000000000000000    -0.054235127411172
35 37
     0.016031176616459     0.025575084806408     0.000000000000000
     0.025575084806408    -0.007571099396728     0.000000000000000
     0.000000000000000    -0.000000000000000     0.098732840975572
35 38
     0.032090800412306     0.000000000000000    -0.000000000000000
    -0.000000000000000     0.033771131262316     0.000000000000000
    -0.000000000000000     0.000000000000000     0.021908853536975
35 39
    -0.047286229104287    -0.000000000000000    -0.000000000000000
    -0.000000000000000     0.057953460733005     0.000000000000000
     0.000000000000000    -0.000000000000000    -0.335809846616083
35 40
     0.016031176616459    -0.025575084806408    -0.000000000000000
    -0.025575084806408    -0.007571099396728    -0.000000000000000
     0.000000000000000     0.000000000000000     0.098732840975572
35 41
     0.004767213894893    -0.061398083386366    -0.209930132872805
    -0.061398083386366    -0.205675907716083    -0.124430615188272
    -0.209930132872805    -0.124430615188272    -0.283303716613647
35 42
    -0.044872375125317    -0.000000000000000     0.000000000000000
    -0.000000000000000     0.014845852006309    -0.011019540560743
     0.000000000000000    -0.011019540560743     0.005983723524276
35 43
     0.056696604441191     0.000000000000000     0.000000000000000
    -0.000000000000000     0.094426943138768    -0.072903874141691
     0.000000000000000    -0.072903874141691     0.517726286047269
35 44
     0.004767213894893     0.061398083386366     0.209930132872805
     0.061398083386366    -0.205675907716083    -0.124430615188272
     0.209930132872805    -0.124430615188272    -0.283303716613647
35 45
     0.004767213894893    -0.061398083386366     0.209930132872805
    -0.061398083386366    -0.205675907716083     0.124430615188272
     0.209930132872805     0.124430615188272    -0.283303716613647
35 46
    -0.044872375125317    -0.000000000000000    -0.000000000000000
    -0.000000000000000     0.014845852006309     0.011019540560743
     0.000000000000000     0.011019540560743     0.005983723524276
35 47
     0.056696604441191     0.000000000000000    -0.000000000000000
    -0.000000000000000     0.094426943138768     0.072903874141691
     0.000000000000000     0.072903874141691     0.517726286047269
35 48
     0.004767213894893     0.061398083386366    -0.209930132872805
     0.061398083386366    -0.205675907716083     0.124430615188272
    -0.209930132872805     0.124430615188272    -0.283303716613647
36 1
    -0.028608216541454     0.000000000000000    -0.000000000000000
     0.000000000000000    -0.036397338049104    -0.108602886497552
     0.000000000000000     0.013205847802014     0.016875891453639
36 2
    -1.438193012840963    -0.910015386732718     0.685890072630947
    -0.957697251775987    -0.874098728920349     0.493452671999501
     0.878032025909655     0.504137608306946    -0.588604442964367
36 3
    -1.438193012840963     0.910015386732718    -0.685890072630947
     0.957697251775987    -0.874098728920349     0.493452671999501
    -0.878032025909655     0.504137608306946    -0.588604442964367
36 4
    -0.406799284316694     0.000000000000000    -0.000000000000000
     0.000000000000000    -2.311446074891506    -0.715871818488275
     0.000000000000000    -0.880414755526842    -0.509671164574840
36 5
     0.010626291565748     0.000000000000000    -0.000000000000000
     0.000000000000000    -0.020623101292446    -0.054556032062710
    -0.000000000000000    -0.030248013935430    -0.012277834100188
36 6
    -0.015535807126718     0.019289189766456    -0.125557609103427
     0.022893762196428     0.018809712986487     0.087664954049332
     0.046318655061107    -0.053025129172715     0.084194380725277
36 7
    -0.015535807126718    -0.019289189766456     0.125557609103427
    -0.022893762196428     0.018809712986487     0.087664954049332
    -0.046318655061107    -0.053025129172715     0.084194380725277
36 8
     0.008336955276458     0.000000000000000    -0.000000000000000
     0.000000000000000    -0.065267847609468     0.059723676205768
    -0.000000000000000     0.069694360479029    -0.073491832763226
36 9
    -0.028608216541454     0.000000000000000    -0.000000000000000
     0.000000000000000    -0.036397338049104     0.108602886497552
     0.000000000000000    -0.013205847802014     0.016875891453639
36 10
    -1.438193012840963    -0.910015386732718    -0.685890072630947
    -0.957697251775987    -0.874098728920349    -0.493452671999501
    -0.878032025909655    -0.504137608306946    -0.588604442964367
36 11
    -1.438193012840963     0.910015386732718     0.685890072630947
     0.957697251775987    -0.874098728920349    -0.493452671999501
     0.878032025909655    -0.504137608306946    -0.588604442964367
36 12
    -0.406799284316694     0.000000000000000    -0.000000000000000
     0.000000000000000    -2.311446074891506     0.715871818488275
     0.000000000000000     0.880414755526842    -0.509671164574840
36 13
     0.010626291565748     0.000000000000000    -0.000000000000000
     0.000000000000000    -0.020623101292446     0.054556032062710
    -0.000000000000000     0.030248013935430    -0.012277834100188
36 14
    -0.015535807126718     0.019289189766456     0.125557609103427
     0.022893762196428     0.018809712986487    -0.087664954049332
    -0.046318655061107     0.053025129172715     0.084194380725277
36 15
    -0.015535807126718    -0.019289189766456    -0.125557609103427
    -0.022893762196428     0.018809712986487    -0.087664954049332
     0.046318655061107     0.053025129172715     0.084194380725278
36 16
     0.008336955276458     0.000000000000000    -0.000000000000000
     0.000000000000000    -0.065267847609468    -0.059723676205768
    -0.000000000000000    -0.069694360479029    -0.073491832763226
36 17
    -0.115105670142822     0.000000000000000    -0.000000000000000
     0.000000000000000     0.112238057932572     0.170842412094173
     0.000000000000000    -0.180389283383385    -0.088036397720684
36 18
     0.026465168023148    -0.204082690017011    -0.026641160734200
    -0.241152470388442     0.017419881374930    -0.004098995301013
     0.027566870952244     0.177395040472540    -0.093030062718387
36 19
     0.026465168023148     0.204082690017011     0.026641160734200
     0.241152470388442     0.017419881374930    -0.004098995301013
    -0.027566870952244     0.177395040472540    -0.093030062718388
36 20
    -0.125268705090838     0.000000000000000    -0.000000000000000
     0.000000000000000    -0.683864280920003    -1.575332584210497
     0.000000000000000    -1.470640865130467    -3.721474924256730
36 21
     0.028150523953998     0.000000000000000    -0.000000000000000
     0.000000000000000    -0.087287166171741    -0.048770098460911
    -0.000000000000000    -0.020589431880001    -0.069640914599746
36 22
    -0.034833594228912     0.027068630080815    -0.038542144702033
     0.030752483852547     0.048542963962051     0.059662701909714
    -0.043044880843088    -0.063354303358971     0.057378824095308
36 23
    -0.034833594228912    -0.027068630080815     0.038542144702033
    -0.030752483852547     0.048542963962051     0.059662701909714
     0.043044880843088    -0.063354303358971     0.057378824095308
36 24
    -0.197150899433486     0.000000000000000    -0.000000000000000
     0.000000000000000    -0.091457172945363    -0.113447889627175
     0.000000000000000     0.370324074157455    -0.114666828952131
36 25
     0.028150523953998     0.000000000000000    -0.000000000000000
     0.000000000000000    -0.087287166171741     0.048770098460911
     0.000000000000000     0.020589431880001    -0.069640914599746
36 26
    -0.034833594228912     0.027068630080815     0.038542144702033
     0.030752483852547     0.048542963962051    -0.059662701909714
     0.043044880843088     0.063354303358971     0.057378824095308
36 27
    -0.034833594228912    -0.027068630080815    -0.038542144702033
    -0.030752483852547     0.048542963962051    -0.059662701909714
    -0.043044880843088     0.063354303358971     0.057378824095308
36 28
    -0.197150899433486     0.000000000000000    -0.000000000000000
     0.000000000000000    -0.091457172945363     0.113447889627175
    -0.000000000000000    -0.370324074157455    -0.114666828952131
36 29
    -0.115105670142822     0.000000000000000    -0.000000000000000
     0.000000000000000     0.112238057932572    -0.170842412094173
    -0.000000000000000     0.180389283383385    -0.088036397720684
36 30
     0.026465168023148    -0.204082690017011     0.026641160734200
    -0.241152470388442     0.017419881374930     0.004098995301013
    -0.027566870952244    -0.177395040472540    -0.093030062718388
36 31
     0.026465168023148     0.204082690017011    -0.026641160734200
     0.241152470388442     0.017419881374930     0.004098995301013
     0.027566870952244    -0.177395040472540    -0.093030062718388
36 32
    -0.125268705090837     0.000000000000000    -0.000000000000000
     0.000000000000000    -0.683864280920003     1.575332584210497
    -0.000000000000000     1.470640865130467    -3.721474924256730
36 33
    -0.415988726933639    -0.000000000000000    -0.000000000000000
     0.000000000000000     0.205773165050901     0.000000000000000
    -0.000000000000000     0.000000000000000    -0.077397811112677
36 34
    -0.136501651904759    -0.171949992163704    -0.000000000000000
    -0.171949992163704    -0.495607785103537     0.000000000000000
     0.000000000000000     0.000000000000000    -0.054235127411172
36 35
    -0.136501651904759     0.171949992163704     0.000000000000000
     0.171949992163704    -0.495607785103537     0.000000000000000
    -0.000000000000000     0.000000000000000    -0.054235127411172
36 36
     8.129434786142857    -0.000000000000000    -0.000000000000000
    -0.000000000000000    10.838532582810123    -0.000000000000000
    -0.000000000000000    -0.000000000000000    11.693111438850972
36 37
     0.032090800412306    -0.000000000000000    -0.000000000000000
     0.000000000000000     0.033771131262316     0.000000000000000
     0.000000000000000    -0.000000000000000     0.021908853536975
36 38
     0.016031176616459     0.025575084806408    -0.000000000000000
     0.025575084806408    -0.007571099396728     0.000000000000000
    -0.000000000000000     0.000000000000000     0.098732840975572
36 39
     0.016031176616459    -0.025575084806408    -0.000000000000000
    -0.025575084806408    -0.007571099396728     0.000000000000000
    -0.000000000000000    -0.000000000000000     0.098732840975572
36 40
    -0.047286229104287     0.000000000000000    -0.000000000000000
     0.000000000000000     0.057953460733005     0.000000000000000
     0.000000000000000     0.000000000000000    -0.335809846616083
36 41
    -0.044872375125317     0.000000000000000    -0.000000000000000
     0.000000000000000     0.014845852006309    -0.011019540560743
     0.000000000000000    -0.011019540560743     0.005983723524276
36 42
     0.004767213894893    -0.061398083386366    -0.209930132872805
    -0.061398083386366    -0.205675907716083    -0.124430615188272
    -0.209930132872805    -0.124430615188272    -0.283303716613647
36 43
     0.004767213894893     0.061398083386366     0.209930132872805
     0.061398083386366    -0.205675907716083    -0.124430615188272
     0.209930132872805    -0.124430615188272    -0.283303716613647
36 44
     0.056696604441191    -0.000000000000000    -0.000000000000000
     0.000000000000000     0.094426943138768    -0.072903874141691
     0.000000000000000    -0.072903874141691     0.517726286047269
36 45
    -0.044872375125317     0.000000000000000    -0.000000000000000
     0.000000000000000     0.014845852006309     0.011019540560743
    -0.000000000000000     0.011019540560743     0.005983723524276
36 46
     0.004767213894893    -0.061398083386366     0.209930132872805
    -0.061398083386366    -0.205675907716083     0.124430615188272
     0.209930132872805     0.124430615188272    -0.283303716613647
36 47
     0.004767213894893     0.061398083386366    -0.209930132872805
     0.061398083386366    -0.205675907716083     0.124430615188272
    -0.209930132872805     0.124430615188272    -0.283303716613647
36 48
     0.056696604441191    -0.000000000000000    -0.000000000000000
     0.000000000000000     0.094426943138768     0.072903874141691
     0.000000000000000     0.072903874141691     0.517726286047269
37 1
     0.008336955276458    -0.000000000000000     0.000000000000000
    -0.000000000000000    -0.065267847609468     0.059723676205768
     0.000000000000000     0.069694360479029    -0.073491832763226
37 2
    -0.015535807126718    -0.019289189766456     0.125557609103427
    -0.022893762196428     0.018809712986487     0.087664954049332
    -0.046318655061107    -0.053025129172715     0.084194380725277
37 3
    -0.015535807126718     0.019289189766456    -0.125557609103427
     0.022893762196428     0.018809712986487     0.087664954049332
     0.046318655061107    -0.053025129172715     0.084194380725277
37 4
     0.010626291565748    -0.000000000000000     0.000000000000000
    -0.000000000000000    -0.020623101292446    -0.054556032062710
     0.000000000000000    -0.030248013935430    -0.012277834100188
37 5
    -0.406799284316694    -0.000000000000000     0.000000000000000
    -0.000000000000000    -2.311446074891506    -0.715871818488275
     0.000000000000000    -0.880414755526842    -0.509671164574840
37 6
    -1.438193012840963     0.910015386732718    -0.685890072630947
     0.957697251775987    -0.874098728920349     0.493452671999501
    -0.878032025909655     0.504137608306946    -0.588604442964367
37 7
    -1.438193012840963    -0.910015386732718     0.685890072630947
    -0.957697251775987    -0.874098728920349     0.493452671999501
     0.878032025909655     0.504137608306946    -0.588604442964367
37 8
    -0.028608216541454    -0.000000000000000     0.000000000000000
    -0.000000000000000    -0.036397338049104    -0.108602886497552
     0.000000000000000     0.013205847802014     0.016875891453639
37 9
     0.008336955276458    -0.000000000000000     0.000000000000000
    -0.000000000000000    -0.065267847609468    -0.059723676205768
     0.000000000000000    -0.069694360479029    -0.073491832763226
37 10
    -0.015535807126718    -0.019289189766456    -0.125557609103427
    -0.022893762196428     0.018809712986487    -0.087664954049332
     0.046318655061107     0.053025129172715     0.084194380725278
37 11
    -0.015535807126718     0.019289189766456     0.125557609103427
     0.022893762196428     0.018809712986487    -0.087664954049332
    -0.046318655061107     0.053025129172715     0.084194380725278
37 12
     0.010626291565748    -0.000000000000000     0.000000000000000
    -0.000000000000000    -0.020623101292446     0.054556032062710
     0.000000000000000     0.030248013935430    -0.012277834100188
37 13
    -0.406799284316694    -0.000000000000000     0.000000000000000
    -0.000000000000000    -2.311446074891506     0.715871818488275
     0.000000000000000     0.880414755526842    -0.509671164574840
37 14
    -1.438193012840963     0.910015386732718     0.685890072630947
     0.957697251775987    -0.874098728920349    -0.493452671999501
     0.878032025909655    -0.504137608306946    -0.588604442964367
37 15
    -1.438193012840963    -0.910015386732718    -0.685890072630947
    -0.957697251775987    -0.874098728920349    -0.493452671999501
    -0.878032025909655    -0.504137608306946    -0.588604442964367
37 16
    -0.028608216541454    -0.000000000000000    -0.000000000000000
    -0.000000000000000    -0.036397338049104     0.108602886497552
     0.000000000000000    -0.013205847802014     0.016875891453639
37 17
    -0.197150899433486    -0.000000000000000     0.000000000000000
    -0.000000000000000    -0.091457172945363    -0.113447889627175
     0.000000000000000     0.370324074157455    -0.114666828952131
37 18
    -0.034833594228912    -0.027068630080815     0.038542144702033
    -0.030752483852547     0.048542963962051     0.059662701909714
     0.043044880843088    -0.063354303358971     0.057378824095308
37 19
    -0.034833594228912     0.027068630080815    -0.038542144702033
     0.030752483852547     0.048542963962051     0.059662701909714
    -0.043044880843088    -0.063354303358971     0.057378824095308
37 20
     0.028150523953998    -0.000000000000000     0.000000000000000
    -0.000000000000000    -0.087287166171741    -0.048770098460911
     0.000000000000000    -0.020589431880001    -0.069640914599746
37 21
    -0.125268705090838    -0.000000000000000    -0.000000000000000
    -0.000000000000000    -0.683864280920003    -1.575332584210497
     0.000000000000000    -1.470640865130467    -3.721474924256730
37 22
     0.026465168023148     0.204082690017011     0.026641160734200
     0.241152470388442     0.017419881374930    -0.004098995301013
    -0.027566870952244     0.177395040472540    -0.093030062718388
37 23
     0.026465168023148    -0.204082690017011    -0.026641160734200
    -0.241152470388442     0.017419881374930    -0.004098995301013
     0.027566870952244     0.177395040472540    -0.093030062718388
37 24
    -0.115105670142822    -0.000000000000000     0.000000000000000
    -0.000000000000000     0.112238057932572     0.170842412094173
     0.000000000000000    -0.180389283383385    -0.088036397720684
37 25
    -0.125268705090838    -0.000000000000000     0.000000000000000
    -0.000000000000000    -0.683864280920003     1.575332584210497
     0.000000000000000     1.470640865130467    -3.721474924256730
37 26
     0.026465168023148     0.204082690017011    -0.026641160734200
     0.241152470388442     0.017419881374930     0.004098995301013
     0.027566870952244    -0.177395040472540    -0.093030062718388
37 27
     0.026465168023148    -0.204082690017011     0.026641160734200
    -0.241152470388442     0.017419881374930     0.004098995301013
    -0.027566870952244    -0.177395040472540    -0.093030062718388
37 28
    -0.115105670142822    -0.000000000000000     0.000000000000000
    -0.000000000000000     0.112238057932572    -0.170842412094173
     0.000000000000000     0.180389283383385    -0.088036397720684
37 29
    -0.197150899433486    -0.000000000000000     0.000000000000000
    -0.000000000000000    -0.091457172945363     0.113447889627175
     0.000000000000000    -0.370324074157455    -0.114666828952131
37 30
    -0.034833594228912    -0.027068630080815    -0.038542144702033
    -0.030752483852547     0.048542963962051    -0.059662701909714
    -0.043044880843088     0.063354303358971     0.057378824095308
37 31
    -0.034833594228912     0.027068630080815     0.038542144702033
     0.030752483852547     0.048542963962051    -0.059662701909714
     0.043044880843088     0.063354303358971     0.057378824095308
37 32
     0.028150523953998    -0.000000000000000     0.000000000000000
    -0.000000000000000    -0.087287166171741     0.048770098460911
     0.000000000000000     0.020589431880001    -0.069640914599746
37 33
    -0.047286229104287    -0.000000000000000     0.000000000000000
    -0.000000000000000     0.057953460733005    -0.000000000000000
     0.000000000000000     0.000000000000000    -0.335809846616083
37 34
     0.016031176616459    -0.025575084806408     0.000000000000000
    -0.025575084806408    -0.007571099396728    -0.000000000000000
     0.000000000000000     0.000000000000000     0.098732840975572
37 35
     0.016031176616459     0.025575084806408     0.000000000000000
     0.025575084806408    -0.007571099396728    -0.000000000000000
     0.000000000000000     0.000000000000000     0.098732840975572
37 36
     0.032090800412306     0.000000000000000     0.000000000000000
    -0.000000000000000     0.033771131262316    -0.000000000000000
    -0.000000000000000     0.000000000000000     0.021908853536975
37 37
     8.129434786142859    -0.000000000000000     0.000000000000000
    -0.000000000000000    10.838532582810124    -0.000000000000000
     0.000000000000000    -0.000000000000000    11.693111438850972
37 38
    -0.136501651904759     0.171949992163704     0.000000000000000
     0.171949992163704    -0.495607785103537    -0.000000000000000
    -0.000000000000000     0.000000000000000    -0.054235127411172
37 39
    -0.136501651904759    -0.171949992163704     0.000000000000000
    -0.171949992163704    -0.495607785103537    -0.000000000000000
     0.000000000000000    -0.000000000000000    -0.054235127411172
37 40
    -0.415988726933639     0.000000000000000     0.000000000000000
    -0.000000000000000     0.205773165050901    -0.000000000000000
     0.000000000000000     0.000000000000000    -0.077397811112677
37 41
     0.056696604441191     0.000000000000000     0.000000000000000
    -0.000000000000000     0.094426943138768     0.072903874141691
     0.000000000000000     0.072903874141691     0.517726286047269
37 42
     0.004767213894893     0.061398083386366    -0.209930132872805
     0.061398083386366    -0.205675907716083     0.124430615188272
    -0.209930132872805     0.124430615188272    -0.283303716613647
37 43
     0.004767213894893    -0.061398083386366     0.209930132872805
    -0.061398083386366    -0.205675907716083     0.124430615188272
     0.209930132872805     0.124430615188272    -0.283303716613647
37 44
    -0.044872375125317    -0.000000000000000     0.000000000000000
    -0.000000000000000     0.014845852006309     0.011019540560743
     0.000000000000000     0.011019540560743     0.005983723524276
37 45
     0.056696604441191     0.000000000000000     0.000000000000000
    -0.000000000000000     0.094426943138768    -0.072903874141691
    -0.000000000000000    -0.072903874141691     0.517726286047269
37 46
     0.004767213894893     0.061398083386366     0.209930132872805
     0.061398083386366    -0.205675907716083    -0.124430615188272
     0.209930132872805    -0.124430615188272    -0.283303716613647
37 47
     0.004767213894893    -0.061398083386366    -0.209930132872805
    -0.061398083386366    -0.205675907716083    -0.124430615188272
    -0.209930132872805    -0.124430615188272    -0.283303716613647
37 48
    -0.044872375125317    -0.000000000000000     0.000000000000000
    -0.000000000000000     0.014845852006309    -0.011019540560743
     0.000000000000000    -0.011019540560743     0.005983723524276
38 1
    -0.015535807126718    -0.019289189766456     0.125557609103427
    -0.022893762196428     0.018809712986487     0.087664954049332
    -0.046318655061107    -0.053025129172715     0.084194380725277
38 2
     0.008336955276458    -0.000000000000000    -0.000000000000000
     0.000000000000000    -0.065267847609468     0.059723676205768
    -0.000000000000000     0.069694360479029    -0.073491832763226
38 3
     0.010626291565748    -0.000000000000000    -0.000000000000000
     0.000000000000000    -0.020623101292446    -0.054556032062710
    -0.000000000000000    -0.030248013935430    -0.012277834100188
38 4
    -0.015535807126718     0.019289189766456    -0.125557609103427
     0.022893762196428     0.018809712986487     0.087664954049332
     0.046318655061107    -0.053025129172715     0.084194380725277
38 5
    -1.438193012840963     0.910015386732718    -0.685890072630947
     0.957697251775987    -0.874098728920349     0.493452671999501
    -0.878032025909655     0.504137608306946    -0.588604442964367
38 6
    -0.406799284316694     0.000000000000000    -0.000000000000000
     0.000000000000000    -2.311446074891507    -0.715871818488275
    -0.000000000000000    -0.880414755526842    -0.509671164574840
38 7
    -0.028608216541454    -0.000000000000000    -0.000000000000000
     0.000000000000000    -0.036397338049104    -0.108602886497552
    -0.000000000000000     0.013205847802014     0.016875891453639
38 8
    -1.438193012840963    -0.910015386732718     0.685890072630947
    -0.957697251775987    -0.874098728920349     0.493452671999501
     0.878032025909655     0.504137608306946    -0.588604442964367
38 9
    -0.015535807126718    -0.019289189766456    -0.125557609103427
    -0.022893762196428     0.018809712986487    -0.087664954049332
     0.046318655061107     0.053025129172715     0.084194380725278
38 10
     0.008336955276458    -0.000000000000000    -0.000000000000000
    -0.000000000000000    -0.065267847609468    -0.059723676205768
    -0.000000000000000    -0.069694360479029    -0.073491832763226
38 11
     0.010626291565748    -0.000000000000000    -0.000000000000000
     0.000000000000000    -0.020623101292446     0.054556032062710
    -0.000000000000000     0.030248013935430    -0.012277834100188
38 12
    -0.015535807126718     0.019289189766456     0.125557609103427
     0.022893762196428     0.018809712986487    -0.087664954049332
    -0.046318655061107     0.053025129172715     0.084194380725278
38 13
    -1.438193012840963     0.910015386732718     0.685890072630947
     0.957697251775987    -0.874098728920349    -0.493452671999501
     0.878032025909655    -0.504137608306946    -0.588604442964367
38 14
    -0.406799284316694    -0.000000000000000    -0.000000000000000
     0.000000000000000    -2.311446074891507     0.715871818488275
    -0.000000000000000     0.880414755526842    -0.509671164574840
38 15
    -0.028608216541454    -0.000000000000000    -0.000000000000000
     0.000000000000000    -0.036397338049104     0.108602886497552
    -0.000000000000000    -0.013205847802014     0.016875891453639
38 16
    -1.438193012840963    -0.910015386732718    -0.685890072630947
    -0.957697251775987    -0.874098728920349    -0.493452671999501
    -0.878032025909655    -0.504137608306946    -0.588604442964367
38 17
    -0.034833594228912    -0.027068630080815     0.038542144702033
    -0.030752483852547     0.048542963962051     0.059662701909714
     0.043044880843088    -0.063354303358971     0.057378824095308
38 18
    -0.197150899433486     0.000000000000000    -0.000000000000000
     0.000000000000000    -0.091457172945363    -0.113447889627175
    -0.000000000000000     0.370324074157455    -0.114666828952131
38 19
     0.028150523953998    -0.000000000000000    -0.000000000000000
    -0.000000000000000    -0.087287166171741    -0.048770098460911
    -0.000000000000000    -0.020589431880001    -0.069640914599746
38 20
    -0.034833594228912     0.027068630080815    -0.038542144702033
     0.030752483852547     0.048542963962051     0.059662701909714
    -0.043044880843088    -0.063354303358971     0.057378824095308
38 21
     0.026465168023148     0.204082690017011     0.026641160734200
     0.241152470388442     0.017419881374930    -0.004098995301013
    -0.027566870952244     0.177395040472540    -0.093030062718388
38 22
    -0.125268705090837     0.000000000000000    -0.000000000000000
     0.000000000000000    -0.683864280920003    -1.575332584210497
    -0.000000000000000    -1.470640865130467    -3.721474924256730
38 23
    -0.115105670142822    -0.000000000000000    -0.000000000000000
     0.000000000000000     0.112238057932572     0.170842412094173
    -0.000000000000000    -0.180389283383385    -0.088036397720684
38 24
     0.026465168023148    -0.204082690017011    -0.026641160734200
    -0.241152470388442     0.017419881374930    -0.004098995301013
     0.027566870952244     0.177395040472540    -0.093030062718388
38 25
     0.026465168023148     0.204082690017011    -0.026641160734200
     0.241152470388442     0.017419881374930     0.004098995301013
     0.027566870952244    -0.177395040472540    -0.093030062718388
38 26
    -0.125268705090837    -0.000000000000000    -0.000000000000000
     0.000000000000000    -0.683864280920003     1.575332584210497
    -0.000000000000000     1.470640865130467    -3.721474924256730
38 27
    -0.115105670142822    -0.000000000000000    -0.000000000000000
     0.000000000000000     0.112238057932572    -0.170842412094173
    -0.000000000000000     0.180389283383385    -0.088036397720684
38 28
     0.026465168023148    -0.204082690017011     0.026641160734200
    -0.241152470388442     0.017419881374930     0.004098995301013
    -0.027566870952244    -0.177395040472540    -0.093030062718388
38 29
    -0.034833594228912    -0.027068630080815    -0.038542144702033
    -0.030752483852547     0.048542963962051    -0.059662701909714
    -0.043044880843088     0.063354303358971     0.057378824095308
38 30
    -0.197150899433486     0.000000000000000    -0.000000000000000
     0.000000000000000    -0.091457172945363     0.113447889627175
    -0.000000000000000    -0.370324074157455    -0.114666828952131
38 31
     0.028150523953998     0.000000000000000    -0.000000000000000
     0.000000000000000    -0.087287166171741     0.048770098460911
    -0.000000000000000     0.020589431880001    -0.069640914599746
38 32
    -0.034833594228912     0.027068630080815     0.038542144702033
     0.030752483852547     0.048542963962051    -0.059662701909714
     0.043044880843088     0.063354303358971     0.057378824095308
38 33
     0.016031176616459    -0.025575084806408    -0.000000000000000
    -0.025575084806408    -0.007571099396728     0.000000000000000
    -0.000000000000000     0.000000000000000     0.098732840975572
38 34
    -0.047286229104287     0.000000000000000    -0.000000000000000
     0.000000000000000     0.057953460733005    -0.000000000000000
     0.000000000000000     0.000000000000000    -0.335809846616083
38 35
     0.032090800412306    -0.000000000000000    -0.000000000000000
     0.000000000000000     0.033771131262316     0.000000000000000
    -0.000000000000000     0.000000000000000     0.021908853536975
38 36
     0.016031176616459     0.025575084806408    -0.000000000000000
     0.025575084806408    -0.007571099396728     0.000000000000000
    -0.000000000000000     0.000000000000000     0.098732840975572
38 37
    -0.136501651904759     0.171949992163704    -0.000000000000000
     0.171949992163704    -0.495607785103537     0.000000000000000
     0.000000000000000    -0.000000000000000    -0.054235127411172
38 38
     8.129434786142859     0.000000000000000    -0.000000000000000
     0.000000000000000    10.838532582810124    -0.000000000000000
    -0.000000000000000    -0.000000000000000    11.693111438850973
38 39
    -0.415988726933639    -0.000000000000000    -0.000000000000000
     0.000000000000000     0.205773165050901     0.000000000000000
    -0.000000000000000    -0.000000000000000    -0.077397811112677
38 40
    -0.136501651904759    -0.171949992163704    -0.000000000000000
    -0.171949992163704    -0.495607785103537    -0.000000000000000
     0.000000000000000     0.000000000000000    -0.054235127411172
38 41
     0.004767213894893     0.061398083386366    -0.209930132872805
     0.061398083386366    -0.205675907716083     0.124430615188272
    -0.209930132872805     0.124430615188272    -0.283303716613647
38 42
     0.056696604441191    -0.000000000000000    -0.000000000000000
     0.000000000000000     0.094426943138768     0.072903874141691
    -0.000000000000000     0.072903874141691     0.517726286047269
38 43
    -0.044872375125317     0.000000000000000    -0.000000000000000
     0.000000000000000     0.014845852006309     0.011019540560743
    -0.000000000000000     0.011019540560743     0.005983723524276
38 44
     0.004767213894893    -0.061398083386366     0.209930132872805
    -0.061398083386366    -0.205675907716083     0.124430615188272
     0.209930132872805     0.124430615188272    -0.283303716613647
38 45
     0.004767213894893     0.061398083386366     0.209930132872805
     0.061398083386366    -0.205675907716083    -0.124430615188272
     0.209930132872805    -0.124430615188272    -0.283303716613647
38 46
     0.056696604441191    -0.000000000000000    -0.000000000000000
     0.000000000000000     0.094426943138768    -0.072903874141691
    -0.000000000000000    -0.072903874141691     0.517726286047269
38 47
    -0.044872375125317     0.000000000000000    -0.000000000000000
     0.000000000000000     0.014845852006309    -0.011019540560743
    -0.000000000000000    -0.011019540560743     0.005983723524276
38 48
     0.004767213894893    -0.061398083386366    -0.209930132872805
    -0.061398083386366    -0.205675907716083    -0.124430615188272
    -0.209930132872805    -0.124430615188272    -0.283303716613647
39 1
    -0.015535807126718     0.019289189766456    -0.125557609103427
     0.022893762196428     0.018809712986487     0.087664954049332
     0.046318655061107    -0.053025129172715     0.084194380725277
39 2
     0.010626291565748     0.000000000000000     0.000000000000000
    -0.000000000000000    -0.020623101292446    -0.054556032062710
    -0.000000000000000    -0.030248013935430    -0.012277834100188
39 3
     0.008336955276458     0.000000000000000     0.000000000000000
    -0.000000000000000    -0.065267847609468     0.059723676205768
    -0.000000000000000     0.069694360479029    -0.073491832763226
39 4
    -0.015535807126717    -0.019289189766456     0.125557609103427
    -0.022893762196428     0.018809712986487     0.087664954049332
    -0.046318655061107    -0.053025129172715     0.084194380725277
39 5
    -1.438193012840963    -0.910015386732718     0.685890072630947
    -0.957697251775987    -0.874098728920349     0.493452671999501
     0.878032025909655     0.504137608306946    -0.588604442964367
39 6
    -0.028608216541454     0.000000000000000     0.000000000000000
    -0.000000000000000    -0.036397338049104    -0.108602886497552
    -0.000000000000000     0.013205847802014     0.016875891453639
39 7
    -0.406799284316694    -0.000000000000000     0.000000000000000
    -0.000000000000000    -2.311446074891506    -0.715871818488275
    -0.000000000000000    -0.880414755526842    -0.509671164574840
39 8
    -1.438193012840963     0.910015386732718    -0.685890072630947
     0.957697251775987    -0.874098728920349     0.493452671999501
    -0.878032025909655     0.504137608306946    -0.588604442964367
39 9
    -0.015535807126718     0.019289189766456     0.125557609103427
     0.022893762196428     0.018809712986487    -0.087664954049332
    -0.046318655061107     0.053025129172715     0.084194380725278
39 10
     0.010626291565748     0.000000000000000    -0.000000000000000
    -0.000000000000000    -0.020623101292446     0.054556032062710
    -0.000000000000000     0.030248013935430    -0.012277834100188
39 11
     0.008336955276458     0.000000000000000    -0.000000000000000
    -0.000000000000000    -0.065267847609468    -0.059723676205768
    -0.000000000000000    -0.069694360479029    -0.073491832763226
39 12
    -0.015535807126718    -0.019289189766456    -0.125557609103427
    -0.022893762196428     0.018809712986487    -0.087664954049332
     0.046318655061107     0.053025129172715     0.084194380725278
39 13
    -1.438193012840963    -0.910015386732718    -0.685890072630947
    -0.957697251775987    -0.874098728920349    -0.493452671999501
    -0.878032025909655    -0.504137608306946    -0.588604442964367
39 14
    -0.028608216541454     0.000000000000000    -0.000000000000000
    -0.000000000000000    -0.036397338049104     0.108602886497552
    -0.000000000000000    -0.013205847802014     0.016875891453639
39 15
    -0.406799284316694     0.000000000000000    -0.000000000000000
    -0.000000000000000    -2.311446074891506     0.715871818488275
    -0.000000000000000     0.880414755526842    -0.509671164574840
39 16
    -1.438193012840963     0.910015386732718     0.685890072630947
     0.957697251775987    -0.874098728920349    -0.493452671999501
     0.878032025909655    -0.504137608306946    -0.588604442964367
39 17
    -0.034833594228912     0.027068630080815    -0.038542144702033
     0.030752483852547     0.048542963962051     0.059662701909714
    -0.043044880843088    -0.063354303358971     0.057378824095308
39 18
     0.028150523953998     0.000000000000000     0.000000000000000
    -0.000000000000000    -0.087287166171741    -0.048770098460911
    -0.000000000000000    -0.020589431880001    -0.069640914599746
39 19
    -0.197150899433486    -0.000000000000000     0.000000000000000
    -0.000000000000000    -0.091457172945363    -0.113447889627175
    -0.000000000000000     0.370324074157455    -0.114666828952131
39 20
    -0.034833594228912    -0.027068630080815     0.038542144702033
    -0.030752483852547     0.048542963962051     0.059662701909714
     0.043044880843088    -0.063354303358971     0.057378824095308
39 21
     0.026465168023148    -0.204082690017011    -0.026641160734200
    -0.241152470388442     0.017419881374930    -0.004098995301013
     0.027566870952244     0.177395040472540    -0.093030062718388
39 22
    -0.115105670142822     0.000000000000000     0.000000000000000
    -0.000000000000000     0.112238057932572     0.170842412094173
    -0.000000000000000    -0.180389283383385    -0.088036397720684
39 23
    -0.125268705090837    -0.000000000000000     0.000000000000000
    -0.000000000000000    -0.683864280920003    -1.575332584210497
    -0.000000000000000    -1.470640865130467    -3.721474924256730
39 24
     0.026465168023148     0.204082690017011     0.026641160734200
     0.241152470388442     0.017419881374930    -0.004098995301013
    -0.027566870952244     0.177395040472540    -0.093030062718388
39 25
     0.026465168023148    -0.204082690017011     0.026641160734200
    -0.241152470388442     0.017419881374930     0.004098995301013
    -0.027566870952244    -0.177395040472540    -0.093030062718388
39 26
    -0.115105670142822    -0.000000000000000    -0.000000000000000
    -0.000000000000000     0.112238057932572    -0.170842412094173
    -0.000000000000000     0.180389283383385    -0.088036397720684
39 27
    -0.125268705090837     0.000000000000000    -0.000000000000000
    -0.000000000000000    -0.683864280920003     1.575332584210497
    -0.000000000000000     1.470640865130467    -3.721474924256730
39 28
     0.026465168023148     0.204082690017011    -0.026641160734200
     0.241152470388442     0.017419881374930     0.004098995301013
     0.027566870952244    -0.177395040472540    -0.093030062718388
39 29
    -0.034833594228912     0.027068630080815     0.038542144702033
     0.030752483852547     0.048542963962051    -0.059662701909714
     0.043044880843088     0.063354303358971     0.057378824095308
39 30
     0.028150523953998     0.000000000000000    -0.000000000000000
    -0.000000000000000    -0.087287166171741     0.048770098460911
    -0.000000000000000     0.020589431880001    -0.069640914599746
39 31
    -0.197150899433486     0.000000000000000    -0.000000000000000
    -0.000000000000000    -0.091457172945363     0.113447889627175
    -0.000000000000000    -0.370324074157455    -0.114666828952131
39 32
    -0.034833594228912    -0.027068630080815    -0.038542144702033
    -0.030752483852547     0.048542963962051    -0.059662701909714
    -0.043044880843088     0.063354303358971     0.057378824095308
39 33
     0.016031176616459     0.025575084806408    -0.000000000000000
     0.025575084806408    -0.007571099396728    -0.000000000000000
    -0.000000000000000     0.000000000000000     0.098732840975572
39 34
     0.032090800412306     0.000000000000000     0.000000000000000
    -0.000000000000000     0.033771131262316    -0.000000000000000
     0.000000000000000     0.000000000000000     0.021908853536975
39 35
    -0.047286229104287    -0.000000000000000     0.000000000000000
    -0.000000000000000     0.057953460733005    -0.000000000000000
    -0.000000000000000     0.000000000000000    -0.335809846616083
39 36
     0.016031176616459    -0.025575084806408    -0.000000000000000
    -0.025575084806408    -0.007571099396728    -0.000000000000000
    -0.000000000000000     0.000000000000000     0.098732840975572
39 37
    -0.136501651904759    -0.171949992163704     0.000000000000000
    -0.171949992163704    -0.495607785103537    -0.000000000000000
     0.000000000000000    -0.000000000000000    -0.054235127411172
39 38
    -0.415988726933639     0.000000000000000    -0.000000000000000
    -0.000000000000000     0.205773165050901    -0.000000000000000
    -0.000000000000000     0.000000000000000    -0.077397811112677
39 39
     8.129434786142859    -0.000000000000000    -0.000000000000000
    -0.000000000000000    10.838532582810124    -0.000000000000000
    -0.000000000000000    -0.000000000000000    11.693111438850972
39 40
    -0.136501651904759     0.171949992163704    -0.000000000000000
     0.171949992163704    -0.495607785103537    -0.000000000000000
     0.000000000000000     0.000000000000000    -0.054235127411172
39 41
     0.004767213894893    -0.061398083386366     0.209930132872805
    -0.061398083386366    -0.205675907716083     0.124430615188272
     0.209930132872805     0.124430615188272    -0.283303716613647
39 42
    -0.044872375125317    -0.000000000000000     0.000000000000000
    -0.000000000000000     0.014845852006309     0.011019540560743
    -0.000000000000000     0.011019540560743     0.005983723524276
39 43
     0.056696604441191     0.000000000000000     0.000000000000000
    -0.000000000000000     0.094426943138768     0.072903874141691
    -0.000000000000000     0.072903874141691     0.517726286047269
39 44
     0.004767213894893     0.061398083386366    -0.209930132872805
     0.061398083386366    -0.205675907716083     0.124430615188272
    -0.209930132872805     0.124430615188272    -0.283303716613647
39 45
     0.004767213894893    -0.061398083386366    -0.209930132872805
    -0.061398083386366    -0.205675907716083    -0.124430615188272
    -0.209930132872805    -0.124430615188272    -0.283303716613647
39 46
    -0.044872375125317    -0.000000000000000    -0.000000000000000
    -0.000000000000000     0.014845852006309    -0.011019540560743
    -0.000000000000000    -0.011019540560743     0.005983723524276
39 47
     0.056696604441191     0.000000000000000    -0.000000000000000
    -0.000000000000000     0.094426943138768    -0.072903874141691
    -0.000000000000000    -0.072903874141691     0.517726286047269
39 48
     0.004767213894893     0.061398083386366     0.209930132872805
     0.061398083386366    -0.205675907716083    -0.124430615188272
     0.209930132872805    -0.124430615188272    -0.283303716613647
40 1
     0.010626291565748     0.000000000000000     0.000000000000000
     0.000000000000000    -0.020623101292446    -0.054556032062710
     0.000000000000000    -0.030248013935430    -0.012277834100188
40 2
    -0.015535807126718     0.019289189766456    -0.125557609103427
     0.022893762196428     0.018809712986487     0.087664954049332
     0.046318655061107    -0.053025129172715     0.084194380725277
40 3
    -0.015535807126718    -0.019289189766456     0.125557609103427
    -0.022893762196428     0.018809712986487     0.087664954049332
    -0.046318655061107    -0.053025129172715     0.084194380725277
40 4
     0.008336955276458     0.000000000000000     0.000000000000000
     0.000000000000000    -0.065267847609468     0.059723676205768
     0.000000000000000     0.069694360479029    -0.073491832763226
40 5
    -0.028608216541454     0.000000000000000     0.000000000000000
     0.000000000000000    -0.036397338049104    -0.108602886497552
    -0.000000000000000     0.013205847802014     0.016875891453639
40 6
    -1.438193012840963    -0.910015386732718     0.685890072630947
    -0.957697251775987    -0.874098728920349     0.493452671999501
     0.878032025909655     0.504137608306946    -0.588604442964367
40 7
    -1.438193012840963     0.910015386732718    -0.685890072630947
     0.957697251775987    -0.874098728920349     0.493452671999501
    -0.878032025909655     0.504137608306946    -0.588604442964367
40 8
    -0.406799284316694     0.000000000000000     0.000000000000000
     0.000000000000000    -2.311446074891506    -0.715871818488275
    -0.000000000000000    -0.880414755526842    -0.509671164574840
40 9
     0.010626291565748     0.000000000000000     0.000000000000000
     0.000000000000000    -0.020623101292446     0.054556032062710
     0.000000000000000     0.030248013935430    -0.012277834100188
40 10
    -0.015535807126718     0.019289189766456     0.125557609103427
     0.022893762196428     0.018809712986487    -0.087664954049332
    -0.046318655061107     0.053025129172715     0.084194380725278
40 11
    -0.015535807126718    -0.019289189766456    -0.125557609103427
    -0.022893762196428     0.018809712986487    -0.087664954049332
     0.046318655061107     0.053025129172715     0.084194380725278
40 12
     0.008336955276458     0.000000000000000     0.000000000000000
     0.000000000000000    -0.065267847609468    -0.059723676205768
     0.000000000000000    -0.069694360479029    -0.073491832763226
40 13
    -0.028608216541454     0.000000000000000     0.000000000000000
     0.000000000000000    -0.036397338049104     0.108602886497552
    -0.000000000000000    -0.013205847802014     0.016875891453639
40 14
    -1.438193012840963    -0.910015386732718    -0.685890072630947
    -0.957697251775987    -0.874098728920349    -0.493452671999501
    -0.878032025909655    -0.504137608306946    -0.588604442964367
40 15
    -1.438193012840963     0.910015386732718     0.685890072630947
     0.957697251775987    -0.874098728920349    -0.493452671999501
     0.878032025909655    -0.504137608306946    -0.588604442964367
40 16
    -0.406799284316694     0.000000000000000     0.000000000000000
     0.000000000000000    -2.311446074891506     0.715871818488275
    -0.000000000000000     0.880414755526842    -0.509671164574840
40 17
     0.028150523953998     0.000000000000000     0.000000000000000
     0.000000000000000    -0.087287166171741    -0.048770098460911
     0.000000000000000    -0.020589431880001    -0.069640914599746
40 18
    -0.034833594228912     0.027068630080815    -0.038542144702033
     0.030752483852547     0.048542963962051     0.059662701909714
    -0.043044880843088    -0.063354303358971     0.057378824095308
40 19
    -0.034833594228912    -0.027068630080815     0.038542144702033
    -0.030752483852547     0.048542963962051     0.059662701909714
     0.043044880843088    -0.063354303358971     0.057378824095308
40 20
    -0.197150899433486     0.000000000000000     0.000000000000000
     0.000000000000000    -0.091457172945363    -0.113447889627175
     0.000000000000000     0.370324074157455    -0.114666828952131
40 21
    -0.115105670142822     0.000000000000000     0.000000000000000
     0.000000000000000     0.112238057932572     0.170842412094173
     0.000000000000000    -0.180389283383385    -0.088036397720684
40 22
     0.026465168023148    -0.204082690017011    -0.026641160734200
    -0.241152470388442     0.017419881374930    -0.004098995301013
     0.027566870952244     0.177395040472540    -0.093030062718388
40 23
     0.026465168023148     0.204082690017011     0.026641160734200
     0.241152470388442     0.017419881374930    -0.004098995301013
    -0.027566870952244     0.177395040472540    -0.093030062718388
40 24
    -0.125268705090838     0.000000000000000     0.000000000000000
     0.000000000000000    -0.683864280920003    -1.575332584210497
    -0.000000000000000    -1.470640865130467    -3.721474924256730
40 25
    -0.115105670142822     0.000000000000000     0.000000000000000
     0.000000000000000     0.112238057932572    -0.170842412094173
     0.000000000000000     0.180389283383385    -0.088036397720684
40 26
     0.026465168023148    -0.204082690017011     0.026641160734200
    -0.241152470388442     0.017419881374930     0.004098995301013
    -0.027566870952244    -0.177395040472540    -0.093030062718388
40 27
     0.026465168023148     0.204082690017011    -0.026641160734200
     0.241152470388442     0.017419881374930     0.004098995301013
     0.027566870952244    -0.177395040472540    -0.093030062718388
40 28
    -0.125268705090838     0.000000000000000     0.000000000000000
     0.000000000000000    -0.683864280920003     1.575332584210497
    -0.000000000000000     1.470640865130467    -3.721474924256730
40 29
     0.028150523953998     0.000000000000000     0.000000000000000
     0.000000000000000    -0.087287166171741     0.048770098460911
    -0.000000000000000     0.020589431880001    -0.069640914599746
40 30
    -0.034833594228912     0.027068630080815     0.038542144702033
     0.030752483852547     0.048542963962051    -0.059662701909714
     0.043044880843088     0.063354303358971     0.057378824095308
40 31
    -0.034833594228912    -0.027068630080815    -0.038542144702033
    -0.030752483852547     0.048542963962051    -0.059662701909714
    -0.043044880843088     0.063354303358971     0.057378824095308
40 32
    -0.197150899433486     0.000000000000000     0.000000000000000
     0.000000000000000    -0.091457172945363     0.113447889627175
    -0.000000000000000    -0.370324074157455    -0.114666828952131
40 33
     0.032090800412306    -0.000000000000000     0.000000000000000
     0.000000000000000     0.033771131262316     0.000000000000000
    -0.000000000000000    -0.000000000000000     0.021908853536975
40 34
     0.016031176616459     0.025575084806408     0.000000000000000
     0.025575084806408    -0.007571099396728     0.000000000000000
     0.000000000000000     0.000000000000000     0.098732840975572
40 35
     0.016031176616459    -0.025575084806408     0.000000000000000
    -0.025575084806408    -0.007571099396728     0.000000000000000
    -0.000000000000000    -0.000000000000000     0.098732840975572
40 36
    -0.047286229104287     0.000000000000000     0.000000000000000
     0.000000000000000     0.057953460733005     0.000000000000000
    -0.000000000000000     0.000000000000000    -0.335809846616083
40 37
    -0.415988726933639    -0.000000000000000     0.000000000000000
     0.000000000000000     0.205773165050901     0.000000000000000
     0.000000000000000    -0.000000000000000    -0.077397811112677
40 38
    -0.136501651904759    -0.171949992163704     0.000000000000000
    -0.171949992163704    -0.495607785103537     0.000000000000000
    -0.000000000000000    -0.000000000000000    -0.054235127411172
40 39
    -0.136501651904759     0.171949992163704     0.000000000000000
     0.171949992163704    -0.495607785103537     0.000000000000000
    -0.000000000000000    -0.000000000000000    -0.054235127411172
40 40
     8.129434786142861    -0.000000000000000     0.000000000000000
    -0.000000000000000    10.838532582810124    -0.000000000000000
     0.000000000000000    -0.000000000000000    11.693111438850972
40 41
    -0.044872375125317     0.000000000000000     0.000000000000000
     0.000000000000000     0.014845852006309     0.011019540560743
     0.000000000000000     0.011019540560743     0.005983723524276
40 42
     0.004767213894893    -0.061398083386366     0.209930132872805
    -0.061398083386366    -0.205675907716083     0.124430615188272
     0.209930132872805     0.124430615188272    -0.283303716613647
40 43
     0.004767213894893     0.061398083386366    -0.209930132872805
     0.061398083386366    -0.205675907716083     0.124430615188272
    -0.209930132872805     0.124430615188272    -0.283303716613647
40 44
     0.056696604441191    -0.000000000000000     0.000000000000000
     0.000000000000000     0.094426943138768     0.072903874141691
     0.000000000000000     0.072903874141691     0.517726286047269
40 45
    -0.044872375125317     0.000000000000000     0.000000000000000
     0.000000000000000     0.014845852006309    -0.011019540560743
    -0.000000000000000    -0.011019540560743     0.005983723524276
40 46
     0.004767213894893    -0.061398083386366    -0.209930132872805
    -0.061398083386366    -0.205675907716083    -0.124430615188272
    -0.209930132872805    -0.124430615188272    -0.283303716613647
40 47
     0.004767213894893     0.061398083386366     0.209930132872805
     0.061398083386366    -0.205675907716083    -0.124430615188272
     0.209930132872805    -0.124430615188272    -0.283303716613647
40 48
     0.056696604441191    -0.000000000000000     0.000000000000000
     0.000000000000000     0.094426943138768    -0.072903874141691
     0.000000000000000    -0.072903874141691     0.517726286047269
41 1
    -0.197150899433486     0.000000000000000     0.000000000000000
     0.000000000000000    -0.091457172945363     0.113447889627175
     0.000000000000000    -0.370324074157455    -0.114666828952131
41 2
    -0.034833594228912    -0.027068630080815    -0.038542144702033
    -0.030752483852547     0.048542963962051    -0.059662701909714
    -0.043044880843088     0.063354303358971     0.057378824095308
41 3
    -0.034833594228912     0.027068630080815     0.038542144702033
     0.030752483852547     0.048542963962051    -0.059662701909714
     0.043044880843088     0.063354303358971     0.057378824095308
41 4
     0.028150523953998     0.000000000000000     0.000000000000000
     0.000000000000000    -0.087287166171741     0.048770098460911
     0.000000000000000     0.020589431880001    -0.069640914599746
41 5
    -0.125268705090837     0.000000000000000     0.000000000000000
     0.000000000000000    -0.683864280920003     1.575332584210497
     0.000000000000000     1.470640865130467    -3.721474924256730
41 6
     0.026465168023148     0.204082690017011    -0.026641160734200
     0.241152470388442     0.017419881374931     0.004098995301013
     0.027566870952244    -0.177395040472540    -0.093030062718388
41 7
     0.026465168023148    -0.204082690017011     0.026641160734200
    -0.241152470388442     0.017419881374931     0.004098995301013
    -0.027566870952244    -0.177395040472540    -0.093030062718388
41 8
    -0.115105670142822     0.000000000000000     0.000000000000000
     0.000000000000000     0.112238057932572    -0.170842412094173
     0.000000000000000     0.180389283383385    -0.088036397720684
41 9
    -0.125268705090837     0.000000000000000     0.000000000000000
     0.000000000000000    -0.683864280920003    -1.575332584210497
     0.000000000000000    -1.470640865130467    -3.721474924256730
41 10
     0.026465168023148     0.204082690017011     0.026641160734200
     0.241152470388442     0.017419881374931    -0.004098995301013
    -0.027566870952244     0.177395040472540    -0.093030062718387
41 11
     0.026465168023148    -0.204082690017011    -0.026641160734200
    -0.241152470388442     0.017419881374931    -0.004098995301013
     0.027566870952244     0.177395040472540    -0.093030062718387
41 12
    -0.115105670142822     0.000000000000000     0.000000000000000
     0.000000000000000     0.112238057932572     0.170842412094173
     0.000000000000000    -0.180389283383385    -0.088036397720684
41 13
    -0.197150899433486     0.000000000000000     0.000000000000000
     0.000000000000000    -0.091457172945363    -0.113447889627175
     0.000000000000000     0.370324074157455    -0.114666828952131
41 14
    -0.034833594228912    -0.027068630080815     0.038542144702033
    -0.030752483852547     0.048542963962051     0.059662701909714
     0.043044880843088    -0.063354303358971     0.057378824095308
41 15
    -0.034833594228912     0.027068630080815    -0.038542144702033
     0.030752483852547     0.048542963962051     0.059662701909714
    -0.043044880843088    -0.063354303358971     0.057378824095308
41 16
     0.028150523953998     0.000000000000000     0.000000000000000
     0.000000000000000    -0.087287166171741    -0.048770098460911
     0.000000000000000    -0.020589431880001    -0.069640914599746
41 17
    -0.406799284316694     0.000000000000000     0.000000000000000
     0.000000000000000    -2.311446074891507     0.715871818488275
     0.000000000000000     0.880414755526842    -0.509671164574840
41 18
    -1.438193012840963     0.910015386732718     0.685890072630947
     0.957697251775987    -0.874098728920349    -0.493452671999501
     0.878032025909655    -0.504137608306946    -0.588604442964367
41 19
    -1.438193012840963    -0.910015386732718    -0.685890072630947
    -0.957697251775987    -0.874098728920349    -0.493452671999501
    -0.878032025909655    -0.504137608306946    -0.588604442964367
41 20
    -0.028608216541454     0.000000000000000     0.000000000000000
     0.000000000000000    -0.036397338049103     0.108602886497552
     0.000000000000000    -0.013205847802014     0.016875891453639
41 21
     0.008336955276458     0.000000000000000     0.000000000000000
     0.000000000000000    -0.065267847609468    -0.059723676205768
     0.000000000000000    -0.069694360479029    -0.073491832763226
41 22
    -0.015535807126717    -0.019289189766456    -0.125557609103427
    -0.022893762196428     0.018809712986487    -0.087664954049332
     0.046318655061107     0.053025129172715     0.084194380725278
41 23
    -0.015535807126718     0.019289189766456     0.125557609103427
     0.022893762196428     0.018809712986487    -0.087664954049332
    -0.046318655061107     0.053025129172715     0.084194380725278
41 24
     0.010626291565748     0.000000000000000     0.000000000000000
     0.000000000000000    -0.020623101292446     0.054556032062710
     0.000000000000000     0.030248013935430    -0.012277834100188
41 25
    -0.406799284316694     0.000000000000000     0.000000000000000
     0.000000000000000    -2.311446074891506    -0.715871818488275
     0.000000000000000    -0.880414755526842    -0.509671164574840
41 26
    -1.438193012840963     0.910015386732718    -0.685890072630947
     0.957697251775987    -0.874098728920349     0.493452671999501
    -0.878032025909655     0.504137608306946    -0.588604442964367
41 27
    -1.438193012840963    -0.910015386732718     0.685890072630947
    -0.957697251775987    -0.874098728920349     0.493452671999501
     0.878032025909655     0.504137608306946    -0.588604442964367
41 28
    -0.028608216541454     0.000000000000000     0.000000000000000
     0.000000000000000    -0.036397338049103    -0.108602886497552
     0.000000000000000     0.013205847802014     0.016875891453639
41 29
     0.008336955276458     0.000000000000000     0.000000000000000
     0.000000000000000    -0.065267847609468     0.059723676205768
     0.000000000000000     0.069694360479029    -0.073491832763226
41 30
    -0.015535807126717    -0.019289189766456     0.125557609103427
    -0.022893762196428     0.018809712986487     0.087664954049332
    -0.046318655061107    -0.053025129172715     0.084194380725278
41 31
    -0.015535807126717     0.019289189766456    -0.125557609103427
     0.022893762196428     0.018809712986487     0.087664954049332
     0.046318655061107    -0.053025129172715     0.084194380725278
41 32
     0.010626291565748     0.000000000000000     0.000000000000000
     0.000000000000000    -0.020623101292446    -0.054556032062710
     0.000000000000000    -0.030248013935430    -0.012277834100188
41 33
     0.056696604441191    -0.000000000000000     0.000000000000000
     0.000000000000000     0.094426943138768    -0.072903874141691
    -0.000000000000000    -0.072903874141691     0.517726286047269
41 34
     0.004767213894893     0.061398083386366     0.209930132872805
     0.061398083386366    -0.205675907716083    -0.124430615188272
     0.209930132872805    -0.124430615188272    -0.283303716613647
41 35
     0.004767213894893    -0.061398083386366    -0.209930132872805
    -0.061398083386366    -0.205675907716083    -0.124430615188272
    -0.209930132872805    -0.124430615188272    -0.283303716613647
41 36
    -0.044872375125317     0.000000000000000     0.000000000000000
     0.000000000000000     0.014845852006309    -0.011019540560743
    -0.000000000000000    -0.011019540560743     0.005983723524276
41 37
     0.056696604441191    -0.000000000000000     0.000000000000000
     0.000000000000000     0.094426943138768     0.072903874141691
     0.000000000000000     0.072903874141691     0.517726286047269
41 38
     0.004767213894893     0.061398083386366    -0.209930132872805
     0.061398083386366    -0.205675907716083     0.124430615188272
    -0.209930132872805     0.124430615188272    -0.283303716613647
41 39
     0.004767213894893    -0.061398083386366     0.209930132872805
    -0.061398083386366    -0.205675907716083     0.124430615188272
     0.209930132872805     0.124430615188272    -0.283303716613647
41 40
    -0.044872375125317     0.000000000000000     0.000000000000000
     0.000000000000000     0.014845852006309     0.011019540560743
     0.000000000000000     0.011019540560743     0.005983723524276
41 41
     8.129434786142854    -0.000000000000000     0.000000000000000
    -0.000000000000000    10.838532582810123     0.000000000000000
     0.000000000000000     0.000000000000000    11.693111438850979
41 42
    -0.136501651904759     0.171949992163704     0.000000000000000
     0.171949992163704    -0.495607785103537     0.000000000000000
     0.000000000000000     0.000000000000000    -0.054235127411172
41 43
    -0.136501651904759    -0.171949992163704     0.000000000000000
    -0.171949992163704    -0.495607785103537     0.000000000000000
    -0.000000000000000     0.000000000000000    -0.054235127411172
41 44
    -0.415988726933639    -0.000000000000000     0.000000000000000
     0.000000000000000     0.205773165050901     0.000000000000000
     0.000000000000000     0.000000000000000    -0.077397811112677
41 45
    -0.047286229104287     0.000000000000000     0.000000000000000
     0.000000000000000     0.057953460733006     0.000000000000000
    -0.000000000000000    -0.000000000000000    -0.335809846616083
41 46
     0.016031176616460    -0.025575084806408     0.000000000000000
    -0.025575084806408    -0.007571099396728     0.000000000000000
     0.000000000000000    -0.000000000000000     0.098732840975572
41 47
     0.016031176616460     0.025575084806408     0.000000000000000
     0.025575084806408    -0.007571099396728     0.000000000000000
     0.000000000000000    -0.000000000000000     0.098732840975572
41 48
     0.032090800412306    -0.000000000000000     0.000000000000000
     0.000000000000000     0.033771131262316     0.000000000000000
     0.000000000000000    -0.000000000000000     0.021908853536975
42 1
    -0.034833594228912    -0.027068630080815    -0.038542144702033
    -0.030752483852547     0.048542963962051    -0.059662701909714
    -0.043044880843088     0.063354303358971     0.057378824095308
42 2
    -0.197150899433486     0.000000000000000     0.000000000000000
    -0.000000000000000    -0.091457172945363     0.113447889627175
     0.000000000000000    -0.370324074157455    -0.114666828952131
42 3
     0.028150523953998     0.000000000000000     0.000000000000000
    -0.000000000000000    -0.087287166171741     0.048770098460911
     0.000000000000000     0.020589431880001    -0.069640914599746
42 4
    -0.034833594228912     0.027068630080815     0.038542144702033
     0.030752483852547     0.048542963962051    -0.059662701909714
     0.043044880843088     0.063354303358971     0.057378824095308
42 5
     0.026465168023148     0.204082690017011    -0.026641160734200
     0.241152470388442     0.017419881374931     0.004098995301013
     0.027566870952244    -0.177395040472540    -0.093030062718388
42 6
    -0.125268705090837     0.000000000000000     0.000000000000000
    -0.000000000000000    -0.683864280920003     1.575332584210497
     0.000000000000000     1.470640865130467    -3.721474924256730
42 7
    -0.115105670142822     0.000000000000000     0.000000000000000
    -0.000000000000000     0.112238057932572    -0.170842412094173
     0.000000000000000     0.180389283383385    -0.088036397720684
42 8
     0.026465168023148    -0.204082690017011     0.026641160734200
    -0.241152470388442     0.017419881374931     0.004098995301013
    -0.027566870952244    -0.177395040472540    -0.093030062718388
42 9
     0.026465168023148     0.204082690017011     0.026641160734200
     0.241152470388442     0.017419881374931    -0.004098995301013
    -0.027566870952244     0.177395040472540    -0.093030062718387
42 10
    -0.125268705090837     0.000000000000000    -0.000000000000000
    -0.000000000000000    -0.683864280920003    -1.575332584210497
     0.000000000000000    -1.470640865130467    -3.721474924256730
42 11
    -0.115105670142822     0.000000000000000    -0.000000000000000
    -0.000000000000000     0.112238057932572     0.170842412094173
     0.000000000000000    -0.180389283383385    -0.088036397720684
42 12
     0.026465168023148    -0.204082690017011    -0.026641160734200
    -0.241152470388442     0.017419881374931    -0.004098995301013
     0.027566870952244     0.177395040472540    -0.093030062718388
42 13
    -0.034833594228912    -0.027068630080815     0.038542144702033
    -0.030752483852547     0.048542963962051     0.059662701909714
     0.043044880843088    -0.063354303358971     0.057378824095308
42 14
    -0.197150899433486     0.000000000000000     0.000000000000000
    -0.000000000000000    -0.091457172945363    -0.113447889627175
     0.000000000000000     0.370324074157455    -0.114666828952131
42 15
     0.028150523953998     0.000000000000000    -0.000000000000000
    -0.000000000000000    -0.087287166171740    -0.048770098460911
     0.000000000000000    -0.020589431880001    -0.069640914599746
42 16
    -0.034833594228912     0.027068630080815    -0.038542144702033
     0.030752483852547     0.048542963962051     0.059662701909714
    -0.043044880843088    -0.063354303358971     0.057378824095308
42 17
    -1.438193012840963     0.910015386732718     0.685890072630947
     0.957697251775987    -0.874098728920349    -0.493452671999501
     0.878032025909655    -0.504137608306946    -0.588604442964367
42 18
    -0.406799284316694     0.000000000000000     0.000000000000000
    -0.000000000000000    -2.311446074891506     0.715871818488275
     0.000000000000000     0.880414755526842    -0.509671164574840
42 19
    -0.028608216541454     0.000000000000000     0.000000000000000
    -0.000000000000000    -0.036397338049103     0.108602886497552
     0.000000000000000    -0.013205847802014     0.016875891453639
42 20
    -1.438193012840963    -0.910015386732718    -0.685890072630947
    -0.957697251775987    -0.874098728920349    -0.493452671999501
    -0.878032025909655    -0.504137608306946    -0.588604442964367
42 21
    -0.015535807126717    -0.019289189766456    -0.125557609103427
    -0.022893762196428     0.018809712986487    -0.087664954049332
     0.046318655061107     0.053025129172715     0.084194380725277
42 22
     0.008336955276458     0.000000000000000     0.000000000000000
    -0.000000000000000    -0.065267847609468    -0.059723676205768
     0.000000000000000    -0.069694360479029    -0.073491832763226
42 23
     0.010626291565748     0.000000000000000     0.000000000000000
    -0.000000000000000    -0.020623101292446     0.054556032062710
     0.000000000000000     0.030248013935430    -0.012277834100188
42 24
    -0.015535807126718     0.019289189766456     0.125557609103427
     0.022893762196428     0.018809712986487    -0.087664954049332
    -0.046318655061107     0.053025129172715     0.084194380725278
42 25
    -1.438193012840963     0.910015386732718    -0.685890072630947
     0.957697251775987    -0.874098728920349     0.493452671999501
    -0.878032025909655     0.504137608306946    -0.588604442964367
42 26
    -0.406799284316694     0.000000000000000    -0.000000000000000
    -0.000000000000000    -2.311446074891506    -0.715871818488275
     0.000000000000000    -0.880414755526842    -0.509671164574840
42 27
    -0.028608216541454     0.000000000000000    -0.000000000000000
    -0.000000000000000    -0.036397338049103    -0.108602886497552
     0.000000000000000     0.013205847802014     0.016875891453639
42 28
    -1.438193012840963    -0.910015386732718     0.685890072630947
    -0.957697251775987    -0.874098728920349     0.493452671999501
     0.878032025909655     0.504137608306946    -0.588604442964367
42 29
    -0.015535807126717    -0.019289189766456     0.125557609103427
    -0.022893762196428     0.018809712986487     0.087664954049332
    -0.046318655061107    -0.053025129172715     0.084194380725278
42 30
     0.008336955276458     0.000000000000000    -0.000000000000000
    -0.000000000000000    -0.065267847609468     0.059723676205768
     0.000000000000000     0.069694360479029    -0.073491832763226
42 31
     0.010626291565748     0.000000000000000    -0.000000000000000
    -0.000000000000000    -0.020623101292446    -0.054556032062710
     0.000000000000000    -0.030248013935430    -0.012277834100188
42 32
    -0.015535807126717     0.019289189766456    -0.125557609103427
     0.022893762196428     0.018809712986487     0.087664954049332
     0.046318655061107    -0.053025129172715     0.084194380725278
42 33
     0.004767213894893     0.061398083386366     0.209930132872805
     0.061398083386366    -0.205675907716083    -0.124430615188272
     0.209930132872805    -0.124430615188272    -0.283303716613647
42 34
     0.056696604441191     0.000000000000000     0.000000000000000
    -0.000000000000000     0.094426943138768    -0.072903874141691
     0.000000000000000    -0.072903874141691     0.517726286047269
42 35
    -0.044872375125317    -0.000000000000000     0.000000000000000
    -0.000000000000000     0.014845852006309    -0.011019540560743
     0.000000000000000    -0.011019540560743     0.005983723524276
42 36
     0.004767213894893    -0.061398083386366    -0.209930132872805
    -0.061398083386366    -0.205675907716083    -0.124430615188272
    -0.209930132872805    -0.124430615188272    -0.283303716613647
42 37
     0.004767213894893     0.061398083386366    -0.209930132872805
     0.061398083386366    -0.205675907716083     0.124430615188272
    -0.209930132872805     0.124430615188272    -0.283303716613647
42 38
     0.056696604441191     0.000000000000000    -0.000000000000000
    -0.000000000000000     0.094426943138768     0.072903874141691
    -0.000000000000000     0.072903874141691     0.517726286047269
42 39
    -0.044872375125317    -0.000000000000000    -0.000000000000000
    -0.000000000000000     0.014845852006309     0.011019540560743
     0.000000000000000     0.011019540560743     0.005983723524276
42 40
     0.004767213894893    -0.061398083386366     0.209930132872805
    -0.061398083386366    -0.205675907716083     0.124430615188272
     0.209930132872805     0.124430615188272    -0.283303716613647
42 41
    -0.136501651904759     0.171949992163704     0.000000000000000
     0.171949992163704    -0.495607785103537     0.000000000000000
     0.000000000000000     0.000000000000000    -0.054235127411172
42 42
     8.129434786142852    -0.000000000000000     0.000000000000000
    -0.000000000000000    10.838532582810121     0.000000000000000
     0.000000000000000     0.000000000000000    11.693111438850977
42 43
    -0.415988726933639     0.000000000000000     0.000000000000000
    -0.000000000000000     0.205773165050901     0.000000000000000
    -0.000000000000000     0.000000000000000    -0.077397811112677
42 44
    -0.136501651904759    -0.171949992163704    -0.000000000000000
    -0.171949992163704    -0.495607785103537     0.000000000000000
     0.000000000000000     0.000000000000000    -0.054235127411172
42 45
     0.016031176616460    -0.025575084806408     0.000000000000000
    -0.025575084806408    -0.007571099396728     0.000000000000000
    -0.000000000000000    -0.000000000000000     0.098732840975572
42 46
    -0.047286229104287    -0.000000000000000    -0.000000000000000
    -0.000000000000000     0.057953460733006     0.000000000000000
     0.000000000000000    -0.000000000000000    -0.335809846616083
42 47
     0.032090800412306     0.000000000000000    -0.000000000000000
    -0.000000000000000     0.033771131262316     0.000000000000000
     0.000000000000000    -0.000000000000000     0.021908853536975
42 48
     0.016031176616460     0.025575084806408     0.000000000000000
     0.025575084806408    -0.007571099396728     0.000000000000000
     0.000000000000000    -0.000000000000000     0.098732840975572
43 1
    -0.034833594228912     0.027068630080815     0.038542144702033
     0.030752483852547     0.048542963962051    -0.059662701909714
     0.043044880843088     0.063354303358971     0.057378824095308
43 2
     0.028150523953998    -0.000000000000000    -0.000000000000000
     0.000000000000000    -0.087287166171741     0.048770098460911
     0.000000000000000     0.020589431880001    -0.069640914599746
43 3
    -0.197150899433486    -0.000000000000000    -0.000000000000000
     0.000000000000000    -0.091457172945363     0.113447889627175
     0.000000000000000    -0.370324074157455    -0.114666828952131
43 4
    -0.034833594228912    -0.027068630080815    -0.038542144702033
    -0.030752483852547     0.048542963962051    -0.059662701909714
    -0.043044880843088     0.063354303358971     0.057378824095308
43 5
     0.026465168023148    -0.204082690017011     0.026641160734200
    -0.241152470388442     0.017419881374931     0.004098995301013
    -0.027566870952244    -0.177395040472540    -0.093030062718388
43 6
    -0.115105670142822     0.000000000000000     0.000000000000000
     0.000000000000000     0.112238057932572    -0.170842412094173
     0.000000000000000     0.180389283383385    -0.088036397720684
43 7
    -0.125268705090837    -0.000000000000000     0.000000000000000
     0.000000000000000    -0.683864280920003     1.575332584210497
     0.000000000000000     1.470640865130467    -3.721474924256730
43 8
     0.026465168023148     0.204082690017011    -0.026641160734200
     0.241152470388442     0.017419881374931     0.004098995301013
     0.027566870952244    -0.177395040472540    -0.093030062718388
43 9
     0.026465168023148    -0.204082690017011    -0.026641160734200
    -0.241152470388442     0.017419881374930    -0.004098995301013
     0.027566870952244     0.177395040472540    -0.093030062718387
43 10
    -0.115105670142822    -0.000000000000000    -0.000000000000000
    -0.000000000000000     0.112238057932572     0.170842412094173
     0.000000000000000    -0.180389283383385    -0.088036397720684
43 11
    -0.125268705090837     0.000000000000000    -0.000000000000000
     0.000000000000000    -0.683864280920003    -1.575332584210497
    -0.000000000000000    -1.470640865130467    -3.721474924256730
43 12
     0.026465168023148     0.204082690017011     0.026641160734200
     0.241152470388442     0.017419881374931    -0.004098995301013
    -0.027566870952244     0.177395040472540    -0.093030062718388
43 13
    -0.034833594228912     0.027068630080815    -0.038542144702033
     0.030752483852547     0.048542963962051     0.059662701909714
    -0.043044880843088    -0.063354303358971     0.057378824095308
43 14
     0.028150523953998    -0.000000000000000    -0.000000000000000
     0.000000000000000    -0.087287166171741    -0.048770098460911
     0.000000000000000    -0.020589431880001    -0.069640914599746
43 15
    -0.197150899433486    -0.000000000000000    -0.000000000000000
     0.000000000000000    -0.091457172945363    -0.113447889627175
     0.000000000000000     0.370324074157455    -0.114666828952131
43 16
    -0.034833594228912    -0.027068630080815     0.038542144702033
    -0.030752483852547     0.048542963962051     0.059662701909714
     0.043044880843088    -0.063354303358971     0.057378824095308
43 17
    -1.438193012840963    -0.910015386732718    -0.685890072630947
    -0.957697251775987    -0.874098728920349    -0.493452671999501
    -0.878032025909655    -0.504137608306946    -0.588604442964367
43 18
    -0.028608216541454     0.000000000000000     0.000000000000000
     0.000000000000000    -0.036397338049104     0.108602886497552
     0.000000000000000    -0.013205847802014     0.016875891453639
43 19
    -0.406799284316694    -0.000000000000000     0.000000000000000
    -0.000000000000000    -2.311446074891507     0.715871818488275
     0.000000000000000     0.880414755526842    -0.509671164574840
43 20
    -1.438193012840963     0.910015386732718     0.685890072630947
     0.957697251775987    -0.874098728920349    -0.493452671999501
     0.878032025909655    -0.504137608306946    -0.588604442964367
43 21
    -0.015535807126717     0.019289189766456     0.125557609103427
     0.022893762196428     0.018809712986487    -0.087664954049332
    -0.046318655061107     0.053025129172715     0.084194380725277
43 22
     0.010626291565748     0.000000000000000    -0.000000000000000
     0.000000000000000    -0.020623101292446     0.054556032062710
    -0.000000000000000     0.030248013935430    -0.012277834100188
43 23
     0.008336955276458    -0.000000000000000    -0.000000000000000
     0.000000000000000    -0.065267847609468    -0.059723676205768
     0.000000000000000    -0.069694360479029    -0.073491832763226
43 24
    -0.015535807126718    -0.019289189766456    -0.125557609103427
    -0.022893762196428     0.018809712986487    -0.087664954049332
     0.046318655061107     0.053025129172715     0.084194380725278
43 25
    -1.438193012840963    -0.910015386732718     0.685890072630947
    -0.957697251775987    -0.874098728920349     0.493452671999501
     0.878032025909655     0.504137608306946    -0.588604442964367
43 26
    -0.028608216541454    -0.000000000000000    -0.000000000000000
     0.000000000000000    -0.036397338049103    -0.108602886497552
     0.000000000000000     0.013205847802014     0.016875891453639
43 27
    -0.406799284316694     0.000000000000000    -0.000000000000000
     0.000000000000000    -2.311446074891507    -0.715871818488275
     0.000000000000000    -0.880414755526842    -0.509671164574840
43 28
    -1.438193012840963     0.910015386732718    -0.685890072630947
     0.957697251775987    -0.874098728920349     0.493452671999501
    -0.878032025909655     0.504137608306946    -0.588604442964367
43 29
    -0.015535807126717     0.019289189766456    -0.125557609103427
     0.022893762196428     0.018809712986487     0.087664954049332
     0.046318655061107    -0.053025129172715     0.084194380725277
43 30
     0.010626291565748     0.000000000000000    -0.000000000000000
     0.000000000000000    -0.020623101292446    -0.054556032062710
     0.000000000000000    -0.030248013935430    -0.012277834100188
43 31
     0.008336955276458     0.000000000000000    -0.000000000000000
     0.000000000000000    -0.065267847609468     0.059723676205768
     0.000000000000000     0.069694360479029    -0.073491832763226
43 32
    -0.015535807126717    -0.019289189766456     0.125557609103427
    -0.022893762196428     0.018809712986487     0.087664954049332
    -0.046318655061107    -0.053025129172715     0.084194380725278
43 33
     0.004767213894893    -0.061398083386366    -0.209930132872805
    -0.061398083386366    -0.205675907716083    -0.124430615188272
    -0.209930132872805    -0.124430615188272    -0.283303716613647
43 34
    -0.044872375125317     0.000000000000000    -0.000000000000000
    -0.000000000000000     0.014845852006309    -0.011019540560743
     0.000000000000000    -0.011019540560743     0.005983723524276
43 35
     0.056696604441191    -0.000000000000000     0.000000000000000
     0.000000000000000     0.094426943138768    -0.072903874141691
     0.000000000000000    -0.072903874141691     0.517726286047269
43 36
     0.004767213894893     0.061398083386366     0.209930132872805
     0.061398083386366    -0.205675907716083    -0.124430615188272
     0.209930132872805    -0.124430615188272    -0.283303716613647
43 37
     0.004767213894893    -0.061398083386366     0.209930132872805
    -0.061398083386366    -0.205675907716083     0.124430615188272
     0.209930132872805     0.124430615188272    -0.283303716613647
43 38
    -0.044872375125317     0.000000000000000    -0.000000000000000
     0.000000000000000     0.014845852006309     0.011019540560743
    -0.000000000000000     0.011019540560743     0.005983723524276
43 39
     0.056696604441191    -0.000000000000000    -0.000000000000000
     0.000000000000000     0.094426943138768     0.072903874141691
     0.000000000000000     0.072903874141691     0.517726286047269
43 40
     0.004767213894893     0.061398083386366    -0.209930132872805
     0.061398083386366    -0.205675907716083     0.124430615188272
    -0.209930132872805     0.124430615188272    -0.283303716613647
43 41
    -0.136501651904759    -0.171949992163704    -0.000000000000000
    -0.171949992163704    -0.495607785103537     0.000000000000000
     0.000000000000000     0.000000000000000    -0.054235127411172
43 42
    -0.415988726933639    -0.000000000000000    -0.000000000000000
     0.000000000000000     0.205773165050901     0.000000000000000
     0.000000000000000     0.000000000000000    -0.077397811112677
43 43
     8.129434786142852     0.000000000000000     0.000000000000000
     0.000000000000000    10.838532582810121     0.000000000000000
     0.000000000000000     0.000000000000000    11.693111438850980
43 44
    -0.136501651904759     0.171949992163704    -0.000000000000000
     0.171949992163704    -0.495607785103537     0.000000000000000
     0.000000000000000     0.000000000000000    -0.054235127411172
43 45
     0.016031176616460     0.025575084806408    -0.000000000000000
     0.025575084806408    -0.007571099396728     0.000000000000000
    -0.000000000000000    -0.000000000000000     0.098732840975572
43 46
     0.032090800412306    -0.000000000000000    -0.000000000000000
     0.000000000000000     0.033771131262316     0.000000000000000
     0.000000000000000    -0.000000000000000     0.021908853536975
43 47
    -0.047286229104287     0.000000000000000    -0.000000000000000
     0.000000000000000     0.057953460733006     0.000000000000000
     0.000000000000000    -0.000000000000000    -0.335809846616083
43 48
     0.016031176616460    -0.025575084806408    -0.000000000000000
    -0.025575084806408    -0.007571099396728     0.000000000000000
     0.000000000000000    -0.000000000000000     0.098732840975572
44 1
     0.028150523953998    -0.000000000000000     0.000000000000000
    -0.000000000000000    -0.087287166171741     0.048770098460911
    -0.000000000000000     0.020589431880001    -0.069640914599746
44 2
    -0.034833594228912     0.027068630080815     0.038542144702033
     0.030752483852547     0.048542963962051    -0.059662701909714
     0.043044880843088     0.063354303358971     0.057378824095308
44 3
    -0.034833594228912    -0.027068630080815    -0.038542144702033
    -0.030752483852547     0.048542963962051    -0.059662701909714
    -0.043044880843088     0.063354303358971     0.057378824095308
44 4
    -0.197150899433486    -0.000000000000000     0.000000000000000
    -0.000000000000000    -0.091457172945363     0.113447889627175
     0.000000000000000    -0.370324074157455    -0.114666828952131
44 5
    -0.115105670142822    -0.000000000000000    -0.000000000000000
    -0.000000000000000     0.112238057932572    -0.170842412094173
    -0.000000000000000     0.180389283383385    -0.088036397720684
44 6
     0.026465168023148    -0.204082690017011     0.026641160734200
    -0.241152470388442     0.017419881374931     0.004098995301013
    -0.027566870952244    -0.177395040472540    -0.093030062718388
44 7
     0.026465168023148     0.204082690017011    -0.026641160734200
     0.241152470388442     0.017419881374931     0.004098995301013
     0.027566870952244    -0.177395040472540    -0.093030062718388
44 8
    -0.125268705090837    -0.000000000000000     0.000000000000000
    -0.000000000000000    -0.683864280920003     1.575332584210497
    -0.000000000000000     1.470640865130467    -3.721474924256730
44 9
    -0.115105670142822    -0.000000000000000     0.000000000000000
    -0.000000000000000     0.112238057932572     0.170842412094173
     0.000000000000000    -0.180389283383385    -0.088036397720684
44 10
     0.026465168023148    -0.204082690017011    -0.026641160734200
    -0.241152470388442     0.017419881374931    -0.004098995301013
     0.027566870952244     0.177395040472540    -0.093030062718387
44 11
     0.026465168023148     0.204082690017011     0.026641160734200
     0.241152470388442     0.017419881374931    -0.004098995301013
    -0.027566870952244     0.177395040472540    -0.093030062718387
44 12
    -0.125268705090838    -0.000000000000000     0.000000000000000
    -0.000000000000000    -0.683864280920003    -1.575332584210497
    -0.000000000000000    -1.470640865130467    -3.721474924256730
44 13
     0.028150523953998    -0.000000000000000     0.000000000000000
    -0.000000000000000    -0.087287166171741    -0.048770098460911
    -0.000000000000000    -0.020589431880001    -0.069640914599746
44 14
    -0.034833594228912     0.027068630080815    -0.038542144702033
     0.030752483852547     0.048542963962051     0.059662701909714
    -0.043044880843088    -0.063354303358971     0.057378824095308
44 15
    -0.034833594228912    -0.027068630080815     0.038542144702033
    -0.030752483852547     0.048542963962051     0.059662701909714
     0.043044880843088    -0.063354303358971     0.057378824095308
44 16
    -0.197150899433486    -0.000000000000000    -0.000000000000000
    -0.000000000000000    -0.091457172945363    -0.113447889627175
    -0.000000000000000     0.370324074157455    -0.114666828952131
44 17
    -0.028608216541454    -0.000000000000000    -0.000000000000000
    -0.000000000000000    -0.036397338049103     0.108602886497552
    -0.000000000000000    -0.013205847802014     0.016875891453639
44 18
    -1.438193012840963    -0.910015386732718    -0.685890072630947
    -0.957697251775987    -0.874098728920349    -0.493452671999501
    -0.878032025909655    -0.504137608306946    -0.588604442964367
44 19
    -1.438193012840963     0.910015386732718     0.685890072630947
     0.957697251775987    -0.874098728920349    -0.493452671999501
     0.878032025909655    -0.504137608306946    -0.588604442964367
44 20
    -0.406799284316694    -0.000000000000000    -0.000000000000000
    -0.000000000000000    -2.311446074891506     0.715871818488275
     0.000000000000000     0.880414755526842    -0.509671164574840
44 21
     0.010626291565748    -0.000000000000000    -0.000000000000000
    -0.000000000000000    -0.020623101292446     0.054556032062710
    -0.000000000000000     0.030248013935430    -0.012277834100188
44 22
    -0.015535807126718     0.019289189766456     0.125557609103427
     0.022893762196428     0.018809712986487    -0.087664954049332
    -0.046318655061107     0.053025129172715     0.084194380725278
44 23
    -0.015535807126718    -0.019289189766456    -0.125557609103427
    -0.022893762196428     0.018809712986487    -0.087664954049332
     0.046318655061107     0.053025129172715     0.084194380725278
44 24
     0.008336955276458    -0.000000000000000     0.000000000000000
    -0.000000000000000    -0.065267847609468    -0.059723676205768
    -0.000000000000000    -0.069694360479029    -0.073491832763226
44 25
    -0.028608216541454    -0.000000000000000     0.000000000000000
    -0.000000000000000    -0.036397338049103    -0.108602886497552
    -0.000000000000000     0.013205847802014     0.016875891453639
44 26
    -1.438193012840963    -0.910015386732718     0.685890072630947
    -0.957697251775987    -0.874098728920349     0.493452671999501
     0.878032025909655     0.504137608306946    -0.588604442964367
44 27
    -1.438193012840963     0.910015386732718    -0.685890072630947
     0.957697251775987    -0.874098728920349     0.493452671999501
    -0.878032025909655     0.504137608306946    -0.588604442964367
44 28
    -0.406799284316694    -0.000000000000000     0.000000000000000
    -0.000000000000000    -2.311446074891506    -0.715871818488275
    -0.000000000000000    -0.880414755526842    -0.509671164574840
44 29
     0.010626291565748    -0.000000000000000     0.000000000000000
    -0.000000000000000    -0.020623101292446    -0.054556032062710
    -0.000000000000000    -0.030248013935430    -0.012277834100188
44 30
    -0.015535807126717     0.019289189766456    -0.125557609103427
     0.022893762196428     0.018809712986487     0.087664954049332
     0.046318655061107    -0.053025129172715     0.084194380725278
44 31
    -0.015535807126717    -0.019289189766456     0.125557609103427
    -0.022893762196428     0.018809712986487     0.087664954049332
    -0.046318655061107    -0.053025129172715     0.084194380725278
44 32
     0.008336955276458    -0.000000000000000     0.000000000000000
    -0.000000000000000    -0.065267847609468     0.059723676205768
    -0.000000000000000     0.069694360479029    -0.073491832763226
44 33
    -0.044872375125317    -0.000000000000000    -0.000000000000000
    -0.000000000000000     0.014845852006309    -0.011019540560743
    -0.000000000000000    -0.011019540560743     0.005983723524276
44 34
     0.004767213894893    -0.061398083386366    -0.209930132872805
    -0.061398083386366    -0.205675907716083    -0.124430615188272
    -0.209930132872805    -0.124430615188272    -0.283303716613647
44 35
     0.004767213894893     0.061398083386366     0.209930132872805
     0.061398083386366    -0.205675907716083    -0.124430615188272
     0.209930132872805    -0.124430615188272    -0.283303716613647
44 36
     0.056696604441191     0.000000000000000     0.000000000000000
    -0.000000000000000     0.094426943138768    -0.072903874141691
    -0.000000000000000    -0.072903874141691     0.517726286047269
44 37
    -0.044872375125317    -0.000000000000000     0.000000000000000
    -0.000000000000000     0.014845852006309     0.011019540560743
     0.000000000000000     0.011019540560743     0.005983723524276
44 38
     0.004767213894893    -0.061398083386366     0.209930132872805
    -0.061398083386366    -0.205675907716083     0.124430615188272
     0.209930132872805     0.124430615188272    -0.283303716613647
44 39
     0.004767213894893     0.061398083386366    -0.209930132872805
     0.061398083386366    -0.205675907716083     0.124430615188272
    -0.209930132872805     0.124430615188272    -0.283303716613647
44 40
     0.056696604441191     0.000000000000000     0.000000000000000
    -0.000000000000000     0.094426943138768     0.072903874141691
     0.000000000000000     0.072903874141691     0.517726286047269
44 41
    -0.415988726933639     0.000000000000000     0.000000000000000
    -0.000000000000000     0.205773165050901     0.000000000000000
     0.000000000000000     0.000000000000000    -0.077397811112677
44 42
    -0.136501651904759    -0.171949992163704     0.000000000000000
    -0.171949992163704    -0.495607785103537     0.000000000000000
    -0.000000000000000     0.000000000000000    -0.054235127411172
44 43
    -0.136501651904759     0.171949992163704     0.000000000000000
     0.171949992163704    -0.495607785103537     0.000000000000000
    -0.000000000000000     0.000000000000000    -0.054235127411172
44 44
     8.129434786142856    -0.000000000000000    -0.000000000000000
    -0.000000000000000    10.838532582810121     0.000000000000000
    -0.000000000000000     0.000000000000000    11.693111438850977
44 45
     0.032090800412306     0.000000000000000     0.000000000000000
    -0.000000000000000     0.033771131262316     0.000000000000000
    -0.000000000000000    -0.000000000000000     0.021908853536975
44 46
     0.016031176616460     0.025575084806408    -0.000000000000000
     0.025575084806408    -0.007571099396728     0.000000000000000
    -0.000000000000000    -0.000000000000000     0.098732840975572
44 47
     0.016031176616460    -0.025575084806408    -0.000000000000000
    -0.025575084806408    -0.007571099396728     0.000000000000000
     0.000000000000000    -0.000000000000000     0.098732840975572
44 48
    -0.047286229104287    -0.000000000000000     0.000000000000000
    -0.000000000000000     0.057953460733006     0.000000000000000
     0.000000000000000    -0.000000000000000    -0.335809846616083
45 1
    -0.125268705090837     0.000000000000000    -0.000000000000000
     0.000000000000000    -0.683864280920003     1.575332584210497
     0.000000000000000     1.470640865130467    -3.721474924256730
45 2
     0.026465168023148     0.204082690017011    -0.026641160734200
     0.241152470388442     0.017419881374930     0.004098995301013
     0.027566870952244    -0.177395040472540    -0.093030062718388
45 3
     0.026465168023148    -0.204082690017011     0.026641160734200
    -0.241152470388442     0.017419881374931     0.004098995301013
    -0.027566870952244    -0.177395040472540    -0.093030062718388
45 4
    -0.115105670142822     0.000000000000000    -0.000000000000000
     0.000000000000000     0.112238057932572    -0.170842412094173
     0.000000000000000     0.180389283383385    -0.088036397720684
45 5
    -0.197150899433486     0.000000000000000    -0.000000000000000
     0.000000000000000    -0.091457172945363     0.113447889627175
    -0.000000000000000    -0.370324074157455    -0.114666828952131
45 6
    -0.034833594228912    -0.027068630080815    -0.038542144702033
    -0.030752483852547     0.048542963962051    -0.059662701909714
    -0.043044880843088     0.063354303358971     0.057378824095308
45 7
    -0.034833594228912     0.027068630080815     0.038542144702033
     0.030752483852547     0.048542963962051    -0.059662701909714
     0.043044880843088     0.063354303358971     0.057378824095308
45 8
     0.028150523953998     0.000000000000000    -0.000000000000000
     0.000000000000000    -0.087287166171741     0.048770098460911
    -0.000000000000000     0.020589431880001    -0.069640914599746
45 9
    -0.197150899433486     0.000000000000000    -0.000000000000000
     0.000000000000000    -0.091457172945363    -0.113447889627175
     0.000000000000000     0.370324074157455    -0.114666828952131
45 10
    -0.034833594228912    -0.027068630080815     0.038542144702033
    -0.030752483852547     0.048542963962051     0.059662701909714
     0.043044880843088    -0.063354303358971     0.057378824095308
45 11
    -0.034833594228912     0.027068630080815    -0.038542144702033
     0.030752483852547     0.048542963962051     0.059662701909714
    -0.043044880843088    -0.063354303358971     0.057378824095308
45 12
     0.028150523953998     0.000000000000000    -0.000000000000000
     0.000000000000000    -0.087287166171741    -0.048770098460911
     0.000000000000000    -0.020589431880001    -0.069640914599746
45 13
    -0.125268705090837     0.000000000000000    -0.000000000000000
     0.000000000000000    -0.683864280920003    -1.575332584210497
    -0.000000000000000    -1.470640865130467    -3.721474924256730
45 14
     0.026465168023148     0.204082690017011     0.026641160734200
     0.241152470388442     0.017419881374931    -0.004098995301013
    -0.027566870952244     0.177395040472540    -0.093030062718388
45 15
     0.026465168023148    -0.204082690017011    -0.026641160734200
    -0.241152470388442     0.017419881374931    -0.004098995301013
     0.027566870952244     0.177395040472540    -0.093030062718387
45 16
    -0.115105670142822     0.000000000000000    -0.000000000000000
     0.000000000000000     0.112238057932572     0.170842412094173
    -0.000000000000000    -0.180389283383385    -0.088036397720684
45 17
     0.008336955276458     0.000000000000000    -0.000000000000000
     0.000000000000000    -0.065267847609468    -0.059723676205768
     0.000000000000000    -0.069694360479029    -0.073491832763226
45 18
    -0.015535807126718    -0.019289189766456    -0.125557609103427
    -0.022893762196428     0.018809712986487    -0.087664954049332
     0.046318655061107     0.053025129172715     0.084194380725278
45 19
    -0.015535807126718     0.019289189766456     0.125557609103427
     0.022893762196428     0.018809712986487    -0.087664954049332
    -0.046318655061107     0.053025129172715     0.084194380725278
45 20
     0.010626291565748     0.000000000000000    -0.000000000000000
     0.000000000000000    -0.020623101292446     0.054556032062710
     0.000000000000000     0.030248013935430    -0.012277834100188
45 21
    -0.406799284316694     0.000000000000000    -0.000000000000000
     0.000000000000000    -2.311446074891506     0.715871818488275
    -0.000000000000000     0.880414755526842    -0.509671164574840
45 22
    -1.438193012840963     0.910015386732718     0.685890072630947
     0.957697251775987    -0.874098728920349    -0.493452671999501
     0.878032025909655    -0.504137608306946    -0.588604442964367
45 23
    -1.438193012840963    -0.910015386732718    -0.685890072630947
    -0.957697251775987    -0.874098728920349    -0.493452671999501
    -0.878032025909655    -0.504137608306946    -0.588604442964367
45 24
    -0.028608216541454     0.000000000000000    -0.000000000000000
     0.000000000000000    -0.036397338049104     0.108602886497552
    -0.000000000000000    -0.013205847802014     0.016875891453639
45 25
     0.008336955276458     0.000000000000000    -0.000000000000000
     0.000000000000000    -0.065267847609468     0.059723676205768
     0.000000000000000     0.069694360479029    -0.073491832763226
45 26
    -0.015535807126718    -0.019289189766456     0.125557609103427
    -0.022893762196428     0.018809712986487     0.087664954049332
    -0.046318655061107    -0.053025129172715     0.084194380725278
45 27
    -0.015535807126718     0.019289189766456    -0.125557609103427
     0.022893762196428     0.018809712986487     0.087664954049332
     0.046318655061107    -0.053025129172715     0.084194380725278
45 28
     0.010626291565748     0.000000000000000    -0.000000000000000
     0.000000000000000    -0.020623101292446    -0.054556032062710
    -0.000000000000000    -0.030248013935430    -0.012277834100188
45 29
    -0.406799284316694     0.000000000000000    -0.000000000000000
     0.000000000000000    -2.311446074891506    -0.715871818488275
    -0.000000000000000    -0.880414755526842    -0.509671164574840
45 30
    -1.438193012840963     0.910015386732718    -0.685890072630947
     0.957697251775987    -0.874098728920349     0.493452671999501
    -0.878032025909655     0.504137608306946    -0.588604442964367
45 31
    -1.438193012840963    -0.910015386732718     0.685890072630947
    -0.957697251775987    -0.874098728920349     0.493452671999501
     0.878032025909655     0.504137608306946    -0.588604442964367
45 32
    -0.028608216541454     0.000000000000000    -0.000000000000000
     0.000000000000000    -0.036397338049103    -0.108602886497552
    -0.000000000000000     0.013205847802014     0.016875891453639
45 33
     0.056696604441191    -0.000000000000000    -0.000000000000000
     0.000000000000000     0.094426943138768     0.072903874141691
    -0.000000000000000     0.072903874141691     0.517726286047269
45 34
     0.004767213894893     0.061398083386366    -0.209930132872805
     0.061398083386366    -0.205675907716083     0.124430615188272
    -0.209930132872805     0.124430615188272    -0.283303716613647
45 35
     0.004767213894893    -0.061398083386366     0.209930132872805
    -0.061398083386366    -0.205675907716083     0.124430615188272
     0.209930132872805     0.124430615188272    -0.283303716613647
45 36
    -0.044872375125317     0.000000000000000    -0.000000000000000
     0.000000000000000     0.014845852006309     0.011019540560743
    -0.000000000000000     0.011019540560743     0.005983723524276
45 37
     0.056696604441191    -0.000000000000000    -0.000000000000000
     0.000000000000000     0.094426943138768    -0.072903874141691
     0.000000000000000    -0.072903874141691     0.517726286047269
45 38
     0.004767213894893     0.061398083386366     0.209930132872805
     0.061398083386366    -0.205675907716083    -0.124430615188272
     0.209930132872805    -0.124430615188272    -0.283303716613647
45 39
     0.004767213894893    -0.061398083386366    -0.209930132872805
    -0.061398083386366    -0.205675907716083    -0.124430615188272
    -0.209930132872805    -0.124430615188272    -0.283303716613647
45 40
    -0.044872375125317     0.000000000000000    -0.000000000000000
     0.000000000000000     0.014845852006309    -0.011019540560743
     0.000000000000000    -0.011019540560743     0.005983723524276
45 41
    -0.047286229104287     0.000000000000000    -0.000000000000000
     0.000000000000000     0.057953460733006    -0.000000000000000
     0.000000000000000     0.000000000000000    -0.335809846616083
45 42
     0.016031176616460    -0.025575084806408    -0.000000000000000
    -0.025575084806408    -0.007571099396728    -0.000000000000000
     0.000000000000000     0.000000000000000     0.098732840975572
45 43
     0.016031176616460     0.025575084806408    -0.000000000000000
     0.025575084806408    -0.007571099396728    -0.000000000000000
    -0.000000000000000     0.000000000000000     0.098732840975572
45 44
     0.032090800412306    -0.000000000000000    -0.000000000000000
     0.000000000000000     0.033771131262316    -0.000000000000000
     0.000000000000000     0.000000000000000     0.021908853536975
45 45
     8.129434786142857    -0.000000000000000    -0.000000000000000
    -0.000000000000000    10.838532582810123    -0.000000000000000
    -0.000000000000000    -0.000000000000000    11.693111438850977
45 46
    -0.136501651904759     0.171949992163704    -0.000000000000000
     0.171949992163704    -0.495607785103537    -0.000000000000000
    -0.000000000000000    -0.000000000000000    -0.054235127411172
45 47
    -0.136501651904759    -0.171949992163704    -0.000000000000000
    -0.171949992163704    -0.495607785103537    -0.000000000000000
     0.000000000000000    -0.000000000000000    -0.054235127411172
45 48
    -0.415988726933639    -0.000000000000000    -0.000000000000000
     0.000000000000000     0.205773165050901    -0.000000000000000
     0.000000000000000    -0.000000000000000    -0.077397811112677
46 1
     0.026465168023148     0.204082690017011    -0.026641160734200
     0.241152470388442     0.017419881374930     0.004098995301013
     0.027566870952244    -0.177395040472540    -0.093030062718388
46 2
    -0.125268705090837     0.000000000000000     0.000000000000000
    -0.000000000000000    -0.683864280920003     1.575332584210497
    -0.000000000000000     1.470640865130467    -3.721474924256730
46 3
    -0.115105670142822     0.000000000000000     0.000000000000000
    -0.000000000000000     0.112238057932572    -0.170842412094173
    -0.000000000000000     0.180389283383385    -0.088036397720684
46 4
     0.026465168023148    -0.204082690017011     0.026641160734200
    -0.241152470388442     0.017419881374931     0.004098995301013
    -0.027566870952244    -0.177395040472540    -0.093030062718388
46 5
    -0.034833594228912    -0.027068630080815    -0.038542144702033
    -0.030752483852547     0.048542963962051    -0.059662701909714
    -0.043044880843088     0.063354303358971     0.057378824095308
46 6
    -0.197150899433486     0.000000000000000     0.000000000000000
    -0.000000000000000    -0.091457172945363     0.113447889627175
    -0.000000000000000    -0.370324074157455    -0.114666828952131
46 7
     0.028150523953998     0.000000000000000     0.000000000000000
    -0.000000000000000    -0.087287166171741     0.048770098460911
     0.000000000000000     0.020589431880001    -0.069640914599746
46 8
    -0.034833594228912     0.027068630080815     0.038542144702033
     0.030752483852547     0.048542963962051    -0.059662701909714
     0.043044880843088     0.063354303358971     0.057378824095308
46 9
    -0.034833594228912    -0.027068630080815     0.038542144702033
    -0.030752483852547     0.048542963962051     0.059662701909714
     0.043044880843088    -0.063354303358971     0.057378824095308
46 10
    -0.197150899433486     0.000000000000000    -0.000000000000000
    -0.000000000000000    -0.091457172945363    -0.113447889627175
    -0.000000000000000     0.370324074157455    -0.114666828952131
46 11
     0.028150523953998     0.000000000000000    -0.000000000000000
    -0.000000000000000    -0.087287166171741    -0.048770098460911
    -0.000000000000000    -0.020589431880001    -0.069640914599746
46 12
    -0.034833594228912     0.027068630080815    -0.038542144702033
     0.030752483852547     0.048542963962051     0.059662701909714
    -0.043044880843088    -0.063354303358971     0.057378824095308
46 13
     0.026465168023148     0.204082690017011     0.026641160734200
     0.241152470388442     0.017419881374931    -0.004098995301013
    -0.027566870952244     0.177395040472540    -0.093030062718387
46 14
    -0.125268705090837     0.000000000000000    -0.000000000000000
    -0.000000000000000    -0.683864280920003    -1.575332584210497
     0.000000000000000    -1.470640865130467    -3.721474924256730
46 15
    -0.115105670142822     0.000000000000000    -0.000000000000000
    -0.000000000000000     0.112238057932572     0.170842412094173
    -0.000000000000000    -0.180389283383385    -0.088036397720684
46 16
     0.026465168023148    -0.204082690017011    -0.026641160734200
    -0.241152470388442     0.017419881374931    -0.004098995301013
     0.027566870952244     0.177395040472540    -0.093030062718387
46 17
    -0.015535807126718    -0.019289189766456    -0.125557609103427
    -0.022893762196428     0.018809712986487    -0.087664954049332
     0.046318655061107     0.053025129172715     0.084194380725278
46 18
     0.008336955276458     0.000000000000000     0.000000000000000
    -0.000000000000000    -0.065267847609468    -0.059723676205768
    -0.000000000000000    -0.069694360479029    -0.073491832763226
46 19
     0.010626291565748     0.000000000000000     0.000000000000000
    -0.000000000000000    -0.020623101292446     0.054556032062710
    -0.000000000000000     0.030248013935430    -0.012277834100188
46 20
    -0.015535807126718     0.019289189766456     0.125557609103427
     0.022893762196428     0.018809712986487    -0.087664954049332
    -0.046318655061107     0.053025129172715     0.084194380725278
46 21
    -1.438193012840963     0.910015386732718     0.685890072630947
     0.957697251775987    -0.874098728920349    -0.493452671999501
     0.878032025909655    -0.504137608306946    -0.588604442964367
46 22
    -0.406799284316694     0.000000000000000     0.000000000000000
    -0.000000000000000    -2.311446074891506     0.715871818488275
    -0.000000000000000     0.880414755526842    -0.509671164574840
46 23
    -0.028608216541454     0.000000000000000     0.000000000000000
    -0.000000000000000    -0.036397338049104     0.108602886497552
     0.000000000000000    -0.013205847802014     0.016875891453639
46 24
    -1.438193012840963    -0.910015386732718    -0.685890072630947
    -0.957697251775987    -0.874098728920349    -0.493452671999501
    -0.878032025909655    -0.504137608306946    -0.588604442964367
46 25
    -0.015535807126718    -0.019289189766456     0.125557609103427
    -0.022893762196428     0.018809712986487     0.087664954049332
    -0.046318655061107    -0.053025129172715     0.084194380725278
46 26
     0.008336955276458     0.000000000000000    -0.000000000000000
    -0.000000000000000    -0.065267847609468     0.059723676205768
    -0.000000000000000     0.069694360479029    -0.073491832763226
46 27
     0.010626291565748     0.000000000000000    -0.000000000000000
    -0.000000000000000    -0.020623101292446    -0.054556032062710
    -0.000000000000000    -0.030248013935430    -0.012277834100188
46 28
    -0.015535807126718     0.019289189766456    -0.125557609103427
     0.022893762196428     0.018809712986487     0.087664954049332
     0.046318655061107    -0.053025129172715     0.084194380725278
46 29
    -1.438193012840963     0.910015386732718    -0.685890072630947
     0.957697251775987    -0.874098728920349     0.493452671999501
    -0.878032025909655     0.504137608306946    -0.588604442964367
46 30
    -0.406799284316694     0.000000000000000    -0.000000000000000
    -0.000000000000000    -2.311446074891506    -0.715871818488275
     0.000000000000000    -0.880414755526842    -0.509671164574840
46 31
    -0.028608216541454     0.000000000000000    -0.000000000000000
    -0.000000000000000    -0.036397338049103    -0.108602886497552
    -0.000000000000000     0.013205847802014     0.016875891453639
46 32
    -1.438193012840963    -0.910015386732718     0.685890072630947
    -0.957697251775987    -0.874098728920349     0.493452671999501
     0.878032025909655     0.504137608306946    -0.588604442964367
46 33
     0.004767213894893     0.061398083386366    -0.209930132872805
     0.061398083386366    -0.205675907716083     0.124430615188272
    -0.209930132872805     0.124430615188272    -0.283303716613647
46 34
     0.056696604441191     0.000000000000000     0.000000000000000
    -0.000000000000000     0.094426943138768     0.072903874141691
     0.000000000000000     0.072903874141691     0.517726286047269
46 35
    -0.044872375125317    -0.000000000000000     0.000000000000000
    -0.000000000000000     0.014845852006309     0.011019540560743
    -0.000000000000000     0.011019540560743     0.005983723524276
46 36
     0.004767213894893    -0.061398083386366     0.209930132872805
    -0.061398083386366    -0.205675907716083     0.124430615188272
     0.209930132872805     0.124430615188272    -0.283303716613647
46 37
     0.004767213894893     0.061398083386366     0.209930132872805
     0.061398083386366    -0.205675907716083    -0.124430615188272
     0.209930132872805    -0.124430615188272    -0.283303716613647
46 38
     0.056696604441191     0.000000000000000    -0.000000000000000
    -0.000000000000000     0.094426943138768    -0.072903874141691
    -0.000000000000000    -0.072903874141691     0.517726286047269
46 39
    -0.044872375125317    -0.000000000000000    -0.000000000000000
    -0.000000000000000     0.014845852006309    -0.011019540560743
    -0.000000000000000    -0.011019540560743     0.005983723524276
46 40
     0.004767213894893    -0.061398083386366    -0.209930132872805
    -0.061398083386366    -0.205675907716083    -0.124430615188272
    -0.209930132872805    -0.124430615188272    -0.283303716613647
46 41
     0.016031176616460    -0.025575084806408     0.000000000000000
    -0.025575084806408    -0.007571099396728    -0.000000000000000
     0.000000000000000     0.000000000000000     0.098732840975572
46 42
    -0.047286229104287    -0.000000000000000     0.000000000000000
    -0.000000000000000     0.057953460733006    -0.000000000000000
    -0.000000000000000     0.000000000000000    -0.335809846616083
46 43
     0.032090800412306     0.000000000000000     0.000000000000000
    -0.000000000000000     0.033771131262316    -0.000000000000000
    -0.000000000000000     0.000000000000000     0.021908853536975
46 44
     0.016031176616460     0.025575084806408    -0.000000000000000
     0.025575084806408    -0.007571099396728    -0.000000000000000
    -0.000000000000000     0.000000000000000     0.098732840975572
46 45
    -0.136501651904759     0.171949992163704    -0.000000000000000
     0.171949992163704    -0.495607785103537    -0.000000000000000
    -0.000000000000000    -0.000000000000000    -0.054235127411172
46 46
     8.129434786142856     0.000000000000000    -0.000000000000000
     0.000000000000000    10.838532582810121    -0.000000000000000
    -0.000000000000000    -0.000000000000000    11.693111438850975
46 47
    -0.415988726933639     0.000000000000000    -0.000000000000000
    -0.000000000000000     0.205773165050901    -0.000000000000000
     0.000000000000000    -0.000000000000000    -0.077397811112677
46 48
    -0.136501651904759    -0.171949992163704     0.000000000000000
    -0.171949992163704    -0.495607785103537    -0.000000000000000
     0.000000000000000    -0.000000000000000    -0.054235127411172
47 1
     0.026465168023148    -0.204082690017011     0.026641160734200
    -0.241152470388442     0.017419881374930     0.004098995301013
    -0.027566870952244    -0.177395040472540    -0.093030062718387
47 2
    -0.115105670142822     0.000000000000000     0.000000000000000
     0.000000000000000     0.112238057932572    -0.170842412094173
    -0.000000000000000     0.180389283383385    -0.088036397720684
47 3
    -0.125268705090837     0.000000000000000     0.000000000000000
     0.000000000000000    -0.683864280920003     1.575332584210497
    -0.000000000000000     1.470640865130467    -3.721474924256730
47 4
     0.026465168023148     0.204082690017011    -0.026641160734200
     0.241152470388442     0.017419881374931     0.004098995301013
     0.027566870952244    -0.177395040472540    -0.093030062718388
47 5
    -0.034833594228912     0.027068630080815     0.038542144702033
     0.030752483852547     0.048542963962051    -0.059662701909714
     0.043044880843088     0.063354303358971     0.057378824095308
47 6
     0.028150523953998     0.000000000000000     0.000000000000000
     0.000000000000000    -0.087287166171741     0.048770098460911
    -0.000000000000000     0.020589431880001    -0.069640914599746
47 7
    -0.197150899433486    -0.000000000000000     0.000000000000000
     0.000000000000000    -0.091457172945363     0.113447889627175
     0.000000000000000    -0.370324074157455    -0.114666828952131
47 8
    -0.034833594228912    -0.027068630080815    -0.038542144702033
    -0.030752483852547     0.048542963962051    -0.059662701909714
    -0.043044880843088     0.063354303358971     0.057378824095308
47 9
    -0.034833594228912     0.027068630080815    -0.038542144702033
     0.030752483852547     0.048542963962051     0.059662701909714
    -0.043044880843088    -0.063354303358971     0.057378824095308
47 10
     0.028150523953998    -0.000000000000000    -0.000000000000000
     0.000000000000000    -0.087287166171741    -0.048770098460911
    -0.000000000000000    -0.020589431880001    -0.069640914599746
47 11
    -0.197150899433486     0.000000000000000    -0.000000000000000
     0.000000000000000    -0.091457172945363    -0.113447889627175
    -0.000000000000000     0.370324074157455    -0.114666828952131
47 12
    -0.034833594228912    -0.027068630080815     0.038542144702033
    -0.030752483852547     0.048542963962051     0.059662701909714
     0.043044880843088    -0.063354303358971     0.057378824095308
47 13
     0.026465168023148    -0.204082690017011    -0.026641160734200
    -0.241152470388442     0.017419881374931    -0.004098995301013
     0.027566870952244     0.177395040472540    -0.093030062718387
47 14
    -0.115105670142822     0.000000000000000     0.000000000000000
     0.000000000000000     0.112238057932572     0.170842412094173
     0.000000000000000    -0.180389283383385    -0.088036397720684
47 15
    -0.125268705090838     0.000000000000000     0.000000000000000
     0.000000000000000    -0.683864280920003    -1.575332584210497
    -0.000000000000000    -1.470640865130467    -3.721474924256730
47 16
     0.026465168023148     0.204082690017011     0.026641160734200
     0.241152470388442     0.017419881374931    -0.004098995301013
    -0.027566870952244     0.177395040472540    -0.093030062718387
47 17
    -0.015535807126718     0.019289189766456     0.125557609103427
     0.022893762196428     0.018809712986487    -0.087664954049332
    -0.046318655061107     0.053025129172715     0.084194380725278
47 18
     0.010626291565748     0.000000000000000     0.000000000000000
     0.000000000000000    -0.020623101292446     0.054556032062710
    -0.000000000000000     0.030248013935430    -0.012277834100188
47 19
     0.008336955276458    -0.000000000000000     0.000000000000000
    -0.000000000000000    -0.065267847609468    -0.059723676205768
    -0.000000000000000    -0.069694360479029    -0.073491832763226
47 20
    -0.015535807126718    -0.019289189766456    -0.125557609103427
    -0.022893762196428     0.018809712986487    -0.087664954049332
     0.046318655061107     0.053025129172715     0.084194380725278
47 21
    -1.438193012840963    -0.910015386732718    -0.685890072630947
    -0.957697251775987    -0.874098728920349    -0.493452671999501
    -0.878032025909655    -0.504137608306946    -0.588604442964367
47 22
    -0.028608216541454     0.000000000000000     0.000000000000000
     0.000000000000000    -0.036397338049104     0.108602886497552
    -0.000000000000000    -0.013205847802014     0.016875891453639
47 23
    -0.406799284316694    -0.000000000000000     0.000000000000000
     0.000000000000000    -2.311446074891507     0.715871818488275
     0.000000000000000     0.880414755526842    -0.509671164574840
47 24
    -1.438193012840963     0.910015386732718     0.685890072630947
     0.957697251775987    -0.874098728920349    -0.493452671999501
     0.878032025909655    -0.504137608306946    -0.588604442964367
47 25
    -0.015535807126718     0.019289189766456    -0.125557609103427
     0.022893762196428     0.018809712986487     0.087664954049332
     0.046318655061107    -0.053025129172715     0.084194380725278
47 26
     0.010626291565748    -0.000000000000000     0.000000000000000
     0.000000000000000    -0.020623101292446    -0.054556032062710
    -0.000000000000000    -0.030248013935430    -0.012277834100188
47 27
     0.008336955276458     0.000000000000000     0.000000000000000
     0.000000000000000    -0.065267847609468     0.059723676205768
    -0.000000000000000     0.069694360479029    -0.073491832763226
47 28
    -0.015535807126718    -0.019289189766456     0.125557609103427
    -0.022893762196428     0.018809712986487     0.087664954049332
    -0.046318655061107    -0.053025129172715     0.084194380725278
47 29
    -1.438193012840963    -0.910015386732718     0.685890072630947
    -0.957697251775987    -0.874098728920349     0.493452671999501
     0.878032025909655     0.504137608306946    -0.588604442964367
47 30
    -0.028608216541454     0.000000000000000     0.000000000000000
     0.000000000000000    -0.036397338049104    -0.108602886497552
     0.000000000000000     0.013205847802014     0.016875891453639
47 31
    -0.406799284316694     0.000000000000000    -0.000000000000000
     0.000000000000000    -2.311446074891507    -0.715871818488275
    -0.000000000000000    -0.880414755526842    -0.509671164574840
47 32
    -1.438193012840963     0.910015386732718    -0.685890072630947
     0.957697251775987    -0.874098728920349     0.493452671999501
    -0.878032025909655     0.504137608306946    -0.588604442964367
47 33
     0.004767213894893    -0.061398083386366     0.209930132872805
    -0.061398083386366    -0.205675907716083     0.124430615188272
     0.209930132872805     0.124430615188272    -0.283303716613647
47 34
    -0.044872375125317     0.000000000000000     0.000000000000000
     0.000000000000000     0.014845852006309     0.011019540560743
     0.000000000000000     0.011019540560743     0.005983723524276
47 35
     0.056696604441191    -0.000000000000000     0.000000000000000
     0.000000000000000     0.094426943138768     0.072903874141691
    -0.000000000000000     0.072903874141691     0.517726286047269
47 36
     0.004767213894893     0.061398083386366    -0.209930132872805
     0.061398083386366    -0.205675907716083     0.124430615188272
    -0.209930132872805     0.124430615188272    -0.283303716613647
47 37
     0.004767213894893    -0.061398083386366    -0.209930132872805
    -0.061398083386366    -0.205675907716083    -0.124430615188272
    -0.209930132872805    -0.124430615188272    -0.283303716613647
47 38
    -0.044872375125317     0.000000000000000    -0.000000000000000
     0.000000000000000     0.014845852006309    -0.011019540560743
    -0.000000000000000    -0.011019540560743     0.005983723524276
47 39
     0.056696604441191    -0.000000000000000    -0.000000000000000
     0.000000000000000     0.094426943138768    -0.072903874141691
    -0.000000000000000    -0.072903874141691     0.517726286047269
47 40
     0.004767213894893     0.061398083386366     0.209930132872805
     0.061398083386366    -0.205675907716083    -0.124430615188272
     0.209930132872805    -0.124430615188272    -0.283303716613647
47 41
     0.016031176616460     0.025575084806408     0.000000000000000
     0.025575084806408    -0.007571099396728    -0.000000000000000
     0.000000000000000     0.000000000000000     0.098732840975572
47 42
     0.032090800412306    -0.000000000000000     0.000000000000000
     0.000000000000000     0.033771131262316    -0.000000000000000
    -0.000000000000000     0.000000000000000     0.021908853536975
47 43
    -0.047286229104287     0.000000000000000     0.000000000000000
     0.000000000000000     0.057953460733006    -0.000000000000000
    -0.000000000000000     0.000000000000000    -0.335809846616083
47 44
     0.016031176616460    -0.025575084806408     0.000000000000000
    -0.025575084806408    -0.007571099396728    -0.000000000000000
    -0.000000000000000     0.000000000000000     0.098732840975572
47 45
    -0.136501651904759    -0.171949992163704     0.000000000000000
    -0.171949992163704    -0.495607785103537    -0.000000000000000
    -0.000000000000000    -0.000000000000000    -0.054235127411172
47 46
    -0.415988726933639    -0.000000000000000     0.000000000000000
     0.000000000000000     0.205773165050901    -0.000000000000000
    -0.000000000000000    -0.000000000000000    -0.077397811112677
47 47
     8.129434786142852    -0.000000000000000    -0.000000000000000
    -0.000000000000000    10.838532582810121    -0.000000000000000
    -0.000000000000000    -0.000000000000000    11.693111438850975
47 48
    -0.136501651904759     0.171949992163704     0.000000000000000
     0.171949992163704    -0.495607785103537    -0.000000000000000
     0.000000000000000    -0.000000000000000    -0.054235127411172
48 1
    -0.115105670142822    -0.000000000000000     0.000000000000000
    -0.000000000000000     0.112238057932572    -0.170842412094173
     0.000000000000000     0.180389283383385    -0.088036397720684
48 2
     0.026465168023148    -0.204082690017011     0.026641160734200
    -0.241152470388442     0.017419881374930     0.004098995301013
    -0.027566870952244    -0.177395040472540    -0.093030062718388
48 3
     0.026465168023148     0.204082690017011    -0.026641160734200
     0.241152470388442     0.017419881374931     0.004098995301013
     0.027566870952244    -0.177395040472540    -0.093030062718388
48 4
    -0.125268705090837    -0.000000000000000     0.000000000000000
    -0.000000000000000    -0.683864280920003     1.575332584210497
     0.000000000000000     1.470640865130467    -3.721474924256730
48 5
     0.028150523953998    -0.000000000000000     0.000000000000000
    -0.000000000000000    -0.087287166171741     0.048770098460911
    -0.000000000000000     0.020589431880001    -0.069640914599746
48 6
    -0.034833594228912     0.027068630080815     0.038542144702033
     0.030752483852547     0.048542963962051    -0.059662701909714
     0.043044880843088     0.063354303358971     0.057378824095308
48 7
    -0.034833594228912    -0.027068630080815    -0.038542144702033
    -0.030752483852547     0.048542963962051    -0.059662701909714
    -0.043044880843088     0.063354303358971     0.057378824095308
48 8
    -0.197150899433486    -0.000000000000000     0.000000000000000
    -0.000000000000000    -0.091457172945363     0.113447889627175
    -0.000000000000000    -0.370324074157455    -0.114666828952131
48 9
     0.028150523953998    -0.000000000000000     0.000000000000000
    -0.000000000000000    -0.087287166171741    -0.048770098460911
     0.000000000000000    -0.020589431880001    -0.069640914599746
48 10
    -0.034833594228912     0.027068630080815    -0.038542144702033
     0.030752483852547     0.048542963962051     0.059662701909714
    -0.043044880843088    -0.063354303358971     0.057378824095308
48 11
    -0.034833594228912    -0.027068630080815     0.038542144702033
    -0.030752483852547     0.048542963962051     0.059662701909714
     0.043044880843088    -0.063354303358971     0.057378824095308
48 12
    -0.197150899433486    -0.000000000000000     0.000000000000000
    -0.000000000000000    -0.091457172945363    -0.113447889627175
     0.000000000000000     0.370324074157455    -0.114666828952131
48 13
    -0.115105670142822    -0.000000000000000     0.000000000000000
    -0.000000000000000     0.112238057932572     0.170842412094173
    -0.000000000000000    -0.180389283383385    -0.088036397720684
48 14
     0.026465168023148    -0.204082690017011    -0.026641160734200
    -0.241152470388442     0.017419881374931    -0.004098995301013
     0.027566870952244     0.177395040472540    -0.093030062718388
48 15
     0.026465168023148     0.204082690017011     0.026641160734200
     0.241152470388442     0.017419881374931    -0.004098995301013
    -0.027566870952244     0.177395040472540    -0.093030062718387
48 16
    -0.125268705090838    -0.000000000000000    -0.000000000000000
    -0.000000000000000    -0.683864280920003    -1.575332584210497
    -0.000000000000000    -1.470640865130467    -3.721474924256730
48 17
     0.010626291565748    -0.000000000000000     0.000000000000000
    -0.000000000000000    -0.020623101292446     0.054556032062710
     0.000000000000000     0.030248013935430    -0.012277834100188
48 18
    -0.015535807126717     0.019289189766456     0.125557609103427
     0.022893762196428     0.018809712986487    -0.087664954049332
    -0.046318655061107     0.053025129172715     0.084194380725278
48 19
    -0.015535807126718    -0.019289189766456    -0.125557609103427
    -0.022893762196428     0.018809712986487    -0.087664954049332
     0.046318655061107     0.053025129172715     0.084194380725278
48 20
     0.008336955276458    -0.000000000000000    -0.000000000000000
    -0.000000000000000    -0.065267847609468    -0.059723676205768
     0.000000000000000    -0.069694360479029    -0.073491832763226
48 21
    -0.028608216541454    -0.000000000000000    -0.000000000000000
    -0.000000000000000    -0.036397338049104     0.108602886497552
     0.000000000000000    -0.013205847802014     0.016875891453639
48 22
    -1.438193012840963    -0.910015386732718    -0.685890072630947
    -0.957697251775987    -0.874098728920349    -0.493452671999501
    -0.878032025909655    -0.504137608306946    -0.588604442964367
48 23
    -1.438193012840963     0.910015386732718     0.685890072630947
     0.957697251775987    -0.874098728920349    -0.493452671999501
     0.878032025909655    -0.504137608306946    -0.588604442964367
48 24
    -0.406799284316694    -0.000000000000000     0.000000000000000
    -0.000000000000000    -2.311446074891506     0.715871818488275
     0.000000000000000     0.880414755526842    -0.509671164574840
48 25
     0.010626291565748    -0.000000000000000     0.000000000000000
    -0.000000000000000    -0.020623101292446    -0.054556032062710
     0.000000000000000    -0.030248013935430    -0.012277834100188
48 26
    -0.015535807126717     0.019289189766456    -0.125557609103427
     0.022893762196428     0.018809712986487     0.087664954049332
     0.046318655061107    -0.053025129172715     0.084194380725278
48 27
    -0.015535807126717    -0.019289189766456     0.125557609103427
    -0.022893762196428     0.018809712986487     0.087664954049332
    -0.046318655061107    -0.053025129172715     0.084194380725278
48 28
     0.008336955276458    -0.000000000000000     0.000000000000000
    -0.000000000000000    -0.065267847609468     0.059723676205768
     0.000000000000000     0.069694360479029    -0.073491832763226
48 29
    -0.028608216541454    -0.000000000000000     0.000000000000000
    -0.000000000000000    -0.036397338049104    -0.108602886497552
    -0.000000000000000     0.013205847802014     0.016875891453639
48 30
    -1.438193012840963    -0.910015386732718     0.685890072630947
    -0.957697251775987    -0.874098728920349     0.493452671999501
     0.878032025909655     0.504137608306946    -0.588604442964367
48 31
    -1.438193012840963     0.910015386732718    -0.685890072630947
     0.957697251775987    -0.874098728920349     0.493452671999501
    -0.878032025909655     0.504137608306946    -0.588604442964367
48 32
    -0.406799284316694    -0.000000000000000     0.000000000000000
    -0.000000000000000    -2.311446074891506    -0.715871818488275
    -0.000000000000000    -0.880414755526842    -0.509671164574840
48 33
    -0.044872375125317    -0.000000000000000    -0.000000000000000
    -0.000000000000000     0.014845852006309     0.011019540560743
    -0.000000000000000     0.011019540560743     0.005983723524276
48 34
     0.004767213894893    -0.061398083386366     0.209930132872805
    -0.061398083386366    -0.205675907716083     0.124430615188272
     0.209930132872805     0.124430615188272    -0.283303716613647
48 35
     0.004767213894893     0.061398083386366    -0.209930132872805
     0.061398083386366    -0.205675907716083     0.124430615188272
    -0.209930132872805     0.124430615188272    -0.283303716613647
48 36
     0.056696604441191     0.000000000000000     0.000000000000000
    -0.000000000000000     0.094426943138768     0.072903874141691
    -0.000000000000000     0.072903874141691     0.517726286047269
48 37
    -0.044872375125317    -0.000000000000000     0.000000000000000
    -0.000000000000000     0.014845852006309    -0.011019540560743
     0.000000000000000    -0.011019540560743     0.005983723524276
48 38
     0.004767213894893    -0.061398083386366    -0.209930132872805
    -0.061398083386366    -0.205675907716083    -0.124430615188272
    -0.209930132872805    -0.124430615188272    -0.283303716613647
48 39
     0.004767213894893     0.061398083386366     0.209930132872805
     0.061398083386366    -0.205675907716083    -0.124430615188272
     0.209930132872805    -0.124430615188272    -0.283303716613647
48 40
     0.056696604441191     0.000000000000000     0.000000000000000
    -0.000000000000000     0.094426943138768    -0.072903874141691
     0.000000000000000    -0.072903874141691     0.517726286047269
48 41
     0.032090800412306     0.000000000000000     0.000000000000000
    -0.000000000000000     0.033771131262316    -0.000000000000000
     0.000000000000000     0.000000000000000     0.021908853536975
48 42
     0.016031176616460     0.025575084806408     0.000000000000000
     0.025575084806408    -0.007571099396728    -0.000000000000000
     0.000000000000000     0.000000000000000     0.098732840975572
48 43
     0.016031176616460    -0.025575084806408     0.000000000000000
    -0.025575084806408    -0.007571099396728    -0.000000000000000
    -0.000000000000000     0.000000000000000     0.098732840975572
48 44
    -0.047286229104287    -0.000000000000000     0.000000000000000
    -0.000000000000000     0.057953460733006    -0.000000000000000
     0.000000000000000     0.000000000000000    -0.335809846616083
48 45
    -0.415988726933639     0.000000000000000     0.000000000000000
    -0.000000000000000     0.205773165050901    -0.000000000000000
    -0.000000000000000    -0.000000000000000    -0.077397811112677
48 46
    -0.136501651904759    -0.171949992163704     0.000000000000000
    -0.171949992163704    -0.495607785103537    -0.000000000000000
     0.000000000000000    -0.000000000000000    -0.054235127411172
48 47
    -0.136501651904759     0.171949992163704     0.000000000000000
     0.171949992163704    -0.495607785103537    -0.000000000000000
     0.000000000000000    -0.000000000000000    -0.054235127411172
48 48
     8.129434786142856    -0.000000000000000     0.000000000000000
    -0.000000000000000    10.838532582810121    -0.000000000000000
     0.000000000000000    -0.000000000000000    11.693111438850975