material_id,formula,crystal_system,VPA,D,SM,YM,DT
mp-24390,CaPHO4,Triclinic,10.95156,2.94711,39.173,99.65611,547.93573
mp-9198,Fe(SiP)4,Triclinic,15.8658,3.39664,90.786,214.79968,676.44554
mp-23487,KIO3,Triclinic,17.53344,4.05348,14.11,34.59772,239.16261
mp-531611,Mg(AlB14)2,Triclinic,7.82366,2.60841,174.61,400.90456,1348.90273
mp-29157,Si3P2Pt,Triclinic,17.1168,5.51819,81.176,199.53061,492.0689
mp-14983,Si4P4Ru,Triclinic,16.78717,3.70727,86.833,209.78853,623.24988
mp-1120447,Si,Triclinic,20.38316,2.28802,28.045,73.92662,429.5667
mp-5065,Al2SiO5,Triclinic,9.1473,3.67708,119.72,291.63792,903.58098
mp-23791,B(HO)3,Triclinic,8.90089,1.64793,6.744,17.50742,332.66909
mp-1029921,Ca3Al3N5,Triclinic,13.23643,3.0931,59.404,151.59901,616.12289
mp-1029730,Ca4HfN4,Triclinic,16.86426,4.31965,42.246,109.33265,406.07713
mp-568469,Ca4TiN4,Triclinic,15.78554,3.08809,44.997,115.82228,506.19795
mp-1029660,Ca4ZrN4,Triclinic,17.07359,3.32365,41.251,106.84009,455.62304
mp-4429,CaSiO3,Triclinic,13.28942,2.90293,47.623,121.91488,569.8791
mp-1029699,Cs2CN2,Triclinic,29.27659,3.46933,3.776,10.58035,114.03349
mp-1542038,CsSnSe3,Triclinic,38.57905,4.20521,6.148,15.87414,118.8495
mp-2932665,Cu2Hg2SF6,Triclinic,15.35829,6.62803,2.623,7.47555,85.59139
mp-28376,CuAuF5,Triclinic,13.59564,6.20293,13.085,34.38738,205.6188
mp-2929431,HI3,Triclinic,45.27154,3.50034,1.164,2.8681,53.37998
mp-555576,KNaS2O7,Triclinic,13.64417,2.63558,12.267,31.30538,303.61936
mp-697670,KAlSi3O8,Triclinic,14.47117,2.45677,31.661,80.98884,488.56365
mp-16828,Li3B7O12,Triclinic,9.31788,2.33692,39.327,98.08154,649.22435
mp-11737,Li4SiO4,Triclinic,9.03514,2.44737,53.188,130.3106,744.11651
mp-973966,LiIn(IO3)4,Triclinic,15.78784,4.79946,21.039,51.08269,274.82659
mp-696497,Mg3Si4(HO6)2,Triclinic,11.13102,2.69425,30.348,76.71974,500.56548
mp-2856,Mn4Al11,Triclinic,14.18395,4.03155,86.605,210.45015,629.43589
mp-569522,MnP4,Triclinic,14.43637,4.11404,115.49,270.47758,714.706
mp-28017,Na8Ti5O14,Triclinic,11.60449,3.43027,43.59,109.32372,524.33023
mp-3283,RbNbO3,Triclinic,17.71673,4.24345,18.604,48.3704,268.64286
mp-9481,TcS2,Triclinic,19.11796,4.69407,18.646,45.27249,250.44428
mp-2458827,TePdI2,Triclinic,35.39967,5.72081,3.699,9.36587,81.09758
mp-1029733,Sr3Al3N5,Triclinic,14.6753,4.25696,52.829,135.55921,479.04396
mp-1029799,Sr4TiN4,Triclinic,18.48097,4.53623,33.654,87.5004,343.42912
mp-1029580,Sr4ZrN4,Triclinic,19.89146,4.61673,28.485,75.37131,306.52299
mp-28230,TlSbS2,Triclinic,27.89042,5.80902,5.992,15.6511,112.32919
mp-570568,W2NCl8,Triclinic,26.57682,3.77901,2.06,5.36012,84.75402
mp-118,P,Triclinic,28.73469,1.78993,0.503,1.28768,59.37398
mp-556609,KSb(PS3)2,Monoclinic,26.35588,2.61592,6.848,16.96934,180.13251
mp-3094,SrAl2O4,Monoclinic,13.71453,3.55592,45.935,116.39929,499.81073
mp-12177,Te2O5,Monoclinic,2.48061,5.65503,39.669,93.14281,363.56009
mp-1019509,B2S2O9,Monoclinic,10.82674,2.71055,30.371,69.24588,500.78921
mp-552663,LiScAs2O7,Monoclinic,13.00223,3.64253,46.083,117.69598,501.36711
mp-550070,NbBr2O,Monoclinic,24.07672,4.63321,10.177,24.954,172.12529
mp-549720,NbI2O,Monoclinic,28.56673,5.27101,8.811,21.39311,140.9797
mp-29541,GaTeI7,Monoclinic,48.20888,4.155,2.962,7.52348,77.93681
mp-6391,Na2ZnSiO4,Monoclinic,12.38045,3.41135,34.457,90.0706,461.06513
mp-27821,Ag3P11,Monoclinic,20.44267,3.85441,32.91,81.6168,354.38422
mp-1238815,B4C,Monoclinic,7.21919,2.54191,184.835,440.64664,1450.48083
mp-2051619,Cd(HO)2,Monoclinic,9.97176,4.87668,21.765,57.93843,330.32475
mp-20753,CeCoC2,Monoclinic,12.80788,7.23027,77.456,202.00525,464.6944
mp-15252,Cu2GeS3,Monoclinic,18.23283,4.49188,33.867,87.98647,348.93685
mp-15896,Cu2SiSe3,Monoclinic,20.66439,5.2508,28.611,74.61749,284.63892
mp-1226195,Cs3H(SeO4)2,Monoclinic,20.97217,3.87769,7.136,18.85331,164.13152
mp-539,Ga2S3,Monoclinic,21.91061,3.5717,22.912,55.21792,299.61073
mp-1340,Ga2Se3,Monoclinic,25.17132,4.96521,19.013,46.46777,221.46958
mp-38970,Ga2Te3,Monoclinic,32.09027,5.40481,14.943,36.46092,173.10696
mp-6598,K2Cu(PO3)4,Monoclinic,14.56525,2.74595,20.176,50.60141,366.9964
mp-685991,Li5SiP3,Monoclinic,16.98847,1.69112,27.044,64.74334,512.39059
mp-752467,NbO2F,Monoclinic,14.66387,4.07392,57.843,144.14476,516.00275
mp-8761,NdCoC2,Monoclinic,12.91672,7.30195,81.561,209.28553,473.66261
mp-1219652,Rb3H(SeO4)2,Monoclinic,18.46511,3.49004,8.997,23.35621,202.04463
mp-12743,CrTe4Au,Monoclinic,28.60219,7.34764,19.236,46.51265,174.08397
mp-607475,Zr4In5Co2,Monoclinic,20.24978,7.87863,52.398,130.26143,313.57261
mp-569073,LiSn,Monoclinic,8.68212,5.09296,19.881,50.06036,239.81212
mp-4691,Ag2CO3,Monoclinic,12.50345,6.10346,14.143,38.63868,223.22085
mp-571599,Ba(BiPd)2,Monoclinic,26.64842,9.57285,20.217,54.50503,163.43951
mp-7493,CaSb2,Monoclinic,29.31698,5.35441,17.996,45.92579,196.58208
mp-624668,BaSb2,Monoclinic,36.58047,5.76274,15.19,38.70412,161.98342
mp-5431,BaTeO3,Monoclinic,18.92638,5.49101,20.15,52.2691,240.36572
mp-9850,DyP5,Monoclinic,20.27782,4.33152,42.871,105.80563,380.95721
mp-2234,Er2S3,Monoclinic,23.05307,6.20495,33.204,85.93195,270.69878
mp-30151,CuAuSe4,Monoclinic,22.49745,7.09011,19.356,47.53834,194.12876
mp-5918,Hf2NiP,Monoclinic,16.00049,11.58832,94.851,242.05975,377.60951
mp-9922,HfS3,Monoclinic,20.99291,5.4319,12.408,29.82883,182.65227
mp-28795,LaSi2Ru,Monoclinic,19.13381,6.42531,59.136,152.21606,377.04018
mp-24428,KH2N,Monoclinic,13.09158,1.74789,10.617,26.88224,350.14256
mp-634676,KHS,Monoclinic,23.18796,1.72278,8.001,20.21053,251.96271
mp-3488,Na2Ti3O7,Monoclinic,12.07271,3.45669,43.32,113.15184,516.2231
mp-634657,NaHS,Monoclinic,16.90655,1.83547,10.172,26.34548,306.99152
mp-28665,NdSi2Ru,Monoclinic,18.50265,6.76422,62.129,159.92005,381.05952
mp-545482,PdSeO3,Monoclinic,15.46849,5.01062,11.723,28.88547,205.09106
mp-10636,SrSb2,Monoclinic,32.62847,5.6175,13.043,34.12049,158.6139
mp-9391,TaNi2Te3,Monoclinic,23.79106,7.9235,10.537,27.18546,134.04415
mp-29652,TaSe3,Monoclinic,22.76157,7.62051,13.686,33.20224,157.25351
mp-29088,Sr3(GeN)2,Monoclinic,22.40967,4.61695,30.528,76.13683,302.15329
mp-1048,TiNi,Monoclinic,13.35293,6.6258,40.28,110.68944,351.23171
mp-9920,TiS3,Monoclinic,19.15081,3.12285,8.458,21.33108,206.09361
mp-541289,Y2S3,Monoclinic,23.91542,3.80507,30.591,79.41424,327.73101
mp-29152,Zr2CoP,Monoclinic,16.59498,6.81315,79.053,203.32432,444.31497
mp-29153,Zr2NiP,Monoclinic,16.68751,6.7694,82.497,210.69734,454.08509
mp-9921,ZrS3,Monoclinic,21.55919,3.60886,11.217,28.02007,211.76376
mp-1683,ZrSe3,Monoclinic,24.92645,5.46437,11.664,27.85363,165.95637
mp-1399,AlAu,Monoclinic,8.68212,10.80592,26.205,71.8017,203.43428
mp-12700,NbPt3,Monoclinic,4.34106,17.8569,101.745,268.6068,318.37147
mp-29661,Si5Pt6,Monoclinic,1.57857,12.91641,70.297,186.70883,314.63133
mp-568792,Si5Rh4,Monoclinic,1.92936,7.19418,90.151,232.04867,487.7117
mp-9254,Al2Te5,Monoclinic,34.32519,4.78213,4.37,10.46178,97.79109
mp-25469,AlCl3,Monoclinic,23.00285,2.40641,6.716,16.46763,198.30976
mp-11696,As3W2,Monoclinic,17.50487,11.24005,76.425,192.8967,333.2925
mp-2512,AsPd5,Monoclinic,15.16354,11.07902,44.754,122.26793,273.65197
mp-2793,AuSe,Monoclinic,24.97634,9.17242,6.012,14.75345,92.99056
mp-989635,CaMoN3,Monoclinic,14.00983,4.22045,46.526,121.80507,460.55418
mp-13263,Ce2Mo2C3,Monoclinic,15.17768,7.94205,81.553,203.8825,428.37096
mp-1025285,Ce2Re2Si2C,Monoclinic,18.25017,9.36948,59.756,152.61682,317.02641
mp-1071448,CeGaCo,Monoclinic,18.04759,8.24314,41.614,107.78026,285.77884
mp-12803,BaEr2F8,Monoclinic,13.65285,6.89765,36.511,95.87789,322.7503
mp-768240,BaY2F8,Monoclinic,14.02087,5.02939,31.896,84.33302,350.6383
mp-1103697,Bi2Pd3Se2,Monoclinic,22.30632,9.51951,11.3,31.5496,130.78559
mp-6167,Ba2NdNbO6,Monoclinic,16.37685,6.16281,48.803,129.42556,369.70208
mp-21237,CoGe,Monoclinic,12.95493,8.43241,83.056,211.7928,445.59174
mp-12004,Er2Al3Si2,Monoclinic,18.46737,6.0583,66.418,159.80171,413.01313
mp-1025354,Er2Fe2Si2C,Monoclinic,14.82083,8.23324,83.433,206.58011,429.15658
mp-7064,Er2Si2O7,Monoclinic,12.70078,5.97478,64.453,168.73795,470.97372
mp-2360071,CuBr2,Monoclinic,30.32971,4.07618,5.1,13.4844,119.61244
mp-30999,CuCl2,Monoclinic,22.82087,3.26109,4.404,10.66649,139.09762
mp-3513,Dy2Al3Si2,Monoclinic,18.86095,5.81217,65.851,157.9107,416.59396
mp-1025323,Dy2Cr2C3,Monoclinic,13.36832,8.25182,68.541,179.98867,405.08517
mp-11705,Dy2Fe2Si2C,Monoclinic,15.34586,7.80443,81.477,202.06296,429.57624
mp-541275,Cs2U(Cl2O)2,Monoclinic,31.35503,3.98754,5.649,14.6987,125.58407
mp-30952,GaCl3,Monoclinic,30.65872,2.38424,0.772,1.80957,61.55038
mp-542812,GaTe,Monoclinic,31.78538,5.1543,7.349,17.57881,125.37934
mp-9548,GeAs,Monoclinic,24.69338,4.96149,15.662,37.27556,201.40769
mp-541785,GePdS3,Monoclinic,22.81245,4.00721,5.086,12.63362,134.92099
mp-3650,HfCu2Te3,Monoclinic,24.98359,7.62557,23.641,59.57532,199.86806
mp-8499,Ho2Cr2C3,Monoclinic,13.21876,8.43241,70.234,183.87261,407.00758
mp-570219,InBr3,Monoclinic,32.89045,4.47479,3.834,9.40097,97.35057
mp-10408,K2CN2,Monoclinic,17.93786,2.18878,14.596,37.89122,330.19491
mp-28163,K2PdF4,Monoclinic,17.04542,3.62689,9.85,26.004,216.71082
mp-760483,Li2PdO3,Monoclinic,8.95091,5.20374,56.718,143.83685,531.39244
mp-15885,Li2US3,Monoclinic,19.92871,4.83426,25.019,62.74765,276.98791
mp-3471,La2Ni5B4,Monoclinic,12.62332,7.34886,65.972,170.47165,428.78305
mp-551092,KLiZnO2,Monoclinic,13.39413,3.55678,29.535,75.78681,402.78372
mp-29364,Li5SbO5,Monoclinic,9.60645,3.71582,64.692,157.97786,651.89616
mp-755013,Li5TaO5,Monoclinic,9.6334,4.63292,68.963,168.6835,601.6501
mp-568404,Li9Al4,Monoclinic,16.5004,1.31907,23.614,56.57914,546.90189
mp-9158,LiCuO2,Monoclinic,9.2346,4.60717,41.021,105.34193,476.97366
mp-2659,LiN3,Monoclinic,10.52193,1.93172,18.796,48.00498,478.05018
mp-973756,Lu2Mo2C3,Monoclinic,14.02757,9.77194,89.256,227.24578,416.26778
mp-5618,Mg2As2O7,Monoclinic,11.824,3.96353,48.223,125.28335,512.52161
mp-1025180,Mn(CrSe2)2,Monoclinic,20.67468,5.44748,29.443,73.54861,279.78444
mp-541989,Na2CN2,Monoclinic,12.74727,2.24067,19.095,49.37967,418.42683
mp-556536,Na2Zr(CuS2)2,Monoclinic,18.73074,3.86681,19.957,52.76631,285.73701
mp-7219,Na2ZrSe3,Monoclinic,23.88115,4.33522,21.712,53.93261,257.97333
mp-760400,Na5BiO5,Monoclinic,13.68724,4.45495,38.102,93.95953,406.91046
mp-20067,Na5OsO6,Monoclinic,11.70876,4.74123,37.641,92.22045,413.06271
mp-8253,Na5ReO6,Monoclinic,11.76572,4.67096,37.483,92.05825,414.60334
mp-568866,Na6ZnSn2,Monoclinic,27.86373,2.91862,9.403,23.62034,196.96552
mp-754326,NaAgO2,Monoclinic,12.82567,5.27126,26.511,69.08767,322.82473
mp-4541,NaCuO2,Monoclinic,11.32667,4.34442,31.25,79.5625,400.49736
mp-570538,NaN3,Monoclinic,14.04396,1.92167,3.498,9.99728,191.51876
mp-27793,Nb2Se,Monoclinic,19.00726,7.71048,57.905,149.62652,341.27622
mp-27927,NbAlO4,Monoclinic,11.91847,4.26997,74.472,195.41453,611.32857
mp-7598,NbAs2,Monoclinic,18.33342,7.32897,90.659,219.03214,439.4552
mp-7601,NbGaO4,Monoclinic,12.67074,4.95002,59.533,159.19124,499.20214
mp-11675,NbTe2,Monoclinic,27.69939,6.95616,19.583,47.66502,182.4674
mp-864790,Nd2BC,Monoclinic,22.00683,5.87244,25.186,64.12356,244.75911
mp-20174,Ni3Sn4,Monoclinic,17.74528,8.70154,50.419,128.87096,307.82044
mp-12957,O2,Monoclinic,13.45548,1.97448,1.038,2.59708,101.95254
mp-1029784,Rb2CN2,Monoclinic,20.68411,3.38721,11.927,31.03405,228.79425
mp-568018,RbSb2,Monoclinic,41.62781,4.37446,6.536,16.95438,117.6983
mp-1474,Re3P4,Monoclinic,14.59912,11.09014,136.862,329.01625,473.578
mp-975,SF6,Monoclinic,12.36126,2.80289,1.734,4.70954,117.20862
mp-5594,Sc2Si2O7,Monoclinic,11.54912,3.37333,72.463,188.83858,684.69192
mp-753802,Sc2Ti2O7,Monoclinic,13.17684,3.40988,48.995,131.40459,538.25258
mp-22044,Sm2Ge2Ru,Monoclinic,21.68308,8.37917,44.545,114.48065,275.08311
mp-27194,SnI2,Monoclinic,40.28819,5.11798,1.628,4.63003,56.00884
mp-8435,Ta2PdS6,Monoclinic,20.48254,5.95156,11.412,28.59847,170.71635
mp-8436,Ta2PdSe6,Monoclinic,23.49321,7.39861,9.351,23.80765,131.9086
mp-12561,TaAs2,Monoclinic,18.07434,10.13023,96.926,233.97936,388.74695
mp-3194,Tb2Al3Si2,Monoclinic,19.0589,5.66282,65.462,156.97788,419.27091
mp-1025266,Tb2Cr2C3,Monoclinic,13.54451,8.01927,66.367,174.41248,402.5727
mp-6624,Tb2Fe2Si2C,Monoclinic,15.56922,7.58353,80.136,198.73728,429.90225
mp-484,Te3As2,Monoclinic,30.65209,5.77106,11.435,27.444,147.926
mp-1025263,Ti2NiS4,Monoclinic,16.26424,4.1231,53.452,134.16452,469.26857
mp-15669,Ti3Te4,Monoclinic,25.05674,6.19163,34.865,85.55871,265.99338
mp-567655,Sr2C(NCl)2,Monoclinic,21.72502,3.12475,18.993,49.6477,294.12845
mp-31294,Sr2In3Rh2,Monoclinic,24.43237,7.0441,26.802,69.7388,224.44427
mp-571216,Sr3(AlGe2)2,Monoclinic,24.55525,4.56378,31.388,76.6495,298.26077
mp-9907,SrAs3,Monoclinic,25.51979,5.08162,22.866,57.07354,238.59375
mp-29973,SrN,Monoclinic,21.53159,3.91878,25.771,63.39666,304.77456
mp-541754,TiCu2Te3,Monoclinic,23.6768,6.51961,25.085,62.7125,226.21557
mp-1542940,TiTlPS5,Monoclinic,27.07585,3.40031,4.58,11.88968,128.52003
mp-12005,Tm2Al3Si2,Monoclinic,18.29053,6.16033,66.441,159.98993,411.08123
mp-1025181,Tm2Cr2C3,Monoclinic,12.85625,8.81794,74.225,193.8757,413.146
mp-9211,Tm2Fe2Si2C,Monoclinic,14.93911,8.22126,84.491,210.88954,430.16757
mp-1095591,Tm3(CuSn)4,Monoclinic,19.95328,9.34974,48.429,122.13794,278.83546
mp-27678,Y2Cl3,Monoclinic,26.31896,3.58583,11.944,28.45061,203.36345
mp-1025372,Y2Cr2C3,Monoclinic,13.46992,5.59744,68.605,179.47068,490.36007
mp-1025339,Y2Fe2Si2C,Monoclinic,15.375,5.51867,81.239,200.33537,509.6244
mp-1025205,Y2Re2Si2C,Monoclinic,17.27707,8.49094,72.317,185.56542,374.63493
mp-1029349,Y4Se3N2,Monoclinic,22.9476,4.98911,37.741,95.48473,321.28835
mp-754815,YBr3,Monoclinic,36.56059,3.73136,2.819,7.01367,88.31696
mp-643367,YCBr,Monoclinic,22.09435,4.52996,6.494,15.94926,142.02952
mp-27455,YCl3,Monoclinic,31.94708,2.53736,3.334,8.37501,121.86201
mp-4300,Yb2Si2O7,Monoclinic,12.447,6.23682,30.327,81.70094,324.17995
mp-1081,V3S4,Monoclinic,15.62954,4.26621,70.615,170.46461,534.62177
mp-22700,V3Se4,Monoclinic,18.21744,6.10275,53.787,131.88572,371.54932
mp-9923,VP2,Monoclinic,13.63005,4.58439,123.748,293.03526,714.45247
mp-11687,VTe2,Monoclinic,27.01041,6.27363,17.848,43.29925,183.22304
mp-1722,Zn13Fe,Monoclinic,14.09229,7.62685,42.179,108.23131,325.35334
mp-4022,Zr2CoSi2,Monoclinic,15.98138,6.18341,95.112,239.87246,516.16089
mp-30019,ZrCu2Te3,Monoclinic,25.41236,6.54653,19.93,50.4229,196.99849
mp-567929,Al13Os4,Monoclinic,1.02143,7.12918,78.001,198.90255,443.8941
mp-571247,Al3Mo,Monoclinic,4.34106,4.91394,98.633,238.10006,600.51481
mp-2733,Al8Mo3,Monoclinic,1.57857,5.10349,104.805,252.58005,607.70921
mp-2500,AlCu,Monoclinic,8.68212,5.51128,68.61,171.11334,490.88972
mp-568974,Ca(CuSn)2,Monoclinic,3.47285,6.34926,28.942,75.36497,258.07876
mp-886,Ga2O3,Monoclinic,3.47285,5.88759,70.553,183.86112,527.7257
mp-2760,Nb6C5,Monoclinic,1.57857,7.50566,160.992,393.46445,658.90314
mp-1969,NbSb2,Monoclinic,5.78808,8.09696,69.318,167.74956,338.87778
mp-9902,Sc2CoSi2,Monoclinic,3.47285,4.2489,78.022,192.40225,561.60947
mp-3618,Sc2FeSi2,Monoclinic,3.47285,4.15605,75.98,185.3912,558.29726
mp-11697,TaSb2,Monoclinic,5.78808,10.30689,72.515,175.63133,308.41055
mp-9177,Y2Al3Si2,Monoclinic,2.48061,3.93148,65.462,156.71603,503.37623
mp-31011,Y2Si2Rh,Monoclinic,3.47285,5.6982,64.641,161.21465,413.19302
mp-13447,Zn13Rh,Monoclinic,1.2403,7.90649,40.635,105.73227,313.1868
mp-23157,Bi,Monoclinic,34.02583,10.19873,11.548,31.82629,110.36623
mp-570459,Te,Monoclinic,32.69621,6.48041,20.96,54.03488,187.02852
mp-3444,ErTaO4,Monoclinic,11.99971,9.50692,67.66,174.5628,388.90127
mp-4875,GdTaO4,Monoclinic,12.65162,8.7981,65.535,170.52207,391.12686
mp-5489,LuTaO4,Monoclinic,11.76359,9.87908,58.177,153.12186,359.56388
mp-9595,NbInO4,Monoclinic,12.28795,6.11988,59.303,158.45762,452.70951
mp-3203,NdTaO4,Monoclinic,13.2442,8.13263,65.377,170.76472,400.21322
mp-573051,ReO3F,Monoclinic,14.46805,5.81218,6.173,14.18555,141.76791
mp-553961,ScNbO4,Monoclinic,11.85196,4.71366,60.602,162.17095,527.10327
mp-558781,ScTaO4,Monoclinic,11.7127,6.85001,73.282,193.31792,481.82193
mp-12931,SmTaO4,Monoclinic,12.86621,8.50315,67.474,175.7023,401.43214
mp-5377,YTaO4,Monoclinic,12.2877,7.51935,66.772,172.4053,431.08125
mp-16913,Ag2SeO3,Monoclinic,15.795,6.00462,8.633,23.72348,160.5328
mp-1592,Ag2Te,Monoclinic,23.04481,8.24659,14.653,40.23714,157.94177
mp-996983,AgAuO2,Monoclinic,14.46452,9.66719,17.878,49.02148,189.26841
mp-23288,AlBr3,Monoclinic,35.24595,3.14118,0.38,1.01004,36.95402
mp-30930,AlI3,Monoclinic,45.33661,3.73315,0.713,1.74257,41.6686
mp-15649,As2Ir,Monoclinic,17.67789,10.71026,96.953,239.86172,382.7188
mp-505368,As2Pb3O8,Monoclinic,15.38163,7.46921,21.852,55.59149,230.16913
mp-15954,As2Rh,Monoclinic,17.46671,8.0095,78.547,197.15297,401.02048
mp-909,As2Se3,Monoclinic,28.08409,4.57319,4.43,11.11044,108.29424
mp-542570,AsSe,Monoclinic,29.28607,4.36259,0.987,2.53659,51.97021
mp-559939,Ba(PO3)2,Monoclinic,14.07753,3.86991,24.574,63.64666,349.13392
mp-2913080,BiBr3,Monoclinic,43.21853,4.30991,1.748,4.50285,60.25009
mp-768870,Ca(ClO3)2,Monoclinic,14.29738,2.67103,13.661,34.04321,311.76336
mp-29596,Ca3AlN3,Monoclinic,14.62513,3.06941,48.55,124.1909,540.97066
mp-571264,Ca5Au4,Monoclinic,26.28004,6.93825,15.392,41.09664,168.09251
mp-6772,CaBe2(PO4)2,Monoclinic,11.31563,2.8,51.832,129.16534,632.90672
mp-6109,CaTiSiO5,Monoclinic,11.90966,3.41646,68.582,171.72933,648.49568
mp-7904,CdP4,Monoclinic,20.65729,3.7991,28.159,72.25599,330.48645
mp-5766,CeCuS2,Monoclinic,20.15332,5.5162,11.751,32.76179,180.68697
mp-559051,BaBiO3,Monoclinic,16.7333,7.82583,49.331,128.16194,327.92306
mp-28150,BaNb2O6,Monoclinic,14.60705,5.29419,35.739,94.77983,354.58056
mp-23217,Bi2Rh,Monoclinic,24.80407,11.62334,36.378,95.16485,202.77112
mp-3397,Ba2TiO4,Monoclinic,18.01974,5.0883,30.35,78.7279,310.87606
mp-2715,CoAs2,Monoclinic,15.31403,7.54605,90.498,217.55719,460.37836
mp-14285,CoP2,Monoclinic,12.90272,5.18565,122.955,295.33791,684.08794
mp-616458,Cs2CO3,Monoclinic,21.18528,4.25639,8.493,22.62535,172.23027
mp-1229,CuF2,Monoclinic,11.3486,4.95262,26.442,70.0713,346.56827
mp-927,CuP2,Monoclinic,15.91141,4.36557,51.586,129.37769,453.83536
mp-31038,CuSe2Cl,Monoclinic,24.71406,4.3156,5.137,11.8151,124.8023
mp-24141,CsHSeO4,Monoclinic,18.87682,3.47936,6.873,17.93853,175.81907
mp-6726,CsLiSO4,Monoclinic,17.07338,3.27775,15.01,38.75582,275.93813
mp-561511,FeAsS,Monoclinic,14.19963,6.34731,117.383,274.91099,583.88512
mp-27904,FeSbS,Monoclinic,16.41364,7.07065,95.505,227.87493,476.38006
mp-540925,Hg2AsF6,Monoclinic,16.86687,6.45493,5.849,15.7923,126.57492
mp-23261,I2O5,Monoclinic,15.34667,5.15978,14.793,34.61562,226.60577
mp-3963,K2CO3,Monoclinic,15.50765,2.46648,12.321,32.15781,301.77191
mp-11790,LaCuSe2,Monoclinic,23.33201,6.41191,29.194,74.73664,248.14064
mp-3962,LaPO4,Monoclinic,12.77453,5.06688,48.615,126.30177,442.53249
mp-1029776,Li2GeN2,Monoclinic,10.38712,3.66205,43.636,111.35907,524.50731
mp-4556,Li2SO4,Monoclinic,11.5091,2.26612,21.273,55.13962,456.00984
mp-5152,La2SiO5,Monoclinic,14.60806,5.4832,44.933,117.18526,391.14981
mp-1029756,K3BN2,Monoclinic,20.21049,2.13785,12.232,32.24355,292.63442
mp-634431,KHCO3,Monoclinic,12.43372,2.22842,11.61,29.90736,331.33464
mp-27275,Li3BO3,Monoclinic,8.51124,2.21946,42.251,106.21901,713.72609
mp-29520,LiAuI4,Monoclinic,35.09003,5.61183,3.8,9.4468,83.67326
mp-29463,LiBeN,Monoclinic,8.36891,1.98152,65.035,158.16512,933.28966
mp-9588,LiP,Monoclinic,15.53295,2.02663,26.861,66.23923,482.33808
mp-15178,Lu4C7,Monoclinic,13.2285,8.94603,76.958,192.395,410.97411
mp-384,MgP4,Monoclinic,19.67708,2.50131,37.098,91.55786,471.79072
mp-978278,Na(BH)6,Monoclinic,9.74593,1.23073,6.038,15.32444,347.39582
mp-3416,Na3AlF6,Monoclinic,11.37438,3.06492,28.155,71.34477,451.7357
mp-28630,Na3BN2,Monoclinic,13.54897,2.20184,24.856,63.33309,470.14881
mp-23780,Na3H(SO4)2,Monoclinic,12.60804,2.46572,19.094,48.61332,400.36125
mp-1029595,Na3OsN2,Monoclinic,17.46205,4.55204,20.467,52.72299,271.38521
mp-5929,Na5SiP3,Monoclinic,20.74927,2.09814,16.822,42.52602,342.88813
mp-7596,NbNO,Monoclinic,11.00956,6.17951,110.04,285.88392,631.67421
mp-3739,NdCuSe2,Monoclinic,22.48202,6.75287,30.024,77.64206,248.83655
mp-3584,NdPO4,Monoclinic,12.21207,5.42118,55.684,143.77609,464.5313
mp-10155,P2Ir,Monoclinic,15.28758,9.20246,129.322,317.09754,499.07295
mp-15953,P2Rh,Monoclinic,15.08414,6.04929,106.028,261.88916,560.83595
mp-2213127,PH3O4,Monoclinic,10.85313,1.87417,8.964,22.69685,327.0963
mp-4138,Rb2CO3,Monoclinic,17.93463,3.5638,10.78,28.26516,223.84782
mp-1247,Sb2Ir,Monoclinic,22.38843,10.7728,72.314,179.91723,304.62452
mp-4661,ScOF,Monoclinic,11.52062,3.84141,62.971,164.73214,598.87457
mp-28391,SiCl4,Monoclinic,30.34444,1.85946,0.163,0.44303,33.263
mp-11793,SmCuSe2,Monoclinic,21.89871,7.04872,30.835,79.5543,248.95696
mp-4549,SrSiN2,Monoclinic,13.81308,4.31929,34.515,92.5002,395.26705
mp-4165,TaNO,Monoclinic,10.71632,10.89607,129.73,334.96286,521.40698
mp-33137,TcO2,Monoclinic,10.67682,6.73946,111.765,292.60077,618.12113
mp-30981,Te(HO)6,Monoclinic,9.26782,3.16507,18.976,45.99782,387.24196
mp-16796,Sr2GdRuO6,Monoclinic,13.90059,6.32598,64.717,166.96986,443.92964
mp-6676,Sr2HoRuO6,Monoclinic,14.00963,6.36778,68.552,176.31574,451.76625
mp-6362,Sr2TbIrO6,Monoclinic,14.22732,7.26408,61.191,159.95327,398.63115
mp-1105147,Sr2YOsO6,Monoclinic,14.23858,6.41858,66.968,173.04531,442.53366
mp-766217,Sr4Cu2O7,Monoclinic,13.87932,5.42589,53.21,134.40846,433.54921
mp-1029878,SrMnN2,Monoclinic,14.58905,4.85365,30.4,82.1408,343.69141
mp-4988,TlAsS2,Monoclinic,27.08391,5.26408,5.635,13.95226,115.00538
mp-6353,Y2Si4CN6,Monoclinic,11.67454,4.22555,102.676,255.66324,720.17521
mp-7262,ZnAs2,Monoclinic,23.26434,5.12135,29.777,74.85938,281.46349
mp-16488,Al9Co2,Monoclinic,1.57857,3.7187,72.22,177.08344,596.68574
mp-23262,Bi2O3,Monoclinic,3.47285,9.43818,30.036,75.87094,234.00056
mp-8842,CaSiPd,Monoclinic,5.78808,4.90723,32.776,84.29987,318.24328
mp-352,HfO2,Monoclinic,5.78808,10.24124,100.522,259.14572,464.61777
mp-2682,Sb2Rh,Monoclinic,5.78808,8.65997,59.183,149.25953,309.1981
mp-2932,Y2Si4Mo3,Monoclinic,1.92936,6.35812,98.283,243.74184,507.9774
mp-2858,ZrO2,Monoclinic,5.78808,5.77733,85.963,222.98802,566.50364
mp-557559,S,Monoclinic,26.66604,1.99674,0.398,1.03719,51.84458
mp-542461,Se,Monoclinic,32.85246,3.99106,0.565,1.44527,40.26071
mp-3751,AlTlF4,Monoclinic,13.52544,6.28914,23.515,60.15137,272.27316
mp-1167,CF4,Monoclinic,12.28471,2.37913,2.075,5.41575,138.61111
mp-17892,Ca2VN3,Monoclinic,14.08159,3.40242,50.422,128.17272,529.55081
mp-4867,CaAl4O7,Monoclinic,12.42386,2.89591,47.283,124.63799,584.11732
mp-1575,CaC2,Monoclinic,16.12833,2.19985,23.224,61.49715,429.85067
mp-6766,CaMg(SiO3)2,Monoclinic,11.41741,3.14949,65.007,160.82732,665.67515
mp-7547,BaSe2,Monoclinic,34.0444,4.80029,12.256,32.40486,164.66312
mp-27148,BeP2,Monoclinic,15.75656,2.49275,72.774,171.74664,707.80949
mp-7302,CrP4,Monoclinic,14.827,3.93976,101.107,239.21916,677.80706
mp-5370,ErNbO4,Monoclinic,12.11973,7.40233,57.979,153.18052,408.12528
mp-3638,Cu2P2O7,Monoclinic,11.08757,4.09862,40.718,104.48239,473.54501
mp-29396,Cu2PbO2,Monoclinic,14.98239,8.1194,17.547,47.06105,201.01381
mp-573658,Cs3BAs2,Monoclinic,39.76586,3.89302,5.717,14.95567,118.72315
mp-5038,CsGaS2,Monoclinic,31.49324,3.51633,6.173,15.96338,140.60649
mp-570553,FeP4,Monoclinic,14.40995,4.14249,114.39,267.6726,709.44858
mp-690733,H2SO4,Monoclinic,10.65125,2.18436,6.367,15.9557,263.80968
mp-3144,HoNbO4,Monoclinic,12.25894,7.2657,58.084,153.22559,410.47438
mp-541638,K2(ReS2)3,Monoclinic,22.00815,5.68769,19.961,50.50133,222.4599
mp-3054,Li2CO3,Monoclinic,9.53739,2.14417,28.12,71.87472,572.72878
mp-2931,Li2TiO3,Monoclinic,8.7707,3.46304,71.679,176.76041,732.15246
mp-4156,Li2ZrO3,Monoclinic,10.06297,4.21074,55.316,140.28138,559.98006
mp-15254,Li3AlF6,Monoclinic,9.45099,2.84274,29.604,73.59554,511.12932
mp-560767,KNaTiO3,Monoclinic,14.80668,2.95236,27.905,72.16233,416.08934
mp-10417,KSbO2,Monoclinic,18.69593,4.28231,16.167,39.47981,243.98126
mp-9664,K3BP2,Monoclinic,29.06337,1.80979,8.013,21.01009,228.75884
mp-697331,Mg2NiH4,Monoclinic,9.4972,2.78092,36.277,88.51588,564.37602
mp-11508,MoP4,Monoclinic,16.24074,4.49542,96.673,234.33535,603.78725
mp-541895,Na2(ReS2)3,Monoclinic,20.19448,5.95768,20.662,52.15089,227.48203
mp-990440,Na2ZrO3,Monoclinic,12.34453,4.15211,50.952,126.36096,504.31769
mp-6333,NaIn(SiO3)2,Monoclinic,12.12803,3.97027,51.456,131.41862,519.42827
mp-5414,NaSbS2,Monoclinic,24.18839,3.58491,14.886,36.82796,233.63179
mp-2402,NaSi,Monoclinic,23.84145,1.77868,10.842,27.08332,284.37199
mp-3901,NdNbO4,Monoclinic,13.47852,6.18348,38.657,103.44613,352.61523
mp-28266,P2Pd,Monoclinic,16.82764,5.53813,58.503,149.18265,421.87835
mp-567907,P3N5,Monoclinic,12.24013,2.76338,88.001,220.53051,813.24195
mp-2677258,PdSO4,Monoclinic,15.17038,3.69393,13.766,35.37862,258.82975
mp-2933,Pr2(ReB2)3,Monoclinic,12.60806,10.83931,119.223,301.39574,472.34063
mp-9718,Rb3BAs2,Monoclinic,35.01177,3.2967,6.582,17.23168,144.49243
mp-5372,RbFeS2,Monoclinic,26.33989,3.23792,8.026,21.14048,177.07849
mp-7086,RbFeSe2,Monoclinic,29.15222,4.26115,5.087,13.80612,119.64491
mp-1819,SbO2,Monoclinic,12.80668,6.64555,56.104,137.23038,412.28265
mp-12647,TbNbO4,Monoclinic,12.52212,6.98027,53.917,142.66438,400.82751
mp-17701,Sr2NbN3,Monoclinic,17.897,4.79637,38.942,98.75691,361.63401
mp-17518,Sr2TaN3,Monoclinic,17.86085,6.17029,38.896,98.2513,318.89513
mp-9843,Sr3(AlP2)2,Monoclinic,24.9502,3.25907,29.669,74.58787,342.10618
mp-1029868,Sr5(SiN3)2,Monoclinic,16.67448,4.43011,38.641,100.08019,385.25368
mp-10497,SrC2,Monoclinic,19.32678,3.19737,21.069,55.36933,319.37335
mp-541013,TiI4,Monoclinic,40.30049,4.57763,1.848,4.23562,62.08052
mp-5387,YNbO4,Monoclinic,12.42594,5.47479,55.399,146.03176,459.88812
mp-555296,YbTaO4,Monoclinic,11.76239,9.83475,40.993,107.48365,302.3189
mp-557993,BiO2,Monoclinic,5.78808,9.36223,28.904,73.06931,241.97911
mp-30312,Ca2SiIr2,Monoclinic,3.47285,8.0743,40.151,105.75773,273.45945
mp-1705,Sb2O5,Monoclinic,2.48061,6.67669,75.478,188.695,496.20815
mp-10390,Ta2O5,Monoclinic,2.48061,8.72899,71.615,180.75626,416.34053
mp-23280,AsCl3,Orthorhombic,30.22146,2.49015,0.311,0.78683,39.11232
mp-18105,CsAgSe4,Orthorhombic,31.8337,4.8391,5.594,13.73886,113.02761
mp-17095,CsCuSe4,Orthorhombic,30.1924,4.69588,7.433,18.52304,134.55597
mp-23866,H2SeO4,Orthorhombic,11.23719,3.06042,7.261,17.15048,231.5678
mp-28336,Li3P7,Orthorhombic,19.5736,2.01603,11.791,30.42078,299.01242
mp-27579,Na4P2O7,Orthorhombic,12.78234,2.65716,24.379,61.97142,433.38199
mp-7440,NaP,Orthorhombic,21.04934,2.12854,12.804,33.49526,297.50304
mp-561664,TeF4,Orthorhombic,15.20623,4.44654,7.157,17.86387,173.61056
mp-8377,TeO2,Orthorhombic,15.61508,5.65735,23.269,51.05219,266.99505
mp-24082,Ta2H,Orthorhombic,12.94363,15.51898,67.791,183.0357,298.59177
mp-555166,BaAg2SnS4,Orthorhombic,25.54947,4.87475,13.867,36.27607,191.57385
mp-569114,BaAg2SnSe4,Orthorhombic,29.4267,5.5556,11.553,30.47681,155.9184
mp-753671,PNO,Orthorhombic,12.40159,2.72168,22.372,58.97259,415.87607
mp-1221519,Mo2CN,Orthorhombic,10.20025,8.8681,222.816,552.3163,764.985
mp-1217975,Ta3TiB4,Orthorhombic,11.07104,11.88581,207.503,494.27215,616.68553
mp-28339,CaPPt,Orthorhombic,19.79285,7.44257,39.105,103.15899,283.31732
mp-562854,CsNb2BiO7,Orthorhombic,16.26471,5.93721,31.983,80.08543,302.78652
mp-644419,LiHS,Orthorhombic,15.62463,1.41752,6.659,18.11248,292.19365
mp-978568,Si3MoPt2,Orthorhombic,14.72478,10.72017,94.134,243.05399,402.84526
mp-27198,Cd(NO3)2,Orthorhombic,12.1291,3.59636,12.29,31.63446,271.25639
mp-20817,GePtSe,Orthorhombic,18.58178,10.327,66.408,168.27787,318.43668
mp-23087,Mg3B7ClO13,Orthorhombic,9.15778,2.96193,94.309,228.79363,892.88072
mp-27367,SeOF2,Orthorhombic,15.81204,3.49068,5.136,12.84,163.18385
mp-13982,CdCu2GeS4,Orthorhombic,19.79166,4.61878,27.986,73.93901,305.05145
mp-9711,Ba2Si5N8,Orthorhombic,12.66989,4.60582,99.809,247.72594,661.38628
mp-553946,CoAsS,Orthorhombic,14.67421,6.25851,99.452,242.06617,537.78679
mp-3934,Cu3PS4,Orthorhombic,17.09356,4.2485,35.591,92.67896,375.62383
mp-5756,Cu3PSe4,Orthorhombic,20.36554,5.47776,27.883,72.8304,276.66514
mp-510347,In5S5Br,Orthorhombic,24.85988,4.94484,16.474,41.9428,208.44413
mp-13725,Li3PO4,Orthorhombic,9.47965,2.53544,43.757,108.86742,654.66036
mp-20474,MnCu2GeS4,Orthorhombic,19.26063,4.12675,27.746,73.58239,323.19684
mp-17287,TaTe4Ir,Orthorhombic,28.19982,8.67141,12.492,30.30559,130.13158
mp-22693,Te2W,Orthorhombic,27.72992,8.76361,12.518,30.61903,131.46647
mp-570506,ZrI2,Orthorhombic,33.96911,5.62217,7.752,18.5893,120.81214
mp-1029633,CaSnN2,Orthorhombic,16.59974,4.67162,36.268,96.54542,366.04562
mp-1189451,BeCN2,Orthorhombic,6.1609,3.30417,292.421,667.53866,1679.18093
mp-1019550,BeGeN2,Orthorhombic,9.21844,4.93858,145.289,347.24071,852.31544
mp-7913,BeSiN2,Orthorhombic,8.36091,3.23289,174.122,413.71387,1189.60914
mp-11582,LiGaSe2,Orthorhombic,23.38135,4.16503,17.624,45.22318,240.18121
mp-1029932,LiVN2,Orthorhombic,11.23551,3.17372,46.341,116.68664,567.26482
mp-7798,MgGeN2,Orthorhombic,11.75752,4.41204,84.791,213.16457,640.6564
mp-3677,MgSiN2,Orthorhombic,10.60654,3.14697,105.134,262.41446,872.58775
mp-1029791,MgSnN2,Orthorhombic,13.94685,5.09074,61.364,157.21457,480.71524
mp-862754,PrBS3,Orthorhombic,20.75009,3.96789,22.607,59.32077,289.75051
mp-6706,TiTlPO5,Orthorhombic,14.41221,5.23118,46.869,117.45371,406.61116
mp-1016108,TiZnN2,Orthorhombic,12.02883,4.87613,55.654,149.04141,494.6729
mp-2979,ZnGeN2,Orthorhombic,11.38971,6.05268,95.434,239.34847,586.52623
mp-1029469,ZnSnN2,Orthorhombic,13.51063,6.51809,65.055,167.58168,442.74812
mp-23558,Ag2BiO3,Orthorhombic,15.27382,8.56544,20.823,58.38769,213.29919
mp-3281,Al5BO9,Orthorhombic,10.89456,2.94386,78.213,201.63311,775.99955
mp-8073,AsPd2,Orthorhombic,15.70706,10.14065,28.671,79.87741,226.77971
mp-20257,AsPd3Pb2,Orthorhombic,20.16518,11.09736,28.112,76.1273,196.84168
mp-23297,BrF3,Orthorhombic,15.63531,3.63482,3.764,9.53045,138.89577
mp-3881,BaZnF4,Orthorhombic,14.90411,5.17577,23.691,62.49686,292.49613
mp-625136,CsHO,Orthorhombic,18.4672,4.4933,9.372,24.89203,184.38142
mp-28369,GeH3Cl,Orthorhombic,16.99389,2.17153,0.967,2.30339,88.06674
mp-567817,HfGeTe4,Orthorhombic,30.95004,6.80963,10.704,25.32566,131.65436
mp-7667,K2S3,Orthorhombic,27.24066,2.12612,9.043,22.51707,228.19806
mp-1020019,Li2PNO2,Orthorhombic,9.89377,2.54164,60.241,146.98804,746.8704
mp-5012,Li2SiO3,Orthorhombic,9.67792,2.57272,51.443,126.13824,697.65052
mp-1029404,KGe2N3,Orthorhombic,13.09938,4.78322,78.625,197.66325,571.68807
mp-626785,KHO,Orthorhombic,13.44231,2.31026,17.006,43.12722,382.25181
mp-1020059,LiGe2N3,Orthorhombic,11.07452,4.85416,86.576,210.37968,626.84783
mp-5853,LiSi2N3,Orthorhombic,9.67376,3.00772,121.468,290.06558,983.69829
mp-1029294,LiSn2N3,Orthorhombic,14.52756,5.45569,48.959,122.88709,406.06831
mp-1029520,Mg2CrN3,Orthorhombic,11.77725,3.35161,51.678,136.11985,577.66728
mp-3933,Mg2PN3,Orthorhombic,10.7558,3.12898,87.587,219.84337,796.15723
mp-1029378,Mg2SbN3,Orthorhombic,13.54698,4.339,58.969,151.07858,515.31898
mp-1029442,Mg2TaN3,Orthorhombic,13.21878,5.68592,53.646,140.44523,433.99718
mp-1029368,Mg2VN3,Orthorhombic,12.03036,3.25683,54.099,142.38857,595.03824
mp-5784,Na2GeO3,Orthorhombic,13.6448,3.3795,28.066,71.7367,403.52566
mp-4533,Na2SiO3,Orthorhombic,12.66489,2.66736,35.839,89.95589,524.17068
mp-11738,Na3PS3O,Orthorhombic,21.008,2.096,12.971,33.33547,299.25717
mp-14433,NaGe2N3,Orthorhombic,12.19633,4.77185,77.934,196.08194,583.76653
mp-8973,NaSi2N3,Orthorhombic,10.53467,3.18355,116.13,288.46692,913.46955
mp-1029422,NbZn2N3,Orthorhombic,12.70607,5.7883,52.641,140.23562,433.29073
mp-11328,P2W,Orthorhombic,14.77895,9.20543,132.466,321.89238,509.77842
mp-753798,Rb2SnO3,Orthorhombic,19.22558,4.86046,18.638,48.86884,245.19055
mp-1029403,RbGe2N3,Orthorhombic,13.88135,5.43825,83.772,206.91684,538.68713
mp-28264,RbH3O2,Orthorhombic,11.36033,2.93535,10.843,28.25686,287.88556
mp-626620,RbHO,Orthorhombic,15.55804,3.64579,13.038,33.55981,254.38536
mp-23089,SrTa2Bi2O9,Orthorhombic,13.69263,8.76169,65.455,156.69927,378.19678
mp-643009,SrMgH4,Orthorhombic,12.39214,2.58969,26.867,65.17934,459.38
mp-1029262,VZn2N3,Orthorhombic,11.5334,5.36983,60.484,160.2826,497.90791
mp-13542,ZrGeTe4,Orthorhombic,31.27401,5.96684,10.867,25.84173,141.20238
mp-697111,H2O,Orthorhombic,5.78808,1.0399,8.999,22.64148,460.83522
mp-542106,SbPd2,Orthorhombic,5.78808,10.51933,39.637,107.65409,250.98654
mp-4117,Li2Si2O5,Orthorhombic,11.21142,2.46935,49.052,121.64896,662.50869
mp-559847,Ag5P(S2Cl)2,Orthorhombic,22.21734,4.79263,10.303,28.4981,175.51717
mp-5777,BaTiO3,Orthorhombic,13.11462,5.90524,51.278,130.96401,416.57487
mp-13501,ErCoC2,Orthorhombic,11.56928,8.97829,98.793,249.94629,487.24073
mp-5154,HoNiC2,Orthorhombic,11.87318,8.65869,98.467,246.95524,490.17139
mp-1018048,LaNiC2,Orthorhombic,13.87644,6.63011,77.026,194.25957,470.1376
mp-569450,LiB6C,Orthorhombic,7.42195,2.3441,184.076,420.79774,1486.76327
mp-5383,NdNiC2,Orthorhombic,13.20697,7.13393,86.592,216.82637,488.28827
mp-9312,PrNiC2,Orthorhombic,13.4899,6.8817,84.913,212.11267,488.52355
mp-1217965,TaB2Mo,Orthorhombic,10.77862,11.497,188.191,465.96092,605.88208
mp-5106,TbCoC2,Orthorhombic,12.00962,8.36103,95.326,242.31869,489.80748
mp-3061,TbNiC2,Orthorhombic,12.16705,8.24467,95.952,236.04192,490.48807
mp-999088,ThCoC2,Orthorhombic,13.14197,9.95014,93.646,239.54647,431.62046
mp-13502,TmCoC2,Orthorhombic,11.43185,9.14706,100.095,251.43864,487.23886
mp-4037,TmNiC2,Orthorhombic,11.57749,9.0234,100.038,250.8953,488.27093
mp-4248,YCoC2,Orthorhombic,4.34106,5.97891,94.828,238.7769,578.23918
mp-1880,SbF3,Orthorhombic,15.65509,4.74015,8.1,20.1852,175.77211
mp-27726,SO2,Orthorhombic,17.40328,2.03756,2.642,6.61557,149.96625
mp-28897,BIrPd,Orthorhombic,12.4534,13.75395,73.014,198.59808,334.13285
mp-760432,Cu2O3,Orthorhombic,9.76606,5.95417,44.243,114.94331,428.38852
mp-28896,CuBIr,Orthorhombic,11.73745,12.57106,67.035,180.45822,341.11889
mp-11441,Hf2Ga3,Orthorhombic,17.30425,10.86568,64.955,164.33615,314.53173
mp-23959,KP(HO2)2,Orthorhombic,11.84029,2.38566,16.417,40.28732,383.99825
mp-13868,PdF4,Orthorhombic,12.38758,4.89046,18.844,48.3537,285.93274
mp-8943,PtF4,Orthorhombic,12.62838,7.12894,19.123,49.45208,237.04403
mp-28096,SCl,Orthorhombic,29.09675,1.92661,0.187,0.52884,35.66911
mp-30686,Zr2Ga3,Orthorhombic,17.92925,7.25401,67.469,168.26769,386.48062
mp-27253,Au2O3,Orthorhombic,3.47285,11.06407,38.407,99.39732,264.14954
mp-567771,Ba(Si3N4)2,Orthorhombic,12.00475,3.85363,105.514,258.93136,755.819
mp-4728,Cu2GeSe3,Orthorhombic,21.56119,5.60429,26.243,68.65169,260.52504
mp-30738,LiIr3,Orthorhombic,13.66691,17.72671,112.944,293.20262,352.22612
mp-11752,Lu7(NiTe)2,Orthorhombic,24.69463,9.76462,35.549,90.57885,217.30963
mp-865611,MgRh3,Orthorhombic,14.15306,9.76812,85.898,222.47582,409.84708
mp-4276,NaSi2Pd3,Orthorhombic,16.38724,6.72874,46.48,121.68464,346.10213
mp-974455,Re3Ru,Orthorhombic,14.48439,18.9073,193.1,489.97194,435.68743
mp-567278,Sr(Si3N4)2,Orthorhombic,11.73587,3.47305,99.896,244.94499,780.5842
mp-22065,UGePt,Orthorhombic,20.06161,13.95405,36.408,99.53947,198.86126
mp-8648,TiFeSi,Orthorhombic,5.78808,5.62488,113.376,283.21325,631.51995
mp-11560,TiSiRu,Orthorhombic,5.78808,6.93501,103.155,264.69573,530.80276
mp-637575,AlCr3B4,Orthorhombic,8.58655,5.46839,182.763,440.45883,931.16047
mp-996975,CuAgO2,Orthorhombic,12.76203,6.6168,14.729,42.33115,217.86276
mp-13504,CeAl4Co,Orthorhombic,17.4879,4.85807,64.222,155.16035,461.00362
mp-19955,Co2CuGe2,Orthorhombic,12.5665,8.63383,75.992,196.36333,426.38579
mp-11481,MoIr,Orthorhombic,14.79428,16.17166,182.715,458.02996,454.12688
mp-999502,MoPt,Orthorhombic,15.17008,15.92795,137.971,354.58547,395.96612
mp-999376,NbPt,Orthorhombic,16.40576,14.57474,109.899,284.41861,359.84621
mp-16960,AlPt2,Orthorhombic,5.78808,15.7846,83.974,221.69136,315.76799
mp-30744,IrW,Orthorhombic,8.68212,20.88454,184.951,468.29593,401.2622
mp-11307,MgCd,Orthorhombic,8.68212,5.43046,21.298,54.77846,240.11761
mp-12595,MoRh,Orthorhombic,8.68212,11.36088,132.684,341.26325,466.81004
mp-571499,TaIr,Orthorhombic,8.68212,19.47317,96.097,258.02045,296.19657
mp-105,Te,Orthorhombic,32.36016,6.54771,11.377,30.7179,138.83259
mp-568848,GaCl2,Orthorhombic,27.57554,2.82279,2.31,5.6595,101.06763
mp-17129,Sr3(AlN2)2,Orthorhombic,15.72841,4.37377,45.483,115.89068,427.94963
mp-997012,CuPdO2,Orthorhombic,11.58886,7.23476,35.461,97.87236,331.10138
mp-31043,H5NF2,Orthorhombic,7.49002,1.58081,11.003,29.44403,455.687
mp-23426,Al4Bi2O9,Orthorhombic,11.89161,6.23613,70.056,172.7581,487.22321
mp-8439,Ca5(AlSb3)2,Orthorhombic,29.47799,4.26782,22.791,57.25099,247.76098
mp-649479,Ca5(InSb3)2,Orthorhombic,30.85261,4.80498,19.61,49.73096,213.69724
mp-17524,GeAs2,Orthorhombic,25.19259,4.88824,10.712,25.40886,166.69024
mp-8631,LuAlB4,Orthorhombic,9.7674,6.94746,153.632,359.80614,722.00472
mp-1210846,LuCoB4,Orthorhombic,9.0197,8.50377,174.986,414.36685,716.60381
mp-27321,Na3(CuS)4,Orthorhombic,17.47926,3.89859,18.701,48.73481,282.5615
mp-510306,Sc2CrB6,Orthorhombic,9.35081,4.07994,203.456,460.62438,1093.70463
mp-1196116,Sc2ReB6,Orthorhombic,9.79333,6.42409,195.537,455.60121,844.18483
mp-1191630,ScCoB4,Orthorhombic,8.60747,4.73078,172.568,411.74725,968.98297
mp-20944,Sr2PbO4,Orthorhombic,15.74591,6.7258,44.253,114.34975,341.67541
mp-28954,Tl2PdSe2,Orthorhombic,26.18652,8.5366,8.703,23.93325,114.77693
mp-1191390,TmAlB4,Orthorhombic,9.97499,6.6355,153.686,359.31787,732.51458
mp-16523,Al3Pd5,Orthorhombic,2.17053,8.89969,48.459,131.80848,323.85351
mp-1501,Al3Pt5,Orthorhombic,2.17053,15.07872,63.445,172.18973,282.73412
mp-17045,Hf3Rh5,Orthorhombic,2.17053,13.57543,66.741,179.53329,295.35732
mp-672287,Li13Si4,Orthorhombic,1.02143,1.28487,28.036,65.26781,615.90458
mp-17413,Ti3Rh5,Orthorhombic,2.17053,9.48001,71.393,191.90438,378.66794
mp-5611,BaUO4,Orthorhombic,16.32687,7.44747,40.544,105.81984,307.13456
mp-433,DyAl,Orthorhombic,23.14369,6.79756,42.112,103.76397,288.7214
mp-505554,Sc(FeSi)2,Orthorhombic,13.01835,5.42912,111.219,274.48849,635.57321
mp-768342,SrNb2O4,Orthorhombic,13.63736,5.86955,72.302,186.39456,488.8716
mp-720,TlF,Orthorhombic,21.51509,8.62032,4.15,10.3501,84.4545
mp-571039,CaAlPd,Orthorhombic,5.78808,4.59615,28.522,74.21424,301.73397
mp-2455,As2Os,Orthorhombic,17.06893,11.02793,119.207,288.71935,421.73856
mp-766,As2Ru,Orthorhombic,16.87285,8.23119,105.88,257.50016,462.08369
mp-7424,BPd2,Orthorhombic,12.73728,9.71901,46.36,127.67544,315.3074
mp-22888,CaBr2,Orthorhombic,33.43897,3.3087,10.337,26.44205,182.77174
mp-27891,Bi2SO2,Orthorhombic,17.82459,8.98108,25.849,64.6742,215.96173
mp-20862,CoSe2,Orthorhombic,17.39459,6.90048,55.11,141.52248,361.77404
mp-9945,CoTe2,Orthorhombic,22.31317,7.79256,44.805,111.83328,280.79088
mp-1078278,CrB4,Orthorhombic,7.29535,4.33563,261.781,596.12769,1310.97645
mp-2717767,Er(CuTe)3,Orthorhombic,23.78824,7.38634,29.57,74.93038,231.23625
mp-2000,CuSe2,Orthorhombic,19.52342,6.27883,23.155,62.5185,239.86464
mp-2008,FeAs2,Orthorhombic,14.9767,7.60188,111.737,263.0289,512.00752
mp-20027,FeP2,Orthorhombic,12.52462,5.20572,154.075,357.454,768.65895
mp-1522,FeS2,Orthorhombic,13.44493,4.93924,125.99,300.10818,698.71801
mp-760,FeSe2,Orthorhombic,16.41998,7.20596,92.204,222.21164,464.12259
mp-19880,FeTe2,Orthorhombic,21.13992,8.14419,73.813,175.52731,358.03772
mp-504659,Hf2P,Orthorhombic,18.26264,11.75829,78.671,200.76839,326.38734
mp-2180,HfSb2,Orthorhombic,24.24005,9.63645,49.015,123.22371,258.33698
mp-19795,InS,Orthorhombic,24.78489,4.92044,15.524,37.13341,201.81525
mp-1078253,MnB4,Orthorhombic,7.1931,4.5331,242.51,561.65316,1242.22572
mp-19814,NiAs2,Orthorhombic,16.24238,7.10658,52.095,133.57158,356.52826
mp-19895,NiSb2,Orthorhombic,21.1055,7.92585,38.66,99.04692,266.19317
mp-1413,P2Ru,Orthorhombic,14.56048,6.19707,138.396,332.98078,637.72549
mp-22477,Ta2P,Orthorhombic,15.83594,13.73196,110.02,282.97144,375.01506
mp-616559,Ti2S,Orthorhombic,14.65039,4.82843,86.318,216.65818,572.02897
mp-2514049,Tm(CuTe)3,Orthorhombic,23.66269,7.44232,29.553,75.06462,230.81832
mp-979,ZrSb2,Orthorhombic,24.79871,7.47157,49.955,124.48786,293.26391
mp-22498,CrSb2,Orthorhombic,5.78808,6.83106,33.759,84.46502,254.61329
mp-20714,FeSb2,Orthorhombic,5.78808,7.94383,56.905,141.35202,320.60779
mp-1285,PtO2,Orthorhombic,5.78808,11.64898,87.687,230.79218,416.0812
mp-2695,Sb2Os,Orthorhombic,5.78808,11.07443,87.742,214.61693,333.57039
mp-20928,Sb2Ru,Orthorhombic,5.78808,8.86779,77.964,189.60845,352.02135
mp-27863,AlClO,Orthorhombic,15.01835,2.89074,20.406,50.56607,360.9039
mp-2850,B2Os,Orthorhombic,9.19212,12.75689,167.398,425.86051,573.95531
mp-1077,B2Ru,Orthorhombic,8.97946,7.563,170.538,426.00392,756.66507
mp-27454,BaLi2Si,Orthorhombic,24.73861,3.00871,16.167,40.48217,263.28284
mp-28929,DySI,Orthorhombic,35.82824,4.9664,5.307,13.61776,105.84542
mp-755689,ErClO,Orthorhombic,21.87763,5.53349,12.683,31.27628,181.15579
mp-20826,CuTe,Orthorhombic,23.66783,6.70542,9.402,22.5648,136.61354
mp-8871,CsNa2BO3,Orthorhombic,15.03786,3.74959,21.559,56.09652,322.97722
mp-568346,HfBrN,Orthorhombic,21.67385,6.95665,18.845,45.228,196.44591
mp-1029448,Li5OsN4,Orthorhombic,11.0842,4.20913,38.982,98.70242,451.99887
mp-3838,Li5ReN4,Orthorhombic,10.73347,4.28443,46.271,114.28937,494.26704
mp-1025526,LuAu3,Orthorhombic,18.91412,16.80956,35.878,97.22938,184.70186
mp-27246,LuSBr,Orthorhombic,28.33541,5.6051,5.042,13.22012,106.7209
mp-23312,MoBr3,Orthorhombic,30.86895,4.51395,2.494,6.30184,80.87037
mp-1029574,Na5OsN4,Orthorhombic,16.27431,3.68554,14.17,37.9756,258.54311
mp-1451,NbNi3,Orthorhombic,12.13573,9.2014,77.484,206.41738,423.74162
mp-11506,Ni3Mo,Orthorhombic,11.5588,9.76961,91.253,239.81288,452.89783
mp-546279,ScBrO,Orthorhombic,21.0179,3.70957,13.41,33.63228,230.08616
mp-1025478,TbAu3,Orthorhombic,19.9343,15.61522,26.739,73.74616,162.93084
mp-605028,Te2Pd3Pb2,Orthorhombic,24.5302,9.56279,16.154,41.77424,149.00184
mp-27849,TiBrN,Orthorhombic,19.00741,4.12869,19.671,47.72185,273.09567
mp-27848,TiIN,Orthorhombic,21.63824,4.82901,17.04,41.37312,224.29701
mp-27850,TiNCl,Orthorhombic,17.37168,3.10112,21.367,51.96454,337.8498
mp-29898,Tl2Au4S3,Orthorhombic,24.60981,9.69257,7.562,19.99393,102.35267
mp-568823,YbAu3,Orthorhombic,19.05068,16.64707,21.466,59.50375,143.93339
mp-23052,ZrIN,Orthorhombic,25.01371,5.13678,15.301,36.26337,196.12774
mp-12802,AlCu3,Orthorhombic,4.34106,7.51744,46.444,124.6557,365.42262
mp-669692,NbPd3,Orthorhombic,4.34106,11.09648,80.945,213.53291,363.05205
mp-12759,Zn2CuAu,Orthorhombic,4.34106,11.48176,31.739,87.02834,232.38355
mp-558137,AlBPbO4,Orthorhombic,11.60933,6.31376,45.16,110.10008,392.28834
mp-866314,Ca5Al2(SiN4)2,Orthorhombic,13.14357,3.14046,75.063,187.80763,684.87086
mp-1029474,Ca7SiN6,Orthorhombic,15.50285,3.00427,54.329,132.67142,562.13202
mp-9981,Mn2N,Orthorhombic,10.02454,6.84029,98.928,254.44282,583.49643
mp-473,Na3P11,Orthorhombic,22.78415,2.13272,6.665,17.20903,208.63126
mp-17177,Nb2ZnO6,Orthorhombic,11.56479,5.53951,58.521,154.49544,481.56003
mp-28364,Rb2CdO2,Orthorhombic,21.28951,4.91926,14.225,37.75315,206.30787
mp-1666,Th2S5,Orthorhombic,21.45895,6.9025,47.098,121.51284,312.06259
mp-1552,Mo2C,Orthorhombic,5.78808,9.0828,151.829,388.83407,587.04953
mp-20648,V2C,Orthorhombic,5.78808,5.81587,119.66,308.60314,681.99697
mp-2284,AgF2,Orthorhombic,13.83427,5.8361,11.136,29.75539,195.13332
mp-5881,CoSbS,Orthorhombic,16.7683,7.02304,79.673,195.19885,434.76295
mp-5525,KAlO2,Orthorhombic,14.24951,2.85735,40.349,100.54971,515.32259
mp-15960,Li5AlO4,Orthorhombic,9.03638,2.30959,54.227,132.9646,773.792
mp-558432,Na3P(SO)2,Orthorhombic,18.68579,2.17803,14.486,36.99724,322.44541
mp-13682,PdS2,Orthorhombic,20.03856,4.711,16.515,39.47085,230.85579
mp-1321,CdSb,Orthorhombic,8.68212,6.59908,18.412,47.7239,180.69255
mp-753,ZnSb,Orthorhombic,8.68212,6.34678,28.522,71.36204,242.63032
mp-625152,AlHO2,Orthorhombic,7.30287,3.41006,113.213,269.22051,980.46247
mp-7427,Ba(ZnAs)2,Orthorhombic,23.35982,5.94256,28.814,72.84179,256.17762
mp-22908,BiCl3,Orthorhombic,27.34838,4.78669,3.695,8.47633,97.96502
mp-23237,BiF3,Orthorhombic,13.52222,8.16551,31.812,79.91174,277.59182
mp-569267,Ca2CdSb2,Orthorhombic,29.92344,4.83995,19.747,48.18268,214.83801
mp-4481,Ca2SiO4,Orthorhombic,13.79023,2.96286,49.717,125.78401,567.81628
mp-18300,Ca3AlSb3,Orthorhombic,29.89337,4.06693,23.128,57.58872,254.08377
mp-4192,Ca3AsN,Orthorhombic,21.51048,3.22933,45.452,108.81209,444.07741
mp-5251,Ca4CN4,Orthorhombic,15.73812,2.67703,33.929,86.99396,472.53883
mp-27145,Ca5Bi3,Orthorhombic,32.94066,5.21322,20.742,51.23274,205.71032
mp-31152,CaGaPt,Orthorhombic,19.87277,8.49191,24.132,65.92862,209.65633
mp-31153,CaGePt,Orthorhombic,19.63441,8.67724,35.644,94.4566,251.65991
mp-23713,CaH2,Orthorhombic,11.883,1.96074,32.48,79.12128,587.79196
mp-620571,CaInPd,Orthorhombic,22.70067,6.3717,22.758,60.71834,223.86472
mp-570689,CaInPt,Orthorhombic,22.48482,8.61552,28.849,76.44985,217.14957
mp-15641,CaMgGe,Orthorhombic,23.14302,3.27719,37.809,89.38048,392.24912
mp-861738,CaMgPb,Orthorhombic,27.75164,5.41679,25.863,62.74364,238.63054
mp-6493,CaMgSiO4,Orthorhombic,12.55162,2.95714,54.985,139.55193,614.45406
mp-4056,CaSc2O4,Orthorhombic,11.8277,3.89067,82.699,208.23608,671.51953
mp-4438,CaSnO3,Orthorhombic,12.44029,5.5204,77.611,197.28716,539.03118
mp-4019,CaTiO3,Orthorhombic,11.20499,4.02926,102.365,256.32196,747.32823
mp-4571,CaZrO3,Orthorhombic,12.93633,4.60308,85.19,214.6788,609.39451
mp-3917,Cd2GeO4,Orthorhombic,13.85915,6.18692,33.82,91.17872,327.79727
mp-505282,CeGeRh,Orthorhombic,19.83354,8.80946,29.558,81.34362,227.33336
mp-570775,BaAu,Orthorhombic,33.97466,8.16944,13.125,34.46625,130.90466
mp-27456,BaBr2,Orthorhombic,34.98687,4.70085,7.82,20.9576,132.40835
mp-1012551,BaBrCl,Orthorhombic,31.98701,4.37252,12.482,32.77773,177.88952
mp-5504,BaCO3,Orthorhombic,15.43958,4.24473,21.914,57.63382,305.60146
mp-16253,BaCaSi,Orthorhombic,33.34214,3.41135,18.718,46.75756,240.53472
mp-7899,BaCdO2,Orthorhombic,17.19797,6.80073,36.031,93.75266,298.05156
mp-23715,BaH2,Orthorhombic,18.80053,4.10244,17.353,43.66015,255.96924
mp-23260,BaI2,Orthorhombic,43.60403,4.96511,5.955,15.89985,104.28987
mp-2892,BaNd2O4,Orthorhombic,17.26559,6.72971,48.593,125.07838,346.11069
mp-3164,BaSO4,Orthorhombic,14.60133,4.42371,20.306,53.89212,294.35626
mp-1477,BaSi2,Orthorhombic,29.72818,3.60277,18.639,46.70933,242.54495
mp-3031,BaSi2O5,Orthorhombic,15.21744,3.7305,34.2,85.842,406.21122
mp-3952,BaY2O4,Orthorhombic,15.66127,5.74274,59.353,151.70627,427.81132
mp-540771,BaZrS3,Orthorhombic,25.30283,4.2624,33.616,86.93098,318.34681
mp-3081,BeAl2O4,Orthorhombic,8.11111,3.71349,147.365,359.86533,1037.91891
mp-3733,BeTl2F4,Orthorhombic,16.34588,7.16588,8.47,22.81818,145.18412
mp-18513,Ba2MnSe3,Orthorhombic,31.06576,5.04655,19.958,50.45382,209.60959
mp-17612,Ba2SiO4,Orthorhombic,16.18056,5.37666,30.552,80.16845,315.27003
mp-5900,Ba2ZrF8,Orthorhombic,14.77161,5.29231,23.193,59.93071,286.12033
mp-21115,CeSi,Orthorhombic,24.44656,5.71257,39.155,98.90553,296.1717
mp-21490,CeSnPd,Orthorhombic,23.76859,8.5057,32.062,84.57956,224.90768
mp-22204,Co2P,Orthorhombic,10.60226,7.77051,75.138,202.72232,474.05294
mp-20857,CoB,Orthorhombic,7.56553,7.65398,149.359,385.94366,750.73994
mp-22759,CoBW,Orthorhombic,10.10109,13.89574,195.015,487.73252,574.94192
mp-22262,CoMoP,Orthorhombic,11.93473,8.61928,123.348,316.75766,551.54174
mp-21495,CrFeP,Orthorhombic,11.23002,6.842,144.123,359.73101,676.14514
mp-21048,CrP,Orthorhombic,11.95707,5.76122,139.444,339.12781,710.22725
mp-15236,CrSbSe3,Orthorhombic,24.13141,5.65137,19.498,48.47203,212.52884
mp-17546,Cs2RuO4,Orthorhombic,22.60363,4.52197,7.793,20.49559,156.28119
mp-505782,Cs2SO4,Orthorhombic,20.16346,4.25738,10.568,27.20203,193.95168
mp-601257,DyCuPbSe3,Orthorhombic,24.47042,7.57902,23.788,60.8497,202.79113
mp-2738,DyNi,Orthorhombic,19.44359,9.44528,23.865,65.00826,199.159
mp-510152,DyNiSn,Orthorhombic,20.07549,9.37167,5.475,15.20955,94.9914
mp-20281,DySiIr,Orthorhombic,17.8068,11.89917,72.446,186.476,314.51866
mp-30610,Er2Pt,Orthorhombic,23.94503,12.24228,25.794,69.54062,169.14119
mp-9371,ErF3,Orthorhombic,11.47321,8.11418,44.528,110.78566,347.73109
mp-20043,ErGeRh,Orthorhombic,18.22575,10.41092,56.481,146.96356,295.52191
mp-567314,ErNi,Orthorhombic,19.05725,9.84409,24.157,66.09355,197.59987
mp-20733,ErSiIr,Orthorhombic,17.47139,12.27838,78.089,199.90784,323.27023
mp-567681,CsPbBr3,Orthorhombic,38.46036,5.00676,5.511,14.27349,104.19202
mp-540839,CsPbI3,Orthorhombic,46.54233,5.14348,4.607,11.95056,88.08657
mp-5305,CuAsS,Orthorhombic,19.25408,4.90244,30.222,78.69809,309.99904
mp-22982,CuBiS2,Orthorhombic,21.94274,6.3692,22.669,59.03008,225.12299
mp-20525,CuSO4,Orthorhombic,11.21518,3.93866,28.551,74.46101,404.06933
mp-4468,CuSbS2,Orthorhombic,20.91522,4.95092,26.263,66.34034,277.56504
mp-7368,Dy2Se3,Orthorhombic,24.43602,7.63646,35.068,89.56367,245.35942
mp-614311,CsCSN,Orthorhombic,27.84299,2.8476,4.588,12.10314,140.11807
mp-30206,CsClO4,Orthorhombic,19.13064,3.36142,5.747,14.9422,164.61566
mp-22876,CsI3,Orthorhombic,50.3443,4.23526,2.046,5.44236,63.51591
mp-22887,EuCl2,Orthorhombic,25.32343,4.87143,11.102,29.22046,172.23051
mp-427,FeAs,Orthorhombic,14.25827,7.61463,85.376,217.53805,453.08251
mp-1005,FeP,Orthorhombic,11.32298,6.36608,133.593,329.97471,673.21993
mp-1869,GaPd2,Orthorhombic,14.62892,10.69131,46.087,125.44881,286.15205
mp-669509,Gd2S3,Orthorhombic,22.259,6.12763,39.303,100.9301,298.96648
mp-1424,GePd,Orthorhombic,16.15545,9.20235,42.129,113.41127,284.59383
mp-542640,GePt,Orthorhombic,16.40199,13.5522,53.162,141.72989,261.68442
mp-22585,GeRh2,Orthorhombic,13.94566,11.05192,70.269,188.74253,352.19738
mp-2242,GeS,Orthorhombic,21.96235,3.95829,16.528,39.43581,239.69573
mp-643727,HPbBrO,Orthorhombic,19.80689,6.3739,8.568,23.33923,143.95107
mp-29646,HfAs2,Orthorhombic,18.71267,9.71196,75.643,185.93049,347.67779
mp-9801,HfCoAs,Orthorhombic,14.59998,11.84158,92.377,236.11561,380.58965
mp-22434,HfFeP,Orthorhombic,13.33697,11.01088,126.335,317.35352,474.31888
mp-21340,HfGePt,Orthorhombic,16.72523,14.76723,79.095,206.43795,302.34311
mp-22637,HfNbP,Orthorhombic,16.79151,9.96729,100.086,253.21758,410.29848
mp-561877,HoF3,Orthorhombic,11.67291,7.89255,42.75,106.7895,343.26119
mp-22670,HoGeRh,Orthorhombic,18.40975,10.23685,55.178,143.68351,293.56446
mp-12900,HoSi,Orthorhombic,21.12841,7.58482,67.711,163.58978,356.02242
mp-22646,InPd2,Orthorhombic,16.61209,10.91753,35.51,97.58148,238.5603
mp-560553,IrF6,Orthorhombic,13.91959,5.21844,2.833,7.27514,104.81962
mp-1361,IrSe2,Orthorhombic,19.87252,9.75243,54.983,140.64651,291.79155
mp-571440,K2CuBr3,Orthorhombic,29.97234,3.52225,7.497,19.32727,157.35948
mp-4529,K2SO4,Orthorhombic,15.24604,2.71138,16.186,40.88584,329.79033
mp-695998,K2ZnH4,Orthorhombic,16.25166,2.15501,11.148,27.37949,298.02338
mp-12613,LaNiSn,Orthorhombic,22.39971,7.81622,31.135,81.82278,236.51171
mp-5163,LaRhO3,Orthorhombic,12.53103,7.68077,58.779,158.46818,400.38983
mp-31116,LaScO3,Orthorhombic,13.36606,5.76104,79.013,202.43131,518.98277
mp-5158,KNO3,Orthorhombic,15.31247,2.1928,8.418,21.73528,265.97373
mp-7475,La2S3,Orthorhombic,25.2094,4.92714,32.899,85.20841,292.8393
mp-866650,La2Si4CN6,Orthorhombic,12.58586,4.93448,83.776,212.28838,586.73849
mp-640095,La3Co,Orthorhombic,29.9213,6.59927,12.416,33.07622,147.31233
mp-557753,K3PO4,Orthorhombic,16.7145,2.63601,19.669,50.07727,356.9194
mp-6812,KBaPO4,Orthorhombic,15.69713,4.10143,26.743,69.10391,340.88059
mp-23526,KClO4,Orthorhombic,14.73039,2.60307,8.709,22.1557,251.15045
mp-1029444,KCoN,Orthorhombic,18.81601,3.29584,33.031,79.20834,391.21703
mp-28270,KCuS,Orthorhombic,29.30018,2.54481,5.768,15.51592,164.45724
mp-29374,KGaSb4,Orthorhombic,33.409,4.93605,13.849,34.09624,172.28261
mp-985583,Li3PS4,Orthorhombic,20.15563,1.85427,11.673,29.83619,307.57338
mp-31468,LiCaN,Orthorhombic,14.23983,2.37212,40.787,102.37537,567.22005
mp-13916,LiCaSi2,Orthorhombic,20.11296,2.12986,36.127,86.56029,497.77158
mp-30301,LiClO4,Orthorhombic,11.51469,2.55713,18.037,45.0925,394.51341
mp-1029903,LiNbN2,Orthorhombic,11.97827,4.43131,59.002,150.3371,529.97195
mp-1029251,LiRuN,Orthorhombic,11.36352,5.94344,58.104,147.11933,460.50832
mp-6224,LiScSiO4,Orthorhombic,11.03571,3.09494,64.49,161.61194,677.76268
mp-6668,LiTiPO5,Orthorhombic,10.5418,3.26417,58.853,146.89709,645.06861
mp-22440,LuSiIr,Orthorhombic,17.00468,12.86627,84.508,215.32638,331.35708
mp-22801,LuSiRh,Orthorhombic,17.03392,9.94203,70.8,181.248,345.22556
mp-2895,Mg2SiO4,Orthorhombic,10.31471,3.23569,74.609,185.17954,732.69102
mp-365,MgB4,Orthorhombic,8.87563,2.52755,113.996,275.87032,1068.95737
mp-7352,MgCuP,Orthorhombic,14.63369,4.4945,48.485,123.53978,446.99671
mp-5056,Mn2SiS4,Orthorhombic,19.98978,3.15927,26.202,68.23001,353.51545
mp-22240,MnAs,Orthorhombic,14.34897,7.51402,78.122,188.43026,436.37537
mp-20249,MnCoP,Orthorhombic,11.3328,7.07447,108.089,274.97842,576.54922
mp-20007,MnNiGe,Orthorhombic,13.16322,7.83271,60.689,159.36931,392.46411
mp-2662,MnP,Orthorhombic,12.01772,5.9354,127.428,307.10148,664.97315
mp-20949,MnSiNi,Orthorhombic,11.96936,6.55358,86.459,220.29753,526.57426
mp-556125,Na2BHO3,Orthorhombic,10.94261,2.29352,18.023,47.94118,421.45162
mp-13459,NaCdSb,Orthorhombic,26.99447,5.273,13.704,36.01411,179.95769
mp-8754,NaLiTe,Orthorhombic,24.35029,3.58087,15.62,38.7376,238.76218
mp-2955,NaMgF3,Orthorhombic,11.01096,3.14555,41.752,104.2965,546.78384
mp-1029466,NaNiN,Orthorhombic,14.61051,3.62517,29.1,75.1944,385.91664
mp-29356,NaTi2O4,Orthorhombic,10.4431,4.1506,77.985,198.23787,660.08215
mp-5788,NaUO3,Orthorhombic,14.01493,7.32268,53.954,133.26638,373.47882
mp-3795,NaZnF3,Orthorhombic,11.50379,4.19744,30.263,79.16801,400.35863
mp-21449,NbCoP,Orthorhombic,12.69538,7.97058,118.544,304.1839,550.03831
mp-20144,NbCrP,Orthorhombic,13.7521,7.07891,115.435,293.66664,558.40876
mp-22287,NbGeIr,Orthorhombic,15.68402,12.62601,94.126,247.55138,364.48874
mp-20932,NbNiP,Orthorhombic,12.96923,7.79205,97.397,253.81658,501.85973
mp-438,Nd2S3,Orthorhombic,23.85765,5.35488,36.021,93.07826,299.3993
mp-20490,NdNiSn,Orthorhombic,21.71157,8.2,33.482,88.45944,242.15209
mp-9967,NdSi,Orthorhombic,24.18131,5.91689,53.571,131.03467,342.78437
mp-2058,Ni3B,Orthorhombic,9.14463,8.48422,81.818,218.12679,498.96617
mp-1099,NiGe,Orthorhombic,13.26705,8.21902,52.238,139.05756,357.74157
mp-11534,Np,Orthorhombic,18.1094,21.73168,112.037,274.71472,285.87821
mp-982385,Np3S5,Orthorhombic,22.34914,8.09242,44.698,111.29802,272.4805
mp-22626,OsF6,Orthorhombic,13.81277,5.22467,3.152,8.09434,110.30317
mp-2173,P2O5,Orthorhombic,11.56861,2.91064,33.316,78.42586,497.02649
mp-19893,PbCO3,Orthorhombic,13.43759,6.60403,21.437,57.23679,255.11281
mp-3472,PbSO4,Orthorhombic,13.23219,6.34286,20.584,52.3657,254.66766
mp-15179,Pr2S3,Orthorhombic,24.43531,5.13765,35.04,90.61344,299.06762
mp-4308,PrAgAs2,Orthorhombic,22.28057,7.42713,42.754,107.56906,282.62404
mp-2102,PrGe,Orthorhombic,25.77479,6.8789,46.687,114.66327,291.15808
mp-16646,PrMgRh,Orthorhombic,22.07255,6.7236,27.733,73.76978,242.42562
mp-4789,PrRhO3,Orthorhombic,12.35359,7.84491,61.536,165.53184,407.15618
mp-9968,PrSi,Orthorhombic,24.79316,5.65922,50.93,125.08408,338.97275
mp-505319,PtF6,Orthorhombic,13.22491,5.54398,2.458,6.61694,97.04911
mp-3372,Rb2SO4,Orthorhombic,17.27978,3.6654,13.378,34.08714,247.5099
mp-3032,RbBF4,Orthorhombic,14.92652,3.19415,8.554,21.93246,223.75363
mp-1029420,RbCoN,Orthorhombic,20.56532,4.26352,18.619,48.29769,253.44419
mp-1637,Re2P,Orthorhombic,13.73089,16.26117,183.029,455.37615,463.9819
mp-2809,Sb2S3,Orthorhombic,25.7854,4.37542,8.865,22.48164,160.29395
mp-22872,SbCl3,Orthorhombic,30.89222,3.0655,1.336,3.16632,71.93817
mp-22971,SbSBr,Orthorhombic,28.17508,4.59172,3.768,9.64608,100.25279
mp-7066,ScNiGe,Orthorhombic,15.43816,6.3206,63.254,162.18326,423.02138
mp-10240,ScNiP,Orthorhombic,13.87119,5.37197,92.423,229.39389,571.26712
mp-12480,ScPPt,Orthorhombic,15.83878,9.47103,69.61,180.84678,359.50687
mp-22307,ScSi2Rh,Orthorhombic,15.14851,5.59137,85.12,212.45952,522.35318
mp-22426,ScSiNi,Orthorhombic,14.76128,4.93974,71.704,182.55838,516.16241
mp-351,SiNi,Orthorhombic,11.88908,6.06017,91.069,230.76885,565.1702
mp-1118,SiNi2,Orthorhombic,10.63332,7.5725,64.237,173.31143,446.27411
mp-20418,SiRh2,Orthorhombic,13.16958,9.83059,74.351,200.599,391.64881
mp-1403,Sm2S3,Orthorhombic,22.94211,5.74571,37.195,96.11188,297.67527
mp-7405,SmAlO3,Orthorhombic,10.42089,7.18145,110.879,275.86695,597.15745
mp-1102762,SmAsS,Orthorhombic,21.9878,6.47835,52.875,129.96675,336.60487
mp-20777,SmCoGe,Orthorhombic,18.44136,8.46216,52.148,133.39458,310.9467
mp-7384,SmF3,Orthorhombic,12.77207,6.73973,48.388,126.87334,383.85332
mp-1025431,SmPt,Orthorhombic,23.23634,12.34324,32.196,86.99359,189.99339
mp-31118,SmScO3,Orthorhombic,12.7479,6.33881,81.837,210.15742,511.94547
mp-1509,Sn2S3,Orthorhombic,24.83286,4.46168,11.679,28.45004,183.51946
mp-29862,SnBr2,Orthorhombic,33.13555,4.65251,1.482,4.04882,60.0389
mp-2231,SnS,Orthorhombic,25.54044,4.9014,18.459,43.82167,216.43024
mp-691,SnSe,Orthorhombic,28.28212,5.80294,14.724,36.63331,172.69715
mp-27425,Sr(HO)2,Orthorhombic,11.5695,3.49158,25.359,63.24535,396.4881
mp-5285,SrSO4,Orthorhombic,12.78019,3.97767,25.048,66.02653,360.42765
mp-770771,SrSc2O4,Orthorhombic,12.54392,4.5676,81.465,204.96594,603.12818
mp-2879,SrSnO3,Orthorhombic,13.31087,6.34552,74.953,190.23071,483.16064
mp-20001,SrSnPt,Orthorhombic,24.43683,9.09234,28.578,75.44592,204.43544
mp-12724,SrZn,Orthorhombic,31.48519,4.0354,8.793,23.53007,156.70565
mp-5637,SrZnO2,Orthorhombic,13.79983,5.56612,50.077,127.19558,416.66931
mp-4387,SrZrO3,Orthorhombic,13.911,5.41558,82.978,209.27052,541.31694
mp-505206,Ta3SiTe6,Orthorhombic,27.17064,8.16822,15.495,37.28097,151.32048
mp-3102,TaCuS3,Orthorhombic,19.89692,5.68658,25.486,63.05236,258.73014
mp-21336,TaFeP,Orthorhombic,12.43931,11.91483,143.287,361.94296,497.33892
mp-22636,TaNiGe,Orthorhombic,13.9988,12.34762,73.151,195.31317,338.83573
mp-11347,TbF3,Orthorhombic,12.00967,7.46366,45.728,119.35008,362.06411
mp-5692,TbRhO3,Orthorhombic,11.47767,8.96494,68.207,182.2491,410.65009
mp-1924,TbSi,Orthorhombic,21.81859,7.11638,65.542,158.48056,357.67085
mp-12834,ThCu6,Orthorhombic,14.55161,9.99822,23,64.768,210.82174
mp-1146,ThS2,Orthorhombic,22.6036,7.25251,33.237,88.80926,252.90674
mp-7951,ThSe2,Orthorhombic,25.80296,8.3652,26.736,71.97331,202.45541
mp-22033,Ti5Sb3,Orthorhombic,19.12993,6.56031,43.449,115.05295,321.20239
mp-505540,TiAsRh,Orthorhombic,14.97935,8.33979,76.463,200.48599,410.48787
mp-567601,Sr4CN4,Orthorhombic,18.81586,4.10389,25.037,64.8959,310.05019
mp-3822,SrCO3,Orthorhombic,12.92238,3.79409,29.338,75.75072,396.20571
mp-21609,SrCuN,Orthorhombic,17.80684,5.13428,34.378,88.14519,329.89313
mp-560445,SrEr2O4,Orthorhombic,14.18566,8.12941,68.24,172.10128,397.94964
mp-23714,SrH2,Orthorhombic,14.88683,3.33279,24.537,60.45917,364.22498
mp-3378,SrHfO3,Orthorhombic,13.54561,7.70123,92.483,231.57743,482.52012
mp-568284,SrI2,Orthorhombic,44.54188,4.24287,6.919,17.68496,119.67684
mp-22284,SrInPt,Orthorhombic,24.59315,8.94695,26.962,70.69436,199.60378
mp-15643,SrMgGe,Orthorhombic,25.74677,3.96784,31.634,75.09912,314.90868
mp-15642,SrMgSi,Orthorhombic,25.34504,3.0577,33.218,79.25815,369.04935
mp-20489,SrPbO3,Orthorhombic,14.84519,7.66933,50.244,130.03147,348.07997
mp-22390,SrRuO3,Orthorhombic,12.17124,6.45834,71.269,187.00986,483.65913
mp-1188441,TiCu4,Orthorhombic,12.33246,8.1341,52.772,140.7957,370.62751
mp-20268,TiGePd,Orthorhombic,15.49127,8.10825,68.935,179.50674,390.45857
mp-16356,TiNiGe,Orthorhombic,13.71048,7.2346,83.324,212.64285,472.08807
mp-510409,TiSiNi,Orthorhombic,12.96703,5.74752,104.824,262.4793,603.03254
mp-4112,Tl2SO4,Orthorhombic,17.3327,6.90923,8.835,23.58945,147.70885
mp-5915,TlNO3,Orthorhombic,14.91367,5.93212,8.29,22.0514,162.71664
mp-4054,YAl3Ni,Orthorhombic,17.32239,4.38168,59.711,148.56097,472.62232
mp-1364,YNi,Orthorhombic,20.04309,6.11419,22.852,62.34026,239.38339
mp-22617,YNiSn,Orthorhombic,20.2536,7.278,43.823,112.8004,299.78081
mp-1025448,YPt,Orthorhombic,22.07287,10.68226,33.963,91.7001,213.43398
mp-20557,YSiNi,Orthorhombic,16.96721,5.73128,62.677,156.56715,426.37526
mp-1937,YbCu,Orthorhombic,19.91495,9.86345,22.182,55.80991,186.17336
mp-542172,YbMgGe,Orthorhombic,20.95283,7.13222,40.06,94.22112,286.24435
mp-21157,TmNiGe,Orthorhombic,16.85483,9.86079,61.869,156.03362,324.76794
mp-1025409,TmPt,Orthorhombic,20.95947,14.41989,36.535,98.71757,194.02526
mp-23013,U(ClO)2,Orthorhombic,21.26245,5.3252,15.1,37.6896,202.75855
mp-600216,U2Se3,Orthorhombic,25.72025,9.20567,35.78,91.52524,219.62315
mp-2275,UF6,Orthorhombic,15.23016,5.48294,2.694,6.78888,96.61887
mp-3991,UMoC2,Orthorhombic,12.47657,11.91147,145.732,367.24464,499.72079
mp-20541,V2P,Orthorhombic,12.57517,5.84787,103.941,267.12837,603.07413
mp-19940,VAs,Orthorhombic,15.19491,6.87732,86.366,214.53314,473.30626
mp-5126,ZnSO4,Orthorhombic,11.35847,3.93436,32.925,85.53915,431.76754
mp-972228,Zr3As2,Orthorhombic,20.22074,6.95586,62.953,161.78921,367.17911
mp-22174,Zr3NiSb7,Orthorhombic,22.85679,7.82428,53.506,133.65799,305.12502
mp-27606,ZrAs2,Orthorhombic,19.20923,6.94634,71.768,176.69282,396.75988
mp-8418,ZrCoP,Orthorhombic,13.7811,7.27506,115.332,289.94465,551.24195
mp-22522,ZrCuSi,Orthorhombic,15.42873,6.56003,85.05,213.4755,479.86331
mp-20892,ZrFeP,Orthorhombic,13.78908,7.14689,119.784,298.50173,565.89521
mp-20059,ZrMnGe,Orthorhombic,17.13045,7.06985,68.296,160.08582,393.57665
mp-20147,ZrMnP,Orthorhombic,14.80686,6.62172,111.101,274.86387,550.14405
mp-22227,ZrMnSi,Orthorhombic,16.33408,5.90473,81.493,206.17729,481.09094
mp-4500,ZrNbP,Orthorhombic,17.18922,6.92661,100.233,252.18623,488.05139
mp-20697,ZrNiSb,Orthorhombic,17.80435,8.44608,55.766,146.77611,329.01679
mp-1523,ZrP2,Orthorhombic,16.84998,5.0316,83.188,204.64248,523.26924
mp-22268,ZrPRu,Orthorhombic,15.26755,8.0944,108.505,277.33878,490.783
mp-669917,ZrRh,Orthorhombic,18.12458,8.89288,46.847,127.70492,294.11638
mp-22036,ZrSbPd,Orthorhombic,19.73846,8.95684,35.872,98.50451,249.31427
mp-22302,ZrVP,Orthorhombic,15.29408,6.26614,107.666,268.73434,552.63984
mp-622209,Al3Ni,Orthorhombic,4.34106,4.05817,62.713,158.78932,539.30713
mp-569558,AlAu2,Orthorhombic,5.78808,14.15047,30.562,84.53449,195.39785
mp-2824,AlPd2,Orthorhombic,5.78808,9.23914,52.588,141.9876,330.08786
mp-605663,AlPd5,Orthorhombic,2.89404,10.54607,52.169,141.16931,305.77334
mp-8487,CaSbPt,Orthorhombic,5.78808,8.8281,35.587,93.23794,238.01123
mp-30437,CaSnPd,Orthorhombic,5.78808,6.46135,24.277,64.9167,229.50534
mp-12614,Ca2Cu,Orthorhombic,5.78808,2.60406,12.724,32.47165,234.53952
mp-22735,Ca2Sn,Orthorhombic,5.78808,3.43263,16.906,42.5355,231.27039
mp-568424,CaAlAu,Orthorhombic,5.78808,6.87251,29.879,77.92443,251.43779
mp-569628,CaCdAu,Orthorhombic,5.78808,8.18479,22.156,58.40322,192.1441
mp-5473,CaMgSi,Orthorhombic,5.78808,2.24858,40.749,96.33064,493.51938
mp-4864,CaMgSn,Orthorhombic,5.78808,3.76215,28.662,69.64866,303.90223
mp-19905,Co2Si,Orthorhombic,5.78808,7.73551,107.785,276.57631,568.63986
mp-20937,Cr3C2,Orthorhombic,3.47285,6.92035,168.003,428.87806,798.56274
mp-700,GeSe,Orthorhombic,8.68212,5.06423,13.905,33.70572,186.53904
mp-22489,HfCuSi,Orthorhombic,5.78808,10.01761,87.244,219.85488,398.30027
mp-20192,HfMnSi,Orthorhombic,5.78808,9.22009,85.586,218.58664,400.95815
mp-1042,HfSi,Orthorhombic,8.68212,10.15823,95.833,237.47417,396.35598
mp-22258,HfSiMo,Orthorhombic,5.78808,10.19377,103.44,262.32384,416.11632
mp-10457,HfSiPd,Orthorhombic,5.78808,10.83608,93.146,236.21826,386.76165
mp-10456,HfSiPt,Orthorhombic,5.78808,13.93314,100.864,257.60666,355.56487
mp-13472,HfSiRh,Orthorhombic,5.78808,10.99396,98.602,252.22392,399.06689
mp-1224,HgO,Orthorhombic,8.68212,10.77019,10.902,28.14896,132.71694
mp-12741,MgPd2,Orthorhombic,5.78808,8.57254,37.951,102.5436,285.25415
mp-21851,MnSiIr,Orthorhombic,5.78808,10.65549,77.404,200.63117,368.30383
mp-569989,Nb2C,Orthorhombic,5.78808,7.67806,118.704,303.17002,537.73328
mp-21248,NbSiIr,Orthorhombic,5.78808,11.6283,121.83,313.34676,437.55586
mp-22722,NbSiPd,Orthorhombic,5.78808,8.30574,82.78,217.54584,426.06901
mp-10469,NbSiPt,Orthorhombic,5.78808,11.45603,82.355,219.0643,361.70027
mp-10470,NbSiRh,Orthorhombic,5.78808,8.41743,113.62,291.09444,498.6546
mp-2369,SnPd,Orthorhombic,8.68212,9.56071,39.635,104.71567,253.0572
mp-1851,SnPd2,Orthorhombic,5.78808,10.88241,18.528,53.06419,173.0377
mp-636334,SnRh2,Orthorhombic,5.78808,11.36877,53.156,144.90326,290.39671
mp-20619,SbRh,Orthorhombic,8.68212,10.00288,57.121,149.99975,301.25529
mp-11550,Sc2Pt,Orthorhombic,5.78808,7.7304,27.047,73.78422,229.93693
mp-22701,ScFeSi,Orthorhombic,5.78808,4.84869,60.573,156.64178,479.3626
mp-9225,ScSiPt,Orthorhombic,5.78808,8.93972,61.333,161.79645,343.02063
mp-20492,ScSiRh,Orthorhombic,5.78808,6.10379,73.9,190.0708,459.88153
mp-505071,Si2Pd9,Orthorhombic,1.57857,10.48316,38.309,106.57564,264.53978
mp-540791,Si4Rh3,Orthorhombic,2.48061,7.03455,88.8,228.5712,489.01025
mp-1128,SiIr,Orthorhombic,8.68212,12.91033,88.554,233.60545,361.96979
mp-20622,SiPd3,Orthorhombic,4.34106,9.90835,44.115,121.22802,291.5327
mp-696,SiPt,Orthorhombic,8.68212,12.27658,69.894,184.93952,323.16206
mp-818,SiRh,Orthorhombic,8.68212,7.94905,95.795,246.95951,483.94697
mp-7857,TiB,Orthorhombic,8.68212,4.58996,190.624,437.6727,959.55565
mp-21316,TaSiIr,Orthorhombic,5.78808,15.08733,125.054,323.01448,391.37662
mp-20436,TaSiRh,Orthorhombic,5.78808,11.89067,118.177,303.47854,430.38388
mp-21306,TiCoSi,Orthorhombic,5.78808,5.83353,100.664,255.68656,590.33212
mp-20255,TiCuSi,Orthorhombic,5.78808,5.67893,77.37,197.60298,514.64351
mp-7092,TiSi,Orthorhombic,8.68212,4.27172,99.581,243.37596,649.65774
mp-672645,TiSiRh,Orthorhombic,5.78808,6.90253,89.044,230.62396,492.8735
mp-21371,VCoSi,Orthorhombic,5.78808,6.48978,113.415,289.66191,611.98249
mp-11230,Y2Al,Orthorhombic,5.78808,4.24166,30.684,77.56915,297.84974
mp-21003,Y2ReC2,Orthorhombic,3.47285,7.74082,74.404,185.71238,401.60448
mp-7343,Y3Pt,Orthorhombic,4.34106,6.8354,17.134,46.60448,174.54678
mp-28024,YSiPd2,Orthorhombic,4.34106,7.80888,50.1,132.765,326.32748
mp-19728,YSiRh,Orthorhombic,5.78808,6.76129,62.797,161.2627,386.82662
mp-21069,YSiRu,Orthorhombic,5.78808,6.75756,50.299,133.89594,349.29847
mp-22275,YSnPt,Orthorhombic,5.78808,10.20445,41.035,109.31724,240.28497
mp-30884,YZn3,Orthorhombic,4.34106,6.55918,41.301,104.07852,318.26857
mp-556094,AgBiSCl2,Orthorhombic,25.10431,5.55384,14.436,38.28427,183.78728
mp-7574,AlBMo,Orthorhombic,11.55568,6.40574,134.6,333.0004,671.01061
mp-27388,Ba(SiNi)2,Orthorhombic,19.83455,5.20543,37.793,94.40691,329.76347
mp-23084,BiPbClO2,Orthorhombic,20.49552,7.83674,17.959,47.33992,184.3604
mp-29175,Ca2AuN,Orthorhombic,19.79573,6.10525,26.965,70.32472,259.33737
mp-510086,Ca2InN,Orthorhombic,22.09949,3.92566,30.063,73.59422,325.93003
mp-8670,Ca3CrN3,Orthorhombic,15.53735,3.27111,51.84,129.39264,527.94454
mp-14763,Ca3MnN3,Orthorhombic,15.32701,3.36154,50.938,128.16001,519.41558
mp-9029,Ca3VN3,Orthorhombic,15.94898,3.171,50.486,126.9218,525.39697
mp-538,CaAg,Orthorhombic,26.82946,4.57837,13.005,34.64532,188.69614
mp-6914,CaGa,Orthorhombic,26.05464,3.49897,27.264,65.65171,309.74582
mp-11431,CaGa3Ni2,Orthorhombic,16.15036,6.28273,38.686,101.66681,328.90615
mp-2360,CaGe,Orthorhombic,24.70668,3.7879,33.926,82.37233,339.19255
mp-22717,CaIn2Pd,Orthorhombic,22.87474,6.82615,25.46,66.80704,227.54326
mp-21027,CaIn2Pt,Orthorhombic,22.76295,8.47666,26.547,70.34955,209.21085
mp-4243,CaIrO3,Orthorhombic,11.42187,8.14994,70.601,183.845,436.34386
mp-13512,CaNiGe2,Orthorhombic,18.24572,5.55277,35.772,92.50639,321.97259
mp-4406,CaSO4,Orthorhombic,12.649,2.97872,31.298,80.74884,465.29092
mp-2450,CaSn,Orthorhombic,30.43685,4.33149,22.571,56.4275,242.10912
mp-8459,CdSO4,Orthorhombic,13.09997,4.40432,26.036,68.57882,346.76661
mp-761036,CdSeO4,Orthorhombic,14.40636,4.90581,20.744,54.9716,284.54538
mp-30750,CeAl4Ni,Orthorhombic,17.57743,4.82955,64.291,155.45564,462.27386
mp-997034,BaCuO2,Orthorhombic,16.66624,5.80054,34.529,90.05163,319.39143
mp-9503,BaDyCuTe3,Orthorhombic,31.72325,6.50968,14.922,39.39408,159.57361
mp-1730,BaGe,Orthorhombic,33.4578,5.21042,18.207,45.5175,192.17618
mp-20136,BaPb,Orthorhombic,42.15699,6.78536,13.484,34.14149,134.52912
mp-4009,BaPdS2,Orthorhombic,26.09447,4.89799,12.375,33.66,180.11683
mp-9768,BaSb2Pd,Orthorhombic,28.57886,7.07801,21.62,57.33624,191.25462
mp-2499,BaSi,Orthorhombic,31.91249,4.30355,20.384,50.43002,226.46011
mp-872,BaSn,Orthorhombic,40.24866,5.28166,16.162,40.76056,169.15211
mp-303,BaZn5,Orthorhombic,19.78583,6.49546,27.225,68.607,252.18645
mp-548469,BaZnSO,Orthorhombic,20.15788,5.16502,35.008,87.87008,316.53334
mp-21188,CeNi,Orthorhombic,20.40332,8.09012,15.258,42.7224,169.46334
mp-27768,Co(BW)3,Orthorhombic,10.23419,14.90156,203.68,507.1632,564.29991
mp-8742,DyCoSi2,Orthorhombic,15.99261,7.20603,61.207,158.2813,385.45664
mp-30604,DyGa,Orthorhombic,23.62136,8.16243,42.601,105.90609,263.77968
mp-20122,DyGe,Orthorhombic,22.446,8.69775,54.729,134.19551,293.97707
mp-4171,DySi2Ni,Orthorhombic,16.04486,7.17635,66.451,166.2604,399.92284
mp-1711,Er3Ge4,Orthorhombic,21.31853,8.81665,51.693,127.06139,288.96593
mp-31182,ErAl2Ni,Orthorhombic,17.19532,6.75781,57.442,143.03058,374.41301
mp-11243,ErAu,Orthorhombic,22.86733,13.22434,16.141,45.5499,132.01933
mp-7303,ErCd3,Orthorhombic,22.86381,9.15998,29.141,74.71752,209.72013
mp-3128,ErCoSi2,Orthorhombic,15.73086,7.45152,59.572,154.05319,376.13441
mp-2264,ErGe,Orthorhombic,21.82404,9.12667,54.614,133.69507,289.39617
mp-12382,ErSi2Ni,Orthorhombic,15.75768,7.43252,65.384,167.38304,393.73084
mp-30613,ErSn2,Orthorhombic,25.6527,8.73183,37.354,93.01146,232.25539
mp-555599,CuS,Orthorhombic,16.696,4.75461,20.592,55.3513,273.7849
mp-569385,DyAl2Ni,Orthorhombic,17.56216,6.50416,55.971,139.59167,374.07418
mp-1007918,DyAu,Orthorhombic,23.49842,12.70103,17.544,49.15829,138.9088
mp-28448,DyCl3,Orthorhombic,24.62456,4.53258,3.729,9.94151,106.74623
mp-997024,CsAuO2,Orthorhombic,24.83361,6.04927,10.8,28.4472,153.80574
mp-574599,CsAuSe,Orthorhombic,36.94792,6.12467,4.762,12.33358,89.01409
mp-541037,CsCuO,Orthorhombic,25.97849,4.5266,6.941,17.81061,139.97326
mp-553310,CsCuO2,Orthorhombic,21.93878,4.32283,12.092,31.97125,200.66885
mp-1007881,FeB,Orthorhombic,8.04314,6.88071,159.067,394.16803,792.21857
mp-19918,GdGe,Orthorhombic,23.34941,8.17454,46.12,114.3776,274.97223
mp-1014252,Hf3ZnN,Orthorhombic,16.1907,12.6127,92.143,229.25178,354.16777
mp-13683,HfGe2,Orthorhombic,17.73179,10.10676,67.117,167.7925,327.92661
mp-1007691,HfPt,Orthorhombic,18.53206,16.73678,55.584,150.85498,231.56085
mp-1168,HfTe5,Orthorhombic,35.39838,6.3836,7.3,18.1478,108.37133
mp-16503,HoAl2Ni,Orthorhombic,17.38342,6.62907,57.089,143.29339,375.84025
mp-1007666,HoAu,Orthorhombic,23.20596,12.94805,17.384,48.7795,137.56238
mp-11302,HoCd3,Orthorhombic,23.02927,9.05219,27.83,71.74574,205.81674
mp-982511,HoGa2Pd,Orthorhombic,18.07735,9.43367,48.755,125.39786,288.96094
mp-16342,HoGe,Orthorhombic,22.11819,8.91788,54.586,133.62653,291.38281
mp-5150,HoSi2Ni,Orthorhombic,15.91332,7.29908,66.265,169.6384,398.5005
mp-570102,HoSiRu2C,Orthorhombic,15.10746,8.95076,76.705,202.19438,394.69169
mp-27639,IBr,Orthorhombic,40.36337,4.25402,1.135,2.8829,51.75104
mp-22870,InBr,Orthorhombic,32.52183,4.97118,7.042,17.99935,124.73877
mp-23202,InI,Orthorhombic,37.77989,5.31221,7.457,18.8513,117.61407
mp-9778,K2AgP,Orthorhombic,28.12556,3.2035,11.106,28.54242,204.43619
mp-7643,K2AgSb,Orthorhombic,34.36552,3.71852,9.354,23.77787,162.45601
mp-15684,K2CuAs,Orthorhombic,27.78168,3.23756,9.944,25.97373,193.82193
mp-8446,K2CuP,Orthorhombic,26.11602,2.74546,10.978,28.21346,224.83416
mp-9672,K2NiP2,Orthorhombic,24.39805,2.70659,13.474,33.25383,255.11021
mp-9687,K2PAu,Orthorhombic,28.0549,4.52998,9.22,24.21172,157.47917
mp-863757,K2SbAu,Orthorhombic,33.87127,4.86479,8.023,20.68329,132.67797
mp-12684,LaAl,Orthorhombic,26.49568,5.19824,34.891,85.6923,286.58807
mp-1002136,LaAu,Orthorhombic,27.65344,10.08425,14.169,39.58819,132.42732
mp-27979,LaI3,Orthorhombic,41.3923,5.2114,3.843,9.7151,83.41254
mp-1064719,LaNi,Orthorhombic,22.65994,7.24011,14.716,41.14594,170.24865
mp-7083,LaSi,Orthorhombic,25.7299,5.38858,45.062,109.86116,322.30599
mp-1025390,LaSi2Ag,Orthorhombic,20.43115,6.15545,55.061,136.55128,361.68068
mp-4283,LaSi2Pt,Orthorhombic,19.65119,8.24221,61.786,157.67787,336.87736
mp-8215,LaYbS3,Orthorhombic,23.68525,5.72283,19.623,52.58964,217.72607
mp-29210,Li2Ga,Orthorhombic,15.0553,3.07377,27.31,64.28774,397.93422
mp-31324,Li2In,Orthorhombic,18.41109,3.86925,23.649,55.52785,308.80423
mp-9318,KZrCuSe3,Orthorhombic,24.93567,4.7808,18.801,46.77689,224.4603
mp-7077,KAuS,Orthorhombic,27.68929,5.35996,6.053,15.72569,118.29788
mp-9881,KAuSe,Orthorhombic,30.06935,5.79894,5.715,15.01902,107.76432
mp-3982,KCuO2,Orthorhombic,17.23388,3.24332,17.182,44.15774,298.72261
mp-9172,Li4TiO4,Orthorhombic,9.81556,2.62462,43.617,110.69995,635.81873
mp-1029424,LiTi2N3,Orthorhombic,11.16007,3.58827,71.603,182.44444,664.30092
mp-1029338,LiV2N3,Orthorhombic,10.05651,4.15125,66.596,173.68237,619.39632
mp-1025105,LuAlGe,Orthorhombic,19.09045,7.96148,58.396,142.36945,335.11492
mp-567229,LuAlSi,Orthorhombic,18.41306,6.91503,65.957,160.1436,386.15862
mp-1025552,LuGa2Ni,Orthorhombic,16.68866,9.28112,57.495,145.57734,322.76664
mp-1001612,LuSi,Orthorhombic,19.95208,8.44966,67.15,163.7117,343.12606
mp-973633,LuSi2Ni,Orthorhombic,15.4072,7.80927,63.787,164.18774,382.76534
mp-7572,MgSO4,Orthorhombic,10.95842,3.0399,48.378,118.62286,596.79362
mp-864941,MgSc2,Orthorhombic,23.96028,2.63855,25.681,65.58927,358.46704
mp-12630,MgSeO4,Orthorhombic,12.05311,3.84059,39.538,97.50071,465.95966
mp-28232,MgTi2O5,Orthorhombic,11.38034,3.64848,72.047,188.33086,660.38933
mp-15685,Na2CuAs,Orthorhombic,20.5663,3.7231,18.43,46.36988,270.55523
mp-7639,Na2CuP,Orthorhombic,19.3222,3.01861,20.74,51.85,324.68605
mp-13520,Na2ZnGe,Orthorhombic,22.80253,3.35036,15.794,38.60054,254.05393
mp-3521,NaBF4,Orthorhombic,11.4036,2.66462,12.385,32.37439,323.8999
mp-23918,NaGaH4,Orthorhombic,12.8741,2.07973,8.089,20.35192,281.10452
mp-255,NaHg,Orthorhombic,24.96464,7.43578,6.751,17.91715,110.01376
mp-2580,NbB,Orthorhombic,11.54513,7.45885,198.028,475.2672,749.65872
mp-27975,NdBr3,Orthorhombic,31.31393,5.09015,5.38,13.64368,110.20433
mp-5170,NdCoSi2,Orthorhombic,17.13056,6.28489,62.859,160.54189,407.53174
mp-4196,NdFeSi2,Orthorhombic,17.25397,6.16563,81.325,196.8065,463.18533
mp-1448,NdGa,Orthorhombic,26.39278,6.73096,18.258,50.64769,186.31002
mp-663,NdGe,Orthorhombic,25.17878,7.15168,47.984,117.5608,291.76153
mp-9527,NdMnSi2,Orthorhombic,17.85509,5.93697,74.2,180.7512,445.4733
mp-5215,NdNiGe2,Orthorhombic,18.52778,7.80214,47.553,123.25738,311.26675
mp-999336,NdPd,Orthorhombic,24.30806,8.56165,25.201,67.89149,198.74424
mp-558378,Pd3S,Orthorhombic,15.81073,9.22457,39.33,105.7977,276.33241
mp-1025554,PrSi2Ag,Orthorhombic,19.91827,6.35568,56.773,141.02413,364.64678
mp-5493,PrSi2Ni,Orthorhombic,17.45471,6.08316,68.41,168.9727,427.32297
mp-7472,RbAuO2,Orthorhombic,21.65911,6.02666,12.606,32.90166,174.494
mp-9010,RbAuS,Orthorhombic,30.32391,5.74067,6.133,15.81087,111.43024
mp-9731,RbAuSe,Orthorhombic,32.99598,6.06245,5.168,13.3231,96.83595
mp-27360,ReBiO4,Orthorhombic,13.37079,9.50448,63.278,164.39624,363.49372
mp-23138,SbPbClO2,Orthorhombic,18.92543,6.95633,21.923,56.82442,222.7744
mp-12781,ScAl2Ni,Orthorhombic,15.77405,4.14798,65.059,159.0042,521.81993
mp-11411,ScGa,Orthorhombic,19.9652,4.76902,43.659,110.108,369.95782
mp-11401,ScGa2Ni,Orthorhombic,15.3099,6.59164,60.478,151.43691,405.25099
mp-9970,ScGe,Orthorhombic,19.11287,5.10841,57.039,141.11449,413.37455
mp-7276,ScUS3,Orthorhombic,21.1811,5.94533,39.135,100.89003,307.06161
mp-27976,SmBr3,Orthorhombic,30.61769,5.28885,5.194,13.31742,107.29974
mp-999145,SmNi,Orthorhombic,20.77972,8.35289,23.373,63.15385,204.53317
mp-980760,SmNiGe2,Orthorhombic,18.10234,8.12581,44.624,116.55789,298.27346
mp-31380,SmPd,Orthorhombic,23.43472,9.09747,26.496,71.22125,200.10148
mp-1025420,SmSi2Ni,Orthorhombic,16.74899,6.57376,68.458,167.58518,416.52528
mp-9399,SmTe3,Orthorhombic,31.72321,6.97701,12.107,30.70335,138.6416
mp-2661,SrSi,Orthorhombic,27.71001,3.46686,30.984,75.35309,325.40784
mp-1698,SrSn,Orthorhombic,34.96226,4.89984,21.427,52.75327,211.35305
mp-27488,Ta3N5,Orthorhombic,12.8503,9.89964,98.734,260.65776,450.63836
mp-5821,TaAgS3,Orthorhombic,18.60997,6.87079,36.596,95.73514,290.84547
mp-1097,TaB,Orthorhombic,11.25875,14.14113,212.507,510.86683,569.79045
mp-14815,TaTe5Pt,Orthorhombic,29.50223,8.15357,12.991,32.29563,135.48927
mp-16516,TbAl2Ni,Orthorhombic,17.79189,6.33677,55.21,137.69374,374.55068
mp-4969,TbCoSi2,Orthorhombic,16.13976,7.04838,61.752,159.19666,390.01338
mp-1405,TbGe,Orthorhombic,22.80367,8.43117,53.889,132.24361,294.73718
mp-4288,TbNiGe2,Orthorhombic,17.58682,8.56618,42.414,110.8702,286.1452
mp-1072922,TbSn2,Orthorhombic,26.37591,8.31753,38.323,94.8111,238.4699
mp-613,Te2Pd3,Orthorhombic,19.86078,9.606,25.081,69.77534,201.46234
mp-30564,ThCo,Orthorhombic,20.39019,11.84808,22.233,62.16347,169.42681
mp-1025413,ThSi2Ni,Orthorhombic,17.32867,8.31058,76.034,191.45361,387.39846
mp-30872,ThSn2,Orthorhombic,28.60178,9.08514,40.547,102.34063,228.65328
mp-1014227,Ti2ZnN,Orthorhombic,12.63435,5.755,95.909,236.51159,579.87161
mp-1014257,Ti3ZnN,Orthorhombic,13.55074,5.4658,94.61,233.30826,577.1749
mp-30598,SrCuSn2,Orthorhombic,25.50464,6.32495,24.239,62.19727,221.70298
mp-20497,SrIn2Ir,Orthorhombic,24.34565,8.68738,26.933,70.0258,202.70994
mp-21024,SrIn2Pd,Orthorhombic,24.78913,7.09515,23.163,59.80687,206.65903
mp-20533,SrIn2Pt,Orthorhombic,24.63634,8.63319,26.311,68.14549,200.1915
mp-19991,SrIn4Pd,Orthorhombic,24.76119,7.30209,24.856,63.58165,211.10878
mp-21124,SrIn4Pt,Orthorhombic,24.69369,8.31575,26.341,67.69637,203.89264
mp-13513,SrNiGe2,Orthorhombic,19.72747,6.13614,37.748,95.27595,305.3188
mp-862750,SrNiSn2,Orthorhombic,24.40494,6.52741,27.429,70.98625,235.82677
mp-16517,TmAl2Ni,Orthorhombic,17.0303,6.86412,59.378,148.80127,379.22105
mp-571506,TmAlSi,Orthorhombic,18.77304,6.60456,65.876,159.68342,392.04857
mp-1017507,TmAu,Orthorhombic,22.55639,13.4683,18.132,50.84213,139.12401
mp-30502,TmCd3,Orthorhombic,22.70746,9.25368,29.664,75.88051,210.95054
mp-1025504,TmGa2Ni,Orthorhombic,16.44039,9.26894,56.193,141.94352,322.32561
mp-11392,TmGa2Pd,Orthorhombic,17.80347,9.67216,49.426,127.42023,288.92114
mp-11486,Y2(Al3Co)3,Orthorhombic,15.83822,4.47417,76.465,185.19823,541.77464
mp-13094,YAl2Ni,Orthorhombic,17.70751,4.72543,57.961,144.20697,444.86655
mp-3602,YAl4Ni,Orthorhombic,16.99663,4.16073,59.11,146.23814,485.49034
mp-29736,YAlGe,Orthorhombic,20.24513,5.15444,56.76,138.04032,401.96496
mp-11444,YGa2Ni,Orthorhombic,17.0935,6.97121,51.773,130.57151,351.69736
mp-9971,YGe,Orthorhombic,22.7033,5.9078,54.513,132.68464,354.00106
mp-22056,YIn2Ni,Orthorhombic,20.64269,7.58639,40.977,105.88457,282.55386
mp-12782,YbAl2Ni,Orthorhombic,16.8651,7.03242,42.116,103.52113,318.2771
mp-1078497,YbGa2Ni,Orthorhombic,16.27882,9.46564,36.326,92.84926,258.96145
mp-1025393,TmSi2Ni,Orthorhombic,15.64087,7.53249,64.624,163.75722,389.13449
mp-1077102,TmSn2,Orthorhombic,25.43289,8.84376,37.017,92.5425,230.54607
mp-44,U,Orthorhombic,19.65108,20.11372,113.597,271.26964,290.15531
mp-9208,V2B3,Orthorhombic,8.25592,5.40308,240.168,560.07178,1082.3994
mp-9973,VB,Orthorhombic,8.99659,5.69896,231.992,540.54136,1006.6157
mp-10057,VCoB3,Orthorhombic,7.71749,6.12395,203.341,496.55872,963.29701
mp-10651,YbSi,Orthorhombic,20.21943,8.25881,38.258,93.42604,266.68643
mp-31205,Zr3Fe,Orthorhombic,19.95739,6.8543,37.707,100.7531,289.23318
mp-30933,ZrBi,Orthorhombic,25.42106,9.80489,48.372,121.51046,250.23595
mp-2430,ZrGe2,Orthorhombic,18.25419,7.1714,71.611,176.01984,396.8772
mp-568992,ZrIr,Orthorhombic,18.32614,12.84135,55.113,150.45849,264.43589
mp-556,ZrNi,Orthorhombic,16.53393,7.52827,38.253,105.11924,298.34636
mp-29658,ZrNiH3,Orthorhombic,7.88358,6.44288,69.397,182.7917,551.51275
mp-13495,ZrPd,Orthorhombic,19.05138,8.61344,36.61,100.89716,260.15165
mp-10638,ZrSb,Orthorhombic,23.76581,7.4407,58.065,144.46572,321.17043
mp-11322,ZrSi,Orthorhombic,17.61709,5.6229,93.649,230.37654,518.07422
mp-1515,ZrSi2,Orthorhombic,16.76766,4.86562,96.722,230.97214,572.77071
mp-605,ZrTe5,Orthorhombic,35.71901,5.65014,6.693,16.89313,110.09396
mp-13453,BePd3,Orthorhombic,4.34106,10.37901,35.489,99.08529,265.23098
mp-1563,CaSi,Orthorhombic,8.68212,2.38056,38.383,92.96363,459.65946
mp-11957,CaSn2Ir,Orthorhombic,4.34106,8.72138,38.941,99.68896,249.6544
mp-11958,CaSn2Pd,Orthorhombic,4.34106,6.82164,22.729,60.41368,213.92082
mp-11959,CaSn2Rh,Orthorhombic,4.34106,7.07883,32.392,83.70093,253.47007
mp-30483,CaZn,Orthorhombic,8.68212,3.34406,14.606,38.03402,234.88555
mp-12723,CaAu,Orthorhombic,8.68212,7.78371,18.66,49.449,176.72764
mp-13450,HfSb,Orthorhombic,8.68212,10.89767,59.904,149.99962,273.58787
mp-3034,MgAl2Cu,Orthorhombic,4.34106,3.64111,48.745,120.49764,479.78067
mp-173,MnAl6,Orthorhombic,2.48061,3.45185,69.344,172.11181,604.36189
mp-9969,ScSi,Orthorhombic,8.68212,3.34329,70.078,170.85016,574.05502
mp-13572,ScSiPt2,Orthorhombic,4.34106,12.07967,72.253,190.3144,324.978
mp-30840,Ti2Pd3,Orthorhombic,3.47285,8.9171,41.93,115.39136,293.44574
mp-30849,TaPt2,Orthorhombic,5.78808,19.56657,75.583,205.52529,261.44398
mp-2327,TiZn16,Orthorhombic,1.02143,7.37076,24.042,65.49041,250.34692
mp-11228,YAl,Orthorhombic,8.68212,3.8576,28.791,73.2443,309.52213
mp-16493,YAl2Co,Orthorhombic,4.34106,4.75714,44.624,115.48691,392.00978
mp-31080,YAlSi,Orthorhombic,5.78808,4.07342,63.155,152.8351,481.5627
mp-2349,YCd3,Orthorhombic,4.34106,7.59966,25.172,65.59823,213.23015
mp-9972,YSi,Orthorhombic,8.68212,4.47469,65.637,158.18517,451.67001
mp-13010,YSn2,Orthorhombic,5.78808,6.85053,37.676,93.28578,260.49369
mp-64,Ce,Orthorhombic,25.38059,9.16717,32.576,78.44301,211.8237
mp-23154,Br,Orthorhombic,39.34151,3.37261,2.895,7.03485,89.89944
mp-23153,I,Orthorhombic,51.71684,4.07468,3.174,7.81439,78.14393
mp-1023132,K2Cu(ClF)2,Orthorhombic,21.42856,2.77471,10.273,26.13451,229.73943
mp-3582,Mg(BC)2,Orthorhombic,9.50219,2.44474,104.546,256.97407,1020.36457
mp-9719,Na2LiAlP2,Orthorhombic,19.14967,2.05005,27.656,67.48064,452.28706
mp-2456335,PbBr2,Orthorhombic,42.37426,4.79404,1.297,3.54081,50.0423
mp-571638,Rb2Cu(BrCl)2,Orthorhombic,31.6564,3.48598,6.631,16.81622,145.11746
mp-17123,Si2Os,Orthorhombic,14.13943,9.6458,120.912,302.76365,485.43584
mp-637255,Ti2Sn3,Orthorhombic,20.98283,7.15192,48.891,123.59645,314.67441
mp-1714,FeSi2,Orthorhombic,5.78808,5.08309,128.034,311.12262,720.77501
mp-142,Ga,Orthorhombic,17.36424,6.03776,30.01,75.025,278.05498
mp-2672,K2O2,Orthorhombic,8.68212,2.43465,16.455,42.22353,327.2489
mp-569815,Si2Ru,Orthorhombic,5.78808,6.23959,108.94,272.78576,575.6826
mp-1008394,Cl2,Orthorhombic,28.17099,2.08978,1.254,3.15005,87.68278
mp-760482,F2,Orthorhombic,23.60796,1.33631,1.552,3.89862,117.54126
mp-1079020,Ge,Orthorhombic,18.6954,6.45194,17.699,48.49526,211.35939
mp-1546032,Hg,Orthorhombic,28.53945,11.67113,3.265,8.32575,59.00213
mp-157,P,Orthorhombic,20.45767,2.51413,12.609,31.44685,272.55242
mp-7692,Al(CrB)2,Orthorhombic,9.2951,5.45215,178.062,423.43144,895.36126
mp-3805,Al(FeB)2,Orthorhombic,9.03823,5.88995,133.097,333.27489,756.43506
mp-676861,AlSbO4,Orthorhombic,10.16896,5.78987,120.349,300.15041,699.59922
mp-755287,Ca3CdO4,Orthorhombic,13.6477,4.51163,63.525,159.70185,521.54933
mp-760403,CaCd3O4,Orthorhombic,13.29748,6.88862,49.517,130.62585,379.38508
mp-8212,Cd(PtO2)3,Orthorhombic,11.8244,11.14562,71.033,189.80018,372.26776
mp-27861,Ce(Re2Si)2,Orthorhombic,16.87683,13.22827,97.153,246.57431,350.3119
mp-569496,Ce(SiAu2)2,Orthorhombic,18.79486,12.42152,27.788,75.97239,189.12175
mp-6205,Ba2Ho(CuO2)4,Orthorhombic,13.83554,6.5752,39.752,105.81982,342.29191
mp-6779,Ba2Pr(CuO2)4,Orthorhombic,14.29348,6.17848,40.374,107.07185,351.77214
mp-4071,Er2(NiB2)3,Orthorhombic,10.24825,8.47666,139.105,336.91231,615.46704
mp-2224869,CuTeO4,Orthorhombic,12.88845,5.47875,37.194,94.2496,368.04839
mp-865166,HfPd5,Orthorhombic,15.56565,12.63426,68.884,181.71599,313.24704
mp-3398,Ho2Ni2Pb,Orthorhombic,20.31163,10.70062,28.014,74.74135,199.03835
mp-754534,Li2CeO3,Orthorhombic,12.51157,4.46817,38.795,102.49639,425.08909
mp-8771,Lu2(NiB2)3,Orthorhombic,10.03842,8.88567,141.073,343.37168,610.0835
mp-8208,Mg(PtO2)3,Orthorhombic,11.26322,10.40199,69.992,186.73866,388.60515
mp-7892,Mn2AlB2,Orthorhombic,8.90645,5.90946,155.272,370.16845,814.77135
mp-643273,NaH2Pd3,Orthorhombic,11.42622,8.33852,34.066,92.52326,302.33133
mp-1070857,NdSiNi4,Orthorhombic,13.78948,8.17057,62.88,167.63808,388.40163
mp-12701,NdSn2,Orthorhombic,27.994,7.54644,31.099,78.55607,221.53725
mp-571035,OsCl4,Orthorhombic,25.15401,4.38394,3.473,8.70334,103.60865
mp-1025309,Pr(Re2Si)2,Orthorhombic,17.39302,12.84647,103.392,256.82573,361.62735
mp-1025069,PrSn2,Orthorhombic,28.49338,7.3494,30.622,77.22868,221.34281
mp-31144,Rb3Au7,Orthorhombic,27.65311,9.81901,14.575,39.49825,135.98973
mp-980004,SmGa2Co,Orthorhombic,18.39002,7.87241,39.1,102.9894,282.34958
mp-753747,Ta3O7F,Orthorhombic,12.09942,8.40712,118.214,303.57355,544.19811
mp-28629,Ta5B6,Orthorhombic,10.66625,13.7227,204.868,497.82924,579.0787
mp-570272,Tb2Mg3Ni2,Orthorhombic,21.34279,5.64799,23.537,60.81961,245.47501
mp-1070859,TbSiNi4,Orthorhombic,13.29166,8.78232,72.048,186.60432,404.02994
mp-16371,ThGe2,Orthorhombic,23.49594,8.88879,48.812,123.59198,271.21305
mp-569523,Y2InNi2,Orthorhombic,20.30542,6.70608,40.912,104.3256,301.33056
mp-14344,Yb2(NiB2)3,Orthorhombic,10.10525,8.76933,119.842,290.01764,565.5875
mp-545598,UCdO4,Orthorhombic,14.30796,8.01639,40.843,109.54093,312.59741
mp-1102585,UReB4,Orthorhombic,10.34276,12.50905,213.715,509.92399,622.42683
mp-1206441,V5B6,Orthorhombic,8.65912,5.57126,232.744,545.55194,1033.50716
mp-8207,Zn(PtO2)3,Orthorhombic,11.28181,10.98985,63.614,172.01226,361.22846
mp-16514,Al3Ni5,Orthorhombic,2.17053,6.87962,75.145,196.8799,493.63193
mp-30767,Li7Sn2,Orthorhombic,1.92936,3.00712,22.949,53.97605,349.41167
mp-569250,VIr,Orthorhombic,8.68212,14.80903,117.569,308.26592,393.92018
mp-1008374,C,Orthorhombic,6.51121,3.06306,215.557,525.52797,1482.9243
mp-6174,Mg2Al4Si5O18,Orthorhombic,13.81359,2.42474,50.367,132.96888,633.15778
mp-14336,Cs2Ni3Se4,Orthorhombic,26.895,5.19817,4.317,11.67317,102.81226
mp-510268,Cs2Pd3S4,Orthorhombic,27.13108,4.85099,6.469,17.42749,129.54295
mp-11694,Cs2Pd3Se4,Orthorhombic,29.63463,5.60905,5.749,15.29234,110.12838
mp-13992,Cs2Pt3S4,Orthorhombic,27.40133,6.59418,6.76,18.252,113.33551
mp-14338,Cs2Pt3Se4,Orthorhombic,30.02612,7.17038,6.519,17.10586,103.06129
mp-29752,NiGePt2,Orthorhombic,13.87613,15.60185,57.888,158.03424,270.282
mp-15556,Rb2As3,Orthorhombic,35.72105,3.67893,6.537,16.55168,135.05249
mp-2079,Rb2P3,Orthorhombic,32.10464,2.72948,8.536,21.44243,185.03653
mp-11695,Rb2Pd3S4,Orthorhombic,24.97473,4.56893,7.235,19.23063,144.84712
mp-4030,Rb2Pt3S4,Orthorhombic,25.35699,6.43548,8.082,21.62743,128.49686
mp-937760,C,Orthorhombic,9.1494,2.17984,91.861,219.18035,1043.18071
mp-5625,Ag2SO4,Orthorhombic,13.62814,5.42737,11.243,31.27803,205.04758
mp-1190619,Ca(BH4)2,Orthorhombic,9.87526,1.06644,4.36,12.19056,317.48209
mp-8431,Ca(BRh)2,Orthorhombic,14.40336,6.16818,52.405,140.96945,402.05329
mp-27175,InOF,Orthorhombic,12.67008,6.54495,57.034,149.99942,424.66194
mp-569857,K2P3,Orthorhombic,28.73908,1.97743,9.422,23.68691,237.10039
mp-3348,LiBIr,Orthorhombic,12.30463,9.44527,69.518,182.6933,392.60609
mp-2481,Mg2Cu,Orthorhombic,17.65983,3.51531,30.526,77.59709,376.94916
mp-4770,Na2SO4,Orthorhombic,12.303,2.73878,21.97,56.2432,411.3674
mp-5141,Na2SeO4,Orthorhombic,13.67958,3.27639,21.775,54.7859,360.53038
mp-23850,NaH2N,Orthorhombic,11.14191,1.45356,10.054,23.98884,395.29699
mp-401,Sc2S3,Orthorhombic,21.43139,2.88397,37.408,91.79923,427.74501
mp-6939,Sr(BIr)2,Orthorhombic,15.3732,10.6649,67.481,178.2848,338.09261
mp-14622,Y(BIr)2,Orthorhombic,14.62888,11.23673,43.85,122.4292,272.68295
mp-755328,ZrSn2,Orthorhombic,22.83381,7.96664,53.789,133.93461,303.32341
mp-10910,Al2Ru,Orthorhombic,5.78808,6.24565,103.353,256.93556,563.17348
mp-1046,NbSn2,Orthorhombic,5.78808,8.07206,47.291,122.01078,284.67903
mp-571420,Ba(NiP2)2,Orthorhombic,17.61634,5.09831,49.484,126.1842,398.20044
mp-30472,Ca2GaCu2,Orthorhombic,20.50711,4.48548,25.146,65.22872,289.04292
mp-10670,Ca3(AlGe)2,Orthorhombic,24.84077,3.05088,34.119,82.02208,377.50588
mp-4817,CeAl5Ni2,Orthorhombic,16.5753,4.91404,61.918,153.18513,460.25465
mp-8790,Ba2CuO3,Orthorhombic,17.28118,6.18493,39.302,100.77033,324.84195
mp-29352,Ba2PdO3,Orthorhombic,17.78867,6.67551,44.286,113.37216,328.58432
mp-10669,Ba3(AlGe)2,Orthorhombic,32.29036,4.49033,21.056,52.13466,224.77133
mp-9578,Ba3(AlSi)2,Orthorhombic,31.83124,3.89102,21.934,54.44019,247.28407
mp-7377,Ba3(AlSn)2,Orthorhombic,36.25355,4.60236,20.566,50.63349,210.82804
mp-7573,Co(BW)2,Orthorhombic,10.18591,14.61454,208.11,517.36146,576.81942
mp-1025246,Er2B4C,Orthorhombic,11.27129,8.2033,137.312,323.50707,598.87975
mp-13431,Dy2AlCo2,Orthorhombic,18.02212,8.65826,30.594,81.74717,240.43722
mp-568541,Dy2B4C,Orthorhombic,11.58817,7.78414,132.338,312.84703,597.98696
mp-10076,Hf3(NiGe)4,Orthorhombic,14.62128,10.95232,87.552,221.68166,384.75945
mp-38818,HfNbB4,Orthorhombic,9.5853,9.08462,221.748,521.5513,763.41216
mp-10528,Ho2AlSi2,Orthorhombic,19.8779,6.90037,54.353,135.33897,342.96269
mp-1025183,Ho2B4C,Orthorhombic,11.43089,7.99212,135.007,318.61652,598.76738
mp-12414,K(USe3)2,Orthorhombic,27.75578,6.57374,22.025,54.93035,199.7238
mp-8700,K2Au3,Orthorhombic,27.0256,8.22228,14.542,38.07096,148.84902
mp-540584,K2PdO2,Orthorhombic,16.14661,4.4554,17.436,47.25156,264.40576
mp-7928,K2PtS2,Orthorhombic,24.1758,4.63508,17.968,46.03402,227.23069
mp-8621,K2PtSe2,Orthorhombic,27.04465,5.29514,14.58,37.29564,184.59379
mp-8623,K2Te2Pt,Orthorhombic,32.66062,5.37383,10.459,27.17248,145.90771
mp-7608,Li2PdO2,Orthorhombic,10.26539,4.92726,43.646,112.95585,458.97016
mp-8267,KPS3,Orthorhombic,26.43181,2.0891,4.41,11.57184,164.37934
mp-29025,Li5Br2N,Orthorhombic,17.01087,2.54437,16.903,41.81802,332.80078
mp-1378,LiC,Orthorhombic,11.49208,1.3692,30.156,72.55534,687.28062
mp-27562,Na2Pd3O4,Orthorhombic,12.16938,6.50782,34.888,93.22074,339.16766
mp-22313,Na2PtO2,Orthorhombic,13.48713,6.7239,27.803,74.1228,287.59846
mp-10255,Nb3B4,Orthorhombic,10.5812,7.21809,196.187,475.40034,781.90321
mp-1018151,NbPd2,Orthorhombic,15.7336,10.75626,76.958,203.9387,357.28637
mp-9999,Ni(BMo)2,Orthorhombic,10.22414,8.84165,179.014,449.89798,688.0032
mp-29133,OsCl2O,Orthorhombic,19.19941,5.9923,22.51,56.00488,243.5017
mp-975640,Pr3(CuSn)4,Orthorhombic,22.15933,7.84616,48.022,119.95896,291.90397
mp-9523,Rb(ThSe3)2,Orthorhombic,30.06992,6.27883,19.856,50.39453,189.94522
mp-8622,Rb2PtSe2,Orthorhombic,29.50277,5.8979,13.652,35.08564,164.43768
mp-510076,Rb7Au5O2,Orthorhombic,31.42949,6.09516,7.755,19.75974,119.8461
mp-556953,RbPS3,Orthorhombic,28.24684,2.50004,3.385,8.99056,129.21628
mp-28683,Ta(ICl)2,Orthorhombic,32.33605,5.19342,2.594,6.3968,74.98817
mp-10142,Ta3B4,Orthorhombic,10.34082,13.44494,209.478,507.77467,597.42996
mp-1025379,Tb2B4C,Orthorhombic,11.756,7.52876,128.824,304.79758,597.02914
mp-13535,Tb2ZnNi2,Orthorhombic,18.17288,9.14927,31.218,81.60385,235.02606
mp-20054,TbGe2Pt,Orthorhombic,19.32791,10.72399,52.781,136.70279,275.84675
mp-3923,Th2MnN3,Orthorhombic,14.56131,10.66318,101.138,259.31783,418.09939
mp-1025170,Ti3B4,Orthorhombic,9.70037,4.56924,217.798,493.96586,1057.74049
mp-5456,Sr2CuO3,Orthorhombic,14.52232,5.46534,53.877,136.30881,428.07631
mp-4359,Sr2PdO3,Orthorhombic,15.1353,6.02797,55.987,141.08724,409.68456
mp-10671,Sr3(AlGe)2,Orthorhombic,28.31501,3.87145,29.986,72.08634,300.80814
mp-7068,Sr3(AlSi)2,Orthorhombic,27.95472,3.16518,31.93,76.82358,344.23611
mp-7376,Sr3(AlSn)2,Orthorhombic,31.91585,4.1195,25.252,61.46337,257.41597
mp-8249,TlPS3,Orthorhombic,25.52443,4.31395,5.047,13.09192,123.66303
mp-1087505,U(FeB3)2,Orthorhombic,8.69279,8.79956,194.582,441.31198,746.87769
mp-569270,V3B4,Orthorhombic,8.46305,5.49581,233.825,548.0858,1050.97821
mp-11531,VNi2,Orthorhombic,11.11468,8.38278,85.56,228.27408,480.87039
mp-10244,Zr3(CuSi)4,Orthorhombic,14.84169,6.5116,84.654,213.32808,487.32417
mp-952,MoPt2,Orthorhombic,5.78808,17.76605,138.285,354.70103,375.54286
mp-11514,NbPt2,Orthorhombic,5.78808,16.75325,110.128,286.77331,339.67717
mp-5075,Sc3CoC4,Orthorhombic,2.17053,4.52674,121.093,295.95129,764.97943
mp-3155,Sc3FeC4,Orthorhombic,2.17053,4.40797,121.834,296.54396,772.06536
mp-30835,TaPd2,Orthorhombic,5.78808,13.97638,73.846,197.75959,308.74559
mp-11549,VPd2,Orthorhombic,5.78808,10.30233,78.469,207.15816,381.90983
mp-12108,VPt2,Orthorhombic,5.78808,16.90028,114.484,297.42943,356.65361
mp-10527,Y2AlSi2,Orthorhombic,3.47285,4.2686,53.174,131.97787,427.79131
mp-30139,BeBr2,Orthorhombic,28.09149,3.32642,1.835,4.48107,83.75271
mp-2884,Cs2Mn3S4,Orthorhombic,27.80927,3.708,11.784,30.47342,196.03281
mp-8932,Cs2SiP2,Orthorhombic,33.45562,3.5324,8.595,21.71097,161.02724
mp-9069,K2NaAlAs2,Orthorhombic,27.16891,2.83196,14.515,35.73593,249.66931
mp-9068,K2NaAlP2,Orthorhombic,25.19135,2.08864,16.531,40.60014,317.71402
mp-8187,K2ZnO2,Orthorhombic,16.7762,3.47633,9.082,25.41144,214.52466
mp-15999,Li3AuS2,Orthorhombic,16.9558,4.60156,20.397,52.3387,273.31091
mp-27227,LiAg3O2,Orthorhombic,13.96506,7.18482,19.457,53.19544,231.24389
mp-3527,Na3AgO2,Orthorhombic,14.33543,4.03174,27.831,70.41243,361.69066
mp-8543,Na3AlAs2,Orthorhombic,24.0725,2.82584,12.749,32.35696,245.0881
mp-5122,Na3AlP2,Orthorhombic,22.22198,1.96649,15.648,39.65203,333.90264
mp-6960,Rb2SiAs2,Orthorhombic,32.53648,3.56094,9.887,25.03388,173.79279
mp-1602,SiS2,Orthorhombic,26.10856,1.95501,4.007,9.85722,165.28509
mp-15659,Sb2Pt3,Orthorhombic,3.47285,14.27235,20.292,57.99454,151.05545
mp-30851,Ti3Pt5,Orthorhombic,2.17053,15.0729,73.603,196.96163,297.69543
mp-1077723,Zr,Orthorhombic,23.44414,6.46136,28.123,76.32582,244.47585
mp-2923,Ca2Os2O7,Orthorhombic,12.3861,6.97882,79.679,204.45631,486.22486
mp-13270,CaAg2,Orthorhombic,23.06702,6.13849,15.092,41.02006,185.73127
mp-11266,BaCd2,Orthorhombic,32.00824,6.26258,7.81,21.33692,118.60059
mp-30435,BaZn2,Orthorhombic,26.04323,5.69905,7.882,21.58092,133.93379
mp-13475,CeSi2Ir3,Orthorhombic,16.38241,13.05764,103.095,263.09844,367.62549
mp-1385,CeZn2,Orthorhombic,21.34466,7.0259,24.161,62.3837,221.47112
mp-570093,DyZn2,Orthorhombic,19.53071,8.31282,38.077,95.80173,264.27903
mp-1024991,ErCu2,Orthorhombic,16.98751,9.591,24.491,67.15432,209.92777
mp-8535,ErSi2Rh3,Orthorhombic,15.58442,9.45014,93.249,236.85246,418.42975
mp-1025096,ErZn2,Orthorhombic,19.07671,8.64874,42.435,105.91776,275.45061
mp-30717,KHg2,Orthorhombic,31.76317,7.6724,4.929,12.98299,85.49704
mp-8204,LiAlB14,Orthorhombic,7.6402,2.51678,188.166,426.76049,1435.14257
mp-568803,Mg(B6C)2,Orthorhombic,7.25317,2.71764,213.484,488.02442,1497.65431
mp-978275,MgB7,Orthorhombic,7.87203,2.6363,183.073,411.91425,1368.13307
mp-6319,Na2MgAlF7,Orthorhombic,12.25213,2.83696,40.586,100.57211,541.23316
mp-30800,NdZn2,Orthorhombic,21.10841,7.21273,23.092,61.00906,216.82079
mp-9827,RbHg2,Orthorhombic,35.13003,7.66768,4.682,12.26684,80.50492
mp-11412,ScGa2,Orthorhombic,17.51682,5.82691,49.437,122.99926,372.73808
mp-569128,SiB3,Orthorhombic,10.17583,2.46892,129.394,304.33469,1096.7477
mp-569426,SrZn2,Orthorhombic,23.39092,5.16903,14.647,38.5802,197.38536
mp-1527,TbCu2,Orthorhombic,17.57381,9.00854,22.729,62.55021,206.35169
mp-2338,TbZn2,Orthorhombic,19.70351,8.1395,35.596,90.48503,257.95457
mp-30356,SrAg2,Orthorhombic,25.61544,6.5551,17.609,46.13558,186.24058
mp-22318,SrAl2,Orthorhombic,25.09172,3.12326,33.57,80.63514,368.40972
mp-1956,TmGa2,Orthorhombic,19.29267,8.84753,50.722,124.47179,295.74655
mp-567538,YbCu2,Orthorhombic,16.66439,9.96898,29.254,76.46996,225.25708
mp-569406,TmZn2,Orthorhombic,18.86769,8.7937,43.099,107.5751,276.28304
mp-567695,UMn2,Orthorhombic,14.2746,13.49039,34.896,98.47651,223.78663
mp-657,YbZn2,Orthorhombic,18.66242,9.01219,21.379,55.71367,196.35979
mp-1725,CaZn2,Orthorhombic,5.78808,4.57293,23.828,60.7614,277.26601
mp-443,CaAu2,Orthorhombic,5.78808,10.70009,15.106,42.08532,142.59783
mp-1444,CaCd2,Orthorhombic,5.78808,5.60089,15.863,41.46588,189.37146
mp-2698,YCu2,Orthorhombic,5.78808,6.77526,20.657,57.30252,226.72896
mp-23485,Ag2HgI4,Tetragonal,38.1053,5.7519,5.389,13.86051,96.3778
mp-5928,Al2CdS4,Tetragonal,22.70198,3.07872,22.514,56.51014,317.25327
mp-3159,Al2CdSe4,Tetragonal,26.03106,4.3944,19.435,48.47089,235.68471
mp-7909,Al2CdTe4,Tetragonal,33.09148,4.85153,15.84,39.34656,186.50639
mp-7906,Al2HgS4,Tetragonal,22.75334,3.9911,22.148,55.50289,276.19058
mp-3038,Al2HgSe4,Tetragonal,26.17204,5.16997,19.26,47.99592,215.84629
mp-7910,Al2HgTe4,Tetragonal,32.97284,5.50338,15.86,39.30108,175.47641
mp-7907,Al2ZnSe4,Tetragonal,24.14902,4.27516,24.465,60.08604,274.28184
mp-7908,Al2ZnTe4,Tetragonal,30.94787,4.82729,19.161,47.05942,210.0991
mp-3277,BAsO4,Tetragonal,11.45351,3.618,42.303,99.91969,501.57882
mp-3589,BPO4,Tetragonal,10.46222,2.79826,60.977,136.46653,701.61241
mp-4452,Cd(GaS2)2,Tetragonal,22.84939,3.94633,22.088,55.17582,277.05766
mp-3772,Cd(GaSe2)2,Tetragonal,26.08105,5.16348,18.984,47.38406,215.03661
mp-13949,Cd(GaTe2)2,Tetragonal,32.89858,5.49636,15.703,39.03766,174.9719
mp-22304,Cd(InSe2)2,Tetragonal,29.44944,5.29938,14.371,35.84127,177.2289
mp-21374,Cd(InTe2)2,Tetragonal,36.43817,5.5496,12.794,31.88265,151.92034
mp-5046,BeSO4,Tetragonal,11.63911,2.49848,34.279,78.97882,539.02065
mp-4809,Ga2HgS4,Tetragonal,22.91076,4.84877,22.015,54.86138,249.29899
mp-4730,Ga2HgSe4,Tetragonal,26.14978,5.94983,18.665,46.58784,198.52375
mp-16337,Ga2HgTe4,Tetragonal,32.75715,6.15866,15.716,39.00711,165.65746
mp-29403,GaCuI4,Tetragonal,37.98354,4.66964,4.898,12.37235,102.30717
mp-15964,Hf3Sb,Tetragonal,22.13405,12.32667,49.685,130.27407,238.76473
mp-20731,In2HgSe4,Tetragonal,29.46766,6.00596,13.929,34.8225,164.00858
mp-19765,In2HgTe4,Tetragonal,36.29947,6.14706,12.565,31.23659,143.27089
mp-20790,InPS4,Tetragonal,24.81753,3.05613,11.744,27.97421,222.61132
mp-23702,LiH2N,Tetragonal,7.76392,1.22786,21.892,52.40945,707.74958
mp-11175,LiZnPS4,Tetragonal,21.99856,2.49727,15.461,39.82754,294.91366
mp-20025,Mn(GaS2)2,Tetragonal,21.84719,3.50331,22.73,56.87046,302.25083
mp-20261,Mn(GaSe2)2,Tetragonal,25.18605,4.80565,19.199,48.15109,226.44054
mp-2831941,Na2CdSnS4,Tetragonal,27.76581,3.03033,9.886,26.73174,199.70755
mp-2296,Ni3P,Tetragonal,10.61609,8.0967,56.587,155.16155,406.17976
mp-10955,Sn(HgSe2)2,Tetragonal,29.09937,6.81292,13.331,33.72743,151.52527
mp-5350,Zn(GaS2)2,Tetragonal,20.96892,3.76851,29.034,70.72682,333.24699
mp-15776,Zn(GaSe2)2,Tetragonal,24.19882,5.10435,24.208,59.50326,249.82918
mp-15777,Zn(GaTe2)2,Tetragonal,30.80065,5.50874,19.075,47.11525,196.77917
mp-22607,Zn(InSe2)2,Tetragonal,27.40011,5.28881,17.561,43.5864,200.83947
mp-20832,Zn(InTe2)2,Tetragonal,34.41164,5.55241,14.549,36.08152,164.95439
mp-1793,Zr3Te,Tetragonal,22.9861,7.24707,37.599,100.84052,268.09448
mp-30673,Ti2Ga3,Tetragonal,15.49716,6.53414,70.461,173.6159,436.26172
mp-560340,La2Pd2O5,Tetragonal,14.03945,7.49937,49.329,131.11648,356.18885
mp-15922,Gd2ReO5,Tetragonal,13.13631,9.17573,59.655,156.17679,361.27138
mp-1106404,Nd(FeB)4,Tetragonal,10.53361,7.19664,121.151,306.26973,619.94157
mp-1105839,Sm(CoB)4,Tetragonal,10.19498,7.76995,115.136,290.60326,589.64703
mp-22447,Zr3P,Tetragonal,19.72368,6.41204,63.867,163.75499,387.9049
mp-27743,BiF5,Tetragonal,14.58163,5.76934,10.508,25.11412,186.94736
mp-12385,Ba2YTaO6,Tetragonal,15.55083,6.83939,80.852,202.45341,455.31311
mp-867568,CsTi6O12,Tetragonal,12.42026,4.30712,52.941,137.85836,505.61707
mp-2371,Ga2Te5,Tetragonal,32.70307,5.6394,13.907,31.06824,160.74374
mp-7714,Li4UO5,Tetragonal,9.84495,5.83241,52.804,131.37635,466.89073
mp-1743,Mo5As4,Tetragonal,16.96032,8.47862,85.16,215.4548,409.44655
mp-28698,Na4IrO4,Tetragonal,13.08789,4.90832,21.927,56.00156,300.54449
mp-5327,Na4UO5,Tetragonal,12.87166,5.28911,31.019,76.18266,344.19304
mp-13967,Nb5(CuSi)4,Tetragonal,14.39558,7.37408,99.478,252.07725,501.45944
mp-30797,Nb5Te4,Tetragonal,22.30663,8.06393,43.695,112.7331,274.70551
mp-30811,Ni4W,Tetragonal,11.36768,12.22984,97.776,256.36867,421.29605
mp-15318,Rb2NaHoF6,Tetragonal,18.10139,4.33767,17.647,45.21161,254.75511
mp-30354,ScAg4,Tetragonal,17.79324,8.89246,35.942,95.10253,258.32674
mp-11765,Ti5Se4,Tetragonal,18.26391,5.60845,47.028,118.98084,364.4546
mp-7498,Ti5Te4,Tetragonal,21.71196,6.37111,38.922,98.08344,293.14349
mp-12427,Sr2TaGaO6,Tetragonal,12.32709,7.03043,88.394,223.81361,510.51728
mp-1852,UF5,Tetragonal,15.36539,5.99827,11.448,27.10886,187.01719
mp-350,Zr5Te4,Tetragonal,25.4631,7.00336,35.885,91.65029,255.19716
mp-12565,MnAu4,Tetragonal,3.47285,16.39896,30.71,85.43522,179.63256
mp-274,Nb5Sb4,Tetragonal,1.92936,8.13064,54.863,138.47421,308.86051
mp-12635,TiAu4,Tetragonal,3.47285,16.32349,39.965,109.90375,205.37435
mp-2598,Ta5Sb4,Tetragonal,1.92936,12.16576,60.636,152.68145,267.74273
mp-759541,Ba(PdO2)2,Tetragonal,14.75164,6.66015,24.505,65.42835,262.44374
mp-772099,Cd(CuO2)2,Tetragonal,10.71411,6.71977,48.069,128.05582,408.16044
mp-28995,Cu4SiP8,Tetragonal,16.20497,4.17813,54.3,135.6414,472.64822
mp-4757,KReO4,Tetragonal,16.85856,4.74931,11.252,27.99498,201.01575
mp-7621,KTcO4,Tetragonal,16.67933,3.33674,10.609,26.37397,233.94169
mp-23562,KIO4,Tetragonal,17.04352,3.7348,10.494,26.84365,218.97252
mp-28567,LiBiF4,Tetragonal,12.81223,6.30565,26.886,72.05448,297.61117
mp-9918,LiGe,Tetragonal,16.9999,3.88671,21.135,53.89425,302.27102
mp-3700,LiYF4,Tetragonal,11.82337,4.02237,31.762,84.10578,415.11039
mp-23704,NaAlH4,Tetragonal,11.17936,1.3369,13.109,32.16949,464.62001
mp-5558,NaReO4,Tetragonal,13.67619,5.52846,10.392,26.85293,193.26321
mp-557057,NbO2,Tetragonal,12.02638,5.74875,81.941,217.14365,550.9025
mp-15051,Nd(PdO2)2,Tetragonal,12.5435,7.96336,47.35,128.3185,353.36176
mp-23034,SrZnCl4,Tetragonal,25.42189,3.2098,12.913,34.14197,228.85245
mp-570229,ThBr4,Tetragonal,32.11618,5.70456,9.13,24.0119,133.38352
mp-567431,ThCl4,Tetragonal,27.23455,4.55886,10.533,27.59646,169.27576
mp-15053,Y(PdO2)2,Tetragonal,11.79985,7.35277,61.345,162.68694,425.92841
mp-1982,Al21Pt8,Tetragonal,0.59877,7.88985,63.079,163.37461,378.87016
mp-757031,Mg2TiO4,Tetragonal,10.72608,3.54908,71.912,185.38914,681.07791
mp-28273,K3CuO2,Tetragonal,20.21412,2.91404,13.205,34.20095,262.01286
mp-7623,MgAs4,Tetragonal,23.48698,4.58126,25.406,63.76906,273.14841
mp-355,Nd5Si4,Tetragonal,26.28356,5.85134,33.016,84.58699,264.93478
mp-8537,S(OF)2,Tetragonal,14.79957,2.29028,1.676,4.36766,119.27237
mp-29816,Ag2HgO2,Tetragonal,16.2588,9.15764,12.451,33.81692,155.88119
mp-11025,ZnP2,Tetragonal,19.5893,3.59857,42.518,105.69975,423.26107
mp-137,Ge,Tetragonal,20.79968,5.7992,42.715,101.23455,325.70718
mp-37091,Sr(AlTe2)2,Tetragonal,33.91274,4.56063,14.651,36.30518,182.97541
mp-471,CdAs2,Tetragonal,25.44413,5.70509,18.611,47.75583,205.07095
mp-22435,CeBPt3,Tetragonal,16.44116,14.87066,62.475,167.433,269.75852
mp-11597,NdBPt3,Tetragonal,16.44869,14.94716,60.983,163.55641,266.30552
mp-11596,PrBPt3,Tetragonal,16.62487,14.72214,61.066,163.41262,267.38878
mp-20459,TiPbO3,Tetragonal,12.90131,7.80156,40.241,100.20009,324.60411
mp-6081,Ba2Ti(SiO4)2,Tetragonal,14.76969,4.38202,35.951,93.97591,390.57048
mp-1029652,Y3Si6N11,Tetragonal,11.88761,4.11589,94.254,231.48782,693.82349
mp-29136,Sr6Cu3N5,Tetragonal,19.57816,4.76418,27.585,72.32787,298.25955
mp-1069604,CaSi3Pt,Tetragonal,17.61464,6.02234,47.82,124.42764,361.22267
mp-13121,CeGe3Rh,Tetragonal,19.49364,7.85293,40.715,106.91759,282.50089
mp-22346,BaGe3Pt,Tetragonal,21.77353,8.3941,40.321,102.49598,261.14628
mp-11879,BaNiSn3,Tetragonal,25.77254,7.11507,31.724,77.53346,236.4249
mp-11269,BaSn3Pd,Tetragonal,27.46725,7.25314,23.411,61.52411,199.08139
mp-30433,BaSn3Pt,Tetragonal,27.30269,8.37536,26.771,70.03294,198.40697
mp-40143,Cs2KZrOF5,Tetragonal,21.2496,3.9629,16.081,40.91006,240.91086
mp-19973,LaCoGe3,Tetragonal,18.52184,7.4548,54.869,135.85564,339.72606
mp-2914,LaSi3Ir,Tetragonal,18.15558,7.59825,67.694,171.5366,376.63811
mp-14625,NdCoGe3,Tetragonal,18.08093,7.73461,53.156,133.95312,331.88841
mp-972659,SmCoSi3,Tetragonal,15.89446,6.13359,72.161,184.01055,453.4574
mp-30834,SrSn3Pd,Tetragonal,26.37679,6.92714,13.412,37.28536,158.05504
mp-978987,SrGe3Pd,Tetragonal,20.66629,6.62021,26.34,70.3278,244.04959
mp-30805,SrNiSn3,Tetragonal,24.58131,6.7883,24.888,64.26082,219.77334
mp-27255,Ga2TeS2,Tetragonal,26.01735,4.22742,18.386,44.05286,232.72207
mp-11511,LaAlGe,Tetragonal,23.53023,5.61099,47.27,115.90604,334.18455
mp-2059,NbAs,Tetragonal,17.74008,7.85467,85.622,218.16486,420.11889
mp-9339,NbP,Tetragonal,16.10312,6.38721,104.288,263.64006,529.85494
mp-1936,TaAs,Tetragonal,17.39634,12.2118,92.363,235.71038,352.8421
mp-28020,AlCuCl4,Tetragonal,24.56027,2.61811,6.127,15.44004,176.59916
mp-29362,GaCuCl4,Tetragonal,24.77723,3.0726,5.407,13.89599,153.54344
mp-4674,BNF8,Tetragonal,11.87983,2.47134,7.666,19.83961,260.64652
mp-239,BaS3,Tetragonal,25.46981,3.8062,19.508,48.92606,255.03685
mp-20683,Cu3Se2,Tetragonal,17.2742,6.70126,16.086,44.97646,203.19487
mp-6564,Sr2MgSi2O7,Tetragonal,14.27811,3.56373,43.679,112.16767,478.78074
mp-12903,YAgTe2,Tetragonal,29.93469,6.26798,19.888,51.07238,190.58838
mp-42,Ta,Tetragonal,18.48849,16.25179,60.284,163.97248,244.65734
mp-28782,Na3PS4,Tetragonal,21.20378,2.23392,10.928,28.30352,267.26648
mp-1018709,Hf2GaSb3,Tetragonal,22.09001,9.92243,62.432,153.08326,295.5209
mp-680677,Sn3Ru2,Tetragonal,3.47285,9.65402,58.454,151.86349,306.71229
mp-568556,Mg2B24C,Tetragonal,7.52857,2.61479,195.607,447.1576,1443.66284
mp-23996,BeH8SO8,Tetragonal,9.32345,1.7527,14.245,38.11962,457.00215
mp-22993,AgClO4,Tetragonal,13.56497,4.22978,9.049,24.3961,208.31083
mp-1025377,Cd(AgI2)2,Tetragonal,38.22025,5.18731,5.05,12.9886,98.2405
mp-10967,CdCu2GeSe4,Tetragonal,23.90249,5.45336,22.751,59.33461,236.10431
mp-10952,Cu2HgGeS4,Tetragonal,19.88367,5.51791,28.359,74.18714,280.20133
mp-12855,Cu2HgGeSe4,Tetragonal,24.06031,6.1783,22.713,59.64434,221.41902
mp-23353,Cu2HgI4,Tetragonal,33.35556,5.94053,8.411,21.1789,123.25633
mp-16566,Cu2SnHgSe4,Tetragonal,25.52709,6.19791,20.154,53.24687,204.39043
mp-675626,Cu3AsSe4,Tetragonal,21.34603,5.65349,22.196,59.3965,240.35028
mp-5702,Cu3SbS4,Tetragonal,19.32035,4.73419,25.749,68.69833,291.95071
mp-19896,Li2GePbS4,Tetragonal,21.33905,4.10467,19.979,51.66569,264.38862
mp-12015,KAg2AsO4,Tetragonal,16.26,5.02647,19.499,52.37431,259.94329
mp-12532,KAg2PS4,Tetragonal,23.54514,3.65031,13.319,35.64164,222.7744
mp-1025315,Mn(AlTe2)2,Tetragonal,31.96145,4.59649,15.38,38.97292,191.17705
mp-19722,MnCu2SnS4,Tetragonal,20.53198,4.33696,23.957,63.96519,287.16462
mp-22400,MnCu2SnSe4,Tetragonal,24.09853,5.31078,19.337,51.47509,220.86699
mp-3269,NaTh2F9,Tetragonal,13.80062,6.59825,47.917,121.70918,374.12352
mp-9808,Rb3NbO8,Tetragonal,16.81603,3.92772,13.316,34.46181,241.17468
mp-8311,Si3NiP4,Tetragonal,17.27561,3.20616,62.095,155.48588,564.98896
mp-29091,Ti(CuS)4,Tetragonal,17.14187,4.6316,37.645,96.74765,368.73075
mp-639910,Y(Sn3Ru2)2,Tetragonal,21.0777,8.63338,55.679,144.31997,306.69158
mp-6408,ZnCu2GeS4,Tetragonal,18.37523,4.44388,33.762,87.03844,349.22335
mp-5782,AlAgS2,Tetragonal,21.17924,3.90021,21.746,58.49674,286.69101
mp-14091,AlAgSe2,Tetragonal,24.59514,4.94158,18.993,50.82527,226.47379
mp-14092,AlAgTe2,Tetragonal,30.6326,5.28598,16.77,44.4405,190.8302
mp-4979,AlCuS2,Tetragonal,18.30346,3.50774,35.549,93.20948,404.01879
mp-8016,AlCuSe2,Tetragonal,21.57099,4.78139,28.475,74.31975,293.31334
mp-8017,AlCuTe2,Tetragonal,27.3391,5.24975,24.581,63.32066,239.6377
mp-7801,CaGeN2,Tetragonal,13.20339,4.42481,48.326,126.61412,467.55388
mp-4953,CdGeAs2,Tetragonal,25.30063,5.49497,27.331,69.80337,253.68237
mp-3668,CdGeP2,Tetragonal,22.47666,4.56196,35.648,90.47462,329.77461
mp-3078,CdSiAs2,Tetragonal,24.01343,5.01928,31.08,79.31616,287.59309
mp-4666,CdSiP2,Tetragonal,21.22028,3.96043,39.677,101.097,380.4224
mp-3829,CdSnAs2,Tetragonal,28.43075,5.56269,23.183,59.76577,223.53983
mp-5213,CdSnP2,Tetragonal,25.54391,4.76289,29.276,75.00511,280.58239
mp-1009088,BeGeAs2,Tetragonal,19.78906,4.85631,52.074,124.7693,399.66668
mp-1013527,BeGeP2,Tetragonal,17.45969,3.41433,64.905,154.4739,553.26859
mp-1009087,BeSiAs2,Tetragonal,18.95456,4.0943,57.845,138.59662,464.90682
mp-34293,CsTaN2,Tetragonal,21.36669,6.64215,36.943,88.44154,280.45227
mp-12954,CuBS2,Tetragonal,14.03203,4.09711,63.314,160.94419,541.6889
mp-5342,GaAgS2,Tetragonal,21.48882,4.66972,22.5,59.895,265.09678
mp-5518,GaAgSe2,Tetragonal,24.84258,5.6066,18.696,49.80614,210.37954
mp-4899,GaAgTe2,Tetragonal,30.63907,5.86397,16.928,44.52064,181.98832
mp-5238,GaCuS2,Tetragonal,18.56883,4.41316,36.055,92.58924,360.16392
mp-4840,GaCuSe2,Tetragonal,21.79754,5.5457,28.705,73.4848,272.02371
mp-3839,GaCuTe2,Tetragonal,27.28621,5.9102,24.967,63.41618,227.58895
mp-19833,InAgS2,Tetragonal,24.57355,4.84535,16.323,44.26798,212.61738
mp-20554,InAgSe2,Tetragonal,28.05929,5.63104,14.658,39.48865,178.71664
mp-22386,InAgTe2,Tetragonal,34.04641,5.82696,13.697,36.48881,158.81987
mp-22736,InCuS2,Tetragonal,21.19179,4.75032,26.014,68.98913,283.21003
mp-22811,InCuSe2,Tetragonal,24.56179,5.68375,21.531,56.45428,224.37075
mp-4586,LiAlTe2,Tetragonal,30.10638,3.98669,13.523,34.86229,197.2979
mp-5048,LiGaTe2,Tetragonal,29.95672,4.59891,13.673,34.94819,185.00867
mp-20782,LiInTe2,Tetragonal,33.2629,4.70461,11.157,28.87432,159.85261
mp-3524,LiPN2,Tetragonal,9.22407,2.96714,100.508,241.62123,917.13836
mp-1016197,MgSiAs2,Tetragonal,23.37958,3.59092,28.695,73.91832,329.95815
mp-2961,MgSiP2,Tetragonal,20.80548,2.2814,34.75,89.8635,472.86082
mp-1029312,RbVN2,Tetragonal,17.12777,3.9852,39.756,89.53051,401.96956
mp-14090,TlCuSe2,Tetragonal,25.68745,6.88215,18.075,48.26025,184.73668
mp-29826,ZnCN2,Tetragonal,13.06807,3.3493,24.477,65.84313,386.94066
mp-22909,ZnCl2,Tetragonal,25.78281,2.92645,5.593,13.19948,156.55721
mp-4008,ZnGeAs2,Tetragonal,22.54818,5.30039,37.29,92.55378,312.26815
mp-4524,ZnGeP2,Tetragonal,19.86342,4.17982,49.211,120.66537,419.94019
mp-3595,ZnSiAs2,Tetragonal,21.49316,4.7,42.28,104.60072,358.22025
mp-4763,ZnSiP2,Tetragonal,18.87616,3.41857,54.178,134.03637,495.54295
mp-5190,ZnSnAs2,Tetragonal,25.30151,5.47949,29.953,75.72118,265.48702
mp-4175,ZnSnP2,Tetragonal,22.57385,4.52518,39.275,97.95185,346.20459
mp-10063,CdSnSb2,Tetragonal,4.34106,5.62753,18.173,46.7773,183.43341
mp-4756,ZnSnSb2,Tetragonal,4.34106,5.61919,22.498,57.05493,210.93281
mp-1025306,AlAsPt5,Tetragonal,15.65809,16.32143,65.207,176.18931,268.63394
mp-1025271,AlPPt5,Tetragonal,14.97172,16.37334,74.715,201.28221,291.18986
mp-8236,Ba(PPd)2,Tetragonal,21.07862,6.49314,32.265,82.40481,268.12037
mp-866311,Bi3BrO4,Tetragonal,18.10398,8.83793,28.1,72.8352,226.96329
mp-30315,Ca3BN3,Tetragonal,14.67495,2.79759,22.835,62.61357,392.60419
mp-20034,CaPb,Tetragonal,29.43303,6.97541,18.789,47.6489,176.97447
mp-1025311,CdAsPt5,Tetragonal,16.4373,16.78061,58.167,157.86524,246.40846
mp-1025187,CdPPt5,Tetragonal,15.76938,16.83026,60.385,164.36797,254.2774
mp-996990,BaAgO2,Tetragonal,16.96329,6.78364,44.442,113.14933,332.01169
mp-505517,BaNb4O6,Tetragonal,13.42533,6.80221,108.317,271.65904,556.29187
mp-19796,Ba2Nb5O9,Tetragonal,13.67648,6.702,103.306,259.50467,544.15678
mp-546621,ErBi2BrO4,Tetragonal,17.64512,8.57698,36.579,93.42277,263.21842
mp-549709,ErBi2ClO4,Tetragonal,16.49402,8.61617,34.205,88.31731,261.40551
mp-551250,ErBi2IO4,Tetragonal,18.77855,8.57881,37.804,95.34169,261.28094
mp-1025225,ErGa5Co,Tetragonal,16.58311,8.22256,52.911,131.74839,330.78849
mp-672265,Cu3Pd,Tetragonal,12.37023,9.96903,65.218,171.26247,371.10355
mp-552992,DyBi2BrO4,Tetragonal,17.84932,8.42351,34.704,88.84224,257.74363
mp-552008,DyBi2ClO4,Tetragonal,17.2321,8.1898,33.28,85.59616,259.05015
mp-546266,DyBi2IO4,Tetragonal,18.89182,8.47509,36.507,92.72778,258.23898
mp-2213,FeNi,Tetragonal,11.14139,8.53554,87.323,226.34122,477.61378
mp-13463,FeNiPt2,Tetragonal,13.54259,15.47127,92.083,241.25746,342.03689
mp-11359,Ga2Cu,Tetragonal,15.15995,7.41155,30.62,80.28564,275.9177
mp-1025346,GaAsPd5,Tetragonal,15.44776,10.39227,58.097,154.65421,318.57751
mp-644280,GaCuPt2,Tetragonal,13.98654,15.53614,69.795,186.35265,295.42287
mp-1025301,GaPPd5,Tetragonal,14.78891,10.15031,59.659,159.52817,331.66441
mp-1025270,GaPPt5,Tetragonal,15.0948,16.91153,67.858,184.16661,272.76541
mp-562809,GdBi2BrO4,Tetragonal,18.22985,8.1879,36.117,89.49793,263.34372
mp-1025193,HfGa5Co,Tetragonal,15.63762,8.8901,52.044,133.75308,323.15786
mp-1025302,HgPPd5,Tetragonal,15.74424,11.50619,45.948,124.97856,268.43813
mp-551101,HoBi2IO4,Tetragonal,18.77212,8.556,37.166,93.88132,259.73138
mp-4856,HoGa5Co,Tetragonal,16.70513,8.12944,53.558,133.14519,333.64203
mp-1025293,InAsPd5,Tetragonal,16.21105,10.56284,53.252,142.28934,297.86963
mp-1025212,InAsPt5,Tetragonal,16.45674,16.79549,59.621,161.81139,249.29513
mp-1025161,InPPd5,Tetragonal,15.55983,10.33491,53.791,144.59021,307.05797
mp-1025213,InPPt5,Tetragonal,15.80095,16.83277,57.276,157.05079,247.81778
mp-1025370,InSiPt5,Tetragonal,15.94228,16.64057,66.434,179.3718,266.84721
mp-9486,K2AlF5,Tetragonal,15.97738,2.60048,13.57,34.95632,304.35665
mp-27138,K2PdBr4,Tetragonal,34.18654,3.49886,5.644,14.29061,130.78566
mp-22956,K2PdCl4,Tetragonal,29.14865,2.65657,6.796,17.11233,173.79753
mp-22934,K2PtCl4,Tetragonal,29.14742,3.37828,6.669,16.88591,152.77759
mp-867920,K2Rh2O5,Tetragonal,13.96033,4.8108,47.77,120.57148,436.57929
mp-21479,LaIn5Rh,Tetragonal,24.23219,7.98722,36.531,92.20424,245.59776
mp-549490,KNb4O5F,Tetragonal,13.47658,5.70963,85.723,213.45027,539.44608
mp-27677,KCu4S3,Tetragonal,17.2667,4.68201,18.881,50.07241,260.64581
mp-1018133,LiHPd,Tetragonal,10.05418,6.29636,38.705,100.40077,383.99097
mp-1025155,LuGa5Co,Tetragonal,17.05547,8.10205,50.001,126.00252,319.2606
mp-865146,MgAsPt5,Tetragonal,15.88577,16.04754,70.948,188.43789,280.45798
mp-2313,MgIn,Tetragonal,22.6384,5.10237,14.062,37.65804,197.53787
mp-1025261,MgPPd5,Tetragonal,15.11198,9.22036,57.259,151.73635,337.87919
mp-15780,MgPPt5,Tetragonal,15.21349,16.07141,75.061,199.81238,292.48421
mp-865500,Na2Hf2O5,Tetragonal,13.77838,6.4672,37.565,100.37368,337.98392
mp-11147,Na5CuSO2,Tetragonal,19.10661,2.34228,18.576,47.4431,349.40535
mp-22924,NaBi,Tetragonal,28.21824,6.82529,12.854,33.67748,150.86293
mp-545529,NdBi2ClO4,Tetragonal,17.9747,7.64061,27.064,70.85355,239.2368
mp-945,NiPt,Tetragonal,13.13919,16.03628,93.38,245.02912,342.04276
mp-551900,PrBi2BrO4,Tetragonal,18.86906,7.73076,28.69,74.36448,240.44039
mp-863749,Rb2Hf2O5,Tetragonal,16.27826,6.89033,44.219,113.99658,333.64135
mp-1025201,Rb2PdCl4,Tetragonal,32.64162,3.04626,6.304,15.70957,150.17578
mp-1025242,ScGa5Co,Tetragonal,15.74438,6.81786,50.935,129.17116,363.51811
mp-1025191,ScGa5Ni,Tetragonal,15.98788,6.71046,43.307,110.95253,336.63067
mp-1025324,SiSnPt5,Tetragonal,15.962,16.67785,71.228,191.17595,275.61811
mp-550111,SmBi2BrO4,Tetragonal,18.41847,8.02641,31.398,81.00684,248.6566
mp-546152,SmBi2ClO4,Tetragonal,17.64058,7.85731,28.016,73.23382,241.5677
mp-552292,SmBi2IO4,Tetragonal,19.35949,8.14019,34.12,86.73304,252.7373
mp-19988,SmGa5Co,Tetragonal,17.35829,7.62442,53.705,134.58473,340.86939
mp-1025296,SnPPd5,Tetragonal,15.6568,10.32987,42.415,116.55642,273.24946
mp-549475,TbBi2BrO4,Tetragonal,17.89194,8.36198,33.63,86.29458,254.65714
mp-547125,TbBi2ClO4,Tetragonal,17.34097,8.09559,31.122,80.9172,251.88722
mp-552857,TbBi2IO4,Tetragonal,19.03377,8.3729,34.827,88.59989,253.11311
mp-1025288,TbGa5Co,Tetragonal,16.89319,7.95461,54.393,136.30886,339.09713
mp-37514,SrCuO2,Tetragonal,13.18151,5.76854,63.36,159.16032,466.6516
mp-2767,TiGa,Tetragonal,15.45065,6.31892,80.336,195.85917,473.10735
mp-29889,Tl2PdCl4,Tetragonal,30.86566,5.0494,6.248,16.2323,119.07994
mp-11873,TlAsPd5,Tetragonal,16.56408,11.62041,48.595,130.33179,269.50124
mp-1025348,TlPPd5,Tetragonal,15.91707,11.43779,47.971,129.71358,273.83869
mp-546350,TmBi2BrO4,Tetragonal,17.51732,8.6594,37.545,95.43939,265.91947
mp-552738,TmBi2IO4,Tetragonal,18.59308,8.68308,37.095,94.2213,258.57106
mp-1025257,TmGa5Co,Tetragonal,16.53132,8.27236,52,132.392,328.23035
mp-553243,YBi2BrO4,Tetragonal,17.37009,7.77649,34.566,88.3507,271.43115
mp-1025375,YGa5Co,Tetragonal,16.89773,6.9695,53.183,132.3193,357.68407
mp-552016,YbBi2BrO4,Tetragonal,16.97965,8.9838,25.112,66.09478,218.77916
mp-20627,YbGa5Co,Tetragonal,16.41516,8.39024,50.449,120.8758,319.78299
mp-4732,UGa5Co,Tetragonal,17.20799,8.89957,75.021,181.8509,370.23581
mp-1025356,ZnAsPt5,Tetragonal,15.71271,16.84485,67.167,180.67923,267.89029
mp-429,ZnNi,Tetragonal,11.56881,8.90657,62.202,163.21805,392.33291
mp-1025258,ZnPPd5,Tetragonal,14.77137,10.09308,54.705,147.04704,318.96035
mp-1025272,ZnPPt5,Tetragonal,15.02798,16.91863,73.003,196.23206,282.76774
mp-1025222,ZnPd5Se,Tetragonal,15.6891,10.22824,46.262,124.72235,285.7052
mp-12550,AlCuPt2,Tetragonal,4.34106,14.50983,83.607,219.38477,335.29626
mp-1696,CdPd,Tetragonal,8.68212,10.66488,45.078,119.18623,267.98535
mp-1194,CdPt,Tetragonal,8.68212,14.89535,49.526,132.92778,237.60812
mp-949,CoPt,Tetragonal,8.68212,15.79016,108.106,278.35133,367.05305
mp-522,CuAu,Tetragonal,8.68212,14.86264,31.3,87.327,201.48705
mp-601848,Fe11Co5,Tetragonal,1.08526,8.26236,98.488,252.72021,510.03942
mp-601820,Fe3Co,Tetragonal,4.34106,8.2148,94.289,241.19126,499.74415
mp-2260,FePt,Tetragonal,8.68212,14.98116,92.583,240.7158,344.49276
mp-11870,Hg2Rh,Tetragonal,5.78808,12.99397,38.861,101.66038,208.42017
mp-2685,HgPd,Tetragonal,8.68212,14.41031,38.262,103.3074,210.3516
mp-771,MnAl,Tetragonal,8.68212,5.07191,80.027,197.18653,550.27619
mp-2728,MnIr,Tetragonal,8.68212,15.79372,186.427,453.01761,481.14696
mp-1670,MnPt,Tetragonal,8.68212,13.80661,69.08,181.95672,302.57648
mp-1359,NbIr,Tetragonal,8.68212,14.75216,109.754,288.43351,360.89593
mp-1963,NbRh,Tetragonal,8.68212,10.2682,76.178,205.52824,364.01375
mp-1953,TiAl,Tetragonal,8.68212,3.86879,68.456,171.00309,551.8867
mp-1235,TiIr,Tetragonal,8.68212,13.36229,82.089,219.83434,337.35306
mp-2583,TiRh,Tetragonal,8.68212,8.48826,51.647,141.92596,338.99534
mp-2678,VPt,Tetragonal,8.68212,14.54425,140.06,352.11084,426.86482
mp-30493,ZnCdPt2,Tetragonal,4.34106,15.07747,57.642,153.78886,262.48568
mp-1652,ZnPd,Tetragonal,8.68212,10.19288,58.525,154.15485,333.45603
mp-894,ZnPt,Tetragonal,8.68212,15.22998,64.5,172.215,285.45638
mp-644739,LaGa6,Tetragonal,20.19468,6.54574,45.523,108.79997,319.50113
mp-11132,KPrTe4,Tetragonal,36.04765,5.3006,14.025,35.42715,163.40263
mp-1104008,NdGa6,Tetragonal,19.63961,6.7952,45.953,110.01148,318.18372
mp-21296,PtPb4,Tetragonal,27.64467,12.30038,4.893,13.01538,70.95742
mp-11011,RbNdTe4,Tetragonal,37.50542,5.46135,14.014,35.39936,158.60728
mp-20908,Ce(BC)2,Tetragonal,10.99067,5.61314,126.426,301.39958,699.92291
mp-11964,Ce2CdPt2,Tetragonal,23.56973,11.03015,32.529,85.94162,199.32431
mp-20959,Ce2InGe2,Tetragonal,25.04397,7.16531,39.629,98.20066,264.49427
mp-22511,Ce2MgGe2,Tetragonal,24.52548,6.09112,47.276,113.84061,314.45102
mp-505296,Ce2MgSi2,Tetragonal,23.68766,5.05723,51.581,123.7944,363.86946
mp-21443,Ce2Pd2Pb,Tetragonal,24.31162,9.56604,29.445,78.38259,201.67248
mp-10856,Er(BC)2,Tetragonal,9.91548,7.13093,122.567,300.53428,637.00548
mp-862697,Er2MgGe2,Tetragonal,21.57225,7.76074,56.657,135.75017,319.93503
mp-2847,ErB4,Tetragonal,9.92927,7.04077,137.339,328.78957,675.87805
mp-2958,Dy(BC)2,Tetragonal,10.1483,6.81159,122.595,299.86737,646.38625
mp-977559,Dy2MgGe2,Tetragonal,22.10746,7.42987,55.444,133.0656,320.81729
mp-22050,Hf2In5,Tetragonal,23.20618,9.51765,46.706,115.45723,257.40557
mp-976273,Hf3Ge2,Tetragonal,18.65947,12.11623,84.987,210.42781,330.62815
mp-7283,LaB4,Tetragonal,11.21797,5.39253,155.057,356.6311,782.87387
mp-975044,Li(SiRh)2,Tetragonal,13.3864,6.67181,68.685,180.64155,452.16534
mp-29138,KAuSe2,Tetragonal,27.81413,5.88035,8.939,23.45594,136.8057
mp-542170,Lu5(Si5Ir2)2,Tetragonal,17.16771,9.79748,66.176,171.66054,335.74757
mp-571495,LuB4,Tetragonal,9.72709,7.45028,127.875,310.73625,639.76577
mp-13570,Mg(ScGa)2,Tetragonal,19.88258,4.23705,43.42,107.76844,391.23371
mp-19789,Mn(BW)2,Tetragonal,10.65831,13.8423,188.623,467.03055,554.30923
mp-20689,Nb3B2,Tetragonal,12.86427,7.7537,170.502,413.97886,658.96282
mp-11393,Nb3Ga2,Tetragonal,16.86344,8.23533,99.899,250.1471,449.89913
mp-10853,Pr(BC)2,Tetragonal,11.29998,5.48276,117.642,285.87006,679.95274
mp-3363,Sc2Ni2Sn,Tetragonal,16.9069,6.40389,41.918,110.99886,333.61163
mp-6916,Sm(BC)2,Tetragonal,10.74032,6.06074,119.281,291.2842,662.87199
mp-867932,Sm2MgGe2,Tetragonal,23.5519,6.63182,50.773,122.15984,317.99211
mp-10854,Tb(BC)2,Tetragonal,10.26662,6.61745,122.101,298.17064,651.73226
mp-314,Th3Ge2,Tetragonal,26.60996,10.50109,46.181,117.3921,232.78885
mp-10136,Ti2ReB2,Tetragonal,11.24872,8.96241,188.97,453.528,673.58744
mp-10857,Tm(BC)2,Tetragonal,9.80423,7.26859,122.764,301.26286,633.88554
mp-865403,Tm2MgGe2,Tetragonal,21.29932,7.91242,56.917,136.82847,319.07961
mp-865747,Y2MgGe2,Tetragonal,22.34117,5.16415,54.985,131.74406,381.52831
mp-754185,Y2MgNi2,Tetragonal,20.15997,5.26338,28.377,74.06397,284.7002
mp-21508,Y2Pd2Pb,Tetragonal,22.47905,8.83272,29.744,79.53546,218.11162
mp-637,YB4,Tetragonal,10.14155,4.32754,139.258,331.15552,861.01653
mp-20405,V2Ga5,Tetragonal,15.04871,7.10141,78.828,191.86735,446.61059
mp-2091,V3B2,Tetragonal,9.80671,5.90769,199.016,474.85218,892.1341
mp-22150,Zr2InCo2,Tetragonal,17.46736,7.89293,53.822,144.56589,335.785
mp-19906,Zr2InNi2,Tetragonal,17.12016,8.0437,59.224,153.9824,351.55946
mp-30684,Zr3Ga2,Tetragonal,19.92245,6.88669,66.922,167.17116,380.8067
mp-607111,AlPt3,Tetragonal,4.34106,17.22086,77.711,208.4209,290.78956
mp-11272,Be2Nb3,Tetragonal,3.47285,6.84697,74.026,193.50396,449.85955
mp-11288,Ca3Hg2,Tetragonal,3.47285,5.71004,10.343,27.86404,144.99911
mp-2105,Hf3Si2,Tetragonal,3.47285,10.97819,95.21,234.02618,372.04276
mp-569331,Li(Sn3Pd)2,Tetragonal,1.92936,7.95126,17.812,48.76926,181.15037
mp-10676,Sc2AlSi2,Tetragonal,3.47285,3.30873,73.164,176.91055,597.9934
mp-4901,Y2MgCu2,Tetragonal,3.47285,5.07579,10.28,29.23632,173.32997
mp-30273,AcClO,Tetragonal,21.53553,7.15687,30.419,78.54186,246.6728
mp-20452,Ba(MgPb)2,Tetragonal,30.52443,6.53171,20.078,49.43204,186.0403
mp-13920,Ba(ZnSn)2,Tetragonal,25.78275,6.51219,20.036,52.0936,198.34296
mp-23072,BiBrO,Tetragonal,21.58435,7.8185,11.592,28.65542,146.72306
mp-22939,BiClO,Tetragonal,18.93096,7.61466,18.304,44.55194,193.88559
mp-22987,BiIO,Tetragonal,25.66684,7.58849,11.049,27.22474,136.40786
mp-27546,CaClF,Tetragonal,17.13734,3.05317,23.323,60.54651,358.30249
mp-7263,CaGaN,Tetragonal,15.9634,4.29289,53.688,131.42822,464.41372
mp-24422,CaHBr,Tetragonal,20.31727,3.29619,8.906,22.08688,201.72174
mp-20400,Ce(GePt)2,Tetragonal,19.12918,11.72868,15.575,44.82485,146.23294
mp-20245,CeFeSi,Tetragonal,18.27529,6.78581,33.359,88.2012,280.65161
mp-23070,BaBrF,Tetragonal,25.74781,5.07834,16.453,42.90942,203.72687
mp-23432,BaClF,Tetragonal,23.68918,4.48103,18.465,48.11979,236.14575
mp-9195,BaCuSeF,Tetragonal,21.01014,5.90455,13.895,38.29462,186.96607
mp-10322,BaHfN2,Tetragonal,17.98959,7.93436,44.085,115.94355,300.49427
mp-754515,BaMgGe,Tetragonal,28.88548,4.4892,22.349,54.75505,240.37924
mp-9934,BaMgSi,Tetragonal,28.43457,3.69308,24.366,59.35558,277.45142
mp-3104,BaZrN2,Tetragonal,18.42335,5.78118,40.749,107.65886,336.15146
mp-27757,Be4B,Tetragonal,7.89597,1.97094,144.093,320.75102,1398.23634
mp-21372,CePRuO,Tetragonal,16.20621,7.38142,66.587,168.46511,393.01157
mp-4973,CeSF,Tetragonal,18.29898,5.78285,46.483,117.78792,356.34153
mp-604496,CeSiHRu,Tetragonal,15.7519,7.1231,65.472,156.21619,397.13457
mp-505005,CeSiOs,Tetragonal,20.55106,9.65383,37.956,100.35566,240.62256
mp-22698,DyFeSi,Tetragonal,17.36058,7.85702,56.128,142.1161,342.85125
mp-10932,ErSF,Tetragonal,15.61445,7.73926,58.212,148.20775,365.01095
mp-4743,ErTiGe,Tetragonal,20.44226,7.79181,52.162,131.34392,313.71003
mp-5339,CsNaTe,Tetragonal,40.57679,3.86719,7.749,19.74445,137.08674
mp-23116,CuBiSeO,Tetragonal,17.6819,8.62781,30.493,80.31856,240.67065
mp-10965,DyAgSb2,Tetragonal,24.44244,8.72797,36.442,92.70845,233.64034
mp-567558,CsAgCl2,Tetragonal,31.65684,4.08724,4.449,12.28814,111.78038
mp-6973,CsNaS,Tetragonal,30.23993,3.44043,10.436,26.77878,186.47057
mp-19808,Eu(ZnGe)2,Tetragonal,19.58974,7.257,35.695,88.5236,273.057
mp-556382,EuClF,Tetragonal,19.39609,5.89055,23.338,60.30539,247.42683
mp-505531,FeS,Tetragonal,16.99785,4.29401,17.295,42.92619,261.64126
mp-20311,FeSe,Tetragonal,22.6515,4.94115,13.304,33.04714,188.62838
mp-23050,GdClO,Tetragonal,17.40641,6.63661,31.328,81.82874,280.03487
mp-3799,GdSF,Tetragonal,16.79834,6.86402,50.55,129.9135,352.71124
mp-643062,H4IN,Tetragonal,13.9089,2.88405,5.553,13.90471,193.74492
mp-13156,HfAg,Tetragonal,19.23745,12.35894,45.823,121.24766,240.76624
mp-7918,HfGeS,Tetragonal,17.26048,9.08156,82.007,202.39328,384.70006
mp-7917,HfGeSe,Tetragonal,18.74235,9.74847,73.615,180.79844,342.10984
mp-13964,HfGeTe,Tetragonal,23.56284,8.89672,60.152,148.69574,295.03714
mp-7916,HfSiS,Tetragonal,16.54262,7.98487,93.63,227.89542,443.34616
mp-13962,HfSiSe,Tetragonal,18.38631,8.59594,53.913,128.74424,312.35296
mp-13963,HfSiTe,Tetragonal,22.62648,8.17496,28.667,66.90878,217.62773
mp-1018726,HfVGe,Tetragonal,16.36282,10.21832,76.649,197.75442,359.38092
mp-29731,HoClO,Tetragonal,16.54131,7.2407,30.398,79.21719,268.65736
mp-1018725,HoFeSi,Tetragonal,17.17437,8.02054,58.103,146.30335,346.21583
mp-10931,HoSF,Tetragonal,15.85553,7.54029,56.989,145.89184,364.1214
mp-23025,LaClO,Tetragonal,19.54793,5.39011,33.92,87.1744,309.87928
mp-6088,LaCuSO,Tetragonal,16.9803,6.12462,40.612,104.04794,332.66353
mp-505332,LaFeSi,Tetragonal,20.8754,5.90852,39.227,99.71503,308.10179
mp-5394,LaSF,Tetragonal,19.02199,5.52782,42.488,110.21387,345.79426
mp-1019089,KMgAs,Tetragonal,26.71492,2.86599,18.243,44.73184,279.58549
mp-1019105,KMgBi,Tetragonal,33.7406,4.46844,12.079,30.12503,168.91042
mp-7089,KMgSb,Tetragonal,31.94743,3.20809,14.48,36.02624,221.97145
mp-20422,KMnP,Tetragonal,25.50258,2.71324,9.709,22.81615,210.96621
mp-16236,KAgSe,Tetragonal,26.17179,4.77817,13.172,34.08914,186.86918
mp-773137,KCaBi,Tetragonal,41.18398,3.87283,8.723,22.15642,144.35972
mp-1018652,KCdSb,Tetragonal,32.39611,4.66902,8.899,23.49336,144.98859
mp-8756,KLiSe,Tetragonal,24.34005,2.84259,15.306,38.05072,265.66754
mp-4495,KLiTe,Tetragonal,30.03085,3.20043,11.932,29.83,205.9584
mp-9562,LiBeAs,Tetragonal,14.34618,3.50619,35.547,87.51671,433.28479
mp-20698,LiCoAs,Tetragonal,14.02779,5.55556,30.049,74.82201,319.89274
mp-21471,LiFeAs,Tetragonal,14.78485,5.15548,39.305,98.65555,371.41636
mp-20049,LiFeP,Tetragonal,13.0638,3.9726,51.439,124.48238,504.61566
mp-23856,LiHO,Tetragonal,8.6743,1.52816,10.119,24.54869,419.90849
mp-20354,MgMnGe,Tetragonal,17.52926,4.79594,49.889,123.12605,405.17048
mp-20664,Mn2Sb,Tetragonal,18.45379,6.94782,29.216,78.41574,254.96162
mp-20757,MnAlGe,Tetragonal,14.84878,5.76147,63.4,160.0216,447.27067
mp-6228,Na2TiGeO5,Tetragonal,13.13555,3.46215,43.09,110.13804,495.75806
mp-7400,NaAlGe,Tetragonal,21.01062,3.23013,17.053,44.67886,278.82028
mp-27335,NaAlSi,Tetragonal,20.52063,2.10547,19.975,51.49555,375.00155
mp-22152,NaFeAs,Tetragonal,18.34121,4.64016,33.541,81.70588,333.93934
mp-8452,NaLiS,Tetragonal,17.35865,1.97685,23.768,58.32667,443.47713
mp-5962,NaMgAs,Tetragonal,22.74222,2.97457,20.602,51.21657,308.35431
mp-7090,NaMgSb,Tetragonal,27.43325,3.41097,16.18,40.45,239.42637
mp-13097,NaZnAs,Tetragonal,20.11188,4.49485,21.583,54.04383,268.20328
mp-4824,NaZnP,Tetragonal,18.49535,3.57248,26.866,66.57395,344.19374
mp-21907,NbSiAs,Tetragonal,16.30867,6.64927,96.024,237.94747,495.25083
mp-23068,NdBrO,Tetragonal,21.36523,6.22149,15.753,37.68118,191.91248
mp-23058,NdClO,Tetragonal,18.55031,5.83922,34.045,88.58509,304.29666
mp-20531,NdCoGe,Tetragonal,20.09812,7.5961,35.525,88.45725,262.269
mp-21890,NdCoSi,Tetragonal,18.94898,6.75529,39.38,99.47388,300.24341
mp-20690,NdFeSi,Tetragonal,19.06095,6.62593,46.56,118.35552,329.3313
mp-21194,NdGeRu,Tetragonal,21.21154,8.29692,42.405,108.5568,271.5336
mp-5760,NdSF,Tetragonal,17.94814,6.02314,49.193,126.5244,363.18759
mp-1018814,NdSbTe,Tetragonal,30.16866,7.22153,24.695,64.94785,198.02936
mp-12620,NdSeF,Tetragonal,19.43611,6.89753,43.449,111.75083,310.77288
mp-5239,NdSiRu,Tetragonal,20.61676,7.3401,48.599,121.78909,310.71697
mp-12516,NdZnSbO,Tetragonal,21.22504,6.79491,23.131,61.75977,222.57011
mp-3274,NiGePd,Tetragonal,13.49789,9.74965,51.908,140.98213,326.58293
mp-27689,PH4Br,Tetragonal,13.13902,2.42042,8.571,21.58178,265.56587
mp-22964,PbClF,Tetragonal,20.37219,7.10908,16.906,45.3757,189.95892
mp-19921,PbO,Tetragonal,21.03416,8.81023,10.522,25.7789,132.15873
mp-27984,PrClO,Tetragonal,18.99312,5.60591,33.187,86.41895,304.22031
mp-567712,PrCoGe,Tetragonal,20.49973,7.35725,37.899,94.14112,273.22237
mp-1018895,PrFeSi,Tetragonal,19.43772,6.40254,44.381,111.75136,324.33921
mp-3992,PrSF,Tetragonal,18.39162,5.77755,47.45,122.2312,361.26799
mp-1018936,PrSbTe,Tetragonal,30.68836,7.03909,21.419,57.14589,186.17761
mp-8654,PrSiRu,Tetragonal,20.98218,7.12431,47.266,117.8814,308.95459
mp-975652,PrTe2,Tetragonal,31.62796,6.93218,25.001,65.1026,199.73827
mp-1018941,PrTeCl,Tetragonal,28.03147,6.00205,28.206,72.77148,237.17423
mp-975646,PrZnSbO,Tetragonal,21.41674,6.66945,17.24,47.27208,194.4927
mp-9845,RbCaAs,Tetragonal,35.14606,3.15715,11.138,28.58011,190.91912
mp-8799,RbNaS,Tetragonal,27.77266,2.80063,12.314,31.2283,230.53494
mp-29327,SmBrO,Tetragonal,21.3587,6.38194,15.101,36.87664,185.59155
mp-27823,SmClO,Tetragonal,17.84818,6.25867,34.161,88.95524,298.38588
mp-1019108,SmCoSi,Tetragonal,18.37498,7.1506,55.758,141.95987,351.23987
mp-1019100,SmFeSi,Tetragonal,18.44405,7.03115,49.211,123.71645,331.72563
mp-1019109,SmGeRu,Tetragonal,20.64338,8.68932,45.174,116.09718,276.62561
mp-3931,SmSF,Tetragonal,17.23469,6.46896,51.669,132.58265,364.01102
mp-1019138,SmSbTe,Tetragonal,29.40047,7.5254,29.721,76.50185,213.90446
mp-505515,Sr(CuSb)2,Tetragonal,22.43416,6.78351,13.558,37.93528,169.61875
mp-8539,SrSnP,Tetragonal,28.73541,4.57104,23.276,58.84173,244.42692
mp-9517,SrTiN2,Tetragonal,14.56662,4.65961,54.446,142.10406,466.79335
mp-8732,Ta2Se,Tetragonal,19.52245,12.49943,24.229,61.10554,172.40174
mp-999133,TaPd,Tetragonal,16.43611,14.51638,71.407,191.65639,292.69888
mp-21363,TbFeSi,Tetragonal,17.57371,7.64914,54.466,137.79898,340.81262
mp-20822,TbMnSi,Tetragonal,18.60239,7.19918,46.765,117.66074,318.03669
mp-10930,TbSF,Tetragonal,16.30284,7.12952,55.746,142.26379,366.72659
mp-21433,TbTiGe,Tetragonal,21.13437,7.31838,52.977,130.53533,321.45753
mp-571335,ThBi2,Tetragonal,32.32526,11.13008,26.476,69.73778,161.4801
mp-1019362,ThBiTe,Tetragonal,31.62227,9.95304,28.967,75.77767,179.53623
mp-28066,ThBrN,Tetragonal,22.48134,8.02519,20.167,47.59412,186.99033
mp-28067,ThIN,Tetragonal,26.97355,7.65314,15.059,35.53924,155.32239
mp-8136,ThSO,Tetragonal,17.83677,8.69218,63.691,165.21445,344.65131
mp-7568,ThSb2,Tetragonal,29.80213,8.83251,31.269,82.11239,202.15503
mp-1019361,ThSbTe,Tetragonal,30.28706,8.79782,31.492,82.00517,201.7842
mp-3718,ThTeO,Tetragonal,22.19089,9.36962,51.071,126.14537,273.66638
mp-1017985,TiAg,Tetragonal,17.14399,7.54213,28.597,78.47017,254.63996
mp-23024,SrBrF,Tetragonal,21.94989,4.70356,18.311,46.72967,234.95626
mp-22957,SrClF,Tetragonal,19.82964,3.9657,23.272,60.13485,298.86711
mp-12444,SrCuSF,Tetragonal,16.77426,5.00484,32.756,84.24843,333.23867
mp-23860,SrHCl,Tetragonal,19.63614,3.49765,22.306,56.03267,310.57535
mp-24205,SrHI,Tetragonal,27.90052,4.27591,6.04,14.41144,130.0062
mp-1029396,SrHfN2,Tetragonal,16.61762,7.34767,44.495,118.17872,322.77741
mp-23046,SrIF,Tetragonal,27.36305,4.72381,8.443,20.11123,147.42107
mp-30500,TiCd,Tetragonal,18.79711,7.07949,26.541,71.81995,244.88469
mp-10991,YCuAs2,Tetragonal,18.71022,6.7072,47.451,122.32868,333.61347
mp-753712,YIO,Tetragonal,24.5344,5.22979,12.222,29.91946,175.21243
mp-10086,YSF,Tetragonal,16.19674,4.78336,54.195,138.63081,442.70128
mp-5042,YTiGe,Tetragonal,21.09393,5.49508,49.263,124.14276,358.85499
mp-546011,YZnAsO,Tetragonal,17.70024,5.75167,33.473,87.36453,308.02402
mp-4206,UAs2Pd,Tetragonal,19.29521,10.63465,51.105,133.99731,271.70187
mp-4374,UAsS,Tetragonal,21.2993,8.96605,42.242,107.37916,257.30962
mp-22595,UAsSe,Tetragonal,23.08895,9.3953,47.857,118.9725,260.38951
mp-27762,UBrN,Tetragonal,21.80887,8.42469,16.394,39.14887,165.55987
mp-22159,UNiAs2,Tetragonal,18.17408,10.20051,49.253,128.94435,277.65134
mp-505019,USb2Ru,Tetragonal,22.91553,10.55465,53.613,132.53134,260.3767
mp-7935,USbTe,Tetragonal,29.26524,9.21831,39.772,98.23684,221.34168
mp-3217,USeO,Tetragonal,17.90423,10.29441,27.307,75.85885,209.05808
mp-504687,USnTe,Tetragonal,28.71685,9.33556,22.01,58.94278,166.72206
mp-3402,UTeN,Tetragonal,21.38029,9.82836,30.992,73.14112,209.18602
mp-11239,ZrAg,Tetragonal,20.01554,8.25859,47.55,124.0104,295.11454
mp-1017540,ZrCd,Tetragonal,21.83869,7.74185,28.439,76.21652,230.06589
mp-9929,ZrCuSiAs,Tetragonal,16.36612,6.53864,76.784,190.11718,445.73646
mp-4997,ZrGeS,Tetragonal,17.81348,6.08804,77.929,191.8612,452.87922
mp-9463,ZrGeSb,Tetragonal,21.21391,7.4525,74.614,178.62592,376.34394
mp-4878,ZrGeSe,Tetragonal,19.28878,6.9681,68.946,169.05559,387.5831
mp-3208,ZrGeTe,Tetragonal,23.87769,6.75648,43.277,101.87406,286.04024
mp-7859,ZrS,Tetragonal,18.01768,5.68126,48.599,127.91257,372.29321
mp-3938,ZrSiS,Tetragonal,17.09118,4.9024,87.404,212.91614,540.637
mp-4628,ZrSiSe,Tetragonal,18.75275,5.85219,26.884,64.14522,265.34076
mp-19917,ZrSiTe,Tetragonal,23.03847,5.93215,30.223,69.33156,259.62969
mp-9289,ZrSnTe,Tetragonal,24.57993,7.6009,53.344,131.5463,300.99
mp-20401,HfCuSi2,Tetragonal,4.34106,8.24194,88.21,218.58438,439.1822
mp-2097,SnO,Tetragonal,8.68212,6.29434,21.245,51.49788,233.9035
mp-7192,Sc2Sb,Tetragonal,5.78808,5.01712,41.139,103.67028,331.73406
mp-615314,ScCoC2,Tetragonal,4.34106,5.29356,105.884,270.42774,689.35325
mp-2078,TiCu,Tetragonal,8.68212,6.55356,62.551,161.38158,426.27119
mp-21249,YMnSi,Tetragonal,5.78808,5.14412,56.086,139.31762,412.13486
mp-22179,YTiSi,Tetragonal,5.78808,4.41154,49.378,125.71639,403.81783
mp-569383,Ca5(CoN2)2,Tetragonal,17.75822,3.18169,33.994,87.09263,416.18112
mp-618309,Bi2AuO5,Tetragonal,13.48589,10.69589,53.326,139.92742,314.42156
mp-29259,Bi2PdO4,Tetragonal,15.70701,8.88616,16.451,44.61511,183.17305
mp-505042,Cu(BiO2)2,Tetragonal,14.91684,8.67506,26.984,69.88856,239.75202
mp-2803876,AgO,Tetragonal,15.28026,6.73048,11.556,33.41995,179.05482
mp-28645,CaNiN,Tetragonal,14.68931,4.24963,55.197,141.30432,489.65872
mp-1692,CuO,Tetragonal,10.72911,6.1556,23.585,67.12291,302.21757
mp-20350,DyCoC,Tetragonal,15.04308,8.58961,63.79,168.15044,368.29303
mp-20906,HoCoC,Tetragonal,14.8389,8.79846,58.45,154.8925,350.29904
mp-1029347,KPtN,Tetragonal,20.5959,6.67006,33.563,86.12266,273.45147
mp-1336,PdO,Tetragonal,12.52107,8.11761,34.529,96.47403,301.3548
mp-288,PtS,Tetragonal,18.67192,10.10046,33.953,93.77819,233.27835
mp-29748,TePdI,Tetragonal,30.53255,6.54306,12.965,33.11261,149.96628
mp-29754,SrLiN,Tetragonal,18.09284,3.3214,28.446,72.59419,370.48418
mp-19754,TmCoC,Tetragonal,14.46919,9.17644,64.185,167.90796,361.66157
mp-21422,YCoC,Tetragonal,5.78808,5.83567,58.224,153.59491,425.71106
mp-29809,Ca2GeN2,Tetragonal,15.71549,3.82096,54.318,132.21001,497.07981
mp-27219,Mg(SbO2)2,Tetragonal,15.26827,5.15546,20.282,53.54448,268.6746
mp-726,SeO2,Tetragonal,14.84289,4.13782,10.038,25.31584,213.27118
mp-22467,Sn(PbO2)2,Tetragonal,17.59333,8.0511,17.649,47.12283,191.59953
mp-9880,YB2C,Tetragonal,10.78057,4.71868,137.397,327.55445,802.86252
mp-636368,Ga3Fe,Tetragonal,15.52956,7.08433,66.476,164.06277,407.73914
mp-470,GeO2,Tetragonal,9.33404,6.20513,130.151,321.73327,722.82061
mp-2723,IrO2,Tetragonal,10.74672,11.5483,106.561,282.38665,460.82881
mp-7603,Li2TiF6,Tetragonal,10.39622,3.11889,30.935,77.46124,483.02095
mp-19970,Li3CuO3,Tetragonal,9.47809,3.31292,35.049,92.03867,516.83036
mp-4214,Lu2Fe14B,Tetragonal,13.10776,8.51445,73.037,184.34539,411.1294
mp-1249,MgF2,Tetragonal,10.81965,3.18724,51.311,129.81683,605.44019
mp-23710,MgH2,Tetragonal,9.99547,1.45756,36.195,87.30234,763.99275
mp-996,OsO2,Tetragonal,10.72615,11.46791,103.408,276.30618,456.58429
mp-20725,PbO2,Tetragonal,14.17555,9.34,46.309,122.441,309.09766
mp-725,RhO2,Tetragonal,10.36994,7.20074,100.944,264.87706,576.01833
mp-825,RuO2,Tetragonal,10.41926,7.06915,96.302,256.35592,567.54095
mp-856,SnO2,Tetragonal,12.13691,6.87319,87.385,224.22991,518.09582
mp-8282,Ti2N,Tetragonal,12.33424,4.92474,120.619,302.27121,709.22669
mp-1873,ZnF2,Tetragonal,11.54871,4.95609,35.487,94.67932,399.19969
mp-1014265,Zr2N,Tetragonal,16.15337,6.73174,88.758,227.75303,477.68369
mp-18167,Ca3Cd2,Tetragonal,3.47285,3.67166,15.413,39.08737,216.05867
mp-18427,Nb2Al,Tetragonal,5.78808,6.82711,82.863,211.96355,447.63547
mp-23192,HgI2,Tetragonal,42.66715,5.89483,2.493,6.00813,62.35351
mp-1029498,Li6CrN4,Tetragonal,9.3566,2.41474,72.584,169.26589,852.04914
mp-1029739,Li6FeN4,Tetragonal,9.3449,2.47994,69.192,159.55675,819.92489
mp-1029726,Li6IrN4,Tetragonal,10.0872,4.33829,58.897,143.00192,561.32837
mp-756490,Li6MnS4,Tetragonal,16.80567,2.01968,26.741,66.21072,470.14188
mp-8804,Li6MoN4,Tetragonal,9.70855,3.01048,67.066,158.67816,730.21847
mp-1029826,Li6OsN4,Tetragonal,9.69334,4.48362,64.411,153.94229,586.9592
mp-3503,Li6WN4,Tetragonal,9.78035,4.3451,68.603,161.90308,612.89495
mp-1029656,Na6WN4,Tetragonal,14.99316,3.80392,38.074,92.36752,422.23107
mp-38725,NaBH4,Tetragonal,8.8369,1.18485,11.009,27.78672,492.43049
mp-2071,Zn3P2,Tetragonal,18.27706,4.69122,34.222,87.2661,341.8243
mp-4287,Sr2SnO4,Tetragonal,14.94234,5.68266,50.94,131.83272,406.10709
mp-985278,AcF3,Tetragonal,13.4068,8.79376,34.219,93.34943,279.66492
mp-985296,Ag3Pd,Tetragonal,16.64018,10.72814,33.362,90.54447,232.90487
mp-867780,Al3Cr,Tetragonal,14.50848,3.80387,84.189,199.69631,631.96107
mp-27393,AlPd5I2,Tetragonal,21.06749,8.009,12.33,29.2221,148.73449
mp-1018166,AlTc2,Tetragonal,13.92823,8.86137,119.613,304.77392,508.05984
mp-13910,Ba(AgGe)2,Tetragonal,23.05998,7.1771,30.515,77.44707,241.1662
mp-571350,Ba(AsPd)2,Tetragonal,21.38356,7.76565,31.358,82.65969,241.98457
mp-568113,Ba(AsRh)2,Tetragonal,21.54105,7.60051,34.329,89.04943,254.70033
mp-4109,Ba(AsRu)2,Tetragonal,21.61811,7.51702,39.593,101.35808,273.91831
mp-12073,Ba(BIr)2,Tetragonal,17.92837,10.06571,64.05,158.4597,318.60698
mp-7349,Ba(BRh)2,Tetragonal,17.60273,6.88187,49.618,124.24347,342.1295
mp-20563,Ba(CoAs)2,Tetragonal,19.84513,6.77828,35.045,91.18709,279.85178
mp-9247,Ba(CuAs)2,Tetragonal,20.90679,6.58062,26.516,69.1007,242.93224
mp-4883,Ba(FeP)2,Tetragonal,17.82082,5.79512,56.871,139.10647,396.2153
mp-10698,Ba(GeRh)2,Tetragonal,21.59177,7.51246,39.426,98.64385,272.53665
mp-7876,Ba(MgGe)2,Tetragonal,24.81239,4.43326,32.923,78.75182,308.11315
mp-7875,Ba(MgSi)2,Tetragonal,23.93489,3.35936,39.07,92.5959,388.76732
mp-19857,Ba(MnP)2,Tetragonal,18.91278,5.42868,48.364,121.49037,369.94701
mp-568280,Ba(NiAs)2,Tetragonal,20.15957,6.66465,30.44,78.8396,261.7493
mp-9473,Ba(NiP)2,Tetragonal,18.4667,5.69488,36.39,94.2501,318.50488
mp-28895,Ba(P2Pd)2,Tetragonal,19.98568,5.62688,34.758,92.1087,306.60011
mp-11169,Ba(PIr)2,Tetragonal,20.15861,9.61645,48.721,125.11553,274.98673
mp-8583,Ba(PRh)2,Tetragonal,19.95753,6.74092,40.46,104.06312,300.64113
mp-4484,Ba(PRu)2,Tetragonal,20.05836,6.64625,48.795,123.54894,330.86659
mp-7426,Ba(ZnP)2,Tetragonal,21.43935,5.11332,28.964,73.97406,284.81346
mp-9690,Ca(AlGa)2,Tetragonal,19.73959,3.92829,11.435,32.22383,213.95483
mp-569298,Ca(CoAs)2,Tetragonal,16.22094,6.30165,47.963,122.88121,362.92351
mp-4259,Ca(CoGe)2,Tetragonal,15.95886,6.31018,61.567,144.43618,408.46151
mp-3210,Ca(CoP)2,Tetragonal,14.07804,5.18736,81.218,188.10089,537.4346
mp-4441,Ca(CuGe)2,Tetragonal,17.22687,6.02356,42.085,107.23258,341.20356
mp-1068300,Ca(FeAs)2,Tetragonal,17.79665,5.62844,25.387,66.31084,270.26999
mp-5597,Ca(FeP)2,Tetragonal,14.37975,4.93587,79.373,185.73282,541.4598
mp-16259,Ca(GeIr)2,Tetragonal,17.98742,10.52026,64.491,163.42019,314.24836
mp-16260,Ca(GePd)2,Tetragonal,18.77703,7.04289,27.195,73.75284,248.99133
mp-19791,Ca(GeRu)2,Tetragonal,18.10072,7.10972,48.899,126.64841,333.28482
mp-19824,Ca(MnGe)2,Tetragonal,19.362,5.06402,54.912,134.0951,397.69842
mp-4744,Ca(NiAs)2,Tetragonal,16.36985,6.2346,39.082,101.6132,329.50825
mp-2949,Ca(NiGe)2,Tetragonal,16.38809,6.13518,40.148,103.26066,336.00942
mp-4064,Ca(NiP)2,Tetragonal,14.08497,5.1735,73.682,179.34199,516.55923
mp-6926,Ca(PPd)2,Tetragonal,16.69912,6.26197,46.871,123.17699,357.83129
mp-5157,Ca(PRu)2,Tetragonal,16.25596,6.21408,78.667,187.8568,462.01944
mp-5292,Ca(SiNi)2,Tetragonal,15.13504,4.68781,57.367,147.66266,471.21375
mp-569535,Ca2Bi,Tetragonal,33.36835,4.79618,22.911,55.26133,223.69723
mp-1029532,Ca2CoN2,Tetragonal,15.57805,3.56245,47.916,118.35252,484.21995
mp-545481,Ca2Cu(BrO)2,Tetragonal,19.07936,4.17149,16.752,41.81299,250.49695
mp-9925,Ca2Sb,Tetragonal,31.65032,3.53119,25.74,61.98192,281.2144
mp-8818,Ca2ZnN2,Tetragonal,16.08466,3.58396,44.53,113.1062,463.85631
mp-8789,Ca4As2O,Tetragonal,22.74313,3.40192,40.92,99.0264,403.77989
mp-551873,Ca4Bi2O,Tetragonal,26.68893,5.28208,29.289,72.05094,260.46131
mp-5380,Ca4P2O,Tetragonal,21.75316,2.59823,43.882,106.45773,485.3105
mp-13660,Ca4Sb2O,Tetragonal,25.71921,3.87229,32.933,80.75172,326.20288
mp-1976,CaGa4,Tetragonal,19.90378,5.32223,6.594,18.96434,140.18735
mp-1009657,CaN2,Tetragonal,12.74843,2.9564,39.226,101.59534,520.13043
mp-865985,CdPd3,Tetragonal,15.97967,11.21435,42.281,114.91976,259.70919
mp-3286,Ce(AlZn)2,Tetragonal,19.24218,5.60752,50.611,122.98473,369.48639
mp-20933,Ce(CoGe)2,Tetragonal,16.52605,8.10397,58.575,151.3578,350.69221
mp-5820,Ce(CoP)2,Tetragonal,14.38136,7.38812,95.364,233.45107,487.0872
mp-3437,Ce(CoSi)2,Tetragonal,15.25599,6.83881,87.99,217.51128,476.9024
mp-5452,Ce(CuSi)2,Tetragonal,16.28664,6.59416,75.241,184.7919,439.90371
mp-6957,Ce(FeP)2,Tetragonal,14.77198,7.05389,90.105,219.49578,480.00261
mp-3035,Ce(FeSi)2,Tetragonal,15.06391,6.78984,77.717,197.24575,455.05208
mp-5577,Ce(GeRh)2,Tetragonal,18.21003,8.95845,65.086,167.27102,340.52203
mp-2965,Ce(MnSi)2,Tetragonal,17.79816,5.7129,70.832,178.35498,439.13504
mp-569697,Ce(NiP)2,Tetragonal,14.43746,7.34838,70.203,180.56212,422.6463
mp-5173,Ce(SiAu)2,Tetragonal,19.09516,10.26526,46.687,122.97356,266.46107
mp-4767,Ce(SiOs)2,Tetragonal,17.24966,11.10411,82.371,212.51718,350.0976
mp-3826,Ce(SiPd)2,Tetragonal,17.77224,7.64531,56.202,146.57482,345.76022
mp-4090,Ce(SiRh)2,Tetragonal,16.93401,7.8859,87.696,218.53843,429.35152
mp-20356,Ce2SbO2,Tetragonal,20.8279,6.92013,22.121,60.65578,217.40127
mp-867221,Ce3(TaN3)2,Tetragonal,14.60615,8.95325,85.541,220.01145,419.40455
mp-1903,BaAl4,Tetragonal,23.64537,3.44467,29.625,74.418,338.21162
mp-30426,BaCdBi2,Tetragonal,34.71247,7.98517,18.744,46.71005,155.35055
mp-335,BaGa4,Tetragonal,22.54732,6.13064,29.226,72.77274,256.71089
mp-22687,BaIn4,Tetragonal,30.52839,6.49019,16.521,42.52505,170.3946
mp-865562,Be3Ru,Tetragonal,9.3884,5.66459,123.56,301.73352,730.56549
mp-552098,Bi2SeO2,Tetragonal,18.54814,9.4704,26.569,71.57689,212.69301
mp-8093,Ba2Cd,Tetragonal,47.38974,4.52093,9.934,24.35817,135.13495
mp-23085,Ba2Cu3(ClO2)2,Tetragonal,20.24915,4.47448,22.391,57.724,272.84597
mp-754363,Ba2HfO4,Tetragonal,16.76126,7.31904,59.646,151.38155,370.80337
mp-9321,Ba2HfS4,Tetragonal,27.71397,4.97657,30.354,77.28128,270.90254
mp-8094,Ba2Hg,Tetragonal,45.76922,5.74739,9.961,24.78297,121.85688
mp-20098,Ba2PbO4,Tetragonal,17.97664,7.20306,43.424,111.42598,312.44993
mp-3359,Ba2SnO4,Tetragonal,16.65465,6.51441,51.646,131.49072,367.052
mp-9307,Ba2ZnN2,Tetragonal,22.86787,5.34554,23.848,62.33867,248.32719
mp-8335,Ba2ZrO4,Tetragonal,17.1102,5.9599,56.479,143.79553,397.61907
mp-754128,Ba3Hf2O7,Tetragonal,15.82537,7.70316,71.974,180.94264,404.21156
mp-20352,Ba3In2O6,Tetragonal,17.62837,6.31645,35.899,94.77336,306.7214
mp-755895,Ba3Zr2O7,Tetragonal,16.21589,6.02827,67.526,170.30057,439.62013
mp-8300,Ba4As2O,Tetragonal,33.64307,5.04258,21.736,54.99208,213.36541
mp-8937,CrSi2,Tetragonal,11.61679,5.15391,171.077,394.84572,835.86677
mp-1018066,CrSnRh2,Tetragonal,15.4124,10.14153,69.419,182.98848,350.62512
mp-570837,Cs(AsRu)2,Tetragonal,24.44719,6.58707,25.056,63.0409,223.16636
mp-557018,Cs(CoS)2,Tetragonal,20.89687,5.00464,34.445,85.21693,312.23209
mp-28884,Cs(FeAs)2,Tetragonal,21.58724,6.06822,26.483,66.0486,249.07629
mp-1025267,Cs2CaBr4,Tetragonal,41.74431,3.55455,6.614,17.14349,131.39203
mp-1025185,Cs2CaCl4,Tetragonal,35.94328,2.95475,8.639,22.21951,172.87516
mp-15157,Cs2CaF4,Tetragonal,21.44087,4.22511,14.702,38.34282,224.9726
mp-697133,Cs2CaH4,Tetragonal,23.47058,3.1324,10.568,25.74365,211.91
mp-28497,Cs2CrCl4,Tetragonal,31.34515,3.47839,7.552,19.77114,156.38606
mp-1025265,Cs2CuF4,Tetragonal,18.82585,5.10772,10.938,28.59193,184.68033
mp-8963,Cs2HgF4,Tetragonal,22.40729,5.74218,10.514,28.07238,161.77278
mp-7232,Cs2HgO2,Tetragonal,28.62827,5.78178,8.569,22.50219,133.7085
mp-1025252,Cs2MnCl4,Tetragonal,32.06537,3.42203,7.682,20.1422,157.89781
mp-1025274,Cs2NpO4,Tetragonal,20.30407,6.62223,21.565,53.4812,219.91377
mp-543024,Cs2Pd(IBr2)2,Tetragonal,38.38897,4.54499,5.269,13.6994,106.20156
mp-1025208,Cs2PuO4,Tetragonal,20.28647,6.70983,19.028,48.67362,206.12025
mp-867348,DyMgSn,Tetragonal,25.34221,6.67292,37.406,92.31801,266.56931
mp-6223,DyNi2B2C,Tetragonal,10.84558,8.00036,70.588,186.63467,447.88509
mp-5068,DyZrSb,Tetragonal,25.22691,8.23864,39.479,101.6979,248.09858
mp-568509,Er(CoB)2,Tetragonal,11.39146,8.94294,113.309,271.9416,521.21817
mp-5497,Er(CoGe)2,Tetragonal,15.24997,9.3732,69.45,177.792,365.89268
mp-3239,Er(CoSi)2,Tetragonal,14.15707,8.0064,94.295,228.38249,468.64462
mp-4305,Er(CuSi)2,Tetragonal,15.25938,7.62882,76.33,189.60372,422.83912
mp-3190,Er(FeB)2,Tetragonal,11.33005,8.81037,83.296,203.24224,455.28674
mp-5451,Er(FeGe)2,Tetragonal,16.35959,8.61206,48.299,129.34472,310.50812
mp-5688,Er(FeSi)2,Tetragonal,14.59708,7.62454,79.147,198.02579,436.56311
mp-4865,Er(NiGe)2,Tetragonal,15.61494,9.14392,47.358,125.78285,305.41863
mp-3455,Er(NiP)2,Tetragonal,13.61887,8.45197,83.931,212.51329,438.76939
mp-12058,Er(PRu)2,Tetragonal,15.3078,9.35821,99.704,250.05763,436.11617
mp-4881,Er(SiNi)2,Tetragonal,14.49137,7.81071,71.098,178.88257,411.06834
mp-3958,Er(SiOs)2,Tetragonal,16.49375,12.15955,86.668,223.25677,349.03779
mp-3218,Er(SiPd)2,Tetragonal,16.73326,8.65872,52.4,139.0696,322.07427
mp-5386,Er(SiRh)2,Tetragonal,16.02292,8.8969,88.318,223.2679,415.18702
mp-5022,Er(SiRu)2,Tetragonal,16.32272,8.6588,77.629,199.9723,393.05958
mp-11436,Er(VGa2)2,Tetragonal,15.90938,8.17157,76.361,187.54262,402.57508
mp-30339,ErAg2,Tetragonal,20.58002,10.30091,34.07,89.12712,222.18695
mp-2466,ErAu2,Tetragonal,20.2483,15.3409,43.716,114.97308,207.43633
mp-862993,ErMgSn,Tetragonal,24.88951,6.90012,37.695,93.18204,264.87223
mp-6098,ErNi2B2C,Tetragonal,10.72643,8.21202,72.989,191.66911,450.58491
mp-5848,ErZrSb,Tetragonal,24.8459,8.47099,38.697,99.99305,243.67559
mp-5135,Dy(CoB)2,Tetragonal,11.6653,8.59752,107.738,262.66524,515.3039
mp-5976,Dy(CoSi)2,Tetragonal,14.36294,7.78161,94.317,224.28583,471.8698
mp-2917,Dy(CuSi)2,Tetragonal,15.4719,7.42188,75.813,187.71299,424.9154
mp-568725,Dy(FeB)2,Tetragonal,12.06315,8.14393,81.322,201.02798,455.93967
mp-4939,Dy(FeSi)2,Tetragonal,14.78227,7.4221,82.764,209.39292,451.27254
mp-21000,Dy(MnGe)2,Tetragonal,18.16906,7.63423,63.746,161.40487,359.3745
mp-4985,Dy(MnSi)2,Tetragonal,15.73679,6.93363,75.386,189.21886,434.75504
mp-21415,Dy(NiGe)2,Tetragonal,15.77834,8.94905,46.8,123.552,305.55874
mp-569089,Dy(PRu)2,Tetragonal,15.48201,9.15082,99.379,248.24874,438.27176
mp-4065,Dy(SiIr)2,Tetragonal,16.36952,12.23591,105.149,263.0828,382.64631
mp-4692,Dy(SiNi)2,Tetragonal,14.71316,7.58555,73.379,181.39289,420.3811
mp-3301,Dy(SiPd)2,Tetragonal,16.92384,8.46783,53.071,140.63815,326.30987
mp-2893,Dy(SiRh)2,Tetragonal,16.19551,8.7045,88.803,223.25074,419.00243
mp-4177,Dy(SiRu)2,Tetragonal,16.49699,8.47152,79.345,203.44058,399.99949
mp-2618,DyAg2,Tetragonal,21.05927,9.94141,32.809,85.82834,220.14302
mp-2991,Cs2UO4,Tetragonal,20.60175,6.53839,22.715,56.15148,225.83261
mp-8666,CsAgO,Tetragonal,27.26035,5.2137,8.448,22.3872,142.29656
mp-569548,CsAuBr3,Tetragonal,34.9556,5.41153,4.436,11.52473,93.04532
mp-23484,CsAuCl3,Tetragonal,30.59138,4.73584,4.998,12.88484,110.39453
mp-9986,CsAuO,Tetragonal,27.07198,7.07168,8.773,23.2309,124.81095
mp-672294,Eu(CoSi)2,Tetragonal,15.37142,7.04344,77.888,185.84077,440.15859
mp-3412,Eu(CuSi)2,Tetragonal,16.48478,6.75359,60.857,147.7608,389.44437
mp-3758,Eu(NiP)2,Tetragonal,14.69254,7.48862,74.64,182.1216,425.58602
mp-581754,Eu(PPd)2,Tetragonal,17.17063,8.25407,50.704,131.8304,320.35543
mp-8582,Eu(PRh)2,Tetragonal,16.03311,8.69408,72.154,183.27116,379.69551
mp-4768,Eu(SiNi)2,Tetragonal,15.64855,6.90852,58.471,145.47585,385.3738
mp-20115,Eu(SiPd)2,Tetragonal,17.86544,7.82567,44.183,115.67109,303.54296
mp-1025200,Eu2TiO4,Tetragonal,13.34826,7.3893,71.88,182.71896,437.0064
mp-1018062,FeSnRh2,Tetragonal,14.97759,10.54263,68.595,182.32551,346.83192
mp-21240,Gd(SiRh)2,Tetragonal,16.45782,8.45982,86.63,216.05522,416.95236
mp-16035,Gd2TeO2,Tetragonal,19.8353,7.93797,35.465,91.71249,260.02531
mp-12765,GdC2,Tetragonal,14.4713,6.93345,40.245,103.8321,328.75916
mp-571147,Hf(SiNi)2,Tetragonal,13.30878,8.78501,76.808,202.77312,417.82924
mp-1025167,Hf(VGa2)2,Tetragonal,15.07437,8.80095,85.459,211.25465,418.15915
mp-13155,Hf2Ag,Tetragonal,20.32947,12.65648,49.936,130.33296,243.14089
mp-1018154,Hf2Hg,Tetragonal,21.44534,14.39111,44.974,118.91126,212.99284
mp-1014231,Hf2Zn,Tetragonal,19.41371,12.04292,58.908,149.86195,273.73354
mp-28919,Hf3Te2,Tetragonal,25.39744,10.33914,23.847,58.94978,171.24997
mp-976106,Hf3Tl,Tetragonal,21.83373,14.06717,55.501,141.41655,236.33549
mp-11387,HfGa3,Tetragonal,16.74181,9.61251,71.102,172.63566,351.92018
mp-27731,HfH2,Tetragonal,8.56588,11.66399,37.678,104.14199,296.21452
mp-23177,HgBr,Tetragonal,31.73832,7.33768,5.809,14.92913,94.69848
mp-22897,HgCl,Tetragonal,28.31683,6.92095,5.628,14.56526,100.02249
mp-706,HgF,Tetragonal,18.48455,9.86324,11.783,31.36635,140.22683
mp-22859,HgI,Tetragonal,37.83029,7.18759,4.529,11.86598,79.70722
mp-573995,Ho(CoB)2,Tetragonal,11.54016,8.76069,110.53,268.36684,518.59054
mp-4415,Ho(CoGe)2,Tetragonal,15.33518,9.27068,69.868,178.86208,368.3534
mp-5835,Ho(CoSi)2,Tetragonal,14.26169,7.89344,94.372,229.89019,471.25239
mp-4105,Ho(CuSi)2,Tetragonal,15.36867,7.52425,76.348,187.2053,423.87326
mp-571500,Ho(FeB)2,Tetragonal,11.52442,8.59467,81.927,200.885,454.43542
mp-5260,Ho(GeRu)2,Tetragonal,17.49773,9.72443,57.245,150.55435,312.64574
mp-4291,Ho(NiGe)2,Tetragonal,15.71168,9.03839,46.459,122.8376,303.38279
mp-2906,Ho(NiP)2,Tetragonal,13.73569,8.32379,83.385,211.46436,439.35696
mp-567458,Ho(PRu)2,Tetragonal,15.39196,9.25679,99.097,248.33708,436.27241
mp-567513,Ho(SiIr)2,Tetragonal,16.28975,12.34537,103.451,260.28272,378.81871
mp-2924,Ho(SiNi)2,Tetragonal,14.61034,7.69418,71.958,182.48549,415.88405
mp-5219,Ho(SiOs)2,Tetragonal,16.58232,12.04796,87.971,225.90953,352.38981
mp-4148,Ho(SiPd)2,Tetragonal,16.83118,8.5624,52.879,140.12935,324.54939
mp-3895,Ho(SiRh)2,Tetragonal,16.10986,8.80088,87.871,221.96215,415.58316
mp-5720,Ho(SiRu)2,Tetragonal,16.41171,8.56472,78.475,202.1516,396.61761
mp-2120,HoAg2,Tetragonal,20.82679,10.11697,33.252,87.05374,220.57521
mp-990,HoAu2,Tetragonal,20.50586,15.08535,40.982,108.27444,201.77662
mp-6646,HoNi2B2C,Tetragonal,10.7809,8.11075,64.68,170.7552,426.53469
mp-3346,HoZrSb,Tetragonal,25.05475,8.34894,39.455,101.71499,246.97059
mp-863709,Ir3Rh,Tetragonal,14.15232,19.93366,203.512,504.95397,437.73444
mp-974358,Ir3Ru,Tetragonal,14.10331,19.9489,226.427,555.199,461.20784
mp-569408,K(CoAs)2,Tetragonal,19.0782,5.34082,28.456,68.23749,285.64025
mp-12079,K(CoS)2,Tetragonal,18.4264,3.98489,30.734,78.1873,346.55584
mp-567657,K(CuSe)2,Tetragonal,21.40321,5.02913,13.033,34.06826,194.19807
mp-35276,K(FeAs)2,Tetragonal,19.45799,5.13116,24.423,62.76711,270.37723
mp-12098,K(PRh)2,Tetragonal,20.00566,5.09404,32.9,82.1184,310.87743
mp-643257,K2H4Pd,Tetragonal,18.44269,2.4265,8.069,20.44685,230.33084
mp-27207,K2MgCl4,Tetragonal,27.09696,2.13884,10.672,27.51242,248.7482
mp-31212,K2MgF4,Tetragonal,14.64843,2.89059,26.717,67.1131,414.86831
mp-23956,K2MgH4,Tetragonal,15.55833,1.62433,17.351,41.6077,432.09486
mp-1025158,K2PuO4,Tetragonal,17.2239,5.31894,28.851,73.33924,300.40571
mp-3808,K2UO4,Tetragonal,17.71861,5.09049,29.379,75.79782,307.59986
mp-9583,K2ZnF4,Tetragonal,15.23614,3.41906,20.696,53.85099,333.5946
mp-6794,LaB2Rh2C,Tetragonal,13.16114,7.95605,59.085,160.23852,386.66589
mp-2367,LaC2,Tetragonal,17.08798,5.27752,38.059,100.39964,347.48545
mp-23194,LaI2,Tetragonal,37.77272,5.75475,8.796,20.65301,122.61925
mp-568083,LaNi2B2C,Tetragonal,11.68091,6.86921,68.222,181.19763,464.21052
mp-7298,Li(CuP)2,Tetragonal,14.03578,4.6372,37.221,98.41232,393.77101
mp-8310,Li(NiP)2,Tetragonal,12.70679,4.86854,44.076,116.8014,432.38985
mp-9610,Li2CN2,Tetragonal,11.50774,1.5557,19.417,51.49388,526.30759
mp-644389,Li2H2Pd,Tetragonal,9.70455,4.18595,29.177,71.19188,410.27846
mp-2967,La(CoB)2,Tetragonal,13.16715,7.02178,83.203,204.51297,481.45674
mp-5526,La(CoSi)2,Tetragonal,16.18061,6.42317,76.385,188.36541,449.58
mp-4088,La(FeSi)2,Tetragonal,16.21729,6.28216,72.994,180.58716,444.88588
mp-22760,La(MnGe)2,Tetragonal,20.10396,6.50971,59.464,147.11394,361.27589
mp-8250,La(NiP)2,Tetragonal,15.39367,6.8658,75.844,189.30662,442.12728
mp-3585,La(SiIr)2,Tetragonal,17.64794,10.90552,99.569,243.34664,382.96935
mp-567203,La(SiOs)2,Tetragonal,17.95447,10.64582,80.697,202.22668,347.97476
mp-4954,La(SiPd)2,Tetragonal,18.29001,7.4069,54.617,142.3319,343.59483
mp-1077929,La2CuO4,Tetragonal,14.3059,6.72157,58.378,151.43253,404.84547
mp-759,La2Sb,Tetragonal,33.03037,6.69589,28.914,72.63197,214.10284
mp-29964,La3(TaN3)2,Tetragonal,15.20526,8.56443,85.631,219.0441,423.91348
mp-28627,K4Br2O,Tetragonal,31.16698,2.52846,8.724,22.08917,197.13613
mp-768368,K4I2O,Tetragonal,34.8351,2.90234,7.139,18.21873,160.38814
mp-7911,KCuO,Tetragonal,19.54632,3.35975,14.741,38.53297,260.91479
mp-975904,Li3Cd,Tetragonal,18.12389,3.05178,8.36,22.33792,211.24421
mp-976047,Li3Hg,Tetragonal,16.97719,5.4141,15.939,39.62435,221.90356
mp-551675,Li3UO4,Tetragonal,10.36583,6.4648,64.714,158.16102,480.826
mp-862716,LiAg3,Tetragonal,16.55827,8.28716,24.289,64.94879,226.09483
mp-862658,LiCu3,Tetragonal,11.57574,7.08567,43.619,113.06045,367.41942
mp-5127,LiCuO,Tetragonal,11.1602,4.28947,32.616,84.6059,413.99654
mp-865939,LiMg2,Tetragonal,20.54514,1.49662,19.141,47.39312,432.25152
mp-12716,LiTlPd2,Tetragonal,16.20011,10.86939,36.325,96.55185,242.45317
mp-571552,Lu(CoGe)2,Tetragonal,14.98701,9.70847,66.56,171.19232,354.44832
mp-5346,Lu(CuSi)2,Tetragonal,15.00924,7.92651,74.808,186.1223,413.11549
mp-13399,Lu(NiGe)2,Tetragonal,15.36433,9.45968,44,116.952,291.17891
mp-12100,Lu(SiNi)2,Tetragonal,14.24774,8.12394,67.54,172.49716,396.07198
mp-12101,Lu(SiOs)2,Tetragonal,16.28768,12.47056,83.799,217.5422,340.83907
mp-3507,Lu(SiPd)2,Tetragonal,16.49615,8.93836,48.004,128.84274,305.59605
mp-3108,Lu(SiRh)2,Tetragonal,15.80295,9.18273,83.91,213.9705,400.88014
mp-10453,Lu(SiRu)2,Tetragonal,16.10693,8.93373,75.506,195.86256,383.83902
mp-1025335,Lu(TiGa2)2,Tetragonal,17.13873,7.607,62.927,155.55554,369.70761
mp-27668,Mg2Ga5,Tetragonal,18.53923,5.08272,24.366,63.05921,276.99186
mp-601285,MnGaNi2,Tetragonal,11.98609,8.38326,62.601,165.89265,399.56184
mp-23954,Na2H2Pd,Tetragonal,13.98961,3.66576,18.246,44.99464,308.04828
mp-643260,Na2H4Pd,Tetragonal,12.88657,2.87963,11.385,28.82682,282.97563
mp-697096,Na2H4Pt,Tetragonal,12.75445,4.55853,12.865,32.47126,240.00909
mp-4961,Na2HgO2,Tetragonal,15.24601,6.06813,23.423,59.30704,265.1802
mp-1025360,Na2Ti2As2O,Tetragonal,18.31087,3.98443,26.878,70.15158,327.7937
mp-27478,Na3PaF8,Tetragonal,13.06618,4.78686,19.864,51.60667,290.88198
mp-22937,Na4I2O,Tetragonal,24.41648,3.51478,11.964,29.95786,211.85443
mp-7469,NaCuO,Tetragonal,14.78863,3.83772,22.586,58.49774,331.52359
mp-454,NaGa4,Tetragonal,19.56546,5.1242,22.906,57.53987,262.0814
mp-1973,NbGa3,Tetragonal,15.72111,7.97666,86.662,210.58866,435.153
mp-4229,Nd(AgGe)2,Tetragonal,20.29336,8.26873,42.854,109.44912,277.94024
mp-4999,Nd(CoGe)2,Tetragonal,16.3117,8.29447,67.306,167.99578,372.6503
mp-5622,Nd(CoP)2,Tetragonal,14.75341,7.29469,88.035,213.22077,466.63417
mp-4228,Nd(CoSi)2,Tetragonal,15.30777,6.90519,85.498,207.24715,467.63237
mp-2877,Nd(CuSi)2,Tetragonal,16.33423,6.65884,75,184.95,437.72828
mp-3489,Nd(FeSi)2,Tetragonal,15.5784,6.65356,79.69,195.2405,457.67894
mp-4725,Nd(GePd)2,Tetragonal,18.91162,8.822,38.891,104.1501,264.35948
mp-4920,Nd(GeRh)2,Tetragonal,18.08113,9.0981,64.855,165.50996,338.61551
mp-3018,Nd(MnSi)2,Tetragonal,16.7469,6.15334,73.221,182.17385,444.33748
mp-4302,Nd(NiGe)2,Tetragonal,16.65696,8.11298,48.011,125.98086,318.56986
mp-569974,Nd(NiP)2,Tetragonal,14.72794,7.29649,81.693,208.15376,453.75606
mp-568055,Nd(PRu)2,Tetragonal,16.76665,8.08804,85.444,208.65425,417.8995
mp-4007,Nd(SiNi)2,Tetragonal,15.61785,6.7579,70.97,183.38648,431.7236
mp-571586,Nd(SiOs)2,Tetragonal,17.41741,11.07584,88.505,222.32456,361.20531
mp-4323,Nd(SiPd)2,Tetragonal,17.70394,7.7522,57.139,148.44712,347.26835
mp-4013,Nd(SiRu)2,Tetragonal,17.30263,7.72663,80.896,202.24,414.27271
mp-5459,Nd2TeO2,Tetragonal,21.30239,6.98569,34.516,89.18934,266.91607
mp-552028,Nd2Ti2S2O5,Tetragonal,15.91028,5.01298,54.774,143.61743,437.68519
mp-2297,NdC2,Tetragonal,15.87574,5.86656,37.086,99.16796,334.43623
mp-6102,NdNi2B2C,Tetragonal,11.26073,7.25668,66.271,177.60628,451.86078
mp-4854,NdScGe,Tetragonal,24.86825,5.82794,40.817,101.47106,299.68309
mp-977385,NpH3,Tetragonal,9.17632,10.85863,58.63,145.9887,364.33902
mp-861975,PaO3,Tetragonal,10.35953,11.18166,54.533,152.58333,341.9876
mp-341,PbF4,Tetragonal,14.50039,6.48609,23.519,56.30449,261.65703
mp-862901,PmF3,Tetragonal,11.22397,7.47109,46.704,125.72717,375.68398
mp-5564,Pr(AgGe)2,Tetragonal,20.52972,8.11959,43.123,109.96365,280.07761
mp-4322,Pr(CoB)2,Tetragonal,12.85649,7.24317,89.475,222.43485,496.58216
mp-5112,Pr(CoSi)2,Tetragonal,15.55068,6.72612,82.295,201.12898,462.66301
mp-4924,Pr(CuGe)2,Tetragonal,17.61755,7.79072,53.319,134.89707,334.32135
mp-4014,Pr(CuSi)2,Tetragonal,16.55776,6.50206,73.831,180.59063,436.90252
mp-5627,Pr(FeSi)2,Tetragonal,15.82303,6.48071,77.796,190.13342,455.4531
mp-20542,Pr(MnGe)2,Tetragonal,19.59245,6.7136,62.794,155.85471,369.09776
mp-5423,Pr(MnSi)2,Tetragonal,18.35325,5.55444,71.979,178.65188,443.73195
mp-5819,Pr(NiGe)2,Tetragonal,16.86933,7.9452,45.239,120.15478,311.73878
mp-569931,Pr(NiP)2,Tetragonal,14.97451,7.1024,79.991,207.17669,453.62983
mp-4439,Pr(SiNi)2,Tetragonal,15.80774,6.60666,67.988,172.96147,424.73202
mp-5852,Pr(SiOs)2,Tetragonal,17.61738,10.88726,87.485,218.88747,360.53576
mp-4815,Pr(SiRh)2,Tetragonal,17.17067,7.79252,83.789,208.96977,420.99526
mp-4904,Pr(SiRu)2,Tetragonal,17.49836,7.57692,79.764,198.77189,413.64328
mp-4181,Pr2CuO4,Tetragonal,13.94508,6.96361,58.074,152.03773,400.88751
mp-16032,Pr2TeO2,Tetragonal,21.84107,6.71199,34.028,87.92835,268.02804
mp-1995,PrC2,Tetragonal,16.34398,5.58556,36.052,96.25884,334.51493
mp-981547,PrH3,Tetragonal,10.31662,5.79172,42.938,109.8354,414.99842
mp-4738,PrScGe,Tetragonal,25.276,5.66091,39.785,98.98508,298.58096
mp-974616,Pt3Rh,Tetragonal,15.02998,19.00722,79.874,216.45854,279.23
mp-560663,Rb(CoS)2,Tetragonal,19.44774,4.56747,32.201,81.14652,325.01213
mp-975359,Rb(FeAs)2,Tetragonal,20.41321,5.64545,24.942,61.85616,255.10655
mp-1025177,Rb2CuF4,Tetragonal,16.66247,4.42017,15.978,41.60671,249.67824
mp-8962,Rb2HgF4,Tetragonal,20.6549,5.13972,11.131,29.96465,181.13389
mp-5072,Rb2HgO2,Tetragonal,24.54895,5.45904,11.792,30.39978,169.44553
mp-8861,Rb2MgF4,Tetragonal,16.09298,3.99815,21.019,53.55641,303.86012
mp-22978,Rb2MnCl4,Tetragonal,29.48972,2.95772,9.004,23.60849,189.13842
mp-1025286,Rb2ZnF4,Tetragonal,16.61215,4.46016,17.944,46.3673,263.91812
mp-760417,Rb4I2O,Tetragonal,40.39304,3.59227,5.095,13.36928,116.4549
mp-8603,RbAgO,Tetragonal,24.39453,4.74983,4.133,11.73772,109.69876
mp-7470,RbCuO,Tetragonal,21.78528,4.1926,12.071,31.6743,203.94761
mp-21477,RbIn4,Tetragonal,31.05778,5.82502,12.4,31.3224,155.07476
mp-12105,RbO2,Tetragonal,19.24357,3.37875,7.798,20.80506,191.451
mp-3701,Sc(Al2Fe)4,Tetragonal,14.14189,4.37333,85.544,210.09606,603.73417
mp-3587,Sc(SiNi)2,Tetragonal,13.74277,5.2806,61.909,163.43976,478.2086
mp-1025365,Sc(VGa2)2,Tetragonal,15.32086,6.59178,80.656,197.28458,466.04962
mp-10343,Sc2BC2,Tetragonal,11.90384,3.48027,68.589,176.41091,645.58713
mp-1018128,ScAg2,Tetragonal,18.62538,7.74731,36.624,96.61411,274.74682
mp-1018148,ScAu2,Tetragonal,18.37505,13.22069,46.472,123.1508,238.08056
mp-1018149,ScCu2,Tetragonal,14.89114,6.39513,42.846,112.68498,352.29362
mp-972680,Sm(AgGe)2,Tetragonal,19.97927,8.50041,41.54,106.84088,271.66558
mp-4073,Sm(CoB)2,Tetragonal,12.27607,7.84135,97.846,241.87531,506.41379
mp-573563,Sm(CoP)2,Tetragonal,14.27557,7.68119,96.947,236.35679,483.271
mp-15968,Sm(CoSi)2,Tetragonal,14.92378,7.21901,91.081,217.50143,475.39079
mp-5167,Sm(NiGe)2,Tetragonal,16.33256,8.39853,47.319,122.93476,312.39666
mp-574199,Sm(NiP)2,Tetragonal,14.36672,7.62137,83.438,208.42812,451.23221
mp-12059,Sm(PRu)2,Tetragonal,16.00854,8.59799,93.691,230.47986,433.0063
mp-12097,Sm(SiIr)2,Tetragonal,16.79668,11.68469,104.163,258.74089,385.86433
mp-4275,Sm(SiPd)2,Tetragonal,17.40802,8.0007,55.498,145.40476,339.30178
mp-4072,Sm(SiRu)2,Tetragonal,16.97291,7.99644,81.584,205.59168,412.27187
mp-16033,Sm2TeO2,Tetragonal,20.43234,7.48203,36.804,94.95432,270.09904
mp-5999,Sm2Ti2S2O5,Tetragonal,15.59271,5.23354,58.295,152.26654,444.52595
mp-12764,SmC2,Tetragonal,15.093,6.39518,37.163,99.89414,326.52537
mp-2706,SnF4,Tetragonal,12.92241,5.00391,31.729,73.99203,358.32573
mp-7879,Sr(AgGe)2,Tetragonal,21.49668,6.9311,31.348,80.06279,255.03799
mp-4370,Sr(AsPd)2,Tetragonal,19.94079,7.49966,32.583,86.01912,257.37448
mp-12783,Sr(CdGa)2,Tetragonal,23.4362,6.40358,27.739,68.68176,241.58673
mp-571203,Sr(CoAs)2,Tetragonal,18.14905,6.50215,33.717,88.54084,289.41497
mp-7361,Sr(CoGe)2,Tetragonal,17.45414,6.67419,52.128,125.62848,355.67367
mp-5671,Sr(CoP)2,Tetragonal,16.50678,5.38063,45.893,117.30251,381.07373
mp-4861,Sr(CuAs)2,Tetragonal,18.95856,6.38612,20.546,55.02219,225.92205
mp-3241,Sr(CuGe)2,Tetragonal,18.41893,6.49094,40.884,104.33597,316.80782
mp-7877,Sr(CuSi)2,Tetragonal,17.22973,5.22134,55.773,137.75931,418.9427
mp-4488,Sr(FeAs)2,Tetragonal,17.97177,6.45215,42.202,108.45914,325.07214
mp-3299,Sr(FeP)2,Tetragonal,16.28966,5.32643,55.96,140.23576,424.10045
mp-978853,Sr(GeIr)2,Tetragonal,19.0927,10.73821,63.466,154.22238,300.53714
mp-978986,Sr(GePd)2,Tetragonal,19.92281,7.43036,31.552,83.23418,254.60494
mp-10697,Sr(GeRh)2,Tetragonal,19.10761,7.6252,53.198,130.76068,327.12791
mp-19787,Sr(GeRu)2,Tetragonal,19.30119,7.48556,51.356,126.33576,323.18313
mp-4316,Sr(NiAs)2,Tetragonal,18.23595,6.46242,28.001,69.77849,261.42711
mp-3207,Sr(NiGe)2,Tetragonal,17.83292,6.5235,34.524,87.34572,292.77477
mp-569310,Sr(POs)2,Tetragonal,18.77835,9.3739,47.979,123.11411,282.87857
mp-3385,Sr(PPd)2,Tetragonal,17.65632,6.81673,49.586,128.32857,345.28851
mp-3804,Sr(PRu)2,Tetragonal,18.49482,6.31554,50.755,127.59807,355.11649
mp-7880,Sr(SiAg)2,Tetragonal,20.19998,5.91099,41.392,104.14227,322.59918
mp-7365,Sr(SiAu)2,Tetragonal,19.85455,8.99453,41.023,106.16752,263.20815
mp-568402,Sr(SiPd)2,Tetragonal,18.52809,6.39245,44.751,115.36808,333.07836
mp-11416,TaGa3,Tetragonal,15.55866,10.40907,77.813,193.59874,363.74688
mp-3709,Tb(CoGe)2,Tetragonal,15.551,9.01378,70.892,180.20746,373.98008
mp-3292,Tb(CoSi)2,Tetragonal,14.4736,7.64008,94.425,221.7099,474.55205
mp-3456,Tb(CuSi)2,Tetragonal,15.598,7.28577,76.235,188.75786,428.77092
mp-12075,Tb(FeB)2,Tetragonal,12.00479,8.08463,79.786,198.18842,455.51098
mp-5399,Tb(FeSi)2,Tetragonal,14.75187,7.35692,83.177,209.60604,455.16405
mp-21079,Tb(GeRu)2,Tetragonal,17.66793,9.51788,58.586,153.1438,318.27522
mp-22486,Tb(MnGe)2,Tetragonal,18.29959,7.5149,64.592,163.28858,363.58407
mp-3329,Tb(NiGe)2,Tetragonal,15.88448,8.81452,46.914,123.57148,307.36137
mp-570554,Tb(PRu)2,Tetragonal,15.58002,9.01705,98.512,245.29488,438.43126
mp-5752,Tb(SiIr)2,Tetragonal,16.45567,12.0997,105.01,262.73502,383.83733
mp-4466,Tb(SiNi)2,Tetragonal,14.81295,7.4543,73.586,183.37631,424.18532
mp-5429,Tb(SiOs)2,Tetragonal,16.74601,11.81111,89.207,227.83468,356.89951
mp-4250,Tb(SiPd)2,Tetragonal,17.009,8.35564,53.315,140.85823,328.53087
mp-3097,Tb(SiRh)2,Tetragonal,16.28784,8.58227,89.341,224.06723,422.24649
mp-3678,Tb(SiRu)2,Tetragonal,16.59297,8.35097,79.93,203.98136,403.24879
mp-16036,Tb2TeO2,Tetragonal,19.30734,8.21267,38.705,100.01372,269.59226
mp-10960,Tb2Ti2S2O5,Tetragonal,15.17076,5.54956,61.451,160.26421,447.18206
mp-30358,TbAg2,Tetragonal,21.27839,9.74605,29.94,78.92184,211.98794
mp-570179,TbAu2,Tetragonal,20.98607,14.58178,38.817,102.70978,198.19065
mp-2119,TbC2,Tetragonal,14.0627,7.20085,39.897,107.24314,326.62687
mp-6092,TbNi2B2C,Tetragonal,10.91583,7.85824,71.075,187.638,452.39776
mp-4395,TbScGe,Tetragonal,23.32736,6.56131,45.392,112.29981,304.29409
mp-4075,TbZrSb,Tetragonal,25.45065,8.08847,40.544,103.95482,252.79647
mp-972326,TcPt3,Tetragonal,14.91639,19.01544,134.934,345.43104,360.46905
mp-3605,Th(CoGe)2,Tetragonal,16.66452,9.86855,66.96,173.69424,339.80379
mp-5948,Th(CuSi)2,Tetragonal,16.51669,8.35063,75.141,189.65588,390.87788
mp-20238,Th(FeGe)2,Tetragonal,17.69334,9.17879,72.532,186.5523,355.11645
mp-7600,Th(FeSi)2,Tetragonal,15.52636,8.55381,88.832,221.72467,427.79192
mp-3011,Th(GeRh)2,Tetragonal,18.13194,10.68069,68.15,176.9174,320.71918
mp-21281,Th(MnGe)2,Tetragonal,18.96724,8.53055,65.888,169.85926,342.05072
mp-4458,Th(MnSi)2,Tetragonal,16.69045,7.92113,76.62,196.30044,403.32344
mp-3264,Th(NiGe)2,Tetragonal,16.73763,9.81593,22.613,63.67821,200.90512
mp-16250,Th(SiAu)2,Tetragonal,19.16051,11.82352,51.748,136.71822,261.36468
mp-3166,Th(SiOs)2,Tetragonal,17.42246,12.74621,94.675,242.368,349.24426
mp-5508,Th(SiPd)2,Tetragonal,17.85515,9.31957,63.454,165.61494,332.85266
mp-5165,Th(SiRu)2,Tetragonal,17.27966,9.42431,88.638,226.20418,393.98166
mp-8375,Th(SiTc)2,Tetragonal,17.7766,9.04614,38.343,106.05674,265.65013
mp-7523,Th2TeN2,Tetragonal,22.21143,9.26567,38.563,99.56967,241.07684
mp-6979,ThGeS,Tetragonal,22.50378,8.28268,59.761,149.16346,314.48572
mp-24291,ThH2,Tetragonal,13.61082,9.5183,12.304,35.28787,161.114
mp-979115,Ti2Ag,Tetragonal,17.09533,6.59224,38.471,103.8717,314.89365
mp-568069,Ti2Bi,Tetragonal,20.54797,8.20827,24.038,65.23913,210.02737
mp-1018124,Ti2Rh,Tetragonal,15.23866,7.21517,84.389,215.69828,458.70148
mp-1014229,Ti2Zn,Tetragonal,16.09983,5.5401,50.566,131.87613,399.20096
mp-865900,Ti3Tl,Tetragonal,18.17002,7.95048,59.015,149.8981,344.1744
mp-18583,Ti4Si7Ni4,Tetragonal,12.80008,5.38669,101.052,253.23631,614.56054
mp-546898,Sr2Cu(BrO)2,Tetragonal,21.57195,4.73509,14.909,36.16923,210.00687
mp-23102,Sr2Cu(ClO)2,Tetragonal,18.26542,4.43767,29.537,72.89732,323.45509
mp-549487,Sr2Cu(IO)2,Tetragonal,24.34452,5.11179,10.073,24.75943,160.70619
mp-754322,Sr2CuO4,Tetragonal,13.00806,5.52168,56.612,143.9077,453.79268
mp-5532,Sr2TiO4,Tetragonal,13.65649,4.98715,75.758,189.54652,540.98925
mp-9306,Sr2ZnN2,Tetragonal,19.07291,4.6781,35.522,90.65214,343.00658
mp-3349,Sr3Ti2O7,Tetragonal,12.96595,5.02234,83.293,208.39909,575.12978
mp-8299,Sr4As2O,Tetragonal,27.55687,4.4447,32.082,78.34424,293.84175
mp-8298,Sr4P2O,Tetragonal,26.48041,3.83798,33.556,82.34642,327.65263
mp-755293,Sr4Sb2O,Tetragonal,30.77157,4.70252,27.873,68.2331,256.56167
mp-2775,SrAl4,Tetragonal,22.14108,2.93312,19.453,52.09513,307.15158
mp-1827,SrGa4,Tetragonal,21.01871,5.7911,23.313,60.19417,243.11753
mp-10564,SrN2,Tetragonal,15.22619,4.20359,34.11,87.79914,382.95702
mp-2697,SrO2,Tetragonal,13.99474,4.7311,44.189,109.85385,421.26763
mp-2731,TiGa3,Tetragonal,15.4469,6.90783,73.321,175.9704,432.34522
mp-24726,TiH2,Tetragonal,7.12168,3.87701,17.855,51.38669,378.61791
mp-8676,Tl(CuS)2,Tetragonal,19.16201,6.85646,16.05,40.4781,190.30179
mp-5000,Tl(CuSe)2,Tetragonal,21.15004,7.68472,15.456,39.4128,171.04011
mp-569204,Tl(CuTe)2,Tetragonal,24.92247,7.81782,11.85,31.1181,140.97714
mp-1025338,Tl2CuF4,Tetragonal,16.65123,7.81138,9.03,25.0131,143.03747
mp-5983,Tm(CoGe)2,Tetragonal,15.15032,9.47157,68.577,175.41997,362.45121
mp-567808,Tm(CuGe)2,Tetragonal,16.28696,8.99869,55.871,141.8006,327.32141
mp-4903,Tm(CuSi)2,Tetragonal,15.18538,7.70264,75.636,186.66965,419.06618
mp-4195,Tm(NiGe)2,Tetragonal,15.53027,9.22959,44.072,116.43822,293.4981
mp-571485,Tm(SiPd)2,Tetragonal,16.65768,8.73141,50.944,135.8167,316.92006
mp-8528,Tm(SiRh)2,Tetragonal,15.9484,8.97335,86.03,218.34414,408.923
mp-568371,Tm(SiRu)2,Tetragonal,16.24054,8.73687,76.801,198.45378,390.08879
mp-1025238,Tm(TiGa2)2,Tetragonal,17.26009,7.4706,62.39,154.1033,370.47622
mp-560,TmAu2,Tetragonal,20.06017,15.531,45.148,118.46835,210.05075
mp-865194,TmF3,Tetragonal,9.93499,9.44049,39.096,108.06134,320.4049
mp-5109,Y(NiGe)2,Tetragonal,15.89147,7.34734,47.692,123.80843,338.48591
mp-568940,Y(NiP)2,Tetragonal,13.8942,6.41164,82.948,211.01971,497.64688
mp-5176,Y(SiNi)2,Tetragonal,14.78403,5.89597,73.066,183.98019,476.1778
mp-550306,YCu2Bi2(SeO2)2,Tetragonal,16.81826,7.68221,33.01,83.97744,269.5779
mp-31438,YZrSb,Tetragonal,25.38824,6.58178,41.125,105.1155,282.22725
mp-5326,Yb(CoSi)2,Tetragonal,13.98291,8.24343,83.937,201.11305,439.44931
mp-5934,Yb(CuSi)2,Tetragonal,15.10898,7.83183,54.255,137.59068,356.41218
mp-21366,Yb(GeRu)2,Tetragonal,17.29092,9.99651,47.997,126.13612,284.59921
mp-13398,Yb(MnSi)2,Tetragonal,15.29446,7.36302,60.872,152.18,385.78627
mp-574235,Yb(NiGe)2,Tetragonal,15.44185,9.37074,39.352,102.3939,276.52936
mp-568095,Yb(PRu)2,Tetragonal,15.14772,9.58385,88.753,214.78226,408.0797
mp-5916,Yb(SiNi)2,Tetragonal,14.32799,8.03377,58.089,147.54606,370.36062
mp-4633,Yb(SiPd)2,Tetragonal,16.57242,8.85861,40.803,108.7808,283.88691
mp-4936,Yb(SiPt)2,Tetragonal,16.74064,12.2875,30.453,84.41572,208.77487
mp-3415,Yb(SiRu)2,Tetragonal,16.1683,8.86024,67.203,172.5773,363.94154
mp-1008617,YbAg2,Tetragonal,20.1483,10.68044,17.035,46.02857,157.49627
mp-6754,TmNi2B2C,Tetragonal,10.65669,8.30926,73.834,191.08239,450.47516
mp-567807,TmZrSb,Tetragonal,24.68251,8.56464,38.108,98.6235,241.06878
mp-20924,U(FeSi)2,Tetragonal,14.53115,9.27657,89.691,230.14711,422.31031
mp-20596,U(SiNi)2,Tetragonal,14.87662,9.18832,66.072,177.33725,363.87668
mp-4793,U(SiPd)2,Tetragonal,17.21297,9.78285,48.272,130.04477,287.6349
mp-5556,U(SiRh)2,Tetragonal,16.40161,10.12447,84.537,216.07657,377.24018
mp-3388,U(SiRu)2,Tetragonal,16.56743,9.94955,83.923,231.89603,382.11658
mp-27468,U2BiN2,Tetragonal,19.31214,12.26224,42.907,109.58448,231.01868
mp-6940,U2IrC2,Tetragonal,15.26464,15.06206,50.107,137.89446,246.51095
mp-5268,U2SbN2,Tetragonal,18.6178,11.16369,46.99,121.79808,256.94886
mp-5505,U2TeN2,Tetragonal,19.45172,10.7848,52.251,130.31399,269.56988
mp-28838,U3(SiC)2,Tetragonal,15.98979,11.78369,80.702,202.40062,343.50555
mp-3579,UGeSe,Tetragonal,22.57267,9.55424,53.059,131.37408,273.47879
mp-3109,UGeTe,Tetragonal,24.68323,9.82803,40.783,102.61003,231.56132
mp-1025123,UNi2B2C,Tetragonal,10.68477,10.07712,91.914,244.8589,457.77243
mp-4895,UTeAs,Tetragonal,25.98971,9.38258,29.644,78.0823,198.67924
mp-1025154,UTl2O4,Tetragonal,18.6301,9.05064,11.277,31.07941,142.44469
mp-171,VNi3,Tetragonal,10.85083,8.68548,101.539,263.59524,516.66412
mp-3515,Y(CoB)2,Tetragonal,11.75676,6.45174,107.661,261.83155,592.78867
mp-4908,Y(CoGe)2,Tetragonal,15.52976,7.52872,70.145,179.5712,407.63896
mp-4520,Y(CuGe)2,Tetragonal,16.69256,7.18783,55.688,141.67027,362.47239
mp-12077,Y(FeB)2,Tetragonal,12.17967,6.0593,81.112,200.50886,525.9175
mp-21113,Y(FeGe)2,Tetragonal,16.707,6.87545,49.23,131.05026,347.70456
mp-4889,Y(GeRh)2,Tetragonal,17.41242,8.39208,62.331,161.68661,351.07056
mp-28786,Zn(BIr)2,Tetragonal,11.15728,14.03363,106.867,275.93059,411.67
mp-865362,Zn3Ir,Tetragonal,13.6382,11.82389,52.945,141.78671,297.84306
mp-865357,Zn3Pd,Tetragonal,13.91689,9.02783,44.23,117.12104,309.22058
mp-865355,Zn3Pt,Tetragonal,13.96472,11.63265,52.461,139.54626,296.37664
mp-865342,Zn3Rh,Tetragonal,13.51779,9.18644,48.806,130.01918,325.45199
mp-569344,Zr(CoSi)2,Tetragonal,13.28198,6.6327,109.355,264.20168,566.23171
mp-7707,Zr(SiNi)2,Tetragonal,13.56437,6.48287,82.806,215.2956,500.29302
mp-1025304,Zr(TiGa2)2,Tetragonal,16.54838,6.67793,70.165,174.28986,421.56978
mp-1025165,Zr(VGa2)2,Tetragonal,15.26868,7.33315,88.202,216.2713,462.70528
mp-2221,Zr2Ag,Tetragonal,21.30368,7.54301,39.298,103.98251,275.34434
mp-2348,Zr2Au,Tetragonal,21.15104,9.9291,46.202,122.71251,261.00652
mp-1018104,Zr2Cd,Tetragonal,22.28591,7.32338,32.238,85.10832,249.09541
mp-193,Zr2Cu,Tetragonal,19.33667,7.04159,46.073,120.71126,318.1355
mp-266,Zr2Pd,Tetragonal,20.04833,7.97534,49.979,132.14448,308.0507
mp-31379,Zr2Sb,Tetragonal,22.73092,7.40767,29.962,82.1558,238.64541
mp-395,ZrAl3,Tetragonal,17.20294,4.15471,84.766,199.36963,575.30007
mp-30183,ZrAl5Ni2,Tetragonal,14.42621,4.94262,85.414,207.04354,564.37674
mp-24286,ZrH2,Tetragonal,9.15496,5.63732,31.121,86.51638,378.88131
mp-570578,ZrIn3,Tetragonal,22.42197,8.06642,48.163,119.25159,287.13821
mp-30147,ZrTiAs,Tetragonal,17.73895,6.67789,70.614,180.77184,414.28678
mp-10311,ZrVGe,Tetragonal,16.8891,7.03991,72.062,185.34346,414.85726
mp-7188,Al2Os,Tetragonal,5.78808,9.81099,142.279,341.4696,524.06905
mp-2554,Al3V,Tetragonal,4.34106,3.79825,98.236,232.42638,688.20101
mp-10909,AlRe2,Tetragonal,5.78808,15.50739,139.655,351.9306,410.87891
mp-1105,BaO2,Tetragonal,5.78808,5.53418,35.973,91.15558,330.149
mp-568912,Be12Nb,Tetragonal,1.33571,2.95065,144.017,317.98954,1105.64452
mp-571438,Be12V,Tetragonal,1.33571,2.4448,147.448,320.55195,1246.46503
mp-568827,Be12W,Tetragonal,1.33571,4.44833,154.988,342.83346,946.5954
mp-12761,BeAu2,Tetragonal,5.78808,15.55413,27.364,77.0023,185.06952
mp-13452,BePd2,Tetragonal,5.78808,9.88586,67.77,179.04834,378.5094
mp-10877,Ca(Al2Cu)4,Tetragonal,1.33571,4.32409,60.736,145.88787,501.37228
mp-30175,Ca(AlZn)2,Tetragonal,3.47285,3.93482,40.313,99.49248,397.66184
mp-5486,Ca(CuSi)2,Tetragonal,3.47285,4.62203,55.112,139.21291,454.99466
mp-7364,Ca(SiAu)2,Tetragonal,3.47285,8.62628,36.257,96.29859,258.1692
mp-567769,Ca(SiPd)2,Tetragonal,3.47285,5.89588,40.154,106.64902,337.20308
mp-571367,Hf(CoSi)2,Tetragonal,3.47285,8.97651,106.783,261.40478,484.93518
mp-30383,Hf2Au,Tetragonal,5.78808,15.20343,58.098,152.10056,240.03059
mp-30581,Hf2Cu,Tetragonal,5.78808,12.63581,54.412,142.45062,262.55581
mp-11454,Hf2Pd,Tetragonal,5.78808,13.39443,56.325,148.4727,256.44328
mp-568718,HfAl3,Tetragonal,4.34106,6.39833,83.347,198.19917,464.02548
mp-12693,Mg2Rh,Tetragonal,5.78808,4.94774,43.121,105.56021,380.34639
mp-12742,MgPd3,Tetragonal,4.34106,9.35298,40.626,110.34022,283.05604
mp-11252,MnAu2,Tetragonal,5.78808,14.83139,28.325,78.8568,182.38228
mp-31138,MnPd3,Tetragonal,4.34106,10.38422,53.987,144.25326,310.24983
mp-2123,Nb3Au2,Tetragonal,3.47285,12.49751,59.048,159.19341,278.84507
mp-1842,NbAl3,Tetragonal,4.34106,4.57535,103.51,243.86956,623.65412
mp-4131,Sc(CoSi)2,Tetragonal,3.47285,5.42403,91.058,228.37346,572.34146
mp-6969,Sc(CuSi)2,Tetragonal,3.47285,5.22974,66.368,169.10566,486.11488
mp-31081,Sc(MnAl2)4,Tetragonal,1.33571,4.05441,97.394,241.34233,647.86963
mp-11567,ScZn12,Tetragonal,1.33571,7.19434,49.667,123.77016,356.91646
mp-2592,Si2Mo,Tetragonal,5.78808,6.29488,180.217,418.46387,740.09207
mp-1620,Si2W,Tetragonal,5.78808,9.88578,189.139,440.69387,604.49779
mp-1299,SiPt2,Tetragonal,5.78808,14.95412,65.451,177.50311,282.33415
mp-30501,Ti2Cd,Tetragonal,5.78808,6.32568,29.006,78.49024,273.38438
mp-742,Ti2Cu,Tetragonal,5.78808,5.79268,54.059,142.60764,412.11504
mp-13164,Ti2Pd,Tetragonal,5.78808,7.01264,64.242,167.41465,401.05257
mp-2643,Ti3Cu4,Tetragonal,2.48061,6.87886,57.91,151.60838,405.39577
mp-542915,TiAl3,Tetragonal,4.34106,3.42029,86.395,203.8922,661.32075
mp-869,TaAl3,Tetragonal,4.34106,6.95826,103.376,246.03488,508.00391
mp-567842,TaBe12,Tetragonal,1.33571,4.2736,146.834,324.20947,930.09238
mp-30836,TaPd3,Tetragonal,4.34106,13.61231,86.887,229.20791,340.95434
mp-30852,TiPt8,Tetragonal,1.92936,19.5375,86.388,231.51984,284.95322
mp-30883,V4Zn5,Tetragonal,1.92936,7.18588,38.221,104.114,325.38418
mp-11029,Y(Al2Cu)4,Tetragonal,1.33571,4.7736,61.012,153.26214,482.27135
mp-4656,Y(Al2Fe)4,Tetragonal,1.33571,4.63269,84.62,206.81128,577.22989
mp-5129,Y(CoSi)2,Tetragonal,3.47285,6.05439,94.082,228.4311,534.91122
mp-3390,Y(CuSi)2,Tetragonal,3.47285,5.81224,76.153,188.09791,480.15672
mp-5288,Y(FeSi)2,Tetragonal,3.47285,5.79028,82.397,208.29962,511.08997
mp-3854,Y(MnSi)2,Tetragonal,3.47285,5.35553,76.237,190.28755,496.16926
mp-570452,Y(SiAu)2,Tetragonal,3.47285,9.75568,42.308,112.96236,264.83959
mp-4653,Y(SiIr)2,Tetragonal,3.47285,10.70539,104.133,260.3325,406.5728
mp-567749,Y(SiOs)2,Tetragonal,3.47285,10.43784,88.942,227.15787,379.24659
mp-4822,Y(SiPd)2,Tetragonal,3.47285,6.99441,52.738,139.43927,357.20895
mp-3441,Y(SiRh)2,Tetragonal,3.47285,7.1652,88.566,222.30066,460.3568
mp-568673,Y(SiRu)2,Tetragonal,3.47285,6.95955,80.006,204.49534,442.21781
mp-30886,YZn12,Tetragonal,1.33571,7.38884,54.123,132.38486,363.7735
mp-1380,Zn3Ru,Tetragonal,4.34106,9.14207,55.505,146.5332,347.2118
mp-1008395,C,Tetragonal,5.91324,3.37281,421.283,936.09083,2019.27412
mp-1095534,C,Tetragonal,10.39342,1.91893,64.776,169.71312,889.94181
mp-999200,Si,Tetragonal,21.25886,2.19377,46.823,117.90031,553.22789
mp-1113,BW2,Tetragonal,12.30922,17.01974,157.907,408.47383,439.44939
mp-12927,Ba(BeN)2,Tetragonal,13.59729,4.4786,62.055,153.77229,515.53542
mp-1029457,Ba(CoN)2,Tetragonal,16.53564,5.68803,35.797,95.29161,330.0786
mp-10289,Ca(BC)2,Tetragonal,10.59446,2.68714,95.251,231.45993,893.94934
mp-11918,Ca(BeN)2,Tetragonal,10.57024,2.70568,62.379,157.81887,725.70934
mp-31172,Ca5Ag3,Tetragonal,29.68758,3.66363,12.638,33.26322,200.35529
mp-793,Ca5Si3,Tetragonal,27.04908,2.1843,26.846,65.98747,384.97144
mp-2786,Ca5Zn3,Tetragonal,29.48659,2.79194,11.457,30.17774,218.92293
mp-12266,CaCuF4,Tetragonal,12.47719,3.9841,34.337,89.34487,424.21981
mp-30371,Cd5Au3,Tetragonal,19.91772,12.01522,11.916,33.91294,125.0013
mp-9075,CdCuF4,Tetragonal,12.22458,5.704,32.065,85.42116,346.75699
mp-12623,BaPdF4,Tetragonal,17.45996,5.06818,15.044,41.28074,224.42384
mp-2150,BaTe2,Tetragonal,39.95957,5.43722,14.972,38.1786,160.90393
mp-1019544,BaZrO3,Tetragonal,14.93813,6.14831,90.422,225.15078,516.87816
mp-1105622,Cs3CoCl5,Tetragonal,34.69754,3.37616,6.079,15.52577,137.57756
mp-24668,CsHF2,Tetragonal,18.16267,3.92926,8.117,21.38018,184.11394
mp-510557,CsN3,Tetragonal,21.83545,3.32568,7.301,18.89499,177.57976
mp-1915,Fe2B,Tetragonal,9.13817,7.42008,140.537,347.96961,685.68437
mp-30572,Hf2Ga,Tetragonal,19.47827,12.1256,63.266,161.20177,282.3309
mp-9939,Hf2Ge,Tetragonal,19.1003,12.45008,91.279,222.90332,334.75864
mp-19974,In2Ag,Tetragonal,22.39456,8.34189,15.587,41.71081,164.07558
mp-827,KN3,Tetragonal,16.36436,2.05783,11.746,29.59992,314.54145
mp-7387,KAgF4,Tetragonal,16.2684,3.79298,10.958,28.42505,226.56321
mp-5309,KAuF4,Tetragonal,17.0205,5.07413,10.288,26.72822,186.55831
mp-669347,KCuF3,Tetragonal,13.22511,4.00885,33.832,88.77517,414.13428
mp-23846,KHF2,Tetragonal,13.13802,2.4679,13.538,34.68436,333.59801
mp-19851,KInTe2,Tetragonal,35.1024,4.83837,9.325,23.1633,140.79046
mp-16648,LiSn4Rh,Tetragonal,20.94566,7.7255,40.822,100.91198,276.60015
mp-20202,MgSn4Ru,Tetragonal,21.68497,7.6603,49.19,120.61388,300.90496
mp-22483,NaInTe2,Tetragonal,31.7861,5.13278,15.869,37.54605,182.55481
mp-567735,Nd5Si3,Tetragonal,26.64973,6.27356,28.511,72.98816,236.58842
mp-2536,Ni2B,Tetragonal,8.52248,8.32611,98.426,259.45094,564.25792
mp-20599,PdPb2,Tetragonal,23.69805,12.16474,17.014,46.99267,139.10635
mp-29764,RbHF2,Tetragonal,15.26668,3.38468,10.868,28.14812,242.88133
mp-22255,RbInTe2,Tetragonal,37.55468,5.035,8.246,20.66448,127.004
mp-743,RbN3,Tetragonal,18.6688,2.83493,9.539,24.32445,231.36075
mp-11919,Sr(BeN)2,Tetragonal,11.90391,3.72892,68.742,169.2428,621.48786
mp-4651,SrTiO3,Tetragonal,11.96251,5.09399,101.114,252.785,646.30336
mp-1867,Ta2Ni,Tetragonal,15.48261,15.03632,83.263,222.64526,316.51433
mp-568411,Th2Ga,Tetragonal,27.67632,10.67572,32.054,83.78916,190.75939
mp-16370,Th2Ge,Tetragonal,27.93892,10.63317,41.432,106.06592,215.72124
mp-760414,Ti3PdO,Tetragonal,13.73242,6.43349,45.205,124.67539,372.58176
mp-12622,SrPdF4,Tetragonal,15.11336,4.94487,23.43,62.51124,296.32465
mp-30571,Tl2Au,Tetragonal,25.61852,13.08745,8.532,23.82134,92.93538
mp-570896,Tl2Pd,Tetragonal,22.60708,12.61386,12.66,35.34672,120.07144
mp-571160,Tl2Pt,Tetragonal,22.6382,14.76439,19.653,53.53477,137.55417
mp-28843,Tl2SnTe5,Tetragonal,34.83104,6.94538,8.949,23.2853,115.76274
mp-23488,Tl5Se2I,Tetragonal,33.28059,8.15,8.241,20.98159,104.34878
mp-22232,TlInSe2,Tetragonal,28.895,6.85481,11.724,29.98999,142.16015
mp-1836,TlSe,Tetragonal,29.41722,7.99706,9.644,24.99725,118.9768
mp-569833,Zr2Ga,Tetragonal,20.32548,6.86724,55.298,141.56288,345.6698
mp-328,Zr2Ni,Tetragonal,18.28447,7.29991,20.086,57.00407,213.33433
mp-1278,Zr2Si,Tetragonal,19.40607,6.00498,86.698,211.88991,466.3949
mp-9938,Hf2Si,Tetragonal,5.78808,11.53833,100.146,243.15449,367.77466
mp-21894,LiSn4Ir,Tetragonal,2.89404,8.94463,46.562,114.0769,274.54881
mp-21297,LiSn4Ru,Tetragonal,2.89404,7.77624,45.755,112.28277,292.22281
mp-13208,Mg2Pt,Tetragonal,5.78808,7.23237,36.113,92.59373,281.07028
mp-1332,Si3Mo5,Tetragonal,2.17053,8.22082,121.292,311.47786,527.53428
mp-1841,SiIr3,Tetragonal,4.34106,18.20852,102.452,275.80078,332.01424
mp-11278,Ta2Be,Tetragonal,5.78808,13.87204,111.426,278.565,382.13253
mp-574,Ta2Co,Tetragonal,5.78808,15.20658,78.733,210.37458,307.04396
mp-2783,Ta2Si,Tetragonal,5.78808,13.45697,108.228,277.9295,374.13172
mp-1989,Ta5Si3,Tetragonal,2.17053,12.97754,131.92,328.74464,420.6897
mp-568,TiSb2,Tetragonal,5.78808,7.43234,54.473,135.74672,321.11628
mp-568671,V5Si3,Tetragonal,2.17053,5.47098,121.043,300.42873,664.60234
mp-32780,AuCl,Tetragonal,25.73959,7.49705,2.471,6.86444,66.60263
mp-1890,BMo,Tetragonal,10.31132,8.59561,205.308,504.85237,742.23245
mp-7832,BW,Tetragonal,10.36844,15.587,196.608,494.90166,540.41049
mp-7374,Ba(CuO)2,Tetragonal,16.66428,5.90741,21.409,57.03358,250.20375
mp-1898,CeSi2,Tetragonal,20.36175,5.33586,47.956,122.00006,362.21758
mp-1080664,CrB,Tetragonal,8.20407,6.35621,230.98,553.2433,985.44946
mp-5767,DyPO4,Tetragonal,11.86245,6.00693,62.37,161.66304,472.05943
mp-4006,ErPO4,Tetragonal,11.56537,6.27511,66.446,172.49382,481.04302
mp-5632,DyAsO4,Tetragonal,13.09623,6.36975,54.647,143.50302,416.22863
mp-21192,GdSi2,Tetragonal,19.43235,6.07911,22.205,60.88611,238.92715
mp-4104,HoPO4,Tetragonal,11.7194,6.13764,63.957,166.2882,475.0563
mp-2062,LaSi2,Tetragonal,21.84155,4.94367,37.317,96.72566,326.40938
mp-754605,LiLuO2,Tetragonal,11.55695,7.6837,69.919,174.09831,443.26376
mp-5840,LiScO2,Tetragonal,10.15181,3.43072,81.291,198.51262,743.88611
mp-35388,LiSmSe2,Tetragonal,24.47236,5.34722,27.524,68.25952,258.56895
mp-38280,LiTiO2,Tetragonal,8.61035,4.18526,122.647,296.80574,873.02726
mp-7644,LuAsO4,Tetragonal,12.37537,7.01959,63.025,163.865,433.50341
mp-675798,NaHoF4,Tetragonal,12.7209,5.74172,32.839,85.3814,343.64682
mp-755586,NaLaO2,Tetragonal,16.33529,4.9275,37.902,98.621,364.7845
mp-8470,NaPrO2,Tetragonal,15.8419,5.13343,42.149,108.40723,380.07687
mp-754027,NaSmO2,Tetragonal,14.66316,5.81371,48.531,123.75405,393.07531
mp-8615,NbBO4,Tetragonal,9.05261,5.12738,141.476,356.80247,836.71545
mp-884,NdSi2,Tetragonal,20.85798,5.31841,25.855,70.17047,268.12468
mp-27760,PrSi2,Tetragonal,21.1792,5.1506,27.008,72.86758,276.87341
mp-546125,ScAsO4,Tetragonal,11.62935,4.37588,67.656,175.22904,579.75367
mp-4200,ScPO4,Tetragonal,10.49017,3.69163,78.155,199.76418,700.29707
mp-13900,Sr(CuO)2,Tetragonal,14.60256,5.61098,26.331,69.9878,297.73608
mp-5836,ThSiO4,Tetragonal,13.46677,6.66104,58.134,155.79912,416.35272
mp-15845,SrLi4N2,Tetragonal,13.89905,2.44741,28.749,72.96496,473.73322
mp-571342,TiGa2,Tetragonal,15.39934,6.73277,67.761,167.50519,422.78485
mp-390,TiO2,Tetragonal,11.464,3.85614,47.35,130.8754,524.38144
mp-5132,YPO4,Tetragonal,11.91445,4.27122,60.18,156.94944,549.85522
mp-7962,YbAgS2,Tetragonal,21.10994,6.7853,24.035,64.36573,227.07852
mp-642659,V2H,Tetragonal,9.5178,5.98368,57.721,157.34745,492.73662
mp-1047156,Zn(CuO2)2,Tetragonal,10.87985,5.59259,33.875,86.24575,372.33533
mp-30682,ZrGa,Tetragonal,19.20799,6.95697,75.217,184.88339,405.96799
mp-20800,ZrIn2,Tetragonal,22.18887,8.00402,44.771,113.53926,279.73922
mp-4820,ZrSiO4,Tetragonal,10.94705,4.63426,97.007,250.8601,688.38939
mp-31496,Li2Sn2Au,Tetragonal,3.47285,7.16923,21.387,55.73452,210.26617
mp-567705,TiAl2,Tetragonal,5.78808,3.59197,81.43,195.75772,626.96338
mp-78,Ge,Tetragonal,18.52409,6.5116,39.008,98.53421,308.35364
mp-92,Si,Tetragonal,14.95,3.11954,62.896,157.86896,605.59969
mp-84,Sn,Tetragonal,27.6501,7.12918,25.121,64.00831,206.7208
mp-4672,TbPS4,Tetragonal,22.94503,3.83755,22.162,55.84824,280.79442
mp-4998,Sr2IrO4,Tetragonal,13.84463,7.39273,47.185,126.17269,353.36238
mp-755478,CdBiO3,Trigonal,14.52692,8.44482,28.386,77.77764,253.96354
mp-554822,CsSb(PO4)2,Trigonal,16.36112,3.76039,27.719,62.92213,349.26045
mp-8724,K2TeO3,Trigonal,20.07491,3.49886,14.44,35.89784,249.32712
mp-1020011,Li14P2(N2O)3,Trigonal,9.08063,2.12973,68.471,161.18073,891.03539
mp-555678,Na4Ti5O12,Trigonal,11.11981,3.72111,60.956,158.72942,606.28844
mp-10326,Zn(ReO4)2,Trigonal,16.41799,5.20251,12.192,31.65043,203.08513
mp-23218,AsI3,Trigonal,42.52572,4.44789,2.604,6.23918,72.41416
mp-22849,BiI3,Trigonal,45.97649,5.32451,1.95,4.7034,56.63844
mp-6459,CaMg(CO3)2,Trigonal,10.66911,2.87001,41.324,107.35975,576.28852
mp-7922,CaPdF6,Trigonal,13.99604,3.86316,12.227,30.8854,248.22692
mp-8255,CaPtF6,Trigonal,14.49612,4.99945,11.715,29.2875,210.70664
mp-14398,CaSn(BO3)2,Trigonal,11.4185,4.01965,53.909,139.19304,540.07712
mp-13907,CdSnF6,Trigonal,14.79757,4.84092,11.044,25.46746,204.81901
mp-13545,BaIrF6,Trigonal,14.66427,6.27807,10.041,26.76931,173.9853
mp-8290,BaSnF6,Trigonal,14.64471,5.2446,19.878,50.29134,266.62291
mp-6122,Ba2NdSbO6,Trigonal,16.27565,6.49551,45.988,122.42006,350.4946
mp-2832,Cr2Se3,Trigonal,20.44789,5.53633,30.395,77.08172,284.18189
mp-27734,CrBr3,Trigonal,27.81737,4.35333,4.002,9.94097,106.6105
mp-567504,CrCl3,Trigonal,23.20576,2.83286,5.642,13.94702,167.35621
mp-541449,CrGeTe3,Trigonal,29.69517,5.67511,8.261,20.28902,129.36838
mp-3779,CrSiTe3,Trigonal,29.32488,5.24219,4.726,12.5428,103.59386
mp-9636,CsSbF6,Trigonal,17.77101,4.30594,4.926,12.88642,138.88692
mp-15639,HgRhF6,Trigonal,13.84256,6.26015,8.073,21.84554,160.51283
mp-36662,Ho(Mo3S4)2,Trigonal,18.08952,6.1019,45.48,117.06552,345.80653
mp-9888,Ir3Se8,Trigonal,19.86492,9.18239,55.304,135.82662,299.67012
mp-31096,Li3AlH6,Trigonal,8.57783,1.0425,24.109,59.25992,778.32782
mp-4608,KPF6,Trigonal,12.76814,2.99224,7.181,19.54668,226.08867
mp-30943,MgPSe3,Trigonal,24.97122,3.8856,6.512,16.07162,148.66048
mp-19734,MgPbF6,Trigonal,13.48421,5.31834,19.324,44.32926,266.42411
mp-7921,MgPdF6,Trigonal,11.87241,4.2784,22.643,54.43377,336.16481
mp-9927,MgRhF6,Trigonal,12.13041,4.12727,21.445,48.63726,328.44612
mp-3771,MgTiO3,Trigonal,10.25186,3.8929,74.471,193.6246,672.63263
mp-23546,Na2UI6,Trigonal,42.72849,4.51426,1.937,4.83863,62.813
mp-23054,NaBiO3,Trigonal,14.34057,6.48368,23.569,62.22216,264.08954
mp-9819,RbAsF6,Trigonal,14.81571,3.84405,6.896,17.97098,184.89785
mp-27421,RbBiF6,Trigonal,16.53458,5.12735,6.409,16.61213,148.85359
mp-1407,Rh3Se8,Trigonal,19.85478,7.14994,46.162,114.75873,310.96721
mp-23281,SbI3,Trigonal,43.99725,4.74107,2.106,5.18497,63.43709
mp-23309,ScCl3,Trigonal,27.04893,2.32231,3.138,7.96424,131.07715
mp-36508,SnHgF6,Trigonal,15.09862,5.95663,9.206,23.25436,169.43057
mp-13993,Ti3NiS6,Trigonal,17.12632,3.82679,41.198,104.14854,420.88181
mp-623024,TiCdF6,Trigonal,14.29444,3.98261,14.26,33.14024,260.27851
mp-13641,TiCdO3,Trigonal,11.90441,5.81046,42.573,116.56487,399.84725
mp-571518,WCl6,Trigonal,27.27662,3.44879,0.526,1.42336,45.28878
mp-13610,ZnPbF6,Trigonal,13.69227,5.86064,16.281,38.45572,232.23679
mp-13983,ZnPdF6,Trigonal,12.02017,4.9356,21.554,54.87648,306.37787
mp-8256,ZnPtF6,Trigonal,12.2019,6.37037,19.578,49.25825,255.34347
mp-15637,ZnRhF6,Trigonal,12.23418,4.78964,19.802,50.09906,295.55327
mp-13903,ZnSnF6,Trigonal,13.17534,4.69648,19.106,44.13486,283.72072
mp-12699,Ca3Au4,Trigonal,2.48061,9.24637,16.615,45.05988,158.00585
mp-30066,Sb7Pd20,Trigonal,0.64312,11.03711,28.979,81.31507,215.08667
mp-8601,Te4Mo3,Trigonal,2.48061,7.16386,13.203,34.90873,151.98604
mp-128,Ge,Trigonal,21.63457,5.57541,40.309,97.46716,317.44276
mp-7,S,Trigonal,25.46648,2.09079,1.075,2.70685,84.18644
mp-147,Se,Trigonal,29.78761,4.4017,4.031,9.13425,102.50226
mp-571520,Si,Trigonal,18.12256,2.57343,60.71,145.21832,608.05392
mp-504908,In2TeO6,Trigonal,12.37914,6.75518,60.251,158.33963,432.90488
mp-4829,Na2ThF6,Trigonal,12.87673,5.61689,26.423,67.64288,310.239
mp-16136,Sr3TaGa3(SiO7)2,Trigonal,13.66774,4.92914,46.289,119.14789,425.44426
mp-28731,V6C5,Trigonal,9.74207,5.66674,175.41,422.38728,857.75542
mp-306,B2O3,Trigonal,9.02509,2.5619,36.019,79.31384,594.75541
mp-4236,BaZnO2,Trigonal,17.02038,5.72529,33.339,88.14832,314.43801
mp-12403,LiBF4,Trigonal,11.68444,2.22045,7.539,19.34507,275.77611
mp-7000,SiO2,Trigonal,12.62505,2.63424,46.637,91.96816,588.20209
mp-19,Te,Trigonal,17.36424,5.8752,14.952,35.67547,157.81865
mp-555760,S,Trigonal,25.91267,2.05479,4.006,9.93488,162.73543
mp-567313,Te,Trigonal,36.22952,5.8484,15.001,35.70238,158.01972
mp-9844,BaAl2B2O7,Trigonal,15.3224,2.93428,30.704,82.53235,435.48131
mp-6870,KBe2BO3F2,Trigonal,11.4106,2.48896,34.42,83.84712,551.35863
mp-976976,MgPd5,Trigonal,15.16856,10.15183,37.371,102.99448,261.82011
mp-362,Ni3S2,Trigonal,13.09784,6.09075,55.258,144.77596,427.65363
mp-2056,Ni3Se2,Trigonal,14.88125,7.45395,47.072,122.85792,341.69179
mp-33723,BiTeBr,Trigonal,36.50005,6.31587,4.678,11.35818,86.54908
mp-22965,BiTeI,Trigonal,40.28688,6.36795,4.804,11.26058,83.93078
mp-570437,CdI2,Trigonal,37.96077,5.33992,3.143,8.1718,77.18738
mp-1008506,BaGaSiH,Trigonal,20.93145,4.68345,37.37,89.16482,337.28412
mp-675349,DyCuSe2,Trigonal,22.96304,6.94149,28.215,73.9233,237.02133
mp-1014251,HfZnN2,Trigonal,11.99397,9.41142,85.889,223.65496,440.69985
mp-29057,Nb3SBr7,Trigonal,26.56873,4.9438,7.903,19.71008,142.1421
mp-6980,ScCuS2,Trigonal,18.13542,3.95169,37.063,96.28967,388.52595
mp-570485,SrAlSiH,Trigonal,19.22767,3.10245,40.529,96.37796,442.86401
mp-1014244,ZrZnN2,Trigonal,12.31322,6.22527,80.045,208.75736,518.91803
mp-16886,CdAu,Trigonal,18.94281,13.56012,26.46,72.55332,176.94595
mp-672289,Ge3N4,Trigonal,12.43642,5.22543,90.833,229.98916,598.477
mp-2802611,H3ClO,Trigonal,13.79538,1.31145,4.34,11.07568,251.48792
mp-7375,KNbO3,Trigonal,13.28512,4.4998,30.726,83.88198,371.82931
mp-22958,KBrO3,Trigonal,16.79194,3.30291,10.994,27.6609,239.44652
mp-1434,MoS2,Trigonal,18.97378,4.66964,16.102,39.61092,233.33104
mp-546500,NaCNO,Trigonal,13.74377,1.96354,12.586,32.77394,355.90015
mp-15651,NiSe,Trigonal,15.78167,7.24191,46.377,121.87876,337.58889
mp-28872,RbBrO3,Trigonal,17.78352,3.98469,9.591,24.15014,200.04476
mp-16318,RbTiS2,Trigonal,22.2507,3.68413,31.835,79.26915,345.86824
mp-10014,TaS2,Trigonal,20.35071,6.6658,18.066,44.47849,201.47988
mp-23162,ZrCl2,Trigonal,22.28432,4.02709,12.215,28.92512,206.91421
mp-3532,CrAgSe2,Trigonal,4.34106,6.22404,22.96,61.39504,232.58331
mp-938,GeTe,Trigonal,8.68212,5.94728,20.165,50.25118,200.60904
mp-552185,AgNO3,Trigonal,12.51045,4.50952,7.759,21.5545,193.49835
mp-989524,LaWN3,Trigonal,12.99968,9.31881,55.095,148.97688,346.89014
mp-3731,LiNbO3,Trigonal,10.72656,4.57749,49.129,127.14585,496.57685
mp-3666,LiTaO3,Trigonal,10.51249,7.45208,72.113,180.57095,472.2767
mp-542136,Na3PSO3,Trigonal,15.4992,2.41067,22.051,55.56852,401.65598
mp-4514,NaNbO3,Trigonal,12.169,4.47289,37.235,99.41745,421.35462
mp-22286,Ag5(PbO3)2,Trigonal,15.28145,8.77449,19.145,53.64429,202.0996
mp-31220,AlSiTe3,Trigonal,30.48783,4.76974,8.574,21.50359,143.62492
mp-9127,Ba(SbO3)2,Trigonal,15.8867,5.53794,41.371,107.31637,363.31075
mp-9125,Ca(SbO3)2,Trigonal,13.35807,5.24303,50.345,128.98389,436.06862
mp-8922,Cd(SbO3)2,Trigonal,12.85417,6.48681,47.314,123.86805,386.63443
mp-754065,Hg(SbO3)2,Trigonal,13.29855,7.49344,30.952,84.31325,289.70825
mp-33090,V2N,Trigonal,10.40297,6.16617,142.833,363.93848,732.38867
mp-2750,Cr2Te3,Trigonal,25.74352,6.27993,25.838,64.33662,226.31573
mp-6134,LiCaAlF6,Trigonal,12.12031,2.86174,37.152,93.92026,519.16016
mp-554041,Na2Al2B2O7,Trigonal,12.33233,2.41913,33.783,85.60612,535.33661
mp-29417,Na3ScBr6,Trigonal,29.81027,3.30517,6.566,17.17666,152.64572
mp-11107,Ac2O3,Trigonal,18.30224,9.10913,35.758,95.97447,251.96189
mp-1391,Ag2F,Trigonal,14.82711,8.76292,18.365,51.09143,200.13595
mp-8281,Ba(CdAs)2,Trigonal,27.94024,6.08573,26.805,66.95889,229.39503
mp-8279,Ba(CdP)2,Trigonal,25.96811,5.4238,32.604,80.53188,273.81053
mp-8150,Ba(CdSb)2,Trigonal,32.9865,6.09787,16.34,42.58204,170.34314
mp-8280,Ba(MgAs)2,Trigonal,27.1678,4.10468,33.213,79.9769,311.9715
mp-29209,Ba(MgBi)2,Trigonal,34.62772,5.79187,21.056,51.71354,193.37647
mp-8278,Ba(MgP)2,Trigonal,25.27604,3.25701,38.104,91.52581,383.55937
mp-9567,Ba(MgSb)2,Trigonal,32.72693,4.35806,24.844,60.66905,246.38398
mp-3862,Ca(AlGe)2,Trigonal,21.54246,3.68948,37.748,93.38855,380.64672
mp-7067,Ca(CdAs)2,Trigonal,24.31639,5.66447,29.511,73.83652,261.4827
mp-9570,Ca(CdP)2,Trigonal,22.51473,4.82123,34.608,86.38157,314.33781
mp-23879,Ca(HO)2,Trigonal,10.71792,2.29585,21.012,52.65607,457.22761
mp-9564,Ca(MgAs)2,Trigonal,23.36242,3.39083,36.09,87.26562,376.5483
mp-29208,Ca(MgBi)2,Trigonal,30.3448,5.545,22.208,54.89818,212.36773
mp-9565,Ca(MgSb)2,Trigonal,28.51373,3.86933,26.42,64.88752,282.6882
mp-9571,Ca(ZnAs)2,Trigonal,20.88849,5.09946,35.241,87.75009,316.75582
mp-1029258,Ca(ZnN)2,Trigonal,12.32256,5.36085,79.606,196.3084,552.99055
mp-9569,Ca(ZnP)2,Trigonal,19.0264,4.06431,45.563,111.17372,414.53254
mp-30031,CaI2,Trigonal,42.69062,3.81045,2.514,6.18444,78.14156
mp-5795,CaMg2N2,Trigonal,13.1254,2.95286,73.927,178.60763,700.38552
mp-643264,BaMg2FeH8,Trigonal,10.44351,3.3105,40.431,96.06406,525.05189
mp-567510,BaSn2,Trigonal,36.1999,5.73005,17.29,44.0895,174.51913
mp-643370,Ba2MgH6,Trigonal,14.27712,3.94162,30.856,73.06701,379.00121
mp-6474,Ba3MgNb2O9,Trigonal,14.27548,5.94085,78.056,194.51555,493.51918
mp-755263,CrS2,Trigonal,17.71638,3.62813,19.441,48.75803,294.59875
mp-685055,CrTe2,Trigonal,26.71059,6.3659,16.759,42.40027,179.27813
mp-13948,Cs2HfF6,Trigonal,19.35033,5.32328,9.084,23.5639,163.59718
mp-6654,Cs2LiGaF6,Trigonal,18.14932,4.17635,9.426,24.88464,190.5035
mp-8995,Cs2NbF6,Trigonal,19.24366,4.53223,9.447,24.8834,181.52843
mp-8191,Cs2PtF6,Trigonal,18.57962,5.70888,7.681,20.07813,147.68765
mp-20151,Eu(AlGe)2,Trigonal,22.17635,5.2596,38.376,93.56069,317.54495
mp-20595,Eu(AlSi)2,Trigonal,21.50834,4.04703,42.25,103.259,382.9962
mp-570081,CuI,Trigonal,27.60193,5.72877,4.377,10.92499,96.67843
mp-7121,Dy(AlSi)2,Trigonal,19.85555,4.56013,43.513,110.17492,378.51981
mp-12669,Dy2SO2,Trigonal,16.33458,7.91028,65.3,165.862,376.26438
mp-7297,Cs2SnF6,Trigonal,19.13792,4.80603,8.75,22.6975,169.78374
mp-7903,Cs2ZrF6,Trigonal,19.47938,4.46145,9.167,23.68753,179.17608
mp-27544,Cs3Bi2Br9,Trigonal,39.50939,4.61062,4.661,11.84826,98.86439
mp-9386,CsAu3Se2,Trigonal,31.53843,7.73733,2.961,7.86442,66.40742
mp-553303,CsCu3O2,Trigonal,20.79558,4.73171,7.237,15.70429,147.92628
mp-7786,CsCu3S2,Trigonal,27.09986,3.9591,7.343,17.75537,150.44297
mp-22609,Eu(CdP)2,Trigonal,23.26669,6.26246,35.029,85.96117,273.66355
mp-19774,Eu(CdSb)2,Trigonal,30.03179,6.85968,18.867,48.60139,177.66429
mp-1006146,Eu(MgBi)2,Trigonal,31.53577,6.51388,22.291,54.4792,193.38431
mp-582736,Eu(MgSb)2,Trigonal,29.61525,4.98011,26.016,62.90669,243.43396
mp-22880,Feb-02,Trigonal,26.44802,4.51326,5.828,14.76815,127.86951
mp-571096,FeCl2,Trigonal,22.16074,3.16588,5.459,13.60383,157.11807
mp-571122,FeI2,Trigonal,33.13281,5.17304,5.833,14.86248,110.86796
mp-11397,Ga3Ni2,Trigonal,13.55552,8.00056,64.945,164.70052,398.79032
mp-4805,Gd2SO2,Trigonal,17.16124,7.32604,60.067,152.93058,368.69418
mp-14791,Ge2Te5As2,Trigonal,27.89613,6.17166,21.48,50.52096,202.18787
mp-15986,Hf(CuP)2,Trigonal,15.13249,8.06605,67.701,172.77295,389.67663
mp-1029330,Hf2SeN2,Trigonal,14.86284,10.36697,81.861,209.56416,380.24779
mp-985829,HfS2,Trigonal,23.15722,5.7992,12.581,29.18792,172.80565
mp-985831,HfSe2,Trigonal,26.24777,7.09421,12.019,29.11002,146.0758
mp-32887,HfTe2,Trigonal,32.35779,7.41871,10.089,23.52755,120.25719
mp-9006,Ho2CF2,Trigonal,14.32532,8.80659,65.305,162.47884,372.17638
mp-21385,In3Ni2,Trigonal,17.64928,8.69049,55.446,141.60908,322.21976
mp-510437,In3Pd2,Trigonal,20.04866,9.23162,35.851,94.79004,243.27676
mp-7979,K2PdF6,Trigonal,14.3464,3.84029,9.335,24.75642,217.57481
mp-3821,K2PtF6,Trigonal,14.57434,4.90267,10.53,27.5886,202.76412
mp-7824,K2ReF6,Trigonal,14.81282,4.71317,10.888,28.67899,209.17733
mp-3970,K2TiF6,Trigonal,14.27532,3.10263,12.002,31.49325,273.82163
mp-8132,Li(TiSe2)3,Trigonal,24.9068,4.16223,17.774,42.44431,227.07278
mp-8181,Li2CeN2,Trigonal,12.01036,5.03294,65.413,163.92498,521.98704
mp-1029385,Li2SnN2,Trigonal,9.98322,5.3428,85.985,205.67612,615.91181
mp-3216,Li2ZrN2,Trigonal,10.11496,4.37075,113.262,264.35351,774.19662
mp-1968,La2O3,Trigonal,16.35677,6.61523,39.07,105.41086,321.15583
mp-1018764,Li3HoSb2,Trigonal,21.06885,5.63885,33.579,80.45528,290.78868
mp-8407,Li3LaP2,Trigonal,17.75654,3.45508,45.426,107.56877,456.41435
mp-1018770,Li3PrBi2,Trigonal,24.03177,6.67589,27.09,65.44944,229.94465
mp-1018780,Li3SmBi2,Trigonal,23.33395,6.98765,28.031,67.61077,230.8812
mp-4226,LiCrS2,Trigonal,15.78579,3.23642,40.013,99.39229,463.58264
mp-9615,LiTiS2,Trigonal,15.80479,3.12407,48.553,116.72141,517.23912
mp-865185,Mg(BeAs)2,Trigonal,15.917,4.00968,45.528,113.91106,443.86879
mp-11917,Mg(BeN)2,Trigonal,7.58558,3.07971,166.544,384.05046,1227.81227
mp-30247,Mg(HO)2,Trigonal,7.87647,2.45902,40.488,96.36144,676.87085
mp-1541458,Mg(ReO4)2,Trigonal,16.23761,4.87817,11.846,28.66732,205.45218
mp-29624,Mg2Al2Se5,Trigonal,23.75342,3.86334,10.996,26.96219,195.31377
mp-569018,Mg3Bi2,Trigonal,28.05092,5.81171,14.436,38.28427,173.8253
mp-30034,MgBr2,Trigonal,27.4995,3.70585,2.537,6.8296,93.66125
mp-23205,MgI2,Trigonal,36.10967,4.26312,4.314,11.19052,102.71032
mp-28306,MnBr2,Trigonal,28.05137,4.23739,6.232,15.30579,133.85874
mp-28013,MnI2,Trigonal,35.84768,4.76727,4.455,11.11968,97.9644
mp-29069,Na(CuS)4,Trigonal,16.67613,4.48571,22.313,59.35258,293.18283
mp-29950,Nb3Cl8,Trigonal,23.2492,3.65132,8.72,21.364,181.66553
mp-28938,Nb3TeCl7,Trigonal,25.24517,3.91364,8.64,21.04704,169.36902
mp-3211,Nd2SO2,Trigonal,18.62617,6.28599,55.72,142.53176,373.12822
mp-2578,NiTe2,Trigonal,23.15077,7.50489,22.605,59.99367,203.30071
mp-3006,P2Pd3S8,Trigonal,24.27716,3.35539,5.003,11.5069,140.07543
mp-3236,Pr2SO2,Trigonal,19.14103,6.0012,54.191,138.72896,373.16968
mp-571554,PrAlSi2,Trigonal,21.12663,4.40275,40.872,104.30534,365.65014
mp-762,PtS2,Trigonal,20.34786,7.05127,8.299,21.95915,135.43327
mp-7949,Rb2GeF6,Trigonal,15.47355,4.26357,9.303,24.26222,200.08711
mp-13947,Rb2HfF6,Trigonal,16.90546,5.05767,11.185,28.65597,194.80322
mp-8994,Rb2NbF6,Trigonal,16.75534,4.16057,9.05,23.8377,194.60509
mp-10919,Rb2PtC2,Trigonal,26.32485,4.92066,17.029,44.17323,209.03017
mp-13946,Rb2ZrF6,Trigonal,17.11217,4.05567,10.778,27.39768,212.52203
mp-9385,RbAu3Se2,Trigonal,29.68509,7.77813,3.555,9.48474,73.94915
mp-28479,Sc2CCl2,Trigonal,20.68955,2.77424,11.575,29.42365,246.8057
mp-28480,Sc2NCl2,Trigonal,17.76204,3.2688,17.814,44.32123,298.39138
mp-1170,SnS2,Trigonal,24.27541,4.16901,10.862,25.80811,186.94042
mp-665,SnSe2,Trigonal,27.63568,5.5406,9.691,22.73509,145.41103
mp-6931,Sr(AlSi)2,Trigonal,22.62537,2.90275,38.924,95.59734,427.44771
mp-7771,Sr(CdAs)2,Trigonal,25.95479,5.91523,28.778,71.65722,247.09413
mp-8277,Sr(CdP)2,Trigonal,24.06838,5.16602,34.745,85.82015,297.1618
mp-7432,Sr(CdSb)2,Trigonal,30.88261,5.97875,17.071,44.48703,179.79772
mp-863260,Sr(MgAs)2,Trigonal,25.05285,3.79227,35.48,85.22296,344.69385
mp-9566,Sr(MgSb)2,Trigonal,30.39634,4.14912,26.095,63.6718,265.40486
mp-7770,Sr(ZnAs)2,Trigonal,22.38361,5.46422,33.006,82.25095,289.54265
mp-8276,Sr(ZnP)2,Trigonal,20.47471,4.54796,43.654,106.51576,374.33895
mp-7431,Sr(ZnSb)2,Trigonal,27.30227,5.61931,12.806,34.88354,168.78207
mp-559976,Ta2CS2,Trigonal,16.51005,8.81132,23.124,56.60755,212.0546
mp-782,Te2Pd,Trigonal,25.02504,7.99845,17.97,48.44712,171.80098
mp-399,Te2Pt,Trigonal,25.90152,9.62253,28.839,71.34769,193.13595
mp-1215,Ti2O,Trigonal,12.14819,5.09096,110.136,275.34,670.42018
mp-7390,SrGe2,Trigonal,25.37112,5.0811,25.775,65.3654,255.06588
mp-10550,SrMg2N2,Trigonal,14.71592,3.70663,71.102,170.21819,587.19998
mp-569708,TiPt3,Trigonal,15.11291,17.39107,105.465,275.05272,332.61187
mp-2156,TiS2,Trigonal,20.38513,3.04103,15.707,36.50307,275.09594
mp-2194,TiSe2,Trigonal,23.17836,4.91432,5.916,15.06214,128.51518
mp-1907,TiTe2,Trigonal,28.36279,5.91449,14.171,34.60558,166.86876
mp-10402,TiTl2F6,Trigonal,16.06148,6.55498,7.213,19.79247,141.39002
mp-4638,TlCrTe2,Trigonal,29.06867,7.30596,20.607,51.59993,180.73414
mp-7038,TlPd2Se3,Trigonal,23.63964,7.65779,12.159,30.90818,146.51951
mp-9272,TlPt2S3,Trigonal,22.41181,8.52981,15.986,40.12486,161.77858
mp-541487,TlPt2Se3,Trigonal,24.19922,9.50874,14.331,35.45489,141.19913
mp-9251,TlTe3Pt2,Trigonal,27.77378,9.73898,15.407,37.80878,137.50345
mp-3556,Tm2SO2,Trigonal,15.51087,8.60589,70.856,179.40739,382.27736
mp-753920,Tm2SeO2,Trigonal,16.36334,9.10933,67.155,169.63353,355.27244
mp-10405,Yb(AlSi)2,Trigonal,19.36675,4.85597,43.955,106.98647,373.89316
mp-9582,Yb(ZnP)2,Trigonal,17.89248,6.78983,49.154,119.64084,342.31422
mp-5381,U2PN2,Trigonal,16.48717,10.77763,86.061,217.56221,366.98849
mp-5739,U2SN2,Trigonal,16.96866,10.49317,79.861,199.6525,353.20662
mp-3048,U2SeN2,Trigonal,17.92196,10.80402,70.395,178.09935,321.75491
mp-22877,VCl2,Trigonal,23.28253,2.89677,9.518,21.92947,210.75666
mp-1018138,VI2,Trigonal,34.82336,4.84397,5.8,14.3724,111.9139
mp-694,VSe2,Trigonal,21.51871,5.37242,11.236,27.88775,173.17244
mp-10521,Y(AlGe)2,Trigonal,21.11555,4.53204,38.044,96.70785,347.35101
mp-8219,Zr(CuP)2,Trigonal,15.36509,6.05774,64.32,165.17376,436.4185
mp-1186,ZrS2,Trigonal,23.76303,3.61867,13.618,33.01003,225.42708
mp-2076,ZrSe2,Trigonal,26.83464,5.13905,11.72,28.22176,167.73094
mp-1018107,ZrTe2,Trigonal,32.41359,5.91573,13.397,30.19684,153.6856
mp-1057,Al3Ni2,Trigonal,3.47285,4.88377,87.345,214.51932,588.72779
mp-10901,Al3Pd2,Trigonal,3.47285,6.1383,63.127,162.61515,425.26511
mp-10905,Al3Pt2,Trigonal,3.47285,9.83533,77.09,197.50458,370.85149
mp-7704,Ca(AlSi)2,Trigonal,3.47285,2.37042,42.058,102.5374,503.20724
mp-7430,Ca(CdSb)2,Trigonal,3.47285,5.8065,20.206,51.76777,201.87948
mp-7429,Ca(ZnSb)2,Trigonal,3.47285,5.37724,14.186,38.38732,185.30814
mp-505825,Cs2PtC2,Trigonal,3.47285,5.4879,14.59,38.10908,176.74001
mp-7088,Ta2C,Trigonal,5.78808,14.95998,145.673,368.26134,431.2527
mp-10435,Y(AlSi)2,Trigonal,3.47285,3.30569,41.59,105.72178,433.6641
mp-905,LaF3,Trigonal,13.59022,5.9841,39.391,104.70128,360.57695
mp-17481,Mg4Ta2O9,Trigonal,10.77634,6.1956,76.439,195.83672,530.21817
mp-1591,Al4C3,Trigonal,11.41463,2.99175,112.747,273.74972,900.45746
mp-160,B,Trigonal,7.2291,2.48331,172.392,406.15555,1413.69109
mp-576,B13C2,Trigonal,7.42255,2.45437,155.259,378.21092,1344.04027
mp-2331,B2Mo,Trigonal,9.12968,7.12753,211.409,513.72387,859.64363
mp-1346,B6O,Trigonal,7.31676,2.62177,207.712,478.15302,1501.87375
mp-28395,B6P,Trigonal,8.71948,2.60739,173.797,403.55663,1300.06594
mp-2686,Ca2N,Trigonal,24.08502,2.16401,15.634,40.6484,309.56607
mp-22936,Ca2NCl,Trigonal,19.04774,2.8249,35.853,89.13056,441.92556
mp-11430,Ca3Al7Ag2,Trigonal,20.17905,3.59911,35.969,90.42607,385.43755
mp-8308,Ca3Ni7B2,Trigonal,13.23739,5.7778,50.245,129.53161,416.12373
mp-4124,CaCN2,Trigonal,14.58349,2.28019,20.23,55.34928,410.29179
mp-567456,CaGe2,Trigonal,23.94014,4.28561,36.036,86.9909,332.20312
mp-1029359,CaHfN2,Trigonal,12.97265,7.89079,121.918,294.55389,551.50046
mp-7041,CaHgO2,Trigonal,17.46067,6.48277,18.564,50.97674,220.2094
mp-2699,CaSi2,Trigonal,21.86347,2.43672,43.161,105.1402,496.1269
mp-3960,CaUO4,Trigonal,12.72803,7.43867,54.77,145.1405,389.08491
mp-1029267,CaZrN2,Trigonal,13.33306,4.9604,113.863,276.00391,666.49973
mp-10969,CdCN2,Trigonal,13.31096,4.75406,26.788,72.59548,337.28854
mp-22881,CdCl2,Trigonal,26.22371,3.86934,5.888,14.40205,139.33181
mp-2695851,CdHgO2,Trigonal,17.43138,8.2163,16.08,45.08832,181.9016
mp-542458,Ce2Zn17,Trigonal,15.94506,7.63073,52.03,127.16132,343.81398
mp-14006,BaGeF6,Trigonal,13.84045,4.85844,21.423,56.17111,293.90013
mp-569396,BaLi2(MgGe)2,Trigonal,23.15999,3.53473,27.584,66.14643,322.15425
mp-570771,BaLi2(MgSi)2,Trigonal,22.64,2.68224,29.927,71.64524,387.97941
mp-19799,BaPbF6,Trigonal,15.89144,5.98896,17.411,46.31326,228.42791
mp-8291,BaTiF6,Trigonal,14.34875,4.32797,22.261,58.01217,312.89654
mp-541837,Bi2Se3,Trigonal,30.35557,7.16434,7.588,18.42366,109.45848
mp-29666,Bi2Te2Se,Trigonal,34.24774,7.29348,9.841,23.55935,117.91529
mp-1018098,Ba2BrN,Trigonal,29.85609,5.12472,16.787,43.81407,194.61495
mp-552934,Ba2CuBrO2,Trigonal,26.88244,4.63384,14.478,38.74313,197.50188
mp-3857,Ba3(PO4)2,Trigonal,14.86314,5.17293,29.566,77.22639,325.30892
mp-19807,Co3(SnS)2,Trigonal,15.43656,7.35099,54.94,139.65748,365.25163
mp-1226352,Cr2Ir2C,Trigonal,11.34098,14.65473,187.727,468.04096,528.03788
mp-7988,Cs2O,Trigonal,34.07413,4.57783,3.041,7.89444,85.31084
mp-1102078,DyNi3,Trigonal,14.34847,9.79592,52.85,139.7354,319.12274
mp-1007908,DyTlTe2,Trigonal,34.80946,7.41891,17.633,44.1883,156.43418
mp-1007907,ErTlTe2,Trigonal,34.42118,7.56,17.841,44.63818,156.40807
mp-573316,CsPt2Se3,Trigonal,28.83185,7.29478,10.872,28.02802,133.18621
mp-14116,CuRhO2,Trigonal,11.72818,7.02442,42.539,117.40764,366.51359
mp-12574,Dy2C,Trigonal,22.77845,8.18931,26.988,69.9529,213.08436
mp-561751,CsErS2,Trigonal,28.48815,5.30857,26.154,64.86192,240.51245
mp-8211,GaGeTe,Trigonal,28.73353,5.20048,10.596,25.81186,155.00638
mp-753721,GdOF,Trigonal,13.8114,7.70463,53.616,141.01008,367.9052
mp-567441,HfIN,Trigonal,21.21515,8.33332,11.256,28.59024,140.75528
mp-541911,HfNCl,Trigonal,17.46541,7.22417,11.245,30.04664,162.48932
mp-1640,Ho2C,Trigonal,22.31075,8.48157,28.625,74.13875,217.15453
mp-1007663,HoTlTe2,Trigonal,34.59857,7.4933,17.83,44.575,156.79536
mp-20708,In2Ni3S2,Trigonal,16.07902,6.93182,27.627,71.99596,264.67011
mp-8608,K(Cu2As)2,Trigonal,17.817,5.89988,20.635,54.64148,240.44182
mp-6494,K2Ca(CO3)2,Trigonal,13.6579,2.6338,21.788,56.4745,403.50076
mp-8891,K2Zr(BO3)2,Trigonal,13.50552,3.20838,34.028,86.90751,453.33813
mp-753260,LaAgO2,Trigonal,19.35643,5.9788,23.117,63.89539,247.10868
mp-1018134,Li,Trigonal,20.40189,0.56494,4.151,11.31563,332.31998
mp-754158,KNdO2,Trigonal,17.70585,5.04888,38.368,97.22451,351.74754
mp-4519,KPrO2,Trigonal,18.07851,4.86824,36.621,93.09058,347.68191
mp-30533,KPt2S3,Trigonal,23.25526,6.25342,13.097,34.52369,170.04776
mp-14796,KPt2Se3,Trigonal,25.88264,7.12293,11.179,29.13247,141.85575
mp-8013,KRuF6,Trigonal,14.76674,3.57256,4.906,12.89297,161.75729
mp-8188,KScO2,Trigonal,13.72141,3.51113,57.465,143.6625,560.8184
mp-15783,KSmS2,Trigonal,27.10803,3.88347,25.094,62.38368,280.14713
mp-8175,KTlO2,Trigonal,15.75741,7.25763,27.414,72.97607,260.64223
mp-753774,KTmO2,Trigonal,15.32177,6.50351,50.551,126.78191,373.1095
mp-8409,KYO2,Trigonal,16.02214,4.14569,46.437,116.37112,441.21034
mp-755010,KYbO2,Trigonal,15.16222,6.68436,18.755,51.08862,229.80995
mp-14205,K3Cu3As2,Trigonal,24.38432,3.89674,10.21,26.81146,187.2891
mp-7439,K3Cu3P2,Trigonal,23.08832,3.32528,10.614,27.95728,210.43435
mp-29584,K4BeAs2,Trigonal,34.40839,2.1734,8.037,20.65509,197.00351
mp-9872,K4BeP2,Trigonal,32.24794,1.67244,8.524,22.14535,236.43746
mp-29585,K4CdAs2,Trigonal,38.51448,2.57855,7.057,18.27763,163.61891
mp-28302,K4CdP2,Trigonal,36.10298,2.17325,7.963,20.56047,193.16903
mp-29484,K4HgAs2,Trigonal,38.16646,3.15013,7.232,18.57178,150.19288
mp-8753,K4HgP2,Trigonal,35.89913,2.76828,8.277,21.17257,174.54457
mp-571461,K4ZnAs2,Trigonal,36.49638,2.41563,7.556,19.31314,177.74843
mp-11719,K4ZnP2,Trigonal,34.17733,1.96947,8.485,21.84039,213.21769
mp-4026,KCrS2,Trigonal,20.43493,3.15338,34.149,84.96271,398.39176
mp-7959,KErO2,Trigonal,15.52869,6.37207,49.484,124.0069,371.32819
mp-754883,KHoO2,Trigonal,15.77971,6.20944,47.939,120.51865,368.24598
mp-1018031,KInO2,Trigonal,14.5581,5.3015,43.643,112.07522,392.40069
mp-15781,KLaS2,Trigonal,29.11066,3.45297,20.828,52.65318,264.86338
mp-9568,Li3Ga2,Trigonal,14.69992,3.62088,28.594,68.73998,379.61858
mp-29149,Li4NCl,Trigonal,12.35174,1.7303,28.342,68.87106,580.31916
mp-12283,Li5Tl2,Trigonal,18.3703,5.72665,16.195,39.74253,211.33117
mp-8001,LiAlO2,Trigonal,7.94888,3.44278,96.813,236.8046,881.70791
mp-15789,LiDyS2,Trigonal,20.20276,4.79952,27.451,69.39613,291.38301
mp-15795,LiDySe2,Trigonal,22.94674,5.92236,24.176,60.63341,235.75833
mp-15791,LiErS2,Trigonal,19.7497,5.00965,28.514,71.85528,292.90813
mp-15796,LiHoSe2,Trigonal,22.7201,6.02585,24.071,60.27378,233.96968
mp-14115,LiRhO2,Trigonal,9.36658,6.2867,43.813,116.54258,421.3979
mp-1001786,LiScS2,Trigonal,17.8405,2.69986,32.783,82.21976,441.80428
mp-15793,LiTbSe2,Trigonal,23.21378,5.79031,23.333,58.75249,233.39248
mp-15788,LiYS2,Trigonal,20.2735,3.2758,27.464,69.26421,352.22485
mp-973571,Lu,Trigonal,29.68884,9.78615,28.755,71.08236,182.30271
mp-1018025,LuAgO2,Trigonal,15.26914,8.55965,32.479,89.05742,265.12778
mp-1017508,LuTlTe2,Trigonal,33.70225,7.81621,18.299,45.7841,157.02
mp-8969,Mg2Ni3P,Trigonal,12.58304,5.62318,69.791,176.71081,504.49741
mp-15779,Mg2SiNi3,Trigonal,12.91962,5.41481,74.315,185.93613,524.82227
mp-30091,MgB9N,Trigonal,7.87994,2.59793,152.913,368.52033,1269.55406
mp-9166,MgCN2,Trigonal,10.85109,2.46106,31.757,85.87093,545.95415
mp-23210,MgCl2,Trigonal,23.16307,2.2752,6.263,15.14393,195.36397
mp-28233,MnCl2,Trigonal,23.87065,2.91807,4.202,10.54702,139.95822
mp-1422029,MnS2,Trigonal,21.30349,3.09366,3.564,8.96702,130.38685
mp-8752,Na4CdP2,Trigonal,26.17478,2.41361,12.6,32.0796,256.3435
mp-28591,Na4HgP2,Trigonal,25.98782,3.23589,12.461,31.75063,220.8396
mp-5693,NaCrS2,Trigonal,17.80622,3.24335,34.579,87.13908,415.01172
mp-999490,NaDyS2,Trigonal,22.4648,4.61281,27.774,69.3239,288.46453
mp-3613,NaErS2,Trigonal,22.03159,4.79318,28.121,70.35874,286.73159
mp-27837,NaHF2,Trigonal,11.40353,2.25685,10.903,29.4381,331.31312
mp-999474,NaHoSe2,Trigonal,25.19187,5.69907,24.123,59.72855,232.6546
mp-5175,NaInO2,Trigonal,12.37633,5.69576,50.611,128.04583,429.84388
mp-9035,NaLuS2,Trigonal,21.45216,5.07181,30.181,74.90924,291.06398
mp-999470,NaNdS2,Trigonal,24.3364,3.94661,24.811,62.07712,286.9241
mp-8830,NaRhO2,Trigonal,10.71273,6.11864,59.556,151.39135,472.85217
mp-7914,NaScO2,Trigonal,11.67043,3.55518,66.176,162.92531,630.31874
mp-999460,NaScS2,Trigonal,20.04898,2.73476,31.329,78.07187,412.91678
mp-999455,NaSmS2,Trigonal,23.63079,4.17193,25.836,64.59,287.65445
mp-999450,NaSmSe2,Trigonal,26.6216,5.16579,21.517,53.74947,226.737
mp-5475,NaTaN2,Trigonal,11.90487,8.08837,88.887,219.01757,480.62429
mp-999126,NaTbS2,Trigonal,22.71877,4.49592,27.446,68.39543,289.2649
mp-999127,NaTbSe2,Trigonal,25.64131,5.50196,23.515,58.3172,232.45981
mp-7942,NaTiS2,Trigonal,18.31146,3.06025,34.134,83.4235,418.08536
mp-9076,NaTmS2,Trigonal,21.85157,4.8645,28.714,71.72757,288.24877
mp-4494,NaYbS2,Trigonal,21.64608,4.98942,11.768,31.84421,186.83909
mp-5528,Ni3(SnS)2,Trigonal,16.31301,6.94558,26.959,70.47083,259.91896
mp-27637,NiBr2,Trigonal,25.35265,4.77044,7.055,17.69394,138.51281
mp-27396,NiCl2,Trigonal,20.72536,3.46122,9.563,24.21352,203.81089
mp-27638,NiI2,Trigonal,31.64451,5.46617,6.877,18.54039,119.73781
mp-10264,NiTe,Trigonal,21.57222,7.17004,15.722,41.00298,177.41143
mp-20458,PtPbF6,Trigonal,13.60074,7.87911,9.287,26.33793,155.14563
mp-753746,Rb2O,Trigonal,32.06928,3.22648,3.671,9.07471,111.65512
mp-9274,Rb3Sb2Au3,Trigonal,33.74472,6.70977,5.488,14.72979,94.28124
mp-10777,RbCeSe2,Trigonal,33.57778,4.7414,16.898,42.04222,193.59901
mp-7476,RbDyO2,Trigonal,17.04142,6.82008,44.923,113.11611,331.49672
mp-7477,RbErO2,Trigonal,16.57849,7.12969,46.64,117.5328,333.62227
mp-10784,RbErSe2,Trigonal,30.05687,5.67171,21.547,54.12606,208.08826
mp-7976,RbGdO2,Trigonal,17.71651,6.43718,39.962,102.06295,318.21709
mp-7480,RbLuO2,Trigonal,15.98521,7.59448,49.502,124.25002,336.94101
mp-10785,RbLuSe2,Trigonal,29.3511,5.91711,22.803,56.55144,210.88971
mp-7973,RbNdO2,Trigonal,18.8461,5.76482,36.925,94.01105,316.40345
mp-10778,RbPrSe2,Trigonal,33.41286,4.77464,18.356,46.07356,201.83174
mp-14797,RbPt2Se3,Trigonal,27.30436,7.22205,11.021,28.63256,137.30735
mp-8014,RbRuF6,Trigonal,16.08907,3.87716,6.112,15.46336,167.23912
mp-7974,RbSmO2,Trigonal,18.18823,6.11297,39.626,100.65004,322.03341
mp-999269,RbSmTe2,Trigonal,38.91248,5.23849,14.469,36.37507,162.5747
mp-10782,RbTbSe2,Trigonal,30.8958,5.40572,20.777,51.81784,207.08804
mp-8176,RbTlO2,Trigonal,16.85985,7.92481,23.024,62.1648,224.06415
mp-7478,RbTmO2,Trigonal,16.35896,7.26788,47.336,119.19205,334.30231
mp-1201,Sb2Te3,Trigonal,33.98489,6.12054,13.921,33.60529,153.19216
mp-24081,ScHCl,Trigonal,16.27859,2.76838,9.791,24.57541,247.49564
mp-13313,ScTlSe2,Trigonal,26.22119,6.44774,24.788,62.06915,218.75446
mp-13314,ScTlTe2,Trigonal,31.92596,6.56055,18.692,47.06646,176.28316
mp-31402,Sm2GeRh3,Trigonal,18.13127,10.41125,45.013,121.26502,265.97554
mp-753226,SmAgO2,Trigonal,17.73576,6.79324,24.628,68.31807,246.67873
mp-999132,SmTlTe2,Trigonal,36.09267,7.01551,16.803,42.10832,155.07266
mp-550820,SmZnPO,Trigonal,17.51249,6.22832,54.698,138.49534,377.94512
mp-38605,Sn(BiTe2)2,Trigonal,35.24057,7.0483,13.418,31.77382,138.2905
mp-7541,SnP3,Trigonal,21.28264,4.12804,25.39,63.7289,296.85683
mp-570097,Sr(Li2P)2,Trigonal,17.72736,2.37297,33.657,79.90172,474.90839
mp-9379,Sr(SnAs)2,Trigonal,28.02752,5.62706,28.465,69.16995,244.89051
mp-36329,SrUO4,Trigonal,13.71761,7.86122,45.623,122.81712,337.87256
mp-692,Tb2C,Trigonal,23.29834,7.83672,23.825,62.65975,203.53412
mp-999121,TbTlTe2,Trigonal,35.0988,7.31548,17.502,43.82501,156.46527
mp-8628,Te4Pt3,Trigonal,24.43443,10.63706,24.441,62.56896,173.60914
mp-11693,TePt,Trigonal,23.66804,11.31968,19.788,52.04244,153.72431
mp-467,Th3N4,Trigonal,17.00875,10.49006,48.498,131.0416,280.07696
mp-2997,ThB2C,Trigonal,12.40691,8.88934,124.008,303.07555,531.30602
mp-12527,Ti2Te2P,Trigonal,22.95159,5.52618,14.556,35.48753,188.90109
mp-23056,Sr2BrN,Trigonal,24.6104,4.5401,25.243,63.71333,269.19458
mp-690794,Sr2HN,Trigonal,19.8433,3.98025,27.03,66.00726,317.8159
mp-1245,Sr2N,Trigonal,29.80369,3.51468,9.666,25.65356,178.64575
mp-23033,Sr2NCl,Trigonal,23.09724,4.03861,27.118,68.28312,302.09962
mp-11178,SrCeN2,Trigonal,17.17486,6.18174,56.597,145.79387,390.10668
mp-30580,SrGaCu2,Trigonal,20.70085,5.70406,26.153,67.31782,260.33121
mp-9926,SrRhF6,Trigonal,13.03241,4.85003,15.766,43.2619,259.79134
mp-27438,TlBiTe2,Trigonal,35.74085,7.76546,15.95,40.1302,144.34281
mp-8348,TlSbF6,Trigonal,16.457,5.55128,5.277,14.19513,130.43495
mp-4573,TlSbTe2,Trigonal,34.14293,7.0684,16.998,42.56299,158.56236
mp-10214,Y2GeRh3,Trigonal,17.68672,8.7497,50.308,134.42298,308.8389
mp-865990,Y3Al7Cu2,Trigonal,18.2434,4.4197,58.97,144.24062,458.54735
mp-865373,YCo,Trigonal,22.88656,5.36325,22.17,58.44012,238.21934
mp-569196,YNi3,Trigonal,14.12346,7.78881,48.827,130.66105,347.98106
mp-3637,YOF,Trigonal,13.09401,5.23768,56.884,149.14985,468.2883
mp-1008561,TmTlTe2,Trigonal,34.15111,7.64015,18.038,45.20323,156.94036
mp-16765,Zr2Te2P,Trigonal,26.05253,5.97381,17.264,40.77757,188.31732
mp-27440,ZrCl,Trigonal,23.2723,4.51937,3.242,9.2008,101.78058
mp-568592,ZrNCl,Trigonal,18.11059,4.29971,12.548,32.17307,217.8814
mp-30441,Be17Nb2,Trigonal,0.91391,3.33141,150.117,331.75857,1055.00565
mp-11273,Be3Nb,Trigonal,4.34106,4.69934,115.023,276.17022,740.21793
mp-23152,Bi,Trigonal,17.36424,9.48506,8.365,22.80299,94.96569
mp-34202,Bi2Te3,Trigonal,3.47285,7.31539,11.629,27.49096,125.03307
mp-10876,Ca3Al7Cu2,Trigonal,1.44702,3.16964,42.193,105.56689,453.11511
mp-644311,CuPt,Trigonal,8.68212,15.73881,68.019,182.42696,292.35556
mp-16506,Li3Al2,Trigonal,3.47285,1.54983,32.272,75.8392,594.35469
mp-30766,Li5Sn2,Trigonal,2.48061,3.59571,21.604,52.15206,308.67419
mp-104,Sb,Trigonal,17.36424,6.43079,20.273,50.31759,186.10393
mp-27919,Ti8C5,Trigonal,1.33571,4.57207,97.532,245.19545,661.17209
mp-1334,Y2C,Trigonal,5.78808,4.53996,31.783,80.85595,307.71927
mp-17639,Y2Zn17,Trigonal,0.91391,7.28283,51.513,127.44316,354.77239
mp-11,As,Trigonal,22.61464,5.50131,20.3,50.1004,224.23952
mp-169,C,Trigonal,9.15272,2.17905,80.084,195.24479,977.75293
mp-569567,C,Trigonal,5.64584,3.53255,521.927,1119.01149,2219.51836
mp-10658,Dy,Trigonal,31.61857,8.53415,27.353,67.12426,186.59116
mp-569007,Ga,Trigonal,18.19495,6.36318,12.714,34.98893,182.22335
mp-1184569,Hg,Trigonal,27.7862,11.98752,2.516,7.03474,51.66438
mp-2629196,Hg,Trigonal,31.7128,10.50325,3.832,9.84824,63.3367
mp-10659,Ho,Trigonal,31.08985,8.80909,27.815,68.4249,186.34606
mp-130,P,Trigonal,16.14373,3.18595,39.838,94.17703,458.85715
mp-867126,Rb,Trigonal,94.3525,1.50417,0.995,2.66461,59.41431
mp-975065,Re,Trigonal,14.81086,20.87684,182.644,469.76037,400.98036
mp-86,Sm,Trigonal,33.97348,7.34922,23.389,57.77083,181.80322
mp-11698,Tb,Trigonal,32.25698,8.18123,26.556,65.27465,186.44422
mp-1018122,Tm,Trigonal,30.66344,9.14841,28.525,70.34265,185.50083
mp-972364,Yb,Trigonal,29.70928,9.67171,9.767,23.98775,112.78082
mp-468,AlF3,Trigonal,10.67927,3.26442,49.835,104.95251,582.4398
mp-3953,CaCO3,Trigonal,12.29495,2.70352,33.182,86.80411,507.849
mp-4385,CdCO3,Trigonal,11.5529,4.9565,29.309,79.25154,362.63517
mp-7027,InBO3,Trigonal,10.53534,5.47329,61.546,162.35835,512.68448
mp-23392,K4CdCl6,Trigonal,28.70022,2.53272,8.358,21.29618,198.44851
mp-8180,LiNO3,Trigonal,9.28008,2.46738,22.996,57.85794,486.90299
mp-2826,Lu2S3,Trigonal,23.47991,6.3102,26.429,71.14687,239.80781
mp-5348,MgCO3,Trigonal,9.25571,3.0253,56.315,143.0401,685.26483
mp-6150,Na4Zr2(SiO4)3,Trigonal,13.37856,3.25463,47.588,121.63493,534.00271
mp-3889,NaBO2,Trigonal,10.63893,2.56752,20.982,54.5532,436.87467
mp-4531,NaNO3,Trigonal,12.00107,2.35207,12.399,32.2374,338.10001
mp-3466,PrAlO3,Trigonal,10.70958,6.69474,103.755,262.08513,593.70455
mp-22930,Rb4CdCl6,Trigonal,32.0142,3.14514,7.736,19.64944,164.98426
mp-2068,RhF3,Trigonal,11.65526,5.69531,28.711,73.38532,332.3865
mp-8697,ScBO3,Trigonal,10.06738,3.42305,71.217,185.87637,705.3656
mp-458,Ti2O3,Trigonal,10.37211,4.60221,74.827,201.13498,620.28342
mp-6723,Sr3ZnIrO6,Trigonal,14.05821,6.61983,22.835,63.98367,259.3388
mp-28044,TmCl3,Trigonal,27.08366,4.21966,11.563,26.40989,182.26969
mp-864675,Yb3N2,Trigonal,16.25647,11.17754,29.069,77.20726,215.21922
mp-5364,YbBO3,Trigonal,11.17084,6.89285,29.012,77.69414,312.90796
mp-9812,ZnCO3,Trigonal,9.34539,4.45698,43.981,116.9015,501.64169
mp-14024,Zr3O,Trigonal,17.97882,6.68858,52.09,138.0385,356.23084
mp-1143,Al2O3,Trigonal,3.47285,3.8735,128.563,325.26439,926.03674
mp-4202,BaAl2O4,Hexagonal,14.95837,4.04852,41.224,106.27547,431.9272
mp-541196,Ce2Fe12P7,Hexagonal,12.44184,7.41799,112.719,278.86681,553.68226
mp-3706,Ho2Co12P7,Hexagonal,11.72529,8.45591,106.337,271.37202,519.32366
mp-540809,Zr2Fe12P7,Hexagonal,11.89424,7.10943,126.142,316.61642,608.17499
mp-27972,AcBr3,Hexagonal,34.11612,5.67909,12.791,32.64263,153.89572
mp-27971,AcCl3,Hexagonal,29.29214,4.72444,14.801,37.65374,190.8109
mp-23189,BI3,Hexagonal,42.91271,3.78758,0.637,1.51224,39.76958
mp-1029659,Ca3FeN3,Hexagonal,15.87745,3.25855,46.556,114.90021,497.03048
mp-1029943,Ca3GaN3,Hexagonal,16.11865,3.41403,52.24,128.61488,511.87451
mp-1029719,Ca3MoN3,Hexagonal,17.70402,3.4596,22.998,60.25476,329.45662
mp-6473,Ca5P3O12F,Hexagonal,12.43115,3.20782,46.252,117.01756,545.81359
mp-8306,Ba3FeN3,Hexagonal,22.90083,5.28128,19.247,47.88654,222.62054
mp-1029573,Ba3GaN3,Hexagonal,23.38845,5.31193,19.922,50.84094,225.09116
mp-9324,Ba3MnN3,Hexagonal,23.03095,5.2421,20.268,50.38625,229.00398
mp-1029640,Ba3OsN3,Hexagonal,23.73639,6.4384,26.01,66.27348,232.10747
mp-1029537,Ba3RuN3,Hexagonal,23.66608,5.56382,24.266,61.63564,241.37417
mp-23265,GdCl3,Hexagonal,24.53804,4.45974,15.213,38.854,211.73186
mp-22061,In(TeMo)3,Hexagonal,26.19925,7.11171,9.685,26.45942,132.11555
mp-23263,LaBr3,Hexagonal,31.67153,4.96273,13.286,33.95902,172.07267
mp-22896,LaCl3,Hexagonal,26.93357,3.78033,16.294,41.74523,230.39107
mp-23183,NdCl3,Hexagonal,25.70107,4.04781,17.807,45.62153,236.54346
mp-504748,P3Pb5ClO12,Hexagonal,15.88962,6.74984,10.688,30.0119,168.63425
mp-12906,Sr3CrN3,Hexagonal,19.61369,4.31628,29.98,74.3504,323.47263
mp-7191,Sr3GaN3,Hexagonal,19.25833,4.61428,38.083,94.36967,354.76848
mp-1029741,Sr3IrN3,Hexagonal,19.4684,6.05706,39.114,97.94146,313.07582
mp-9325,Sr3MnN3,Hexagonal,19.14881,4.45751,31.792,79.16208,330.66379
mp-1029531,Sr3ReN3,Hexagonal,20.58546,5.65912,28.697,74.03826,272.96929
mp-1029750,Sr3RuN3,Hexagonal,19.83152,4.85588,34.671,87.5096,327.46937
mp-23141,Sr5P3BrO12,Hexagonal,15.34843,4.13654,35.671,90.31897,391.26903
mp-23121,Sr5P3ClO12,Hexagonal,15.10435,3.97068,38.059,95.83256,414.01063
mp-6669,Sr5P3O12F,Hexagonal,14.72208,3.9854,40.323,102.66236,430.01166
mp-3411,Tl(MoSe)3,Hexagonal,23.30526,7.4212,15.825,41.2083,170.77321
mp-4584,Tl3BO3,Hexagonal,20.05614,7.94779,11.808,29.63808,149.94328
mp-23255,UBr3,Hexagonal,31.01563,6.39442,13.099,33.45485,151.30283
mp-23208,UCl3,Hexagonal,26.22005,5.4526,16.753,42.72015,195.81927
mp-988,Si3N4,Hexagonal,2.48061,3.20208,122.364,312.76238,942.76393
mp-2137,Mg2Ni,Hexagonal,16.68703,3.55928,33.4,86.6396,400.48462
mp-363,NbGe2,Hexagonal,16.24794,8.11422,108.792,260.88322,476.58793
mp-5971,YBPt2,Hexagonal,16.30595,12.47203,52.283,141.37323,271.11488
mp-10711,VSi2,Hexagonal,5.78808,4.74156,148.53,347.5602,792.94435
mp-571428,MgNi3B2,Hexagonal,9.81487,6.26009,87.084,226.9409,582.16666
mp-11192,TaSi2,Hexagonal,14.42978,9.09566,145.713,346.21409,541.24239
mp-12104,NbSi2,Hexagonal,5.78808,5.63574,142.771,336.65402,675.96559
mp-30337,Al5W,Hexagonal,15.0783,5.8505,102.302,241.63732,557.65201
mp-568607,Al5Mo,Hexagonal,2.89404,4.23078,97.442,229.96312,639.52034
mp-28549,Li8SiO6,Hexagonal,8.79022,2.26198,56.475,136.33065,803.77964
mp-18712,Mg3Pd,Hexagonal,19.16105,3.88539,25.948,69.95581,324.45838
mp-17783,Mg3Au,Hexagonal,4.34106,5.66146,34.638,86.52572,303.82219
mp-568419,Mg3Ir,Hexagonal,4.34106,6.04484,31.014,81.87696,288.34992
mp-18707,Mg3Pt,Hexagonal,4.34106,5.93512,23.933,64.42764,253.95185
mp-542429,Mg3Rh,Hexagonal,4.34106,3.96583,26.555,70.21142,328.25886
mp-866056,AcN,Hexagonal,24.97006,8.01362,18.975,52.63665,177.25314
mp-1070,CdSe,Hexagonal,28.9937,5.48014,15.155,40.82757,182.12989
mp-20010,DyCuGe,Hexagonal,18.62158,8.87823,54.767,134.94589,310.35677
mp-22149,DyGeAu,Hexagonal,20.75342,11.52469,45.427,117.01995,240.83765
mp-569724,ErAgSn,Hexagonal,23.18279,9.40327,41.622,104.97068,245.15579
mp-16751,ErCuPb,Hexagonal,21.80138,11.12047,46.03,113.78616,241.5301
mp-1018694,ErZnGa,Hexagonal,19.26984,8.68597,59.377,141.31726,321.74641
mp-21198,DyAgSn,Hexagonal,23.5782,9.13386,41.882,105.29135,247.94003
mp-23794,H4NF,Hexagonal,10.00556,1.02445,6.912,19.27066,407.82446
mp-9389,HoCuGe,Hexagonal,18.38541,9.06544,56.64,140.4672,313.97093
mp-16750,HoCuPb,Hexagonal,22.01333,10.95484,45.797,112.75221,241.77313
mp-1024954,HoCuSn,Hexagonal,21.1095,9.10358,53.287,130.65972,289.59271
mp-5519,HoGeAu,Hexagonal,20.54374,11.70779,45.301,116.96718,239.56841
mp-22205,InN,Hexagonal,15.64688,6.83582,53.983,141.11156,375.75354
mp-23671,LaNi5H7,Hexagonal,8.15015,6.88696,30.953,85.55409,355.5806
mp-3486,KSnSb,Hexagonal,36.79881,4.20515,13.626,33.27469,179.21297
mp-976280,LiBr,Hexagonal,24.83613,2.90322,8.428,22.09822,195.80731
mp-570935,LiI,Hexagonal,32.59787,3.40905,6.203,16.3387,141.45124
mp-12505,LuAgSn,Hexagonal,22.73541,9.77596,39.843,101.36059,237.10577
mp-16753,LuCuPb,Hexagonal,21.2644,11.60192,45.561,112.90016,237.45975
mp-13200,LuCuSn,Hexagonal,20.33959,9.72131,54.432,132.81408,286.77792
mp-9351,LuGeAu,Hexagonal,19.80833,12.42292,42.974,112.07619,229.89107
mp-1018040,MgSe,Hexagonal,26.29989,3.26001,16.917,45.10072,256.92866
mp-999540,MnSe,Hexagonal,25.96308,4.28191,13.695,37.71603,203.31967
mp-2811,MoN,Hexagonal,10.07504,9.06055,196.526,492.65138,715.0512
mp-5055,Na6MnS4,Hexagonal,21.79212,2.22457,13.834,36.0514,298.19031
mp-8389,Na6ZnS4,Hexagonal,21.26624,2.35391,14.354,37.34911,298.20875
mp-1029313,NaRuN,Hexagonal,15.07937,5.06796,35.617,94.95492,358.39892
mp-29529,NaSnP,Hexagonal,25.49849,3.74834,18.993,47.02667,253.56476
mp-952566,NaSnSb,Hexagonal,31.79503,4.58652,13.031,32.81206,176.94919
mp-1029357,NaZnN,Hexagonal,14.92764,3.79717,33.023,84.47283,397.18852
mp-567503,PbI2,Hexagonal,44.78756,5.69744,2.078,4.156,55.87359
mp-1018902,PrSbPt,Hexagonal,24.90315,10.17428,35.836,94.53537,214.435
mp-9350,ScGeAu,Hexagonal,18.67774,9.32203,44.379,116.00671,274.79333
mp-1019259,SrSnHg,Hexagonal,29.32827,7.67981,21.448,53.70579,179.9158
mp-9387,TbCuGe,Hexagonal,18.98898,8.60225,53.608,133.16227,309.94583
mp-20290,TbCuPb,Hexagonal,22.42217,10.60685,45.363,111.68371,242.99578
mp-24066,SrHClO,Hexagonal,19.0887,3.04642,18.806,48.93321,309.30173
mp-1019277,SrHgPb,Hexagonal,30.63471,8.95115,18.165,45.88479,151.63502
mp-6917,TmAgSn,Hexagonal,23.04561,9.49948,40.715,103.09038,241.80526
mp-20663,TmCuPb,Hexagonal,21.59832,11.26795,45.973,112.81774,240.33527
mp-5729,YAgSn,Hexagonal,23.81955,7.33114,41.828,104.90462,275.2812
mp-20865,YCuPb,Hexagonal,22.39681,8.88841,45.214,110.41259,264.6912
mp-661,AlN,Hexagonal,8.68212,3.20089,122.306,303.31888,928.01952
mp-2542,BeO,Hexagonal,8.68212,3.01944,156.717,375.80737,1248.48966
mp-31160,CaZnSn,Hexagonal,5.78808,5.24396,37.248,88.20326,305.8194
mp-672,CdS,Hexagonal,8.68212,4.70228,17.29,46.78674,219.14675
mp-804,GaN,Hexagonal,8.68212,6.08098,104.855,261.50837,611.65709
mp-31301,LiSn4Au3,Hexagonal,2.17053,9.68831,20.244,54.82075,171.38024
mp-9919,LiZnSb,Hexagonal,5.78808,5.31078,25.849,65.34627,269.41015
mp-13203,ScCuSn,Hexagonal,5.78808,6.5674,54.852,136.47178,357.78024
mp-13202,YCuSn,Hexagonal,5.78808,6.97322,52.304,128.24941,325.43969
mp-9025,YSiAu,Hexagonal,5.78808,8.4113,44.079,114.16461,277.68544
mp-567197,YSnAu,Hexagonal,5.78808,9.51182,42.304,107.36755,244.58913
mp-2133,ZnO,Hexagonal,8.68212,5.70422,42.921,115.80086,405.83068
mp-1228631,B4OsW,Hexagonal,9.2616,12.47025,232.779,561.92851,678.0087
mp-604884,BN,Hexagonal,9.17135,2.24671,73.415,177.81113,923.03555
mp-997617,BOs,Hexagonal,10.36306,16.10705,212.354,531.09735,551.60691
mp-13272,BaAlGe,Hexagonal,28.59081,4.58728,34.095,80.94153,293.13995
mp-13149,BaAlSi,Hexagonal,27.99242,3.80434,37.374,89.32386,339.05946
mp-9744,BaAsPd,Hexagonal,26.41533,6.67746,26.11,68.25154,221.72371
mp-10616,BaLiAs,Hexagonal,27.30829,4.44276,22.719,55.75243,248.12388
mp-8606,BaSbPt,Hexagonal,30.03646,8.36948,21.965,58.4269,174.45127
mp-568809,Ba5Al5Pb,Hexagonal,33.07332,4.69554,18.694,46.06202,205.23707
mp-570677,Ba5Al5Sn,Hexagonal,32.80374,4.32691,18.994,46.8392,216.07041
mp-16326,DyPPt,Hexagonal,18.89203,11.38426,45.952,123.05946,252.76648
mp-12952,HfGaAu,Hexagonal,18.03829,13.66054,63.9,164.9898,275.16667
mp-24012,HoHSe,Hexagonal,16.28268,8.32506,65.614,156.68623,364.45592
mp-8864,Li(Co3P2)2,Hexagonal,10.94964,6.67871,100.91,259.54052,583.63822
mp-6867,KCaCO3F,Hexagonal,14.87157,2.52322,29.357,74.03835,458.8779
mp-20998,LiCaPb,Hexagonal,25.83477,5.44667,24.614,57.89213,236.56621
mp-21242,LiYbPb,Hexagonal,22.7467,9.42158,25.544,60.0284,194.55994
mp-569788,LiZnGe,Hexagonal,16.044,5.00211,35.794,87.33736,351.75822
mp-10924,Mg(Co3P2)2,Hexagonal,11.15886,6.78839,97.656,252.53842,566.14036
mp-219,MoP,Hexagonal,14.41855,7.30813,133.065,332.13024,580.53256
mp-2634,NbN,Hexagonal,11.09076,8.00366,209.5,513.694,756.58901
mp-1220023,OsRu,Hexagonal,13.84771,17.46553,219.581,546.31753,489.42428
mp-974435,Re3N,Hexagonal,12.32713,19.28411,212.936,540.0057,477.7506
mp-1219509,ReOs,Hexagonal,14.42761,21.66292,243.938,604.47836,456.3612
mp-16734,SmNiAs,Hexagonal,19.08063,8.23787,53.198,136.61246,316.46293
mp-10738,SmPPt,Hexagonal,19.807,10.51912,50.263,132.69432,269.98248
mp-8605,SrSbPt,Hexagonal,27.21035,8.22761,15.928,43.802,155.6356
mp-7168,TbPPt,Hexagonal,19.0767,11.17034,48.991,130.31606,262.29578
mp-867290,TbTe,Hexagonal,29.75288,7.99564,39.055,96.38774,235.48927
mp-1017987,Tc3N,Hexagonal,11.92978,10.71808,180.392,458.01529,597.2382
mp-1217363,TcRu,Hexagonal,13.86646,11.91953,167.325,424.67085,518.88432
mp-9164,ThSiAu,Hexagonal,22.27687,11.35731,62.806,160.40652,277.41922
mp-13311,SrAlGe,Hexagonal,25.46725,4.06957,33.949,81.81709,323.4684
mp-3698,SrAlSi,Hexagonal,24.91864,3.16948,38.416,92.58256,392.0856
mp-1018028,TiS,Hexagonal,14.87024,4.46295,101.235,244.58376,637.44377
mp-28797,YHSe,Hexagonal,16.67536,5.60551,62.621,149.66419,430.39034
mp-16304,YPPt,Hexagonal,19.03021,9.16104,49.574,131.5694,291.46652
mp-865430,YTe,Hexagonal,29.6959,6.0533,38.592,95.09069,269.03809
mp-7169,TmPPt,Hexagonal,18.34847,11.91561,44.958,120.93702,247.05755
mp-1018027,VN,Hexagonal,8.54851,6.30806,255.479,610.59481,1024.35784
mp-9828,YbPPt,Hexagonal,18.19292,12.14241,32.243,86.86264,209.98563
mp-12951,ZrGaAu,Hexagonal,18.52511,10.69412,61.519,158.47294,302.14048
mp-1539,ZrTe,Hexagonal,24.27687,7.48379,55.771,139.76213,311.92146
mp-567191,CaAlSi,Hexagonal,5.78808,2.36685,38.055,92.93031,469.76542
mp-279,LiIr,Hexagonal,8.68212,12.45683,68.118,176.15315,329.56082
mp-2744,LiPd,Hexagonal,8.68212,6.868,34.789,91.14718,315.03729
mp-11807,LiPt,Hexagonal,8.68212,12.31546,51.982,135.25716,287.57843
mp-600561,LiRh,Hexagonal,8.68212,6.9201,41.679,110.61607,348.44587
mp-2305,MoC,Hexagonal,8.68212,8.65479,241.645,589.13051,800.18849
mp-9023,ScSiAu,Hexagonal,5.78808,8.41852,63.455,160.41424,349.27017
mp-1894,WC,Hexagonal,8.68212,15.54746,263.151,641.56214,620.85929
mp-6661,BaTi(SiO3)3,Hexagonal,13.39932,3.65979,57.615,146.91825,556.69487
mp-5615,CaAgAs,Hexagonal,21.41391,5.76075,36.572,91.35686,301.018
mp-12277,CaAgP,Hexagonal,19.95751,4.96227,41.18,102.70292,351.79599
mp-888,CaAs,Hexagonal,26.58346,3.59173,28.543,71.01498,312.329
mp-1345,CaP,Hexagonal,24.1875,2.43895,33.528,83.01533,423.33781
mp-672254,CaPdPb,Hexagonal,23.31028,8.39872,27.4,70.966,211.1771
mp-11351,CeAlNi,Hexagonal,18.23294,6.85453,38.825,101.4109,302.01499
mp-31235,BaNaBi,Hexagonal,37.55871,5.44243,16.323,39.73018,170.63851
mp-19934,CeMgPt,Hexagonal,22.68914,8.77031,30.741,81.70958,220.2084
mp-4989,CrNiAs,Hexagonal,13.49995,7.61026,61.789,160.03351,397.84517
mp-22384,DyInPt,Hexagonal,21.5633,12.12619,26.984,72.74886,181.60462
mp-567588,DyInRh,Hexagonal,21.01185,10.01619,31.23,84.75822,215.23979
mp-12388,Er3Al3NiGe2,Hexagonal,18.99561,7.64117,61.119,148.03022,348.89084
mp-23039,Er6MnBi2,Hexagonal,27.86805,9.77506,33.704,83.3837,202.05102
mp-16745,ErAgPb,Hexagonal,24.04978,11.10091,32.98,84.95648,199.22516
mp-3950,ErInCu,Hexagonal,20.31088,9.41893,47.675,118.52005,273.64354
mp-4508,ErInPd,Hexagonal,21.22531,10.13122,31.411,84.36995,213.64092
mp-567574,DyAgGe,Hexagonal,20.46243,9.27844,52.137,129.9254,287.44133
mp-30307,DyBiRh,Hexagonal,22.14952,11.85483,40.652,106.99606,220.55397
mp-778,Fe2P,Hexagonal,10.91788,7.23275,94.973,249.01921,545.73849
mp-578,GaAg2,Hexagonal,16.75741,9.42899,21.947,60.48593,201.76823
mp-20058,GdAlPd,Hexagonal,20.1902,7.96819,21.176,58.82693,201.9535
mp-423,GePd2,Hexagonal,15.07858,10.47956,42.417,116.47708,274.71453
mp-10379,Hf3(Cu2Ge)2,Hexagonal,15.31539,11.26314,73.151,186.24245,341.85393
mp-31383,Hf6CoBi2,Hexagonal,21.17254,13.48832,59.853,151.42809,252.97782
mp-15297,Hf6NiSb2,Hexagonal,20.39107,12.42469,72.06,182.74416,292.87999
mp-7032,HfMoP,Hexagonal,15.56826,10.85831,119.755,301.06407,441.0459
mp-15963,HfPRu,Hexagonal,14.84076,11.58192,95.48,250.34856,390.29143
mp-23047,Ho6MnBi2,Hexagonal,28.31124,9.53099,32.156,79.81119,198.84388
mp-1079239,Ho6MnTe2,Hexagonal,26.88728,8.91886,32.789,82.23481,211.49874
mp-2909,HoAlNi,Hexagonal,17.60992,7.877,39.228,102.38508,286.57052
mp-3015,HoInCu,Hexagonal,20.5653,9.23973,45.737,115.34871,269.92155
mp-13525,HoInIr,Hexagonal,20.98212,12.45055,36.26,98.11956,207.933
mp-21290,HoInPt,Hexagonal,21.36036,12.30437,38.221,102.05007,213.03654
mp-11104,HoInRh,Hexagonal,20.83865,10.16399,30.802,83.71984,212.8457
mp-11971,HoSnRh,Hexagonal,20.64284,10.36476,45.248,119.18323,254.76601
mp-21509,LaMgGa,Hexagonal,25.51113,5.05394,34.362,83.84328,292.17949
mp-1545896,Li2Sb,Hexagonal,19.48877,3.85246,23.465,57.20767,302.97984
mp-7080,Li5(NiN)3,Hexagonal,11.29047,3.38011,46.935,117.05589,552.43666
mp-13474,LiErGe,Hexagonal,19.62351,6.96253,47.51,112.69372,318.85616
mp-15820,LiHoGe,Hexagonal,19.89982,6.80108,48.427,114.9657,324.08767
mp-15821,LiNdGe,Hexagonal,22.36812,5.53864,38.814,94.08514,309.61262
mp-8481,LiPrGe,Hexagonal,22.88289,5.33339,37.085,90.19072,306.13491
mp-14209,LiYGe,Hexagonal,20.4329,4.56419,46.996,111.5685,385.85281
mp-11755,Lu6Sb2Mo,Hexagonal,25.93997,9.88146,37.541,94.37807,218.48105
mp-11584,Lu8Te,Hexagonal,28.57003,9.86349,35.782,86.664,205.53656
mp-569848,LuInPt,Hexagonal,20.70346,12.96311,53.401,139.26981,247.0299
mp-13074,LuNiPb,Hexagonal,19.76017,12.34918,47.251,119.92304,240.94721
mp-1849,Mn2P,Hexagonal,11.50778,6.77474,101.56,259.38424,569.46964
mp-567856,MnAsRh,Hexagonal,15.05745,8.55646,53.657,143.58613,338.27504
mp-10049,MnAsRu,Hexagonal,14.90099,8.57812,65.328,173.1192,374.12312
mp-4238,MnFeAs,Hexagonal,13.07278,7.8629,74.317,192.92693,433.91202
mp-9951,MnNbGe,Hexagonal,15.5734,7.8365,81.575,212.91075,426.66811
mp-7829,MnNbSi,Hexagonal,14.71915,6.61584,100.31,257.39546,522.23982
mp-11667,Nd2(Zn2Ge)3,Hexagonal,18.53471,7.32086,51.194,125.4253,330.9799
mp-21887,NdInPd,Hexagonal,23.20926,8.71626,27.594,74.22786,209.33152
mp-31330,NdInRh,Hexagonal,22.42534,8.93421,44.34,114.48588,263.29105
mp-11155,NdMgGa,Hexagonal,24.19014,5.45204,39.928,96.38619,308.40201
mp-11091,NdMgPt,Hexagonal,22.55494,8.92374,26.504,71.40178,204.62144
mp-567214,NdSnRh,Hexagonal,22.25599,9.09899,32.566,87.99333,225.83728
mp-30799,NdTlPd,Hexagonal,23.57276,10.68494,28.036,74.91219,189.53948
mp-7632,NiMoP,Hexagonal,12.13235,8.46794,94.385,250.12025,486.66834
mp-7239,PrMgGa,Hexagonal,24.6538,5.27464,37.828,91.92204,303.42333
mp-12381,PrSnRh,Hexagonal,22.5661,8.89216,33.42,89.8998,230.1834
mp-12703,PrZnNi,Hexagonal,19.17721,7.649,30.122,77.95574,247.50918
mp-12710,PrZnPd,Hexagonal,21.24044,8.14973,29.073,77.50862,228.63763
mp-9063,RbSe,Hexagonal,39.43722,3.46169,6.659,17.03372,135.90432
mp-10446,Sc6NiTe2,Hexagonal,21.77049,4.94624,15.21,42.61842,211.82575
mp-9549,ScFeGe,Hexagonal,16.48977,5.8219,37.767,100.46022,332.63206
mp-9223,ScGeRu,Hexagonal,16.16001,7.48975,82.265,207.96592,435.27317
mp-16305,ScPRu,Hexagonal,14.94697,6.55461,102.271,256.90475,531.339
mp-4720,Si2Ni6B,Hexagonal,9.98813,7.74255,78.437,209.42679,496.64843
mp-697068,SiPd2,Hexagonal,14.15249,9.42275,48.503,133.38325,316.3123
mp-567912,SmHgPd,Hexagonal,22.27172,11.36689,25.976,70.55082,180.83725
mp-982004,SmInPd,Hexagonal,22.60533,9.09893,30.051,80.47658,215.57665
mp-11157,SmMgGa,Hexagonal,23.46766,5.76419,43.313,103.77795,315.31582
mp-16645,SmMgPt,Hexagonal,21.95506,9.32181,25.724,69.76349,199.32945
mp-21007,SmSnPt,Hexagonal,22.43533,11.45137,51.35,132.2776,250.04894
mp-1279,TaN,Hexagonal,11.41314,14.18233,181.327,454.40546,526.26586
mp-19782,TbInCu,Hexagonal,20.96943,8.90315,43.513,109.82681,266.49522
mp-13536,TbZnNi,Hexagonal,17.56053,8.92112,34.647,90.56726,253.68533
mp-11073,Ti3In3Rh2,Hexagonal,17.64443,8.16257,57.386,149.08883,339.826
mp-11750,Ti6Si2B,Hexagonal,14.60613,4.47405,105.78,256.83384,655.57473
mp-7931,SrP,Hexagonal,28.53024,3.45124,26.944,67.30611,302.42655
mp-22769,TiCoGe,Hexagonal,13.5185,7.34715,76.495,199.34597,452.15726
mp-11580,TiCrP,Hexagonal,12.64643,5.72651,123.545,308.8625,660.48674
mp-30656,TiGaNi,Hexagonal,13.61589,7.16627,65.377,167.49587,421.67225
mp-10739,TiPRu,Hexagonal,13.67049,7.28452,102.358,265.72137,522.60174
mp-20522,TmAgPb,Hexagonal,23.85046,11.23255,31.852,82.49668,195.37518
mp-865402,TmAlCu,Hexagonal,18.18518,7.89739,45.234,115.43717,302.83562
mp-21505,YAgPb,Hexagonal,24.62744,9.0795,31.32,80.68032,212.83398
mp-13095,YAlNi,Hexagonal,18.00807,5.36608,38.915,102.42428,343.52595
mp-672299,YInNi,Hexagonal,20.03432,7.25013,35.401,93.31704,272.20885
mp-19740,YInPt,Hexagonal,21.71046,10.16769,37.842,100.88677,231.75804
mp-30737,YMgAg,Hexagonal,23.4748,5.21283,36.231,89.12826,304.38694
mp-5590,YMgGa,Hexagonal,22.45788,4.50872,48.769,115.09484,383.21727
mp-21503,YMgIn,Hexagonal,25.36637,4.97576,40.499,97.2786,319.8825
mp-11984,YMgTl,Hexagonal,25.26755,6.95724,39.795,95.82636,269.00989
mp-11547,YTlPd,Hexagonal,22.1883,9.97121,25.047,68.17793,189.91131
mp-767,Yb3Ge5,Hexagonal,20.32434,9.01091,34.758,82.44598,240.37422
mp-349,Yb3Si5,Hexagonal,18.47622,7.40955,41.818,99.10866,303.3415
mp-9776,YbAgGe,Hexagonal,19.70837,9.92946,30.788,78.94043,219.18556
mp-11974,TmSnRh,Hexagonal,20.29001,10.65423,48.404,126.81848,261.20603
mp-22779,YbSnPt,Hexagonal,20.87655,12.90774,36.015,94.64742,203.98418
mp-11973,YbSnRh,Hexagonal,20.16377,10.83364,25.415,69.17963,190.3215
mp-15985,Zr3(Cu2Ge)2,Hexagonal,15.8078,7.85666,71.657,182.29541,400.47398
mp-7930,Zr3(Cu2Si)2,Hexagonal,15.40553,6.9946,76.896,193.31654,442.36124
mp-12760,Zr6Al2Co,Hexagonal,20.12536,6.05292,51.741,133.3883,357.46259
mp-29135,Zr6CoAs2,Hexagonal,19.36157,7.20538,65.726,167.07549,373.50586
mp-12962,Zr6FeSb2,Hexagonal,21.49503,7.2678,59.351,151.22635,340.59456
mp-9381,Zr6FeTe2,Hexagonal,21.3137,7.43074,60.855,155.18025,342.2854
mp-22167,Zr6Ga2Co,Hexagonal,19.78124,6.95554,52.158,134.9849,337.14738
mp-12972,Zr6Sb2Pt,Hexagonal,22.05723,8.24726,60.061,154.11653,319.73902
mp-5723,ZrAlNi,Hexagonal,15.83204,6.18466,73.136,184.88781,455.01467
mp-8221,ZrAsRu,Hexagonal,16.43326,9.00048,85.07,221.52228,403.51919
mp-30563,ZrCoSn,Hexagonal,17.57247,8.46901,67.418,174.47778,361.38061
mp-10300,ZrMoP,Hexagonal,15.96779,7.5616,112.914,284.54328,508.79373
mp-7544,ZrSiRu,Hexagonal,15.88133,7.6809,101.543,258.73156,480.81475
mp-568695,CaCdSn,Hexagonal,5.78808,5.64611,25.536,63.84,236.44098
mp-15987,Hf3(Cu2Si)2,Hexagonal,1.92936,10.48071,80.979,204.87687,375.81171
mp-14208,LiYSi,Hexagonal,5.78808,3.41551,48.636,115.85095,455.92771
mp-2340,Na2O2,Hexagonal,8.68212,2.69297,29.996,74.93001,486.59341
mp-11201,Sc6FeSb2,Hexagonal,1.92936,4.70816,45.625,112.785,364.2852
mp-15322,ScCuSi,Hexagonal,5.78808,4.89105,76.911,188.27813,525.99518
mp-9550,ScMnSi,Hexagonal,5.78808,4.29893,78.678,192.91846,549.72825
mp-13090,YMgAl,Hexagonal,5.78808,3.27412,44.769,106.63976,422.99558
mp-13171,YMgCu,Hexagonal,5.78808,4.59947,22.255,59.42085,265.88164
mp-12696,YMgPd,Hexagonal,5.78808,5.61798,21.372,58.30282,235.35019
mp-2960,HfSnRh,Hexagonal,18.61235,11.89874,64.218,168.3796,293.01595
mp-30650,Mg2Ga,Hexagonal,19.65504,3.33242,25.13,63.72968,338.9186
mp-17092,ScSnPd,Hexagonal,19.50589,7.66415,50.612,130.47774,317.9304
mp-571619,HfAlPt,Hexagonal,5.78808,12.83789,69.364,182.28859,300.57513
mp-22315,HfCoSn,Hexagonal,5.78808,11.58559,72.418,183.36238,323.2071
mp-18198,ScSnPt,Hexagonal,5.78808,10.15136,54.332,141.04587,286.14323
mp-1882,CaCu5,Hexagonal,14.76223,6.70804,36.849,97.28136,320.76035
mp-8307,CaNi4B,Hexagonal,12.19664,6.48203,61.205,159.133,446.5609
mp-1734,CaZn5,Hexagonal,17.05123,5.95873,35.088,88.0007,314.38477
mp-20338,CeAl3Ni2,Hexagonal,15.98024,5.86146,72.193,179.03864,461.75178
mp-4785,CeAl3Pd2,Hexagonal,17.99983,6.67144,61.657,155.49895,384.74667
mp-11593,CeB2Ir3,Hexagonal,13.65082,14.97009,122.516,314.86612,398.05512
mp-5757,CeB2Rh3,Hexagonal,13.33717,9.76229,99.395,256.83668,448.31521
mp-866189,CeCd2,Hexagonal,24.66126,8.1909,27.939,70.01513,210.76463
mp-3494,CeGa3Pd2,Hexagonal,17.84299,8.71893,53.223,136.03799,314.77167
mp-30506,CeHg2,Hexagonal,25.11328,11.93052,30.596,79.18245,182.21948
mp-1814,BaAg5,Hexagonal,22.83041,8.20275,8.453,24.05724,121.75116
mp-16483,BaAl9Fe2,Hexagonal,17.97955,3.78549,44.138,111.66914,432.79885
mp-30363,BaAu2,Hexagonal,28.73816,10.23237,16.757,44.67416,140.19068
mp-30364,BaAu5,Hexagonal,22.39252,13.86914,16.568,46.48981,131.50899
mp-1219,BaGa2,Hexagonal,29.01917,5.27918,24.771,60.44124,233.11165
mp-11267,BaHg2,Hexagonal,32.50949,9.16873,5.763,15.97504,84.12821
mp-2606,BaPd5,Hexagonal,19.48667,9.50744,39.724,105.18915,254.60942
mp-811,BaPt5,Hexagonal,19.49433,15.79741,62.266,163.75958,246.75202
mp-1910,CeNi5,Hexagonal,13.37701,8.97038,65.083,169.9968,379.69217
mp-7247,CeZn3Cu2,Hexagonal,16.207,7.91378,47.803,121.51523,323.63597
mp-13118,CeZn3Pd2,Hexagonal,17.57074,8.65017,34.678,93.21446,258.75685
mp-20064,DyGa2,Hexagonal,20.61744,8.1063,51.788,126.05199,304.55642
mp-1179,DyNi5,Hexagonal,13.14785,9.59791,73.223,189.35468,391.17385
mp-30621,DySi2Rh3,Hexagonal,15.83706,9.21623,101.516,255.41426,439.03402
mp-1774,ErB2,Hexagonal,11.7036,8.93299,164.724,374.25293,618.23762
mp-5197,ErB2Ir3,Hexagonal,13.32122,15.90439,122.299,315.53142,389.5011
mp-3093,ErB2Ru3,Hexagonal,12.96514,10.50427,105.691,274.16245,450.32431
mp-5353,ErCo3B2,Hexagonal,10.5036,9.63522,125.896,315.49538,548.15412
mp-2422,ErGa2,Hexagonal,20.16544,8.41862,49.575,121.65705,295.07331
mp-12965,ErNi4B,Hexagonal,11.94488,9.56537,79.509,204.65617,421.06489
mp-853,ErNi5,Hexagonal,13.01715,9.79546,74.924,193.00422,392.826
mp-2057,DyB2,Hexagonal,12.09362,8.42708,152.964,351.8172,607.25912
mp-1024993,DyB2Ir3,Hexagonal,13.41128,15.69939,123.13,316.93662,392.30058
mp-3092,DyB2Ru3,Hexagonal,13.0589,10.328,105.243,272.78986,451.99066
mp-11294,DyCd2,Hexagonal,24.1655,8.87165,32.037,80.98954,218.38744
mp-20193,DyCo3B2,Hexagonal,10.66441,9.36642,122.306,306.25422,544.67736
mp-542568,EuAg5,Hexagonal,21.25449,9.00154,20.975,56.84225,185.82925
mp-1025136,EuAl3Cu2,Hexagonal,17.25545,5.77397,56.864,137.83834,401.30279
mp-21168,EuGa2,Hexagonal,23.96229,6.73138,32.199,78.37237,250.4903
mp-22478,FeGe,Hexagonal,14.83772,7.1896,77.414,198.64432,440.90755
mp-21260,FeSn,Hexagonal,18.3384,7.90296,53.266,134.65645,325.24338
mp-19773,GdGa2,Hexagonal,21.26717,7.722,51.145,127.65792,307.9709
mp-1025223,Hf4Al3,Hexagonal,18.97585,9.93722,87.932,210.68507,367.43316
mp-1994,HfB2,Hexagonal,9.85649,11.23773,244.359,554.20621,711.36659
mp-1224283,HfTaB4,Hexagonal,9.47338,11.764,229.143,539.12765,685.10436
mp-2267,HoB2,Hexagonal,11.90279,8.67521,159.19,363.27158,613.30786
mp-11301,HoCd2,Hexagonal,23.89523,9.02829,33.057,83.1053,220.70286
mp-5313,HoCo3B2,Hexagonal,10.5706,9.51318,125.023,311.30727,547.87492
mp-30585,HoCu5,Hexagonal,14.37205,9.29439,53.682,139.68056,330.94549
mp-1256,HoGa2,Hexagonal,20.40278,8.25751,50.758,124.05255,299.97372
mp-10398,HoNi4B,Hexagonal,12.00568,9.46324,79.36,202.368,421.60858
mp-1553,HoNi5,Hexagonal,13.08934,9.6922,73.617,189.63739,390.7
mp-571071,HoSi2Rh3,Hexagonal,15.78261,9.29064,101.432,255.20291,437.64847
mp-19876,InNi,Hexagonal,17.03702,8.45578,52.845,135.2832,324.32992
mp-30815,LaAl3Pd2,Hexagonal,18.58566,6.44313,56.516,143.21154,371.2158
mp-12055,LaCd2,Hexagonal,26.89866,7.48468,26.186,65.8316,206.96327
mp-2051,LaCu2,Hexagonal,20.55765,7.16196,20.287,55.30236,206.75534
mp-21201,LaGa3Pd2,Hexagonal,18.35032,8.45962,48.952,126.29616,304.22588
mp-4634,LaNi4B,Hexagonal,12.88039,8.26141,67.343,174.28368,406.55428
mp-2317,LaNi5,Hexagonal,13.92086,8.59587,59.861,152.88499,365.81719
mp-30753,LaPd5,Hexagonal,18.47881,10.04963,47.043,125.51072,274.54947
mp-1832,LaPt5,Hexagonal,18.68702,16.50327,71.862,190.00313,263.2228
mp-571263,KIn9Co2,Hexagonal,23.47249,7.01738,29.539,73.72934,238.36061
mp-2251,Li3N,Hexagonal,10.87434,1.32965,33.607,82.94208,752.59376
mp-1021323,LiC12,Hexagonal,8.57171,2.2512,106.231,254.52948,1117.43724
mp-3400,Lu(MnGe)6,Hexagonal,14.27692,8.41395,96.788,236.3563,461.32043
mp-1024990,LuB2Ir3,Hexagonal,13.21051,16.19917,120.981,312.85687,385.12519
mp-5578,LuB2Ru3,Hexagonal,12.85391,10.76114,105.804,274.87879,446.57067
mp-763,MgB2,Hexagonal,9.53424,2.66631,114.34,272.58656,1015.88172
mp-28614,NaBPt3,Hexagonal,14.80306,13.8885,34.515,96.36588,217.26373
mp-11466,NaHg2,Hexagonal,24.53255,9.57028,8.158,21.37396,106.88468
mp-450,NbB2,Hexagonal,9.3467,6.78239,201.475,489.58425,852.38851
mp-7186,NdAl3Ni2,Hexagonal,16.28565,5.82165,67.155,166.27578,443.86587
mp-12734,NdAl3Pd2,Hexagonal,18.08442,6.70338,61.07,154.5071,381.8898
mp-3055,NdB2Rh3,Hexagonal,13.46852,9.75187,90.324,235.38434,426.98921
mp-1140,NdCu5,Hexagonal,15.07783,8.47959,36.16,96.98112,281.26092
mp-2524,NdGa2,Hexagonal,22.47109,6.98787,53.203,127.36798,322.07672
mp-11468,NdHg2,Hexagonal,25.32969,11.91875,23.982,62.8808,161.5846
mp-8048,NdNi4B,Hexagonal,12.58807,8.57058,71.451,183.20036,413.98727
mp-11594,PrB2Ir3,Hexagonal,13.79287,14.83179,96.666,254.61824,355.90736
mp-2462,PrCu5,Hexagonal,15.22684,8.336,34.941,93.85153,277.99802
mp-668,PrGa2,Hexagonal,22.92113,6.77015,52.941,126.52899,324.10212
mp-2370,PrNi5,Hexagonal,13.79857,8.71221,63.816,166.04923,377.51075
mp-1037,PrPt5,Hexagonal,18.54916,16.65579,71.476,189.55435,262.12335
mp-21200,PuGa2,Hexagonal,20.16759,10.52393,49.643,122.02249,264.0022
mp-10186,PuSi2,Hexagonal,18.78686,8.84387,49.752,126.9671,295.10046
mp-1209,RbAu5,Hexagonal,21.99133,13.46952,25.159,67.62739,164.35345
mp-2252,ScB2,Hexagonal,10.09723,3.64969,195.809,437.82892,1104.38757
mp-11539,SmAl3Pd2,Hexagonal,17.81374,6.90029,63.557,160.16364,385.795
mp-2947,SmB2Rh3,Hexagonal,13.31835,9.98896,102.945,264.56865,451.07962
mp-30495,SmCd2,Hexagonal,25.02663,8.29788,25.46,65.89048,199.81014
mp-227,SmCu5,Hexagonal,14.83788,8.73082,37.739,101.06504,284.61812
mp-477,SmGa2,Hexagonal,21.74966,7.37535,53.193,127.98236,317.23845
mp-568555,SmSi2Rh3,Hexagonal,16.13217,8.83936,99.601,250.39691,441.21977
mp-1108,TaB2,Hexagonal,9.13556,12.27348,199.428,490.59288,637.27181
mp-1217898,TaTiB4,Hexagonal,8.83165,8.52548,241.451,561.13212,843.97337
mp-1025075,TbB2Ir3,Hexagonal,13.45578,15.57395,123.894,318.40758,394.58325
mp-3186,TbB2Ru3,Hexagonal,13.10616,10.21527,104.945,272.01744,453.25268
mp-30497,TbCd2,Hexagonal,24.35743,8.72051,30.672,77.53882,214.99904
mp-3040,TbCo3B2,Hexagonal,10.72447,9.22172,120.709,302.97959,544.43936
mp-11363,TbCu5,Hexagonal,14.53768,9.07418,39.212,105.08816,286.56638
mp-2684,TbGa2,Hexagonal,20.86638,7.91476,52.463,127.17031,308.70983
mp-568687,TbGa2Co3,Hexagonal,14.71031,8.93976,65.247,168.59825,367.13514
mp-30808,TbNi5,Hexagonal,13.20677,9.48017,72.199,185.40703,389.87135
mp-754875,TbSi2Rh3,Hexagonal,15.90022,9.1174,101.443,255.0277,440.57013
mp-309,ThAg2,Hexagonal,22.91741,10.81488,36.124,94.78938,214.98343
mp-669,ThAl2,Hexagonal,23.42868,6.7569,60.691,147.60051,344.8759
mp-30182,ThAl3Ni2,Hexagonal,16.33249,7.29268,75.405,187.60764,419.93207
mp-1025,ThAu2,Hexagonal,22.75577,15.22617,37.338,100.36454,185.28287
mp-10115,ThB2Ir3,Hexagonal,14.00479,16.40824,120.286,311.9016,373.96593
mp-3223,ThB2Ru3,Hexagonal,13.53384,11.38756,94.235,248.7804,403.40379
mp-1210,ThCd2,Hexagonal,25.34588,9.97708,37.237,94.13514,218.53219
mp-1377,ThCu2,Hexagonal,19.17673,10.36585,32.47,87.40924,221.88688
mp-2689,ThFe5,Hexagonal,15.22787,9.29187,50.22,131.87772,311.74396
mp-1567,ThNi5,Hexagonal,13.6991,10.61653,65.856,172.93786,348.56069
mp-7497,ThSi2,Hexagonal,20.39089,7.82347,47.811,124.59547,301.30524
mp-2410,SrAg5,Hexagonal,21.67401,8.0057,21.072,56.68368,195.92574
mp-16491,SrAl9Co2,Hexagonal,17.30173,3.58564,60.932,139.53428,522.68952
mp-1831,SrAu5,Hexagonal,21.38288,13.88065,27.279,74.36255,170.34362
mp-182,SrGa2,Hexagonal,25.71714,4.88717,31.131,74.58988,282.20928
mp-1260,SrPd5,Hexagonal,18.63573,9.20337,46.203,121.05186,282.88623
mp-570832,SrPt5,Hexagonal,18.71976,15.71619,71.316,185.99213,268.10124
mp-1216692,TiNbB4,Hexagonal,8.93738,5.69832,238.167,551.35661,1020.00007
mp-800,TmB2,Hexagonal,11.52607,9.15103,164.653,376.06745,614.06184
mp-5620,TmB2Ru3,Hexagonal,12.93003,10.56865,106.066,275.1352,450.09509
mp-5714,TmCo3B2,Hexagonal,10.45255,9.72663,126.519,316.04446,547.57813
mp-5063,YAl3Ni2,Hexagonal,15.65869,5.07672,68.926,171.07433,488.18086
mp-1542,YB2,Hexagonal,12.14859,5.03586,152.469,348.84907,782.23767
mp-4382,YB2Ru3,Hexagonal,13.10003,8.74079,105.493,273.22687,491.24026
mp-5019,YCo3B2,Hexagonal,10.71,7.42482,116.996,294.59593,597.94524
mp-2797,YCu5,Hexagonal,14.57043,7.7238,42.488,112.76315,322.41445
mp-1914,YGa2,Hexagonal,20.85914,6.05949,52.98,128.2116,354.40803
mp-7559,YNi4B,Hexagonal,12.13994,7.62544,77.117,197.11105,461.348
mp-2152,YNi5,Hexagonal,13.22346,8.00276,72.438,186.74516,425.06536
mp-1025071,YbB2Ir3,Hexagonal,13.24844,16.11253,131.531,331.98424,400.49525
mp-10058,YbCo3B2,Hexagonal,10.40616,9.87919,118.119,293.17136,524.64709
mp-1607,YbCu5,Hexagonal,14.14593,9.60162,39.517,104.48295,281.89899
mp-13449,YbGa2,Hexagonal,19.78232,8.74342,35.142,84.20023,246.55479
mp-11526,TmNi5,Hexagonal,12.95761,9.87625,75.801,195.56658,394.16437
mp-1709,U2Ti,Hexagonal,18.23192,15.90613,129.399,291.92414,354.31546
mp-12072,UAu2,Hexagonal,21.07837,16.59518,48.418,126.85516,205.4195
mp-1514,UB2,Hexagonal,11.12553,12.91805,214.267,479.95808,594.08371
mp-10132,UB2Os3,Hexagonal,13.21568,17.38861,141.007,364.92612,400.4454
mp-10065,UFe3B2,Hexagonal,10.40095,11.36689,145.512,366.98126,544.59234
mp-980,USi2,Hexagonal,18.3091,8.89413,64.11,163.4805,336.64999
mp-1491,VB2,Hexagonal,7.77544,5.1656,240.821,563.0395,1131.26594
mp-2645,YbNi5,Hexagonal,12.89377,10.01328,69.809,177.87333,375.45396
mp-12752,Zr4Al3,Hexagonal,19.75067,5.35487,78.177,188.87563,465.60713
mp-1472,ZrB2,Hexagonal,10.28892,6.07078,227.984,518.43562,921.17568
mp-11283,ZrBe5,Hexagonal,10.42552,3.61783,114.539,263.89786,842.38425
mp-1215211,ZrNbB4,Hexagonal,9.78944,6.42808,219.951,514.90529,896.67832
mp-1215209,ZrTaB4,Hexagonal,9.67038,9.02688,221.721,521.93123,763.86631
mp-11826,CaPd5,Hexagonal,2.89404,8.8114,50.004,131.01048,304.44885
mp-30481,CaPt5,Hexagonal,2.89404,15.44791,79.033,205.0116,287.08899
mp-11350,CaAl9Co2,Hexagonal,1.44702,3.26764,56.558,139.47203,536.00085
mp-11287,CaHg2,Hexagonal,5.78808,9.64031,17.551,45.7028,153.91376
mp-20536,CoSn,Hexagonal,8.68212,8.86662,73.734,184.92487,375.5395
mp-2025,HfBe5,Hexagonal,2.89404,6.10118,120.416,276.47514,671.44871
mp-728,Li2Pd,Hexagonal,5.78808,4.86769,21.97,57.60534,297.64278
mp-2170,Li2Pt,Hexagonal,5.78808,8.71075,30.516,79.46366,264.33138
mp-1606,NbAu2,Hexagonal,5.78808,15.56062,63.241,169.48588,261.59353
mp-11277,ScBe5,Hexagonal,2.89404,2.37561,103.678,235.97113,984.56244
mp-72,Ti,Hexagonal,17.36424,4.67017,62.245,157.72883,470.54901
mp-1145,TiB2,Hexagonal,5.78808,4.50693,257.473,577.51194,1207.13678
mp-22260,Y(MnSn)6,Hexagonal,1.33571,7.30672,71.503,177.04143,375.41768
mp-1331,YCd2,Hexagonal,5.78808,7.10937,31.607,79.71285,241.25707
mp-30725,YHg2,Hexagonal,5.78808,11.2929,27.952,72.95472,182.23204
mp-30885,YZn5,Hexagonal,2.89404,6.94645,45.395,114.12303,333.93163
mp-754417,H2,Hexagonal,6.92615,0.24165,8.451,21.1444,1073.85665
mp-10861,Hg,Hexagonal,27.47884,12.1216,1.68,4.704,42.25117
mp-1063005,Li,Hexagonal,20.4241,0.56432,5.187,13.80779,369.98654
mp-34,Si,Hexagonal,14.66793,3.17953,56.749,144.59645,574.7798
mp-16916,Ca6FeN5,Hexagonal,17.06285,2.97104,34.172,89.39395,439.38814
mp-17875,Ca6GaN5,Hexagonal,17.43418,3.01791,28.855,76.23491,398.62786
mp-17577,Ca6MnN5,Hexagonal,17.08642,2.95959,38.848,99.99475,468.00983
mp-10736,Ba3N,Hexagonal,46.78113,3.78021,5.365,14.08849,109.81432
mp-11854,Er5Ge3,Hexagonal,23.92907,9.14455,55.383,132.69767,281.4868
mp-1105737,Dy5Ge3,Hexagonal,24.81101,8.62043,51.133,123.74186,275.45875
mp-31469,Hf5CuSn3,Hexagonal,20.27496,11.94049,63.711,162.08078,281.69128
mp-568002,HfI3,Hexagonal,40.7499,5.69682,2.043,5.4875,59.45624
mp-13236,Ho5Si3,Hexagonal,23.98634,7.8653,50.53,123.7985,290.04549
mp-39105,MgTa2N3,Hexagonal,10.25644,11.55498,202.375,487.72375,635.0802
mp-510503,Nd5Sn3,Hexagonal,32.13006,6.95986,30.308,76.55801,217.38329
mp-17190,Sc5Ge3,Hexagonal,20.19041,4.55117,67.801,160.55277,465.66769
mp-17751,Y5Ge3,Hexagonal,25.16546,5.46395,52.258,125.52372,347.38854
mp-543001,Zr5Sn4,Hexagonal,22.3279,7.6929,64.238,159.82414,339.61264
mp-23247,ZrBr3,Hexagonal,32.55184,4.22044,3.074,7.72804,90.8477
mp-21104,Hf5Sn3,Hexagonal,2.17053,11.90809,48.717,127.93084,242.01396
mp-510691,Hf5Sn4,Hexagonal,1.92936,11.73452,64.424,161.96194,279.64009
mp-11465,Mg5Hg3,Hexagonal,2.17053,6.98284,19.557,50.92643,201.54333
mp-1111,Mn5Si3,Hexagonal,2.17053,5.89452,101.503,274.87012,594.40481
mp-7822,Sc5Si3,Hexagonal,2.17053,3.2528,72.307,170.21068,572.10471
mp-17695,Sc5Sn3,Hexagonal,2.17053,5.13005,52.028,125.90776,366.1307
mp-2108,Ti5Si3,Hexagonal,2.17053,4.37448,94.124,230.6038,616.05812
mp-20847,Ti5Sn3,Hexagonal,2.17053,6.50413,50.343,130.48906,347.3142
mp-567412,Y5Sn3,Hexagonal,2.17053,5.80195,45.075,108.99135,299.93303
mp-862690,Ac,Hexagonal,46.13635,8.17018,17.221,41.91591,132.91355
mp-862617,AcAl3,Hexagonal,24.53792,5.20984,34.916,87.42966,294.2266
mp-867838,AcAu3,Hexagonal,24.33105,13.95495,22.77,62.02548,148.17786
mp-862289,AcHg3,Hexagonal,27.9914,12.29132,12.999,35.69525,114.21268
mp-861867,AcI3,Hexagonal,58.20455,4.33442,1.677,4.12542,54.35174
mp-196,Al5Co2,Hexagonal,13.44038,4.46141,83.776,205.2512,603.53489
mp-9631,AlAgO2,Hexagonal,10.98229,6.30694,59.765,158.73584,465.23589
mp-9956,AlCr2C,Hexagonal,10.88746,5.45194,140.846,338.31209,756.54023
mp-3098,AlCuO2,Hexagonal,9.88372,5.14633,80.28,209.37024,615.91239
mp-1025497,AlV2C,Hexagonal,11.82893,4.944,134.256,320.60333,753.48034
mp-569803,B2W,Hexagonal,9.15697,12.4196,209.293,515.69795,648.6839
mp-1079348,B3Os2,Hexagonal,9.60283,14.27964,195.212,491.15339,576.58471
mp-13854,B3Ru2,Hexagonal,9.37297,8.31151,172.829,435.01059,717.3635
mp-567164,BRh,Hexagonal,10.11286,9.33617,107.112,284.59658,524.74665
mp-1008488,BiPd,Hexagonal,22.60789,11.58301,25.074,68.80306,175.54935
mp-1064554,BiRh,Hexagonal,21.04409,12.30509,38.731,104.18639,216.01508
mp-28553,Ca2IN,Hexagonal,22.8806,4.01094,31.593,78.41383,327.00642
mp-984744,Ca3Tl,Hexagonal,32.79572,4.10907,8.383,22.48321,149.72761
mp-3927,CaAsAu,Hexagonal,22.42825,7.6991,27.657,72.07414,224.63915
mp-4120,CaCuAs,Hexagonal,19.88644,4.96958,42.103,103.74179,355.75064
mp-8432,CaCuP,Hexagonal,18.35791,4.05828,50.755,123.74069,442.9212
mp-11284,CaGa2,Hexagonal,21.05186,4.7202,41.853,96.51302,354.46171
mp-10677,CaPAu,Hexagonal,20.83663,7.11975,34.179,88.11346,265.45067
mp-10797,CaSiNi2,Hexagonal,16.74018,4.60141,41.191,105.2842,389.25513
mp-16263,CaZnGe,Hexagonal,21.66848,4.55019,37.699,90.02521,340.52036
mp-567305,CeAl3,Hexagonal,21.17429,4.33403,44.645,109.02309,380.56285
mp-20766,CeCuGe,Hexagonal,21.16056,7.22744,43.907,111.69941,294.16146
mp-22740,CeCuSi,Hexagonal,20.45933,6.26977,51.325,128.1072,344.19647
mp-7359,BaAgAs,Hexagonal,28.1045,6.30464,28.524,70.56838,231.72245
mp-11816,BaCdGe,Hexagonal,30.84742,5.78461,23.72,57.92424,213.58323
mp-4887,BaCeN2,Hexagonal,18.5891,6.8215,41.631,110.15563,311.54665
mp-30428,BaCu,Hexagonal,35.89909,4.64577,8.614,22.67205,137.7993
mp-9898,BaCuAs,Hexagonal,25.33562,6.02535,33.441,82.33174,265.43725
mp-16254,BaCuP,Hexagonal,23.53364,5.45305,37.446,92.04227,302.2502
mp-11700,BaCuSb,Hexagonal,29.41294,6.07153,29.179,71.60527,234.74182
mp-13277,BaLiP,Hexagonal,25.85101,3.75222,29.534,70.8816,312.06247
mp-10485,BaLiSb,Hexagonal,32.34159,4.55296,23.278,55.49475,233.1968
mp-1935,BaMg2,Hexagonal,33.71911,3.05223,13.481,33.51377,215.06768
mp-542264,BaNaCe2C4O12F,Hexagonal,12.6724,4.36526,34.761,90.30908,402.38649
mp-985439,BaPAu,Hexagonal,26.03778,7.76488,33.396,83.89075,232.09776
mp-31498,BaPt,Hexagonal,31.08922,8.87738,19.133,50.85551,156.34741
mp-568895,BaSbAu,Hexagonal,31.55905,7.99871,26.141,65.56163,189.73225
mp-11819,BaSnHg,Hexagonal,34.51135,7.32365,19.584,48.52915,166.41701
mp-4001,BaTaS3,Hexagonal,23.84305,5.77312,10.165,28.52299,155.60802
mp-30434,BaTl2,Hexagonal,34.90535,8.6597,17.206,42.05146,143.00862
mp-11818,BaZnGe,Hexagonal,27.83334,5.47632,29.175,70.3701,251.43581
mp-31147,BaZnSi,Hexagonal,27.07326,4.71915,31.194,75.67664,282.40077
mp-31148,BaZnSn,Hexagonal,31.86892,5.58301,25.518,61.44734,222.46035
mp-567666,Ba3BiN,Hexagonal,35.06312,6.01424,10.225,26.9531,133.09037
mp-12814,Ba3SbN,Hexagonal,33.96188,5.35634,7.698,21.04633,124.44916
mp-6345,Ba3TbRu2O9,Hexagonal,15.04602,6.74722,44.573,118.74247,347.59997
mp-7003,CePPd,Hexagonal,20.48056,7.50005,48.649,127.16849,309.0917
mp-865193,Co3Pt,Hexagonal,12.00863,12.8559,94.266,246.22279,395.02912
mp-1025557,CoMoP2,Hexagonal,13.04659,6.89911,119.819,302.66279,587.60748
mp-865960,CoRe3,Hexagonal,13.64467,18.78889,163.317,424.46088,411.50327
mp-865733,CoTc3,Hexagonal,13.16421,11.12979,154.37,392.87165,524.97421
mp-20197,Cr2GaC,Hexagonal,10.87159,7.092,120.232,296.01118,615.85777
mp-13548,Cs2Pt,Hexagonal,38.43994,6.63662,4.817,12.82285,85.04411
mp-877,Er2In,Hexagonal,27.0289,9.20176,27.494,70.87953,191.9524
mp-863029,ErCl3,Hexagonal,35.46519,3.20281,2.495,6.39219,92.54528
mp-8122,ErCuSi,Hexagonal,17.87805,8.01538,63.774,157.13914,357.00986
mp-866003,ErI3,Hexagonal,52.15489,4.36167,1.721,4.35413,57.49113
mp-569220,ErRu2,Hexagonal,17.3064,11.81454,48.395,132.79588,263.73884
mp-30611,ErSnPt2,Hexagonal,19.84389,14.1448,48.795,130.28265,230.09678
mp-553308,CsNdO2,Hexagonal,20.24117,6.34041,33.706,86.62442,281.69674
mp-22950,CsNiCl3,Hexagonal,26.73322,3.70154,6.799,17.75899,152.22204
mp-7977,CsSmO2,Hexagonal,19.57437,6.68615,36.15,92.9055,287.31825
mp-22962,CsTiBr3,Hexagonal,32.935,4.24005,7.225,18.36595,135.11678
mp-28283,CsTiCl3,Hexagonal,28.10167,3.39334,9.192,23.03515,179.75862
mp-23038,CsVBr3,Hexagonal,32.61988,4.31232,4.405,11.74373,106.44567
mp-22977,CsVCl3,Hexagonal,28.10246,3.42958,4.463,11.99654,126.65756
mp-22991,CsVI3,Hexagonal,40.79055,4.59653,2.679,7.35653,74.75519
mp-88,Dy,Hexagonal,32.00431,8.43129,26.543,65.29578,184.27527
mp-864995,DyAl3,Hexagonal,19.35435,5.22169,39.137,99.32971,338.74876
mp-864982,DyBr3,Hexagonal,40.21958,4.15152,2.081,5.21915,70.8653
mp-505212,Cs3AuO,Hexagonal,37.85473,5.36642,1.091,3.12681,46.08064
mp-23029,Cs3Sb2I9,Hexagonal,47.46139,4.4593,0.965,2.76762,43.81443
mp-569484,Cs3Ti2Cl9,Hexagonal,30.19571,3.19557,5.017,12.62277,134.54507
mp-754138,CsDyO2,Hexagonal,18.43062,7.37452,40.984,104.59117,297.03301
mp-755651,CsGdO2,Hexagonal,19.12314,6.99349,37.118,95.83868,287.08771
mp-754154,CsHoO2,Hexagonal,18.22849,7.51164,41.192,105.28675,296.15989
mp-29750,CsMgBr3,Hexagonal,32.97912,3.99711,3.787,10.23247,102.70287
mp-23004,CsMgCl3,Hexagonal,28.47298,3.07426,4.715,12.69278,137.05821
mp-22707,EuAgSb,Hexagonal,27.14775,7.78025,27.11,66.52794,205.23905
mp-19729,EuAsAu,Hexagonal,23.77409,9.86821,28.196,72.23815,195.75881
mp-9873,EuZnGe,Hexagonal,22.90462,7.00845,36.396,88.66066,265.03211
mp-11019,GaCuO2,Hexagonal,10.94602,6.26789,58.853,155.96045,463.43112
mp-2507,GaS,Hexagonal,22.38373,3.77558,12.041,29.62086,212.60457
mp-13137,Hf2CS,Hexagonal,14.76781,11.274,126.437,306.98904,450.15798
mp-10000,Hf2S,Hexagonal,19.25624,11.18294,77.674,195.27244,325.98201
mp-567220,Hf2SbP,Hexagonal,20.46408,10.34006,69.177,174.7411,313.69325
mp-9954,HfAs,Hexagonal,19.68612,10.68773,65.141,166.89124,304.19449
mp-1018714,HfGaCu,Hexagonal,15.89351,10.85743,70.481,178.03501,337.14144
mp-9953,HfP,Hexagonal,17.8805,9.72631,83.603,210.84677,371.75149
mp-866108,HfZn3,Hexagonal,15.61191,9.96406,15.766,45.09076,171.36505
mp-144,Ho,Hexagonal,31.36465,8.73191,28.414,69.89844,188.74677
mp-20686,Ho2In,Hexagonal,27.46995,8.96017,26.456,68.41522,189.78813
mp-977375,HoBr3,Hexagonal,40.16063,4.18273,2.449,6.00005,76.19264
mp-982557,HoGa3,Hexagonal,18.79561,8.26266,41.108,103.09886,278.81825
mp-864657,HoI3,Hexagonal,51.59266,4.39046,1.97,4.81468,61.16178
mp-20329,InAgO2,Hexagonal,14.78518,7.15098,31.048,85.00942,286.94558
mp-862983,InCl3,Hexagonal,33.95344,2.70424,3.058,7.71228,111.97868
mp-20485,InSe,Hexagonal,30.82015,5.22022,8.123,19.284,132.61501
mp-862620,IrRu3,Hexagonal,13.72304,14.98713,185.926,467.5667,488.7643
mp-14018,K3As,Hexagonal,37.16477,2.14708,5.999,15.5734,167.66885
mp-959,LaAl3,Hexagonal,22.4265,4.06962,41.255,101.32228,372.00656
mp-13005,LaCrGe3,Hexagonal,19.70718,6.88951,67.377,160.89628,378.81673
mp-4835,LaCuSi,Hexagonal,21.48333,5.93973,45.769,115.79557,330.88884
mp-1018745,LaSbPd,Hexagonal,25.56525,7.94777,30.133,80.15378,220.88847
mp-570466,Li2Ca,Hexagonal,28.19004,1.05951,11.708,28.26311,358.20445
mp-15686,Li2CuAs,Hexagonal,14.69705,4.30329,37.96,91.33176,400.96234
mp-12029,Li2CuP,Hexagonal,13.29414,3.38505,47.499,112.19264,520.91544
mp-757,Li3As,Hexagonal,15.80411,2.51497,30.48,70.77456,456.0356
mp-3553,KTeAu,Hexagonal,31.44911,6.4006,13.392,34.52458,153.3818
mp-7421,KZnAs,Hexagonal,26.1542,3.79733,21.894,53.11484,268.45333
mp-7437,KZnP,Hexagonal,24.18299,3.10096,26.245,63.5129,332.96205
mp-7438,KZnSb,Hexagonal,31.2202,4.01157,17.165,41.71095,217.7688
mp-26,La,Hexagonal,37.57216,6.13907,16.922,41.66196,163.10005
mp-20760,La2In,Hexagonal,33.02021,6.58158,15.239,40.56622,158.2659
mp-7897,K3P,Hexagonal,34.92832,1.76222,6.039,15.83426,189.74769
mp-7435,KCuSe,Hexagonal,23.96976,4.19363,21.711,54.10381,262.81927
mp-7436,KCuTe,Hexagonal,28.61198,4.45419,17.875,44.58025,217.80077
mp-7420,KHgAs,Hexagonal,30.0306,5.79878,14.645,36.78824,170.59556
mp-736,Li3P,Hexagonal,14.54433,1.47842,34.45,80.0618,648.82225
mp-2362521,Li9Ge4,Hexagonal,15.75348,2.86246,29.535,68.63934,419.50256
mp-1001835,LiB,Hexagonal,10.77531,1.36784,45.849,113.15533,865.7155
mp-9244,LiBC,Hexagonal,7.54525,2.18337,133.263,309.96974,1308.56343
mp-3924,LiNbO2,Hexagonal,9.6582,5.66709,100.566,248.59915,655.3744
mp-7936,LiNbS2,Hexagonal,15.92781,4.27383,57.167,139.37315,479.44942
mp-1250,Lu2In,Hexagonal,26.028,9.88344,31.582,80.28144,200.658
mp-866214,LuBr3,Hexagonal,40.4389,4.25698,2.266,5.58342,72.47302
mp-865324,LuCl3,Hexagonal,33.66986,3.46863,2.7,6.3612,92.79605
mp-8125,LuCuSi,Hexagonal,17.33237,8.51388,65.529,161.46346,354.77895
mp-865521,LuI3,Hexagonal,52.46102,4.39721,2.379,5.58113,66.09185
mp-568630,LuRu2,Hexagonal,16.98615,12.28846,48.129,132.45101,259.69086
mp-864938,Mg3Tl,Hexagonal,22.31358,5.15902,13.139,34.97602,190.75643
mp-2406,Mg5Pd2,Hexagonal,18.83434,4.21135,43.682,106.32199,400.37079
mp-864934,MgAg3,Hexagonal,17.45957,8.27222,19.291,53.39749,199.28126
mp-11883,MgIr2,Hexagonal,16.23235,13.93775,57.181,156.44722,269.37201
mp-864954,MgMoN2,Hexagonal,9.65482,6.37476,183.147,440.28539,830.68691
mp-1124,MgZn2,Hexagonal,16.06888,5.34341,43.383,105.94129,374.67906
mp-15819,Mn3Al9Si,Hexagonal,14.31786,3.88731,64.797,163.54763,556.42617
mp-864735,Mn3Ir,Hexagonal,13.90024,10.66284,155.689,384.67638,509.82051
mp-569151,MnGaPt,Hexagonal,15.0789,11.73713,38.589,102.95545,245.31935
mp-865022,MnIr3,Hexagonal,14.02559,18.69401,136.361,353.28408,371.8015
mp-975834,MoRu3,Hexagonal,14.0324,11.80846,165.564,418.54579,516.09174
mp-1634,MoSe2,Hexagonal,21.57546,6.51271,12.625,30.93125,168.57268
mp-865625,Na2MgSn,Hexagonal,27.40755,2.86265,18.808,44.31165,280.25031
mp-27838,Na3Bi,Hexagonal,30.699,3.75864,10.693,26.56141,178.9226
mp-1598,Na3P,Hexagonal,22.97056,1.80622,14.892,37.23,335.58636
mp-7956,Na3Sb,Hexagonal,29.02211,2.72821,12.543,30.98121,231.36499
mp-3405,NaAl11O17,Hexagonal,10.52407,3.21977,69.533,181.06393,708.90611
mp-9573,NaBeAs,Hexagonal,18.61029,3.18015,33.067,79.49307,401.9139
mp-3744,NaNbO2,Hexagonal,11.03367,5.56445,99.169,242.76571,627.64598
mp-7937,NaNbS2,Hexagonal,17.99483,4.15314,48.843,120.7399,432.77612
mp-7939,NaNbSe2,Hexagonal,20.48455,5.54909,39.007,96.50332,320.85375
mp-2400,NaS,Hexagonal,21.82887,2.09403,14.479,36.37125,313.28813
mp-15668,NaSe,Hexagonal,25.17345,3.3625,11.917,30.26918,214.13687
mp-9264,NaTeAu,Hexagonal,26.58761,7.23559,9.325,25.4386,128.55387
mp-996162,Nb2AlC,Hexagonal,14.71185,6.34348,112.681,276.74454,567.55574
mp-9989,Nb2AsC,Hexagonal,14.55853,7.77729,116.039,292.65036,523.76994
mp-10366,Nb2Co3Si,Hexagonal,12.65867,8.54183,114.307,293.31176,522.65121
mp-19835,Nb2InC,Hexagonal,15.96007,8.13207,99.016,246.54984,458.57771
mp-9987,Nb2PC,Hexagonal,13.82642,6.86958,130.576,327.74576,600.66079
mp-996161,Nb3AlC2,Hexagonal,13.60485,6.70737,134.763,330.16935,619.18982
mp-10033,NbS2,Hexagonal,20.67957,4.20326,13.219,33.91995,216.568
mp-2207,NbSe2,Hexagonal,23.7044,5.85696,14.307,35.02354,179.8213
mp-9586,NbSnS2,Hexagonal,21.33254,5.36607,28.417,74.90721,276.98412
mp-123,Nd,Hexagonal,35.46126,6.7544,21.438,53.08049,179.01239
mp-16513,NdAl3,Hexagonal,21.09525,4.43146,39.767,99.57657,358.70673
mp-864617,NdI3,Hexagonal,54.62609,3.98944,1.905,4.70535,61.7299
mp-20201,NdZnSn,Hexagonal,24.80831,7.32626,43.259,105.03285,274.79091
mp-3250,Ni2SbTe2,Hexagonal,21.48452,7.64162,21.669,53.47909,199.97312
mp-10208,NiMoP2,Hexagonal,13.36291,6.72834,109.297,267.99624,561.48272
mp-810,NiSb,Hexagonal,17.10524,8.75901,50.253,130.55729,310.66944
mp-974326,OsRu3,Hexagonal,13.6982,14.95409,215.629,531.52549,525.59735
mp-862844,PaAl3,Hexagonal,19.37311,6.68524,49.122,125.85056,335.62509
mp-862854,PaPd3,Hexagonal,17.69408,12.91092,52.044,140.83106,258.92766
mp-867200,Pm,Hexagonal,34.52341,6.97434,22.869,56.39495,183.52344
mp-862980,PmAl3,Hexagonal,20.68344,4.53491,41.964,104.65822,366.63135
mp-862984,PmB3,Hexagonal,11.65909,6.3177,110.498,264.31122,605.67007
mp-862986,PmBr3,Hexagonal,41.90924,3.81079,1.747,4.55268,67.21234
mp-863677,PmCu3,Hexagonal,17.47557,7.97313,25.855,69.86021,233.38567
mp-863695,PmI3,Hexagonal,54.32419,4.0174,1.732,4.33346,59.09757
mp-862732,PmZn3,Hexagonal,19.45046,7.28287,15.758,43.74421,184.90333
mp-568066,Pr2CBr,Hexagonal,23.96727,6.47334,36.834,93.04268,274.24741
mp-12553,PrAl3,Hexagonal,21.49686,4.28428,44.296,108.5252,381.36195
mp-862756,PrGa3,Hexagonal,20.83623,6.97482,44.283,108.67048,302.83913
mp-862800,PrI3,Hexagonal,56.08339,3.86109,1.806,4.38136,60.32921
mp-1024955,PrNiSb,Hexagonal,23.10371,7.69909,35.539,94.03619,252.05822
mp-8033,PuF3,Hexagonal,12.99836,9.61302,34.579,94.53899,271.93709
mp-7898,Rb3As,Hexagonal,42.96286,3.20148,3.57,9.61758,101.67677
mp-27409,RbNiBr3,Hexagonal,29.20606,4.3651,3.423,9.44063,97.40359
mp-7650,RbScO2,Hexagonal,14.70768,4.58449,55.927,140.04121,473.04473
mp-28282,RbTiCl3,Hexagonal,25.84075,3.08057,8.008,20.75674,182.42435
mp-16764,RbYTe2,Hexagonal,37.59099,4.74398,15.968,39.79226,181.31269
mp-1186901,Re,Hexagonal,14.81078,20.87695,196.072,498.80717,414.72309
mp-974437,Re2C,Hexagonal,11.60998,18.32769,269.296,660.0445,559.21735
mp-862604,Re3Ni,Hexagonal,13.67876,18.73478,179.065,452.10331,429.33609
mp-867264,Re3Os,Hexagonal,14.61384,21.27258,203.733,517.48182,420.6036
mp-862586,Re3Pd,Hexagonal,14.67368,18.81475,173.524,435.75347,411.601
mp-862589,Re3Pt,Hexagonal,14.78997,21.15549,204.28,507.02296,419.28868
mp-1186923,Re3Rh,Hexagonal,14.49355,18.94792,175.246,446.52681,414.88448
mp-1773,ReB2,Hexagonal,9.11356,12.62251,276.94,652.47064,736.77854
mp-867792,ReIr3,Hexagonal,14.35008,22.06878,159.736,417.23043,369.60367
mp-867141,ReOs3,Hexagonal,14.2681,22.02215,248.808,617.04384,458.79494
mp-862655,Ru3W,Hexagonal,14.11076,14.32888,168.416,427.43981,471.89778
mp-7288,Sc2SO2,Hexagonal,13.60815,3.75779,67.795,175.04669,592.01336
mp-862259,Sc3Al,Hexagonal,21.90827,3.06684,42.694,105.62496,439.77543
mp-11022,ScAgO2,Hexagonal,13.85425,5.53812,39.168,106.22362,372.57732
mp-3642,ScCuO2,Hexagonal,12.78414,4.56243,46.58,125.57968,459.05053
mp-10026,ScTe,Hexagonal,25.83019,5.54653,33.162,84.5631,274.15423
mp-13312,ScTlS2,Hexagonal,23.27635,5.59074,28.849,72.58408,263.7584
mp-862260,ScZn3,Hexagonal,16.13802,6.20419,29.499,78.70333,289.79701
mp-69,Sm,Hexagonal,33.80194,7.38652,24.026,59.15201,184.0842
mp-19816,Sm2In,Hexagonal,29.87069,7.70005,20.676,54.33653,176.24968
mp-980429,Sm3Hg,Hexagonal,29.03559,9.31722,17.74,47.011,150.25822
mp-867870,SmAl3,Hexagonal,20.43572,4.69876,43.821,108.41315,369.16933
mp-979465,SmCd3,Hexagonal,24.03964,8.42013,20.865,55.5009,182.98331
mp-863026,SmCl3,Hexagonal,34.98475,3.04627,2.666,6.63301,98.25925
mp-867143,SmGa3,Hexagonal,19.87129,7.51099,41.914,104.61734,289.37164
mp-867879,SmHg3,Hexagonal,24.26403,12.86824,21.074,56.35188,148.48654
mp-863028,SmI3,Hexagonal,55.00279,4.00829,1.882,4.6109,60.82922
mp-30877,SrTl2,Hexagonal,31.55373,8.70757,16.996,42.0821,147.07376
mp-9556,SrZnSi,Hexagonal,23.82878,4.20706,40.121,94.84604,353.08348
mp-1019279,SrZnSn,Hexagonal,28.23505,5.3271,27.358,66.04221,245.61832
mp-3581,Ta4MnS8,Hexagonal,18.67526,7.08083,47.917,114.61746,321.96251
mp-862679,TaZn2,Hexagonal,14.60719,11.8138,90.589,226.65368,376.23153
mp-18,Tb,Hexagonal,32.71278,8.06724,23.903,59.42286,177.51323
mp-867246,TbGa3,Hexagonal,19.15466,7.97763,44.485,110.41177,292.72097
mp-867288,TbHg3,Hexagonal,23.51427,13.42976,21.49,57.5932,148.42981
mp-863264,TbI3,Hexagonal,54.72635,4.09351,2.63,6.16472,70.76928
mp-867357,Tc3Ni,Hexagonal,13.20202,11.09037,150.925,385.1606,519.93965
mp-862779,Tc3Os,Hexagonal,14.18483,14.17153,174.876,444.88454,482.75741
mp-861610,Tc3Pd,Hexagonal,14.30973,11.61645,144.737,364.62145,483.08824
mp-867281,Tc3Pt,Hexagonal,14.39005,14.10945,178.077,442.34327,484.20957
mp-861630,Tc3Ru,Hexagonal,14.05342,11.67027,161.012,410.41959,512.41436
mp-1019317,TcB2,Hexagonal,8.96788,7.38328,240.891,573.80236,904.92785
mp-867345,TcIr3,Hexagonal,14.20606,19.7149,157.989,410.7714,390.0576
mp-867212,TcOs3,Hexagonal,14.12965,19.64638,239.966,593.86786,478.59971
mp-867356,TcRu3,Hexagonal,13.69904,12.15824,192.283,477.63097,551.25537
mp-602,Te2Mo,Hexagonal,26.88003,7.23067,14.025,32.9868,153.51377
mp-564,TePd,Hexagonal,21.72705,8.94275,19.279,54.28966,178.05907
mp-1306,ThAl3,Hexagonal,21.18341,6.13357,43.904,112.48205,321.13832
mp-865450,ThGa3,Hexagonal,20.57559,8.90183,43.146,110.79893,267.43985
mp-2215,ThHg2,Hexagonal,25.9743,13.49389,33.498,87.83176,177.6955
mp-865400,ThPt3,Hexagonal,18.882,17.96873,44.381,122.75785,198.93145
mp-568337,ThRh2,Hexagonal,19.00019,12.75541,30.894,86.56499,197.26314
mp-4978,Ti2AlN,Hexagonal,13.09784,4.3334,118.851,284.52929,731.51383
mp-3732,Ti2CS,Hexagonal,12.48592,4.64843,134.771,323.4504,763.25987
mp-30671,Ti2Ga,Hexagonal,15.96931,5.73491,64.019,163.12041,440.86682
mp-12537,Ti2GaC,Hexagonal,13.61118,5.41268,110.605,262.13385,622.88496
mp-1025550,Ti2GaN,Hexagonal,12.93613,5.75919,111.361,270.16179,618.12343
mp-9958,Ti2GeC,Hexagonal,13.32635,5.61924,105.974,258.78851,604.46684
mp-5244,Ti2SbP,Hexagonal,18.0287,5.7213,70.239,174.89511,441.88836
mp-30672,Ti3Ga,Hexagonal,16.17069,5.47646,55.181,143.36024,418.2137
mp-1095505,Ti3GeC2,Hexagonal,12.29336,5.40895,124.059,300.4709,683.94591
mp-1822,TiAs,Hexagonal,17.31639,5.88735,71.121,177.8025,444.75528
mp-6954,SrAgAs,Hexagonal,24.93207,6.00333,29.294,73.235,251.10284
mp-31018,SrAgBi,Hexagonal,30.3602,7.37408,20.895,52.44645,179.18433
mp-10667,SrAgP,Hexagonal,23.34612,5.36918,35.283,87.43127,297.12449
mp-9743,SrAsPd,Hexagonal,23.75393,6.26733,27.956,73.30063,245.70064
mp-8456,SrAsPt,Hexagonal,23.71305,8.34774,29.338,77.511,218.49415
mp-12557,SrCuAs,Hexagonal,22.37605,5.5927,39.629,96.77402,312.35023
mp-16321,SrCuP,Hexagonal,20.6919,4.87228,46.074,111.95982,369.92748
mp-10749,SrCuSb,Hexagonal,26.17868,5.77065,32.93,80.41506,265.78784
mp-13276,SrLiP,Hexagonal,22.1781,3.13305,36.89,86.76528,401.03277
mp-2572,SrMg2,Hexagonal,31.26781,2.41159,16.339,40.42269,272.94963
mp-12520,SrNi2Ge,Hexagonal,19.04243,6.05284,31.853,82.94521,287.06638
mp-12521,SrNi3Ge2,Hexagonal,16.54822,6.83988,27.896,76.0445,267.07234
mp-1025045,TiGaPd,Hexagonal,15.11294,8.20439,44.998,121.94458,318.59405
mp-22662,TiGaPt,Hexagonal,15.20614,11.38153,61.559,164.11629,314.65397
mp-1409,TiNi3,Hexagonal,11.37858,8.17046,96.324,247.16738,509.58008
mp-739,TiP,Hexagonal,15.48373,4.22761,90.022,222.1743,611.0764
mp-997010,TlAgO2,Hexagonal,16.29983,8.76759,19.118,53.45393,197.78819
mp-143,Tm,Hexagonal,30.199,9.28911,31.32,76.4208,194.40281
mp-8123,TmCuSi,Hexagonal,17.66494,8.16456,64.836,159.49656,357.97205
mp-21294,Y2In,Hexagonal,28.43432,5.69644,27.105,69.60564,237.44421
mp-865527,YAl3,Hexagonal,19.52773,3.6108,38.964,98.65685,404.89703
mp-15695,YAsPt,Hexagonal,20.23827,9.81616,47.4,124.4724,269.30981
mp-510441,YInPt2,Hexagonal,20.23513,12.18401,39.147,106.01008,221.14995
mp-13160,YZnGe,Hexagonal,20.1145,6.24537,54.248,131.71414,357.89663
mp-865171,YbHg3,Hexagonal,22.73048,14.15063,14.403,38.4272,120.86324
mp-865353,TmI3,Hexagonal,51.42265,4.4373,1.961,4.74954,60.67894
mp-28607,UReB3,Hexagonal,11.32362,13.39353,191.09,462.05562,554.21192
mp-10046,V2AsC,Hexagonal,11.8135,6.6351,115.533,290.68103,607.37909
mp-9957,V2GeC,Hexagonal,11.75566,6.58718,104.264,262.1197,580.50173
mp-8044,V2PC,Hexagonal,11.04905,5.44296,151.481,371.73437,781.92218
mp-11193,VAuS2,Hexagonal,16.90513,7.66263,51.636,133.01434,336.53194
mp-865473,VBr3,Hexagonal,35.99471,3.35217,3.386,7.65913,101.65617
mp-865493,VI3,Hexagonal,44.90773,3.99029,2.292,6.18382,72.77954
mp-865496,VIr3,Hexagonal,13.85628,18.8027,186.516,468.90122,435.07604
mp-1114,VP,Hexagonal,13.30718,5.11091,108.026,267.25632,640.77167
mp-866161,VRh3,Hexagonal,13.47125,11.08335,128.846,330.10345,477.74753
mp-1013525,VS2,Hexagonal,18.52804,3.43768,15.667,39.23017,270.68488
mp-224,WS2,Hexagonal,18.99343,7.22642,20.652,49.85393,213.05647
mp-1821,WSe2,Hexagonal,21.85424,8.65592,17.056,41.10496,167.78424
mp-972042,Zn3Cu,Hexagonal,13.20426,8.16712,63.909,155.81014,392.99982
mp-5025,Zr2CS,Hexagonal,15.50183,6.06624,114.231,278.49518,574.07059
mp-21040,Zr2Fe3Ge,Hexagonal,15.02918,7.78244,87.954,222.69953,450.6963
mp-16336,Zr2Fe3Si,Hexagonal,14.60681,7.1633,93.2,236.5416,488.23482
mp-20004,Zr2InC,Hexagonal,18.4098,6.97408,85.132,206.01944,436.27794
mp-8786,Zr2NiAs2,Hexagonal,17.50779,7.41664,68.334,176.02838,389.32613
mp-11583,Zr2SN2,Hexagonal,14.5982,5.51746,68.795,180.51808,482.76205
mp-5137,Zr2SbP,Hexagonal,21.31879,6.5269,67.669,169.44318,384.28572
mp-4613,Zr2SnC,Hexagonal,18.09355,7.18528,78.073,194.24562,415.4033
mp-1025524,Zr2TlC,Hexagonal,18.54696,8.92724,77.68,190.316,368.30905
mp-2772,ZrAl2,Hexagonal,17.55268,4.57839,89.522,212.70427,559.71337
mp-1682,ZrAs,Hexagonal,20.50804,6.72642,65.248,165.33843,377.52122
mp-10200,ZrBeSi,Hexagonal,14.54313,4.88394,114.747,269.88494,651.7093
mp-3469,ZrNi2Sb,Hexagonal,15.79729,8.68177,60.623,159.68098,352.54292
mp-485,ZrNi3,Hexagonal,12.80855,8.66353,68.767,182.23255,404.23298
mp-570684,ZrOs2,Hexagonal,16.81617,15.52572,91.366,245.77454,317.53546
mp-11345,ZrP,Hexagonal,18.71305,5.42173,80.903,202.41931,481.35967
mp-30842,ZrPd3,Hexagonal,16.04067,10.62339,80.861,209.42999,365.24538
mp-12109,ZrRe2,Hexagonal,17.44775,14.70847,75.042,204.86466,292.80395
mp-864889,ZrZn3,Hexagonal,16.02973,7.44435,41.219,108.9006,312.89606
mp-8566,Ag,Hexagonal,17.36424,10.31542,32.087,85.86481,229.10257
mp-2294,Al3Ir,Hexagonal,4.34106,7.42168,34.51,96.21388,293.65249
mp-1791,Al5Rh2,Hexagonal,2.48061,5.3498,77.568,194.38541,511.26148
mp-87,Be,Hexagonal,17.36424,1.88261,133.872,292.64419,1373.82619
mp-30438,Be2Cr,Hexagonal,5.78808,4.06577,162.402,375.79823,962.61172
mp-2225,Be2Fe,Hexagonal,5.78808,4.74996,145.09,331.38556,880.45611
mp-1677,Be2Mo,Hexagonal,5.78808,6.07758,148.915,357.09817,746.71684
mp-11275,Be2Re,Hexagonal,5.78808,11.55972,173.672,420.28624,597.69921
mp-11281,Be2V,Hexagonal,5.78808,3.95349,137.179,319.07835,906.53198
mp-11282,Be2W,Hexagonal,5.78808,10.728,168.39,401.77854,596.89905
mp-16245,CaSbAu,Hexagonal,5.78808,7.72282,22.259,58.45213,192.2846
mp-16266,CaZnSi,Hexagonal,5.78808,3.49895,41.666,99.58174,410.84936
mp-94,Cd,Hexagonal,17.36424,8.36771,13.413,36.34923,151.36205
mp-5910,CaCuSb,Hexagonal,5.78808,5.33501,33.921,83.58134,291.75487
mp-20868,Fe2W,Hexagonal,5.78808,13.19317,135.348,345.94949,458.4446
mp-103,Hf,Hexagonal,17.36424,13.31273,56.604,144.56662,243.48927
mp-570784,Hf2Al3C4,Hexagonal,1.92936,7.6841,156.611,371.48129,654.94308
mp-4893,Hf2SnC,Hexagonal,4.34106,11.72188,80.746,202.67246,336.63127
mp-12657,HfAl2,Hexagonal,5.78808,7.555,89.118,214.06144,440.16431
mp-12571,HfBeSi,Hexagonal,5.78808,8.52984,117.352,278.12424,506.21373
mp-11453,HfPd3,Hexagonal,4.34106,13.12467,84.487,218.9903,338.07023
mp-11456,HfPt3,Hexagonal,4.34106,19.74175,105.973,275.5298,306.57515
mp-1689,HfRe2,Hexagonal,5.78808,17.78194,79.393,216.42532,275.48991
mp-30745,Ir3W,Hexagonal,4.34106,21.74541,194.892,493.31063,407.67831
mp-841,Li2O2,Hexagonal,8.68212,2.4145,50.633,123.24072,765.75909
mp-7955,Li3Sb,Hexagonal,4.34106,3.01653,24.195,56.6163,344.85495
mp-11977,LiSnAu,Hexagonal,5.78808,9.24225,14.507,40.2134,157.99244
mp-153,Mg,Hexagonal,17.36424,1.8018,24.389,59.80183,431.97589
mp-10746,Mg2Cu3Si,Hexagonal,2.89404,5.3139,54.613,137.73399,443.79777
mp-14793,Mg2SiPt,Hexagonal,4.34106,6.72079,57.571,144.50321,379.5948
mp-30490,Mg3Cd,Hexagonal,4.34106,3.61936,19.676,50.72473,281.05476
mp-30778,Mg5Rh2,Hexagonal,2.48061,4.3077,68.756,171.33995,505.827
mp-12659,Mn2Nb,Hexagonal,5.78808,7.56813,77.447,208.33243,427.5526
mp-786,MnSb,Hexagonal,8.68212,6.78578,41.61,100.36332,289.40223
mp-11482,MoIr3,Hexagonal,4.34106,19.32411,189.314,478.35862,426.8035
mp-30787,MoRh3,Hexagonal,4.34106,11.94957,132.343,340.91557,460.12047
mp-10172,Na,Hexagonal,17.36424,1.03349,4.588,11.5067,209.22855
mp-5443,Nb2SnC,Hexagonal,4.34106,8.17865,81.589,209.35737,415.88804
mp-30798,NbZn2,Hexagonal,5.78808,8.34696,82.962,208.0687,425.95609
mp-49,Os,Hexagonal,17.36424,22.35969,244.666,609.70767,453.34248
mp-30846,Sn3Pt2,Hexagonal,3.47285,11.44823,30.087,82.19768,196.18409
mp-1775,SnAu,Hexagonal,8.68212,11.37865,20.977,57.43503,161.2708
mp-20033,SnIr,Hexagonal,8.68212,13.24548,58.196,155.03414,261.18218
mp-19856,SnPt,Hexagonal,8.68212,12.79702,44.847,120.36935,230.29831
mp-139,Sr,Hexagonal,17.36424,2.57821,7.697,18.88844,147.99592
mp-30866,Rh3W,Hexagonal,4.34106,14.49679,137.344,354.62221,425.18352
mp-33,Ru,Hexagonal,17.36424,12.38495,193.869,481.18286,550.55198
mp-1769,SbPd,Hexagonal,8.68212,9.17588,29.332,80.48701,219.71434
mp-67,Sc,Hexagonal,17.36424,2.98458,32.26,80.84356,370.83731
mp-4798,Sc(AlC)3,Hexagonal,2.48061,3.31852,138.55,325.3154,938.33806
mp-11220,Sc2Al,Hexagonal,5.78808,3.03932,45.946,113.21094,463.02593
mp-10911,Sc2Al3Ru,Hexagonal,2.89404,4.38411,67.526,168.67995,503.84138
mp-27319,Sc2Co3Si,Hexagonal,2.89404,6.12943,79.245,202.39173,505.05902
mp-30494,ScCd3,Hexagonal,4.34106,7.48845,29.259,75.72229,238.5691
mp-4992,ScCrC2,Hexagonal,4.34106,4.88507,136.76,336.4296,803.5694
mp-30722,ScHg3,Hexagonal,4.34106,12.40808,22.049,59.26771,160.8669
mp-2039,ScMn2,Hexagonal,5.78808,5.05263,39.923,111.22548,356.42285
mp-567612,ScOs2,Hexagonal,5.78808,14.16192,69.065,188.82371,290.94264
mp-11557,ScRe2,Hexagonal,5.78808,13.3896,75.273,203.2371,307.77486
mp-567750,ScRu2,Hexagonal,5.78808,8.44001,52.506,144.18148,332.08318
mp-13503,ScZn2,Hexagonal,5.78808,5.8595,49.625,123.6655,378.71935
mp-113,Tc,Hexagonal,17.36424,11.41849,145.8,375.7266,491.38756
mp-12990,Ti2AlC,Hexagonal,4.34106,4.03837,115.936,271.29024,732.34262
mp-9961,Ti2CdC,Hexagonal,4.34106,6.11206,59.737,152.32935,421.75253
mp-30875,Ti2Sn,Hexagonal,5.78808,6.52693,61.103,155.69044,386.45394
mp-3871,Ti2SnC,Hexagonal,4.34106,6.30951,94.05,228.7296,517.66127
mp-1823,Ti3Al,Hexagonal,4.34106,4.27627,60.543,154.26356,489.93004
mp-3747,Ti3AlC2,Hexagonal,2.89404,4.24719,128.029,302.4045,773.38292
mp-5659,Ti3SiC2,Hexagonal,2.89404,4.50211,133.36,322.19776,782.03877
mp-21023,Ti3SnC2,Hexagonal,2.89404,5.96185,116.018,279.60338,613.46099
mp-16481,TiAlAu,Hexagonal,5.78808,9.2144,54.244,142.8787,319.55703
mp-570713,TiAlPt,Hexagonal,5.78808,9.81218,51.204,138.96766,309.72535
mp-569568,Ta3AlC2,Hexagonal,2.89404,12.42009,164.088,396.27252,506.57223
mp-1949,TiMn2,Hexagonal,5.78808,6.05488,54.384,148.35955,404.23085
mp-2187,TiSb,Hexagonal,8.68212,6.38607,45.424,116.64883,316.0233
mp-82,Tl,Hexagonal,17.36424,11.34839,11.153,29.33239,107.34936
mp-112,Y,Hexagonal,17.36424,4.37067,27.122,66.88285,253.10728
mp-8126,YCuSi,Hexagonal,5.78808,5.37892,60.168,148.49462,417.37953
mp-30726,YHg3,Hexagonal,4.34106,12.20178,21.426,57.37883,155.45812
mp-570670,YOs2,Hexagonal,5.78808,14.47152,51.03,141.76134,241.89675
mp-570923,YRe2,Hexagonal,5.78808,13.69261,55.616,152.944,255.80094
mp-568186,YRu2,Hexagonal,5.78808,9.11794,48.099,131.69506,296.96314
mp-20987,YZnSn,Hexagonal,5.78808,6.52635,42.778,104.72054,296.68858
mp-131,Zr,Hexagonal,17.36424,6.44609,33.105,88.85382,264.62087
mp-10597,Ag,Hexagonal,17.38607,10.30247,33.559,89.53541,234.19798
mp-1008634,Au,Hexagonal,17.65071,18.53017,12.694,36.78721,108.37578
mp-56,Ba,Hexagonal,67.68091,3.36929,4.782,12.02195,95.75509
mp-47,C,Hexagonal,5.65622,3.52607,525.646,1124.88244,2227.73004
mp-48,C,Hexagonal,10.28436,1.93928,89.734,213.92586,1033.82058
mp-611426,C,Hexagonal,5.64733,3.53162,523.699,1121.76326,2223.246
mp-616440,C,Hexagonal,5.645,3.53308,522.967,1120.19531,2221.58057
mp-132,Ca,Hexagonal,43.5684,1.52751,10.874,26.98927,249.25491
mp-20372,Ce,Hexagonal,25.92035,8.97627,23.828,58.14032,182.42316
mp-20736,Ce,Hexagonal,25.42091,9.15263,32.268,72.40939,209.8641
mp-11832,Cs,Hexagonal,124.21513,1.77671,0.854,2.23919,45.8165
mp-639727,Cs,Hexagonal,124.22835,1.77652,0.829,2.18193,45.18189
mp-989695,Cu,Hexagonal,11.45643,9.2106,65.761,169.26881,396.52041
mp-99,Er,Hexagonal,30.70708,9.04482,31.02,75.62676,195.04449
mp-136,Fe,Hexagonal,9.85707,9.40774,180.477,449.74868,679.31738
mp-1007760,Ge,Hexagonal,22.83337,5.28269,45.231,108.28301,341.42474
mp-23907,H2,Hexagonal,41.86791,0.03998,0.024,0.06672,79.92493
mp-24504,H2,Hexagonal,16.11264,0.10388,0.247,0.63034,203.71466
mp-1184554,Hg,Hexagonal,28.47652,11.69692,3.948,10.14636,64.27652
mp-973986,Ho,Hexagonal,31.04804,8.82095,28.439,69.67555,188.22355
mp-1184755,K,Hexagonal,76.89744,0.8443,1.623,4.22954,107.78693
mp-604318,K,Hexagonal,77.28581,0.84005,1.596,4.16556,106.91088
mp-10173,Li,Hexagonal,20.10458,0.57329,7.956,20.14459,454.39211
mp-976411,Li,Hexagonal,20.36582,0.56594,6.849,17.64302,422.64692
mp-973364,Mg,Hexagonal,22.54703,1.79001,24.167,59.25748,430.16445
mp-12103,N2,Hexagonal,37.27162,0.62403,0.209,0.56514,60.63056
mp-982370,Na,Hexagonal,37.16796,1.02711,3.678,9.53338,188.33894
mp-10257,Ni,Hexagonal,10.56879,9.22174,80.204,211.89897,450.74347
mp-20745,Pb,Hexagonal,31.29823,10.99307,11.459,31.28307,109.02128
mp-1059256,Pr,Hexagonal,37.04576,6.31604,13.525,35.6519,146.10114
mp-38,Pr,Hexagonal,36.54579,6.40245,19.899,49.50871,175.41035
mp-604321,Rb,Hexagonal,94.65994,1.49929,1.12,2.96128,62.88404
mp-8,Re,Hexagonal,14.81329,20.87342,168.04,436.904,385.31274
mp-10649,Si,Hexagonal,13.86438,3.36381,64.435,155.15948,602.59106
mp-165,Si,Hexagonal,20.12569,2.31729,61.322,149.50304,624.45727
mp-68,Sm,Hexagonal,34.35265,7.2681,19.245,48.8823,165.7883
mp-867202,Sr,Hexagonal,56.81652,2.56081,6.887,17.20373,140.2288
mp-571249,Tb,Hexagonal,32.51089,8.11733,26.483,65.09521,186.12358
mp-867351,Tc,Hexagonal,14.24792,11.42152,149.971,385.72541,498.21076
mp-46,Ti,Hexagonal,17.31935,4.58938,48.257,126.72288,417.70583
mp-570510,Xe,Hexagonal,66.00564,3.30301,0.268,0.70591,24.52641
mp-10848,AsPdS,Cubic,17.93878,6.5848,37.791,100.67522,306.65143
mp-10849,AsPdSe,Cubic,19.30405,7.46374,35.985,95.93601,274.41081
mp-29011,BiTePd,Cubic,25.32961,9.68063,26.776,71.70613,189.82764
mp-29638,BiTePt,Cubic,25.30662,11.6287,32.854,87.45735,191.8058
mp-8458,BaAsPt,Cubic,25.97693,8.67939,23.705,63.71904,187.30908
mp-22151,BaGePt,Cubic,26.26134,8.5373,23.001,61.73468,185.34535
mp-21236,BaPPt,Cubic,23.81853,8.44461,31.085,82.49959,223.09864
mp-1025551,GaPt,Cubic,14.90388,14.75194,51.944,141.18379,256.94738
mp-29145,H3N,Cubic,7.7056,0.91751,3.613,9.54555,341.44641
mp-28980,K3BiSe3,Cubic,33.86016,3.94539,7.072,17.83558,137.97187
mp-29379,K3BiTe3,Cubic,40.48287,4.15501,4.756,12.15634,103.99785
mp-1078464,MnGe,Cubic,13.1861,8.03302,76.408,194.53477,434.46927
mp-23339,NaBrO3,Cubic,14.63877,3.42327,16.231,40.5775,298.0063
mp-3679,NiSbS,Cubic,17.36588,6.77372,51.865,129.24758,353.90627
mp-10847,NiSbSe,Cubic,18.91527,7.59115,48.176,120.2473,313.2626
mp-8630,SbIrS,Cubic,18.67743,10.25509,86.444,215.24556,362.39203
mp-4368,SbPdSe,Cubic,21.73707,7.82102,31.472,83.84141,240.72765
mp-10850,SbTePd,Cubic,24.0295,8.1953,32.354,85.47927,230.20861
mp-2488,SiOs,Cubic,13.53225,13.39472,77.908,207.85854,339.06726
mp-8843,SrSiPd,Cubic,23.21628,5.29582,23.297,62.80871,246.75999
mp-971914,SrSiPt,Cubic,23.02093,7.47259,27.152,73.03888,224.79664
mp-21164,SrGePt,Cubic,24.30049,8.09397,19.913,54.44214,182.4339
mp-12923,SrPIr,Cubic,21.32241,8.0684,31.257,84.76898,238.46014
mp-4876,Tl3SbSe3,Cubic,31.48965,7.32075,6.494,16.91038,99.85456
mp-3519,ZrSO,Cubic,15.6157,4.93721,50.433,134.05091,428.63658
mp-1490,AlAu4,Cubic,3.47285,15.92733,15.302,44.13097,129.95352
mp-7189,AlPd,Cubic,8.68212,7.69147,67.929,177.02297,408.19502
mp-10904,AlPt,Cubic,8.68212,12.70036,74.581,196.44635,332.41115
mp-30365,BeAu,Cubic,8.68212,13.28768,42.582,116.58952,257.35076
mp-4478,CaSiPt,Cubic,5.78808,6.82385,21.792,60.10234,217.05045
mp-7577,CoSi,Cubic,8.68212,6.86392,115.85,297.0394,625.51933
mp-871,FeSi,Cubic,8.68212,6.53457,142.052,345.18636,701.15687
mp-317,SnRh,Cubic,8.68212,10.70968,54.997,145.96204,294.55897
mp-189,SiRu,Cubic,8.68212,8.21765,99.337,256.28946,492.38529
mp-8624,K2Sn2O3,Cubic,20.84365,4.13827,15.91,38.94768,236.94144
mp-999498,N2,Cubic,6.75261,3.4444,243.147,562.64216,1458.58727
mp-30178,Mg2Al5Cu6,Cubic,14.06704,5.12853,58.206,146.56271,464.56458
mp-30784,Mg2Zn11,Cubic,1.33571,6.42896,39.903,100.31614,334.92186
mp-31064,B6H10N,Cubic,9.38402,0.92591,3.607,9.96975,316.84841
mp-540912,As3Ir,Cubic,19.31796,8.96076,83.893,206.71235,377.81174
mp-8182,As3Rh,Cubic,19.19569,7.08635,71.782,178.45005,394.45287
mp-16272,Ce(FeP3)4,Cubic,13.69862,5.24225,133.263,316.63289,693.28871
mp-30443,Be17Ru3,Cubic,8.94861,4.23473,117.848,280.94963,836.5568
mp-452,CoAs3,Cubic,17.21879,6.83979,83.076,198.55164,445.34561
mp-1944,CoP3,Cubic,14.17304,4.44789,115.879,274.16971,693.74076
mp-971669,FeSb3,Cubic,24.04547,7.27054,47.232,122.51981,293.83644
mp-2789,NO2,Cubic,12.7224,2.00156,3.922,9.5383,203.55227
mp-3569,Nd(Sb3Os)4,Cubic,24.12542,9.58058,52.211,133.55574,268.81447
mp-2301,NiP3,Cubic,14.76465,4.26292,75.904,189.45638,570.18551
mp-13853,P3Ir,Cubic,16.26348,7.27832,114.248,280.1361,516.719
mp-1357,P3Rh,Cubic,16.11758,5.04384,97.011,239.22913,574.51875
mp-4251,Pr(Sb3Os)4,Cubic,24.17137,9.54889,49.953,128.57902,263.43102
mp-1239,Sb3Ir,Cubic,25.35502,9.12783,60.31,150.1719,290.08575
mp-12956,Yb(FeP3)4,Cubic,13.58926,5.52109,108.383,264.45452,613.58153
mp-1648,Al12Re,Cubic,1.33571,4.05068,77.342,183.76459,570.49058
mp-16719,Al12Tc,Cubic,1.33571,3.36193,75.356,179.49799,619.28366
mp-1317,CoSb3,Cubic,4.34106,7.59483,57.702,140.90828,319.51241
mp-20465,As2Pd,Cubic,18.25114,7.77185,51.467,133.71127,326.45997
mp-2513,As2Pt,Cubic,18.07526,10.5626,84.294,209.72347,357.21001
mp-4396,Ba(NO3)2,Cubic,15.0547,3.20284,9.771,26.20582,238.26397
mp-20066,CO2,Cubic,13.84246,1.75979,2.479,6.31153,168.95738
mp-3142,Ca(NO3)2,Cubic,11.7717,2.57184,8.029,14.05075,252.99858
mp-2070,CoS2,Cubic,14.04738,4.8491,72.8,183.456,530.90344
mp-14827,Li7NbN4,Cubic,9.69412,2.81949,63.726,151.66788,735.68524
mp-14753,Li7TaN4,Cubic,9.643,4.09785,64.79,154.2002,616.65443
mp-4604,Li7VN4,Cubic,8.92937,2.41064,71.832,166.93757,866.29497
mp-2604,MgTe2,Cubic,29.66801,5.2147,22.167,55.50617,220.51695
mp-21893,MnTe2,Cubic,28.57594,6.00734,24.456,63.09648,214.24598
mp-22619,NiP2,Cubic,13.40153,4.98274,98.281,236.26752,616.3292
mp-20901,NiSe2,Cubic,18.23627,6.57472,38.657,102.36374,305.23885
mp-20905,OsS2,Cubic,14.95139,9.41662,139.154,337.03099,514.61383
mp-730,P2Pt,Cubic,15.61716,9.10987,117.617,288.39688,475.19645
mp-20820,Pb(NO3)2,Cubic,13.29614,4.59604,10.034,27.152,211.01839
mp-2030,RuS2,Cubic,14.87596,6.14685,121.491,294.98015,596.51695
mp-1922,RuSe2,Cubic,17.7459,8.07817,92.704,226.93939,429.34863
mp-570285,SiBr4,Cubic,35.52494,3.25052,0.344,0.94256,34.72999
mp-4157,Sr(NO3)2,Cubic,12.95741,3.01346,13.799,36.12578,306.18744
mp-2142,Te2Os,Cubic,22.24719,11.08236,88.304,215.99158,331.5505
mp-571369,Y(BH4)3,Cubic,9.92054,1.39592,16.32,40.8,527.45249
mp-5024,ZrP2O7,Cubic,15.12174,2.91184,51.345,136.26963,569.70987
mp-738,Sb2Au,Cubic,5.78808,9.57404,23.812,64.38765,180.21152
mp-1356,Sb2Pd,Cubic,5.78808,8.38111,29.488,79.55862,221.14919
mp-562,Sb2Pt,Cubic,5.78808,10.6093,55.904,142.5552,269.0918
mp-25,N2,Cubic,21.49095,1.08225,0.309,0.80711,65.81928
mp-844,Ca3N2,Cubic,18.68515,2.63493,33.75,86.805,448.47153
mp-18337,Be3N2,Cubic,6.71092,2.7243,185.759,432.44695,1435.42304
mp-567841,Be3P2,Cubic,13.24327,2.2315,71.729,170.71502,786.85126
mp-679,Er2O3,Cubic,14.28307,8.89421,65.426,170.76186,373.59996
mp-2345,Dy2O3,Cubic,14.86396,8.33396,63.498,166.11077,375.05349
mp-504886,Gd2O3,Cubic,15.77272,7.6327,55.657,146.37791,359.68017
mp-22598,In2O3,Cubic,13.17449,6.99871,57.394,152.0941,406.88024
mp-13944,Li3AlN2,Cubic,8.70848,2.4095,99.981,226.55695,1027.51605
mp-3887,Li3GaN2,Cubic,9.12728,3.59495,87.141,202.16712,775.31528
mp-1029562,Li3InN2,Cubic,10.7026,4.23191,58.145,142.22267,557.39437
mp-542435,Li3ScN2,Cubic,10.36348,2.50472,60.664,149.23344,747.20123
mp-1029592,Li3YN2,Cubic,12.1408,3.13991,44.751,113.30953,543.9717
mp-1427,Lu2O3,Cubic,13.50654,9.78462,73.089,189.73904,383.38516
mp-1990,Mg3As2,Cubic,23.61537,3.13269,27.37,69.2461,342.692
mp-1559,Mg3N2,Cubic,12.24568,2.73722,77.845,189.00766,765.03389
mp-1045,Nd2O3,Cubic,17.22622,6.48711,50.641,133.69224,361.49447
mp-218,Sm2O3,Cubic,16.35883,7.07948,55.209,145.08925,367.45088
mp-1056,Tb2O3,Cubic,15.16148,8.01381,61.887,162.02017,375.14082
mp-1767,Tm2O3,Cubic,14.00394,9.15095,70.015,181.75894,383.09723
mp-9460,Zn3N2,Cubic,11.51959,6.46481,56.059,147.21093,437.07447
mp-216,Sc2O3,Cubic,3.47285,3.8189,79.706,206.27913,664.85001
mp-2652,Y2O3,Cubic,3.47285,5.02612,62.199,162.33939,477.51124
mp-24,C,Cubic,5.53966,3.60026,510.742,1064.38633,2184.32078
mp-168,Si,Cubic,18.42686,2.53093,62.471,150.92994,618.94098
mp-530399,LiAl5O8,Cubic,8.79844,3.63771,120.442,299.90058,925.71988
mp-496,SrSi2,Cubic,23.34706,3.409,29.769,76.32772,343.60628
mp-4091,Ni2Mo3N,Cubic,12.05432,9.62477,141.689,363.57397,557.48843
mp-625,Mg3Ru2,Cubic,3.47285,5.54844,52.226,134.53418,402.17162
mp-542909,Mn,Cubic,15.07565,6.05127,81.197,219.71908,470.86116
mp-5710,Ag3Te2Au,Cubic,23.8478,9.00292,10.424,28.83278,126.21754
mp-644264,Ca4Mg4Fe3H22,Cubic,9.05413,2.4856,44.04,105.16752,662.91249
mp-760375,Li3VS4,Cubic,26.10641,1.59036,5.774,15.12788,214.79679
mp-5621,NbCu3S4,Cubic,20.58494,4.15241,25.259,63.7032,299.63641
mp-4043,NbCu3Se4,Cubic,22.72856,5.47385,22.259,54.6681,236.05931
mp-991676,NbCu3Te4,Cubic,26.6222,6.19021,19.727,48.68624,197.878
mp-570377,Sn3As4,Cubic,28.15086,5.52639,21.164,52.69836,213.39007
mp-10748,TaCu3S4,Cubic,20.64476,5.02557,24.368,58.43446,265.50681
mp-4081,TaCu3Se4,Cubic,22.75635,6.27021,22.077,56.3405,220.9146
mp-9295,TaCu3Te4,Cubic,26.4611,6.91852,19.87,50.0724,189.03117
mp-3762,VCu3S4,Cubic,19.35552,3.96614,24.992,62.87987,311.20985
mp-21855,VCu3Se4,Cubic,2.17053,5.34142,20.988,52.55395,236.65039
mp-36526,AcOF,Cubic,17.53121,8.27206,46.716,122.30249,305.23631
mp-568398,CaBiAu,Cubic,27.57966,8.95155,22.466,59.17544,175.55409
mp-12006,CeCdNi4,Cubic,14.34729,9.39993,53.332,139.62318,328.24774
mp-27608,Be4TeO7,Cubic,9.06794,4.20638,112.527,279.96718,823.09837
mp-4262,BeAlB,Cubic,10.0908,2.56739,133.528,304.17678,1091.88288
mp-422,BeS,Cubic,14.44036,2.36179,66.879,161.57966,719.30244
mp-1541,BeSe,Cubic,17.25289,4.23353,53.631,129.89428,453.91884
mp-252,BeTe,Cubic,22.70025,4.99664,40.518,98.05356,331.0781
mp-30452,DyNiBi,Cubic,22.19236,10.72922,50.161,124.4996,255.15163
mp-4510,DyNiSb,Cubic,20.94886,9.06155,56.439,140.19448,300.09317
mp-16327,DySbPt,Cubic,23.63962,11.22367,48.071,124.31161,240.40662
mp-30454,ErBiPt,Cubic,24.56916,12.87122,40.701,106.22961,204.42927
mp-12008,ErCdCu4,Cubic,14.98834,9.8575,52.422,134.09548,312.32863
mp-21272,ErNiSb,Cubic,20.52259,9.37812,58.842,145.57511,303.20567
mp-11836,ErSbPd,Cubic,23.13693,9.46023,44.187,114.00246,252.78146
mp-16329,ErSbPt,Cubic,23.22314,11.53837,49.226,127.19998,241.4121
mp-22913,CuBr,Cubic,22.62557,5.26405,11.405,31.40937,175.94988
mp-30453,DyBiPt,Cubic,24.96817,12.56002,40.218,104.88854,204.50846
mp-1225884,CsBH4,Cubic,16.42295,2.48983,5.362,13.81251,193.01101
mp-6988,FeN,Cubic,9.24973,6.26999,79.289,216.85542,570.76475
mp-1018126,GaBi,Cubic,32.23833,7.17776,20.084,50.85269,175.3063
mp-924128,HfNiSn,Cubic,18.62403,10.57728,77.933,194.3649,339.80627
mp-1123,HgS,Cubic,26.18914,7.37582,15.799,42.91008,166.10191
mp-2730,HgTe,Cubic,35.61078,7.65179,13.132,34.93112,133.75152
mp-30455,HoBiPt,Cubic,24.77383,12.71285,40.665,106.13565,204.96631
mp-12007,HoCdCu4,Cubic,15.08081,9.75432,51.211,132.12438,310.04045
mp-1024987,HoCu4Ag,Cubic,14.63437,9.96598,14.049,40.34873,165.45998
mp-1024994,HoCu4Au,Cubic,14.49131,11.76598,33.425,91.11655,233.42705
mp-1025134,HoCu4Pd,Cubic,14.14187,10.28471,48.519,127.70201,301.39239
mp-1018139,HoNiBi,Cubic,21.9934,10.88745,50.118,124.79382,254.12119
mp-4174,HoNiSb,Cubic,20.74548,9.21523,57.242,142.30361,300.7181
mp-16376,HoSbPt,Cubic,23.41418,11.38918,47.964,124.0349,239.20454
mp-1001833,InBi,Cubic,38.73587,6.94034,14.188,37.51307,141.86731
mp-20351,InP,Cubic,25.72401,4.70558,31.656,80.65949,292.65769
mp-20012,InSb,Cubic,36.48241,5.38406,19.944,50.65776,192.34451
mp-1018136,LaBiPt,Cubic,27.81211,10.80612,33.23,87.46136,193.32755
mp-30349,Li2AgPb,Cubic,18.65006,7.32216,13.522,36.40122,172.65351
mp-16238,Li2AgSb,Cubic,18.02399,5.60861,20.639,53.95035,244.60106
mp-567347,Li2AgSn,Cubic,17.45563,5.71869,20.768,54.24602,245.7347
mp-31168,Li2AlAg,Cubic,15.19202,4.06422,25.281,64.92161,336.22985
mp-35841,Li2CuGe,Cubic,12.78512,4.87273,40.226,98.23189,407.7733
mp-30591,Li2CuSn,Cubic,15.17895,5.36425,30.448,76.60717,320.26727
mp-30381,Li2GaAu,Cubic,14.57687,7.9904,25.706,67.45254,246.46457
mp-31441,Li2GaIr,Cubic,13.09927,8.7412,41.728,109.32736,310.21764
mp-3201,Li2GaPd,Cubic,13.70937,5.75417,26.29,69.82624,300.00646
mp-3726,Li2GaPt,Cubic,13.53432,8.54816,28.95,77.7597,259.77043
mp-2988,Li2GaRh,Cubic,13.12247,5.90034,35.873,93.84377,349.95663
mp-2935,Li2GeAu,Cubic,14.66805,8.02329,28.556,74.13138,258.09911
mp-30344,Li2InAg,Cubic,17.47673,5.61934,15.372,41.19696,214.27404
mp-30392,Li2InAu,Cubic,16.9782,7.96289,16.653,45.26285,189.72686
mp-21029,Li2InPd,Cubic,15.98133,6.10753,17.086,46.78147,224.08564
mp-21026,Li2InPt,Cubic,15.85399,8.47824,18.408,50.87971,198.15122
mp-31442,Li2InRh,Cubic,15.35221,6.26278,25.237,67.68563,271.45416
mp-5920,LiAlGe,Cubic,17.60573,3.35026,50.642,116.67917,491.43565
mp-1018135,LiCdAs,Cubic,20.61066,5.21735,29.67,73.40358,288.68369
mp-16343,LiInGe,Cubic,20.96241,5.13311,33.386,77.18843,304.69222
mp-12558,LiMgAs,Cubic,19.4428,3.02246,36.802,87.36795,427.91762
mp-570213,LiMgBi,Cubic,25.98132,5.11785,21.657,52.79977,229.844
mp-37906,LiMgN,Cubic,10.15077,2.46759,82.964,194.46762,882.35128
mp-36111,LiMgP,Cubic,17.79783,1.93504,43.198,102.29286,595.64343
mp-7555,LiMgSnPd,Cubic,17.34007,6.13784,33.072,86.31792,298.36344
mp-11806,LiMgSnPt,Cubic,16.66333,8.59601,37.269,97.79386,272.83022
mp-9124,LiZnAs,Cubic,17.1578,4.751,40.964,97.90396,376.42922
mp-7575,LiZnN,Cubic,9.59428,4.98209,83.729,201.28452,638.78368
mp-10182,LiZnP,Cubic,15.43295,3.70578,51.137,120.78559,492.03043
mp-30457,LuNiBi,Cubic,21.29582,11.50495,50.28,125.29776,250.5206
mp-20185,LuNiSb,Cubic,19.99299,9.83994,62.894,154.97082,308.67176
mp-10194,LuSbPt,Cubic,22.70925,11.98735,50.093,129.64068,240.84337
mp-1008903,MgAgSb,Cubic,23.02526,6.1044,16.306,44.74366,193.857
mp-30587,MgInCu4,Cubic,14.14939,7.69293,31.24,84.91032,281.39424
mp-29733,MgNiBi,Cubic,19.91641,8.11462,35.796,91.70935,258.71438
mp-15778,MgNiSb,Cubic,18.30754,6.1907,46.001,116.47453,344.19865
mp-13033,MgTe,Cubic,33.76087,3.73575,12.698,34.03064,191.39993
mp-600124,MnNiSb,Cubic,17.02297,7.65391,50.092,129.13718,330.89585
mp-1009222,MnTe,Cubic,32.46085,4.66888,10.861,29.54192,160.32205
mp-20389,Na2CdPb,Cubic,24.91575,6.0913,10.909,28.34158,153.93991
mp-961685,NaCaAs,Cubic,27.63267,2.76408,21.704,53.52206,306.76086
mp-9437,NbFeSb,Cubic,17.47723,8.56724,80.125,206.7225,392.35343
mp-11194,NdMgNi4,Cubic,14.45023,7.72455,50,132.1,350.12939
mp-13436,PrMgNi4,Cubic,14.59187,7.58634,48.482,127.31373,346.4819
mp-1219553,RbBH4,Cubic,13.72648,2.02249,7.082,17.705,260.84704
mp-5222,ReTeS,Cubic,21.74731,8.80314,43.016,106.50762,262.04657
mp-13240,ScInCu4,Cubic,14.36544,7.97508,60.675,154.5999,378.55713
mp-11808,ScNi4Sn,Cubic,13.32358,8.27636,57.323,151.33272,372.33804
mp-30459,ScNiBi,Cubic,20.07845,8.61843,53.578,133.51638,304.19329
mp-3432,ScNiSb,Cubic,18.75554,6.65227,66.881,165.19607,395.00738
mp-7173,ScSbPt,Cubic,21.42044,9.34906,53.46,138.4614,286.96662
mp-2894,ScSnAu,Cubic,22.59066,8.83616,43.605,112.32648,261.93906
mp-867863,SmCu4Ag,Cubic,15.14513,9.36363,31.012,84.35264,248.23097
mp-31454,TaSbRu,Cubic,19.46454,11.48223,71.486,188.86601,310.18017
mp-22229,TbInCu4,Cubic,15.4116,9.48035,50.032,129.28269,308.60845
mp-3716,TbNiSb,Cubic,21.17326,8.87207,55.203,137.34506,298.88402
mp-22786,ThNiSn,Cubic,23.53621,9.62904,48.922,125.92523,261.64142
mp-10623,ThSbRh,Cubic,25.14453,10.05353,42.792,113.9123,235.53229
mp-19886,ThSnPt,Cubic,26.18987,11.53596,42.631,113.14267,216.412
mp-998980,TiAlFeCo,Cubic,12.25579,6.42314,126.046,309.56898,633.3582
mp-5967,TiCoSb,Cubic,16.74081,7.55704,74.37,189.79224,407.92356
mp-961673,TiFeTe,Cubic,16.6651,7.68278,73.592,189.13144,403.41101
mp-998964,TiGaFeCo,Cubic,11.9392,8.07961,113.059,283.77809,543.87491
mp-1008680,TiGePt,Cubic,17.53909,9.95968,59.294,157.36628,314.52564
mp-20952,TiNiSb,Cubic,17.21877,7.33957,59.365,153.99281,367.42717
mp-924130,TiNiSn,Cubic,17.17488,7.26003,69.076,174.76228,397.43331
mp-961682,TiSnPd,Cubic,19.6267,7.69907,47.761,126.37561,308.99142
mp-30847,TiSnPt,Cubic,19.79022,10.1153,56.643,149.31095,292.53511
mp-30530,TlClO4,Cubic,17.79515,4.72533,5.629,14.75924,141.53713
mp-1025116,TmCu4Ag,Cubic,14.46217,10.16127,27.214,75.38278,227.52085
mp-30600,TmCu5,Cubic,13.76842,9.78235,13.382,38.56692,166.57908
mp-3433,YMgNi4,Cubic,13.94223,6.90757,57.883,143.20254,399.17638
mp-30460,YNiBi,Cubic,22.39383,8.81365,49.382,122.96118,278.45977
mp-11520,YNiSb,Cubic,21.1576,7.04682,55.328,137.43475,335.73919
mp-1024957,TmInCu4,Cubic,15.06593,9.88172,55.5,142.524,320.4089
mp-568269,TmNiBi,Cubic,21.61932,11.17834,51.78,128.72508,256.3145
mp-4025,TmNiSb,Cubic,20.34113,9.50737,61.273,150.36394,307.83902
mp-16314,TmSbPt,Cubic,23.05097,11.66478,49.592,128.24491,241.6027
mp-2838,UNi5,Cubic,12.47439,11.79175,76.268,201.04245,367.81932
mp-10624,USbRh,Cubic,23.54821,10.87587,36.636,100.749,215.14526
mp-568931,YbNiSb,Cubic,20.16754,9.70189,33.339,86.54804,228.94099
mp-570014,YbSbPt,Cubic,22.89509,11.84346,26.578,71.54798,178.21283
mp-11621,ZnNiSb,Cubic,16.99337,8.0083,40.075,105.6377,291.7244
mp-31451,ZrCoBi,Cubic,19.7464,10.06702,61.85,157.9649,305.28281
mp-961693,ZrInAu,Cubic,22.5841,9.87733,48.87,127.15974,262.7665
mp-924129,ZrNiSn,Cubic,19.05712,7.80227,73.11,181.16658,379.75525
mp-31457,ZrSbRu,Cubic,21.0032,8.2765,45.611,123.1497,285.66247
mp-961687,ZrSnPd,Cubic,21.46606,8.15735,55.653,144.36388,313.38354
mp-961713,ZrSnPt,Cubic,21.65091,10.35442,63.302,164.07878,295.78667
mp-11533,ZrZnNi4,Cubic,12.58428,8.60791,70.469,184.76972,412.32927
mp-2172,AlAs,Cubic,8.68212,3.70182,39.773,99.67114,383.85973
mp-1550,AlP,Cubic,8.68212,2.34819,47.415,119.39097,545.00384
mp-2624,AlSb,Cubic,8.68212,4.17555,28.771,72.33029,281.87122
mp-1479,BP,Cubic,8.68212,2.98137,161.948,364.383,1062.7228
mp-1220,Be5Au,Cubic,2.89404,7.0902,114.779,269.73065,625.17606
mp-650,Be5Pd,Cubic,2.89404,4.71489,131.95,302.1655,836.00136
mp-406,CdTe,Cubic,8.68212,5.63624,13.013,34.74471,155.39994
mp-568920,CaAu5,Cubic,2.89404,14.3471,25.385,70.11337,166.36663
mp-2534,GaAs,Cubic,8.68212,5.0532,40.715,99.83318,325.44286
mp-2490,GaP,Cubic,8.68212,4.12807,51.463,126.08435,429.04379
mp-1156,GaSb,Cubic,8.68212,5.50208,28.856,71.27432,247.85228
mp-11869,HfSnPd,Cubic,5.78808,10.62691,58.332,151.31321,283.17783
mp-20305,InAs,Cubic,8.68212,5.53295,25.68,65.484,235.52773
mp-30816,Li2AlPd,Cubic,4.34106,4.41576,29.042,76.32238,357.50103
mp-30818,Li2AlPt,Cubic,4.34106,7.24689,37.313,97.61081,318.52564
mp-30404,Li2SbAu,Cubic,4.34106,7.87563,21.767,57.59548,214.6301
mp-10180,Li2SbPd,Cubic,4.34106,6.31542,27.178,72.0217,276.31356
mp-3158,Li2SbPt,Cubic,4.34106,8.78269,28.96,77.43904,243.86682
mp-30405,Li2SnAu,Cubic,4.34106,8.06779,21.316,56.74319,212.51185
mp-3161,LiAlSi,Cubic,5.78808,1.99738,55.349,128.52038,669.46911
mp-3676,MgCu4Sn,Cubic,2.89404,7.74516,58.121,145.53498,376.90141
mp-3522,MgCuSb,Cubic,5.78808,5.88907,36.515,92.67507,307.18157
mp-11361,MgCuSn,Cubic,5.78808,5.80746,38.37,98.91786,317.81367
mp-10183,MgSbPd,Cubic,5.78808,6.72658,29.553,78.90651,255.87349
mp-10184,MgSbPt,Cubic,5.78808,9.12419,35.31,93.5715,240.3411
mp-5549,MgSnAu,Cubic,5.78808,8.46004,28.043,73.64092,217.05932
mp-505297,NbSbRu,Cubic,5.78808,8.90388,67.952,179.80099,342.31598
mp-569779,ScSbPd,Cubic,5.78808,7.08539,46.202,119.94039,306.90172
mp-10755,TiFeSb,Cubic,5.78808,6.94343,56.301,145.93219,360.42777
mp-4076,VCoSb,Cubic,5.78808,7.82348,55.213,146.64573,349.43332
mp-567636,VFeSb,Cubic,5.78808,7.96912,60.034,160.41085,366.19181
mp-13172,YMgCu4,Cubic,2.89404,6.62858,45.743,117.46802,352.90469
mp-4964,YSbPt,Cubic,5.78808,9.44261,47.273,121.86979,259.20819
mp-1190,ZnSe,Cubic,8.68212,5.27485,27.288,70.51219,268.58748
mp-2176,ZnTe,Cubic,8.68212,5.61696,22.571,57.60119,218.82911
mp-17862,Ag3Ge5P6,Cubic,19.82606,5.22063,35.962,91.05578,322.51069
mp-11285,Ca3(GaNi)4,Cubic,17.88172,5.3514,34.84,87.4484,324.58149
mp-561543,BeF2,Cubic,15.80394,1.64643,14.198,27.08978,379.88153
mp-1021328,H4C,Cubic,12.18653,0.43719,0.699,1.61888,180.08394
mp-10167,Na3SbS4,Cubic,23.00867,2.87769,4.399,12.35239,147.46658
mp-8703,Na3SbSe4,Cubic,26.27143,4.00234,5.501,15.07274,133.07557
mp-1025396,NbTl3Se4,Cubic,31.49278,6.73527,7.445,19.63991,111.66442
mp-1818,SiF4,Cubic,14.74142,2.34479,4.652,11.49974,195.02577
mp-5513,Tl3VS4,Cubic,27.28457,6.02781,7.07,19.07486,121.14029
mp-1025549,Tl3VSe4,Cubic,30.10359,6.75673,7.414,19.73607,112.9635
mp-20276,U2F9,Cubic,13.65881,7.15117,42.193,107.33899,338.5038
mp-4812,Zn4B6O13,Cubic,9.0636,4.25758,90.257,231.77998,736.59066
mp-1368,Zn8Cu5,Cubic,12.85866,8.35424,32.407,88.21185,284.08203
mp-11176,Ca3(SiIr)4,Cubic,1.57857,8.10294,53.407,141.20811,323.80466
mp-2151,Mg17Al12,Cubic,0.59877,2.1531,19.098,50.80068,370.42229
mp-971661,Si,Cubic,22.07073,2.11307,47.329,118.51182,559.2585
mp-1029522,Li7SbN4,Cubic,10.21706,3.06597,62.895,147.55167,684.05995
mp-23145,Na4Al3Si3ClO12,Cubic,15.15348,2.30886,31.02,78.60468,493.12599
mp-20181,Ce2C3,Cubic,14.80879,7.09266,71.811,178.52215,428.14467
mp-22422,Ce3Te4,Cubic,32.40875,6.81273,27.802,68.00369,207.40556
mp-30892,Ba4Bi3,Cubic,44.07015,6.33149,11.495,29.77205,126.89263
mp-23560,Ge3(BiO3)4,Cubic,15.25981,7.13521,41.051,96.96246,319.47185
mp-1777,Li15Ge4,Cubic,15.64446,2.20483,19.528,47.60926,393.98573
mp-879,La3Te4,Cubic,32.65289,6.73541,25.245,64.87965,200.83673
mp-1347,Th3P4,Cubic,23.29585,8.35009,57.835,147.36358,304.9922
mp-24202,Th4H15,Cubic,10.00187,8.24235,42.175,107.88365,348.30108
mp-2625,U2C3,Cubic,13.2052,12.87894,100.718,255.62228,391.2152
mp-606,U3As4,Cubic,22.69881,10.5947,49.726,128.09418,252.66386
mp-567395,Li15Au4,Cubic,0.91391,4.83474,13.292,34.58578,219.61284
mp-569849,Li15Si4,Cubic,0.91391,1.2223,20.993,50.971,548.62991
mp-15661,Sc4C3,Cubic,2.48061,3.81833,68.134,170.19873,588.09552
mp-569423,Ga,Cubic,17.86373,6.48116,38.547,95.90494,311.03714
mp-866199,AcAg,Cubic,30.76469,9.03734,16.405,43.76854,144.04617
mp-864606,AcCuO3,Cubic,11.98588,9.38047,81.723,210.19156,429.86593
mp-866286,AcMg,Cubic,35.195,5.92842,19.546,48.43499,182.60132
mp-865927,AcTiO3,Cubic,12.75991,8.40335,77.02,202.10048,432.48968
mp-863750,AgAu3,Cubic,17.50441,16.57199,25.136,70.53162,160.80987
mp-27294,Ca3AsBr3,Cubic,29.82697,3.45859,22.458,55.2916,271.73171
mp-28069,Ca3AsCl3,Cubic,27.24607,2.62516,25.136,61.63347,339.85447
mp-11822,Ca3GeN,Cubic,22.17628,3.09821,36.988,90.84253,406.27367
mp-29342,Ca3PCl3,Cubic,26.30984,2.32232,26.861,65.86317,377.76598
mp-11824,Ca3PN,Cubic,20.9195,2.62286,53.243,124.69511,536.61671
mp-1013548,Ca3SbN,Cubic,22.96083,3.70282,49.131,114.77002,420.42559
mp-1013550,Ca3SbP,Cubic,31.18663,2.90685,27.881,67.41626,323.92035
mp-29241,Ca3SnO,Cubic,22.48657,3.7653,45.672,107.23786,405.44737
mp-865,CaB6,Cubic,10.12541,2.45865,84.87,213.53292,899.66018
mp-20549,CaPb3,Cubic,29.72881,9.23971,18.658,48.13764,153.09853
mp-2642,CdAg,Cubic,18.84345,9.70582,27.634,73.67224,213.15161
mp-1017554,CdNi3N,Cubic,11.16204,9.00032,69.531,185.09152,417.42852
mp-2413,Ce3Al,Cubic,26.52405,7.00127,30.324,73.80862,229.06679
mp-10036,Ce3AlC,Cubic,24.81008,6.14873,43.092,105.74777,297.82799
mp-19920,Ce3Ga,Cubic,25.88137,7.86069,28.756,70.56722,212.50095
mp-570018,Ce3Pb,Cubic,30.03178,8.67471,28.668,71.61266,191.77773
mp-20735,Ce3Sn,Cubic,28.89019,7.74594,33.177,77.23606,219.35405
mp-21343,CeB6,Cubic,10.05125,4.83779,117.511,287.43191,751.47304
mp-510376,CeBRh3,Cubic,14.93961,10.21788,56.573,154.44429,321.62406
mp-954,BaB6,Cubic,11.17221,4.29317,129.899,298.2481,804.73351
mp-527,BaCd,Cubic,38.4363,5.39464,12.119,30.15207,147.14642
mp-998552,BaHfO3,Cubic,14.50064,8.33245,102.329,252.75263,476.02173
mp-23818,BaLiH3,Cubic,12.90997,3.78907,38.849,86.63327,445.42091
mp-3020,BaNbO3,Cubic,14.1256,6.54152,89.357,227.68164,508.01374
mp-8557,BaPaO3,Cubic,18.1502,7.61847,41.577,110.67797,297.25634
mp-3163,BaSnO3,Cubic,14.22726,7.09711,89.091,218.8075,484.60298
mp-983590,Be3Fe,Cubic,8.49519,4.05017,99.945,245.8647,803.74958
mp-29243,Ba3SnO,Cubic,33.31342,5.45006,25.902,62.94186,223.51773
mp-20225,CePb3,Cubic,29.33757,10.77849,18.878,50.40426,143.65267
mp-1518,CeRh3,Cubic,16.4438,11.33108,73.359,192.64073,334.72048
mp-1911,CeSn3,Cubic,26.31433,7.82878,28.745,74.10461,214.08199
mp-865786,CrPd3,Cubic,14.72601,10.46593,66.576,174.42912,343.58481
mp-2334,DyCu,Cubic,20.28425,9.25246,31.884,83.21724,227.66677
mp-2077,DyMg,Cubic,27.06682,5.73021,19.61,50.86834,204.88188
mp-2226,DyPd,Cubic,21.15595,10.55382,34.497,91.90001,219.19666
mp-797,DyPd3,Cubic,17.09236,11.70086,48.329,128.6518,264.71673
mp-2465,DyPt3,Cubic,17.15788,18.09185,72.237,190.12778,259.11373
mp-232,DyRh,Cubic,19.7,11.18569,41.33,110.43376,238.768
mp-15856,DyRh3C,Cubic,14.27198,11.24466,79.683,211.00058,367.62184
mp-11374,DyTl,Cubic,26.64095,11.43398,14.909,40.88048,129.00752
mp-2303,DyZn,Cubic,22.27518,8.49492,25.072,65.9895,204.15043
mp-2621,ErAg,Cubic,22.82583,10.00751,16.924,46.98102,155.01102
mp-867,ErCd,Cubic,25.03864,9.27373,29.491,75.90983,203.30091
mp-1955,ErCu,Cubic,19.64797,9.75319,28.142,74.85772,211.36709
mp-1291,ErIn3,Cubic,24.24017,8.76355,29.738,75.65347,211.78291
mp-2713,ErIr,Cubic,19.16929,15.5698,56.862,150.34313,239.07961
mp-2228,ErMg,Cubic,26.58996,5.98157,19.228,50.10817,199.93478
mp-851,ErPd,Cubic,20.58654,11.03766,37.403,99.26756,225.11461
mp-2825,ErPd3,Cubic,16.83817,11.99483,49.925,132.70065,267.04978
mp-1913,ErPt3,Cubic,16.89692,18.4882,75.459,198.30625,263.29808
mp-2381,ErRh,Cubic,19.09173,11.74903,44.03,117.1198,242.99349
mp-2431,ErTl3,Cubic,25.97758,12.47133,19.207,50.74489,140.71516
mp-614013,CsSnI3,Cubic,49.68215,4.2269,7.428,19.19395,119.74584
mp-1018029,CuPd,Cubic,13.23735,10.66056,45.499,123.75728,294.70081
mp-2167,DyAg,Cubic,23.45859,9.56914,18.225,50.11875,162.68733
mp-3183,DyBRh3,Cubic,14.5336,11.01483,86.089,223.31487,382.43233
mp-2667,CsAu,Cubic,39.27986,6.9726,6.137,15.30568,92.29354
mp-22906,CsBr,Cubic,40.46838,4.36611,6.573,16.73486,119.39729
mp-7104,CsCaF3,Cubic,18.47559,4.13398,26.842,67.74921,321.17264
mp-8399,CsCdF3,Cubic,18.06522,5.55764,24.043,62.80032,265.92291
mp-22865,CsCl,Cubic,35.57414,3.92934,7.445,19.08898,139.98205
mp-561947,CsHgF3,Cubic,19.40949,6.68153,16.764,45.19574,198.87131
mp-20874,EuB6,Cubic,10.26884,5.00898,107.737,258.5688,700.43624
mp-580236,EuCd,Cubic,30.0457,7.30562,14.968,37.42,152.94845
mp-644246,EuH3Pd,Cubic,10.89795,7.96623,38.11,99.77198,329.39819
mp-753781,EuHfO3,Cubic,13.76088,9.13364,95.032,239.29058,447.30355
mp-11375,EuHg,Cubic,29.0021,10.09288,17.948,47.05966,145.41004
mp-1261,EuZn,Cubic,26.18198,6.89322,21.06,53.19756,195.54112
mp-20344,Fe3Ge,Cubic,12.262,8.13122,71.192,188.23165,426.81708
mp-579496,Fe3PtN,Cubic,11.40522,10.96694,98.815,255.73322,443.81403
mp-580234,Fe3RhN,Cubic,11.31963,8.34543,82.097,213.94478,465.22274
mp-1418,FeNi3,Cubic,10.81474,8.90268,99.899,256.74043,505.43388
mp-649,FePt3,Cubic,14.72722,18.07141,110.344,290.53575,335.31521
mp-1121,GaCo,Cubic,11.54084,9.25577,47.411,130.38025,338.55473
mp-19870,GaFe3,Cubic,12.03755,8.18223,55.803,150.89131,382.67378
mp-11388,GaIr,Cubic,13.88843,15.65914,42.667,120.06494,232.88614
mp-2444,GaRh,Cubic,13.58369,10.55149,58.842,159.10877,333.46917
mp-22266,GdB6,Cubic,9.85615,5.34594,96.068,241.89922,655.15551
mp-1031,GdCd,Cubic,26.56993,8.42649,24.157,62.90483,189.59804
mp-2636,GdMg,Cubic,28.10494,5.36346,21.921,63.61474,225.73039
mp-19966,GdTl,Cubic,27.73086,10.8274,14.765,38.41853,129.07573
mp-1017578,HfBRh3,Cubic,13.73648,12.04061,101.826,265.1549,405.74286
mp-2778,HoAg,Cubic,23.15754,9.78067,18.274,50.36314,161.85703
mp-3710,HoBRh3,Cubic,14.45942,11.12716,87.48,226.5732,384.14542
mp-1971,HoCu,Cubic,19.97444,9.49698,32.372,84.68515,227.76414
mp-21431,HoIn3,Cubic,24.36997,8.6772,30.395,77.08172,214.66901
mp-11476,HoIr,Cubic,19.47813,15.22366,51.619,137.61625,229.40463
mp-1199,HoMg,Cubic,26.85024,5.85158,19.049,49.5274,200.44337
mp-1979,HoPd3,Cubic,16.9681,11.84601,49.519,131.52246,266.85565
mp-195,HoPt3,Cubic,17.03528,18.28128,74.077,194.67436,261.59417
mp-2163,HoRh,Cubic,19.41877,11.4516,41.48,111.00048,237.63796
mp-1540,HoTl,Cubic,26.31296,11.65319,19.277,51.77802,145.42378
mp-9200,K3AuO,Cubic,28.51909,3.84592,11.654,28.94854,189.89065
mp-1948,LaAg,Cubic,27.68402,7.40097,14.165,38.72711,153.82767
mp-2680,LaB6,Cubic,10.22975,4.7253,134.517,323.6479,808.3791
mp-3088,LaBRh3,Cubic,15.48223,9.8338,62.911,167.46908,340.01658
mp-776,LaCd,Cubic,30.40213,6.86335,17.494,46.53404,171.00974
mp-20582,LaIn,Cubic,30.91046,6.81513,20.995,55.25884,186.55631
mp-20729,LaIn3,Cubic,27.20201,7.37664,29.861,74.6525,221.62297
mp-21432,LaPb3,Cubic,30.29091,10.42267,15.239,41.1453,130.24638
mp-674,LaPd3,Cubic,18.55724,10.24939,45.919,120.95065,267.47898
mp-633,LaSn3,Cubic,27.71458,7.4151,23.894,62.79343,197.86987
mp-11488,LaTl,Cubic,31.34164,9.09404,15.837,42.69655,140.49955
mp-2001,LaTl3,Cubic,28.73228,10.86598,17.852,47.23639,140.21222
mp-2615,LaZn,Cubic,26.49866,6.40169,26.359,67.0573,225.75031
mp-3448,KMgF3,Cubic,12.59441,3.17484,43.567,109.4403,531.39013
mp-23737,KMgH3,Cubic,12.68608,1.73899,31.061,71.75091,595.65306
mp-3614,KTaO3,Cubic,12.75092,6.98143,122.495,302.07267,594.02034
mp-973267,KTcO3,Cubic,11.62938,5.28592,111.434,277.47066,674.33301
mp-4126,KUO3,Cubic,15.88879,6.79578,67.688,173.82278,418.14832
mp-5878,KZnF3,Cubic,13.26062,4.04478,33.286,86.41046,407.02738
mp-4505,La3AlN,Cubic,26.49149,5.73797,43.537,107.10102,304.53646
mp-30207,La3GaBr3,Cubic,33.01275,5.21791,22.985,58.19802,216.80821
mp-20999,La3InN,Cubic,27.12518,6.67935,41.796,103.31971,274.73921
mp-10611,La3PbC,Cubic,28.76186,7.34293,39.774,97.92359,250.58448
mp-7159,La3TlC,Cubic,28.7883,7.30369,36.156,88.79914,239.43117
mp-28166,K3BrO,Cubic,27.96394,2.532,12.792,31.46832,246.29278
mp-28171,K3IO,Cubic,29.67826,2.9117,12.762,31.1648,224.57572
mp-1076,KB6,Cubic,10.67794,2.30966,97.556,235.50018,972.32393
mp-7483,KHgF3,Cubic,18.59021,5.30015,12.972,35.85461,200.09036
mp-2426,LiAg,Cubic,15.22571,6.26063,18.419,48.11043,232.69994
mp-541365,LiEuH3,Cubic,10.26831,5.23726,49.922,110.82684,463.62048
mp-861936,LiPd3,Cubic,14.26662,9.4919,37.805,102.67838,277.29255
mp-861931,LiPt3,Cubic,14.30309,17.18788,85.615,222.08531,307.01202
mp-1017627,Lu3AlN,Cubic,19.50715,9.63422,75.583,180.9457,343.10512
mp-11733,Lu3InN,Cubic,20.08641,10.80867,72.27,173.01438,313.78238
mp-11249,LuAu,Cubic,21.37597,14.44636,19.139,53.85715,140.60232
mp-3717,LuBRh3,Cubic,14.16619,11.59278,90.644,234.40538,385.84617
mp-495,LuGa3,Cubic,18.22615,8.74942,43.84,108.54784,282.17323
mp-977,LuIn3,Cubic,23.92242,9.01371,25.507,66.21617,194.94823
mp-1529,LuIr,Cubic,18.43743,16.53494,70.328,182.00886,260.49209
mp-2205,LuPd,Cubic,19.81941,11.78779,40.255,106.83677,228.87572
mp-1158,LuPd3,Cubic,16.52808,12.41347,51.613,137.29058,268.58411
mp-790,LuPt3,Cubic,16.55574,19.06248,79.492,208.26904,267.91718
mp-377,LuRh,Cubic,18.38224,12.55065,52.59,137.99616,259.58269
mp-10699,LuRh3C,Cubic,13.94139,11.80829,85.576,225.40718,374.43406
mp-11496,LuZn,Cubic,20.63533,9.67161,40.231,100.81889,247.26475
mp-7604,Mg3NF3,Cubic,10.5927,3.22297,81.341,195.05572,756.97577
mp-2696,MgAg,Cubic,18.0329,6.08551,36.044,90.90297,308.79238
mp-1408,MgHg,Cubic,20.47938,9.11763,19.452,51.08095,179.36568
mp-10700,MgNi3C,Cubic,10.83285,6.51152,55.797,150.76349,445.07167
mp-11498,MgTl,Cubic,24.07063,7.88816,4.18,12.04676,86.04803
mp-627439,Mn3GaN,Cubic,12.75425,6.47183,132.732,333.42278,623.47487
mp-7070,Mn3PtN,Cubic,12.59833,9.8566,75.462,198.61598,394.58845
mp-1009133,MnCo,Cubic,11.61848,8.13737,103.431,263.12846,521.99349
mp-985586,Na3BrO,Cubic,18.6305,2.93903,21.887,53.36051,341.86952
mp-28602,Na3ClO,Cubic,17.72799,2.25592,22.436,54.87846,402.06016
mp-865120,NaPaO3,Cubic,16.2083,6.18847,57.938,151.68168,403.603
mp-20555,NaPb3,Cubic,29.36534,9.1125,14.898,38.7646,138.62457
mp-977176,NaTcO3,Cubic,11.10814,5.05235,92.535,238.92537,642.03136
mp-2311,NbO,Cubic,12.79288,7.06808,147.84,368.71296,646.89103
mp-21483,Nd3In,Cubic,31.11551,7.30518,19.312,50.2112,171.94501
mp-20385,Nd3InC,Cubic,27.01999,6.87759,44.171,107.42387,278.14489
mp-21022,Nd3InN,Cubic,25.42638,7.33472,52.058,127.02152,298.79268
mp-1236,NdAg,Cubic,26.02845,8.04195,14.117,39.04762,150.93047
mp-1929,NdB6,Cubic,10.06052,4.93062,117.48,287.826,745.73959
mp-3591,NdBRh3,Cubic,15.17127,10.15218,74.997,196.79213,367.04363
mp-1059,NdCd,Cubic,28.41358,7.49962,18.872,50.16178,173.95074
mp-11467,NdHg,Cubic,27.79948,10.29888,17.642,47.88039,145.27175
mp-21197,NdIn3,Cubic,25.9328,7.82309,31.022,77.98931,223.23046
mp-1327,NdMg,Cubic,29.46542,4.74928,20.725,52.51715,223.92141
mp-20601,NdPb3,Cubic,29.58921,10.74471,8.571,24.25593,97.92316
mp-2333,NdPd3,Cubic,18.12527,10.61589,50.728,132.8059,278.29624
mp-1977,NdSn3,Cubic,27.00534,7.69188,16.292,44.6075,163.13515
mp-571405,NdTl,Cubic,29.35472,9.86052,17.104,46.1808,143.38354
mp-1053,NdZn,Cubic,24.7309,7.03843,28.401,72.08174,228.97098
mp-21008,Ni3Ge,Cubic,10.99987,9.3867,85.736,223.77096,455.41344
mp-12798,Ni3Pt,Cubic,11.90442,12.94335,90.94,237.17152,388.18347
mp-11522,Ni3Sn,Cubic,12.55641,9.74623,76.925,200.005,404.52811
mp-11536,NpRh3,Cubic,16.16064,14.01838,71.946,194.2542,299.80763
mp-881,NpSn3,Cubic,25.92779,9.49672,16.852,45.80374,150.42768
mp-862864,Pa3Ge,Cubic,22.39655,14.19363,56.445,144.83787,235.1668
mp-862862,Pa3Sb,Cubic,24.25674,13.94581,62.028,155.31811,241.1406
mp-862861,Pa3Si,Cubic,21.91091,13.66407,59.249,150.37396,246.8042
mp-862863,Pa3Te,Cubic,23.86568,14.27591,60.794,152.9577,237.42499
mp-977455,PaAgO3,Cubic,16.06806,7.99681,44.187,120.01189,313.21068
mp-30741,PaIr3,Cubic,16.84653,19.90314,131.2,336.9216,333.17209
mp-30825,PaRh3,Cubic,16.37152,13.68657,92.757,243.02334,342.77854
mp-862832,PaTlO3,Cubic,16.76433,9.57668,57.351,150.48902,319.48581
mp-999298,Pd3Au,Cubic,15.61526,13.72398,46.576,127.33878,248.54133
mp-20849,Pd3Pb,Cubic,16.97008,12.87866,42.248,114.23859,237.11169
mp-867189,Pm3Pb,Cubic,30.21281,8.82406,22.668,58.21142,171.30728
mp-569593,PmMg,Cubic,28.96486,4.85308,20.482,52.55681,221.88886
mp-862954,PmPd3,Cubic,17.89846,10.76799,52.142,136.29919,281.29949
mp-19764,Pr3In,Cubic,31.89991,6.99538,17.99,47.1338,168.29852
mp-20990,Pr3InN,Cubic,26.20126,6.99101,49.169,120.16904,294.4517
mp-21135,Pr3InO,Cubic,25.20851,7.29258,41.666,104.66499,270.10933
mp-2525,PrAg,Cubic,26.64674,7.75145,13.044,36.23623,146.64565
mp-12762,PrB6,Cubic,10.14315,4.81247,117.539,287.73547,752.80264
mp-5200,PrBRh3,Cubic,15.31218,9.98644,73.418,192.502,364.98872
mp-646,PrCd,Cubic,29.09118,7.22978,19.44,51.36048,178.10578
mp-11469,PrHg,Cubic,28.43752,9.97046,18.135,48.9645,148.39321
mp-20023,PrIn,Cubic,29.63054,7.16562,20.53,54.4045,182.74901
mp-20903,PrIn3,Cubic,26.31466,7.65697,30.543,76.7851,222.75401
mp-1548,PrMg,Cubic,30.08291,4.55977,21.807,54.69196,232.41995
mp-20939,PrPb3,Cubic,29.87986,10.59387,8.839,24.96134,99.76513
mp-1571,PrPd3,Cubic,18.37248,10.3977,42.251,112.55666,256.26135
mp-376,PrSn3,Cubic,27.34304,7.54626,17.281,47.00432,168.67862
mp-460,PrZn,Cubic,25.38607,6.74773,26.844,68.34482,225.39042
mp-21484,PuGe3,Cubic,19.32997,9.92029,50.621,124.42642,277.71302
mp-4405,Rb3AuO,Cubic,33.4446,4.66088,9.399,23.4787,147.09052
mp-3654,RbCaF3,Cubic,17.67522,3.42985,26.403,66.95801,355.23317
mp-6951,RbCdF3,Cubic,17.32863,4.88473,22.838,60.20097,280.89631
mp-7482,RbHgF3,Cubic,18.82958,6.05062,14.872,40.6303,199.34632
mp-8402,RbMgF3,Cubic,13.35438,4.14732,41.94,103.84344,446.18832
mp-11775,RbUO3,Cubic,16.21824,7.60726,69.574,177.55285,397.53063
mp-1186902,Re3Ir,Cubic,14.62497,21.3128,207.287,522.94364,423.32743
mp-10133,Sc3BPb,Cubic,20.47345,5.72418,65.681,154.35035,406.34587
mp-31055,Sc3InN,Cubic,17.79656,4.92086,74.295,177.41646,491.30363
mp-21035,Sc3PbC,Cubic,18.8899,6.22514,76.167,180.21112,431.41469
mp-10139,Sc3SnB,Cubic,20.16045,4.35534,68.655,161.47656,478.49264
mp-4230,Sc3TlC,Cubic,18.76742,6.21592,81.849,191.85406,448.15893
mp-11237,ScAg,Cubic,20.02019,6.33786,29.349,78.47923,265.64808
mp-10113,ScBIr3,Cubic,14.05935,14.93888,121.824,313.08768,393.84914
mp-569875,ScBRh3,Cubic,13.75065,8.80306,96.283,248.02501,460.31701
mp-932,ScGa3,Cubic,17.00127,6.20519,45.318,112.66055,348.77698
mp-11521,ScNi,Cubic,15.66541,5.49343,43.86,115.61496,377.66983
mp-828,SiNi3,Cubic,10.38905,8.15823,104.05,267.8247,546.87258
mp-21202,Sm3In,Cubic,29.91662,7.85262,24.021,61.10942,186.91946
mp-19716,Sm3InN,Cubic,24.15262,7.97391,56.436,137.02661,303.48091
mp-10606,Sm3TlC,Cubic,25.6365,8.64678,49.981,119.9544,268.45487
mp-6996,SmB6,Cubic,9.93391,5.13955,106.824,266.20541,701.29465
mp-4982,SmBRh3,Cubic,14.91061,10.46592,78.41,204.80692,371.62297
mp-572,SmCd,Cubic,27.42057,7.95646,18.597,49.76557,169.90252
mp-20298,SmIn,Cubic,27.8506,7.90537,21.916,58.0774,183.67039
mp-19977,SmIn3,Cubic,25.34566,8.10452,31.505,79.26658,222.81323
mp-2558,SmMg,Cubic,28.59183,5.07204,23.128,57.21867,230.32333
mp-357,SmPd3,Cubic,17.74749,10.98497,50.999,134.12737,276.45315
mp-30845,SmPt3,Cubic,17.82321,17.13373,64.907,171.61411,249.34049
mp-436,SmRh,Cubic,21.09345,9.96891,26.534,73.18077,199.15673
mp-2484,SmSn3,Cubic,26.51401,7.93021,13.663,37.98314,148.52336
mp-2434,SrTl,Cubic,33.5323,7.23009,18.121,43.81658,162.61172
mp-570822,Tb3AlC,Cubic,23.57204,7.26669,58.94,140.63084,326.61461
mp-2268,TbAg,Cubic,23.79118,9.31062,23.666,63.42488,186.15965
mp-721,TbCd,Cubic,26.18801,8.6025,22.082,58.38481,180.5171
mp-1837,TbCu,Cubic,20.63028,8.9534,31.116,81.46169,227.4027
mp-20920,TbIn3,Cubic,24.66553,8.47216,31.329,79.0744,219.4779
mp-1635,TbMg,Cubic,27.41144,5.54989,20.807,53.34915,213.07641
mp-2747,TbPd3,Cubic,17.22492,11.52466,45.911,122.85784,259.50651
mp-1549,TbPt3,Cubic,17.29334,17.86433,71.121,187.19047,258.03987
mp-11561,TbRh,Cubic,20.00286,10.86795,37.508,100.97154,229.87009
mp-542103,TbRh3C,Cubic,14.35018,11.10065,77.674,205.99145,364.70339
mp-30878,TbTl,Cubic,26.97249,11.1834,14.522,39.90646,128.17605
mp-836,TbZn,Cubic,22.60782,8.23865,23.228,61.41483,198.64359
mp-1756,ThB6,Cubic,9.91072,7.1066,135.517,330.39045,669.75458
mp-20206,ThIn3,Cubic,26.41424,9.06033,31.631,81.79777,208.99514
mp-21381,ThPb3,Cubic,29.3245,12.0846,20.125,54.13625,140.41587
mp-2509,ThRh3,Cubic,17.34256,12.94423,76.264,199.04904,313.20122
mp-22394,ThRu3C,Cubic,14.9537,12.15411,107.105,277.18774,401.369
mp-1921,ThTe,Cubic,28.91139,10.32799,49.635,124.18677,235.69449
mp-2061,ThTl3,Cubic,27.70808,12.66298,26.727,69.4902,160.31953
mp-1013555,Sr3AsN,Cubic,26.46267,4.41496,39.085,92.08426,328.2903
mp-570008,Sr3BiN,Cubic,28.69228,5.62359,36.36,85.22784,272.84599
mp-1013554,Sr3PN,Cubic,25.8986,3.94756,39.817,94.12739,352.92671
mp-7752,Sr3SbN,Cubic,28.03999,4.72136,38.116,89.5726,307.21527
mp-7961,Sr3SnO,Cubic,27.34758,4.82807,35.774,84.49819,297.19948
mp-242,SrB6,Cubic,10.51013,3.4417,110.605,264.56716,851.15535
mp-542,SrHg,Cubic,31.12012,7.6893,14.296,36.51198,144.85785
mp-246,TiF3,Cubic,15.05576,2.89138,30.021,82.01737,439.38132
mp-2179,TiRe,Cubic,15.01229,12.94569,69.775,189.92755,316.18862
mp-1014230,TiZn,Cubic,15.24045,6.17105,51.57,133.87572,389.14719
mp-1018641,Tm3AlN,Cubic,20.2044,9.00426,72.828,174.35023,344.13052
mp-5438,TmBRh3,Cubic,14.305,11.34023,89.666,231.87628,386.55504
mp-985,TmCu,Cubic,19.38423,9.95764,28.832,76.63546,212.61048
mp-10601,Y3GaC,Cubic,22.87737,5.05842,64.388,151.8269,412.85645
mp-19817,Y3InC,Cubic,23.79455,5.49284,63.498,149.85528,388.26723
mp-21017,Y3PbC,Cubic,23.66743,6.81868,58.485,140.24703,335.81061
mp-9960,Y3TlC,Cubic,23.67027,6.77834,63.955,150.42216,351.52705
mp-2474,YAg,Cubic,23.81838,6.85922,20.315,55.2568,201.23529
mp-29725,YBRh3,Cubic,14.59458,9.29413,85.796,222.21164,414.98917
mp-22704,YIn,Cubic,26.56637,6.36691,20.93,55.84124,203.25074
mp-20131,YIn3,Cubic,24.74326,7.27078,29.977,76.02167,231.55375
mp-2393,YTl3,Cubic,26.47005,11.01047,15.556,42.0012,134.30348
mp-21206,Yb3GaC,Cubic,20.96334,9.51891,6.307,17.92449,102.56975
mp-19777,Yb3InC,Cubic,21.86835,9.80982,9.67,26.74722,122.72399
mp-1259,YbAl3,Cubic,18.28089,5.76765,53.601,123.81831,383.50977
mp-419,YbB6,Cubic,9.59614,5.88112,90.805,227.73894,616.14198
mp-3686,YbBRh3,Cubic,14.23746,11.4898,87.207,221.85461,378.09544
mp-1857,YbCd,Cubic,24.38217,9.72027,15.006,38.89555,145.30064
mp-2459,YbIn,Cubic,25.08674,9.52693,23.996,58.64622,181.99515
mp-20469,YbIn3,Cubic,24.01723,8.94482,21.04,53.35744,178.3442
mp-568705,YbIr,Cubic,18.68941,16.22639,35.115,94.1082,185.54261
mp-972352,YbMg,Cubic,25.91031,6.32372,13.027,33.08858,165.35008
mp-1505,TmMg,Cubic,26.30333,6.09963,21.014,54.25815,207.47419
mp-19820,TmPb3,Cubic,28.20931,11.63368,6.186,17.81568,81.57008
mp-348,TmPd,Cubic,20.34445,11.23738,38.402,101.8421,226.84127
mp-982,TmPd3,Cubic,16.71866,12.12217,50.923,135.35333,268.9252
mp-2351,TmPt3,Cubic,16.77724,18.66153,77.422,203.00048,266.00636
mp-11564,TmRh,Cubic,18.84525,11.9765,47.637,126.0475,251.09868
mp-10714,TmRh3C,Cubic,14.04842,11.5757,83.513,220.47432,372.75579
mp-817,TmTl3,Cubic,25.87577,12.54727,17.128,45.73176,132.92479
mp-2316,TmZn,Cubic,21.32257,9.12498,34.632,88.03454,233.80762
mp-1723,UAl3,Cubic,19.59881,6.75638,63.453,153.55626,373.32943
mp-20214,UGa3,Cubic,19.44561,9.54701,52.872,130.91107,288.98813
mp-20941,UIn3,Cubic,25.05854,9.64976,41.165,101.01891,232.99957
mp-1044,UIr3,Cubic,16.41376,20.60479,122.424,323.787,320.58731
mp-375,UO3,Cubic,17.68063,6.71581,63.703,167.7937,395.32096
mp-1150,URh3,Cubic,15.96067,14.22077,77.53,207.62534,311.09849
mp-1263,URu3,Cubic,15.65646,14.35108,92.494,240.4844,338.76591
mp-2800,USi3,Cubic,16.06096,8.33026,100.19,239.05334,452.51955
mp-865322,UTlO3,Cubic,16.18336,10.06399,59.337,154.98824,320.57557
mp-21430,YbPb3,Cubic,28.12683,11.7284,20.904,53.34701,146.99802
mp-2391,YbPd3,Cubic,16.60543,12.30747,39.152,104.77075,234.66515
mp-300,YbPt3,Cubic,16.68347,18.86858,68.3,179.2192,248.33542
mp-567089,YbRh,Cubic,18.62661,12.3001,33.51,88.39938,207.0553
mp-10716,YbRh3C,Cubic,13.99498,11.71734,80.247,210.56813,362.36918
mp-567116,YbRu,Cubic,18.29542,12.43946,24.812,66.94278,179.27419
mp-11576,YbTl,Cubic,25.42728,12.32389,25.063,59.80032,162.58446
mp-1684,ZnAu,Cubic,15.62872,13.9386,19.123,54.34757,159.46165
mp-987,ZnCu,Cubic,12.45563,8.5959,45.918,121.6827,335.43023
mp-1471,Zr3Al,Cubic,20.96009,5.95473,55.844,141.28532,368.23035
mp-20695,Zr3In,Cubic,22.2827,7.23771,51.211,130.58805,313.81801
mp-977585,Zr3Tl,Cubic,22.38715,8.86479,46.953,121.13874,271.80145
mp-11313,ZrCd3,Cubic,21.15397,8.40823,27.666,74.25554,220.34943
mp-2283,ZrCo,Cubic,16.50385,7.55405,48.526,129.27326,332.18641
mp-1438,ZrIr3,Cubic,15.52107,17.86334,149.21,377.5013,385.00131
mp-11541,ZrOs,Cubic,17.58712,13.28715,98.481,255.26275,348.74036
mp-229,ZrRh3,Cubic,15.22223,10.90702,110.129,281.26947,427.30043
mp-570276,ZrZn,Cubic,18.35179,7.08637,46.251,121.27012,323.61069
mp-284,AlCo,Cubic,8.68212,6.36569,123.627,301.40263,652.3999
mp-2658,AlFe,Cubic,8.68212,5.96953,96.914,244.41711,593.55409
mp-22793,AlFe3C,Cubic,3.47285,6.30066,88.775,236.31905,562.83889
mp-1885,AlIr,Cubic,8.68212,13.5547,119.385,305.14806,415.76048
mp-1487,AlNi,Cubic,8.68212,6.08326,70.652,184.40172,502.58123
mp-364,AlRh,Cubic,8.68212,8.17217,98.81,253.54646,490.6693
mp-542569,AlRu,Cubic,8.68212,8.01483,107.621,274.43355,515.32297
mp-2773,BeCo,Cubic,8.68212,6.63317,120.555,300.42306,692.95478
mp-11276,BeRh,Cubic,8.68212,8.764,99.333,257.0738,511.13562
mp-11290,CaSn3,Cubic,4.34106,6.17131,23.071,58.96948,215.49909
mp-1073,CaCd,Cubic,8.68212,4.58106,17.651,44.58643,216.16947
mp-11286,CaHg,Cubic,8.68212,7.55018,19.466,49.56044,179.84509
mp-922,CoPt3,Cubic,4.34106,18.39992,87.071,231.783,298.26787
mp-12083,CrIr3,Cubic,4.34106,18.81339,214.386,522.02991,463.3418
mp-2515,CrPt3,Cubic,4.34106,17.89438,95.103,251.07192,314.15673
mp-12585,CrRh3,Cubic,4.34106,10.99772,154.192,378.38717,518.0695
mp-2258,Cu3Au,Cubic,4.34106,12.34898,44.872,117.83387,271.74558
mp-12086,Cu3Pt,Cubic,4.34106,12.81994,55.578,150.28291,302.45664
mp-2090,FeCo,Cubic,8.68212,8.32914,91.403,236.36816,489.30114
mp-21845,FePd3,Cubic,4.34106,10.79179,69.408,182.82067,348.74205
mp-1918,FeRh,Cubic,8.68212,9.841,74.969,199.71742,389.74507
mp-2027,HfCo,Cubic,8.68212,12.45702,60.459,155.98422,291.49449
mp-2126,HfIr3,Cubic,4.34106,20.45397,150.309,382.20573,362.79345
mp-11452,HfOs,Cubic,8.68212,17.94395,114.202,293.04233,325.964
mp-1027,HfRh3,Cubic,4.34106,13.49049,111.279,284.65168,388.24168
mp-2802,HfRu,Cubic,8.68212,13.8383,98.917,254.41452,347.9059
mp-11460,HfTc,Cubic,8.68212,13.40709,83.13,217.46808,322.55148
mp-11248,LiAu3,Cubic,4.34106,15.1866,10.927,31.60088,114.03985
mp-2012,LiHg,Cubic,8.68212,9.57777,13.906,36.48934,154.30091
mp-437,MgAu,Cubic,8.68212,10.47423,25.035,68.14527,200.54316
mp-30777,MgPt3,Cubic,4.34106,16.66531,78.069,205.16533,292.51157
mp-1172,MgRh,Cubic,8.68212,7.18166,59.938,153.3214,393.60234
mp-4593,Mn3AlC,Cubic,3.47285,5.44672,130.58,330.62856,686.18782
mp-12674,MnAu,Cubic,8.68212,12.67303,35.386,96.17915,220.47913
mp-417,MnRh,Cubic,8.68212,9.44556,85.073,221.01965,416.30045
mp-316,MnV,Cubic,8.68212,7.54905,120.425,309.97395,586.89824
mp-11504,MnZn3,Cubic,4.34106,7.5477,48.083,120.39983,348.52177
mp-953,NbZn3,Cubic,4.34106,8.03198,74.397,184.50456,409.86601
mp-718,SnPd3,Cubic,4.34106,11.30379,54.511,145.43535,292.0154
mp-20971,SnPt3,Cubic,4.34106,17.86966,57.089,156.30968,237.37328
mp-4079,Sc3AlC,Cubic,3.47285,3.14822,84.205,197.37652,642.90643
mp-16297,Sc3SnC,Cubic,3.47285,4.74334,81.286,192.48525,513.01105
mp-331,ScAl,Cubic,8.68212,3.12018,43.156,109.44362,461.14462
mp-2121,ScAl3,Cubic,4.34106,3.06059,67.045,159.83528,598.21998
mp-11256,ScAu,Cubic,8.68212,10.3073,41.675,110.27205,249.97755
mp-1211,ScCd,Cubic,8.68212,5.95966,34.535,88.4096,286.16488
mp-2212,ScCo,Cubic,8.68212,5.5602,58.07,149.93674,428.95365
mp-1169,ScCu,Cubic,8.68212,5.29301,35.894,94.61658,338.58222
mp-11471,ScHg,Cubic,8.68212,9.4645,26.456,71.21955,201.7391
mp-1129,ScIr,Cubic,8.68212,11.81408,79.378,205.58902,337.99325
mp-12593,ScIr3,Cubic,4.34106,17.03569,111.389,289.83418,344.66182
mp-2781,ScPd,Cubic,8.68212,6.99801,32.904,89.82792,278.54209
mp-2677,ScPd3,Cubic,4.34106,9.59564,55.443,147.36749,321.47479
mp-892,ScPt,Cubic,8.68212,11.19875,37.91,104.10086,237.26132
mp-481,ScPt3,Cubic,4.34106,16.54618,89.795,234.00577,309.84181
mp-1780,ScRh,Cubic,8.68212,7.37545,58.07,152.84024,367.30916
mp-635,ScRh3,Cubic,4.34106,9.87338,84.21,219.28284,396.9077
mp-10712,ScRh3C,Cubic,3.47285,8.97545,88.558,233.43889,441.11442
mp-30867,ScRu,Cubic,8.68212,7.41014,55.613,148.37548,361.44593
mp-7130,ScRu3C,Cubic,3.47285,8.92827,139.147,348.98068,551.33848
mp-11566,ScZn,Cubic,8.68212,4.94511,45.806,114.24016,381.29962
mp-3271,Ti3AlC,Cubic,3.47285,4.18163,103.192,252.8204,672.27159
mp-11358,TaCo3,Cubic,4.34106,12.49454,141.455,355.2218,488.66394
mp-265,TaIr3,Cubic,4.34106,21.12139,212.167,522.35515,426.12897
mp-1020,TaRh3,Cubic,4.34106,14.03097,153.82,385.47292,451.09818
mp-11572,TaTc,Cubic,8.68212,14.47306,128.64,330.86208,393.73971
mp-823,TiCo,Cubic,8.68212,6.66045,68.061,191.7959,455.0375
mp-305,TiFe,Cubic,8.68212,6.78611,94.979,245.80565,534.45477
mp-1089,TiIr3,Cubic,4.34106,18.06404,163.457,413.87312,411.04304
mp-291,TiOs,Cubic,8.68212,13.47077,130.443,333.02098,422.25746
mp-1152,TiRh3,Cubic,4.34106,10.57269,123.939,314.80506,472.8532
mp-592,TiRu,Cubic,8.68212,8.55104,108.631,278.96441,486.82483
mp-11573,TiTc,Cubic,8.68212,8.17422,80.038,212.42085,426.1108
mp-12778,VOs,Cubic,8.68212,14.58926,122.261,320.81286,403.15549
mp-568711,VPd3,Cubic,4.34106,10.46692,81.744,212.20742,380.41721
mp-372,VPt3,Cubic,4.34106,17.79307,109.303,284.2971,336.43215
mp-1395,VRu,Cubic,8.68212,9.32251,84.674,226.41828,423.39914
mp-2540,VTc,Cubic,8.68212,9.0771,125.024,322.31187,517.5804
mp-11578,VZn3,Cubic,4.34106,7.56622,65.384,165.55229,410.68403
mp-4448,Y3AlC,Cubic,3.47285,4.35105,63.961,151.33173,440.60215
mp-10608,Y3SnC,Cubic,3.47285,5.65476,62.479,149.44977,382.60085
mp-915,YCd,Cubic,8.68212,6.40622,28.662,73.66134,237.37509
mp-2399,YHg,Cubic,8.68212,9.44262,31.429,81.27539,206.86751
mp-30746,YIr,Cubic,8.68212,11.7075,46.637,124.98716,246.8899
mp-615,YMg,Cubic,8.68212,3.4029,20.773,53.4697,271.17156
mp-559,YPd3,Cubic,4.34106,9.83465,48.346,128.40698,287.91701
mp-2403,YPt3,Cubic,4.34106,16.23848,70.92,186.66144,270.66543
mp-191,YRh,Cubic,8.68212,7.97746,41.489,110.19478,281.63883
mp-22120,YRh3C,Cubic,3.47285,9.4879,79.702,210.73209,399.47935
mp-2516,YZn,Cubic,8.68212,5.66815,30.473,78.19372,273.01161
mp-30856,ZnPt3,Cubic,4.34106,18.23452,67.417,182.8349,263.53078
mp-6938,ZnRh,Cubic,8.68212,10.45342,74.335,194.7577,376.59949
mp-214,ZrRu,Cubic,8.68212,9.19943,77.994,204.50027,375.63637
mp-10,As,Cubic,19.76363,6.29491,32.38,85.54796,281.30776
mp-567597,Bi,Cubic,34.32738,10.10913,16.698,44.75064,132.70652
mp-998866,C,Cubic,5.61027,3.55495,470.461,979.4998,2093.11085
mp-133,Sb,Cubic,29.31337,6.89744,22.101,58.65605,194.57477
mp-7755,Se,Cubic,22.20138,5.90577,4.975,14.5867,111.41126
mp-10654,Te,Cubic,32.38408,6.54287,5.86,16.92368,100.84354
mp-3315,CaPd3O4,Cubic,11.99319,7.32671,54.739,147.57634,402.02907
mp-643409,Ba4Y(CuO3)3,Cubic,15.58917,6.09567,50.961,131.27554,386.14003
mp-568014,Nb3Bi,Cubic,19.41879,10.42603,66.883,175.90229,314.35156
mp-1604,Pt3O4,Cubic,12.56183,12.26055,58.894,161.84071,318.29325
mp-292,V3As,Cubic,13.06801,7.23487,111.483,280.93716,552.89592
mp-22568,V3Ga,Cubic,13.51788,6.83444,52.731,143.2174,391.76273
mp-1221,V3Ge,Cubic,13.31356,7.03029,42.108,117.3971,348.68235
mp-2006,V3Ir,Cubic,13.50436,10.60685,123.848,316.80318,477.13283
mp-7226,V3Ni,Cubic,12.48479,7.03323,96.268,249.33412,531.86271
mp-11263,Zr3Au,Cubic,20.88818,9.35354,53.078,138.32127,288.53179
mp-1630,Zr3Hg,Cubic,21.84891,9.0111,58.772,148.69316,303.04385
mp-259,AlMo3,Cubic,4.34106,8.61373,120.006,305.53528,501.16361
mp-1387,AlV3,Cubic,4.34106,5.43498,0.675,2.0223,50.23914
mp-729,Cr3Si,Cubic,4.34106,6.79324,154.873,384.23991,706.34725
mp-1458,Nb3Ir,Cubic,4.34106,11.30417,102.506,266.10558,387.536
mp-1932,Nb3Os,Cubic,4.34106,11.26324,84.517,226.16749,354.39056
mp-2663,Nb3Pt,Cubic,4.34106,11.22483,81.716,216.22054,346.87025
mp-1545,Nb3Rh,Cubic,4.34106,9.1638,86.842,227.69972,397.05432
mp-2053,Nb3Sb,Cubic,4.34106,8.9212,82.544,213.78896,381.62222
mp-1275,SiMo3,Cubic,4.34106,8.9741,129.281,331.08864,516.6369
mp-1786,Ti3Au,Cubic,4.34106,8.59709,71.311,182.41354,376.65282
mp-2354,Ti3Hg,Cubic,4.34106,8.23805,68.833,173.04616,370.24638
mp-2339,Ti3Pt,Cubic,4.34106,8.86072,56.112,150.49238,335.46005
mp-1412,Ti3Sb,Cubic,4.34106,6.15704,20.295,57.6378,234.33825
mp-569249,Ta3Au,Cubic,4.34106,17.32367,65.069,176.20685,249.68136
mp-541,Ta3Sb,Cubic,4.34106,15.03662,85.474,222.5743,301.46334
mp-839,V3Au,Cubic,4.34106,10.16262,75.505,199.63522,375.63552
mp-1585,V3Co,Cubic,4.34106,7.12926,109.487,279.6298,564.32145
mp-1664,V3Pd,Cubic,4.34106,7.74272,77.739,205.85287,439.91916
mp-2211,V3Pt,Cubic,4.34106,10.52587,96.288,251.88941,421.72006
mp-1578,V3Rh,Cubic,4.34106,7.91063,105.892,273.20136,512.90673
mp-1555,V3Sb,Cubic,4.34106,7.70566,80.374,208.6509,438.48187
mp-2567,V3Si,Cubic,4.34106,5.84771,52.199,143.54725,429.47957
mp-21342,V3Sn,Cubic,4.34106,7.48679,5.122,15.2021,114.36615
mp-17,Cr,Cubic,11.48345,7.51878,116.144,301.9744,581.56073
mp-971662,Si,Cubic,22.93741,2.03323,45.957,114.70867,554.27678
mp-11334,W,Cubic,16.21609,18.82535,134.395,350.50216,352.17459
mp-947,Au2S,Cubic,24.4492,9.6443,5.8,16.9128,91.38325
mp-361,Cu2O,Cubic,5.78808,6.20495,7.888,23.12762,165.05517
mp-862786,Ac2CuGe,Cubic,28.49477,8.59831,19.11,51.36768,163.41646
mp-861883,Ac2CuIr,Cubic,26.02388,11.32219,18.099,49.91704,143.64837
mp-867241,Ac2GePd,Cubic,28.70854,9.15425,16.817,45.87678,148.60448
mp-861872,Ac2HgGe,Cubic,31.21705,9.67095,14.917,40.51457,132.40238
mp-865951,Ac2IrAu,Cubic,27.3235,12.81076,17.573,48.92323,131.14753
mp-866107,Ac2IrPd,Cubic,26.19637,11.92707,20.378,56.20252,148.17161
mp-866103,Ac2MgSn,Cubic,34.52715,7.17817,15.688,41.38494,151.23211
mp-862849,Ac2NiIr,Cubic,25.08286,11.66664,20.391,55.83056,151.85178
mp-865855,Ac2SiPd,Cubic,28.37429,8.61023,17.435,47.52781,156.44907
mp-866018,Ac2ZnGe,Cubic,29.47909,8.33744,21.003,54.85984,171.21333
mp-861880,AcCdRh2,Cubic,20.55589,11.01099,27.025,73.9404,192.65328
mp-24147,AcH2,Cubic,17.25813,7.34514,31.721,79.87348,265.89975
mp-861605,AcH3,Cubic,12.26643,7.78473,31.322,81.62513,289.2572
mp-865979,AcMgCd2,Cubic,27.74513,7.12402,14.378,38.8206,157.52916
mp-866225,AcMgHg2,Cubic,27.34657,9.90505,13.617,37.36505,131.14546
mp-861735,AcMgTl2,Cubic,29.69807,9.22682,10.424,28.77024,115.78134
mp-867422,AcPbAu2,Cubic,26.12435,13.15964,17.124,47.26224,129.65195
mp-865952,AcTlAu2,Cubic,25.97306,13.19127,10.319,29.26468,101.25094
mp-984551,AcTlHg2,Cubic,28.57733,12.09441,7.739,21.93233,88.80481
mp-865028,AcTlTe2,Cubic,33.80829,8.43061,19.533,50.6686,156.4932
mp-866203,AcYbHg2,Cubic,28.73686,11.57448,17.216,45.48467,133.91187
mp-37153,AgAsF6,Cubic,17.94341,3.43312,5.244,14.71466,160.7827
mp-22922,AgCl,Cubic,21.31529,5.58262,6.466,18.41517,132.17287
mp-34418,AgPF6,Cubic,16.62146,3.15735,4.15,11.7943,153.4898
mp-867319,Al2CoIr,Cubic,12.55164,10.09136,93.491,242.70264,436.98369
mp-984352,Al2CoOs,Cubic,12.52066,10.05045,111.008,281.7383,476.10093
mp-862695,Al2CoRu,Cubic,12.32238,7.20842,112.686,281.03888,568.21676
mp-985806,Al2Cu,Cubic,15.67064,4.15062,59.777,148.60562,503.32463
mp-862691,Al2FeCo,Cubic,11.32381,6.18611,118.533,291.35411,646.22215
mp-866031,Al2FeIr,Cubic,12.53727,10.00067,110.178,279.85212,475.37629
mp-866284,Al2IrOs,Cubic,13.41524,13.50471,130.885,330.87728,435.39826
mp-862694,Al2IrRh,Cubic,13.32955,10.8719,97.627,253.8302,422.14202
mp-865989,Al2IrRu,Cubic,13.28763,10.84885,127.182,319.48118,480.08493
mp-867775,Al2NiRu,Cubic,12.47587,7.11175,83.722,217.50976,494.36033
mp-862715,Al2PdRu,Cubic,13.52825,8.02308,80.631,210.60817,444.79946
mp-867125,Al2RuPt,Cubic,13.55277,10.72443,97.729,252.33628,422.37689
mp-867326,Al2RuRh,Cubic,13.17457,8.12772,119.809,299.5225,539.77048
mp-862781,AlCrRu2,Cubic,13.09913,8.90912,111.317,287.64313,499.79933
mp-867306,AlCuAu2,Cubic,15.10239,13.31687,18.751,53.74037,163.52013
mp-867878,AlFe2Si,Cubic,10.67455,6.48521,123.796,311.47074,659.89094
mp-861953,AlFeRh2,Cubic,13.32587,8.99179,40.729,114.20412,303.90263
mp-867904,AlGeRu2,Cubic,13.29857,9.41994,94.027,245.97463,446.10632
mp-862778,AlSiRu2,Cubic,12.66301,8.43209,113.371,292.27044,524.58564
mp-862700,AlVOs2,Cubic,13.52187,14.07281,140.544,359.51155,441.22161
mp-866001,AlVRu2,Cubic,13.28693,8.75025,125.212,319.2906,531.28168
mp-862705,AlZnIr2,Cubic,13.4876,14.67618,108.285,279.15873,380.70296
mp-866033,AlZnRh2,Cubic,13.2403,9.34978,92.448,237.77626,443.70584
mp-23155,Ar,Cubic,38.56579,1.72005,0.266,0.41975,38.98056
mp-2302,AsRh2,Cubic,15.41237,10.08211,71.205,189.83253,358.4825
mp-861937,Ba2AsAu,Cubic,32.27979,7.02882,20.318,51.52645,177.33107
mp-864991,Ca2AgPb,Cubic,27.29211,6.01167,5.626,16.06786,109.12989
mp-865167,Ca2CdPb,Cubic,29.01847,5.71902,21.831,53.48595,210.12834
mp-861940,Ca2CdSn,Cubic,27.99584,4.61575,24.541,59.4383,250.7121
mp-1009755,Ca2Ge,Cubic,30.94113,2.7334,23.956,58.45264,311.14786
mp-1079896,Ca2H6Ru,Cubic,10.33939,3.34186,41.307,99.79771,532.13512
mp-867350,Ca2MgIn,Cubic,29.02441,3.13634,20.709,50.6128,276.05822
mp-861645,Ca2MgTl,Cubic,29.04798,4.4138,18.831,46.32426,222.45873
mp-1009733,Ca2Si,Cubic,30.7228,1.95012,24.717,60.65552,374.72678
mp-866229,Ca2SnHg,Cubic,28.05436,5.91095,28.384,67.72422,237.51008
mp-867849,Ca2TlCd,Cubic,28.12075,5.86001,19.163,47.94583,197.62092
mp-989590,Ca6Sn2NF,Cubic,23.8463,3.55761,37.923,89.0432,371.9587
mp-985450,CaAcIn2,Cubic,31.97245,6.4494,17.546,45.58451,173.09766
mp-864962,CaAcZn2,Cubic,27.48932,6.0089,23.217,58.0425,215.67092
mp-866104,CaCdHg2,Cubic,23.85679,9.63446,11.995,32.6264,130.80936
mp-866228,CaDyHg2,Cubic,25.52089,9.82101,26.726,68.2582,186.79012
mp-862795,CaLaAg2,Cubic,26.42152,6.20184,19.952,52.03482,201.00321
mp-866000,CaLaCd2,Cubic,29.17048,5.74669,20.861,53.32072,205.79258
mp-862846,CaLaHg2,Cubic,28.17502,8.54821,22,56.76,175.77232
mp-861643,CaLaMg2,Cubic,31.31272,3.01737,18.121,45.15753,256.71999
mp-862962,CaLaZn2,Cubic,25.55054,5.03353,25.998,64.78702,255.43061
mp-867144,CaMgHg2,Cubic,23.36847,8.27061,17.74,46.44332,171.69184
mp-867266,CaMgTl2,Cubic,25.93695,7.57301,10.983,29.69803,137.16255
mp-867224,CaNdCd2,Cubic,28.03388,6.05871,21.903,55.94026,208.14214
mp-866220,CaNdZn2,Cubic,24.47645,5.34492,26.537,66.39557,254.41653
mp-20463,CaPbF6,Cubic,20.1132,3.72828,19.973,53.08823,285.63146
mp-862882,CaPmAu2,Cubic,23.98978,10.01959,27.483,72.44519,192.22084
mp-862881,CaPmCd2,Cubic,27.68498,6.14643,22.358,57.0129,209.64841
mp-862883,CaPmHg2,Cubic,26.74028,9.10148,24.664,63.33715,183.53786
mp-862884,CaPmPd2,Cubic,22.25845,7.42143,24.337,65.17449,215.96805
mp-862886,CaPmPt2,Cubic,21.777,10.96591,34.909,92.43903,213.8142
mp-862888,CaPmZn2,Cubic,24.14294,5.43179,26.906,67.265,255.28709
mp-867257,CaPrCd2,Cubic,28.40338,5.93116,21.552,55.0007,207.72329
mp-867217,CaPrHg2,Cubic,27.47753,8.79545,22.66,58.64408,177.48113
mp-866015,CaPrZn2,Cubic,24.84149,5.21066,26.267,65.6675,255.00032
mp-1672,CaS,Cubic,23.20703,2.58103,39.145,95.5138,450.28279
mp-1415,CaSe,Cubic,26.20437,3.77165,32.174,78.8263,324.79621
mp-864620,CaSmCd2,Cubic,27.42584,6.28564,22.585,57.59175,209.06908
mp-866014,CaSmHg2,Cubic,26.49738,9.26889,25.27,64.74174,184.59575
mp-866061,CaSmZn2,Cubic,24.00731,5.55516,27.213,67.97807,254.19036
mp-861935,CaSnRh2,Cubic,17.5541,8.62236,38.677,104.4279,274.01284
mp-1519,CaTe,Cubic,32.64081,4.26515,23.516,58.22562,242.67276
mp-27315,CaTiF6,Cubic,17.55868,2.38715,25.205,66.0371,418.18695
mp-866223,CaYHg2,Cubic,25.6917,8.56656,27.182,69.53156,201.20668
mp-31170,Cd2AgAu,Cubic,18.84643,11.66688,13.904,39.48736,139.50849
mp-865926,Cd2PdRh,Cubic,16.67642,10.80746,48.221,127.97853,277.49057
mp-865929,Cd2PtRh,Cubic,16.77891,12.93512,44.683,120.9122,244.39632
mp-241,CdF2,Cubic,13.12957,6.34085,27.592,75.49171,299.1052
mp-861909,CdGaRh2,Cubic,14.96702,10.76029,52.518,142.00867,301.9104
mp-977367,CdInRh2,Cubic,16.41551,10.95122,59.398,156.69192,307.12211
mp-1132,CdO,Cubic,13.16085,8.10094,44.447,119.47354,333.90129
mp-28,Ce,Cubic,25.50165,9.12365,33.95,79.1035,215.82104
mp-2748,CeAs,Cubic,28.17848,6.33601,44.203,107.23648,283.45746
mp-23285,CeBi,Cubic,35.96634,8.05876,25.983,63.55442,178.47258
mp-2863,CeCd3,Cubic,24.35183,8.13755,27.145,66.7767,208.66567
mp-1798,CeMg3,Cubic,25.06882,3.52775,28.847,71.42517,322.91371
mp-568662,BaCl2,Cubic,33.43241,3.44754,11.85,31.284,192.38521
mp-864618,BaHg2Pb,Cubic,30.81424,10.04629,8.736,23.98906,100.41305
mp-867147,BaNaHg2,Cubic,31.58246,7.38058,2.7,7.7652,65.25485
mp-1253,BaSe,Cubic,37.04666,4.84731,21.416,53.49717,208.68053
mp-1000,BaTe,Cubic,44.54708,4.93772,16.564,41.57564,170.87315
mp-865984,BaTlHg2,Cubic,30.64398,10.06395,8.57,23.24184,99.42887
mp-1569,Be2C,Cubic,6.73954,2.46676,228.81,497.43294,1658.32055
mp-867274,Be2CoIr,Cubic,9.80974,11.3911,113.398,290.29888,490.17603
mp-867271,Be2CoNi,Cubic,8.52349,6.60685,125.949,310.59023,708.53021
mp-867270,Be2CoPt,Cubic,9.93941,11.36224,111.666,284.0783,484.63178
mp-867273,Be2CuIr,Cubic,10.22962,11.11074,67.75,183.467,382.3661
mp-865869,Be2CuPt,Cubic,10.56303,10.87272,70.542,186.37196,388.65962
mp-865308,Be2CuRh,Cubic,10.05035,7.61987,52.236,142.29086,408.40164
mp-865003,Be2IrPd,Cubic,10.92919,12.02807,111.931,285.87177,457.20363
mp-867280,Be2IrPt,Cubic,11.02941,15.256,125.302,319.7707,428.06781
mp-865229,Be2NiIr,Cubic,9.83012,11.35736,114.747,295.35878,494.23631
mp-866224,Be2NiPt,Cubic,10.09136,11.18129,63.503,172.09313,370.62972
mp-864895,Be2NiRh,Cubic,9.64697,7.72966,107.76,272.84832,583.22496
mp-864961,Be2PdPt,Cubic,11.26482,11.77536,42.134,117.89093,285.17532
mp-866115,Be2PdRh,Cubic,10.79799,8.74059,99.772,255.41632,508.89092
mp-862600,Be2PtRh,Cubic,10.88887,12.04793,113.636,289.99907,460.97258
mp-866024,Be2RhAu,Cubic,11.45877,11.51694,27.888,79.64813,234.34721
mp-867307,Be2RuAu,Cubic,11.3468,11.56342,99.781,255.43936,435.08396
mp-865021,Be2RuPt,Cubic,10.95481,11.90586,107.454,277.01641,450.50519
mp-865966,BeAlIr2,Cubic,12.24981,14.2479,124.518,318.01897,426.66674
mp-862287,BeAlRh2,Cubic,11.99042,8.37181,102.765,263.0784,509.93814
mp-862706,BeCo2Ge,Cubic,10.05155,8.24023,80.844,213.91322,486.75049
mp-865901,BeCo2Si,Cubic,9.33696,6.88993,132.598,332.82098,692.62178
mp-867837,BeCrRu2,Cubic,11.79842,9.25904,103.767,274.04865,491.98245
mp-862669,BeFe2Si,Cubic,9.54702,6.46976,127.552,320.41062,695.48635
mp-867840,BeFeRh2,Cubic,12.0933,9.29141,87.815,230.60219,447.92473
mp-867116,BeGaIr2,Cubic,12.46249,15.42851,107.436,280.19309,380.20593
mp-862291,BeGaRh2,Cubic,12.17543,9.70192,91.436,238.09934,446.10771
mp-862713,BeGeRu2,Cubic,12.18699,9.66703,99.655,260.89679,466.39586
mp-867828,BeNbRu2,Cubic,13.68981,9.22038,69.434,188.99935,385.48365
mp-862622,BeRu2W,Cubic,13.19566,12.42643,117.74,308.4788,435.08608
mp-865904,BeSiIr2,Cubic,11.88086,14.72894,105.257,279.24682,392.20926
mp-865792,BeSiNi2,Cubic,9.79662,6.54633,75.961,201.90434,534.04679
mp-867107,BeSiOs2,Cubic,11.80969,14.67801,149.646,382.3156,466.28523
mp-867835,BeSiRu2,Cubic,11.54108,8.60542,122.52,315.36648,556.33438
mp-866288,BeVCo2,Cubic,10.22559,7.21907,57.185,120.43161,421.71737
mp-867304,BeVFe2,Cubic,10.22095,6.97149,107.484,275.80394,602.2149
mp-867275,BeVOs2,Cubic,12.46841,14.66354,123.705,322.87005,417.81348
mp-867874,BeVRu2,Cubic,12.17318,8.93803,90.582,241.49161,463.64201
mp-20841,Ba2CaIrO6,Cubic,15.17438,6.59806,57.48,146.574,395.22265
mp-21879,Ba2CePtO6,Cubic,15.42639,7.59797,62.307,162.37204,382.77223
mp-697044,Ba2H6Os,Cubic,14.72082,5.90245,20,51.72,249.99978
mp-697038,Ba2H6Ru,Cubic,14.58422,4.82978,21.525,55.23315,287.2997
mp-10584,Ba2LiOsO6,Cubic,13.83162,6.81691,43.765,111.51322,349.74313
mp-6270,Ba2LiReO6,Cubic,13.96237,6.70523,43.501,111.44956,350.81389
mp-22441,Ba2MgReO6,Cubic,13.69975,7.04424,68.97,174.08028,432.77543
mp-13811,Ba2MgUO6,Cubic,15.23567,6.89891,57.23,145.13528,384.71736
mp-1079630,Ba2TaInO6,Cubic,14.81718,7.46843,78.541,198.55165,437.04177
mp-7251,Ba2YNbO6,Cubic,15.70702,5.84061,75.75,191.0415,475.83001
mp-6492,Ba2YSbO6,Cubic,15.51814,6.22045,78.167,195.26117,469.58404
mp-13254,CeMgZn2,Cubic,20.71507,5.91666,33.459,82.57681,286.14602
mp-2493,CeN,Cubic,16.47044,7.76927,76.604,195.03378,407.47747
mp-10688,CeO,Cubic,15.31103,8.46565,80.747,204.93589,412.75583
mp-20194,CeO2,Cubic,13.61988,6.99476,73.939,193.86806,453.1827
mp-2154,CeP,Cubic,25.99715,5.46408,50.428,121.83405,333.87881
mp-1025415,CePd7,Cubic,16.19946,11.34042,45.333,123.03376,265.97809
mp-1096,CeS,Cubic,22.94528,6.23033,52.574,131.32985,337.80194
mp-2563,CeSe,Cubic,27.56961,6.59756,23.207,64.3298,206.83177
mp-867361,CeTlAu2,Cubic,23.36795,13.11835,20.109,55.8628,145.9048
mp-865791,CrSiRu2,Cubic,12.75182,9.18771,138.001,350.24654,551.5681
mp-989535,Cs2AlInH6,Cubic,17.29411,3.97185,15.191,37.46101,249.84971
mp-989575,Cs2AlTlH6,Cubic,17.7269,4.71386,15.28,37.55824,227.76193
mp-27882,Cs2GeCl6,Cubic,30.70477,3.31196,4.521,11.56472,125.32023
mp-643243,Cs2H6Pt,Cubic,20.06393,4.29392,5.377,14.01246,137.84075
mp-29398,Cs2HfI6,Cubic,45.58803,4.87983,4.16,10.41664,86.19742
mp-989516,Cs2ICl6F,Cubic,30.3827,3.41278,4.966,13.38834,129.53353
mp-6968,Cs2KCuF6,Cubic,18.96318,4.22461,16.596,42.88406,246.95028
mp-989585,Cs2KPbF6,Cubic,23.00816,4.51867,13.579,34.76224,202.01752
mp-571124,Cs2KScCl6,Cubic,34.04761,2.74378,7.863,20.42807,173.66292
mp-989405,Cs2LiInBr6,Cubic,34.12421,4.21893,8.914,22.67722,148.54499
mp-570379,Cs2LiLuCl6,Cubic,29.28815,3.74445,9.195,23.88861,169.04086
mp-567652,Cs2LiYCl6,Cubic,30.0091,3.17828,9.676,24.86732,186.41356
mp-989642,Cs2NaAlH6,Cubic,16.0456,3.33058,15.331,37.80625,281.02157
mp-13816,Cs2NaErF6,Cubic,19.21531,4.92623,17.633,44.50569,233.72899
mp-989568,Cs2NaMgF6,Cubic,17.45874,4.06221,12.854,33.88314,228.59291
mp-6204,Cs2NaScF6,Cubic,18.18188,4.08924,17.639,45.15584,261.73659
mp-571467,Cs2NaYBr6,Cubic,38.14043,3.73173,8.079,20.58529,144.90748
mp-13925,Cs2NaYF6,Cubic,19.47614,4.19222,16.618,42.57532,245.45509
mp-23425,Cs2PbCl6,Cubic,32.60682,3.88017,4.508,11.40524,113.30516
mp-504729,Cs2PdF6,Cubic,19.93288,4.5006,6.937,17.27313,153.39917
mp-30062,Cs2PtBr6,Cubic,35.14382,4.93665,4.908,12.40742,101.94273
mp-23406,Cs2PtCl6,Cubic,30.6971,4.04874,4.775,12.0903,116.30994
mp-23060,Cs2PtI6,Cubic,42.88099,5.25929,3.998,10.14692,83.30218
mp-989605,Cs2RbInF6,Cubic,22.38571,4.303,9.87,26.5503,179.67683
mp-862666,DyGaRh2,Cubic,16.39854,11.08899,47.905,129.15188,275.15582
mp-24151,DyH2,Cubic,11.57672,7.86593,54.075,133.6734,383.41355
mp-984767,DyHoIn2,Cubic,25.96657,8.90597,21.948,58.42558,177.5997
mp-20898,DyInAg2,Cubic,20.85925,9.81263,18.398,50.37372,168.85521
mp-30374,DyInAu2,Cubic,20.83788,13.37274,22.045,61.19692,157.84044
mp-1546,DyMg3,Cubic,24.05478,4.06277,24.698,61.6956,283.09547
mp-862680,DyMgAg2,Cubic,20.89036,7.99933,12.356,34.86863,153.09484
mp-867762,DyMgAu2,Cubic,20.32932,11.85896,20.809,57.68255,164.11275
mp-867773,DyMgCd2,Cubic,22.82732,7.4858,26.236,67.79382,220.25019
mp-867826,DyMgHg2,Cubic,22.46718,10.86443,26.307,69.24002,184.77557
mp-1410,DyN,Cubic,14.60761,10.03231,123.389,295.88682,472.57357
mp-2014,DyP,Cubic,22.71509,7.07175,60.67,147.79212,340.69641
mp-2470,DyS,Cubic,20.8346,7.75352,42.673,111.63257,284.28914
mp-1007,DySb,Cubic,29.65389,7.9589,34.856,87.6977,223.9132
mp-814,DySe,Cubic,23.63402,8.48255,29.474,78.93137,217.55306
mp-866287,DySnAu2,Cubic,21.24822,13.19053,15.162,43.02976,131.51445
mp-865364,DyTaRu2,Cubic,17.2317,13.14395,68.958,183.70411,297.01317
mp-2159,DyTe,Cubic,28.94304,8.3219,21.366,57.73093,174.94995
mp-971799,DyYHg2,Cubic,25.28717,10.71338,27.672,72.8327,183.2954
mp-865257,DyZnRh2,Cubic,16.36018,11.00552,45.355,121.91424,268.87599
mp-862981,Er2CdIn,Cubic,25.214,9.24886,27.973,72.67385,198.00699
mp-866004,Er2InAg,Cubic,24.40653,9.47758,30.299,78.7774,205.87214
mp-867214,Er2IrRu,Cubic,18.92226,13.77339,58.373,152.47028,258.0688
mp-861946,Er2MgAl,Cubic,23.83042,6.72086,36.576,90.56218,268.30579
mp-863702,Er2MgIn,Cubic,25.452,7.72532,28.117,71.97952,215.82769
mp-863667,Er2TlAg,Cubic,24.49195,10.96264,27.903,73.21747,183.92757
mp-861628,Er2TlCd,Cubic,25.43736,10.62934,24.637,64.89386,173.39128
mp-862895,Er2ZnRu,Cubic,19.9596,10.42011,33.2,88.976,220.86817
mp-1688,ErAs,Cubic,23.74557,8.4679,53.691,131.43557,289.32969
mp-23245,ErBi,Cubic,30.67887,10.18226,30.393,76.89429,183.19781
mp-863738,ErCdPd2,Cubic,18.70943,10.92807,28.245,77.56077,204.37145
mp-863739,ErCdRh2,Cubic,17.54355,11.48799,51.651,136.25534,273.50793
mp-863711,ErGaRh2,Cubic,16.1055,11.41342,52.644,140.87534,285.74116
mp-24192,ErH2,Cubic,11.02994,8.49468,56.307,139.07829,382.87829
mp-30340,ErInAg2,Cubic,20.52725,10.06758,25.82,69.714,196.87871
mp-863672,ErMgCd2,Cubic,22.44497,7.70134,25.799,66.87101,216.78141
mp-863674,ErMgHg2,Cubic,22.07894,11.14495,25.837,68.3647,182.10302
mp-19830,ErN,Cubic,13.97661,10.76794,132.589,315.56182,479.73639
mp-867919,ErNbRu2,Cubic,17.13869,11.198,70.762,187.37778,326.12322
mp-1623,ErS,Cubic,20.09316,8.23627,43.445,113.8259,281.98353
mp-2191,ErSb,Cubic,28.94616,8.29,35.969,89.49087,224.40667
mp-2491,ErSe,Cubic,22.84403,8.94887,28.368,76.48013,210.60565
mp-866285,ErSnRu2,Cubic,17.42892,11.62614,66.736,174.4479,308.74374
mp-863679,ErTaRu2,Cubic,16.97599,13.45831,78.278,205.87114,313.72485
mp-867917,CuGeRh2,Cubic,13.07683,10.85698,66.761,180.2547,354.44835
mp-865006,Dy2MgAl,Cubic,24.58272,6.35445,35.437,87.60026,268.41594
mp-865007,Dy2MgIn,Cubic,26.1792,7.3598,27.596,70.48018,216.77272
mp-865216,Dy2PdRu,Cubic,20.12678,10.98313,37.091,99.47806,226.69021
mp-866008,Dy2TlAg,Cubic,25.22934,10.48562,25.22,66.63124,177.1232
mp-866005,Dy2TlCd,Cubic,26.16862,10.18132,25.723,67.23992,178.92737
mp-2627,DyAs,Cubic,24.47141,8.05527,52.475,128.14395,290.09271
mp-22907,DyBi,Cubic,31.39623,9.82376,29.768,75.43211,183.08759
mp-864884,DyCdHg2,Cubic,22.70541,12.36132,20.259,54.94241,152.35582
mp-1011695,Cs2Se,Cubic,50.25272,3.79751,5.71,14.75464,110.85059
mp-27830,Cs2SeCl6,Cubic,31.25262,3.29122,5.067,12.78911,132.09525
mp-4047,Cs2SiF6,Cubic,19.11237,3.9376,6.576,17.34749,163.13826
mp-641923,Cs2SnBr6,Cubic,36.83408,4.32756,4.313,10.89464,100.5436
mp-608555,Cs2SnCl6,Cubic,32.0928,3.43358,4.029,10.31424,114.51646
mp-27636,Cs2SnI6,Cubic,45.40227,4.65687,3.906,9.8978,85.97801
mp-540957,Cs2TeI6,Cubic,46.39404,4.59267,3.894,9.95306,85.77882
mp-27828,Cs2TiCl6,Cubic,30.78304,3.15506,4.099,10.69839,122.48343
mp-996944,Cs2TlInBr6,Cubic,41.09473,4.30113,4.623,12.56531,100.70141
mp-989537,Cs2TlInF6,Cubic,22.41183,5.17906,11.015,29.58629,172.81835
mp-638729,Cs2ZrCl6,Cubic,32.50662,3.23386,5.257,13.37381,133.9327
mp-1784,CsF,Cubic,27.16611,4.64259,9.864,25.66613,162.61385
mp-1057286,CsH,Cubic,32.50007,3.42105,6.816,16.3175,146.04842
mp-863759,CsK2Bi,Cubic,42.71053,4.08309,6.637,16.5394,121.37441
mp-581024,CsK2Sb,Cubic,40.08804,3.44698,7.769,19.26712,146.00111
mp-864796,EuCdHg2,Cubic,25.0345,11.03657,11.896,32.28574,119.63432
mp-504731,EuF2,Cubic,16.26759,6.46351,29.302,76.94705,281.65368
mp-20340,EuN,Cubic,16.28475,8.46193,53.655,138.32259,330.16704
mp-542583,EuTe,Cubic,35.44348,6.54883,22.782,55.40582,186.88427
mp-22300,FeCo2Ge,Cubic,11.59367,8.82111,58.409,158.40521,382.22974
mp-865191,FeGeRu2,Cubic,13.25563,10.35438,101.794,265.07158,442.53603
mp-1009077,FeH,Cubic,6.82194,6.91933,87.064,223.75448,618.88486
mp-3464,FeSiRu2,Cubic,12.68143,9.3647,118.341,303.66301,507.63855
mp-862790,FeSiTc2,Cubic,12.86758,9.03114,108.248,283.39326,493.36725
mp-2776,Ga2Au,Cubic,18.98623,9.80757,11.065,31.44673,135.82904
mp-865743,Ga2IrRh,Cubic,13.73247,13.13707,48.354,134.134,271.09797
mp-22095,Ga2Pt,Cubic,17.42868,10.62426,20.333,57.1764,181.12474
mp-867292,Ga2RuRh,Cubic,13.46848,10.58518,92.754,240.78938,416.06413
mp-30551,GaFeCo2,Cubic,11.37796,8.88192,88.288,229.37222,468.47326
mp-865895,GaGeRu2,Cubic,13.52578,10.57353,74.202,198.56455,373.50655
mp-866037,GaNiRh2,Cubic,13.02802,10.65008,64.205,171.42735,350.52463
mp-865615,GaSiRu2,Cubic,12.87978,9.66779,88.656,235.47034,433.25529
mp-864748,Gd2MgIn,Cubic,27.30046,6.89786,21.207,57.59821,195.49834
mp-510374,GdAs,Cubic,25.52643,7.55159,46.696,116.92678,279.44795
mp-24092,GdH2,Cubic,12.32493,7.15263,47.226,115.23144,366.96477
mp-510401,GdP,Cubic,23.63836,6.61114,54.5,134.833,330.04972
mp-510402,GdS,Cubic,21.84864,7.19415,47.722,120.92755,305.57961
mp-510403,GdSb,Cubic,30.83377,7.51298,31.19,84.64966,217.78179
mp-510404,GdSe,Cubic,24.68184,7.94584,35.871,95.91905,244.45249
mp-866088,Hf2CoTc,Cubic,16.37177,13.03116,84.695,219.19066,334.2883
mp-864890,Hf2FeIr,Cubic,16.60065,15.13037,67.035,178.98345,276.21077
mp-865179,Hf2FeOs,Cubic,16.23601,15.41937,95.692,247.84228,327.91965
mp-865138,Hf2MnIr,Cubic,16.40163,15.29101,88.412,230.04802,315.62774
mp-977572,Hf2MnRh,Cubic,16.26929,13.13648,73.696,193.96787,312.52663
mp-864684,Hf2MoIr,Cubic,17.39652,15.39497,80.044,210.51572,294.06707
mp-865131,Hf2OsRh,Cubic,17.08065,15.80066,55.152,151.668,244.44426
mp-861978,Hf2ReIr,Cubic,17.21617,17.73285,103.795,267.99869,312.168
mp-977407,Hf2ReRh,Cubic,17.17202,15.61933,92.43,239.94828,314.50165
mp-977541,Hf2TcOs,Cubic,16.99998,15.75585,92.747,241.88418,314.94092
mp-864916,Hf2TcRh,Cubic,17.00157,13.62213,87.375,226.8255,328.64659
mp-867327,Hf2TcRu,Cubic,16.86382,13.68822,91.598,237.23882,336.38838
mp-866012,Hf2ZnRe,Cubic,17.61845,14.34004,60.682,161.65685,264.89201
mp-5748,HfAlNi2,Cubic,13.70356,9.78065,37.535,104.49744,277.01392
mp-864909,HfAlRu2,Cubic,15.07957,11.22139,81.051,213.65044,363.92447
mp-865163,HfBeRh2,Cubic,14.12309,11.56107,67.567,181.21469,335.74205
mp-865174,HfCdRh2,Cubic,16.41322,12.56319,60.425,162.05985,289.88677
mp-3576,HfGaCo2,Cubic,13.34586,11.38722,77.795,202.88936,368.25665
mp-865010,HfGaRu2,Cubic,15.11582,12.36831,78.797,208.65446,341.97728
mp-864715,HfInCo2,Cubic,14.93167,11.4316,107.967,275.74772,410.51523
mp-600125,HfInCu2,Cubic,15.95199,10.94049,52.466,137.35599,291.21883
mp-864734,HfInPd2,Cubic,17.50967,12.00021,35.064,97.19741,222.56342
mp-983123,HfMgAu2,Cubic,18.30681,13.53172,33.178,91.17314,200.47243
mp-865020,HfMgIr2,Cubic,15.92676,15.30627,99.508,253.54638,337.2661
mp-865049,HfMgPd2,Cubic,16.9087,10.20448,39.982,108.67108,259.5795
mp-865050,HfMgRh2,Cubic,15.78391,10.7468,68.281,178.6231,336.03684
mp-865091,HfMnRh2,Cubic,15.60637,11.68391,62.602,167.77336,310.55413
mp-2828,HfN,Cubic,11.47986,13.92214,164.261,409.66693,504.55633
mp-865094,HfNbTc2,Cubic,16.58365,11.70023,90.767,239.26181,364.98012
mp-864926,HfPaTc2,Cubic,18.71874,13.42905,46.246,127.26899,235.31211
mp-865165,HfScCo2,Cubic,15.59514,9.08556,69.939,179.46347,368.40536
mp-865001,HfScOs2,Cubic,16.69818,15.01375,93.516,242.39347,325.36402
mp-865030,HfScRu2,Cubic,16.49342,10.71188,80.426,208.94675,358.98189
mp-866062,HfSiRu2,Cubic,14.48314,11.71514,106.888,277.48125,413.53749
mp-866219,HfSnRu2,Cubic,16.40206,12.63825,107.6,273.5192,381.97682
mp-865025,HfTaRe2,Cubic,16.75258,18.13555,109.351,285.62481,320.1728
mp-865038,HfTaTc2,Cubic,16.48688,13.98576,99.455,259.57755,349.67711
mp-865023,HfTc2Sb,Cubic,16.74075,12.30594,95.257,246.71563,362.75571
mp-866114,HfTc2W,Cubic,15.97075,14.51292,118.179,305.61089,377.64003
mp-866117,HfZnAu2,Cubic,17.38536,15.23042,16.877,48.63951,138.45544
mp-866094,HfZnCu2,Cubic,14.23018,10.82286,43.166,116.5482,277.67571
mp-864798,HfZnIr2,Cubic,15.38398,16.95549,86.11,227.50262,303.39859
mp-864807,HfZnNi2,Cubic,13.49828,11.11122,43.706,119.57962,281.23805
mp-974943,HfZrTc2,Cubic,17.35669,11.13888,71.432,189.58053,327.43192
mp-8177,HgF2,Cubic,14.2952,9.23813,12.599,36.03314,164.22052
mp-863651,Ho2CdIn,Cubic,25.58921,9.03769,28.777,74.35977,201.88529
mp-865297,Ho2InAg,Cubic,24.79337,9.25172,29.025,75.8133,202.94417
mp-864625,Ho2IrRh,Cubic,19.44915,13.34003,34.581,94.95943,201.79655
mp-867277,Ho2MgAl,Cubic,24.21598,6.53401,36.114,88.9849,268.57894
mp-977392,Ho2MgIn,Cubic,25.81173,7.54275,28.17,71.88984,217.3967
mp-861993,Ho2TlAg,Cubic,24.87684,10.71531,26.76,70.43232,181.25825
mp-861994,Ho2TlCd,Cubic,25.83115,10.39245,25.452,66.83695,177.11581
mp-861600,Ho2ZnIn,Cubic,24.07222,8.79666,31.772,81.20923,219.04307
mp-864775,HoAgHg2,Cubic,21.54958,12.98364,16.174,45.06076,135.84
mp-295,HoAs,Cubic,24.12153,8.25577,53.503,130.44031,290.72777
mp-22866,HoBi,Cubic,31.04485,9.99994,29.989,76.0521,182.88427
mp-864904,HoCdAg2,Cubic,20.59141,9.94073,16.491,46.00989,159.20804
mp-977415,HoCdAu2,Cubic,20.49469,13.59715,22.834,63.15884,160.08633
mp-974221,HoErTl2,Cubic,26.2653,11.71114,13.122,36.34794,120.37079
mp-865696,HoGaRh2,Cubic,16.2582,11.24676,49.846,133.98605,279.40445
mp-24152,HoH2,Cubic,11.31141,8.16935,55.883,137.91924,385.41984
mp-30342,HoInAg2,Cubic,20.69944,9.93713,26.089,70.33594,198.53029
mp-30586,HoInCu2,Cubic,17.59152,9.60085,41.739,107.93705,268.00156
mp-866172,HoMg3,Cubic,23.93109,4.12592,26.726,65.74596,292.12524
mp-977369,HoMgHg2,Cubic,22.2719,11.00498,26.252,69.14777,183.98142
mp-864744,HoMgRh2,Cubic,17.1563,9.55902,50.305,131.49727,297.41524
mp-883,HoN,Cubic,14.30649,10.38451,126.817,303.85353,474.18736
mp-866112,HoNbRu2,Cubic,17.27081,11.05636,66.781,177.63746,318.2114
mp-744,HoP,Cubic,22.35082,7.27728,61.321,149.37796,339.54751
mp-1240,HoS,Cubic,20.47376,7.98872,42.662,112.03041,281.92044
mp-2050,HoSb,Cubic,29.24321,8.13968,35.415,89.10414,224.31391
mp-464,HoSe,Cubic,23.24582,8.71102,29.485,79.07877,216.0455
mp-30731,HoSnPd2,Cubic,19.03795,10.82607,20.177,57.06056,173.34426
mp-866116,HoTaRu2,Cubic,17.11416,13.29317,73.942,195.50265,306.17935
mp-919,HoTe,Cubic,28.53254,8.51235,20.766,56.31739,171.53756
mp-864624,HoZnRh2,Cubic,16.238,11.15046,47.959,128.24237,275.12028
mp-22154,In2Au,Cubic,23.6974,9.96439,13.931,38.44956,139.70261
mp-22682,In2Pt,Cubic,21.96123,10.70469,27.293,74.4553,192.2531
mp-643279,K2H6Pt,Cubic,14.8721,3.46537,9.309,23.2725,221.84666
mp-27304,K2MnCl6,Cubic,25.11924,2.54034,6.094,15.47876,177.34386
mp-6586,K2NaAlF6,Cubic,14.05594,2.86081,27.366,68.46973,423.52945
mp-13797,K2NaCuF6,Cubic,14.66395,3.15625,24.134,60.96248,374.09517
mp-6686,K2NaInF6,Cubic,16.64252,3.29259,20.537,52.49257,324.23874
mp-14039,K2NaRhF6,Cubic,15.46015,3.41645,22.615,57.84917,342.43292
mp-6058,K2NaScF6,Cubic,15.95532,2.70731,23.479,59.21404,386.90217
mp-13798,K2NaTlF6,Cubic,17.57322,3.96453,18.04,46.57928,272.33066
mp-27835,K2OsBr6,Cubic,30.66256,4.50001,5.247,13.8101,116.11822
mp-23067,K2PdCl6,Cubic,25.66241,2.85671,6.418,16.41724,170.68713
mp-27691,K2PtBr6,Cubic,30.95889,4.48586,5.95,15.4105,123.1356
mp-23513,K2PtCl6,Cubic,25.99658,3.44926,6.625,16.94675,157.08182
mp-23021,K2ReBr6,Cubic,31.58622,4.34491,5.229,13.55357,116.57403
mp-22947,K2ReCl6,Cubic,26.61105,3.30806,6.545,16.53267,157.78294
mp-1022,K2S,Cubic,33.95903,1.7972,9.782,24.90497,239.69616
mp-8426,K2Se,Cubic,37.62959,2.3117,8.676,22.01969,192.55594
mp-23036,K2SeBr6,Cubic,31.96935,3.67389,5.006,13.05565,123.63305
mp-27632,K2TcCl6,Cubic,26.34882,2.72333,5.731,14.71721,163.79326
mp-1747,K2Te,Cubic,45.65171,2.49522,7.26,18.3678,158.5969
mp-569149,K2TeCl6,Cubic,29.01881,2.66096,5.438,13.96478,156.27866
mp-27839,K2TiCl6,Cubic,26.21659,2.38424,5.72,14.84912,175.40132
mp-568914,K2WCl6,Cubic,26.44083,3.31284,5.031,13.2919,139.53163
mp-708,LaAs,Cubic,29.76462,5.9646,39.976,99.94,276.05463
mp-862262,LaCdHg2,Cubic,25.24136,10.73136,14.129,38.91127,132.05687
mp-1018144,LaH3,Cubic,10.81776,5.44658,27.554,74.3958,340.20689
mp-861617,LaHgAu2,Cubic,23.35515,13.0366,3.22,9.51188,59.4036
mp-568917,LaInAg2,Cubic,23.32635,8.35489,17.957,49.27401,172.95183
mp-867979,LaInHg2,Cubic,25.9449,10.47887,11.561,32.30143,120.05155
mp-2306,LaMg3,Cubic,26.11174,3.36761,25.636,62.75693,307.1288
mp-862662,LaMgZn2,Cubic,21.99818,5.54871,28.284,71.61509,267.64758
mp-256,LaN,Cubic,18.61596,6.81986,67.25,170.277,392.67285
mp-2384,LaP,Cubic,27.90775,5.05399,44.222,109.93589,321.6595
mp-862663,LaPbAu2,Cubic,24.43663,12.57193,19.936,54.70438,146.27833
mp-973887,LaPrHg2,Cubic,28.93401,9.77065,17.531,47.19345,146.50646
mp-2350,LaS,Cubic,25.45363,5.57687,40.885,105.40153,305.5928
mp-1065,LaSb,Cubic,35.32595,6.12645,28.091,70.90168,215.80692
mp-867118,LaSnAu2,Cubic,23.50505,11.50734,21.755,59.65221,161.7667
mp-1560,LaTe,Cubic,34.23728,6.46288,21.792,57.66163,188.48556
mp-865897,Li2AcIn,Cubic,24.5885,6.00539,19.316,48.94674,204.59099
mp-976333,Li2AcTl,Cubic,24.35699,7.589,14.653,38.30294,160.15169
mp-865879,Li2AgAu,Cubic,14.90139,8.87906,17.539,47.07468,192.65287
mp-865874,Li2AgHg,Cubic,16.17969,8.27053,9.484,26.23274,143.76381
mp-865965,Li2CaSi,Cubic,17.48475,1.94798,29.73,71.76822,496.27037
mp-865964,Li2CaSn,Cubic,20.59035,3.48131,27.664,65.34237,338.42627
mp-865577,Li2CdAu,Cubic,15.62425,8.58897,12.122,33.35974,161.1463
mp-865582,Li2CdPd,Cubic,14.85832,6.5019,7.951,22.66035,153.25122
mp-865714,Li2HgAu,Cubic,15.9821,10.68711,7.09,20.09306,110.29309
mp-865731,Li2HgPd,Cubic,14.77735,9.01471,13.98,38.50092,171.92797
mp-865737,Li2InSn,Cubic,19.54945,5.25378,14.569,38.43302,207.03509
mp-866193,Li2LaIn,Cubic,22.42819,4.95325,26.277,63.95822,269.55989
mp-12128,Li2MgIn,Cubic,18.28451,3.47385,20.946,50.94067,308.87374
mp-866181,Li2NdIn,Cubic,21.29473,5.32093,29.888,72.03008,281.87138
mp-866179,Li2NdTl,Cubic,21.11377,7.12755,28.708,69.30111,239.80634
mp-866176,Li2PdAu,Cubic,13.58192,9.69739,23.405,63.00626,219.36562
mp-862930,Li2PmIn,Cubic,20.94061,5.42594,30.714,72.6079,284.19767
mp-862948,Li2PmPb,Cubic,20.92649,7.26225,24.17,60.37666,219.72373
mp-862934,Li2PmTl,Cubic,20.66993,7.29582,30.085,72.08366,244.3825
mp-866196,Li2PrIn,Cubic,21.68468,5.16141,27.925,67.41095,274.90341
mp-1153,Li2S,Cubic,15.19305,1.67394,33.875,79.47075,598.09766
mp-2286,Li2Se,Cubic,17.57223,2.92446,26.985,63.90048,385.70477
mp-2530,Li2Te,Cubic,23.03095,3.4003,18.389,44.68527,269.38918
mp-865863,Li2TlPd,Cubic,15.41459,8.74419,13.18,36.27136,167.16175
mp-865867,Li2YTl,Cubic,19.70475,6.4714,32.362,76.95684,273.10626
mp-863707,KNa2Bi,Cubic,30.51158,4.0009,10.679,26.37713,173.65449
mp-15724,KNa2Sb,Cubic,28.58488,3.00388,12.629,30.96631,222.50837
mp-13190,KRb2GaF6,Cubic,16.78882,3.89445,15.358,40.29939,261.31812
mp-6074,KRb2TiF6,Cubic,18.87998,3.27087,22.332,55.16004,323.4751
mp-866169,KTl2Bi,Cubic,33.25962,8.19851,5.834,16.11351,88.61799
mp-24084,KH,Cubic,22.81566,1.45948,10.516,25.11221,311.74632
mp-11247,Li3Au,Cubic,14.99262,6.03044,9.25,25.4375,170.07062
mp-23222,Li3Bi,Cubic,18.72197,5.09558,21.021,50.49244,252.41578
mp-7396,Li3Tl,Cubic,18.09853,5.16567,14.643,36.31464,212.89072
mp-862667,LiAc2Ge,Cubic,30.31015,7.30805,20.637,52.58308,178.59988
mp-861876,LiAc2Si,Cubic,29.63341,6.85078,22.936,57.75285,195.356
mp-862549,LiAcTl2,Cubic,29.3751,9.08287,6.17,17.47344,90.54865
mp-9472,LiAg2Ge,Cubic,16.0657,7.63095,17.417,47.93158,202.58913
mp-2927,LiAg2Sn,Cubic,18.14384,7.81101,23.975,63.3899,223.70431
mp-862318,LiAl2Ni,Cubic,12.42081,3.99725,69.544,170.52189,596.41234
mp-11947,LiAlAg2,Cubic,15.47283,6.69833,32.565,84.79926,296.07797
mp-862717,LiAlAu2,Cubic,15.1503,11.72371,36.27,96.8409,238.83508
mp-867272,LiAlCu2,Cubic,12.35872,5.40855,53.421,133.01829,452.10253
mp-862297,LiAlRh2,Cubic,12.6701,7.85485,66.739,174.05531,418.18159
mp-862335,LiAsRh2,Cubic,12.72542,9.38463,59.369,158.51523,361.80359
mp-862377,LiBe2Ir,Cubic,10.26585,8.78251,64.707,168.10879,416.37537
mp-862312,LiBePd2,Cubic,11.73954,8.09061,56.945,148.28478,389.87957
mp-862316,LiBePt2,Cubic,11.6607,14.4584,79.648,205.96973,345.25578
mp-861905,LiBiPd2,Cubic,17.14311,10.38282,15.71,44.33362,161.91389
mp-862632,LiCa2Al,Cubic,27.64782,1.7129,20.041,48.85996,372.27105
mp-867803,LiCa2Cd,Cubic,29.0226,2.85373,11.67,30.08526,218.80248
mp-867211,LiCa2In,Cubic,28.71613,2.91898,18.813,45.97897,273.57015
mp-867167,LiCa2Tl,Cubic,28.37082,4.26507,14.441,36.62238,200.58189
mp-867160,LiCd2Au,Cubic,18.06482,9.85233,16.546,45.73314,167.20152
mp-867196,LiCd2Pd,Cubic,17.13651,8.19254,22.13,60.1936,214.93853
mp-867206,LiCd2Pt,Cubic,17.20517,10.29917,23.689,64.95524,198.22275
mp-867924,LiCdPd2,Cubic,15.5042,8.89465,30.879,83.43506,251.69324
mp-13914,LiCo2Ge,Cubic,10.63291,7.70883,97.165,240.77487,536.32989
mp-867293,LiCo2Si,Cubic,9.89506,6.41443,117.437,287.01603,660.4833
mp-567097,LiCu2Ge,Cubic,12.37345,6.93397,36.738,96.76789,334.14787
mp-862657,LiCuPd2,Cubic,13.14506,8.94776,37.593,103.83187,293.80186
mp-862492,LiErTl2,Cubic,23.66471,10.22661,21.383,55.08261,168.29322
mp-862290,LiFeRh2,Cubic,12.73619,8.75489,65.499,170.95239,390.69855
mp-5419,LiGa2Ir,Cubic,13.67669,10.2778,40.935,110.44263,280.98446
mp-5159,LiGa2Pd,Cubic,14.293,7.34269,20.021,55.61834,230.40243
mp-20363,LiGa2Pt,Cubic,14.18963,9.99015,34.754,93.76629,259.51575
mp-4913,LiGa2Rh,Cubic,13.54769,7.63894,33.902,91.73881,297.9487
mp-865963,LiGaAg2,Cubic,15.5752,7.79352,27.563,72.71119,252.91179
mp-861900,LiGaAu2,Cubic,15.43413,12.65774,26.976,73.21286,197.89373
mp-861901,LiGaCu2,Cubic,12.33306,6.85849,36.374,95.73637,334.51074
mp-862730,LiGaRh2,Cubic,12.81296,9.15207,59.775,158.16465,366.45138
mp-861881,LiGeAu2,Cubic,16.21278,12.12452,17.072,47.73331,159.23255
mp-861882,LiGeIr2,Cubic,12.79114,15.05954,107.147,274.08203,380.01348
mp-29633,LiGePd2,Cubic,13.66172,8.88571,37.662,102.44064,290.25043
mp-13322,LiGeRh2,Cubic,12.61081,9.39481,90.626,230.55254,444.6302
mp-862684,LiHf2Os,Cubic,17.19694,13.37723,59.172,156.33242,272.40498
mp-861875,LiHf2Re,Cubic,17.46848,13.07368,44.212,119.81452,237.99254
mp-862610,LiHfIr2,Cubic,14.98638,15.78572,62.733,168.12444,271.36189
mp-867834,LiHfPt2,Cubic,15.90437,15.02425,23.595,67.19856,169.14939
mp-867148,LiHfRh2,Cubic,14.75521,11.00751,55.025,146.5866,305.92813
mp-861896,LiHg2Pd,Cubic,17.69064,12.0744,11.597,32.95867,127.84277
mp-862737,LiHgPd2,Cubic,15.93297,10.9528,22.7,63.1968,193.62676
mp-862677,LiHoTl2,Cubic,23.8334,10.11366,19.632,51.0432,161.99644
mp-31208,LiIn2Ir,Cubic,17.0422,10.44509,40.176,106.78781,255.56864
mp-20801,LiIn2Pd,Cubic,17.63179,8.07575,18.833,51.71542,198.30858
mp-20265,LiIn2Pt,Cubic,17.50678,10.23589,28.966,77.62888,217.98553
mp-13396,LiIn2Rh,Cubic,16.9431,8.3179,37.101,97.87244,275.51229
mp-567787,LiInAg2,Cubic,17.72072,7.90634,20.019,54.09134,205.68089
mp-867287,LiInAu2,Cubic,17.51749,12.22103,20.793,57.18075,169.8117
mp-861624,LiLaHg2,Cubic,24.97821,9.09151,9.091,25.54571,115.79179
mp-976426,LiLuHg2,Cubic,20.84334,11.61331,16.026,43.78303,144.12232
mp-864598,LiMg2Ag,Cubic,18.13153,3.7416,22.76,58.40216,313.18677
mp-864630,LiMg2Hg,Cubic,18.89838,5.62657,22.643,57.69436,251.22195
mp-977380,LiMg2Pd,Cubic,16.64278,4.04018,25.898,67.59378,331.48115
mp-864614,LiMg2Pt,Cubic,16.18469,6.42875,34.393,88.73394,305.0697
mp-864601,LiMg2Rh,Cubic,15.88634,4.14072,29.172,76.31395,353.11768
mp-864762,LiMg2Zn,Cubic,17.66147,2.84318,26.795,65.80852,390.77589
mp-977418,LiMgAu2,Cubic,16.1634,10.92015,18.185,50.15423,172.80905
mp-977399,LiMgPd2,Cubic,14.39199,7.04062,40.498,104.80882,329.57905
mp-864597,LiMgTl2,Cubic,22.7088,8.04378,13.128,34.3691,151.2936
mp-861629,LiMnPd2,Cubic,14.13895,8.06605,43.455,114.28665,320.87318
mp-861658,LiMnPt2,Cubic,13.91881,13.48251,50.068,133.58142,268.24793
mp-977563,LiNbIr2,Cubic,14.50856,13.85679,85.649,226.11336,340.70696
mp-864631,LiNbRh2,Cubic,14.32853,8.85572,56.338,152.67598,348.99234
mp-861660,LiNdHg2,Cubic,23.61561,9.70989,9.543,26.87309,117.11512
mp-16349,LiNi2Ge,Cubic,11.04868,7.40072,46.128,123.99206,377.48623
mp-13915,LiNi2Sn,Cubic,13.10674,7.69783,29.525,81.489,280.84778
mp-861947,LiPm2Ga,Cubic,25.16572,6.04851,25.461,63.29605,231.36297
mp-861955,LiPm2Ge,Cubic,24.10838,6.36401,26.487,68.01862,234.77281
mp-861956,LiPm2Ir,Cubic,22.51029,9.02105,28.359,75.43494,210.0798
mp-862841,LiPm2Os,Cubic,22.15156,9.1299,31.331,82.46319,220.27293
mp-862842,LiPm2Pt,Cubic,23.45616,8.70802,20.936,56.61094,181.70392
mp-863675,LiPm2Ru,Cubic,22.30811,7.40664,24.444,65.21659,216.05841
mp-863697,LiPm2Si,Cubic,23.6171,5.71322,30.263,76.86802,265.85823
mp-862927,LiPmHg2,Cubic,23.17602,9.90765,11.196,31.23684,126.1954
mp-862928,LiPmTl2,Cubic,25.16015,9.2515,15.462,41.28354,148.22817
mp-865738,LiPrHg2,Cubic,24.08214,9.46431,9.986,28.00074,120.41401
mp-861663,LiRh2Pb,Cubic,15.4555,11.27992,52.058,137.22489,289.01581
mp-861666,LiRu2W,Cubic,13.58331,12.0085,82.095,219.19365,367.38547
mp-861736,LiSbPd2,Cubic,15.79151,8.9786,33.967,92.18644,260.89004
mp-861616,LiSc2Ir,Cubic,17.37713,6.9058,38.644,102.63846,305.26623
mp-862887,LiSc2Os,Cubic,17.31474,6.88304,40.992,108.05491,314.82178
mp-865444,LiSc2Pt,Cubic,17.87465,6.78017,37.52,98.82768,300.38502
mp-865793,LiSc2Rh,Cubic,17.5887,4.71477,30.034,80.61126,325.03295
mp-865795,LiSc2Ru,Cubic,17.3839,4.72648,34.245,90.88623,347.24542
mp-865936,LiSc2Tc,Cubic,17.79569,4.54549,32.676,86.5914,342.94988
mp-862815,LiScAu2,Cubic,17.45139,10.60543,15.743,44.39526,159.26372
mp-863659,LiScHg2,Cubic,19.60849,9.59217,15.302,42.14171,158.16938
mp-865231,LiScTl2,Cubic,21.87396,8.7427,22.125,56.994,189.92186
mp-865933,LiSiIr2,Cubic,12.06543,14.43236,127.917,323.88584,431.4334
mp-10181,LiSiNi2,Cubic,10.30973,6.13712,65.605,171.75389,503.23251
mp-864997,LiSiPd2,Cubic,12.88638,7.98502,50.183,134.39007,359.05531
mp-867902,LiSiRh2,Cubic,11.87813,8.41715,102.23,259.25528,508.45944
mp-866150,LiSm2Os,Cubic,21.79704,9.48256,31.695,83.23107,218.49136
mp-865812,LiSmHg2,Cubic,22.91547,10.11739,10.941,30.61292,123.97571
mp-865116,LiSmTl2,Cubic,24.94272,9.42136,15.962,42.45892,149.55712
mp-7243,LiSnPd2,Cubic,15.62802,8.9915,25.46,70.82972,227.58892
mp-864784,LiSnRh2,Cubic,14.53995,9.46368,67.926,175.92834,366.68089
mp-977561,LiTaIr2,Cubic,14.35189,16.55469,100.908,262.96625,339.08358
mp-861951,LiTaRh2,Cubic,14.14634,11.55342,67.999,181.82933,336.54167
mp-867285,LiTb2Ir,Cubic,21.00539,10.21777,33.159,87.60608,218.22946
mp-864804,LiTbHg2,Cubic,22.02862,10.68613,4.747,13.82326,81.15931
mp-977542,LiTbTl2,Cubic,24.25432,9.83537,17.115,45.21783,152.78527
mp-864930,LiTiIr2,Cubic,13.50655,13.50046,77.224,204.02581,335.9969
mp-863727,LiTiRh2,Cubic,13.37181,8.09105,60.474,160.498,386.08547
mp-989512,LiTl2InCl6,Cubic,26.85275,4.59612,10.42,27.13368,167.27994
mp-989551,LiTl2InF6,Cubic,15.72461,6.80617,13.628,36.85011,189.07424
mp-867873,LiTm2Al,Cubic,22.98602,6.71466,35.568,87.42614,267.3074
mp-861933,LiTmHg2,Cubic,21.14923,11.32692,15.603,42.72101,143.32784
mp-867927,LiVIr2,Cubic,12.78144,14.36621,108.216,279.41371,391.24345
mp-867829,LiVRh2,Cubic,12.64854,8.65463,80.647,210.32738,437.94058
mp-862555,LiY2Al,Cubic,24.43481,3.59726,33.33,81.92514,345.74307
mp-867235,LiY2Ir,Cubic,20.99032,7.45549,32.546,86.05162,253.10695
mp-862719,LiY2Os,Cubic,20.82524,7.47498,34.286,90.03504,259.74858
mp-862673,LiY2Ru,Cubic,21.02172,5.6444,29.28,77.24064,275.54414
mp-867810,LiYHg2,Cubic,21.99814,9.37957,12.474,34.65277,139.20809
mp-867807,LiYTl2,Cubic,24.33301,8.60899,16.305,43.27347,159.21171
mp-864763,LiYb2Rh,Cubic,19.72654,9.59474,20.811,53.56751,183.3692
mp-867255,LiZn2Au,Cubic,14.56312,9.54165,20.303,56.1987,202.35966
mp-867253,LiZn2Ir,Cubic,13.38767,10.23214,40.679,109.34515,282.54859
mp-867252,LiZn2Ni,Cubic,12.17389,6.69911,35.747,83.21902,331.47422
mp-867250,LiZn2Pd,Cubic,13.75147,7.37137,26.455,72.11633,266.98269
mp-867251,LiZn2Pt,Cubic,13.76324,10.0394,31.667,86.26091,250.02607
mp-865912,LiZn2Rh,Cubic,13.2497,7.54041,37.415,100.04771,316.75748
mp-861625,LiZnAg2,Cubic,15.18881,7.87387,15.67,43.53126,193.46431
mp-867258,LiZnPd2,Cubic,13.42998,8.81552,50.885,132.19923,338.26694
mp-865870,LiZr2Os,Cubic,17.8618,8.82291,47.3,127.0478,296.7029
mp-865893,LiZr2Tc,Cubic,18.01239,6.6235,26.476,73.86804,257.31874
mp-865925,LiZrIr2,Cubic,15.29836,13.09576,53.838,145.68563,274.71888
mp-865868,LiZrRh2,Cubic,15.10384,8.35489,45.895,123.9165,319.00738
mp-865446,Lu2AgHg,Cubic,22.78049,11.99805,29.755,78.61271,186.24258
mp-865459,Lu2AgRu,Cubic,19.73643,11.75528,39.928,105.56963,228.51638
mp-973956,Lu2CdAg,Cubic,23.06509,10.26292,28.195,74.09646,194.9641
mp-866211,Lu2CdIn,Cubic,24.33131,9.84741,20.582,55.40674,167.71021
mp-865325,Lu2CoRu,Cubic,17.46362,12.12192,56.419,146.12521,277.56917
mp-865847,Lu2CuPt,Cubic,19.20067,13.15767,42.41,111.62312,224.59336
mp-865505,Lu2InAg,Cubic,23.5016,10.11483,32.13,83.538,207.86268
mp-865321,Lu2IrRu,Cubic,18.18509,14.68364,66.037,170.77168,269.0816
mp-865240,Lu2MgIn,Cubic,24.58916,8.25667,32.495,81.56245,226.46206
mp-865320,Lu2PdRu,Cubic,18.8035,12.30654,46.14,122.17872,243.92983
mp-866131,Lu2TlAg,Cubic,23.55859,11.66862,29.72,77.45032,186.31985
mp-866133,Lu2TlCd,Cubic,24.71722,11.19795,21.558,57.77544,159.9759
mp-973653,Lu2ZnAg,Cubic,21.4126,10.14371,32.871,85.26737,216.64245
mp-1104289,LuB12,Cubic,7.92862,4.90885,195.974,450.34825,1036.9368
mp-865796,LuCdRh2,Cubic,17.21275,11.89467,53.675,141.37995,275.65357
mp-865609,LuGaRh2,Cubic,15.72779,11.89097,60.379,159.64208,301.60424
mp-865846,LuHfRu2,Cubic,17.29003,13.33992,74.76,194.67504,305.69677
mp-4972,LuInCu2,Cubic,17.03087,10.16156,42.279,109.58717,265.21153
mp-865884,LuInRh2,Cubic,17.24222,11.93229,43.403,117.88255,248.66104
mp-1102,LuN,Cubic,13.1773,11.90677,146.135,344.29406,488.03804
mp-865255,LuNbRu2,Cubic,16.82645,11.59596,79.038,207.23764,340.27053
mp-10192,LuP,Cubic,21.06705,8.11629,65.526,157.0003,338.57479
mp-656,LuS,Cubic,19.16739,8.96796,42.384,111.97853,271.66248
mp-516,LuSb,Cubic,28.07592,8.7749,36.872,92.54872,223.46754
mp-865379,LuSnRu2,Cubic,17.10191,12.03555,71.105,185.29963,315.1417
mp-866127,LuTaOs2,Cubic,16.87869,18.11129,102.576,266.08214,309.34086
mp-866125,LuTaRu2,Cubic,16.69074,13.88003,87.342,227.26388,327.55405
mp-865563,LuZnPd2,Cubic,16.83916,11.1731,18.066,51.41584,168.686
mp-865566,LuZnRh2,Cubic,15.72414,11.77983,56.941,150.21036,294.24345
mp-865434,LuZrRu2,Cubic,17.62018,11.03396,72.197,187.85659,328.11586
mp-864978,Mg2AgAu,Cubic,17.55789,8.35677,33.934,88.16053,259.47638
mp-864932,Mg2AgPt,Cubic,16.50829,8.84075,30.478,81.55913,245.15746
mp-864933,Mg2AgRh,Cubic,16.06632,6.70217,20.608,57.37267,235.30431
mp-23804,Mg2FeH6,Cubic,7.12946,2.85971,61.863,146.24413,795.84005
mp-408,Mg2Ge,Cubic,21.52529,3.11789,42.782,99.5965,437.99663
mp-643002,Mg2H6Os,Cubic,8.11472,5.56801,56.035,134.93228,520.86204
mp-697030,Mg2H6Ru,Cubic,7.96827,3.60585,53.259,129.20633,635.62086
mp-20724,Mg2Pb,Cubic,26.52925,5.33729,21.217,52.7879,222.38098
mp-864969,Mg2PdRh,Cubic,15.0378,7.12059,58.013,147.23699,385.48873
mp-864940,Mg2PtRh,Cubic,14.9174,9.64548,58.45,150.9179,334.24485
mp-978256,Mg2TlPb,Cubic,25.05397,7.62523,4.935,14.14371,93.69008
mp-865919,MgAlAg2,Cubic,16.80508,6.59625,21.024,58.02624,235.65152
mp-865921,MgAlIr2,Cubic,13.91751,12.99677,106.717,269.35371,396.01891
mp-865152,MgAlPd2,Cubic,14.77932,7.41902,40.012,108.43252,318.61986
mp-865155,MgAlRh2,Cubic,13.80476,7.7314,85.611,217.1095,461.7779
mp-30727,MgCdAg2,Cubic,18.34724,7.97478,25.347,67.82857,227.32957
mp-865187,MgFeRh2,Cubic,13.87954,8.55304,73.504,190.22835,407.22718
mp-865183,MgGaAg2,Cubic,17.00371,7.5627,15.528,43.32312,188.98923
mp-865186,MgGaIr2,Cubic,14.08453,14.10244,96.083,246.16465,360.32892
mp-865092,MgGaNi2,Cubic,12.48836,7.02779,40.522,109.00418,348.63104
mp-865123,MgGaPd2,Cubic,14.8878,8.55678,31.091,85.87334,261.95439
mp-865125,MgGaRh2,Cubic,13.88368,8.96546,80.766,206.4379,416.66976
mp-865162,MgGeRh2,Cubic,13.8685,9.06259,58.759,157.3566,356.25596
mp-973088,MgInAg2,Cubic,18.75838,7.85326,19.238,52.7506,198.95366
mp-19929,MgInNi2,Cubic,14.31952,7.43643,41.076,109.18001,325.07956
mp-865043,MgInPd2,Cubic,16.64348,8.77894,28.094,77.65182,236.68408
mp-977438,MgInRh2,Cubic,15.65802,9.14509,68.715,176.59755,365.52242
mp-977463,MgMnRh2,Cubic,14.27911,8.28734,56.653,149.33731,360.22036
mp-977430,MgNbRu2,Cubic,15.2523,8.69206,81.355,213.47552,411.99332
mp-30774,MgNi2Sn,Cubic,14.26734,7.57687,51.674,134.97249,360.42378
mp-1315,MgS,Cubic,17.66533,2.64939,51.763,125.99114,559.97476
mp-977580,MgSc2Al,Cubic,20.79243,2.81912,43.212,105.95582,469.6713
mp-866077,MgSc2Cd,Cubic,22.38227,4.20338,33.262,83.75372,330.85412
mp-866080,MgSc2Tl,Cubic,22.64003,5.84195,23.613,62.43277,237.52443
mp-977554,MgScAg2,Cubic,18.91273,6.25569,28.927,76.5987,270.43117
mp-977566,MgScPd2,Cubic,16.92417,6.91968,30.299,82.71627,274.38339
mp-866069,MgScRh2,Cubic,15.66433,7.28993,60.221,156.09283,383.42377
mp-866086,MgSiIr2,Cubic,13.38132,13.5518,97.486,253.85354,377.43552
mp-866087,MgSiRh2,Cubic,13.20326,8.11833,75.943,199.5782,433.31892
mp-864883,MgSnPd2,Cubic,16.71372,8.83871,33.55,91.5244,256.85462
mp-866073,MgSnRh2,Cubic,15.55425,9.30998,26.257,74.35982,228.40217
mp-866071,MgTaOs2,Cubic,15.35287,15.83741,100.834,263.78174,338.94551
mp-864903,MgTaRu2,Cubic,15.09375,11.20483,91.46,237.796,385.76578
mp-864908,MgTiIr2,Cubic,14.57054,13.00933,107.865,272.46699,391.70566
mp-864919,MgTiRh2,Cubic,14.49508,7.96135,76.667,198.56753,424.89361
mp-864902,MgTlRh2,Cubic,16.17641,11.15055,56.136,147.41314,297.15961
mp-11236,MgZnAg2,Cubic,16.55358,7.66016,24.529,66.37547,236.77947
mp-864922,MgZnAu2,Cubic,16.44531,12.20888,25.037,69.05205,190.50279
mp-977547,MgZnRh2,Cubic,13.97675,8.77763,62.854,164.04894,371.99501
mp-864920,MgZrAu2,Cubic,18.73122,11.29106,36.177,98.18438,226.81359
mp-864921,MgZrIr2,Cubic,16.28507,12.74493,83.49,216.57306,336.97389
mp-864907,MgZrPd2,Cubic,17.32111,7.87001,41.79,112.49868,299.1409
mp-864910,MgZrRh2,Cubic,16.15047,8.25978,63.086,165.91618,365.94777
mp-864988,Mn2AlCr,Cubic,14.48517,5.41241,102.349,261.19465,571.33989
mp-864989,Mn2AlRe,Cubic,12.18162,11.00965,128.084,329.17588,494.04196
mp-864990,Mn2AlW,Cubic,12.57404,10.58791,126.511,322.35003,494.52424
mp-864955,Mn2CrCo,Cubic,12.74113,7.19434,93.542,233.10666,504.32518
mp-865011,Mn2NbAl,Cubic,13.43243,7.10095,100.021,256.45384,524.78854
mp-865032,Mn2PtRh,Cubic,14.47778,11.69511,77.815,203.25278,353.25086
mp-21235,Mn2VGa,Cubic,13.89342,6.88854,81.286,212.96932,466.49431
mp-865554,Mn2VGe,Cubic,11.75927,8.2417,110.157,283.98475,535.61419
mp-865026,Mn2VSi,Cubic,11.17855,7.01524,131.761,334.67294,644.20215
mp-865027,Mn3Ge,Cubic,11.97424,8.2323,84.368,221.38163,465.92078
mp-5491,MnAlAu2,Cubic,16.11055,12.26171,15.261,43.95168,150.10888
mp-864950,MnAlIr2,Cubic,13.70383,14.12741,102.886,268.32669,376.2506
mp-4922,MnAlNi2,Cubic,11.97693,6.9082,52.165,141.05416,403.20893
mp-10894,MnAlRh2,Cubic,13.5929,8.78746,94.704,242.82106,457.64585
mp-864980,MnAlRu2,Cubic,13.17547,8.95019,130.613,326.79373,535.96298
mp-864943,MnBe2Ir,Cubic,10.66547,10.32165,108.004,273.25012,486.46833
mp-864945,MnBe2Rh,Cubic,10.57289,6.90529,98.352,247.65034,569.13755
mp-19850,MnCo2Ge,Cubic,11.48895,8.86874,93.978,243.40302,481.6243
mp-4492,MnCo2Si,Cubic,10.88764,7.65973,111.468,285.80395,573.55183
mp-864946,MnCuPd2,Cubic,14.08,9.76876,48.766,131.3756,310.86731
mp-21171,MnGaCo2,Cubic,11.44638,8.79593,85.891,223.3166,462.86788
mp-864949,MnGaRh2,Cubic,13.68611,10.02407,86,223.944,408.7646
mp-864936,MnGeRu2,Cubic,13.3199,10.27616,109.437,283.00408,458.92668
mp-864968,MnInRh2,Cubic,15.32479,10.17377,66.691,175.13057,344.51736
mp-864992,MnNbRu2,Cubic,14.90052,9.75071,89.826,236.96099,411.76189
mp-2065,MnS,Cubic,17.23264,4.19181,34.361,86.65844,364.75629
mp-864957,MnSbRu2,Cubic,14.95366,10.51708,93.704,243.25558,404.04319
mp-864966,MnSiRu2,Cubic,12.73725,9.29411,124.181,319.14517,521.15171
mp-864970,MnSiTc2,Cubic,13.00801,8.9047,102.98,271.8672,483.3499
mp-20481,MnSnPd2,Cubic,16.33262,9.82357,28.853,80.61528,228.23205
mp-4990,MnSnRh2,Cubic,15.34298,10.26702,39.345,109.53648,266.18755
mp-864971,MnSnRu2,Cubic,14.97636,10.41659,80.201,209.00381,376.68798
mp-864953,MnV2Cr,Cubic,12.75393,6.7969,93.042,246.18913,523.79858
mp-864983,MnVRu2,Cubic,13.48241,9.48418,98.864,259.22141,452.59151
mp-864985,MnZnIr2,Cubic,13.57469,15.43698,78.633,211.3655,317.35311
mp-690785,Na2H6Pt,Cubic,10.62336,4.29178,15.848,38.44725,289.85108
mp-648,Na2S,Cubic,22.86756,1.88908,19.193,46.94608,372.08519
mp-1266,Na2Se,Cubic,25.73785,2.68692,15.694,38.63863,271.84987
mp-2784,Na2Te,Cubic,31.96668,3.00558,11.389,28.54083,203.76306
mp-864898,Na2TlBi,Cubic,27.78755,6.8624,16.745,40.28847,170.81921
mp-866132,Na2TlSb,Cubic,26.69752,5.78635,18.578,44.51289,198.30955
mp-865090,NaAcTl2,Cubic,31.28802,8.74049,12.636,33.38431,127.80991
mp-865051,NaCa2Tl,Cubic,30.44136,4.19383,14.702,36.34334,198.81716
mp-865076,NaCd2Pt,Cubic,18.75091,9.80547,22.098,59.92978,190.50621
mp-865117,NaErTl2,Cubic,25.76284,9.65236,23.846,59.13808,176.95662
mp-23870,NaH,Cubic,13.59069,1.46605,19.487,45.7165,503.82317
mp-865097,NaHgPd2,Cubic,17.36944,10.43056,24.87,67.59666,201.06676
mp-865096,NaHoTl2,Cubic,25.92706,9.55393,23.742,58.97513,177.10937
mp-865100,NaInHg2,Cubic,24.04767,9.30454,9.66,25.75356,119.24089
mp-865098,NaLaAu2,Cubic,23.93141,9.64187,16.143,44.13496,151.35812
mp-5077,NaLi2Sb,Cubic,19.61428,3.35743,22.606,53.8927,317.25558
mp-865107,NaMgPb2,Cubic,26.18911,7.31852,7.06,18.37012,110.83779
mp-865110,NaMgTl2,Cubic,25.11457,7.53853,13,33.228,150.09498
mp-865115,NaNdHg2,Cubic,25.44615,9.27321,14.872,39.91645,144.77843
mp-10474,NaPF6,Cubic,14.31672,2.43504,10.027,26.3309,281.63915
mp-862942,NaPmAu2,Cubic,22.51281,10.36182,18.208,49.52576,158.24214
mp-862943,NaPmHg2,Cubic,25.03889,9.43661,14.658,39.48865,143.38685
mp-862945,NaPmTe2,Cubic,29.20186,6.01608,12.633,34.63969,158.20412
mp-862949,NaPmTl2,Cubic,27.21438,8.79798,18.771,48.05376,162.12155
mp-865119,NaPrHg2,Cubic,25.8623,9.07047,14.842,39.80624,145.38729
mp-865111,NaSmAu2,Cubic,22.27842,10.57072,18.192,49.55501,157.17282
mp-865127,NaTl2Cd,Cubic,26.10032,8.65517,7.617,20.64207,106.96584
mp-989561,NaTl2GaF6,Cubic,15.71758,6.50235,18.37,48.16614,223.62112
mp-989533,NaTl2InF6,Cubic,17.2335,6.36489,17.814,46.53017,215.58016
mp-866128,NaTmTl2,Cubic,25.61847,9.7339,23.164,57.63203,174.07262
mp-977434,Nb3Ru,Cubic,16.87817,9.34128,88.985,233.67461,401.34205
mp-3640,Nb6Si7Ni16,Cubic,12.06203,8.03751,105.841,273.28146,527.8943
mp-865280,NbAlFe2,Cubic,12.7685,7.52916,126.798,316.48781,582.06233
mp-865278,NbAlOs2,Cubic,14.98631,13.86011,129.33,332.89542,412.26477
mp-4364,NbGaCo2,Cubic,13.0951,8.89215,82.303,216.29228,431.24217
mp-977401,NbGaRu2,Cubic,14.73245,10.27857,106.447,277.18799,438.05623
mp-24154,NbH2,Cubic,7.94905,6.60968,70.17,186.23118,545.41681
mp-864788,NbInRu2,Cubic,16.08156,10.58038,96.619,251.40264,399.36406
mp-864672,NbSiTc2,Cubic,14.58715,9.02125,86.818,233.01951,425.62177
mp-864857,NbZnCo2,Cubic,12.85205,8.92097,69.361,185.74876,399.14712
mp-864840,NbZnRu2,Cubic,14.66418,10.20429,77.859,208.81784,378.56615
mp-866067,Nd2CdIn,Cubic,28.86533,7.41687,21.146,55.69856,183.82421
mp-864610,Nd2MgAl,Cubic,27.36544,5.15433,27.158,68.2209,251.91997
mp-864612,Nd2MgIn,Cubic,29.03833,6.11311,22.87,58.91312,209.15319
mp-864893,NdAgHg2,Cubic,23.21055,11.68449,16.75,46.2635,141.79685
mp-2602,NdAs,Cubic,27.60816,6.59098,45.687,112.93826,287.44049
mp-23300,NdBi,Cubic,34.54974,8.48834,27.498,69.78992,183.16843
mp-866063,NdDyMg2,Cubic,28.26727,5.21872,22.984,57.87371,227.86481
mp-24096,NdH2,Cubic,13.77602,5.87656,40.995,103.14342,364.82055
mp-975933,NdHoIn2,Cubic,27.34694,8.17927,21.051,56.03776,178.26785
mp-568139,NdInAu2,Cubic,22.26923,12.17286,20.018,55.4899,154.04827
mp-1787,NdMg3,Cubic,25.21478,3.57526,26.322,64.43626,305.51457
mp-864924,NdMgHg2,Cubic,24.1256,9.80343,23.305,61.66503,178.74338
mp-864925,NdMgZn2,Cubic,20.82395,5.96798,32.136,80.98272,280.19251
mp-2823,NdP,Cubic,25.78437,5.64203,51.947,127.68573,338.30213
mp-865597,NdPbAu2,Cubic,23.58867,13.11779,19.233,53.19848,142.61477
mp-1748,NdS,Cubic,23.80078,6.15032,36.997,97.15412,284.09713
mp-1586,NdSb,Cubic,32.87263,6.71846,31.963,81.12209,225.46961
mp-1453,NdSe,Cubic,26.64957,6.95388,28.425,75.55365,226.14874
mp-975049,NdSmHg2,Cubic,27.27305,10.59079,18.171,49.31609,146.38264
mp-864668,NdSnAu2,Cubic,22.60919,12.06128,18.058,50.49017,146.51199
mp-570,NdTe,Cubic,32.22693,7.00353,21.328,57.03107,183.258
mp-111,Ne,Cubic,18.45619,1.81561,0.597,1.68593,75.63366
mp-24719,NiH,Cubic,6.21602,7.97427,66.268,179.05614,528.34522
mp-2596,NpN,Cubic,15.19218,13.7178,85.399,215.54708,330.69874
mp-2616,NpO2,Cubic,13.29004,11.20345,81.895,215.22006,379.30721
mp-627,NpSe,Cubic,25.01271,10.48795,34.822,90.67649,206.92788
mp-2082,PIr2,Cubic,14.30388,16.07491,95.703,257.34537,337.37524
mp-2732,PRh2,Cubic,13.94244,9.40032,80.823,216.44399,409.14567
mp-865149,PaAlRu2,Cubic,17.19697,11.1082,15.527,45.27673,155.95212
mp-865148,PaAlTc2,Cubic,17.02591,11.07009,42.333,117.85507,256.66984
mp-15694,PaAs,Cubic,24.15262,10.51758,54.249,140.8304,261.54145
mp-567580,PaC,Cubic,16.45976,12.25985,76.83,199.60434,326.98037
mp-861974,PaCdPt2,Cubic,19.79762,15.38311,32.81,91.5399,182.40987
mp-1009545,PaN,Cubic,15.12321,13.45292,88.72,234.93056,346.69835
mp-2364,PaO2,Cubic,13.37301,10.88709,104.185,267.54708,433.42757
mp-862831,PaTiTc2,Cubic,17.43623,11.30684,49.108,134.55592,270.34903
mp-862843,PaZnRu2,Cubic,16.75538,12.35304,34.878,98.14669,222.32975
mp-315,PbF2,Cubic,17.25363,7.86615,24.288,65.09184,228.83588
mp-21276,PbS,Cubic,26.67945,7.44597,10.789,30.57603,136.48086
mp-2201,PbSe,Cubic,29.52722,8.04647,27.177,68.21427,197.31796
mp-862979,Pm2AgGe,Cubic,24.64929,7.92414,23.361,62.51404,197.82878
mp-862977,Pm2AgIr,Cubic,23.08995,10.60915,23.457,64.55366,176.00727
mp-862989,Pm2AgPt,Cubic,23.827,10.33093,22.251,61.01224,171.7665
mp-862990,Pm2AgSn,Cubic,27.03903,7.93111,21.122,56.81818,182.24876
mp-862994,Pm2CdGe,Cubic,25.65141,7.68808,20.724,55.62322,186.52997
mp-862996,Pm2CdIn,Cubic,28.19506,7.61551,23.145,60.54732,191.13164
mp-863654,Pm2CdSi,Cubic,25.17563,7.09869,21.073,56.81281,197.02903
mp-863655,Pm2CdSn,Cubic,27.75719,7.79385,19.511,52.48459,175.192
mp-863664,Pm2CuGe,Cubic,23.19903,7.62638,24.887,66.34874,212.17996
mp-863668,Pm2CuOs,Cubic,21.50658,10.49634,35.405,94.1773,221.13586
mp-863669,Pm2CuPt,Cubic,22.49185,10.12613,26.778,72.35416,193.48273
mp-863671,Pm2CuRu,Cubic,21.49639,8.77947,31.005,82.72134,226.50093
mp-865547,Pm2CuSi,Cubic,22.86875,6.92773,27.721,73.23888,235.33883
mp-863676,Pm2CuSn,Cubic,25.7344,7.6182,19.596,53.14435,182.37431
mp-863684,Pm2GeAu,Cubic,24.65763,9.42151,22.807,61.80697,179.60783
mp-863685,Pm2GePd,Cubic,23.77335,8.19082,21.327,58.35067,188.80863
mp-863686,Pm2HgGe,Cubic,25.59854,9.13397,21.386,57.7422,174.29054
mp-982613,Pm2InHg,Cubic,27.94448,8.99376,19.899,53.32932,164.38819
mp-863715,Pm2IrAu,Cubic,22.99001,12.26414,26.464,72.67014,174.04052
mp-863716,Pm2IrPd,Cubic,22.08758,11.0634,32.964,88.93687,206.54957
mp-863740,Pm2IrRu,Cubic,21.23787,11.40146,38.388,103.3405,222.3025
mp-863698,Pm2MgAl,Cubic,26.70593,5.30519,29.34,73.35,260.18763
mp-863705,Pm2MgGa,Cubic,26.05881,6.11783,26.907,68.12852,234.6993
mp-863696,Pm2MgSi,Cubic,24.93964,5.69929,23.108,60.82026,229.84774
mp-863703,Pm2MgSn,Cubic,27.87557,6.44864,19.158,50.96028,190.07406
mp-863704,Pm2MgTl,Cubic,28.70186,7.50215,20.753,54.12382,181.09116
mp-863713,Pm2NiIr,Cubic,21.06084,10.662,34.119,91.71187,217.38814
mp-863717,Pm2NiRu,Cubic,20.76521,8.9916,28.709,77.80139,218.49326
mp-863725,Pm2PdPt,Cubic,22.78138,10.77871,26.998,73.59655,187.78274
mp-863741,Pm2PdRu,Cubic,21.86303,9.44633,28.348,77.16326,208.33677
mp-982772,Pm2PtAu,Cubic,23.66576,11.96424,24.629,67.53272,168.31486
mp-863732,Pm2PtRh,Cubic,22.06329,11.0634,33.757,90.73882,208.96697
mp-863733,Pm2RuAu,Cubic,22.78064,10.71587,28.354,77.06617,192.95418
mp-863743,Pm2SiAg,Cubic,24.3402,7.26486,25.639,68.25102,216.83591
mp-865545,Pm2SiAu,Cubic,24.38433,8.76858,22.913,62.32336,187.24811
mp-866204,Pm2SiHg,Cubic,25.30189,8.51004,21.006,57.01028,179.61425
mp-865468,Pm2SiPd,Cubic,23.51803,7.49327,23.479,63.81592,207.37841
mp-865467,Pm2SnAu,Cubic,26.7986,9.38248,19.943,54.36462,163.78779
mp-977372,Pm2SnHg,Cubic,27.77976,9.10525,19.612,52.9524,162.54216
mp-864628,Pm2SnPd,Cubic,26.03628,8.21348,14.374,40.27595,150.73795
mp-864629,Pm2TlCd,Cubic,28.29901,8.90142,19.813,52.78183,164.06357
mp-982393,Pm2ZnAg,Cubic,24.95309,7.70736,21.588,57.51043,191.89398
mp-977546,Pm2ZnGa,Cubic,24.4033,7.2321,28.549,73.31383,227.91503
mp-862742,Pm2ZnGe,Cubic,23.99039,7.40705,26.438,69.42619,218.6356
mp-982387,Pm2ZnHg,Cubic,25.8538,8.92768,20.8,55.536,173.06328
mp-983236,Pm2ZnOs,Cubic,22.29298,10.16076,28.611,77.42137,200.23024
mp-862727,Pm2ZnPb,Cubic,27.07465,8.62647,19.066,51.17314,165.94037
mp-983154,Pm2ZnPt,Cubic,23.35343,9.78566,25.95,69.9093,191.1882
mp-983229,Pm2ZnRh,Cubic,22.69417,8.38375,24.411,66.05617,202.48526
mp-862728,Pm2ZnRu,Cubic,22.31134,8.49345,22.938,62.71249,196.52559
mp-862733,Pm2ZnSi,Cubic,23.54698,6.76103,27.683,72.69556,235.40646
mp-862734,Pm2ZnSn,Cubic,26.31794,7.47867,21.841,58.22811,192.2838
mp-862872,PmAgAu2,Cubic,21.28558,12.61463,10.746,30.92699,113.35561
mp-862874,PmAgHg2,Cubic,22.83534,11.89026,17.984,49.49197,146.38056
mp-862837,PmAlAg2,Cubic,20.64439,7.79656,15.124,42.58918,172.03356
mp-862838,PmAlCu2,Cubic,17.41529,7.12913,12.642,36.15612,174.6457
mp-862879,PmBiAu2,Cubic,23.74665,13.07489,9.199,26.58511,99.34237
mp-862880,PmBiPd2,Cubic,21.28492,11.0551,10.223,29.56492,118.15814
mp-862899,PmCd3,Cubic,23.53,8.50793,23.661,62.18111,194.9363
mp-862891,PmCdAu2,Cubic,21.78294,12.41318,6.423,18.75516,87.93853
mp-862892,PmCdHg2,Cubic,23.84521,11.46578,16.513,45.41075,140.76352
mp-862898,PmCdPd2,Cubic,20.08,9.72199,19.041,53.35288,174.34897
mp-862897,PmCdPt2,Cubic,20.18719,13.31699,17.543,49.92738,143.05277
mp-983427,PmDyHg2,Cubic,26.27645,11.19625,17.988,49.10724,143.57636
mp-983428,PmDyIn2,Cubic,27.1687,8.20738,21.872,58.04829,181.72058
mp-862902,PmDyMg2,Cubic,27.98569,5.28247,22.558,57.02662,225.29689
mp-862912,PmHgAu2,Cubic,22.01953,13.94225,6.17,18.05342,81.00898
mp-862918,PmHoMg2,Cubic,27.86485,5.34159,22.248,56.33194,222.86745
mp-862923,PmInAg2,Cubic,21.93899,8.99855,23.111,62.58459,192.67383
mp-862936,PmMgAg2,Cubic,22.08588,7.23739,5.559,16.18781,106.53336
mp-862938,PmMgHg2,Cubic,23.73692,9.9772,24.499,64.57936,182.57139
mp-983063,PmSmHg2,Cubic,27.03941,10.69394,17.81,48.47882,144.67764
mp-862964,PmSmMg2,Cubic,28.6289,4.98775,23.357,58.43921,233.90021
mp-862956,PmSnAu2,Cubic,22.29735,12.24408,17.853,50.02411,145.32277
mp-862966,PmTlAg2,Cubic,22.36001,10.49198,18.899,51.70766,160.8207
mp-862969,PmYMg2,Cubic,28.35937,4.13557,22.085,55.87505,250.6082
mp-975788,Pr2AgHg,Cubic,27.57367,8.88685,17.233,46.77036,154.93584
mp-978085,Pr2TlAg,Cubic,28.60384,8.62184,15.917,43.32607,149.36969
mp-861594,Pr2TlCd,Cubic,29.65277,8.38045,17.214,46.20238,155.23031
mp-10622,PrAs,Cubic,28.32136,6.32725,44.49,110.24622,287.12938
mp-23171,PrBi,Cubic,35.34186,8.21975,27.031,68.60468,183.08243
mp-867177,PrCdHg2,Cubic,24.56057,11.06266,18.366,49.84532,149.23112
mp-862757,PrDyMg2,Cubic,28.48609,5.13004,23.289,58.45539,230.72075
mp-24095,PrH2,Cubic,14.27236,5.54288,39.792,99.9575,365.57757
mp-570683,PrInAg2,Cubic,22.63539,8.64665,21.183,57.57539,186.2492
mp-570611,PrInAu2,Cubic,22.62764,11.91887,18.309,50.97226,148.17908
mp-428,PrMg3,Cubic,25.48327,3.48327,27.868,67.32909,316.83679
mp-867178,PrMgCd2,Cubic,24.73835,6.54518,23.368,60.71006,216.35713
mp-862759,PrMgZn2,Cubic,21.21088,5.79385,26.176,67.79584,256.0899
mp-343,PrN,Cubic,17.71071,7.26231,87.521,215.30166,439.47724
mp-975883,PrNdHg2,Cubic,28.04771,10.15838,18.684,50.37206,149.95166
mp-975896,PrNdTl2,Cubic,29.80951,9.66365,16.497,44.67388,141.46769
mp-975822,PrNdZn2,Cubic,24.9132,6.93137,27.862,70.8252,228.16143
mp-601,PrP,Cubic,26.50347,5.3845,50.128,123.21462,337.02979
mp-2495,PrS,Cubic,24.47964,5.86667,35.905,94.35834,283.85003
mp-1785,PrSb,Cubic,33.66787,6.47754,31.033,78.26523,224.15803
mp-1674,PrSe,Cubic,27.37942,6.6674,27.766,73.7465,226.11651
mp-862805,PrSnAu2,Cubic,22.96569,11.81378,17.514,49.00417,145.0003
mp-2532,PrTe,Cubic,32.98585,6.75847,20.901,55.88927,183.1981
mp-861479,PrYMg2,Cubic,28.78694,4.01513,22.951,57.60701,257.80467
mp-2548,PuAs,Cubic,25.40816,10.42149,51.563,124.57621,248.59205
mp-22879,PuBi,Cubic,33.528,11.21737,20.475,54.34065,139.62293
mp-1719,PuN,Cubic,15.14689,14.14252,69.543,182.06357,298.08859
mp-1959,PuO2,Cubic,12.89467,11.84745,78.729,208.31693,367.21267
mp-989573,Rb2BrCl6F,Cubic,25.63442,3.12589,8.094,21.22247,183.39167
mp-989566,Rb2InGaF6,Cubic,18.81392,4.14357,10.4,28.5584,200.08761
mp-989583,Rb2LiInCl6,Cubic,27.45545,3.0568,10.025,25.9447,199.57968
mp-571648,Rb2MnCl6,Cubic,26.86178,3.01254,5.332,13.67125,149.34046
mp-989523,Rb2NaAsF6,Cubic,15.90255,3.99757,19.293,49.15856,292.9153
mp-560037,Rb2NaBiF6,Cubic,19.33124,4.4401,16.405,42.09523,237.42053
mp-13815,Rb2NaErF6,Cubic,17.98133,4.38814,19.848,50.01696,268.57673
mp-989578,Rb2NaInF6,Cubic,17.39121,4.03633,20.572,52.41746,288.5919
mp-14038,Rb2NaRhF6,Cubic,16.26568,4.19401,21.126,53.91355,293.47038
mp-989545,Rb2NaSbCl6,Cubic,31.91482,2.7493,9.127,23.43814,190.61849
mp-989541,Rb2NaSbF6,Cubic,18.61432,3.83304,17.354,44.42624,266.07565
mp-989548,Rb2NaTlF6,Cubic,18.18996,4.67672,17.791,45.61612,245.9616
mp-28084,Rb2PdBr6,Cubic,31.98064,4.36605,4.884,12.64956,111.99255
mp-28145,Rb2PdCl6,Cubic,27.24504,3.3188,6.046,15.28429,150.55169
mp-14088,Rb2PdF6,Cubic,16.98479,4.25116,8.333,20.41585,182.54005
mp-28110,Rb2PtI6,Cubic,40.71044,5.10971,3.938,10.24668,85.59101
mp-11327,Rb2Se,Cubic,43.59675,3.17272,6.979,17.89416,140.40894
mp-10492,Rb2SiF6,Cubic,16.19083,3.56696,8.245,21.30508,202.53367
mp-569028,Rb2SnBr6,Cubic,34.8194,4.07522,4.644,12.06511,109.8277
mp-441,Rb2Te,Cubic,52.30897,3.15899,5.849,14.98514,121.03233
mp-22975,Rb2TeCl6,Cubic,30.22548,3.12083,5.213,13.24102,139.3349
mp-27827,Rb2TiCl6,Cubic,27.71846,2.87236,5.044,12.88238,147.13713
mp-29481,Rb2WBr6,Cubic,32.85791,4.68421,4.388,11.4439,101.58696
mp-30227,Rb2WCl6,Cubic,28.25954,3.70512,4.887,12.77462,126.83754
mp-27831,Rb2ZrCl6,Cubic,29.58936,2.9611,5.344,13.7127,145.97542
mp-862797,RbAcTe2,Cubic,35.78732,6.58498,17.941,46.2519,166.54266
mp-11718,RbF,Cubic,22.33385,3.88357,13.408,34.16358,220.71654
mp-24721,RbH,Cubic,27.11034,2.64837,8.535,20.484,197.18228
mp-862702,Sc2AgHg,Cubic,20.71846,7.98212,32.127,84.94379,244.52643
mp-862431,Sc2AgOs,Cubic,17.85281,9.02247,45.47,121.49584,287.73394
mp-862473,Sc2AgRu,Cubic,17.90232,6.93,37.977,102.31004,300.32167
mp-972907,Sc2AlAg,Cubic,20.01828,4.66106,34.736,90.86938,335.40854
mp-862486,Sc2AlOs,Cubic,17.63494,7.22983,49.483,130.93202,335.70156
mp-862543,Sc2AlTc,Cubic,18.04719,4.94314,43.786,115.85776,378.85429
mp-862548,Sc2AlZn,Cubic,19.00256,3.98262,45.758,114.395,420.65308
mp-862712,Sc2CoIr,Cubic,16.25,8.71303,60.261,157.7633,345.56446
mp-867110,Sc2CoOs,Cubic,15.86268,8.87377,64.672,167.75917,357.98258
mp-867761,Sc2CoRu,Cubic,15.7087,6.60452,59.335,155.22036,399.42174
mp-867794,Sc2CuIr,Cubic,16.81197,8.53568,46.495,124.6066,305.33813
mp-867802,Sc2CuOs,Cubic,16.64173,8.57343,53.734,141.32042,327.57067
mp-867117,Sc2CuPt,Cubic,17.35295,8.33817,44.091,117.01751,297.34468
mp-862338,Sc2CuRu,Cubic,16.59788,6.36608,46.784,123.32262,355.28073
mp-862340,Sc2GaCu,Cubic,17.96065,5.15851,45.774,116.44906,378.0698
mp-862360,Sc2NiIr,Cubic,16.24268,8.71083,49.792,133.24339,316.40155
mp-862361,Sc2NiOs,Cubic,16.09954,8.73704,62.463,163.90291,353.57864
mp-972879,Sc2RuAu,Cubic,17.7943,9.0507,30.673,85.0869,237.88827
mp-862372,Sc2RuRh,Cubic,16.45639,7.41371,63.627,166.95725,384.65342
mp-867242,Sc2ZnGa,Cubic,18.51748,5.04515,46.4,116.2784,380.20016
mp-867233,Sc2ZnIr,Cubic,17.39709,8.29306,40.989,110.34239,287.83185
mp-867243,Sc2ZnOs,Cubic,17.26695,8.30779,45.33,120.84978,302.50044
mp-5382,Sc6Si7Ni16,Cubic,12.60821,6.38273,82.144,210.28864,513.63258
mp-31169,ScAlAg2,Cubic,17.65214,6.76538,31.362,84.61468,277.97169
mp-862602,ScAlCo2,Cubic,12.99755,6.06223,94.037,232.27139,555.01865
mp-10898,ScAlNi2,Cubic,13.56018,5.79602,57.619,150.61607,442.16729
mp-867922,ScAlRh2,Cubic,14.83019,7.77488,82.681,212.15945,442.1798
mp-2052,ScAs,Cubic,20.59623,4.83247,51.516,128.79,394.04212
mp-8772,ScB12,Cubic,7.80577,2.8586,190.491,442.70108,1347.94853
mp-570632,ScBi,Cubic,27.32795,7.71502,28.736,73.90899,212.9657
mp-867127,ScCdAg2,Cubic,18.97118,8.16439,26.055,70.55694,225.53627
mp-867263,ScCdHg2,Cubic,21.00172,11.04063,23.311,62.75321,177.24775
mp-867911,ScCdPd2,Cubic,17.35336,8.85625,22.942,64.46702,210.57541
mp-867909,ScCdRh2,Cubic,16.41619,9.18409,50.956,136.25634,311.07701
mp-11360,ScGaCu2,Cubic,14.42049,6.96006,47.008,123.16096,357.59376
mp-867916,ScGaIr2,Cubic,15.06856,13.75043,94.927,244.53195,354.50399
mp-11400,ScGaNi2,Cubic,13.43152,7.17257,50.343,133.61032,373.96173
mp-30661,ScGaPd2,Cubic,15.97897,8.50896,35.179,96.67189,272.19765
mp-867928,ScGaRh2,Cubic,14.845,8.96238,75.808,196.94918,395.25504
mp-867156,ScGaRu2,Cubic,14.86082,8.85029,62.044,165.65748,361.2171
mp-24237,ScH2,Cubic,9.0339,2.87799,65.106,159.24928,753.49329
mp-30347,ScInAg2,Cubic,19.20107,8.11868,26.91,72.9261,228.81371
mp-867187,ScInIr2,Cubic,16.60563,13.605,79.491,207.31253,316.25169
mp-21301,ScInNi2,Cubic,15.09585,7.6219,59.957,155.64837,377.89946
mp-31339,ScInPd2,Cubic,17.51388,8.83213,41.443,111.39878,280.03019
mp-20521,ScInPt2,Cubic,17.63044,12.9492,29.805,83.57322,197.19521
mp-867842,ScInRh2,Cubic,16.41593,9.24511,70.882,183.58438,363.57237
mp-867850,ScMnRh2,Cubic,15.28905,8.30063,62.195,163.82163,368.45597
mp-2857,ScN,Cubic,11.47394,4.26661,155.674,371.12682,880.13698
mp-867786,ScNbOs2,Cubic,16.27039,13.22486,108.258,279.08912,375.50997
mp-867146,ScNbRu2,Cubic,16.04549,8.79666,92.83,240.61536,429.03855
mp-867795,ScNbTc2,Cubic,16.40265,8.44972,66.322,177.8756,369.32746
mp-4536,ScNi2Sn,Cubic,14.99509,7.78086,50.791,134.2914,347.16324
mp-2807,ScP,Cubic,18.89266,3.33686,61.629,150.74453,531.18623
mp-1476,ScS,Cubic,17.75477,3.60174,53.382,135.80381,489.29343
mp-862561,ScSbRu2,Cubic,16.02356,9.55623,100.408,254.23306,427.17651
mp-1782,ScSe,Cubic,20.43497,5.03468,39.59,102.22138,341.17434
mp-867748,ScSnRu2,Cubic,16.32161,9.30415,80.239,207.97949,386.04097
mp-862699,ScTaOs2,Cubic,16.14285,15.59345,121.918,311.86624,367.70517
mp-867897,ScTaRu2,Cubic,15.92657,11.1572,102.073,262.53176,400.08984
mp-862725,ScTc2W,Cubic,15.68216,11.24511,89.291,235.90682,376.33932
mp-972957,ScTiRu2,Cubic,15.32021,7.99267,77.929,203.86226,419.60546
mp-867881,ScTlRh2,Cubic,16.86368,11.20447,59.512,156.75461,300.86836
mp-867137,ScVRu2,Cubic,14.68247,8.42676,87.109,227.35449,438.14137
mp-867896,ScZnCu2,Cubic,14.42572,6.83339,28.575,78.23835,283.60746
mp-867769,ScZnRh2,Cubic,14.87431,8.82431,60.401,159.94185,356.54007
mp-2291,Si2Ni,Cubic,13.02245,4.88226,31.996,89.26884,368.51659
mp-972810,SiTc2W,Cubic,14.02575,12.07379,99.977,268.6382,400.46262
mp-978545,Sm2AgHg,Cubic,25.95694,9.74271,18.699,50.78648,157.38277
mp-867869,Sm2AgRu,Cubic,22.55289,9.38136,27.293,73.80027,202.83912
mp-1005693,Sm2InHg,Cubic,27.51311,9.29652,20.934,55.93565,166.64363
mp-867899,Sm2IrRh,Cubic,21.1251,11.70906,24.382,68.12331,176.41526
mp-867894,Sm2MgAl,Cubic,26.27067,5.56248,30.872,76.80954,261.98126
mp-972536,Sm2TlAg,Cubic,26.9554,9.44025,18.836,50.93254,158.33452
mp-867191,Sm2TlCd,Cubic,27.89334,9.19042,21.025,55.7583,167.01824
mp-978807,Sm2TlHg,Cubic,27.58128,10.62162,20.78,55.60728,155.3825
mp-978973,Sm2ZnHg,Cubic,25.49477,9.22796,20.46,54.79188,169.68124
mp-867254,SmAgAu2,Cubic,21.06593,12.85179,12.155,34.81192,119.74065
mp-867218,SmAgHg2,Cubic,22.60788,12.10831,18.217,50.13318,146.4925
mp-1738,SmAs,Cubic,26.35763,7.0964,48.426,118.8374,289.60868
mp-22873,SmBi,Cubic,33.30358,8.95848,30.315,76.15128,189.33179
mp-867853,SmCdAg2,Cubic,21.67826,9.16333,8.012,23.12263,114.30802
mp-867882,SmCdAu2,Cubic,21.60122,12.62061,7.809,22.70857,96.33076
mp-867157,SmCdHg2,Cubic,23.62434,11.66717,13.446,37.56812,126.7004
mp-978557,SmDyHg2,Cubic,26.06122,11.3741,18.658,50.86171,145.46381
mp-867159,SmDyMg2,Cubic,27.80122,5.39756,21.856,55.51424,220.05612
mp-978527,SmDyTl2,Cubic,27.56783,10.86673,16.825,45.73035,138.54253
mp-972635,SmErHg2,Cubic,25.71172,11.60554,21.019,56.70926,153.31227
mp-978513,SmErMg2,Cubic,27.55572,5.51734,21.424,54.67405,216.28017
mp-24658,SmH2,Cubic,12.95473,6.51052,44.862,112.24472,369.95542
mp-972623,SmHgAu2,Cubic,21.76338,14.20858,11.832,33.91051,111.17514
mp-978563,SmHoIn2,Cubic,26.79611,8.44219,21.466,57.14249,178.45898
mp-867130,SmHoMg2,Cubic,27.68459,5.45674,21.549,54.90685,217.70539
mp-972653,SmHoTl2,Cubic,27.43138,10.95757,15.194,41.57078,131.487
mp-568719,SmInAg2,Cubic,21.72039,9.19156,24.328,65.63694,196.11757
mp-568596,SmInAu2,Cubic,21.71654,12.59961,22.155,61.19211,160.54682
mp-867978,SmInRh2,Cubic,18.62286,10.49913,38.283,103.97663,242.4325
mp-30779,SmMg3,Cubic,24.81582,3.73509,26.455,64.86766,301.32722
mp-867862,SmMgAg2,Cubic,21.85093,7.41704,6.665,19.31517,115.54308
mp-867131,SmMgCd2,Cubic,23.75688,6.98076,25.367,65.54833,221.19195
mp-867181,SmMgHg2,Cubic,23.48823,10.17758,25.006,65.81579,183.2401
mp-749,SmN,Cubic,16.19576,8.4262,105.756,255.29498,461.20344
mp-710,SmP,Cubic,24.60976,6.11773,54.979,134.25872,339.352
mp-867985,SmPbAu2,Cubic,23.09202,13.5099,18.567,51.61626,139.20542
mp-1269,SmS,Cubic,22.68924,6.67549,39.284,102.92408,285.54139
mp-2281,SmSb,Cubic,31.61547,7.14628,32.903,82.52072,224.40893
mp-1447,SmSe,Cubic,25.49411,7.46829,29.406,78.16115,225.3644
mp-972526,SmSnAu2,Cubic,22.09565,12.45656,17.723,49.69529,144.02589
mp-342,SmTe,Cubic,30.99833,7.44497,21.954,58.79281,182.78732
mp-978529,SmTmHg2,Cubic,25.56151,11.70095,22.229,59.70709,157.20058
mp-972541,SmTmTl2,Cubic,27.13019,11.14048,15.513,42.38152,132.30644
mp-867861,SmYMg2,Cubic,28.18982,4.23938,21.373,54.41566,244.19718
mp-978564,SmYTl2,Cubic,27.75643,9.6922,17.948,48.4237,150.86135
mp-1087,SrS,Cubic,27.65366,3.59341,32.3,79.2642,327.29974
mp-2758,SrSe,Cubic,30.95059,4.46862,27.097,66.71281,259.17306
mp-1958,SrTe,Cubic,37.79218,4.72824,20.197,50.12895,203.56892
mp-981311,SrTlHg2,Cubic,27.85768,10.32981,5.404,15.2717,81.19856
mp-977425,Ta2CrRu,Cubic,15.22083,14.04514,104.198,273.62395,367.06276
mp-979267,Ta2FeMo,Cubic,15.34838,13.89376,107.068,278.3768,372.54904
mp-864770,Ta2MoOs,Cubic,16.28562,16.51977,131.074,337.64662,369.81274
mp-864782,Ta2MoRu,Cubic,16.17373,14.34556,118.496,306.43066,378.56244
mp-864640,Ta2NbIr,Cubic,16.77493,16.012,108.32,281.632,338.68597
mp-864639,Ta2NbOs,Cubic,16.76664,15.97072,104.993,274.87167,334.23927
mp-864651,Ta2NbRu,Cubic,16.68435,13.83103,92.928,244.5865,338.822
mp-864650,Ta2OsW,Cubic,16.38302,18.64888,131.157,339.172,347.71873
mp-977353,Ta2ReMo,Cubic,16.47335,16.23013,110.354,289.5689,342.06991
mp-977363,Ta2TcMo,Cubic,16.33734,14.12389,102.984,270.64195,355.38535
mp-864670,Ta2VOs,Cubic,15.72701,15.91874,94.95,252.3771,326.11962
mp-977382,Ta2VRu,Cubic,15.63832,13.64218,82.513,220.80479,329.35088
mp-977390,Ta3Ru,Cubic,16.66649,16.03883,86.954,231.12373,305.12155
mp-867249,TaAlFe2,Cubic,12.61144,10.52101,139.325,344.9687,518.16515
mp-862445,TaAlOs2,Cubic,14.85581,16.44212,143.473,365.28226,399.41658
mp-862446,TaAlRu2,Cubic,14.55803,11.69348,132.422,335.82219,457.98195
mp-867114,TaBeRu2,Cubic,13.58216,11.98443,73.87,200.63092,349.75625
mp-867216,TaFeRu2,Cubic,14.58701,12.49168,104.493,273.56267,395.11862
mp-30555,TaGaCo2,Cubic,12.92189,11.8398,90.532,235.3832,393.38388
mp-867507,TaGaFe2,Cubic,12.59497,11.94355,126.478,318.97752,465.11156
mp-867788,TaGaOs2,Cubic,14.95179,17.52327,122.335,318.68268,357.97525
mp-24723,TaH2,Cubic,7.6749,13.19532,57.999,158.45327,357.5849
mp-867120,TaMn2Al,Cubic,13.25993,9.94968,107.903,274.50523,462.40805
mp-972323,TaNbTc2,Cubic,16.09132,12.12162,123.911,319.19474,421.38836
mp-867821,TaTiMn2,Cubic,13.65392,10.29758,83.607,221.22412,398.39087
mp-867123,TaTiOs2,Cubic,15.36464,16.4619,94.516,253.68094,323.03688
mp-867846,TaTiRe2,Cubic,15.68622,15.91149,116.994,304.88636,361.11422
mp-861908,TaTiRu2,Cubic,15.13863,11.81774,70.548,192.31385,332.14735
mp-861912,TaTiTc2,Cubic,15.42983,11.42951,101.829,266.38466,400.08441
mp-979289,TaW3,Cubic,16.36709,18.57831,121.472,317.77075,336.12332
mp-865805,TaZnCo2,Cubic,12.67872,11.92563,81.324,215.02066,374.99969
mp-865234,TaZnRu2,Cubic,14.54935,12.79691,85.139,226.98057,354.22848
mp-2640,TbAs,Cubic,24.88631,7.80172,51.167,125.56382,289.53198
mp-22921,TbBi,Cubic,31.77733,9.61254,29.486,75.07136,183.58965
mp-977398,TbCdAg2,Cubic,20.94974,9.65171,11.975,34.03295,137.36117
mp-977376,TbCdAu2,Cubic,20.85592,13.24211,21.331,59.17219,155.93666
mp-977421,TbGaRh2,Cubic,16.54731,10.89961,44.279,119.5533,266.08801
mp-567210,TbInAu2,Cubic,21.02481,13.18327,22.082,61.2113,158.56028
mp-979287,TbLuHg2,Cubic,24.552,12.42889,26.88,71.232,169.70589
mp-7381,TbMg3,Cubic,24.20949,3.97551,24.883,61.9089,286.40117
mp-862767,TbMgCd2,Cubic,23.03052,7.35531,26.564,68.48199,222.77896
mp-867234,TbMgHg2,Cubic,22.69385,10.69052,25.823,67.96614,183.8812
mp-977396,TbMgRh2,Cubic,17.44049,9.26032,45.839,121.19832,287.38814
mp-2117,TbN,Cubic,14.93555,9.61332,120.579,288.42497,473.47625
mp-645,TbP,Cubic,23.10667,6.82346,58.988,143.93072,340.04404
mp-980059,TbPmRh2,Cubic,20.74215,10.2019,15.253,43.59307,151.13441
mp-1610,TbS,Cubic,21.21847,7.47337,42.109,110.24136,285.88555
mp-2724,TbSb,Cubic,30.04194,7.7573,34.455,86.75769,224.49852
mp-1561,TbSe,Cubic,23.97871,8.23685,29.91,79.79988,221.20266
mp-864599,TbSnAu2,Cubic,21.42026,13.01532,16.179,45.75421,136.28116
mp-978988,TbTmHg2,Cubic,24.82522,12.19122,27.068,71.67606,171.2827
mp-978911,TbYHg2,Cubic,25.47112,10.57775,27.122,71.43935,182.19306
mp-978975,TbYTl2,Cubic,27.10197,10.05744,16.993,46.15299,145.47586
mp-865254,TbYbHg2,Cubic,24.6686,12.33772,26.236,67.42652,167.82602
mp-19717,TePb,Cubic,34.99456,7.94336,24.006,59.6309,175.90553
mp-37,Th,Cubic,32.14428,11.98684,39.908,96.41773,188.65051
mp-865224,Th2BiTe,Cubic,29.71985,11.18378,50.256,124.73539,225.80206
mp-1753,ThAs,Cubic,27.18544,9.37484,47.87,123.88756,249.74917
mp-1164,ThC,Cubic,19.28534,10.50675,71.668,172.71988,320.0076
mp-867372,ThCdAg2,Cubic,22.57923,10.2994,19.287,53.65643,163.59511
mp-867353,ThCdAu2,Cubic,22.54219,13.59797,19.368,54.57902,143.01333
mp-867346,ThCdHg2,Cubic,24.632,12.56644,16.677,46.46212,133.83128
mp-1093,ThGe,Cubic,28.26399,8.95008,42.681,109.94626,237.94574
mp-622041,ThInAu2,Cubic,22.80561,13.48472,22.021,61.52667,152.32978
mp-834,ThN,Cubic,17.2704,11.82853,86.739,223.61314,348.11372
mp-643,ThO2,Cubic,14.64219,9.98128,91.197,235.47065,411.05481
mp-931,ThP,Cubic,25.24957,8.64849,56.224,144.49568,288.26873
mp-503,ThS,Cubic,23.42626,9.3603,37.254,101.10736,233.5264
mp-1751,ThSb,Cubic,32.43672,9.05603,30.308,80.6799,191.45133
mp-2183,ThSe,Cubic,26.18715,9.86026,25.536,70.68365,182.34911
mp-866174,ThSnAu2,Cubic,23.04624,13.41403,17.763,50.30482,136.9999
mp-861627,Ti2AlMo,Cubic,15.91266,5.70436,40.787,112.24582,357.64122
mp-861640,Ti2AlRe,Cubic,15.41025,8.32203,72.215,190.06988,395.19014
mp-861637,Ti2AlTc,Cubic,15.35877,5.96576,61.979,164.61622,433.63603
mp-571126,Ti2BRh6,Cubic,13.40467,9.96497,110.559,285.0211,467.81658
mp-861639,Ti2CoIr,Cubic,14.27266,10.08948,71.126,190.04867,366.13001
mp-861641,Ti2CoRe,Cubic,14.15514,9.99699,96.956,248.59518,427.57882
mp-862911,Ti2CoTc,Cubic,13.93881,7.5251,91.654,236.46732,482.28607
mp-861656,Ti2CrIr,Cubic,14.48258,9.74439,78.863,208.35605,389.14657
mp-861672,Ti2FeIr,Cubic,14.26607,10.00428,75.782,200.97386,378.7226
mp-972337,Ti2IrW,Cubic,15.19185,12.89223,92.111,241.88349,360.27769
mp-861958,Ti2MnBe,Cubic,12.94086,5.12257,55.985,149.81586,471.26601
mp-863690,Ti2MnCo,Cubic,12.91133,6.73939,83.539,217.86971,500.38793
mp-861983,Ti2MnFe,Cubic,14.28175,6.00293,76.543,201.76735,483.44414
mp-865569,Ti2MnIr,Cubic,13.96796,10.19083,97.188,252.88318,427.39357
mp-865712,Ti2MnNi,Cubic,13.17048,6.59922,66.646,177.27836,450.22909
mp-865768,Ti2MnOs,Cubic,14.17315,9.98509,88.015,231.65548,408.77233
mp-866218,Ti2MnRh,Cubic,13.85912,7.59564,80.041,210.82799,451.66939
mp-865469,Ti2MnRu,Cubic,14.09431,7.41483,78.85,208.164,449.84736
mp-865807,Ti2MoIr,Cubic,15.08586,10.56397,83.939,221.93472,381.32848
mp-865803,Ti2MoPt,Cubic,15.34671,10.46196,87.695,228.70856,388.62398
mp-865591,Ti2NiMo,Cubic,14.40575,7.21491,76.912,200.5865,447.71978
mp-865842,Ti2OsRu,Cubic,14.57469,11.02399,119.766,306.36143,448.61433
mp-865717,Ti2ReIr,Cubic,14.86252,13.24401,118.676,304.75997,404.96465
mp-865728,Ti2ReNi,Cubic,14.26761,9.91121,80.092,211.2827,391.56124
mp-865538,Ti2RePd,Cubic,15.20717,10.60172,72.804,194.09546,354.18666
mp-865948,Ti2ReRh,Cubic,14.82388,10.77742,102.659,265.47617,418.53307
mp-972241,Ti2ReTc,Cubic,14.89607,10.58848,83.786,222.70319,382.57217
mp-865840,Ti2TcIr,Cubic,14.73602,10.87279,110.73,285.24048,433.20066
mp-865878,Ti2TcNi,Cubic,14.05434,7.45616,73.802,193.21364,435.37008
mp-865876,Ti2TcOs,Cubic,14.71838,10.82978,99.119,259.2953,411.88465
mp-865931,Ti2TcPd,Cubic,15.09948,8.25223,65.713,175.97941,382.69551
mp-865928,Ti2TcPt,Cubic,15.07529,10.70705,72.828,195.03338,353.80517
mp-865649,Ti2TcRh,Cubic,14.67797,8.38981,95.495,247.71403,459.36205
mp-865650,Ti2TcRu,Cubic,14.59906,8.38296,94.372,245.93343,457.88945
mp-972238,Ti2VIr,Cubic,15.01708,9.3684,84.534,219.2812,404.91281
mp-866183,Ti2ZnRe,Cubic,15.14262,9.5226,62.502,166.88034,346.88775
mp-866187,Ti2ZnTc,Cubic,15.0548,7.14584,47.873,130.40605,352.45181
mp-865899,Ti3Os,Cubic,15.76181,8.79245,51.02,138.46828,321.95552
mp-865235,Ti6Al16Ni7,Cubic,13.90256,4.6531,89.296,217.52506,602.55221
mp-7187,TiAlNi2,Cubic,12.48313,6.39292,62.108,165.45571,450.83429
mp-865441,TiAlPd2,Cubic,14.99752,7.96328,28.706,81.18057,260.92254
mp-866155,TiAlRu2,Cubic,13.89556,8.27513,91.984,240.81411,463.17244
mp-862720,Sr2CdIn,Cubic,33.24809,5.02522,15.966,39.85114,183.83926
mp-862721,Sr2CdPb,Cubic,33.74148,6.08835,21.316,50.77471,190.83417
mp-867149,Sr2CdSn,Cubic,32.92791,5.12315,22.989,54.57589,217.62626
mp-24292,Sr2H6Ru,Cubic,12.1925,4.27281,32.026,78.71991,393.23876
mp-867207,Sr2HgPb,Cubic,33.30857,7.26648,21.909,52.31869,177.98673
mp-867169,Sr2SnHg,Cubic,32.75174,6.26839,23.267,55.5616,198.36084
mp-862740,Sr2TlCd,Cubic,33.12659,6.16606,15.711,39.15181,165.10505
mp-989592,Sr6Sn2NF,Cubic,29.00065,4.55862,29.733,70.40774,272.78751
mp-989540,Sr6Sn2NO,Cubic,28.41432,4.63516,28.342,69.83469,267.2891
mp-867925,SrAcHg2,Cubic,32.00376,9.28495,18.913,48.56858,149.77493
mp-978953,SrAcTl2,Cubic,34.42505,8.72338,16.505,42.45086,140.93619
mp-978929,SrAcZn2,Cubic,29.45945,6.27699,22.956,56.2422,204.62106
mp-23209,SrCl2,Cubic,28.57714,3.0705,14.668,38.43016,238.88403
mp-867171,SrLi2Sn,Cubic,22.92751,3.98725,21.366,51.96211,269.02106
mp-867172,SrMgTl2,Cubic,28.39181,7.61336,8.433,23.12329,116.50596
mp-866139,TiBe2Ir,Cubic,11.36379,9.42905,65.793,176.85158,393.6173
mp-866152,TiBeCo2,Cubic,10.65977,6.8053,104.999,266.27746,593.52157
mp-866154,TiBeIr2,Cubic,13.01111,14.08061,121.444,312.11108,415.54139
mp-866143,TiBeRh2,Cubic,12.75737,8.54815,98.384,254.22426,484.05788
mp-4612,TiCo2Ge,Cubic,12.2251,8.09458,84.07,219.59084,467.23551
mp-866375,TiFe2Ge,Cubic,11.79666,8.17121,127.259,317.63846,575.55991
mp-866141,TiFe2Si,Cubic,11.25154,6.92322,146.521,362.786,680.40495
mp-20145,TiGaCo2,Cubic,12.14787,8.04636,87.666,226.70428,478.92187
mp-636320,TiGaFe2,Cubic,12.11012,7.85972,102.391,260.4827,523.01106
mp-30657,TiGaNi2,Cubic,12.40061,7.86631,48.916,133.63851,363.41648
mp-866140,TiGaPd2,Cubic,14.97603,9.1595,18.4,53.1024,195.74899
mp-865448,TiGaRu2,Cubic,13.95133,9.51386,87.343,230.41083,421.20448
mp-865640,TiGeRu2,Cubic,13.81045,9.6986,116.587,298.92907,481.29803
mp-22725,TiInCu2,Cubic,14.90933,8.06854,46.141,122.5505,325.96776
mp-866168,TiInPd2,Cubic,16.45551,9.47363,22.501,63.72283,206.41268
mp-865531,TiMn2Al,Cubic,14.19364,5.40282,83.1,212.4036,530.79326
mp-865652,TiMn2Si,Cubic,11.91011,6.47718,105.768,271.18915,588.61928
mp-865678,TiMn2V,Cubic,13.16326,6.58136,76.292,202.47897,477.40744
mp-865656,TiMn2W,Cubic,13.04445,10.87076,113.185,293.82826,457.08161
mp-865537,TiMnCo2,Cubic,12.52405,7.3146,77.429,201.47026,465.77784
mp-865523,TiMnRh2,Cubic,14.3781,8.91059,75.228,198.60192,399.44243
mp-492,TiN,Cubic,9.53654,5.38685,191.577,467.44788,927.57663
mp-865653,TiNbRe2,Cubic,15.78794,13.49397,111.453,291.33814,381.84327
mp-865655,TiNbTc2,Cubic,15.50841,9.01487,94.868,249.3131,434.28402
mp-865664,TiRe2W,Cubic,15.21388,16.4844,142.198,366.15985,394.45852
mp-865680,TiSiOs2,Cubic,13.57424,13.95825,134.466,348.40141,433.64816
mp-865681,TiSiRu2,Cubic,13.28288,8.69133,129.794,330.9747,542.71842
mp-865669,TiSiTc2,Cubic,13.75619,8.20699,85.424,227.91123,451.1789
mp-865888,TiSnRu2,Cubic,15.33685,9.98036,106.326,272.19456,437.2542
mp-866213,TiTc2Mo,Cubic,14.90688,9.46313,122.887,316.55691,487.38533
mp-865809,TiTc2Sb,Cubic,15.64863,9.69954,97.116,252.5016,422.02223
mp-865810,TiTc2W,Cubic,14.95923,11.86933,119.069,309.5794,428.56276
mp-865916,TiVRe2,Cubic,14.40572,13.57938,111.69,292.85118,393.37038
mp-865914,TiVTc2,Cubic,14.19082,8.62426,95.113,250.33742,458.21458
mp-865730,TiZnAu2,Cubic,16.22751,12.97551,28.603,80.0884,198.67993
mp-865898,TiZnCo2,Cubic,11.87345,8.08149,89.75,230.837,487.40801
mp-865930,TiZnCu2,Cubic,13.06573,7.63716,52.34,138.49164,373.00374
mp-865048,TiZnIr2,Cubic,14.11136,14.64188,104.561,271.8586,369.11933
mp-865093,TiZnNi2,Cubic,12.28444,7.79491,55.791,149.96621,390.07386
mp-865079,TiZnPd2,Cubic,14.7575,9.17378,29.824,83.92474,249.15662
mp-861961,TiZnRh2,Cubic,13.86552,9.55349,83.01,217.32018,410.49376
mp-27834,Tl2PtCl6,Cubic,26.3641,5.71461,6.203,16.17742,117.96834
mp-27833,Tl2TeCl6,Cubic,28.90486,4.78153,5.702,14.68835,119.65154
mp-29556,Tl2WCl6,Cubic,26.71682,5.56151,5.262,14.09164,110.05797
mp-866188,TlCdRh2,Cubic,16.93008,12.81457,51.879,138.20566,263.12413
mp-571102,TlI,Cubic,43.65255,6.30108,5.91,15.47238,92.1427
mp-5478,TlPd3O4,Cubic,13.94143,8.74911,38.327,105.3226,294.00294
mp-979176,Tm2AgHg,Cubic,23.36251,11.48475,28.734,76.03016,185.3964
mp-865282,Tm2AgRu,Cubic,20.24968,11.20998,38.929,103.00613,228.95874
mp-865356,Tm2MgAl,Cubic,23.52855,6.8662,38.344,94.40293,272.70685
mp-866120,Tm2TlAg,Cubic,24.20854,11.14844,29.296,76.57974,187.4387
mp-977589,Tm2TlCd,Cubic,25.24385,10.76592,24.389,64.48452,171.81212
mp-1101,TmAs,Cubic,23.46754,8.62749,55.255,134.71169,291.66731
mp-23234,TmBi,Cubic,30.37255,10.33074,30.664,77.57992,183.29719
mp-865983,TmCdHg2,Cubic,22.20475,12.76033,20.768,56.28128,153.01879
mp-865982,TmCdPd2,Cubic,18.56381,11.05126,28.97,79.43574,206.29617
mp-865206,TmCdRh2,Cubic,17.43192,11.60145,52.847,139.199,275.76937
mp-865195,TmGaRh2,Cubic,15.96702,11.55596,55.923,148.86703,293.2257
mp-865561,Y2AgRu,Cubic,21.39388,7.50464,35.774,94.8011,263.29342
mp-865588,Y2CuRu,Cubic,20.04207,7.09276,40.684,106.42934,294.58855
mp-865600,Y2IrPd,Cubic,20.57321,9.61398,42.364,112.51878,256.53129
mp-865603,Y2IrRh,Cubic,19.96008,9.8362,33.326,91.44654,228.58599
mp-865602,Y2MgAl,Cubic,24.93448,3.81426,36.348,89.27069,348.56392
mp-866166,Y2PdRu,Cubic,20.40392,7.83928,37.213,99.58199,267.30651
mp-865592,Y2ZnRu,Cubic,20.86165,6.85119,30.47,81.84242,256.9726
mp-865502,YAgHg2,Cubic,21.87232,11.34911,17.156,47.55643,148.6765
mp-933,YAs,Cubic,24.71688,5.50316,50.989,124.82107,344.67211
mp-23241,YBi,Cubic,31.70699,7.80036,29.04,73.70352,202.16168
mp-865503,YCdAg2,Cubic,20.91839,8.27661,15.786,44.10608,169.78225
mp-865522,YCdAu2,Cubic,20.79206,11.88477,21.097,58.56527,163.87351
mp-865525,YCdHg2,Cubic,22.90965,10.91756,19.287,53.34784,158.16484
mp-865520,YCdPd2,Cubic,19.16759,8.96988,27.819,76.22406,221.86659
mp-979934,YErHg2,Cubic,24.91402,10.95314,28.694,74.83395,185.28789
mp-981548,YErTl2,Cubic,26.59929,10.37757,14.644,40.24171,134.19008
mp-866156,YGaRh2,Cubic,16.49212,9.17357,44.976,121.70506,292.81386
mp-24650,YH2,Cubic,11.69958,4.30155,53.752,132.22992,514.43026
mp-22493,YInAu2,Cubic,20.97967,11.82612,21.208,58.95824,164.24626
mp-568880,YInPd2,Cubic,19.29993,8.96014,30.541,83.31585,231.79147
mp-866163,YInRh2,Cubic,18.01437,9.43759,37.6,102.7232,256.59809
mp-979430,YLuTl2,Cubic,26.25067,10.63729,16.293,44.47989,140.32982
mp-865376,YMg3,Cubic,24.30922,2.76346,26.114,65.18054,351.23741
mp-866162,YMgAg2,Cubic,21.06441,6.48285,13.385,37.55831,176.22765
mp-866171,YMgAu2,Cubic,20.4606,10.28969,20.128,55.87533,172.90312
mp-865512,YMgCd2,Cubic,23.04014,6.09064,26.509,68.3402,244.39762
mp-866164,YMgHg2,Cubic,22.64353,9.43058,26.818,70.26316,199.4808
mp-866165,YMgRh2,Cubic,17.41336,7.60549,47.658,124.86396,323.1261
mp-865515,YMgZn2,Cubic,19.54837,5.18227,36.417,90.824,326.55026
mp-2114,YN,Cubic,14.67664,5.82185,120.831,289.26941,612.75586
mp-994,YP,Cubic,22.9234,4.34196,58.797,143.58227,426.65613
mp-1534,YS,Cubic,21.08167,4.76425,42.129,109.87243,358.70952
mp-2637,YSe,Cubic,23.84767,5.84434,30.01,79.8266,263.40971
mp-865519,YTaRu2,Cubic,17.3088,11.32031,69.742,185.23475,321.21306
mp-979961,Yb2AgHg,Cubic,23.02931,11.79894,18.393,47.63787,148.20883
mp-866175,Yb2CdIn,Cubic,24.55966,9.69071,20.71,51.81642,169.66154
mp-865648,Yb2CdPb,Cubic,25.26717,10.93718,22.062,54.36077,162.83526
mp-865845,Yb2CuIr,Cubic,18.92453,13.20222,33.64,86.99304,199.76011
mp-979967,Yb2GaHg,Cubic,22.72512,11.26006,23.271,58.36367,170.59469
mp-865908,Yb2HgPb,Cubic,25.21101,12.41353,28.619,68.28493,173.19611
mp-864756,Yb2MgIn,Cubic,24.88586,8.09394,17.477,44.04204,170.57825
mp-864743,Yb2TlCd,Cubic,24.9326,11.03704,19.632,49.31558,153.91045
mp-864741,Yb2TlPb,Cubic,26.3805,11.92291,16.655,42.93659,134.21426
mp-977442,Yb2ZnGa,Cubic,21.01318,9.50679,26.477,64.33911,202.91028
mp-865739,YbCdAg2,Cubic,20.08737,10.35777,15.429,42.2446,152.58709
mp-865742,YbCdHg2,Cubic,22.08903,12.90434,11.442,31.41973,114.30301
mp-980199,YbDyHg2,Cubic,24.48015,12.49331,26.151,67.26037,166.98034
mp-980064,YbErHg2,Cubic,24.12595,12.75861,25.653,66.18474,164.5964
mp-980062,YbErZn2,Cubic,21.32302,9.17211,29.049,72.7387,214.2307
mp-865757,YbGaRh2,Cubic,15.8487,11.74978,55.665,146.17629,288.44926
mp-634751,YbH2,Cubic,10.57473,9.16295,33.752,82.08486,298.6288
mp-865789,YbInAg2,Cubic,20.25271,10.32255,21.769,57.77493,179.87739
mp-568537,YbInAu2,Cubic,20.27637,13.95887,19.356,52.95802,146.36849
mp-865661,YbMgCd2,Cubic,22.13749,7.91672,17.587,45.76137,179.00787
mp-865215,TmHfRu2,Cubic,17.50199,13.03527,73.726,191.9825,305.78337
mp-865211,TmInRh2,Cubic,17.497,11.6154,40.486,110.44581,242.30536
mp-980669,TmLuCo2,Cubic,17.66258,10.85321,47.005,131.23796,268.89557
mp-865230,TmMgRh2,Cubic,16.82784,9.84438,52.742,137.44565,301.95846
mp-1975,TmN,Cubic,13.70025,11.08668,137.49,325.8513,484.27178
mp-865248,TmNbRu2,Cubic,17.01965,11.31718,73.733,194.65512,331.73283
mp-1766,TmS,Cubic,19.75695,8.44682,43.054,113.31813,278.94163
mp-2520,TmSb,Cubic,28.64395,8.42602,36.301,91.18811,224.68955
mp-980206,TmScRu2,Cubic,17.39566,9.92825,53.361,141.08648,299.40119
mp-2822,TmSe,Cubic,22.52779,9.13623,27.123,73.55758,204.93405
mp-3942,TmSnPd2,Cubic,18.74205,11.08568,28.127,77.91179,202.52665
mp-865249,TmSnRu2,Cubic,17.3134,11.74388,68.88,179.7768,312.69618
mp-865262,TmTaRu2,Cubic,16.87081,13.58344,80.951,212.41542,318.02979
mp-865299,TmZnRh2,Cubic,15.95668,11.45121,52.839,140.23471,286.32355
mp-22319,UB12,Cubic,7.91488,5.93508,182.299,437.5176,914.71488
mp-2489,UC,Cubic,15.03598,13.8069,29.992,85.17728,201.77808
mp-1865,UN,Cubic,14.50339,14.42818,72.566,194.91228,307.23703
mp-1776,UN2,Cubic,12.13948,12.13049,93.359,249.82868,404.01046
mp-1597,UO2,Cubic,13.51968,11.05528,92.078,240.50774,401.86998
mp-2011,UP,Cubic,23.28834,9.59041,46.377,120.48745,252.85099
mp-865490,V2CrFe,Cubic,11.78508,7.38763,102.939,269.08255,547.73178
mp-865485,V2CrOs,Cubic,13.26728,10.76722,118.265,308.19859,465.00345
mp-972205,V2MoOs,Cubic,13.90956,11.58155,116.67,304.97538,440.3054
mp-865497,V2ReOs,Cubic,13.72214,14.47057,136.853,354.72298,427.98421
mp-981365,V2ReRu,Cubic,13.65161,11.83405,126.088,327.07227,455.1766
mp-865499,V2TcOs,Cubic,13.59718,11.91052,129.105,334.89837,459.83662
mp-865501,V2TcRu,Cubic,13.49756,9.25619,109.902,288.16304,483.42888
mp-972071,V3Mo,Cubic,13.82779,7.46835,36.67,103.7761,312.54381
mp-866121,V3Os,Cubic,13.30672,10.7024,109.532,286.09758,450.36437
mp-865385,V3Re,Cubic,13.51957,10.41038,59.053,163.3406,336.92681
mp-865382,V3Ru,Cubic,13.18763,7.99237,89.252,235.98229,473.06833
mp-979910,VCuRh2,Cubic,12.99719,10.23044,37.09,105.3356,275.13045
mp-866134,VFe3,Cubic,12.10014,7.49555,92.605,239.84695,505.99758
mp-22790,VGaCo2,Cubic,11.69602,8.46634,88.046,230.15224,474.81459
mp-21883,VGaFe2,Cubic,11.35656,8.49363,122.941,311.53249,563.52184
mp-865586,VGaRu2,Cubic,13.37375,10.02018,112.122,290.62022,470.28048
mp-865471,VGaTc2,Cubic,13.8091,9.5197,78.962,212.5657,403.16007
mp-865585,VGeRu2,Cubic,13.43504,10.0646,105.622,275.88466,455.30987
mp-24728,VH2,Cubic,6.15267,4.76421,88.024,226.22168,780.49938
mp-865506,VSiOs2,Cubic,13.16646,14.48749,125.357,328.18463,415.89973
mp-865507,VSiRu2,Cubic,12.88133,9.06135,119.671,309.70855,516.97082
mp-865472,VSiTc2,Cubic,13.19544,8.65248,107.994,284.4562,499.90191
mp-865482,VTc2Ge,Cubic,13.71888,9.67057,96.105,254.67825,441.00274
mp-865486,VZnRu2,Cubic,13.30788,9.93521,79.087,212.42768,399.8779
mp-865814,YbMgHg2,Cubic,21.78834,11.40374,18.79,49.19222,155.08262
mp-865813,YbMgTl2,Cubic,24.60275,10.22723,17.094,44.13671,149.25269
mp-865857,YbNbRu2,Cubic,16.91878,11.4854,66.692,176.20026,312.3137
mp-570899,YbNi2Sn,Cubic,16.0099,10.60887,48.37,124.69786,282.04699
mp-865896,YbPmAg2,Cubic,23.90285,9.27041,21.554,56.68702,177.83735
mp-865894,YbPmAu2,Cubic,23.19892,12.74046,25.776,68.71882,167.64001
mp-865903,YbPmPt2,Cubic,21.33872,13.77785,34.918,92.95172,192.22934
mp-865920,YbPmZn2,Cubic,22.65878,8.22359,29.381,72.57107,222.5163
mp-865997,YbPrZn2,Cubic,23.25698,7.93902,28.411,70.11835,220.78285
mp-1820,YbS,Cubic,19.47882,8.74244,44.285,107.34684,282.4475
mp-866020,YbSmHg2,Cubic,25.4053,11.83999,25.265,64.98158,166.42721
mp-865991,YbSmZn2,Cubic,22.47298,8.3906,29.126,72.11598,219.98268
mp-865995,YbSnAu2,Cubic,20.67028,13.77102,15.34,42.89064,130.67197
mp-865992,YbSnRh2,Cubic,17.44641,11.83939,36.271,99.38254,226.48713
mp-865172,YbTaRu2,Cubic,16.78462,13.75473,73.821,193.7063,300.8089
mp-1779,YbTe,Cubic,27.46167,9.08948,26.05,64.1351,189.98115
mp-972062,YbTmHg2,Cubic,23.99753,12.85587,25.438,65.83354,163.61823
mp-31171,Zn2AgAu,Cubic,15.53757,11.63983,25.725,71.25825,201.85223
mp-864654,Zn2NiRh,Cubic,12.53327,9.68562,59.551,159.12027,359.26028
mp-864839,Zn2PdRh,Cubic,13.60043,10.38242,66.416,174.54125,355.31225
mp-977427,Zn2PtRh,Cubic,13.69718,12.99632,67.06,178.3796,318.83202
mp-972048,Zn6Mo,Cubic,15.84811,7.31045,48.313,123.29478,341.54423
mp-864661,ZnCuPd2,Cubic,13.55537,10.46751,56.792,151.29389,328.2918
mp-977356,ZnGaIr2,Cubic,13.66557,15.78345,92.854,243.8346,339.65581
mp-977362,ZnGaRh2,Cubic,13.38575,10.57373,83.13,215.80548,395.04849
mp-977384,ZnSiRh2,Cubic,12.83246,9.68264,66.124,179.06379,376.01121
mp-864896,Zr2CoTc,Cubic,17.086,8.24587,69.086,166.35909,369.63266
mp-864897,Zr2CuOs,Cubic,17.51429,10.33966,48.901,133.30413,281.61142
mp-977549,Zr2OsRu,Cubic,17.47261,11.25586,91.155,236.82069,365.62782
mp-977578,Zr2TcPd,Cubic,18.0441,8.90055,52.852,142.8061,311.96879
mp-30569,Zr6Co23,Cubic,13.03422,8.35912,59.12,159.26928,378.52505
mp-3909,ZrAlCo2,Cubic,13.78476,7.10942,79.114,204.27235,463.71495
mp-977436,ZrAlRu2,Cubic,15.30818,8.68729,75.849,200.69645,398.53407
mp-2795,ZrC,Cubic,13.08475,6.55057,159.251,384.43191,689.01881
mp-977462,ZrCdAu2,Cubic,19.08267,12.99982,33.045,90.87375,201.33753
mp-11293,ZrCdCu2,Cubic,16.04674,8.55602,50.865,132.75765,323.41086
mp-864607,ZrCdPd2,Cubic,17.65938,9.79045,34.849,96.11354,244.55057
mp-977537,ZrCdRh2,Cubic,16.73549,10.15658,52.302,141.63382,298.51618
mp-22503,ZrCo2Sn,Cubic,15.35806,8.86058,75.173,193.94634,390.34257
mp-977443,ZrGeRu2,Cubic,15.25152,9.96235,90.314,236.26142,405.90875
mp-623134,ZrInCu2,Cubic,16.29451,8.48724,51.305,134.11127,324.42095
mp-20744,ZrInNi2,Cubic,15.40091,8.71809,53.067,141.37049,332.85495
mp-1352,ZrN,Cubic,12.07622,7.23487,147.586,369.26017,652.79842
mp-977534,ZrNbTc2,Cubic,16.80013,9.3931,77.459,206.19586,375.34945
mp-977550,ZrScOs2,Cubic,16.9996,12.61649,91.242,235.58684,348.25976
mp-977545,ZrTc2W,Cubic,16.18775,12.08043,113.467,293.87953,403.85952
mp-11366,ZrZnCu2,Cubic,14.61086,8.06141,42.491,114.13083,315.97147
mp-977582,ZrZnRh2,Cubic,15.3734,9.78724,59.624,160.38856,333.78517
mp-23231,AgBr,Cubic,8.68212,6.44435,8.539,23.84089,134.87662
mp-2647,Al2Au,Cubic,5.78808,7.69828,39.149,104.37123,288.58708
mp-1502,Al2Pt,Cubic,5.78808,8.06122,38.584,105.33432,285.92735
mp-10884,AlFeCo2,Cubic,4.34106,7.37415,103.489,262.24113,555.41257
mp-4955,AlVCo2,Cubic,4.34106,6.94826,101.019,258.4066,558.90909
mp-5778,AlVFe2,Cubic,4.34106,6.95659,137.797,342.28775,657.59394
mp-1029,BaF2,Cubic,5.78808,4.82591,25.35,65.7579,281.43649
mp-1342,BaO,Cubic,8.68212,5.85923,37.058,94.12732,299.47795
mp-1500,BaS,Cubic,8.68212,4.19035,24.774,61.88545,249.2483
mp-45,Ca,Cubic,17.36424,1.53482,7.495,19.6369,208.54603
mp-2741,CaF2,Cubic,5.78808,3.08983,37.856,98.12275,482.70765
mp-2605,CaO,Cubic,8.68212,3.35308,74.209,180.47629,646.46491
mp-102,Co,Cubic,17.36424,9.02647,120.256,300.64,546.06037
mp-2379,CoSi2,Cubic,5.78808,5.09824,55.782,151.16922,479.59256
mp-614603,CsI,Cubic,8.68212,3.6223,4.02,10.3716,89.89857
mp-30,Cu,Cubic,17.36424,9.219,49.843,134.77547,348.09711
mp-12608,CuPt7,Cubic,2.17053,19.90498,67.266,183.83798,251.72901
mp-30595,CuSnRh2,Cubic,4.34106,11.01818,63.304,169.65472,329.48556
mp-2199,Fe3Si,Cubic,4.34106,7.29126,99.533,257.98954,548.99124
mp-5221,HfAlCo2,Cubic,4.34106,9.9899,89.886,229.74862,419.92775
mp-10887,HfAlCu2,Cubic,4.34106,9.49467,56.709,149.14467,335.35098
mp-16501,HfAlPd2,Cubic,4.34106,10.70546,7.228,21.35151,110.89768
mp-21075,HfC,Cubic,8.68212,12.71334,177.337,426.67282,530.80223
mp-20730,HfCo2Sn,Cubic,4.34106,11.48046,81.16,208.5812,359.0053
mp-85,In,Cubic,17.36424,7.22401,11.555,31.24472,143.30426
mp-101,Ir,Cubic,17.36424,22.30435,208.901,521.4169,417.82808
mp-971,K2O,Cubic,5.78808,2.41381,12.49,32.49898,273.9857
mp-23251,KBr,Cubic,8.68212,2.76306,7.473,18.90669,166.84659
mp-23193,KCl,Cubic,8.68212,1.99576,9.177,23.21781,227.88077
mp-463,KF,Cubic,8.68212,2.57908,16.899,42.65308,322.45349
mp-22898,KI,Cubic,8.68212,3.10048,5.635,14.34671,127.07575
mp-12580,Li2CdSn,Cubic,4.34106,5.47881,23.104,57.06688,257.25454
mp-1960,Li2O,Cubic,5.78808,1.9693,68.452,159.21935,949.47593
mp-11512,LiAl2Ir,Cubic,4.34106,7.80518,52.607,139.82941,365.82414
mp-30817,LiAl2Pd,Cubic,4.34106,5.009,56.274,143.16106,464.44197
mp-30819,LiAl2Pt,Cubic,4.34106,7.72771,59.706,154.39972,387.17469
mp-30821,LiAl2Rh,Cubic,4.34106,5.06389,55.198,143.5148,463.84513
mp-7473,LiCu2Si,Cubic,4.34106,5.79763,55.803,142.29765,456.74946
mp-1138,LiF,Cubic,8.68212,2.53043,50.018,121.04356,716.20337
mp-23703,LiH,Cubic,8.68212,0.8144,42.538,91.797,1169.25936
mp-30765,LiPt7,Cubic,2.17053,19.20924,77.09,206.90956,273.85226
mp-1367,Mg2Si,Cubic,5.78808,1.99934,46.085,107.74673,569.14453
mp-2343,Mg2Sn,Cubic,5.78808,3.59714,28.207,68.82508,313.66448
mp-1265,MgO,Cubic,8.68212,3.6289,118.82,282.55396,902.1678
mp-10895,Mn2AlV,Cubic,4.34106,5.60313,96.779,247.36712,561.36524
mp-3623,MnAlCo2,Cubic,4.34106,7.32216,102.715,260.69067,554.5097
mp-31185,MnAlFe2,Cubic,4.34106,7.12297,131.417,324.59999,633.24046
mp-5396,MnCo2Sb,Cubic,4.34106,9.17464,76.297,199.74555,406.61932
mp-20840,MnCo2Sn,Cubic,4.34106,9.168,81.836,210.97321,421.19476
mp-2352,Na2O,Cubic,5.78808,2.49475,30.58,75.04332,486.43774
mp-22916,NaBr,Cubic,8.68212,3.28893,11.281,28.36043,208.87336
mp-22862,NaCl,Cubic,8.68212,2.22455,14.298,35.7164,302.80342
mp-682,NaF,Cubic,8.68212,2.91862,30.163,74.32163,469.96186
mp-23268,NaI,Cubic,8.68212,3.73233,8.31,21.05754,154.67907
mp-5149,NbAlCo2,Cubic,4.34106,7.50505,94.077,243.09497,499.40095
mp-11537,NbAlRu2,Cubic,4.34106,9.09048,116.78,299.65748,486.73255
mp-20483,Pb,Cubic,17.36424,11.07963,11.204,30.69896,107.98782
mp-2,Pd,Cubic,17.36424,11.75903,48.469,132.61118,277.45713
mp-23,Ni,Cubic,17.36424,9.28922,91.592,233.74278,478.7421
mp-126,Pt,Cubic,17.36424,21.13493,49.52,139.25024,208.74063
mp-2083,Sn2Ir,Cubic,5.78808,11.05595,33.475,91.1859,210.94534
mp-19962,Sn2Pt,Cubic,5.78808,10.52761,28.197,76.80863,194.70312
mp-1883,SnTe,Cubic,8.68212,6.32471,27.868,67.27335,217.37243
mp-74,Rh,Cubic,17.36424,12.39798,150.16,376.00064,482.59281
mp-16497,ScAlCu2,Cubic,4.34106,5.65075,52.175,134.6115,414.56248
mp-16524,ScAlPd2,Cubic,4.34106,7.38825,41.369,112.19273,315.67685
mp-3791,ScCo2Sn,Cubic,4.34106,7.89971,75.57,191.64552,418.26085
mp-549,ScSb,Cubic,8.68212,5.41587,33.538,85.92436,280.32927
mp-4897,ScSnPd2,Cubic,4.34106,8.90066,34.491,94.71229,255.20295
mp-981,SrF2,Cubic,5.78808,4.27951,32.403,83.53493,362.72479
mp-2472,SrO,Cubic,8.68212,4.9876,55.772,137.31066,428.32636
mp-5407,TiAlCo2,Cubic,4.34106,6.56475,98.873,250.74193,560.3237
mp-4771,TiAlCu2,Cubic,4.34106,6.27587,58.316,152.90455,429.87328
mp-31187,TiAlFe2,Cubic,4.34106,6.38016,85.502,222.1342,531.44879
mp-3340,TaAlCo2,Cubic,4.34106,10.42416,103.041,264.40321,445.38802
mp-1086,TaC,Cubic,8.68212,14.37121,176.246,447.55909,520.14555
mp-631,TiC,Cubic,8.68212,4.89416,172.363,420.91045,903.16304
mp-3657,TiCo2Si,Cubic,4.34106,6.89275,96.955,251.50127,551.38988
mp-21467,TiCo2Sn,Cubic,4.34106,8.48566,77.267,200.58513,418.20693
mp-19963,TiFe2Sn,Cubic,4.34106,8.5871,108.178,271.09407,495.54669
mp-215,YSb,Cubic,8.68212,5.83845,34.094,85.30319,257.258
mp-5538,YSnPd2,Cubic,4.34106,9.0441,14.252,40.96025,159.10009
mp-10018,Ac,Cubic,46.20599,8.15787,13.226,33.43533,117.15417
mp-124,Ag,Cubic,17.28523,10.36257,13.21,37.72776,148.81781
mp-10750,Dy,Cubic,31.50348,8.56533,26.058,64.57172,182.24747
mp-10752,Er,Cubic,30.50021,9.10617,26.865,66.46401,181.43883
mp-12093,Ge,Cubic,18.47865,6.52762,27.414,71.87951,260.40822
mp-634659,H2,Cubic,39.99374,0.04185,0.048,0.13066,111.11633
mp-8640,Hf,Cubic,22.33667,13.26919,45.446,118.79584,218.97891
mp-753304,Hg,Cubic,27.3694,12.17007,3.256,8.4135,58.79938
mp-10157,K,Cubic,78.04565,0.83188,1.235,3.32215,94.54282
mp-612118,Kr,Cubic,48.60233,2.86303,0.205,0.55186,25.88878
mp-156,La,Cubic,37.69881,6.11844,14.36,34.83736,149.76273
mp-51,Li,Cubic,20.34726,0.56645,3.618,9.98568,310.91233
mp-8634,Mn,Cubic,10.44324,8.73549,120.902,317.24685,569.95144
mp-721759,N2,Cubic,7.50279,3.1,0.17,0.36686,53.13674
mp-974558,Na,Cubic,37.54449,1.0168,2.856,7.63123,166.88239
mp-159,Nd,Cubic,35.35195,6.77528,18.911,47.35314,168.40935
mp-8643,Os,Cubic,14.20098,22.24385,247.391,613.52968,455.82605
mp-674158,P,Cubic,121.30164,0.42401,0.027,0.07474,17.45356
mp-10740,Pa,Cubic,25.2149,15.21497,50.133,127.83915,205.31155
mp-97,Pr,Cubic,37.28132,6.27614,16.891,43.13961,162.25059
mp-114,Pu,Cubic,25.16236,16.10228,17.687,45.38484,120.42323
mp-12628,Rb,Cubic,96.44792,1.47149,0.899,2.43629,56.58128
mp-8642,Re,Cubic,14.8661,20.79927,195.364,497.00602,414.25507
mp-8639,Ru,Cubic,13.62484,12.31799,198.805,489.45791,557.29258
mp-36,Sc,Cubic,25.19608,2.9628,22.413,58.58758,311.19341
mp-21377,Sm,Cubic,33.83157,7.38005,22.798,56.58464,179.51759
mp-1022725,Sn,Cubic,27.36253,7.20411,15.269,41.25684,162.30259
mp-76,Sr,Cubic,55.83497,2.60583,5.411,13.93874,124.72797
mp-7163,Tb,Cubic,32.00469,8.24572,25.572,63.31627,183.0433
mp-8638,Tc,Cubic,14.32752,11.35806,140.215,363.71771,482.71094
mp-6985,Ti,Cubic,17.34585,4.58236,37.093,99.92854,367.73594
mp-9,Y,Cubic,33.24049,4.44132,23.2,58.232,234.12846
mp-162,Yb,Cubic,29.8209,9.63551,8.32,21.01632,104.32381
mp-8635,Zr,Cubic,23.22823,6.52142,29.84,80.62768,251.15681
mp-1878,HfBe13,Cubic,8.82475,3.97369,129.905,289.68815,901.83748
mp-397,KCd13,Cubic,23.80127,7.47722,24.319,60.31112,208.79451
mp-950,NaZn13,Cubic,15.70671,6.59482,47.603,114.53282,356.03731
mp-1562,ThBe13,Cubic,9.89404,4.18617,106.867,246.22157,769.59628
mp-4842,Al2ZnS4,Cubic,17.9034,3.28112,45.424,115.6495,473.3098
mp-559200,Cd(InS2)2,Cubic,23.29216,4.78986,22.102,59.41018,252.74534
mp-2088,CeAl2,Cubic,20.91608,5.13602,49.823,122.166,372.69787
mp-204,CeFe2,Cubic,16.54763,8.42283,13.894,39.23666,168.72671
mp-582,CeIr2,Cubic,18.25105,15.90841,73.319,195.61509,272.9927
mp-1687,BaPd2,Cubic,21.8405,8.87443,24.388,65.8476,199.38002
mp-747,BaPt2,Cubic,21.57255,13.53458,39.324,104.68049,205.12269
mp-568430,BaRh2,Cubic,20.65905,9.19362,30.235,81.87638,222.26988
mp-569364,Be22Re,Cubic,8.26886,3.35694,150.5,330.197,1077.56978
mp-23341,Bi2Pt2O7,Cubic,12.87648,10.78713,76.076,199.92773,379.37481
mp-23445,Bi2Ru2O7,Cubic,12.34908,8.94932,94.649,241.16565,468.85112
mp-951,CeRh2,Cubic,18.06724,10.59792,49.52,133.30784,276.0167
mp-20456,Co3Se4,Cubic,17.70951,6.59894,38.025,100.9944,305.574
mp-22803,Cr2CuS4,Cubic,16.97735,4.13311,39.715,104.52988,402.30735
mp-5602,Cr2HgSe4,Cubic,22.73497,6.47357,24.062,64.48616,228.21558
mp-559998,Cs(OsO3)2,Cubic,14.69817,7.64924,83.735,207.99774,447.89258
mp-1757,DyFe2,Cubic,16.25967,9.334,30.837,83.07488,239.28762
mp-1358,DyIr2,Cubic,17.82896,16.97996,87.843,229.6216,290.71303
mp-1388,DyRh2,Cubic,17.48839,11.65716,61.485,162.81228,296.56512
mp-1208,ErAl2,Cubic,19.58017,6.25374,59.812,144.38617,378.56059
mp-474,ErFe2,Cubic,15.92927,9.69297,38.227,101.53091,262.54552
mp-1495,ErIr2,Cubic,17.61349,17.33723,90.008,235.28091,292.44181
mp-1939,ErNi2,Cubic,14.56557,10.81696,47.466,126.16463,288.12561
mp-1762,ErRh2,Cubic,17.25396,11.96822,62.27,165.38912,296.12682
mp-754826,CsScO2,Cubic,23.06391,3.77734,14.836,41.24408,235.1113
mp-1029293,CsVN2,Cubic,18.15319,4.84491,43.204,114.05856,380.10632
mp-16267,Dy2CdS4,Cubic,25.3503,5.29336,22.866,61.09795,237.07348
mp-14069,CsAlO2,Cubic,16.7552,4.75425,47.586,121.82016,412.12363
mp-640321,CsNa2Ge17,Cubic,23.49747,4.99546,24.137,60.05286,255.88588
mp-995,EuIr2,Cubic,18.53823,16.01573,65.4,173.1792,255.43803
mp-1854,EuPd2,Cubic,19.5532,10.32689,35.417,94.06755,230.60036
mp-510619,Fe3Mo3N,Cubic,12.29104,9.05879,48.139,132.86364,334.38993
mp-722913,Hf3Zn3N,Cubic,15.1251,11.69551,84.456,209.7887,360.49747
mp-1926,HoFe2,Cubic,16.10649,9.50629,34.701,91.40243,251.28438
mp-673,HoNi2,Cubic,14.69801,10.63179,47.113,125.50903,288.65445
mp-546,HoRh2,Cubic,17.37871,11.80814,61.943,164.14895,296.45589
mp-2694,LaAl2,Cubic,22.38147,4.7698,45.077,109.62726,359.49345
mp-1463,LaIr2,Cubic,19.09263,15.17209,65.07,173.60676,259.40429
mp-1702,LaRh2,Cubic,18.70366,10.20148,42.873,116.01434,259.66171
mp-510430,Li13In3,Cubic,18.03302,2.50171,17.785,42.25716,334.77544
mp-22961,Li2ZnCl4,Cubic,19.4274,2.6998,15.897,40.88708,301.91604
mp-12533,La2Hf2O7,Cubic,14.07301,8.01062,89.983,227.47702,460.99487
mp-1307,LiGa,Cubic,14.62205,4.35314,20.189,52.24913,295.01362
mp-22460,LiIn,Cubic,19.78225,5.11028,7.674,21.34907,153.54615
mp-2206,LuCo2,Cubic,14.59282,11.10732,52.371,144.02025,297.63453
mp-2463,LuFe2,Cubic,15.57608,10.18667,46.961,123.88312,285.43939
mp-2130,LuNi2,Cubic,14.20689,11.39037,50.812,123.67641,289.06063
mp-684031,Mg3(TiAl9)2,Cubic,17.06561,2.76814,51.059,126.11573,552.698
mp-15974,Mn(CrS2)2,Cubic,18.54059,3.67449,34.024,90.2997,383.76105
mp-3138,Na8SnSb4,Cubic,31.04536,3.24903,8.832,22.89254,175.27905
mp-30352,NaAg2,Cubic,20.642,6.40142,20.815,54.49367,220.74892
mp-1052,NaAu2,Cubic,20.0959,11.48355,26.679,71.12621,188.75658
mp-5977,Nd2Zr2O7,Cubic,13.93616,6.31434,86.085,218.82807,510.50085
mp-400,NdAl2,Cubic,21.47394,5.10894,47.046,115.92134,360.72938
mp-890,NdIr2,Cubic,18.71093,15.63947,78.105,205.10373,281.17718
mp-2720,NdPt2,Cubic,19.47511,15.18876,67.611,176.59993,261.8666
mp-1050,Ni3S4,Cubic,14.77182,4.88738,45.039,119.9839,414.7637
mp-1189,PrAl2,Cubic,21.85173,4.93615,44.934,111.97553,357.03575
mp-946,PrIr2,Cubic,18.9187,15.37016,75.41,198.47912,277.74397
mp-2529,PrRh2,Cubic,18.58005,10.329,50.28,134.54928,279.60668
mp-14070,RbAlO2,Cubic,16.13004,3.71763,43.214,112.01069,450.99024
mp-754596,RbGaO2,Cubic,18.25701,4.25639,24.897,67.52066,309.24894
mp-10953,Sc2CdS4,Cubic,22.43291,3.49579,24.821,66.56992,316.52054
mp-850,ScNi2,Cubic,13.41706,6.69735,61.092,160.30541,425.38291
mp-4408,Sm2Zr2O7,Cubic,13.62336,6.59491,87.474,222.35891,507.48916
mp-1402,SmNi2,Cubic,15.44816,9.59346,42.419,112.7497,283.47668
mp-1127,SmPt2,Cubic,19.11492,15.65213,70.297,183.47517,264.68642
mp-840,SmRh2,Cubic,18.03113,10.93361,55.461,147.63718,288.11039
mp-5548,Ta2Cd2O7,Cubic,12.81746,8.22913,84.063,213.68815,454.83382
mp-4991,Tb2Sn2O7,Cubic,12.86488,7.82979,91.856,232.7631,486.46419
mp-756,TbAl2,Cubic,20.16305,5.84418,56.275,136.6357,376.24511
mp-2265,TbCo2,Cubic,15.33179,9.99282,22.507,56.94271,200.31437
mp-2725,TbIr2,Cubic,17.94653,16.75847,86.675,226.7418,290.02981
mp-276,TbNi2,Cubic,14.96775,10.21813,45.523,121.18223,287.56353
mp-1187,ThIr2,Cubic,18.92377,18.03157,75.228,200.85876,256.54478
mp-3951,Ti2CuS4,Cubic,17.73168,3.8468,37.972,101.23335,403.29079
mp-318,SrIr2,Cubic,19.10409,13.67708,51.052,137.22778,242.49329
mp-1558,SrPd2,Cubic,20.31982,8.18455,31.664,83.97293,241.69221
mp-1349,SrPt2,Cubic,20.00623,13.21898,51.148,134.00776,242.21252
mp-13801,Tl2Pt2O7,Cubic,12.07796,11.38539,83.891,216.271,395.3165
mp-4324,Tm2CdS4,Cubic,24.52122,5.59683,23.205,62.1894,235.06545
mp-858,TmAl2,Cubic,19.4056,6.35778,60.864,146.80397,379.8351
mp-35785,Y2CdS4,Cubic,25.45752,3.89953,22.805,60.93496,275.38066
mp-752849,Y2Pb2O7,Cubic,13.81261,7.69629,70.675,181.35205,421.31404
mp-3370,Y2Sn2O7,Cubic,12.79658,6.21957,91.448,231.36344,545.63522
mp-2322,YAl2,Cubic,20.14702,3.92514,61.069,145.95491,477.17777
mp-1570,YFe2,Cubic,16.53885,6.71343,32.771,87.49857,288.36801
mp-281,YbCo2,Cubic,14.68847,10.96237,14.307,40.83218,158.32964
mp-4697,Zn(CrSe2)2,Cubic,20.91924,5.50254,33.234,86.47487,297.50699
mp-5794,Zn(GaO2)2,Cubic,10.36768,6.15154,76.893,200.22937,542.91297
mp-5146,Zn(RhO2)2,Cubic,11.08773,7.17192,56.385,152.12673,423.73627
mp-1718,ZrFe2,Cubic,14.88155,7.5473,71.586,184.83505,414.54119
mp-675,ZrW2,Cubic,18.5703,13.67826,87.007,229.87249,318.21593
mp-1401,ZrZn2,Cubic,16.59225,7.40726,60.056,150.98078,370.7748
mp-2031,Be2Cu,Cubic,5.78808,5.10935,126.036,288.37037,787.72071
mp-833,CaPd2,Cubic,5.78808,7.41921,38.03,100.47526,284.98451
mp-842,CaPt2,Cubic,5.78808,12.71174,58.912,153.99597,270.91499
mp-571262,CaRh2,Cubic,5.78808,7.69827,50.018,131.54734,327.67618
mp-2404,CaAl2,Cubic,5.78808,2.44966,35.322,87.52792,453.3651
mp-32,Ge,Cubic,17.36424,5.28021,45.07,107.35674,340.67497
mp-333,HfFe2,Cubic,5.78808,11.14843,83.525,214.1581,372.51926
mp-1400,HfW2,Cubic,5.78808,16.60123,94.6,248.6088,303.02389
mp-514,HfZn2,Cubic,5.78808,10.63908,59.457,151.13969,311.85697
mp-1067,LiAl,Cubic,8.68212,1.77942,32.432,79.4584,561.92103
mp-1437,LiCd,Cubic,8.68212,5.35549,11.921,32.13902,189.91812
mp-1934,LiZn,Cubic,8.68212,4.31098,22.505,57.20771,317.51264
mp-3536,MgAl2O4,Cubic,2.48061,3.58214,98.235,249.90984,826.09083
mp-1038,MgCu2,Cubic,5.78808,5.95925,42.44,110.25912,369.94429
mp-117,Sn,Cubic,17.36424,5.56078,22.399,55.59432,203.05694
mp-540,ScFe2,Cubic,5.78808,5.97025,65.405,167.17518,447.68998
mp-149,Si,Cubic,17.36424,2.3128,62.445,151.74135,629.96801
mp-10721,Ti2C,Cubic,5.78808,4.46158,84.645,206.02593,604.87349
mp-567276,TaV2,Cubic,5.78808,10.46317,26.294,75.46378,218.29121
mp-2749,TiBe2,Cubic,5.78808,3.28074,108.384,251.88442,842.63825
mp-2762,YIr2,Cubic,5.78808,14.61389,88.026,229.74786,312.96454
mp-921,YRh2,Cubic,5.78808,9.25439,61.818,163.32316,332.6683
mp-66,C,Cubic,5.64329,3.53415,519.951,1115.81485,2215.31524
mp-16220,Si,Cubic,23.24797,2.00607,37.17,92.77632,499.44345
mp-697126,Ca4(H4Rh)3,Cubic,10.11366,4.15761,40.914,104.00339,482.0921
mp-542496,Ca6Ag16N,Cubic,20.40488,7.00701,24.717,65.69779,230.83635
mp-23158,He,Cubic,17.29396,0.38432,0.124,0.35737,74.44182
mp-22344,Sn7Ru3,Cubic,20.80295,9.05328,36.31,97.81914,244.60733
mp-122,Ba,Cubic,17.36424,3.50831,5.667,14.03149,103.95113
mp-90,Cr,Cubic,17.36424,6.59878,76.972,208.07071,477.31251
mp-13,Fe,Cubic,17.36424,7.90286,67.563,182.82548,428.98346
mp-936,Hg4Pt,Cubic,3.47285,13.22295,30.648,78.76536,173.90742
mp-129,Mo,Cubic,17.36424,10.02491,117.048,305.72938,452.4393
mp-75,Nb,Cubic,17.36424,8.44967,25.854,73.83902,224.91541
mp-146,V,Cubic,17.36424,6.37754,40.746,113.68134,360.54536
mp-91,W,Cubic,17.36424,19.16071,148.152,382.02475,368.08453
mp-20,Be,Cubic,7.87116,1.90125,111.454,257.68165,1258.52059
mp-568610,Bi,Cubic,31.11692,11.15214,16.667,45.23424,130.46977
mp-570002,C,Cubic,7.10136,2.80851,219.493,533.36799,1518.92523
mp-1,Cs,Cubic,122.47682,1.80193,0.604,1.64409,38.749
mp-998883,Ge,Cubic,18.1895,6.63139,19.966,54.028,223.09604
mp-1017981,Hg,Cubic,27.00558,12.33403,2.877,8.30302,55.34707
mp-135,Li,Cubic,20.34159,0.56661,3.745,10.30624,316.30488
mp-110,Mg,Cubic,22.28503,1.81105,9.504,26.25005,274.97388
mp-70,Rb,Cubic,94.43963,1.50279,0.82,2.24024,54.08546
mp-10641,Sc,Cubic,25.15796,2.96729,10.981,30.81269,220.95829
mp-7162,Sn,Cubic,27.20497,7.24583,11.057,30.73846,138.65404
mp-95,Sr,Cubic,55.44915,2.62396,7.209,18.16668,143.11772
mp-50,Ta,Cubic,18.12997,16.57316,64.83,175.041,252.4995
mp-71,Yb,Cubic,30.29421,9.48497,10.038,24.87416,113.978
mp-3384,Er3Al5O12,Cubic,10.59445,6.49421,105.755,263.75297,610.15625
mp-3050,Y3Al5O12,Cubic,10.80871,4.55987,103.015,257.12544,713.9062
mp-570845,Zn(GaNi)3,Cubic,13.44432,7.95169,65.19,167.66868,400.1762
aflow:001a4bbb607a30b0,Nb2P2,Tetragonal,16.2039,6.3475,79.1079,203.474,469.053
aflow:0035c52ef4fe3fdc,Pt10Se8,Monoclinic,18.9249,12.5892,46.8773,125.786,245.998
aflow:004419866f33d7b2,Ga1Pd2Sc1,Cubic,16.601,8.18949,30.5452,84.5282,248.895
aflow:006fb71322057339,Cs3In9,Tetragonal,36.8414,5.37904,13.0319,32.5745,148.99
aflow:007edcc20ee1c898,Ca1S1,Cubic,23.3449,2.56569,38.9633,95.2327,436.099
aflow:008f8da25d4acde9,Ag2I2,Tetragonal,33.7968,5.76754,4.23405,11.238,133.151
aflow:0096426c57ae3f16,Ag1Zr2,Tetragonal,21.5623,7.45234,34.2884,91.7458,258.016
aflow:009ca3e52fd070b4,La6Ru8Sn26,Cubic,24.755,7.92862,31.6573,84.1508,230.033
aflow:009e856d237a0cd3,Cu1Hf1Hg2,Cubic,19.0498,14.017,15.6848,44.7376,134.009
aflow:00a84646b3922c25,Ca4Ge4Ni6,Orthorhombic,18.2498,5.21772,40.3887,101.729,358.008
aflow:00cd175b0c3d7492,Mn2Sc4Se8,Cubic,25.891,4.22096,19.8656,53.4678,248.911
aflow:00cdc20a7cbc8937,Ge1Ni2Zn1,Cubic,11.8015,8.98233,42.8333,117.603,312.156
aflow:00d4123713eaf16f,As4Co2,Orthorhombic,15.3833,7.51205,87.5661,212.017,444.905
aflow:00d5318ea4c2f57d,Cu4Ni1Yb1,Cubic,14.2515,9.43621,37.0204,98.9163,250.133
aflow:00daf46bc3833338,Cr4La4S12,Orthorhombic,20.4742,4.65669,45.4029,114.93,383.129
aflow:00fc9c966a3fa36d,Cu4Sb4Se8,Orthorhombic,24.5761,5.79754,19.7591,50.5881,255.048
aflow:011791cabef22ceb,As2Ba2Cu2,Hexagonal,25.7276,5.93361,34.2332,83.9866,257.911
aflow:011b17af29b373b6,La3Sn7,Orthorhombic,29.8619,6.93727,24.8106,64.4026,200.961
aflow:0129878b3f6b76d4,Cd2Er4Ge4,Tetragonal,21.9778,8.94741,49.104,121.762,269.963
aflow:012e952be3f6311f,F9Y3,Cubic,13.0594,4.63794,49.8366,127.594,489.191
aflow:0132ab6b9cddd429,Pb3Yb1,Cubic,30.1268,10.9498,18.7323,45.191,165.058
aflow:01481e25e4e09b70,Bi2Er6Mn1,Hexagonal,27.3546,9.95858,37.3113,92.8005,212.024
aflow:015780f696dcf7c1,Cu36Ga16,Cubic,12.9001,8.42504,54.6102,142.023,336.837
aflow:0164efa5098257b9,Ir8Zr16,Cubic,20.3264,10.2025,28.7191,80.453,217.967
aflow:01692a28f1f2dd06,Ho12Ru4,Orthorhombic,25.9246,9.54162,28.0131,73.2583,201.985
aflow:01758f0392712488,Cr3N1Pt1,Cubic,14.5073,8.35768,54.0256,140.163,343.932
aflow:0177b88e5627be73,Ga4Ho2Pd2,Orthorhombic,18.4683,9.23415,46.7327,120.908,277.089
aflow:018580c862562859,Ce1Tl3,Cubic,27.4639,11.3856,22.5359,59.7677,148.013
aflow:01a1f3fb30a91645,Ge8,Hexagonal,23.6513,5.0965,46.2513,110.965,329.987
aflow:01a40028ad8815a4,As1Rh2,Cubic,15.5065,10.0209,74.0754,197.301,353.018
aflow:01a70da6b0c35513,Li2Se1,Cubic,18.2036,2.82303,27.107,64.1962,369.733
aflow:01ab8b80d4bc4c9e,Ga3Ni5,Orthorhombic,11.5657,9.02113,59.6626,159.995,364.91
aflow:01cd2fc4dc2035af,Ca2Ga4,Hexagonal,21.3022,4.6655,43.6195,101.697,341.195
aflow:01ecb38bdebc3a09,Ag2Dy2Sn2,Hexagonal,24.396,8.82724,39.1573,98.6025,236.943
aflow:01f0334da2961bb4,C1Sn1,Cubic,14.6866,7.38886,85.6568,207.467,444.036
aflow:01f2970f2341e9d8,Si2Th1,Hexagonal,21.6093,7.38234,29.1183,79.5747,239.049
aflow:01f4a70d35a43898,Er1Hg2,Hexagonal,23.8653,13.184,29.7832,77.9245,169.928
aflow:01f91f60cd246632,S6Zn6,Hexagonal,19.3863,4.17313,35.613,91.5466,348.987
aflow:01fa5c13aa409040,As8Ga8,Cubic,21.6969,5.53562,41.2214,100.837,323.009
aflow:0213085c7ff3e4be,Al2Cu2O4,Hexagonal,10.2056,4.98403,75.874,197.873,590.863
aflow:022594f5c2e9af37,Cu2Nb8Si2,Tetragonal,16.5354,7.75364,85.7736,222.267,429.069
aflow:024a718017fd90ef,Rh4Sb12,Cubic,25.6019,7.59113,51.0463,128.208,285.094
aflow:0251b0696ee50e10,Co8Ge26Lu6,Cubic,16.3788,8.63944,66.5866,166.328,349.038
aflow:0259d68674b800c3,B28,Orthorhombic,6.9882,2.56868,235.923,523.336,1622.02
aflow:02606407b3d5e7ab,Nb2Pt2,Orthorhombic,16.5389,14.4577,85.0118,225.547,319.006
aflow:0262e761a2b03f0f,Pd1Zr2,Tetragonal,20.2039,7.91318,46.4699,123.898,292.978
aflow:026d53f8b797a05e,Au2Ta6,Cubic,18.3374,16.7484,59.4105,161.579,236.002
aflow:026d6e08c98dbea7,Al3La1Pd2,Hexagonal,18.8077,6.36647,49.6809,128.478,342.065
aflow:028476054f7dbf3d,Co4Er4Ga4,Orthorhombic,16.8843,9.70137,32.525,88.222,238.997
aflow:028a9b304113a9c2,C1In1La3,Cubic,29.6516,6.08792,33.7198,84.2898,249.041
aflow:02918067ce677bf4,K2O1,Cubic,22.7416,2.29266,12.5009,32.5469,260.925
aflow:029e474215844031,Ga4La4Pt4,Orthorhombic,22.0301,10.1439,23.1236,63.986,182.066
aflow:029f2208a4366d61,Bi2Ho6Rh1,Hexagonal,27.6959,10.0623,24.1127,63.4722,178.031
aflow:029fe9751aa1f2e7,Mo2P4,Orthorhombic,14.9707,5.83761,126.195,303.373,631.054
aflow:02c358a7dc44aac2,Sc4Te4,Hexagonal,26.3779,5.43136,29.7538,77.1215,257.043
aflow:02de8fc28502ff13,Ge6Rh10,Orthorhombic,14.3865,10.5655,62.4228,167.265,349.966
aflow:02dec0b796759ab7,C1Er1Rh3,Cubic,14.2877,11.3429,79.8946,211.844,359.071
aflow:02f0db62eca4baea,Rh1Y1,Cubic,20.0279,7.95165,41.1834,110.155,272.937
aflow:030fa021c2a666f9,F12Na4Zn4,Orthorhombic,11.6437,4.14619,35.9334,92.9033,430.305
aflow:032645bbe4ef9028,Mn2Te2,Hexagonal,26.3205,5.75809,20.2234,53.7612,204.976
aflow:03272c182775a496,Mn2Si2Y1,Tetragonal,18.4199,4.59676,61.8221,148.898,442.203
aflow:032b67f4287490a2,Ca8H4N4,Cubic,16.1743,2.44278,39.7447,96.3531,562.883
aflow:033207703b32945f,Ni3P3W3,Hexagonal,12.389,12.22,80.468,218.323,370.033
aflow:0333f4a56bc81637,Ir4Si4Ta4,Orthorhombic,14.9032,14.9028,129.538,332.657,395.062
aflow:035c219449edca3f,Sb1Tl1,Cubic,38.8079,6.97712,14.2729,37.0796,136.075
aflow:0360ce1f6f02c4b4,Al40V4,Cubic,17.2135,2.81296,39.6493,103.08,469.962
aflow:0361058f418da352,B8Fe4,Orthorhombic,7.08807,6.04946,232.537,556.415,1049.89
aflow:037533a6eb09be9b,Pb4Sr8,Orthorhombic,39.7103,5.33075,12.8263,32.3808,153.993
aflow:037bff19ad42b82f,Br1K3O1,Cubic,29.5447,2.39653,12.5832,30.9863,235.057
aflow:0393c62d375f5ec6,Au4In8Na12,Cubic,26.6967,5.13749,8.23354,22.1349,148.82
aflow:0396031d8cb895c3,Ba1Fe1O3,Cubic,13.0742,6.1263,73.8705,184.135,466.137
aflow:03988d8bec1cfd41,Al1Pt3,Cubic,14.7631,17.2164,68.2604,186.048,264.991
aflow:03a5f896f948a2e7,Ga2P2,Hexagonal,20.6726,4.04484,51.0589,126.036,410.018
aflow:03ae9fb0ad91fcf6,Ag1In5Te8,Tetragonal,36.4973,5.53371,11.8548,30.1089,183.974
aflow:03bf7fb7266a64ab,Au2O4Sc2,Hexagonal,14.6522,7.76088,39.4848,107.222,310.975
aflow:03c11dea6b39bb41,La1S1,Cubic,23.6164,6.01055,39.8006,101.93,293.064
aflow:03c931a8f4358a23,Ba1O3Pu1,Cubic,17.1639,8.30831,57.0776,147.954,331.063
aflow:03d59a9ad8934f55,Ir4Zr12,Tetragonal,20.7578,9.31713,22.1429,62.8422,192.977
aflow:03d68fb0a1b0973e,Dy2S4,Tetragonal,19.7673,6.34569,46.7831,120.255,325.982
aflow:03df7938ea1e3872,Li3Sb1,Cubic,17.6357,3.35609,26.0453,61.8089,335.039
aflow:03e0274d54e84d9a,Ba2Be4N4,Tetragonal,13.707,4.44283,61.9904,153.686,521.929
aflow:03e66c089b82497c,Au2Nb1,Hexagonal,17.5734,15.3341,59.4529,159.492,246.967
aflow:03fd9bf009e5bf52,Dy2Pd2Sb2,Hexagonal,22.7714,9.49567,32.834,87.8227,221.031
aflow:03fde0d245050018,Cd2Cu2F8,Tetragonal,12.6938,5.49315,33.836,90.1112,361.128
aflow:0403be53d36aa9ba,Hf2Si4,Orthorhombic,16.3995,7.92023,93.691,226.785,446.898
aflow:04054d4e6b661aea,Pt1Sb1Tb1,Cubic,24.0282,10.9597,46.78,121.419,234.017
aflow:0411719272cd9e88,F3Na1V1,Cubic,14.3955,3.0205,25.5723,68.1533,382.929
aflow:04121cae6016866a,C4Os8Zr16,Cubic,17.4917,10.2703,79.4066,208.439,354.004
aflow:042ae8e78da434b2,La4Sb2,Tetragonal,33.7543,6.55212,29.3254,74.1226,213.992
aflow:0449551808fa2508,B4Nb6,Tetragonal,12.9772,7.68617,168.68,407.764,649.968
aflow:044ad6823da5aa39,Hf4P4,Hexagonal,18.0635,9.6278,82.0453,207.065,368.051
aflow:047348a26953adbe,Ag2In1Y1,Cubic,21.4201,8.12943,19.4227,53.5122,178.898
aflow:049800151e020554,Ge4Ir4Mn12,Cubic,16.1937,8.81096,47.4245,124.448,302.99
aflow:04a2d01b34ff1142,P1Sn1,Cubic,22.611,5.49562,38.5553,98.2915,302.127
aflow:04aa6b942929f4e9,Er3Pd3Sn3,Hexagonal,21.8684,9.93083,37.3091,99.2695,223.078
aflow:04ae1ba1cf825b92,B2Mg16Rh8,Cubic,17.4032,4.52763,29.0538,77.4941,339.045
aflow:04b2492d8ca90912,P4,Cubic,14.6068,3.52119,82.5862,199.295,609.852
aflow:04b8f1a3762e82cb,Fe4Si4Ta4,Orthorhombic,14.7706,9.92614,89.7236,228.408,401.963
aflow:04c1e3d16ba9bf64,O3Re1,Cubic,13.7296,7.08131,122.915,313.164,567.933
aflow:04ca355af458d4a6,C1Ce1,Cubic,17.4773,7.22707,72.8587,184.289,416.023
aflow:04cbb93ef62c455f,Hf3Rh3Sn3,Hexagonal,19.0663,11.6149,49.8145,134.799,254.946
aflow:04cd4565fe9dbcd2,B1In1Sc3,Cubic,21.55,4.01453,54.5727,132.068,428.977
aflow:050dd375aef72782,S12Y8,Orthorhombic,21.7724,4.17937,40.8741,104.362,383.095
aflow:053c495710bf1126,Ga4Ir4Y4,Orthorhombic,19.0223,10.2094,29.9397,83.3259,211.011
aflow:054123e54b15f7eb,Ir1N1,Cubic,12.3295,13.8873,28.2691,81.7712,208.042
aflow:054c39e780b03cb3,Co4Sn4Tb4,Orthorhombic,22.796,8.1718,44.4214,110.856,268.093
aflow:0558951a7db02a0b,In1P1Pt5,Tetragonal,15.8546,16.7763,60.2943,164.617,250.033
aflow:05869eb713002f0e,Zr2,Hexagonal,23.4192,6.46795,35.9976,95.8433,273.949
aflow:058bd1898f1ef628,Al36Mg6Mn4,Cubic,17.396,2.77426,25.3083,67.2923,375.124
aflow:059e23974aa9d010,Na1O3W1,Cubic,12.1255,6.97981,99.8725,258.119,531.866
aflow:059e25f57cc58053,C6Si6,Hexagonal,10.4958,3.17182,187.749,435.199,1109.75
aflow:05ba1c243fbd3cdd,Cd6Ho2,Orthorhombic,23.5979,8.83403,26.3701,68.2776,197.01
aflow:05c3474a8625fbd6,O8Pt6,Cubic,12.8599,11.9767,57.2648,157.534,308.031
aflow:05d3592526d7ddc7,Hf4Pt12,Hexagonal,16.0469,19.7585,105.132,274.216,296.949
aflow:05d40d048cd26a94,N4Ni8Ta16,Cubic,14.1901,14.2963,112.971,291.288,387.94
aflow:05e1e26d2863644d,C1Zr1,Cubic,16.6791,5.13874,30.2085,84.7609,316.951
aflow:0637de345cdce557,In3Zr1,Tetragonal,22.5539,8.01929,51.6571,127.393,286.033
aflow:063fc233ec9f65f5,B2Ge6Ta10,Hexagonal,15.7388,13.2858,108.268,274.437,378.054
aflow:0646390e435418ab,Mg4Se8,Cubic,23.0508,4.37573,28.8189,72.5924,308.979
aflow:0655bb1b738565e8,Al1Ba1Si1,Hexagonal,27.9231,3.81384,37.7146,90.0705,336.952
aflow:065bc33863b0165a,Li2Pd1Sb1,Cubic,16.226,6.19227,22.9576,61.8238,242.832
aflow:0664f987bfcf9283,Te2V2,Hexagonal,24.5754,6.03195,33.0608,83.7704,261.031
aflow:06699819a26d36e6,La1Te1,Cubic,31.1547,7.10234,34.8736,86.9002,228.063
aflow:0672a237c32c3a20,Ru4Si4Ti4,Orthorhombic,14.854,6.59773,93.0722,240.007,508.049
aflow:067fa0e44493c0a4,B4Mo4Nb2,Tetragonal,12.1066,8.40536,165.997,413.715,628.89
aflow:06823edbc5951c56,Ge4Rh8,Orthorhombic,14.1926,10.8577,69.2597,185.217,353.992
aflow:0685d1b08eca1734,Ru8Sc4,Hexagonal,16.8245,8.12928,38.6178,107.23,280.063
aflow:06aa18440edae27f,Ge4Pt4Y4,Orthorhombic,19.5572,10.0922,54.8259,142.516,289.015
aflow:06ba1197c4dca0d1,Gd2O8V2,Tetragonal,14.2398,5.29012,47.016,124.827,459.076
aflow:06c4f5b0f1a49096,Al1N1,Cubic,8.41231,4.04541,213.815,500.479,1122.12
aflow:06cd22a62d375864,Co4Sb12,Cubic,23.4529,7.5084,56.2477,136.299,309.955
aflow:06d78e7954a45ded,Al6Hf2,Tetragonal,17.1938,6.26392,79.717,191.242,445.946
aflow:06da60e70138ffb6,F14Sr4Zn3,Hexagonal,13.8301,4.64602,30.8512,80.5443,372.737
aflow:06e0f2d2ba697393,Cu4In1Tb1,Cubic,15.9796,9.14339,48.9274,125.802,291.902
aflow:06f1bb3cfd366da4,As1U1,Cubic,23.9985,10.8271,9.18979,26.4979,107.017
aflow:06f7c928136026db,Au2Ge2Tb2,Hexagonal,21.3561,11.1055,45.3499,116.574,239.919
aflow:070d1a4de1bb3fe4,Pt3V1,Cubic,15.0742,17.521,99.0821,258.954,297.056
aflow:0748412c3a3db28b,Al1Ru1,Cubic,13.4172,7.92395,96.6456,250.02,481.068
aflow:074d62477ba333c6,Al1Cr1Cu2,Cubic,13.9299,6.14124,37.6162,100.666,326.946
aflow:07506535ec5a26cd,Ge4La2Rh2,Orthorhombic,21.0348,7.6375,41.3717,109.03,282.939
aflow:075befb960a6d22f,As2Hg2K2,Hexagonal,31.3785,5.54968,14.6855,37.0168,179.144
aflow:076adc806cdc6385,Rh4Si4,Cubic,12.9314,8.41039,84.3679,225.068,444.095
aflow:078d522f37517545,Al14Th4,Orthorhombic,21.3328,5.64725,51.403,128.406,356.015
aflow:07af92e96c815589,O3Rb1U1,Cubic,17.0805,7.22327,69.0141,176.26,391.977
aflow:07b0e30c2a75ec20,Na2Pt4,Cubic,17.8885,12.7845,66.3239,168.555,280.014
aflow:07ca124e3b54ff2e,La1Pt5,Hexagonal,18.7486,16.4495,67.7037,180.11,249.924
aflow:07e45d1c86f565ff,Dy2Tl2Zn2,Hexagonal,23.1592,10.3309,44.031,107.132,234.093
aflow:07eac22977da80fe,Rh4Sb8,Monoclinic,22.385,8.56556,55.7394,141.494,302.028
aflow:07eae5aae7ba2e7d,Mn4Te8Zn2,Cubic,28.7276,5.66185,7.54221,21.3543,126.006
aflow:07f268d309e600b2,Hg1Li1,Cubic,18.6693,9.22941,15.9154,41.0578,157.201
aflow:07f9a4be9a1a40d2,Li2Ru2Sn8,Tetragonal,21.8683,7.37533,41.974,103.89,295.085
aflow:0803dfd1d836fe54,Cd4Dy16Rh4,Cubic,26.0114,9.20681,29.6775,76.5921,203.048
aflow:08167170b6a59946,Al1Au2,Tetragonal,16.6083,14.028,23.4401,66.1582,164.992
aflow:082258cc457161b7,Li40Pb12,Cubic,19.9199,4.43102,17.0055,40.3767,236.923
aflow:08394c3822dd81e4,Ru8Sn12,Tetragonal,19.3824,9.56463,60.6954,157.307,313.921
aflow:08476bef4ba9f704,Ba1O3Ti1,Cubic,13.3816,5.78831,106.57,261.629,578.888
aflow:084c8813318ed050,Dy2In2Zn2,Hexagonal,22.7125,8.35174,43.4144,106.516,260.979
aflow:0860600e60bf426b,As16Mg24,Cubic,24.1965,3.05745,26.635,67.7111,331.993
aflow:0869312088931792,Ba1Ge3Pt1,Tetragonal,22.1113,8.26376,39.5018,100.842,255.086
aflow:086e1681681e97fe,Ga2Y2,Orthorhombic,24.1742,5.44865,43.7683,107.642,321.971
aflow:089db02d79e92ef6,Al4Ba1,Tetragonal,23.7345,3.43177,31.3634,78.0579,343.142
aflow:08bf56bf0b207b22,B2Zr1,Hexagonal,10.354,6.03228,228.781,519.921,898.825
aflow:08cc1f2d032fc074,Ce4In2Pt4,Tetragonal,22.975,11.3508,38.7951,103.925,216.962
aflow:08dfa3fbe822d92b,Co1Nb1Sb1,Cubic,17.7377,8.5375,60.7049,159.571,333.003
aflow:0918f04082c5ea07,Ca6Ge26Ir8,Cubic,18.6462,8.16097,50.0357,128.527,313.949
aflow:09298210b07375df,Ga3Hf3Rh3,Hexagonal,16.7883,11.5769,54.2713,146.296,279.989
aflow:093eac89f3019431,Ba6Pb10,Orthorhombic,37.6713,7.97836,15.1379,38.2303,140.972
aflow:09457595b027e910,B2Hf1,Hexagonal,9.96579,11.1144,244.497,553.867,699.987
aflow:094644da74c392d9,Al4Ni2Y2,Orthorhombic,17.8024,4.70015,52.8463,133.779,420.901
aflow:095a60fa8ca0cf2e,Ho6Tl10,Orthorhombic,26.8645,11.7183,18.2787,49.2247,139.065
aflow:0960532b241beba2,Ca1Pd1,Cubic,21.9559,5.53919,23.4866,61.6559,237.996
aflow:099b2305492f3179,Ge4N8Si2,Cubic,9.62587,5.65068,189.138,451.262,859.195
aflow:099e6ecddbb4873c,Pd4Sn4Y4,Orthorhombic,22.6447,7.67512,34.2873,91.6567,244.037
aflow:09a93d8b282e7db4,Ir1Mn1Sb1,Cubic,19.9226,10.2494,36.8979,100.283,230.974
aflow:09be66b9ee3ec794,O4Os2,Tetragonal,11.012,11.1687,109.135,289.266,464.095
aflow:09ce06dcdb3ef9e0,As1Cd1Pt5,Tetragonal,16.5383,16.6785,56.2765,153.079,238.03
aflow:09d0d69e13654651,C1Ni3Zn1,Cubic,10.3491,8.1337,44.7535,124.473,352.062
aflow:09edfe5881c94c85,P12Ru4,triclinic,15.4838,5.2011,115.241,276.422,617.163
aflow:09fcff2bd6ce3986,Os4Te8,Cubic,22.645,10.887,86.7303,211.275,322.912
aflow:0a22469748423b7e,Co2Zr4,Tetragonal,19.8665,6.72505,18.2566,51.5714,201.976
aflow:0a2ad91ef1bbd4e9,Ir4Nb4Si4,Orthorhombic,14.9187,11.6208,127.647,326.629,441.955
aflow:0a2aea5c8588c44a,Si4Zr2,Orthorhombic,16.8321,4.84686,95.607,227.823,571.089
aflow:0a399828945da418,Pd6Si3,Hexagonal,14.2159,9.37915,48.569,133.856,303.966
aflow:0a3f61db91adc40b,S1Tb1,Cubic,21.4118,7.40571,43.381,113.106,287.025
aflow:0a4ae3a985d6767d,Pt4Si4Th2,Tetragonal,18.3912,12.2503,73.1056,191.369,307.031
aflow:0a51a21a7c15d877,Rh3Th1,Cubic,18.8458,11.9118,56.0797,149.738,257.977
aflow:0a650ffe7a878d29,Ir1Si3Y1,Tetragonal,17.1079,7.09301,58.8787,153.58,381.095
aflow:0a808a45fc88ed87,O4S4Zr4,Cubic,16.0068,4.81625,50.5992,134.46,457.086
aflow:0a96527cdb83fd27,C4Cr2Sc2,Hexagonal,11.5192,4.35971,103.456,251.937,719.96
aflow:0a9eef79f2c13231,Te4Y2,Tetragonal,29.4461,6.46833,25.4022,66.3713,213.953
aflow:0aa3abe2f6050c39,Au2Er2Sn2,Hexagonal,23.8275,11.2181,40.202,102.657,222.09
aflow:0aac11f148bc088b,Au4Bi2,Cubic,21.7998,15.3084,26.5625,72.9631,152.063
aflow:0ad8cb50bc290b40,Al2Pd5U1,Tetragonal,16.6242,10.2882,47.1458,125.755,273.004
aflow:0aeb6941dee60e0a,Pa2Sb4,Tetragonal,27.4343,9.57429,41.3062,106.634,224.031
aflow:0b01214ece74b40a,Be6P4,Cubic,13.1242,2.25174,80.9284,191.104,798.164
aflow:0b0765ce5f98b0d4,Cs1,Cubic,115.717,1.90719,0.819158,2.17136,42.9222
aflow:0b08c1c2a12fe964,Nb4Pd4Si4,Orthorhombic,15.3305,8.21004,80.6925,212.21,416.094
aflow:0b0f4769040db6b0,Dy4,Cubic,31.3094,8.61843,26.0604,64.5539,180.996
aflow:0b20629a915a4c54,Ir3Ta1,Cubic,14.8975,21.1116,209.468,517.218,414.936
aflow:0b31604697d14ff4,C1Ho1Rh3,Cubic,14.3418,11.2462,78.9042,209.283,358.986
aflow:0b3a0c3057da1967,Au4Sb8,Cubic,25.9284,9.40298,19.3861,53.1542,163.015
aflow:0b5dd2e20c2f9c5f,Mo6Sb14,Cubic,22.6691,8.35115,50.3161,130.422,287.932
aflow:0b6839bf7e7d3db8,C2Sn2Ti4,Hexagonal,15.8338,5.93847,80.6449,200.315,509.105
aflow:0b8278ce2303db21,Ir8Sn26Yb6,Cubic,24.319,9.66515,24.7352,66.7845,189.975
aflow:0b9ebe3281b078e7,Ni2Sn1Ti1,Cubic,14.5546,8.09957,48.0586,130.44,323.95
aflow:0bc4e2ff418c3658,Ba2Cd1,Tetragonal,47.2524,4.53413,9.89214,24.1347,135.958
aflow:0bc9d5b8bc853e17,In3Pt3Th3,Hexagonal,24.207,12.3921,42.7139,114.209,208.949
aflow:0bd59707063477ec,Mg2O2,Hexagonal,12.2057,2.74163,46.5701,122.754,585.874
aflow:0bd636fe8e8aa7c8,Ce2O4,Tetragonal,16.3876,5.81356,50.9668,136.505,398.992
aflow:0bdcb21b070ee9c8,Be26Hf2,Cubic,8.8224,3.97476,140.939,307.947,900.084
aflow:0befd8b449782996,Au8In8Sr4,Orthorhombic,25.2646,9.34876,15.9469,43.9583,139.913
aflow:0bf997c48fac9fb0,Os1Ti1,Cubic,15.3031,12.9181,136.981,346.701,424.014
aflow:0bfbd3e06ddf9497,Al1Os1,Cubic,13.6339,13.2258,113.239,293.496,400.017
aflow:0c1fb44885f5bf88,Co2Ga1Mn1,Cubic,14.2553,7.06318,51.6939,128.802,345.936
aflow:0c443f85eacd3890,Au1In2,Cubic,24.5408,9.62204,19.7371,52.6954,155.939
aflow:0c4781673ab00865,Nb6Os2,Cubic,17.4248,11.1717,83.9776,224.089,349.976
aflow:0c482f688086202e,Ca1Ga2,Hexagonal,23.106,4.30129,30.4565,73.6448,317.922
aflow:0c63b960ff636225,Br6Ca2In2,Orthorhombic,33.8754,3.8687,6.87816,18.0902,162.149
aflow:0c8ccf8069907fe2,Ge8,Cubic,21.7572,5.54017,39.9227,97.7153,314.864
aflow:0ca271f7da7fe4c6,Co4Dy4Ge4,Orthorhombic,19.191,8.4803,55.6128,136.602,355.768
aflow:0caae8ebce6cd432,As2Au2Ca2,Hexagonal,22.8754,7.54867,28.6543,74.1334,232.919
aflow:0ccbd823c5af618b,Ir1Si3U1,Tetragonal,17.5585,9.73154,58.7451,152.819,313.959
aflow:0ce177aa4bc71358,Mg1Tb1,Cubic,27.3322,5.56598,23.6263,59.5585,223.034
aflow:0cf0aed63b5cc3c0,Ba2Te6,Tetragonal,36.2108,5.96297,15.4745,37.8763,201.071
aflow:0d36cbf7fb265ac7,Bi10La6Sc2,Hexagonal,31.4381,8.84181,25.7609,66.5193,178.926
aflow:0d38a416d5089125,Au1In1Li2,Cubic,17.4307,7.75624,18.9376,50.7103,192.995
aflow:0d41c566b96e2b8b,Au4Ho8,Orthorhombic,25.9063,11.2562,19.6498,53.1854,157.037
aflow:0d4c2a40fe143a57,Be1Rh1,Cubic,10.6659,8.71204,92.2128,241.157,481.073
aflow:0d4deea08191ff0d,Al4Yb2,Cubic,21.1868,5.93055,43.146,100.072,335.002
aflow:0d5795f8d88e5745,O8Si2Zn4,Cubic,9.48023,5.57611,87.1675,227.17,616.786
aflow:0d57d1fc06190bdd,Au1Yb1,Cubic,24.6011,12.4874,14.1942,38.5459,119.947
aflow:0d6343ac98572695,Fe1Ga1Ni2,Cubic,11.9594,8.43377,42.0687,115.942,315.877
aflow:0d64cd2ce9711ac4,Mn4Ni4Si4,Cubic,14.7487,5.31845,36.12,96.2844,364.991
aflow:0d7f47c41fcc015e,Ni4P4S4,Cubic,14.8817,4.52743,53.5683,133.63,471.135
aflow:0d85b3f54582921e,Nb3Re3Si3,Hexagonal,15.2057,11.1823,125.41,321.155,444.98
aflow:0d91f21f39bd0cb6,La1Tl1,Cubic,32.0284,8.89871,15.3247,41.6203,135.002
aflow:0dbf333d56d49923,Ho16O24,Cubic,14.9109,8.41601,65.7443,171.368,375.988
aflow:0dc85129d5df6775,As8Th4,Orthorhombic,25.5356,8.27771,49.0473,124.325,275.054
aflow:0ddad19f04eadab1,Ba1O3Sn1,Cubic,15.266,6.61382,82.4841,203.34,450.086
aflow:0df3ad2dbaa05b51,Er4Ga4Pd4,Orthorhombic,19.4065,9.79437,23.9416,66.2293,196.986
aflow:0e1317893f59ee71,C1Ru3Th1,Cubic,15.706,11.5719,112.106,287.407,407.019
aflow:0e1ce6e7356b1d0b,Cu2Zn1Zr1,Cubic,15.0218,7.83996,40.0028,107.669,297.944
aflow:0e26532e1f564764,Er1Pd1,Cubic,21.0057,10.8167,30.4102,82.2659,200.055
aflow:0e4a5c866567f309,Cd33Na6,Cubic,24.1952,6.77067,16.7642,43.0047,177.894
aflow:0e57645a634065f7,Cu2Er2Si2,Hexagonal,18.1719,7.8858,64.6869,158.924,355.935
aflow:0e58b15dc9ce2110,O12Rh4Tb4,Orthorhombic,11.8734,8.66614,72.5597,192.651,427.943
aflow:0e6cd1ae0109c5c4,Na4S4,Hexagonal,22.4337,2.03739,15.1286,37.9477,352.874
aflow:0e7002383fe4a6c3,Au4Ca4In4,Orthorhombic,24.5986,7.91765,18.774,50.4606,173.887
aflow:0e718cd1dba77a9f,Cs1F3Pb1,Cubic,23.5583,5.59803,16.5431,43.4643,194.934
aflow:0e7c696a2b110cf5,Ti1Zn3,Cubic,15.3494,6.60022,41.7624,106.648,314.884
aflow:0e802125ef3548e5,Br2In10Se10,Orthorhombic,27.8481,5.68534,14.2678,36.6992,219.12
aflow:0ea2f481c2cf44d7,Ca4Ge4Mg4,Orthorhombic,23.4774,3.22938,38.961,91.9292,384.887
aflow:0eaa14ed14809d87,La2Rh4,Cubic,19.1157,9.98161,45.6168,123.072,261.046
aflow:0eb94dfdbfc25d94,Mg1Ni2Sb1,Cubic,14.3984,7.59534,46.1602,122.173,322.882
aflow:0eba6b16a3d9271f,Pb1S1,Cubic,27.0597,7.34119,30.3935,76.6567,220.024
aflow:0ec43844384790bd,In4Ir4Tb16,Cubic,26.7298,9.76102,22.8953,58.1408,215.993
aflow:0ed64f5c8776a557,Pd2Sb2,Hexagonal,20.8923,9.0668,26.9109,74.316,204.989
aflow:0edc10ed4d780da5,Ge4Hf4Pt4,Orthorhombic,16.9744,14.549,79.1295,206.263,300.039
aflow:0ee5160408c4d9f2,Pd2Sc1Sn1,Cubic,18.2602,8.5583,36.5286,99.4073,255.002
aflow:0f10c1ca4753d48d,Ir3V1,Cubic,13.9372,18.6938,214.757,525.5,459.052
aflow:0f16af7b6fa2fe5c,Al1Li2Pt1,Cubic,13.7263,7.13614,36.9064,96.6208,306.892
aflow:0f287d7140f6eeff,Hf4P4V4,Orthorhombic,15.1463,9.5164,112.545,280.804,451.047
aflow:0f293748764683f3,Au1Pb1Y1,Cubic,26.5585,10.2762,30.2521,79.3845,184.905
aflow:0f529a0f57f0ae5a,Dy1Zn1,Cubic,22.574,8.38141,30.4545,77.3087,219.952
aflow:0f5adf856aadc3b6,Sn4Tb2,Orthorhombic,27.3224,8.02858,35.0095,87.4628,228.915
aflow:0f6ff751e84ae94d,Ge8W4,Orthorhombic,16.2086,11.2362,115.569,281.954,411.916
aflow:0f7397e9ad37bd23,Ir1Sn2,Cubic,22.6076,10.5181,28.2173,77.793,190.923
aflow:0f80aff62bbe5e60,Ag2Bi2K4,Orthorhombic,36.9005,4.4443,8.33897,21.2209,144.84
aflow:0fba4848056e4440,Ir8Sc22,Cubic,20.8445,6.70975,36.3916,97.2685,283.972
aflow:0fbd269336705895,N1Ta1,Cubic,10.6325,15.2236,186.073,463.108,517.025
aflow:0fbff74a7c4e9425,Cu2Dy1In1,Cubic,18.2661,9.19112,38.2549,99.5981,250.07
aflow:0fe4e83557076b65,Ag2Ge1Li1,Cubic,16.9122,7.24778,21.5575,57.4102,214.969
aflow:0ffb70524ed4f9e8,Co4Ge4Mn4,Orthorhombic,12.0418,8.5709,97.8688,247.592,475.022
aflow:10092caf54890c0d,Ge4La4,Orthorhombic,27.4507,6.39686,40.3282,100.153,271.994
aflow:100d7ab42acb5577,Ni2Tl2,Hexagonal,18.7365,11.6569,24.5569,66.8197,176.95
aflow:10153648a10f9068,In1Ni2Sc1,Cubic,15.4347,7.45442,54.7261,142.65,344.899
aflow:102d5118cbe68e9c,Al12Tc2,Orthorhombic,16.2141,3.81556,71.1338,174.965,559.833
aflow:102ebc4a73bc6c10,Cu1Ti2,Tetragonal,16.2415,5.43055,64.8513,164.929,444.09
aflow:103754afd63d390f,Ba1O3Pb1,Cubic,16.5532,7.87532,61.0742,152.124,349.886
aflow:104bfcffe1218928,C2In2Nb4,Hexagonal,16.1015,8.0607,100.762,249.986,491.939
aflow:10542c5bb2429fac,Bi8Ir4,Monoclinic,25.318,13.34,47.2357,121.057,216.01
aflow:1054a8325a9e105f,Al2Au1,Cubic,18.3976,7.54951,31.4044,85.3704,252.093
aflow:106beeff0ded7348,Ir4Sb12,Cubic,25.6363,9.02726,60.0636,149.49,285.968
aflow:10844f99e3db9455,Li1Tl1,Cubic,21.2782,8.24529,17.2355,42.8126,166.725
aflow:108d4b907ff03a21,Cd1Pd1,Tetragonal,17.2704,10.5192,38.0164,102.301,235.847
aflow:1099c86fed89ce26,Mg2Pb1,Cubic,27.484,5.15188,23.2257,57.1104,223.996
aflow:10aba4c9e4bb81e3,Ba2O2,Hexagonal,21.4274,5.9412,28.4045,74.6319,257.035
aflow:10b7611d376234cf,Ag2O4Sc2,Hexagonal,14.7477,5.20261,30.8939,84.7567,338.006
aflow:10baef03de14e4ec,O1Pb1Yb3,Cubic,23.3856,10.542,42.4208,99.514,224.922
aflow:10be12d509ddb46f,Ge4Rh4Ta4,Orthorhombic,15.6362,12.6179,91.8629,240.87,356.976
aflow:10e28bd144775b49,C4Co2Sc2,Tetragonal,10.1704,5.22107,105.481,269.693,703.821
aflow:10e56bff43e34aa4,C1Y1,Cubic,16.5295,5.06903,64.3648,164.691,454.053
aflow:10e7d65dca0ad52c,Cd1Cl8Na6,Cubic,24.3264,2.42996,12.5747,31.5238,276.783
aflow:10ec39f590da91f5,Rh4Sb12,Cubic,25.6007,7.59149,51.0602,128.263,284.982
aflow:10ee17b38b9b345d,Ba2Pd2,Orthorhombic,31.2859,6.46814,14.8427,38.7907,160.027
aflow:10f43ead62ecc96c,In1Pt4Tb1,Cubic,18.2621,15.9747,54.5845,147.412,229.003
aflow:11111cfac1bbfe20,Os4S8,Cubic,15.2215,9.24804,135.7,327.835,497.859
aflow:11253ce3203422fa,La1Rh2Si2,Tetragonal,17.6866,7.52763,77.6512,193.987,427.975
aflow:1129ad921009085f,Se4Tl4,Tetragonal,30.1048,7.81406,10.4321,27.0856,155.024
aflow:113197615c98fe4c,Co2Te4,Orthorhombic,24.1414,7.20245,30.1472,75.5831,241.919
aflow:113adf38c305c34c,Bi8Cu8Mn6,Cubic,21.0776,8.98775,26.7237,69.3153,214.946
aflow:113bf1e066e9b967,Cd1Se1,Cubic,29.5291,5.38075,14.6803,39.8598,173.035
aflow:1140c8770cc934f0,La1Rh1Si3,Tetragonal,18.2145,5.94525,57.1731,147.094,393.966
aflow:11465652ff315469,Pd4Sb4Sr2,Tetragonal,23.7658,7.60083,17.0698,47.6224,174.022
aflow:1158b2f48da6b9cd,Pt4Sc2Si2,Orthorhombic,16.2011,11.8695,69.1428,182.935,314.003
aflow:115eb92b97906ada,Au16Zr4,Orthorhombic,18.2438,16.0028,39.8581,108.955,194.096
aflow:11639813fd5fbe0a,N1V1,Cubic,8.4875,6.35341,214.285,519.471,914.993
aflow:117db814828b5c75,Ca2Pd4,Cubic,19.1036,7.32701,35.1634,93.644,262.055
aflow:119f9d9f6e285157,Pd2Si2Yb1,Tetragonal,17.6929,8.29686,37.5659,100.168,279.107
aflow:11c77f6a9be467cc,Ga4Pd4,Cubic,15.0879,9.69259,45.9824,122.905,293.031
aflow:11cf3e95a89f965e,Rh3Sn3Th3,Hexagonal,23.8828,10.5135,49.4848,130.085,248.967
aflow:11dbe794a592206a,Ho3In3Pd3,Hexagonal,21.6805,9.8586,28.5965,77.9355,195.985
aflow:121e31d00889e2d8,In1Pd3,Tetragonal,16.1947,11.1256,42.9481,117.05,252.061
aflow:12216d6fa94132a4,Co4Sb12,Cubic,23.4778,7.50042,55.9437,135.575,309.999
aflow:12431c7c1534b1ed,Nb2S2,Hexagonal,15.8474,6.5472,93.9336,238.646,497.877
aflow:124d637f03fce9d8,Gd1O1,Cubic,19.5636,7.35262,44.0226,115.763,294.045
aflow:125099e83f37f854,Se1Tb1,Cubic,24.2855,8.1328,28.6916,76.814,216.074
aflow:125f9d220099a79b,In1Mg3,Cubic,22.6297,3.44394,18.6461,49.0489,251.977
aflow:126d7693810b216f,Th1Zn4,Tetragonal,19.0806,8.59065,46.2951,117.186,277.885
aflow:1272279fc87ba14e,C1Rh3Y1,Cubic,14.4689,9.40239,77.3229,205.226,386.016
aflow:127430f0232c1bb1,P12Tc8,triclinic,14.5929,6.61657,121.806,298.147,603.884
aflow:127659e53a1b38d8,Si6Sr10,Tetragonal,32.3196,3.35475,22.4177,54.7121,272.953
aflow:1276d7dce7ffee01,Cu2O2,Monoclinic,11.0669,5.96773,20.1841,57.9118,272.008
aflow:127d327c78337a6b,Be26Ce2,Cubic,9.59068,3.18182,129.108,280.181,946.056
aflow:1286e4b99d2f1f7c,Fe4P4Zr4,Orthorhombic,15.631,6.30466,83.6578,208.268,473.127
aflow:1296a37c4b001dcf,Pt1Ti1,Cubic,16.4421,12.2701,20.2094,58.4356,169.023
aflow:12977312adb008a2,Ni2Sn1Zr1,Cubic,15.7148,8.64596,50.9363,137.669,308.099
aflow:129f24d8bdf2c435,K5Sb4,Monoclinic,40.8714,3.08095,8.75111,21.9748,176.935
aflow:12a02af58baf98a1,C4Mo16Ni8,Cubic,12.9651,9.38905,120.678,314.2,500.951
aflow:12a3994f64b6856d,As1Zr1,Cubic,20.5404,6.71565,56.2099,145.584,346.011
aflow:12a91094577fc228,Fe4Hf4P4,Orthorhombic,15.1254,9.70901,84.4307,211.917,390.964
aflow:12adf10b63fa2334,Au1Mg1,Cubic,17.9455,10.2374,28.7336,76.8021,208.086
aflow:12bd382821f39684,Be1Pd1,Cubic,11.2975,8.48184,33.6697,94.6747,295.085
aflow:1301b7a27a9309ec,Dy1Ru2Si2,Tetragonal,16.5719,8.43325,80.5584,205.899,414.959
aflow:1304e00dd260415a,Ag1Au1Zn2,Cubic,15.7248,11.4997,25.9944,71.4503,193.984
aflow:130fabca462f0fcb,N4Re2,Monoclinic,9.33054,12.7077,202.983,512.762,629.034
aflow:1311b90ba3307354,Pd2Ta1,Orthorhombic,15.9532,13.6615,69.403,187.19,291.941
aflow:13146b43791edc2c,Dy2Ga2Zn2,Hexagonal,20.225,8.14512,57.7343,137.321,313.068
aflow:131e8de7e237a3e8,Ba1Pt1Sn3,Tetragonal,28.5008,8.0227,23.2866,61.6031,183.902
aflow:132018b8492e9fb6,Ba1P2Rh2,Tetragonal,19.7568,6.80946,49.46,125.585,369.011
aflow:132ec9e3a0bdf7cc,Hf1Ru3,Cubic,15.5625,12.8495,75.1374,201.624,311.973
aflow:1342eade0b9150e9,Ce4Os8,Hexagonal,18.5203,15.5567,33.0345,94.2322,187.008
aflow:13435caa82fe4e49,C1Pt1,Cubic,11.0448,15.5684,42.6618,121.331,248.065
aflow:1346268dae1d4e13,Fe2Ga1V1,Cubic,11.7172,8.23283,142.245,347.516,588.189
aflow:136ad4308831f67e,C2Ga2Ta4,Hexagonal,14.639,12.5809,109.606,275.878,422.074
aflow:136ebce60ff4446b,Cl1Rb1,Cubic,37.6102,2.66941,7.23743,18.5812,154.765
aflow:1379caa519e811ca,C6Ir10,Orthorhombic,13.4244,15.4176,60.8849,168.78,291.039
aflow:1381bdf3abc1096d,Ag36In16,Cubic,19.4884,9.37336,30.6145,79.7913,203.152
aflow:138912092bc10cd2,C1Mn3Sn1,Cubic,16.9052,5.8055,45.3543,114.179,340.028
aflow:1391d154ba0d221b,P2Ru2Y1,Tetragonal,15.6745,7.47916,101.024,250.921,507.864
aflow:139e051057a5ccc3,Rh4S8,Cubic,16.0268,5.76851,35.3893,96.9812,328.017
aflow:13a99aacf8e5c0d3,Ge2P4Zn2,Tetragonal,20.3336,4.08155,48.3297,118.845,407.941
aflow:13aa186ae78de3e3,Bi4Rb12Se12,Cubic,39.7357,4.19248,6.01102,15.3388,160.006
aflow:13ad7152ee2bada8,Ho4O14Sn4,Cubic,13.3929,7.65603,88.2199,223.877,469.877
aflow:13b198fe0b831c08,Al1Li2Pd1,Cubic,14.0893,4.33907,26.0476,69.37,322.107
aflow:13d4d51cec45ebe0,B2Ce1Ir3,Hexagonal,13.5489,15.0829,115.237,300.689,378.969
aflow:13d6d62908ce5a78,Er10Ge6,Hexagonal,24.3073,9.00103,56.2337,134.128,286.002
aflow:13d9ec6d00abfea6,P2Sn6Zr10,Hexagonal,21.6407,7.18849,69.0414,171.04,371.056
aflow:13e3d03ca28ef02a,Sn1Te1,Cubic,33.5799,6.08957,26.7215,65.6701,210.983
aflow:140d3e2656d49b94,Bi4O14Sn4,Cubic,14.4934,7.99231,66.7544,173.844,389.854
aflow:14162476a8a3a709,Ba4P4Pt4,Cubic,23.9428,8.40098,31.6647,83.9599,222.953
aflow:14186a06fb066f22,As4Nb4Ni4,Orthorhombic,14.3275,8.75104,75.1961,200.148,389.998
aflow:1428e7d131ccbde0,Fe4Nb4P4,Orthorhombic,12.7205,7.82053,146.635,367.95,599.131
aflow:143c36f66118df0f,Bi6Tb8,Cubic,29.6338,10.1075,26.8287,70.2568,170.986
aflow:1445c756c0de10be,Pt2U2,Orthorhombic,24.3018,14.7976,31.049,84.4354,161.018
aflow:145e12aae1618f76,Ni4Si4,Cubic,11.2123,6.42575,50.7458,139.001,415.03
aflow:1461b11ac6a4ad9d,In1Ni1,Cubic,15.2142,9.46882,44.3364,118.463,281.902
aflow:14693a333262b23e,B16C8Sc8,Tetragonal,9.6607,3.377,145.727,347.107,1019.91
aflow:146f4c04216598e5,La3Sn1,Cubic,33.2873,6.6772,20.5968,53.4629,177.042
aflow:1470a16b34543fd4,Mg4O8Sn2,Cubic,11.9121,4.60609,62.3512,162.312,531.04
aflow:147609474cf3a8d3,Hg1Sr1,Cubic,32.0612,7.46361,17.4304,43.591,151.891
aflow:147fbec567527554,La10O3Si8,Hexagonal,23.7363,5.53578,48.6798,121.194,340.911
aflow:148a889cb8f66bb6,Cu2Zr2,Monoclinic,17.5071,7.33972,32.6936,90.9121,244.05
aflow:149e01fa7fe56270,Si2Y2,Orthorhombic,21.7132,4.47353,66.3836,159.829,446.092
aflow:14a7482f5c050e0e,Ni1Sb1Tb1,Cubic,21.3055,8.81664,55.4818,138.645,291.033
aflow:14a88c4b5e464cf6,Ca4O12Rh4,Orthorhombic,11.7505,5.39781,71.7347,187.338,529.806
aflow:14aa41d24adc19f3,S4Zn4,Hexagonal,19.3929,4.17172,35.4667,91.2918,347.013
aflow:14bca9ccecd6ce25,Cr4O12Te2,Tetragonal,10.9371,5.52627,106.942,271.169,647.782
aflow:14bfbd7aeac6a39d,Au1Er1Ni4,Cubic,13.8401,11.9778,70.8077,180.913,319.161
aflow:14c14d2e031b6053,F3La1,Tetragonal,12.9239,6.29264,35.5401,97.1349,333.072
aflow:14c94bcfc408ad8a,Ag2Bi2Yb2,Hexagonal,27.5992,9.82491,20.7652,53.4243,157.998
aflow:14ef2ceb1efd3e9e,Ce4Os8,Hexagonal,18.5264,15.5516,32.5531,93.0023,183.977
aflow:14fc9659417dbf4f,Br2Cu2,Hexagonal,24.5031,4.8607,9.51071,25.1496,195.827
aflow:1519552b06d58dba,S2Zn2,Hexagonal,19.4061,4.16887,34.5538,89.2254,344.132
aflow:153dd3dd8e6895aa,B1Hf1,Cubic,14.1548,11.1036,88.9122,227.826,383.037
aflow:154a6244e8ce34ea,Ge2Ho2Sn2,Orthorhombic,23.9457,8.23392,40.413,101.002,253.048
aflow:154bc39d86985c1f,B4Sc2,Cubic,10.0213,3.67724,136.132,322.56,888.897
aflow:1567e729c43c13dc,C4Nb8,Orthorhombic,14.3084,7.6527,127.443,322.48,568.035
aflow:156ede75c61452f5,Ba1Pd1Sn3,Tetragonal,28.7804,6.92131,20.4327,54.1649,184.991
aflow:15717f6d60d159de,Be2N4Si2,Tetragonal,8.46903,3.19162,175.259,416.11,1193.75
aflow:157764f60b649754,Dy3In3Ir3,Hexagonal,21.1619,12.2813,35.0114,95.3924,201.019
aflow:15791bdc57abceab,Cd2Ge2Sr1,Tetragonal,24.6917,6.15508,10.3886,29.0398,147.006
aflow:15a8361ad7c98923,Er1In3,Cubic,24.2958,8.7436,28.2625,73.8784,189.988
aflow:15bd9ab3f2a93801,Al1Tb1,Cubic,23.6579,6.52437,34.7501,88.0172,263.938
aflow:15be6baa72f0703e,Pt2W1,Orthorhombic,15.3363,20.7178,129.105,337.298,328.039
aflow:15cc5b1e464811f1,Li84Si20,Cubic,15.3468,1.19099,25.2877,59.6792,570.357
aflow:15cec484c31c3b5f,Ga2O12Y6,Orthorhombic,13.6385,5.26527,61.4407,160.208,494.018
aflow:15deecb330c335d7,As1Ho1,Cubic,24.379,8.16858,51.3318,126.319,281.979
aflow:15f17c363d5af6bf,B8W4,Hexagonal,9.3639,12.1456,213.397,521.027,651.884
aflow:15fd035ef87df0cb,Hf2W4,Cubic,18.6749,16.1888,94.1541,247.173,298.991
aflow:16031892971f6857,Au1Dy1Pb1,Cubic,26.4162,11.8737,30.5857,80.2821,173.945
aflow:160dff9783f1d0c6,H1Rh1,Cubic,8.24784,10.4605,85.6585,226.855,446.951
aflow:1612ff33c127c815,Fe8W4,Hexagonal,13.9921,11.6914,57.9002,157.794,301.969
aflow:1638a35ca98e8127,Ir1V1,Tetragonal,14.1847,14.2329,121.958,310.378,385.902
aflow:1654cd59306b54eb,Mg4Pt2,Tetragonal,18.8502,7.15595,39.6907,100.695,310.07
aflow:167fbfd94006b341,Au24Ge8Na8,Cubic,19.4636,11.7134,19.4147,52.5543,171.981
aflow:16801a3c7815f907,Ho1Ru2Si2,Tetragonal,16.5243,8.50637,79.7574,204.223,411.952
aflow:168637fa95d768b1,Ca3Cd3Sn3,Hexagonal,27.2713,5.50402,23.6487,59.9196,221.031
aflow:16bf6a36c052299d,O8Si2Zr2,Tetragonal,11.2997,4.48954,97.2627,251.922,703.075
aflow:16d0d25c2371c7fe,Mo1Zn7,Cubic,14.3381,8.01424,48.4029,124.716,320.857
aflow:16dcfcae8c8bcedf,Ce1Te1,Cubic,30.6562,7.25072,24.1139,65.0151,183.987
aflow:16e97ffc13df1029,Sn3Y1,Cubic,27.2315,6.7835,13.9596,38.5982,159.919
aflow:16ede1c23d111d09,B6Os4,Hexagonal,9.64829,14.2102,205.501,512.649,588.932
aflow:16f60b1d7ed17e5e,Au3Cu1,Cubic,16.5702,16.3959,39.5206,106.479,202.904
aflow:170073a359588a61,Ru1Sb1Zr1,Cubic,21.1528,8.21761,45.0431,121.88,278.939
aflow:1711607563cbbfd5,Ba1Mg2Si2,Tetragonal,24.0157,3.3481,40.5821,95.7229,383.179
aflow:171c88155f47712d,C2In2Zr4,Hexagonal,18.6081,6.89966,85.3012,206.361,462.944
aflow:1752b716519862db,Au2In1Th1,Cubic,23.788,12.9279,14.9582,42.6787,123.012
aflow:17576ab0f299f43a,Au2Sn2Tb2,Hexagonal,24.2662,10.8252,33.8601,88.1092,209.031
aflow:1768b57b131060fb,Au4Yb4,Orthorhombic,25.9563,11.8355,20.1697,52.6576,146.954
aflow:17798e37f2678015,Ho1Te1,Cubic,28.8109,8.43012,21.6259,58.4153,173.003
aflow:178372bce1c55eee,N4W3,Cubic,10.9118,13.2086,92.9357,254.946,401.023
aflow:17957a7083ef0ccd,Ag2Y1,Tetragonal,21.8683,7.71087,25.7118,68.4371,208.006
aflow:17963b5ef054944f,Ba2H2I2,Tetragonal,29.6886,4.94517,13.8549,34.8528,182.019
aflow:17ab7e596f9cb7c6,N3Tc3,Cubic,11.1503,8.40768,151.157,391.126,620.116
aflow:17aec78d2f5bba2f,Ge2Ho1Pd2,Tetragonal,18.4112,9.43247,32.1484,87.9616,235.909
aflow:17ccd4fa6df38347,Cd1Cu4Er1,Cubic,15.4614,9.55589,48.2549,126.143,271.968
aflow:17d3f23fbef36218,C4Ir2,Tetragonal,8.95737,13.3625,97.5426,265.903,438.991
aflow:17d81543edcdd769,As2Sr4,Tetragonal,33.4129,4.14415,22.207,53.7623,234.991
aflow:17d91facf770bfbd,B2Ta2,Orthorhombic,11.5831,13.7451,205.822,494.929,557.941
aflow:17ec6a3ea5f1088c,Ba1Ge3Ir1,Tetragonal,21.6032,8.41401,45.5917,115.671,278.082
aflow:17fcb22d8941aa7b,In4S10Zn4,Hexagonal,22.3728,4.29412,21.6378,56.299,304.06
aflow:180a54bb2831d9c4,Hg1Te1,Cubic,28.8745,9.43692,14.6145,39.7933,131.972
aflow:180c510488f19a86,Pt4Sc4Si4,Orthorhombic,16.956,8.75289,64.9206,170.008,349.058
aflow:180fc542c3c78d40,F3Sc1,Cubic,17.53,2.41435,38.6948,100.81,497.229
aflow:181c3843c017b3a3,Be26Lu2,Cubic,9.17187,3.77775,122.192,269.554,852.273
aflow:182ef0ed2f8125eb,Ag2Zr2,Tetragonal,20.3823,8.10982,39.8318,105.346,263.96
aflow:18323595c45920d6,In1P1,Cubic,26.2464,4.612,31.6358,80.7937,286.11
aflow:183e65e769b16a0a,Ca2O2,Hexagonal,16.7798,2.77483,34.111,90.3499,445.101
aflow:183fa8b7e5eee845,Pr1Tl3,Cubic,29.2976,10.6841,20.0473,50.8493,144.954
aflow:184af23d0bb6ab48,Cd1Dy1Ni4,Cubic,14.3043,9.861,49.1231,129.329,294.965
aflow:1854ad7843d7457d,Al2Ge2Y2,Orthorhombic,20.5011,5.08875,55.5097,135.723,387.988
aflow:18812c96f0114ca2,Al2Dy2Zn2,Hexagonal,20.7852,6.78699,52.1736,125.559,326.032
aflow:1884bf14d436dee3,Ge4Rh4Tb4,Orthorhombic,19.0108,9.7369,48.0876,126.887,281.956
aflow:188b194e86e12a7d,Cs2O12Te4,Cubic,16.3924,5.44881,63.422,158.043,454.923
aflow:18952f5cc852c4a0,Ir2N2,Hexagonal,10.6145,16.1312,74.2024,205.635,326.039
aflow:18b0caef6bb1ce50,Cd2Sc4Se8,Cubic,26.6662,4.60952,19.9636,53.6492,234.953
aflow:18b4630fd18cfa5c,Al2N6Ta8,Hexagonal,12.7301,12.9267,104.093,273.25,416.023
aflow:18cc93bc8d121e42,Dy1Ga3,Cubic,19.3426,7.97773,41.4614,107.838,239.907
aflow:18d412c6947b5394,B1Rh3Zr1,Cubic,14.0653,9.69848,96.3315,251.43,430.083
aflow:18dc69f2bf4b21ed,Pb2Sr2Zn2,Hexagonal,29.9358,6.6601,24.9787,59.4082,206.095
aflow:18e725272e250125,Er3Rh3Sn3,Hexagonal,20.9368,10.2803,43.2424,114.752,243.986
aflow:18fffe64abba004a,Tl3Yb1,Cubic,29.3125,11.1338,9.70633,27.0003,84.0687
aflow:190e395abaa79fb2,V4Zr2,Cubic,16.9251,6.3152,5.54523,16.4378,116.028
aflow:192166aa1a44ba49,Co1Si2,Cubic,12.3983,5.13874,63.4979,170.647,495.097
aflow:19345a101fc7f670,C4Si4,Hexagonal,10.4893,3.17381,186.629,433.399,1105.84
aflow:194fe8e862469baf,Cd2Ho4S8,Cubic,25.4539,5.31693,23.1596,61.9476,241.91
aflow:19570f9ac6a9e4de,C2Si2,Hexagonal,10.4985,3.171,185.135,430.682,1103.25
aflow:19594227482fd807,O6Pt3Zn1,Orthorhombic,11.4809,10.7992,58.9915,160.467,357.908
aflow:1962ff1173e55191,Ge2Mg2O6,Orthorhombic,9.4991,5.06576,49.9828,135.95,525.878
aflow:196b54cc0f8b7688,N3Re3,Cubic,11.3329,14.6675,167.805,435.902,493.999
aflow:1977b3f1465ce75d,Cl2F2Yb2,Tetragonal,17.8079,7.071,25.6767,66.1474,250.919
aflow:19798115248ab3ce,Er3In3Pt3,Hexagonal,21.3199,12.3884,31.1904,85.3803,186.968
aflow:198219d5a3d21975,Er4In2,Hexagonal,27.4771,9.05173,26.7877,69.3812,187.038
aflow:198fca70b13f0e32,Ho2Pt4,Cubic,18.4908,16.617,69.3055,182.603,251.981
aflow:19965781398fc9bb,Er10Sb6,Hexagonal,26.7874,9.31043,36.4382,93.0185,218.958
aflow:1999de87cec0fa0e,Gd8S12,Orthorhombic,22.4469,6.07613,39.7786,101.566,310.076
aflow:19a2db25529e85d4,Sb6Zr6,Orthorhombic,23.8268,7.42117,57.6288,143.378,326.09
aflow:19c1f9bd1c428fb5,La4O4Se3,Orthorhombic,21.9582,5.88827,33.7698,88.0252,312.947
aflow:19c353e662a40130,Ba1Hg1,Cubic,37.2222,7.53756,14.4955,36.1988,131.009
aflow:19e3fa08154a92ec,Ni12P7Yb2,Hexagonal,12.1911,8.21912,61.4557,162.915,394.928
aflow:19ee35dd912821b3,Ca1Rh2Si2,Tetragonal,16.731,5.99587,76.1422,189.265,478.11
aflow:19f95c3032bb25c6,Pt2Zr2,Orthorhombic,19.1733,12.3982,52.7275,143.018,256.969
aflow:1a04863c1542b511,Dy1Ge2Ru2,Tetragonal,17.8483,9.48636,59.8562,156.882,330.981
aflow:1a15fe875dd4c2a0,Ir6Si2,Tetragonal,13.7,18.3249,122.663,325.024,356.002
aflow:1a23da09f26f4c40,Hg3La3Pd3,Hexagonal,24.459,10.0907,25.95,69.754,180.959
aflow:1a28a8b7b4dfef62,O4W2,Tetragonal,11.4594,10.426,154.037,391.16,557.047
aflow:1a34de1a388ee9f0,Ni6Ta2,Orthorhombic,12.1523,12.1961,82.2621,219.251,367.994
aflow:1a5594f050f5eeaa,Ag1Cd1,Cubic,19.4381,9.40884,13.1851,37.1442,137.911
aflow:1a61ab2562e6c07b,In4Mg2S8,Cubic,22.8804,3.96243,25.1646,66.8309,300.027
aflow:1a66bdfe863db82b,Ho2Si2,Orthorhombic,21.3616,7.50203,66.2233,160.416,349.008
aflow:1a66ec3a2d271bea,In16O24,Cubic,13.4272,6.8671,60.1448,158.668,412.971
aflow:1a6894b3327b4966,Cr4Cu2Se8,Cubic,21.0948,5.43579,20.5082,55.758,235.966
aflow:1a6896aa3ec13bdf,O3Sr1Ti1,Cubic,12.5399,4.86033,107.985,262.983,670.946
aflow:1a7049b3d8ecc5d8,Ca2Zn26,Cubic,15.7113,6.71909,45.2521,111.005,320.176
aflow:1a771b65a28eefeb,Cu18Ga15Mg6,Cubic,14.6562,6.7855,37.4998,98.185,310.189
aflow:1a89f7fe8366a7a4,Pd8Se2,Tetragonal,16.0503,10.4402,37.2962,102.262,247.999
aflow:1a8e02285db0e6b2,Ge6Ir7Yb4,Cubic,17.2193,14.0298,78.1779,195.098,316.903
aflow:1a957803df0701a6,B2Pt2,Hexagonal,11.0039,15.5356,49.9835,140.609,273.021
aflow:1ab5984a25e0fad9,Mg2Pd4Tb4,Tetragonal,22.3966,8.22916,26.3913,70.9948,207.018
aflow:1ab7cf699cb93b98,Dy3Rh3Sn3,Hexagonal,21.2937,9.98425,38.2452,102.525,233.007
aflow:1ac49c8e5e124ef8,Ir1Sc1,Cubic,17.1781,11.4634,80.0181,206.607,332.92
aflow:1ace57109680199f,Pt8V1,Tetragonal,15.27,19.4734,63.5459,173.737,254.024
aflow:1ad28cdb1e2ad43f,O10Ti6,Orthorhombic,12.668,3.66531,63.4889,168.749,603.166
aflow:1adb46c6a8fe28ec,Cd24P16,Cubic,24.1184,5.49664,23.5664,62.1373,231.008
aflow:1ae196338de26ac8,Ru4Sn6Y1,Tetragonal,21.8272,8.33611,53.5419,139.402,296.084
aflow:1ae3bd45d6179bea,Si4Ti4,Orthorhombic,15.5036,4.06927,87.4728,217.277,603.093
aflow:1ae60cee7910aaec,N4Se2Zr4,Hexagonal,15.6545,6.13986,67.8705,176.817,462.017
aflow:1aea8de58abb8e9e,F12Li2V4,Tetragonal,11.9476,3.44087,35.7542,92.9777,518.192
aflow:1af1c04034d03b1d,Cd4Sb4Tl4,Orthorhombic,29.8794,8.12374,13.0599,35.0695,132.096
aflow:1af2e5b6859dc679,B1Rh3Sc1,Cubic,14.1017,8.58389,97.2977,250.152,449.943
aflow:1b216f9a100f4d9f,Mo2Ni2P4,Hexagonal,13.4773,6.67113,107.231,270.093,557.148
aflow:1b512aeb8c774064,B6Tb1,Cubic,9.83127,5.39975,72.8525,190.636,579.099
aflow:1b51d6ade1d39908,Ge4Ir4Y4,Orthorhombic,18.903,10.3574,44.416,120.321,257.938
aflow:1b6916b0c378c9e7,Ge4La2Pd2,Orthorhombic,21.6233,7.49672,37.0087,96.7067,271.939
aflow:1b7751c17ceecb29,B2Cr1,Hexagonal,8.40603,4.8474,172.243,395.712,922.275
aflow:1b77bae9c459f82a,Bi4K12Te12,Cubic,41.6257,4.04094,5.48686,13.9732,156.003
aflow:1ba7f9ea345d6488,Ir4P4Se4,Cubic,16.6746,10.03,110.408,271.936,421.923
aflow:1ba8d66587548562,H30Th8,Cubic,10.5759,7.79494,35.1486,92.8792,338.091
aflow:1bb893267ac22a19,Au1Ho1Sn1,Cubic,25.375,10.4832,34.5292,90.4358,200.921
aflow:1bb9b98f71436198,Er3P6Pd20,Cubic,15.6262,10.3175,36.001,100.086,246.912
aflow:1bc7a04e33a6ff4e,C4Ni8W16,Cubic,13.0438,15.7275,139.413,361.951,416.941
aflow:1bd337a4b406d822,Gd4O14Sn4,Cubic,13.8461,7.23794,84.0285,213.765,464.846
aflow:1bd8ef4c736da0e7,Ag4As4S4,Orthorhombic,24.7963,4.79596,12.3086,33.5341,201.93
aflow:1bff9153b9d824ba,Au2Ca1Si2,Tetragonal,19.2652,8.45016,36.5645,96.4496,254.885
aflow:1c0045eff83689ed,Re8Sc4,Hexagonal,17.7445,13.0188,71.3894,193.362,297.015
aflow:1c078231c9db1aff,Ag3Ge3Tb3,Hexagonal,21.7229,8.64771,21.6575,59.0017,190.086
aflow:1c10f0825cb00351,Hf2La6Sb10,Hexagonal,29.0213,7.65421,31.5132,80.5857,226.028
aflow:1c2c9c7f572501eb,N12Rh4,Cubic,9.05074,6.64738,180.736,435.303,830.814
aflow:1c331e13da810623,Li1Pd2Tl1,Tetragonal,16.528,10.6524,32.3919,87.0243,218.862
aflow:1c37631a1f4d2450,Ag2Cl2,Monoclinic,22.1499,5.37227,10.3327,28.5927,157.138
aflow:1c4dbf18b53f1cb7,Cu2F6K2,Tetragonal,14.0123,3.78364,28.8903,73.0945,416.932
aflow:1c50674f256a3320,Ni1Si3Sr1,Tetragonal,17.1906,4.45435,54.4535,135.501,441.13
aflow:1c52b9a972cc18f6,La8S12,Orthorhombic,25.7851,4.81695,32.7198,84.8111,298.982
aflow:1c5e66ef41873df9,C1Ca1Pd3,Cubic,15.6556,7.87634,16.6683,47.9033,196.025
aflow:1c78bb7df13625db,O2Th1,Cubic,16.4817,8.86728,76.3351,199.6,380.059
aflow:1c83a0bff50d2273,Dy12Rh4,Orthorhombic,26.4303,9.27336,14.033,38.9669,148.017
aflow:1c893461ca46858b,Er2Ge2,Orthorhombic,22.1408,8.99425,55.3619,135.749,287.987
aflow:1ca6226f7b5fba6c,Dy4Si4,Orthorhombic,21.6216,7.31848,67.1684,161.907,353.005
aflow:1cbcaa286984117e,As2O8Tb2,Tetragonal,13.7037,6.01518,54.5138,142.914,463.031
aflow:1cc19369e172f540,Rh3Ta1,Cubic,14.6996,13.8287,146.732,370.909,430.923
aflow:1cc72a1218ae7cc5,Yb1,Cubic,41.0738,6.99569,9.05585,20.9452,126.902
aflow:1ccf984d452622f3,Ge4Ho4Ir4,Orthorhombic,18.5723,12.8076,62.8991,163.376,285.952
aflow:1cd504c4e2f63dd3,Ce2,Cubic,28.9143,8.04704,23.1276,54.1455,182.146
aflow:1cdb1d4965d0158c,Re3Si3Ti3,Hexagonal,14.8352,9.78238,129.608,324.379,484.924
aflow:1ced89ed55c17c2c,Cu4Ho4In2,Tetragonal,21.0015,9.04174,29.0448,76.4632,216.96
aflow:1cf082788321992c,As1Mg1Pt5,Tetragonal,16.0179,15.9156,68.4803,182.513,269.936
aflow:1cf3b22614484c91,Hf4Ni4Si4,Orthorhombic,14.5736,10.0749,102.232,256.251,421.93
aflow:1cf77fe9d7170820,C21Si21,Hexagonal,10.494,3.17237,186.999,433.874,1106.82
aflow:1cfcc183e65d14c9,Ag4Al4O8,Orthorhombic,13.2165,5.24078,34.2327,92.1706,397.045
aflow:1d0c12de36ebd2fe,As12Co4,Cubic,17.5386,6.71507,81.638,195.499,428.996
aflow:1d2f797ec7f13895,Hg4Pt1,Cubic,25.6114,12.9341,30.3331,78.5468,163.142
aflow:1d58c9ee85044db1,B1Pb1Sc3,Cubic,21.5984,5.42602,64.3656,150.303,399.888
aflow:1d5a88cc33f339d7,Al2B2Ru3,Orthorhombic,11.2594,7.98061,98.1855,259.052,518.07
aflow:1d788038cb5c444e,B2Sc1,Hexagonal,10.4153,3.53811,185.716,417.327,1048.18
aflow:1d7f89469d6c8fea,As2C2V6,Orthorhombic,12.4628,6.38906,66.7581,178.897,482.069
aflow:1da926caa9bd3298,Rh1Sc1,Cubic,17.2684,7.10923,64.9681,168.267,379.018
aflow:1daf083928ce9217,Cu2Ga2Te4,Tetragonal,28.3443,5.68979,23.3751,60.0442,215.126
aflow:1db2da723d03de54,Dy3In1N1,Cubic,22.3876,9.14288,65.204,157.241,306.084
aflow:1dc03d700b473190,Cu2Si2Y2,Hexagonal,18.7334,5.33431,61.7676,151.895,417.999
aflow:1dc3560c617a7aa8,Cd1Cu1Sb1,Cubic,23.7744,6.93117,4.65336,13.5675,92.9731
aflow:1dcbc1a92487bf89,B14Mn2Y6,Orthorhombic,11.5221,5.20559,145.111,336.555,769.196
aflow:1ddfba03085ef884,Au2In1Ti1,Cubic,18.5542,12.4547,17.8105,50.87,150.058
aflow:1ded95025c9807bc,B1Tc1,Hexagonal,10.597,8.59625,170.909,430.878,661.081
aflow:1dff4665ff68a2de,Rb4Te2,Hexagonal,44.2499,3.73433,5.57489,14.5625,117.093
aflow:1e182d013d03c39f,Bi1Tb1,Cubic,32.2557,9.46998,30.5522,76.7629,188.026
aflow:1e28681f94443780,In1P1,Cubic,20.9712,5.77212,36.5826,94.5736,294.074
aflow:1e52c555bf94367a,Si2,Cubic,20.4286,2.28293,62.5077,151.98,610.109
aflow:1e5384907ec9de3d,Cu1Mg1Sb1,Cubic,20.3736,5.69447,32.6522,83.8196,281.86
aflow:1e5413f968afa354,C2Ho1,Tetragonal,13.6898,7.63982,41.8845,112.464,365.967
aflow:1e563cc43bacfe56,Fe1O3Sr1,Cubic,11.9322,5.32906,80.3487,199.496,540.973
aflow:1e692e3467e0498a,Co3Hf3Sn3,Hexagonal,19.4607,10.1288,35.5362,95.5809,228.941
aflow:1e6b2269f602128e,Ru2Sb4,Orthorhombic,21.7375,8.77398,78.902,192.738,351.878
aflow:1e6e92c6a9d85906,Dy1In1Pt4,Cubic,18.2041,16.0799,54.8304,148.072,229.951
aflow:1e79095987894d8e,Cs1K2Sb1,Cubic,41.8411,3.30246,8.08518,19.9769,143.86
aflow:1e79e7d9fdf19fdb,Er16O24,Cubic,14.6641,8.66313,67.82,176.03,380.965
aflow:1e7a51a8cef04d3b,Cu2Dy2Pb2,Hexagonal,22.8608,10.4899,45.2295,111.355,238.092
aflow:1e7f47d1cd162389,Au8Er8Sn4,Tetragonal,23.1125,12.1727,30.494,80.7645,190.072
aflow:1e7f9f944e7fb80f,Nb2Pt6,Orthorhombic,15.7914,17.8284,85.7725,230.476,290.967
aflow:1e854bcce9b490ed,As4Ge2Zn2,Tetragonal,23.3574,5.11536,37.311,92.4475,306.859
aflow:1e89971673a1e76e,Th1Tl3,Cubic,29.0021,12.0974,18.2616,49.7285,128.026
aflow:1e9084a4ea1bde75,Ga3Pt2,Hexagonal,16.7102,11.9127,40.3165,109.978,231.034
aflow:1ecfc5503d9e0fd1,C1Ir1,Hexagonal,10.5527,16.0686,91.8915,251.945,364.073
aflow:1f05b660e8225182,Ir2Pb2,Hexagonal,21.1342,15.6915,48.7472,130.129,209.012
aflow:1f1367160a7b806c,Al2Li1Pt1,Cubic,13.9775,7.60306,63.3948,162.448,388.052
aflow:1f1ce1240bb82fe8,Te1Zn1,Cubic,28.928,5.53876,22.0732,56.6946,209.923
aflow:1f21e330dfcd0965,C14Si14,Hexagonal,10.4926,3.17281,186.572,433.154,1105.95
aflow:1f296cdbb8177403,Ge6Ir7Sc4,Cubic,16.2399,11.7943,102.206,256.965,386.024
aflow:1f6608fc2c872b00,Er1Rh1,Cubic,19.28,11.6344,45.4771,121.138,240.972
aflow:1f7c5feab515be03,Hg1Y1,Cubic,25.9096,9.27685,22.7735,61.3186,173.998
aflow:1f902d0c90930a2a,N4Nb16Ni8,Cubic,14.1247,8.44791,105.439,272.398,483.024
aflow:1fa8019c0a1f2bd6,Ho1Rh3Si2,Hexagonal,15.8991,9.22257,101.449,256.152,426.918
aflow:1fa8425dcd2de76c,Ag2Er2S4,Tetragonal,22.0213,6.39536,26.8156,70.2751,259.945
aflow:1fa9cf508865f3f7,B8Ir4Mo8,Orthorhombic,11.3865,11.8335,143.153,371.864,511.044
aflow:1fc123fe7de6a72f,Ni3Pd3Si3,Hexagonal,12.5297,8.53377,64.1323,172.776,384.04
aflow:1fd52cbd338e5a0f,Ir2Sn8,Orthorhombic,24.606,9.00224,34.1683,87.6708,238.113
aflow:1fec0e97d7faf179,Al2H8Na2,Orthorhombic,10.4887,1.42493,22.7498,56.1881,648.727
aflow:1fec357947988f82,F3K1Ni1,Cubic,13.5089,3.80525,40.2851,102.616,427.258
aflow:1ff294763cae1a84,Ca24N16,Cubic,18.8858,2.60704,33.8451,86.9623,448.876
aflow:2017f1f0206c1ff4,Ge6Lu4Ru7,Cubic,16.6209,10.8305,81.3378,207.561,354.048
aflow:20217ef13e76e0ae,Bi4Pt4Se4,Cubic,23.1268,11.5608,30.6792,82.8527,190.975
aflow:20239d4502f0dbb7,Ge6Ho4Ir7,Cubic,17.1297,13.9182,98.6516,246.031,346.953
aflow:2024d7675a34b363,La1Ru2Si2,Tetragonal,18.0657,7.30216,77.3384,190.817,455.004
aflow:206f48cebe73b76f,Al8Sb8,Cubic,27.54,4.48392,30.7103,76.1448,293.938
aflow:207d513946780fc2,In3Tb1,Cubic,24.8475,8.41022,28.7289,74.6386,196.024
aflow:20a474bdfc8057ac,Si4,Hexagonal,20.4132,2.28465,62.3888,151.716,610.089
aflow:20a490e930b787a6,Nb1Ru1Sb1,Cubic,19.754,8.84676,68.382,180.82,338.001
aflow:20b64628cf74cb53,Br1Li1,Cubic,20.9349,3.44423,14.6136,36.9591,235.99
aflow:20c791ce08b3aaab,Co4O14Sb4,Cubic,11.9407,5.98438,84.8588,215.052,561.802
aflow:20c956c82d61d753,Ba1Se1,Cubic,37.3566,4.80715,21.3093,53.3081,204.903
aflow:20cd22d9d9abd84e,Sb1Th1,Cubic,33.6082,8.74012,25.6615,69.3169,175.987
aflow:20d4ad4ecbdeb31b,Mg4Pt2Si2,Hexagonal,17.0354,6.62314,57.3041,143.925,376.146
aflow:20e686c5d360907b,Bi8Th6,Cubic,33.5428,10.8348,35.4618,90.843,184.024
aflow:210420f34712b216,Nd1Pd3,Cubic,18.2725,10.5289,51.8928,134.797,274.9
aflow:2105369282b0554d,Ho4Ir4Si4,Orthorhombic,17.6926,12.0521,72.9757,187.794,320.957
aflow:2107b2ffbd1ecfca,F4Pd2,Tetragonal,14.8942,5.36621,25.126,68.6658,292.867
aflow:2111503637117406,Ag2Br2,Monoclinic,24.7148,6.30803,11.0564,30.3312,141.036
aflow:2117ba53713d1039,B8Dy2Rh8,Tetragonal,11.6973,9.73777,91.8943,242.971,448.921
aflow:2122551ffa0d3103,Ga1Li1Si1,Cubic,17.0197,3.4071,47.3761,111.885,452.824
aflow:2122a1339fff9c66,Bi2Pt2,Hexagonal,23.4337,14.3165,16.8856,47.7213,130.056
aflow:213c549ca0805a87,Be1Se1,Cubic,14.9215,4.895,67.4314,161.118,482.096
aflow:213db77020668f6f,Ag3As3Ca3,Hexagonal,22.0213,5.60191,36.0368,89.4192,289.107
aflow:213eea1af38349d2,B3Pt6Y3,Hexagonal,16.3688,12.4244,51.9353,140.023,275.995
aflow:213fbef41f8612df,Dy4Hf4O14,Cubic,13.1611,9.10692,97.2411,245.699,473.059
aflow:2153adae28226399,C2Cr4Ga2,Hexagonal,13.2262,5.8299,63.3691,158.222,480.017
aflow:215beaadcaa85725,Nb1O3Sr1,Cubic,13.5237,5.612,76.6933,200.293,505.937
aflow:21743b49dc8fa937,Mo4Si4Zr4,Orthorhombic,17.126,6.95673,100.073,252.33,485.042
aflow:2174b1eb1799790d,Ag2Ba1Sn2,Tetragonal,28.4658,6.88868,21.6225,55.6179,184.943
aflow:217f0084d01f230e,B8Dy4Os4,Orthorhombic,12.497,12.4344,128.388,319.701,460.076
aflow:219d796bee875a28,Ag4Sr2,Orthorhombic,26.5204,6.33142,16.1931,42.3863,170.924
aflow:21a1d7ae3f032b9c,Cd2N2,Hexagonal,14.1731,7.4056,21.7673,61.0469,228.041
aflow:21b1a78a86ff153f,Ir4Th2,Cubic,19.7396,17.2865,77.5074,205.937,257.991
aflow:21b58074defe0c8e,As3Cr3Ni3,Hexagonal,12.579,8.16731,63.6009,170.478,387.894
aflow:21bee00de5afd3ae,Rh4Sb12,Cubic,25.5951,7.59317,51.099,128.34,284.945
aflow:21fa297fae2ad37f,Al1La3N1,Cubic,27.3726,5.55326,42.582,105.516,297.943
aflow:220b116f28d56b26,Hf4Pt4Si4,Orthorhombic,16.1089,13.8015,100.762,257.63,349.001
aflow:2216102577d683b9,Ag8Sr8,Orthorhombic,32.3642,5.01505,13.5338,34.809,164.944
aflow:2220aea41c938104,Cu4In1Sc1,Cubic,15.0091,7.63314,56.3081,143.505,347.099
aflow:223188a15c60fe2f,As4Ge3,Cubic,23.9461,5.12614,29.1186,72.7394,298.903
aflow:2236cb624d741ca7,Ag1Ho1,Cubic,23.8127,9.51156,27.4957,72.2651,189.032
aflow:2237b2cc14307e85,C2Ge2V4,Hexagonal,12.1619,6.36544,101.773,256.169,604.991
aflow:22494371b35a87c6,Ag2Er1In1,Cubic,20.9957,9.84299,18.0475,50.1178,157.969
aflow:224a84fc80fdcc46,O1V1,Cubic,11.072,5.01979,84.563,214.802,607.913
aflow:226c112b936f08c4,Ca6Cr2N6,Orthorhombic,15.8463,3.20742,49.2899,124.063,557.167
aflow:227780372a14df17,Ni1Sc1,Cubic,16.4234,5.23971,41.6869,110.316,360.913
aflow:227ef61671f0da9a,Os4P4Zr4,Orthorhombic,15.5614,11.1117,116.036,297.488,428.036
aflow:228515a5e5c206a8,C1Cd1,Cubic,14.3,7.224,25.3362,70.1405,254.052
aflow:22a108834598b8fc,Lu4Mg2S8,Cubic,23.9598,4.97493,27.2054,71.0189,286.067
aflow:22c2817c4690675a,Ge4Hf4Ir4,Orthorhombic,16.5511,14.8252,88.5893,230.211,322.945
aflow:230c711fe243b5af,Ga2Pt1,Cubic,17.6637,10.484,13.5414,39.1034,140.097
aflow:2312999aeb86a11b,Li8Mg4Si4,Cubic,16.0618,1.71289,39.0975,91.2016,584.884
aflow:232b73a5e7e105bc,K6Se6,Hexagonal,35.772,2.74014,8.22627,20.9216,197.161
aflow:232fd098de2a1645,Ru8Si12,Tetragonal,13.8597,6.86265,111.357,281.959,550.934
aflow:233385960b683fdc,La2Sn4,Orthorhombic,30.3828,6.85517,23.9169,61.9598,202.978
aflow:2333c0f263184005,Al1Tc2,Tetragonal,14.2425,8.73627,112.034,288.289,495.075
aflow:23344abad821b348,Mg1O1,Cubic,9.6152,3.48027,117.258,279.967,849.11
aflow:233b528bc4413ee0,C1Sc3Tl1,Cubic,19.7611,5.90314,78.0154,183.002,432.937
aflow:233c1e233fa8fe1f,In2Na10O8,Orthorhombic,15.7138,3.10435,23.276,60.5773,381.001
aflow:234233835529eb17,Sb1Tb1,Cubic,30.1542,7.72815,35.3272,88.6382,225.047
aflow:234f20d1a182fcd9,Al2Co1Zr6,Hexagonal,20.1518,6.04475,53.1622,136.89,362.033
aflow:234fa7f87f662dde,Ge26Rh8Y6,Cubic,18.288,7.3639,63.3584,158.932,362
aflow:2359c59fc554f0a3,Al4Cd2Se8,Cubic,23.4923,4.86929,26.1026,68.9178,267.047
aflow:235e67dbb6942937,C2La1,Tetragonal,17.4647,5.16371,35.1071,93.3378,378.967
aflow:237844b68936f516,B1Ho1Rh3,Cubic,14.667,10.9697,89.8848,231.601,382.035
aflow:2390c616bd868d77,In2S4Tl2,Hexagonal,24.7263,6.43546,21.7546,56.3897,225.04
aflow:239994499ebed956,Cu2Ho2Sn2,Hexagonal,22.1026,8.69404,46.0022,114.308,272.029
aflow:239cd1711274608f,Cl3Mn1Tl1,Cubic,26.4657,4.58862,15.9069,41.289,199.956
aflow:23a45ba972ea8b39,Pt4Sb4Se4,Cubic,21.8994,10.0039,36.6004,97.7699,230.01
aflow:23b268f7cc52c26b,Hg1P1Pt5,Tetragonal,16.0881,17.7975,49.3886,136.602,221.036
aflow:23b2952e743dd8d4,N8Si6,Cubic,9.74489,3.41492,152.919,382.225,1017.78
aflow:23b6d94f767fd2cd,Pd3Sn1,Cubic,16.5508,10.9834,47.637,128.514,264.97
aflow:23c730c679e041bf,Li2S1,Cubic,15.6129,1.62874,33.5252,78.8231,558.474
aflow:23c79c4a50ec0484,Ba6P8,Orthorhombic,30.827,4.12374,19.224,48.4983,256.955
aflow:23d5fd2c93331560,Sb8Tb4,Orthorhombic,28.0944,7.92854,30.1357,77.5494,214.918
aflow:23de74e8046208d2,Er1Ni2Si2,Tetragonal,14.6342,7.73437,70.1017,180.204,401.941
aflow:23e26457c91a4e11,Ba1Li1Si1,Hexagonal,28.2102,3.38182,17.3784,43.0757,250.075
aflow:23ecd8e48b977db0,N1Na3,Hexagonal,20.2058,1.70477,14.1088,36.4114,321.621
aflow:23f797ad294f2dfc,Al3Nb1,Tetragonal,16.0368,4.50039,103.346,244.512,603.966
aflow:24158a7884119086,Co4P12,Cubic,14.2331,4.42913,112.614,264.798,667.976
aflow:241a0fcda0d3db47,As2La1Ni2,Tetragonal,17.3684,7.76576,59.7709,150.869,357.861
aflow:2428218f57c69bc1,Ge12Ir8S12,Cubic,18.7654,7.72502,59.0542,150.568,350.073
aflow:2439417eb20680d8,Bi4In4O12,Orthorhombic,14.079,8.7703,53.7045,142.017,351.041
aflow:24502608294dc6bc,Ca2Si4,Tetragonal,20.6636,2.57827,40.0246,98.6455,464.78
aflow:2459e0783fe438d1,Rh2Si2Th1,Tetragonal,17.5457,9.35088,94.9877,239.172,407.101
aflow:247524b558c5831b,Pd3Pu1,Cubic,17.1546,13.6307,46.9708,129.157,217.995
aflow:247ccfa8b8fb98dd,Al8C4Nb12,Cubic,15.1392,6.30126,115.272,287.322,565.996
aflow:24a48e16f3e57dff,N2Re2,Hexagonal,10.0879,16.4777,213.582,539.491,546.987
aflow:24b3bba3048aacd7,Pd4Sb4Se4,Cubic,21.9844,7.73227,27.7246,74.6604,232.095
aflow:24b6a3569c894ca4,Na4Ni2O4,Orthorhombic,12.0456,3.76808,29.7987,78.9385,443
aflow:24c9f9f43f703229,Co4P12,Cubic,14.2356,4.42834,112.403,264.254,668.224
aflow:24d286f63e02efd3,Au2Sn2Y2,Hexagonal,24.1749,9.26293,32.9891,86.2082,220.916
aflow:24e4050ed5191b98,Al6C8Zr4,Hexagonal,12.1551,4.72722,148.935,353.732,789.912
aflow:24e8ff734a8002be,Ni2O2Zr6,Orthorhombic,16.2543,7.1175,66.5006,174.085,396.917
aflow:24f1327f80e631d8,Al1F3,Cubic,12.0473,2.89373,76.3058,190.145,705.302
aflow:24f9d0cd72c1f0e5,Al1Ti1,Tetragonal,17.1111,3.63343,66.6863,165.129,524.039
aflow:253b629a6a736677,Ge2,Tetragonal,19.1167,6.30541,33.0546,85.9542,271.072
aflow:2541a86599e6e0b0,Cu2Sb2Yb2,Hexagonal,23.4851,8.4455,35.0871,86.0353,235.085
aflow:254e98026a32ace6,O24Tb16,Cubic,15.4885,7.84462,61.7629,161.376,373.94
aflow:25528b361849601b,Ga1P1Pt5,Tetragonal,15.1782,16.8193,66.4697,180.598,265.078
aflow:2567bb70df799057,Si4Th6,Tetragonal,27.2875,9.15582,50.0323,127.45,254.984
aflow:2569fc8b7fa52c87,Te2Zr2,Hexagonal,24.6375,7.37412,49.5998,125.508,293.083
aflow:256d3f9bf77a29d5,Nb1Rh1Sb1,Cubic,20.0117,8.78359,41.3594,113.736,262.941
aflow:25718c51ac0a4391,Ho2Mg2Sn2,Tetragonal,25.7721,6.61337,36.8778,91.1436,261.001
aflow:2582fcb8a8d0c226,Bi2Co1Hf6,Hexagonal,21.4312,13.3255,62.0954,157.691,262.97
aflow:25be4a59258b7c86,Au1Pb1Tb1,Cubic,26.6264,11.7056,31.0617,81.3231,175.99
aflow:26141d4e46abcb0e,H2Ti2,Tetragonal,10.4931,3.86985,49.5008,131.377,523.903
aflow:262144eeb6ffb0cd,Er1Hg1,Cubic,25.1141,12.1611,21.3509,58.2412,147.967
aflow:26237603f1b44cd0,Ca1O3Zr1,Cubic,14.419,4.12971,81.8055,208.592,592.162
aflow:2642668e64b7404d,Rh4Sb4Se4,Cubic,20.3851,8.244,64.3426,161.639,335.096
aflow:266a4c0484d78664,Mn1,Cubic,18.9898,4.80399,30.4187,76.8994,298.907
aflow:2670645cbe129c86,Cu2In1Ti1,Cubic,15.5115,7.75626,43.4543,116.002,304.909
aflow:26737c8ff80a3df7,Pd6Tl2,Tetragonal,16.8236,12.9195,43.0231,116.388,229.016
aflow:26746da8e6373765,Mn4Si4Tb4,Orthorhombic,17.4775,7.66252,59.6171,148.251,367.018
aflow:26a5e73a0b625ec0,In1N1,Cubic,12.8256,8.33968,96.6713,241.831,468.957
aflow:26a5e98fb6349d60,Au1Li2Tl1,Cubic,18.6472,9.24384,10.3824,28.8085,130.955
aflow:26cc8f217298abc6,Ho1Ir2Si2,Tetragonal,16.2731,12.3581,107.473,268.881,392.941
aflow:26d25aa179ffd64d,La3Pd3Tl3,Hexagonal,25.156,9.8943,22.3824,60.923,166.04
aflow:26d9422c3b0df1e5,B8Th2W2,Orthorhombic,11.935,10.6466,175.815,417.745,587.093
aflow:26de4da23d20747b,I2La10Sn6,Hexagonal,33.5941,6.46704,28.3373,71.478,214.948
aflow:27070fbb5351e884,B1La1Rh3,Cubic,15.7963,9.63829,54.0893,146.502,309.021
aflow:2713c0e874f1f573,Ga1Li2Pd1,Cubic,14.1445,5.57698,24.0865,64.4495,275.017
aflow:273c909f7818c460,Ge8Y6,Orthorhombic,22.3002,5.92595,49.9264,123.327,333.996
aflow:27442c7248dcbea8,Ga6Hf6Pt6,Hexagonal,17.3734,14.124,73.5992,191.842,291.979
aflow:275073da59966d13,Pb2Th2,Tetragonal,32.5312,11.2104,23.3397,62.5756,151.016
aflow:2754e65fc960c5cc,Ru2Si2Y1,Tetragonal,16.6524,6.92472,81.3369,206.894,460.906
aflow:2758cc57bfa5c5ea,Al8Mo3,Monoclinic,15.2828,4.97511,103.262,248.282,594.866
aflow:275d885271ac3969,Ca24N16,Cubic,18.8733,2.60877,33.8358,86.9564,448.143
aflow:27616718e118dbf4,Pt2V6,Cubic,14.19,10.1784,105.424,271.311,430.925
aflow:277dc084d87d778f,Ge4La2Pt4,Tetragonal,19.8224,11.2968,42.3528,113.999,237.087
aflow:27893b56ecab0821,Cd4Nb4O14,Cubic,12.1343,6.50184,55.6214,151.415,435.886
aflow:278d84623f7dab86,Ca1H3Rb1,Cubic,18.4539,2.31385,19.5311,46.5951,337.865
aflow:279962d5dd496031,Ba1O3Pb1,Cubic,20.3965,6.39138,15.227,42.2345,185.98
aflow:279b6e0ce01db4e4,C1Ge1,Cubic,12.154,5.77932,147.253,345.616,685.937
aflow:27b1d10ac3a24cf2,Ge3Os3Sc3,Hexagonal,16.6773,10.214,100.549,250.34,405.087
aflow:27b31a054bfd7432,Si2Zr2,Orthorhombic,17.7397,5.58386,94.0489,231.691,509
aflow:27b333348929ec9d,Ir4Sc2,Cubic,16.783,14.1618,100.971,262.184,340.935
aflow:27b5695c35241c34,Hf4Rh4Si4,Orthorhombic,15.7605,10.8691,97.4116,249.319,394.976
aflow:27bbd51ad4827863,Bi1,Cubic,34.7881,9.97525,16.7406,45.1329,127.981
aflow:27cd67b2290ba1b4,La1Tl3,Cubic,29.4205,10.6112,19.1981,50.2359,144.098
aflow:27d05030276c6992,Cs3I9Sb2,Hexagonal,49.3068,4.29236,4.83847,12.1879,133.022
aflow:27d624358558b28a,Cu6Se4,Tetragonal,18.0082,6.42813,17.6842,48.8863,216.062
aflow:27d6f8390b6219fa,Co3Ge3Ti3,Hexagonal,13.9134,7.13797,87.7818,223.246,476.905
aflow:27da31daab3da334,Ti1Y1,Cubic,27.22,4.17289,24.0872,61.1139,248.038
aflow:27ed5fb0514efc6d,Gd1Mg1,Cubic,27.8227,5.41786,21.6397,58.2036,177.028
aflow:27ef8cbf21ba4b28,Al2H8Th4,Tetragonal,14.3998,8.15603,52.8914,134.389,339.88
aflow:27fc448cd50267a9,Mo6Si2,Cubic,15.0459,8.71622,123.16,316.463,498.041
aflow:28000e3a3774b90a,Ba1Pt1Sb1,Hexagonal,30.1292,8.34371,21.7037,57.96,174.947
aflow:281507392358bbd6,Ca1Tl3,Cubic,29.0903,9.32139,12.1796,33.0266,109.012
aflow:28175e4a7edddb12,Co2Se2Tl1,Tetragonal,20.2502,7.87467,15.7678,41.1513,221.131
aflow:281b1a764ef9cfd4,Ir4Lu2,Cubic,17.2755,17.9236,92.1875,242.724,280
aflow:281cba5a24b471e7,Na4O12Sb4,Orthorhombic,11.8104,5.41977,94.6484,227.897,617.11
aflow:284ff6478870c516,C8Dy8Re4,Orthorhombic,16.6611,10.6687,74.2576,185.894,384.971
aflow:2850875b691f6031,La2Pd2,Orthorhombic,26.2613,7.75552,20.9193,56.7334,183.982
aflow:2853d0b5425aef23,Mn1Pt1,Tetragonal,15.8369,13.108,57.4557,151.295,273.058
aflow:285406f72fe4a04d,Pt4Sr2,Cubic,20.0357,13.1999,48.487,127.954,229.03
aflow:2857decde0cc7290,Ge4Mn4Yb4,Orthorhombic,22.5255,7.38579,36.8614,89.0326,255.029
aflow:286acac732fe4ad8,Be26Zr2,Cubic,8.92803,2.76834,140.33,305.638,1061.63
aflow:286b42e3bb916b34,Cd4O8Sn2,Orthorhombic,13.4592,7.18237,42.7547,115.474,351.156
aflow:28720551ae577eb0,B8W4,Hexagonal,9.35353,12.1591,215.739,526.685,652.044
aflow:28847c37c6fa69ea,Cr1Rh3,Cubic,13.4399,11.1418,119.954,310.879,444.971
aflow:28882813d66510c0,Al16Pd7Zr6,Cubic,16.5188,5.9754,80.1209,198.756,464.997
aflow:2889a5ebc0c660e7,Al4Sr2,Cubic,23.7299,3.30251,36.7942,87.9429,371.947
aflow:28adbc0371bebbde,S4Y2,Tetragonal,19.9156,4.25304,44.5436,114.88,387.968
aflow:28d52b05be2e0cd5,F3K1Mg1,Cubic,13.3338,2.9988,43.0914,107.155,489.323
aflow:28db322a7eae319f,Hg1Ho1,Cubic,25.4377,11.9303,21.0546,57.4286,147.017
aflow:28e41ffe3fada8e0,Cl1K1,Cubic,32.4245,1.90898,9.2997,23.5232,213.205
aflow:28e90aa26eb937ca,Cu4Ge4Zr4,Orthorhombic,16.4277,7.66051,69.3162,177.063,382.135
aflow:28f4dc5fd1caa25a,Au3Cd3La3,Hexagonal,26.0126,9.53884,16.4012,45.554,140.073
aflow:28fdd7e7a29c0a7d,Ho1Pt3,Cubic,17.0018,18.3177,65.7832,175.661,240.074
aflow:2904d0595c6c9cb0,Cl1Cs1,Cubic,44.2244,3.16077,5.29048,13.871,117.014
aflow:290ca9502097b532,Ca2Sn2Zn2,Hexagonal,24.3587,5.09347,34.631,82.8492,288.929
aflow:2912c3468b1bd6b8,Rh3Ti1,Cubic,14.3491,10.3173,123.083,312.51,462.095
aflow:2919abab1bf72bd9,Ho5S7,Monoclinic,22.6058,6.42176,39.2828,101.105,296.938
aflow:2932cc34c8478d92,Sc2Si2,Orthorhombic,18.8534,3.21662,67.0115,164.132,551.074
aflow:293454f414be03aa,Co1Sb1Ta1,Cubic,17.5378,11.4135,68.8971,181.357,310.054
aflow:29355c7ad0a3aee5,Ce1Se1,Cubic,23.9701,7.58844,45.6437,114.108,298.049
aflow:294cdeea29cff869,Hg2La1,Hexagonal,27.264,10.9648,21.3644,56.6677,153.097
aflow:295b14c07a585079,Dy2Si2,Orthorhombic,21.6806,7.29857,65.4643,158.372,351
aflow:296d134419035e5d,Dy4Rh6Sn10,Orthorhombic,21.7411,9.37285,36.119,96.3316,238.949
aflow:298e31465c44583e,Er2H2,Hexagonal,15.0139,9.30524,49.9346,120.724,301.981
aflow:29a39cef1d9c1d1e,Ca4Mg8,Hexagonal,28.2012,1.74074,17.8189,44.7426,336.047
aflow:29a6b8351830c17d,Ge4N8Sr8,Orthorhombic,19.215,4.76761,36.0256,90.4078,370.083
aflow:29bd7e2a29ae4075,Fe2In1Ti1,Cubic,14.2446,7.99736,92.5788,232.489,438.967
aflow:29bf36d5a9e9959c,Ge4Rh4Tb4,Orthorhombic,19.0184,9.73301,38.0777,103.177,249.021
aflow:29c35aa38b84cf85,C1Hf1,Cubic,16.047,9.85648,29.7138,83.8925,230.959
aflow:29c48c41f22b9ed3,Pd4Sn4,Orthorhombic,20.5303,9.10292,18.5301,51.7065,178.916
aflow:29ddd9104937669c,In2Sc6,Hexagonal,24.4524,4.23902,38.5473,95.8088,334.901
aflow:29e5ab99c160a919,Ho1Pt1Sb1,Cubic,23.6626,11.2695,48.1004,124.765,235.017
aflow:2a0b69fd797ffb4f,Cu4Sb2,Tetragonal,16.5706,8.31217,32.6394,87.3256,255.054
aflow:2a186d2b32cb102c,Bi1In1,Cubic,39.5483,6.79781,14.513,37.923,135.917
aflow:2a1ee1e12784c93d,In1P1Pd5,Tetragonal,15.6753,10.2573,51.8608,139.873,291.124
aflow:2a21d6f68540f302,O1U1,Cubic,16.8567,12.5121,51.296,134.005,269.044
aflow:2a2dce7cde9f9201,Ge4La1Rh6,Hexagonal,16.0423,9.84946,75.9017,198.461,360.036
aflow:2a3d8ff4b637ab68,As1B2P1,Tetragonal,12.8141,4.13108,141.984,322.054,792.836
aflow:2a68990d7806db90,Ga1La3,Cubic,31.3959,6.43217,13.9614,37.4951,155.064
aflow:2a69a5bb3498c4b6,Hf10Sn6,Hexagonal,22.4213,11.5583,43.5897,115.939,229.057
aflow:2a72555df8ea1a17,Er4Pt4Si4,Orthorhombic,18.2892,11.8163,63.848,165.345,294.984
aflow:2a773ee6b7fdf1e1,In2Th4,Tetragonal,32.5351,9.84864,25.4969,68.2459,165.981
aflow:2a776b7905136491,S1Yb1,Cubic,23.1352,7.36057,42.1732,101.233,269.037
aflow:2a77fe15be59f7f8,Nb6Sb2,Cubic,18.875,8.80787,80.7255,208.4,377.02
aflow:2a8d0966bfe7ee51,Ba1Ga2,Hexagonal,29.3883,5.21345,24.1547,59.2505,219.888
aflow:2a8ee9390131560a,Cu4Ge4Hf4,Orthorhombic,16.0295,10.8643,67.4868,173.917,322.919
aflow:2ab1843980fda309,Ge4Ir4Sc4,Orthorhombic,17.1531,9.99583,70.938,183.746,349.06
aflow:2abe19acdd8fcd02,Hf4Ho4O14,Cubic,13.0888,9.21326,96.6444,244.181,471.953
aflow:2ac33a1cfde8ab4b,Hf1N1,Cubic,11.1761,14.3005,57.1409,158.656,298.939
aflow:2acaed09465898ef,In2Li2Te4,Tetragonal,34.1431,4.58334,11.501,29.6524,183.084
aflow:2b0975334534357e,Ni2Sb1Ti1,Cubic,14.327,8.31691,44.3604,121.519,308.946
aflow:2b14842c370cdf6d,I1K1O3,Cubic,14.8227,4.79478,59.5178,151.84,457.167
aflow:2b1861d5044373e8,Ho1Os2Si2,Tetragonal,16.7372,11.9353,84.1787,216.922,361.063
aflow:2b190a36f46dcd2f,N4S2Zr4,Hexagonal,14.8775,5.41358,69.2297,181.473,504.073
aflow:2b1e6903fdc2363e,Mn2N6Sr6,Hexagonal,19.5246,4.37173,31.7285,80.5573,334.103
aflow:2b1ee051a8f92ea2,F8Pd4,Cubic,13.4451,5.94458,34.3967,92.1535,333.772
aflow:2b293d05bec63025,Ni1Sb1Zn1,Cubic,16.9607,8.02237,34.8324,93.6829,257.112
aflow:2b2c6f1ae0079448,Fe2Si2Tb2,Tetragonal,17.7058,7.59217,55.3923,140.176,372.922
aflow:2b2d95be873f1248,Rh6Th14,Hexagonal,29.8796,10.7424,26.9651,72.868,178.979
aflow:2b31f5084ef355c3,Bi1N1Sr3,Cubic,29.086,5.54748,36.5131,85.7291,267.017
aflow:2b4ab77dda6ab20f,Cu3Pt1,Cubic,12.7902,12.5197,51.3026,138.995,278.937
aflow:2b5359dfe49a0656,Ba2Cd2Ge2,Hexagonal,31.4024,5.68154,24.6889,59.9963,213.963
aflow:2b5b4263126741e1,Pt3Yb1,Cubic,17.3361,18.1587,42.2701,114.748,202.021
aflow:2b6382f25cfa0f19,Ge26Ru8Tb6,Cubic,18.3572,8.25297,50.9901,132.986,312.019
aflow:2b68e406cfa47a15,Pb2Se4,Tetragonal,27.6857,7.29976,18.5695,49.0752,183.938
aflow:2b705b860e8d18c0,Mg1Te1,Cubic,34.511,3.65455,12.2333,32.7732,184.915
aflow:2b7444c5b5ebcd49,Mn2Si2Tb1,Tetragonal,18.4383,5.85336,62.8192,151.312,393.07
aflow:2b79959ceebc4df6,Au7I1P10,Hexagonal,21.4276,7.81586,34.8704,90.7054,252.129
aflow:2b8d1079f7096770,As1Y1,Cubic,24.7851,5.48803,49.6308,122.455,334.036
aflow:2ba410b9b9e4be6e,Dy2Si4,Tetragonal,19.2121,6.30005,22.6709,62.5909,235.926
aflow:2bb0506c225e68cb,Ca1Pt5,Hexagonal,18.251,15.3994,68.69,181.041,264.032
aflow:2bc02570aae29c7c,F4K2Mg1,Tetragonal,15.4886,2.73379,26.8133,67.3666,414.257
aflow:2bc69dc73851b22e,Pt2Ti6,Cubic,16.9744,8.28563,67.9637,176.202,364.953
aflow:2bc72b69d5ebd9ad,Ge1Mn1Pd2,Cubic,15.6472,9.02924,24.2927,67.1396,236.948
aflow:2c17cb0ad30f0780,F1Rb1,Cubic,20.5558,4.21951,11.4269,30.3216,190.259
aflow:2c18088646d443e6,N2Re4,Hexagonal,11.7652,18.1792,190.426,489.753,470.036
aflow:2c1f33aa4ea9e9ba,Ho2In2Zn2,Hexagonal,22.4758,8.49955,42.4746,104.733,257.115
aflow:2c2bd8bb17d04c71,B6Nb4,Orthorhombic,10.2434,7.07578,209.295,501.235,806.903
aflow:2c598227e453c68b,Ni1Sb1Ti1,Cubic,17.7529,7.11936,56.2179,146.887,345.026
aflow:2c5d7000d3a9b86b,Nb6Tl2,Cubic,19.3532,10.3625,34.0505,95.1742,224.006
aflow:2c6a045b4fb1c8ba,Dy1Ni1Sb1,Cubic,21.1274,8.98464,56.4694,140.838,291.912
aflow:2c75a9327fd2228c,Be4N4Sr2,Tetragonal,12.0256,3.6912,70.7238,173.408,649.855
aflow:2cab0c35952c733f,C1Si1,Cubic,10.4973,3.17137,186.598,432.975,1105.88
aflow:2cb00cb797720fc7,Zn1Zr1,Cubic,18.4992,7.02841,46.007,119.051,326.064
aflow:2cb7747d64fa48bc,S1Zn1,Cubic,19.3769,4.17515,33.9479,87.8752,341.073
aflow:2cce4f73a021a5c3,Ba2Br2H2,Tetragonal,25.9681,4.65185,15.9332,40.5716,200.885
aflow:2cd188952f1402e7,Ru1V1,Cubic,14.2736,8.84227,92.8788,238.597,418.025
aflow:2cd52c20880b93f8,Ce1Se1,Cubic,25.0812,7.25227,35.1619,92.1045,249.912
aflow:2cdf5f1ba4cb1123,Ho3In3Pt3,Hexagonal,21.4632,12.2456,33.1143,90.1571,192.059
aflow:2cec3533c489c4ce,Ge3La1Rh1,Tetragonal,20.2459,7.53883,46.1256,119.515,302.033
aflow:2ced3b6a76c21777,Al4Dy2,Cubic,20.316,5.89756,57.9259,139.994,371.884
aflow:2cf7697a9bd599cc,Ge2Rh2Th1,Tetragonal,18.7194,10.3437,71.1657,184.035,329.084
aflow:2cf7763cb7345b42,Cu2Sb2Yb2,Hexagonal,23.4716,8.45038,35.7477,87.464,236.957
aflow:2d039e1be6afed3b,Si2W1,Tetragonal,13.8028,9.62523,186.315,433.407,592.927
aflow:2d0dae3617313b84,Er1In1,Cubic,25.9107,9.03884,20.8477,55.9664,170.02
aflow:2d16c5dbb444fdc1,Ge4Pt4Se4,Orthorhombic,18.9105,10.1462,64.4567,163.8,311.01
aflow:2d35bbc8a972ec15,Al3Pt3Zr3,Hexagonal,17.8255,9.72826,46.9857,128.263,276.974
aflow:2d3eb8e5ba3a4b4c,Re8Zr4,Hexagonal,17.7472,14.4597,53.8531,150.674,247.986
aflow:2d615b75d368a26e,Ir3Te6,Monoclinic,24.3145,10.1854,48.0193,121.898,271.06
aflow:2d6431fca86bbb03,Ir4Sb12,Cubic,25.6363,9.02725,60.1191,149.606,286.068
aflow:2d7433213b59c868,Ga1Ni3,Cubic,11.2678,9.05618,40.5033,112.166,301.079
aflow:2d7ebd551d6c4008,Sn3Tb1,Cubic,27.232,7.8508,13.9367,38.5505,149.963
aflow:2d8012161bf6067b,Ge4Ni4Ti4,Orthorhombic,14.2268,6.97125,79.7815,204.165,452.948
aflow:2d8425a06ab1611d,Pd1Sc1,Cubic,18.7429,6.70472,35.8967,96.8707,284.994
aflow:2d87cbc355583fbb,Al2Se4Tl2,Tetragonal,27.2122,5.93852,14.2197,36.269,219.951
aflow:2d95c74d463f2be0,Bi4Pd4Te4,Cubic,25.6299,9.56679,23.3455,63.2519,177.027
aflow:2db34a5f338cade0,C1Tc1,Cubic,12.5049,7.36441,30.492,87.6917,286.921
aflow:2db9c410da6d3a82,C1Dy3Pb1,Cubic,23.8018,9.86079,58.0406,139.676,273.927
aflow:2dc34d6d0fc3bf2c,In1Pd2Sc1,Cubic,17.9435,8.6198,42.2588,113.168,274.108
aflow:2dcd1a6fc5330c83,Ho1In1Pt4,Cubic,18.1384,16.1752,54.6615,147.759,228.961
aflow:2de2986ed2aaa8f8,Ir1Ti1,Tetragonal,15.4139,12.9341,85.3584,226.597,343.94
aflow:2deb3026cd0f34ce,Cs2Fe2O4,Cubic,20.7509,4.41627,20.5627,57.1793,235.027
aflow:2debadc28b817473,Dy1S1,Cubic,21.0354,7.67931,44.1197,115.072,285.94
aflow:2dedd8dce7aaba03,N3Ta1Th1,Cubic,13.9437,10.8372,135.492,341.618,478.994
aflow:2df70388e38a2bac,Er4Ge4Rh4,Orthorhombic,18.5075,10.251,53.476,140.442,287.041
aflow:2df9fb8c2a56d002,La1Zn5,Hexagonal,18.2684,7.05673,33.3197,85.4363,265.041
aflow:2e1e33df648b9852,Dy3Ga9Ru3,Cubic,17.5629,8.94013,60.1145,153.137,322.889
aflow:2e23c47fe4d7aa38,Al8Fe4Y1,Tetragonal,15.8824,4.24759,39.8976,104.388,396.973
aflow:2e2a4cca86d236fb,Pd3Sc1,Cubic,16.282,9.28471,62.6876,163.104,334.043
aflow:2e37a56af4d58d47,Mo6Pt2,Cubic,15.8407,12.6556,74.8075,204.956,318.974
aflow:2e3f8a20c515efb4,Fe2S6Ta9,Hexagonal,18.6758,10.1079,58.9386,151.872,339.993
aflow:2e4f8c383978e648,F4V2,Tetragonal,13.2118,3.72611,33.6302,90.0726,412.948
aflow:2e575b80a8fe08a0,Au2Ho1Si2,Tetragonal,18.3872,11.1087,43.5591,116.085,244.961
aflow:2e58843607c085cd,O12Ta4V2,Tetragonal,12.0886,7.76615,88.6347,229.641,535.113
aflow:2e65053c866f159e,Ba1Cu2S2,Tetragonal,19.6002,5.56685,29.1971,76.089,280.855
aflow:2e67ec776b02c2ba,Er2Ir4,Cubic,17.5096,17.4403,90.9509,237.725,288.03
aflow:2e6fc8387da41409,B2Ho1Ru3,Hexagonal,13.1829,10.2818,81.1447,215.591,397.005
aflow:2e76b5b465e3e9ce,N8Sn6,Cubic,14.4234,6.77771,77.3684,197.412,453.022
aflow:2e7952639cbaba48,As2Na6,Hexagonal,25.0486,2.38473,14.6404,36.4605,261.861
aflow:2e7da81b1d4f6450,Bi4Rh4S4,Cubic,20.0524,9.49405,57.4898,146.062,298.979
aflow:2ebb48057d683707,Ni2P2Zr1,Tetragonal,12.9961,6.91366,52.6609,143.253,394.873
aflow:2ebccc964e24c887,Co4Sb12,Cubic,23.4539,7.50805,56.2877,136.421,310.06
aflow:2ecff5c60a9b0b07,B1Er1Rh3,Cubic,14.592,11.079,90.4982,233.235,382.081
aflow:2ee4bf69de68f739,Cr3Ge3Nb3,Hexagonal,15.0512,7.99836,82.1495,215.356,426.028
aflow:2efc3a2add886375,La2Pt4Si4,Tetragonal,18.4515,10.534,58.3352,153.641,299.009
aflow:2f07261097099263,N12Ta10,Hexagonal,11.4201,13.0703,161.42,406.248,535.102
aflow:2f276b6fcbc132d3,Se4Ta1Tl3,Cubic,32.5739,7.07249,7.30807,19.4963,151.994
aflow:2f2f997069e31015,Cd2Se8Yb4,Cubic,29.5921,6.20727,10.7181,29.9666,128.952
aflow:2f36d8e6ad9e8324,Al4Hg2Se8,Cubic,23.7587,5.69512,24.4762,64.9119,240.044
aflow:2f3919722c70b825,Cd2Dy4Ge4,Tetragonal,22.4729,8.60959,49.302,121.726,273.114
aflow:2f4a0b485ba2036d,Au2Y1,Tetragonal,21.1056,12.6629,35.5028,94.6856,197.995
aflow:2f4b7a92fe4f70ca,Ag2Th1,Hexagonal,24.5232,10.1067,31.3596,82.5475,193.993
aflow:2f585e73be12e2e6,As4La4Te4,Orthorhombic,29.2064,6.47064,34.8096,86.9731,252.021
aflow:2f67daab27d4f405,Ge3Rh3Sc3,Hexagonal,17.024,7.16768,73.4556,186.924,406.885
aflow:2f89cc07a9870498,O4Sn2,Tetragonal,13.2406,6.29945,76.1392,196.911,488.169
aflow:2f92b5230c0e951e,Mg2Sc4Se8,Cubic,25.9142,3.93676,20.6461,55.1959,264.944
aflow:2f9b364badeb2cbb,O8Pd6Tl2,Cubic,14.5237,8.39729,37.8654,103.967,286.022
aflow:2fa6024efea3f124,Ca4In4Pt4,Orthorhombic,22.665,8.54729,26.3865,70.7124,206.992
aflow:2fa8b5d8106de001,Au2Si2Sr1,Tetragonal,20.1745,8.85189,41.0859,105.889,256.001
aflow:2fb266c537ed6c27,Gd2O2Se1,Hexagonal,18.4176,7.67193,57.9469,146.687,352.033
aflow:2fb74561ffd344ed,N4Pt8Zr16,Cubic,17.6532,10.3346,65.6865,174.527,325.945
aflow:2fc09b9ce32cd7f7,F8Mg4,Cubic,10.4749,3.29213,57.0154,144.826,595.296
aflow:2fc467cf3aaec8cb,In1Y1,Cubic,26.6218,6.35373,22.5172,59.6771,207.032
aflow:2fc9e57208d036ea,Au2Dy1Si2,Tetragonal,18.4686,11.016,45.6709,120.97,251.033
aflow:2fcfc5d692c5a2ae,O8Pd6Tl2,Cubic,14.5229,8.39779,38.5964,105.805,288.067
aflow:2fdc4e9364777c53,B6V4,Orthorhombic,8.50196,5.2466,226.448,532.255,1027.14
aflow:2ff88bd13c202825,Al4Mg2O8,Cubic,9.73303,3.46739,98.1655,249.958,809.086
aflow:301a04e0538c4b03,Co4Sn4Y4,Orthorhombic,20.2578,7.28251,31.7812,85.105,260.094
aflow:301eba9155e24633,S8Y4Zn2,Cubic,23.7287,3.71327,30.2745,78.6798,340.994
aflow:30204cfc9e652156,As8Pd4,Cubic,18.6655,7.59873,42.6853,113.337,290.937
aflow:30360afc9bed2333,Ni10P6Sr2,Orthorhombic,13.4383,6.50777,67.5445,174.918,441.887
aflow:303c76af5316363f,In2Tb4,Hexagonal,28.5712,8.38219,24.9001,64.7156,185.049
aflow:305466170501fcd5,Ca8Cl12O2,Hexagonal,22.7402,2.58258,15.8241,41.7721,310.904
aflow:3077ac734ed92463,Ni8Si4Zn12,Cubic,12.3789,7.63732,55.0876,144.856,375.846
aflow:30968b247fe9a71a,Bi2Cu1Zr6,Hexagonal,22.8935,8.29156,50.1337,128.617,292.956
aflow:30af3fe1257c3b19,Ir8S12,Orthorhombic,16.0054,9.97277,96.6677,243.485,409.034
aflow:30bf71b835b77b22,In3Ir3Tb3,Hexagonal,21.3058,12.1056,35.1322,95.6399,202.005
aflow:30c87e62a8035a27,C2Hf4S2,Hexagonal,14.9468,11.1388,126.276,305.961,459.962
aflow:30d7f0167688a502,In2Rb2Te4,Tetragonal,38.2767,4.94005,8.38727,21.1329,172.99
aflow:30de4ce4fa5ccbf6,In2Lu4Pd4,Tetragonal,20.8867,10.7734,37.6929,99.421,221.066
aflow:30f4d2baf7f66350,Sr1Zn5,Hexagonal,18.5973,6.16872,25.8666,66.3475,242.08
aflow:31070beda6c74ad3,Ga1Mn1,Tetragonal,17.0809,6.06022,31.433,80.5629,285.836
aflow:310724741803fafa,Ir4La10,Monoclinic,31.2269,8.19654,11.7323,32.6776,138.976
aflow:310c8244b2e723e3,C4Nb16Ni8,Cubic,14.4338,8.23423,93.0228,241.265,462.949
aflow:311775f5228e608f,Cu2La2Pb2,Hexagonal,26.4528,8.57179,38.5677,94.9412,232.973
aflow:3128a4b9547d3c3d,I1Tl1,Cubic,44.5892,6.16848,5.92427,15.6178,87.928
aflow:3133a8e5480f33b0,K2Li2Se2,Tetragonal,25.0604,2.76088,15.3426,37.9814,262.139
aflow:313eb01440abb77c,Er4Ge6Rh7,Cubic,17.0983,10.4253,77.711,196.655,353.983
aflow:3141991373b00bc5,Ru2Th2,Orthorhombic,24.3864,11.3412,31.8146,87.7869,192.024
aflow:31491dde12d77d75,Be4Cu2,Cubic,9.02351,5.00363,119.982,275.76,727.94
aflow:3158ffedfbc332e7,Co5Y1,Orthorhombic,16.0108,6.63028,29.9891,80.4391,271.946
aflow:31683fb91023ee25,As4Ru2,Orthorhombic,17.1578,8.09452,105.182,255.248,456.889
aflow:31742ab3c0b25417,Cs2F4H2,Tetragonal,19.2415,3.70896,8.21402,21.5474,227.017
aflow:317af56146e51eaf,O8Ti4,Orthorhombic,10.807,4.09225,97.8381,254.386,739.079
aflow:3193bc919f9279bb,Hf16Pd8,Cubic,19.9139,12.8798,30.1103,83.9639,191.013
aflow:31d2c50b7eb85972,Ge1Te1,Cubic,27.1712,6.11721,40.5743,95.4024,274.044
aflow:31dd23ac86927f7a,Al2Os1,Tetragonal,13.9975,9.65514,144.967,347.403,522.989
aflow:31e6dce72364afc2,Co2Mo2P4,Hexagonal,13.0567,6.89378,102.085,262.089,534.973
aflow:3215930607bd4762,Ca1F2,Cubic,13.9499,3.09798,36.6753,95.3678,451.298
aflow:3241d37461a734d3,Pt8S8,Tetragonal,17.5198,10.7647,49.1696,131.794,279.94
aflow:324914c655f34449,Dy2Rh4,Cubic,17.6327,11.5617,60.3346,160.275,287
aflow:3270fade19ad4c55,Ag2Sb6Zr10,Hexagonal,21.6429,7.92152,59.991,152.949,322.032
aflow:32735fd561d4a636,Mn3N1Pd1,Cubic,14.4776,6.5428,51.595,128.516,373.094
aflow:32900c9d0831cc96,O4S1Zn1,Cubic,19.2457,2.3215,13.0699,36.9638,350.902
aflow:329463b4cf618022,Ir2W2,Orthorhombic,15.0902,20.6916,172.31,441.512,380.046
aflow:329a60a8ee88bcb1,La1Pd2Si2,Tetragonal,18.4848,7.32815,56.2575,146.074,341.957
aflow:32b9125bd33fc3b2,C11N4,Orthorhombic,6.17343,3.37389,264.603,625.378,1561.19
aflow:32c4782e84353cbc,Hg4Mg8,Orthorhombic,21.5523,6.40004,15.1839,41.1921,177.887
aflow:32ca0a12b5f25e59,B8Cr2,Orthorhombic,7.39861,4.27494,258.248,587.282,1276.21
aflow:32cf9280ab2dee77,K4S2,Orthorhombic,29.6916,2.05541,5.93455,16.0556,189.903
aflow:32d72b1701a0a640,B2Ti1,Hexagonal,8.8751,4.33575,237.262,537.812,1133.27
aflow:32e1b4a32d8eea59,Bi10La6Mg2,Hexagonal,31.3703,8.73945,14.207,38.9611,133.96
aflow:32fd68442bcc415c,B4Mo6,Tetragonal,11.681,8.79784,165.996,419.167,624.095
aflow:3301d0c6f9cfb671,Mg1P1Pd5,Tetragonal,15.2414,9.14053,51.4112,137.801,311.042
aflow:331c44611dec6b68,Al2La6,Hexagonal,32.145,5.73011,15.8614,42.0603,170.053
aflow:3324bfc008dc3a04,As4Pd4Tb4,Orthorhombic,19.5711,9.6229,51.3134,132.519,281.997
aflow:33384eefa2607528,Nb1Zn3,Cubic,14.9772,8.01171,76.0973,188.47,395.049
aflow:333b7c39a00045da,Na16Sb8Sn2,Cubic,31.5785,3.19394,9.0566,23.591,187.09
aflow:334e2589c5f00e94,Pd4S4Sb4,Cubic,20.4713,7.0357,29.2552,78.7958,258.111
aflow:3358587bf9e7098d,Al9Ba1Co2,Hexagonal,17.6313,3.90877,63.3263,152.163,512.099
aflow:336122e56ceec959,Ni16Si7Ti6,Cubic,11.9829,6.79995,94.8961,244.581,527.111
aflow:3364b92440445084,Mg12Ru8,Cubic,16.7083,5.46723,49.7434,129.359,392.973
aflow:336873381da1c2de,Sc1Zn1,Cubic,19.4071,4.72037,45.4127,112.771,363.121
aflow:336d342eccc91ed6,Si34,Cubic,23.5299,1.98203,37.1295,92.7221,522.063
aflow:33853d302c8aeea7,Al8Y12,Tetragonal,26.0114,4.09439,34.7055,86.8452,325.071
aflow:33ab67cfa7668558,O4Te2,Tetragonal,14.8281,5.95761,50.1321,134.773,393.969
aflow:33c46f81543e1b3a,I2Li2,Hexagonal,27.1945,4.08641,10.7871,27.4728,173.064
aflow:33d7c27fdace9b26,C1Pb1Sc3,Cubic,19.9211,5.90289,70.4854,168.334,411.054
aflow:33d8042193c43c8f,H1Ta2,Orthorhombic,13.4213,14.9666,63.8499,172.964,288.968
aflow:33ddb11c20835133,Pd6S8Y2,Cubic,18.9003,5.89028,25.8398,71.5509,256.915
aflow:33e3744c0a0f8246,H3K1Mg1,Cubic,12.8619,1.71521,32.4676,74.6244,555.912
aflow:33ed8f510f3a34ba,K1O3Ta1,Cubic,13.2239,6.73174,121.253,298.429,579.873
aflow:33ef6a9a103460ff,Sb2V6,Cubic,15.3662,7.41792,74.9384,196.094,414.961
aflow:33f1dcc5b643ecbe,Fe1Ru2Sn1,Cubic,15.4428,10.1259,66.6401,178.568,338.956
aflow:34071ae9df93c9a4,Si6W3,Hexagonal,13.7405,9.66886,145.092,355.913,524.974
aflow:340c69078949ff30,Fe8Re12,Cubic,13.148,16.9311,130.985,346.499,391.99
aflow:3411f1b0e2cc30b2,H2In2O4,Orthorhombic,10.0426,6.11075,70.4754,183.216,516.98
aflow:341c350b9d494069,Ga1Ir1,Cubic,13.9271,15.6167,61.4924,168.62,275.976
aflow:342b816503ddad2f,Ir1N1,Cubic,10.6228,16.1186,58.9194,165.396,290.049
aflow:3449b10658b69dd3,Ir3Zr1,Cubic,15.5004,17.8873,158.84,398.328,388.974
aflow:344bb9006b72fbe2,Ca3Pb3Pd3,Hexagonal,24.0993,8.12335,23.4396,61.4932,196.048
aflow:34665d30c93be182,Al40Pr2V4,Cubic,16.6436,3.39403,61.0969,153.032,504.783
aflow:3470b76585047b49,Au2Sc2Si2,Hexagonal,18.3006,8.16657,58.3337,148.14,333.986
aflow:3471a605457dfc2f,Cd2Y1,Hexagonal,24.6197,7.05336,31.735,80.2319,233.917
aflow:3476587550814183,O3W1,Cubic,14.2369,6.7605,124.209,315.246,576.075
aflow:348433ef9c1b5e36,Fe1Sb2Zr6,Hexagonal,22.0352,7.0893,53.6366,137.631,323.998
aflow:348aaceb97a7cad5,Ag2Ca2,Orthorhombic,27.7645,4.42425,13.0578,34.7388,182.959
aflow:348b8fa1616f2ea1,Ba1In4,Tetragonal,30.8824,6.41592,19.7444,49.8237,177.894
aflow:349950102e124901,Ir2Si2Th1,Tetragonal,18.186,12.2838,45.6034,126.137,248.034
aflow:34a8563cd5bba734,In4S8Zn2,Cubic,21.7199,4.62276,30.5168,79.7779,310.124
aflow:34b1e81ce8d9666d,Au2Mn1,Tetragonal,17.7596,13.99,23.2106,64.5422,161.987
aflow:34ba666025b6b9b2,Cr4O8Zn2,Cubic,10.6447,5.20069,82.615,214.23,601.964
aflow:34bc84e6f08e0c70,In2Li2Se4,Tetragonal,26.9898,4.30183,14.7614,38.2524,231.94
aflow:34bd54f20afe9d90,Au2Ca1Ge2,Tetragonal,21.193,9.07634,19.9173,54.4052,182.027
aflow:34c7bf6ca067f63d,Al3Pd3Th3,Hexagonal,22.5612,8.96516,28.3812,78.0078,210.979
aflow:34cde03301c7c942,Ir4Y2,Cubic,17.8049,14.7152,89.439,233.283,309.992
aflow:34d0a12005e4459a,Co1N1,Cubic,8.00575,7.56454,166.722,416.852,753.147
aflow:34d2fa3f788ed749,Cl2H12Sr7,Hexagonal,16.1749,3.40416,26.6899,65.1484,350.861
aflow:34e06cdc51fc586a,B12Hf1,Cubic,7.73302,5.09101,192.287,454.144,987.19
aflow:34e4bab9e0595f9f,In1Ni2Ti1,Cubic,14.425,8.06097,51.9468,136.952,356.053
aflow:34f0af79044febaa,Lu2Te4,Tetragonal,28.3129,8.40972,18.5513,50.4131,163.004
aflow:34fe14c5db42eac5,C1Re1,Hexagonal,10.2215,16.1002,237.633,595.94,579.039
aflow:3514633aa46a9f48,Rb6S6,Hexagonal,35.8117,2.7248,8.08643,20.7328,195.109
aflow:35246e62d761d918,Be2Li2Sb2,Hexagonal,17.1198,4.4522,46.8786,109.656,402.999
aflow:354effde4e249bd5,Cu7Zn16Zr6,Cubic,15.1443,7.70642,48.2958,124.7,333.954
aflow:357d75b7478ab0b5,Au1Er1Sn1,Cubic,25.0836,10.6564,35.7198,93.476,201.984
aflow:358d5c62402dd8bf,Bi1Pd1Yb1,Cubic,26.9478,10.0323,15.9958,43.4102,144.017
aflow:3591a716ef2ae19c,Pd1Yb1,Cubic,21.8006,10.6424,21.7507,57.9457,162.943
aflow:359263f19d0d546e,Al1Rh1,Cubic,13.3014,8.1075,105.15,268.159,490.912
aflow:35ac7e5d53e825e9,B2Mo2,Orthorhombic,10.5467,8.40372,190.262,472.33,706.047
aflow:35bb8c6d60e01291,Lu1Ni1Sb1,Cubic,20.7087,9.49953,57.1621,139.198,308.915
aflow:35bcc55fc8729f56,Au5K1,Hexagonal,22.105,12.8197,22.7251,61.5725,156.129
aflow:35da6b84199f2098,B6Ni21U2,Cubic,10.2007,9.95478,64.9906,178.139,380.028
aflow:35e6777f90fd2bc6,Ni1Sb1Y1,Cubic,21.3146,6.99458,54.6389,135.71,329.93
aflow:35eb4e1d72958b91,As1Tb1,Cubic,25.0648,7.74618,49.9182,123.036,282.94
aflow:35ef9bb6ec3b52f3,As2Ca2Rb2,Tetragonal,35.7271,3.10583,10.7912,27.6825,199.921
aflow:35efc58e64c4d586,Al1C1Er3,Cubic,22.5102,7.97838,65.4864,156.011,329.045
aflow:35f0695ac31d122e,Dy1Rh3Si2,Hexagonal,15.969,9.14008,100.833,254.206,428.945
aflow:35f35f50f54f10c8,Er4In2Ni4,Tetragonal,19.2385,9.78308,36.7299,96.6757,237.002
aflow:36042ab26a7ef0c7,Cu6P2S8,Orthorhombic,17.7435,4.09264,32.5289,84.9912,363.068
aflow:3609d740c6208956,Au1O1Rb3,Cubic,35.558,4.38386,9.45658,23.4806,143.902
aflow:361961d3badac26d,Cu1Ge6Ho2,Orthorhombic,19.5321,7.8304,55.1019,135.128,316.102
aflow:364819176d015d5e,Ga3Ni2,Hexagonal,13.7509,7.88775,64.678,165.952,379.12
aflow:3649f800dc60563b,Li2Mg1Pb1,Cubic,19.7925,5.14683,16.1243,41.1923,207.938
aflow:3653e3e40329f003,Si8,Cubic,18.4383,2.52935,64.3158,153.969,644.07
aflow:3654b3cb161aca43,Ca2Pb2Zn2,Hexagonal,26.171,6.61271,22.9328,56.286,213.136
aflow:365580c179f6352a,Au1Cu4Dy1,Cubic,15.1023,11.2454,22.1162,62.2123,184.066
aflow:3655d7d1b22320af,Ag3Si3Y3,Hexagonal,20.3398,6.11916,53.833,133.294,348.076
aflow:3660298184761e7a,Au4Bi2Dy10,Tetragonal,27.0975,10.8421,19.9875,54.1299,154.975
aflow:366cc9258d888e65,Pd2Sb4U2,Tetragonal,23.752,10.2758,39.6809,103.086,239.067
aflow:366eba3176381355,Ba1Pt5,Hexagonal,19.4699,15.8177,60.18,159.248,235.988
aflow:3677ba6a2d1dd30d,Al8Tb12,Tetragonal,26.1,6.75335,29.2788,75.1796,233.009
aflow:36adaa3557e511c8,B2Ir6Sn5,Hexagonal,17.02,13.2717,52.6355,142.556,270.017
aflow:36d63ab952f0878a,Pd1Ti2,Tetragonal,16.8711,6.63385,52.4326,139.391,360.948
aflow:36e9d77a6a04ba23,Ir3Sn3Zr3,Hexagonal,19.6366,11.3352,57.5878,154.055,278
aflow:36f3a9e3d11d6869,Hf4Ni6Si8,Orthorhombic,13.4223,8.87161,93.1942,238.01,442.104
aflow:36f700f79ac36078,Gd1Se1,Cubic,25.001,7.84441,33.3877,87.6076,228.976
aflow:3705ce5067dea182,H10Rb6Zn2,Tetragonal,20.065,3.00525,10.6644,25.8878,245.756
aflow:371e17f543ef4d20,O8Zn4,Cubic,9.42314,5.72001,77.3245,197.512,569.997
aflow:372524132de0a17d,B12Th1,Cubic,8.66698,5.33159,201.511,468.352,947.934
aflow:3725295c0a9f5a54,Cr4Mn2O8,Cubic,11.3923,4.642,61.9419,165.28,539.934
aflow:3727b58c3492cd96,La4Rh4Sn8,Orthorhombic,25.191,7.89682,26.4013,71.5253,210.977
aflow:37284cbd0ea4a227,Ge7Ni16Sc6,Cubic,13.6057,7.22564,62.8429,163.846,412.091
aflow:372d611a48f042d2,Nd1Os4P12,Cubic,15.7577,7.91415,106.12,264.781,476.944
aflow:3746bf32a1781888,K2Se1,Cubic,38.8054,2.24165,9.12565,22.9792,192.173
aflow:374d22f8c898b9db,Ge4Ni8Zn12,Cubic,13.0661,8.17827,41.0417,110.389,309.118
aflow:3756c870356d9386,Pt4Y4,Orthorhombic,22.0634,10.6871,34.6897,94.1145,209.935
aflow:3761d1952c1bd9bb,Pd1Sb1Sc1,Cubic,21.9921,6.87372,41.9792,109.968,287.064
aflow:377117f4c7159f05,Hg2K2Sb2,Hexagonal,36.1306,5.53716,12.2833,30.8635,159.12
aflow:37d22335d6f94c61,Pb1Se1,Cubic,26.9065,8.83023,9.30123,26.3005,110.956
aflow:37dacff32cbe2223,Si12Sr2,Orthorhombic,19.3667,3.13734,48.8636,120.312,483.123
aflow:37e59a947694e98a,Al36Cr4Mg6,Cubic,16.509,2.89758,52.9134,132.229,535.121
aflow:37f7af1e3eac9a1c,Ni4Sn4Tb4,Orthorhombic,20.8939,8.90926,37.6546,98.7962,250.063
aflow:380f60d7d8ee8905,Ir5La1,Hexagonal,17.8008,17.1022,86.1616,228.566,284.967
aflow:3813d81d018f7ced,As1Li1Zn1,Cubic,17.4309,4.67564,42.953,102.034,366.834
aflow:38146938a7b4dba5,Al4O10Si2,Orthorhombic,9.49682,3.54175,115.807,294.59,886.232
aflow:382406f1577b9025,La4Si4,Orthorhombic,26.001,5.33239,44.2853,108.898,326.044
aflow:382493c94d1059f4,Ag1I1,Cubic,29.3464,6.64221,10.1344,27.5859,125.912
aflow:3829f8821427a5ef,B24Re4Y8,Orthorhombic,10.9255,7.24255,184.343,425.773,738.138
aflow:382cb76ea706d801,C2Ga2Nb4,Hexagonal,14.7223,7.5446,109.923,273.998,539.033
aflow:383cba91cc735239,Er2In2Zn2,Hexagonal,22.2512,8.6433,42.5958,105.127,256.102
aflow:383f32c8834f7c96,Ru1Si3Th1,Tetragonal,18.2776,7.58359,58.9242,153.873,363.065
aflow:38572c9082b74b95,Ge4Ni4Zr4,Orthorhombic,15.7032,7.84279,80.9198,205.693,417.911
aflow:3893846e555c633e,Co4Ge4Ta4,Orthorhombic,15.2037,11.3759,64.7056,168.877,326.014
aflow:3895c112ae3a70bc,Ca4Si12,Tetragonal,18.5932,2.77609,45.006,108.086,535.135
aflow:38a2c7e44ad06738,Cd4La2Pd2,Orthorhombic,23.7276,8.22524,27.0896,72.0472,202.056
aflow:38a9e95e984203dc,Hf3Re3Si3,Hexagonal,15.9236,13.6531,136.004,338.013,409.959
aflow:38ba814600937719,Hf4S2,Hexagonal,19.4875,11.0501,75.8956,191.574,319.974
aflow:38c69ac39f1cd3e6,N2Sn6Zr10,Hexagonal,20.4091,7.46888,65.7218,165.695,370.023
aflow:38e039bd686640f6,As4Ca4Cd2,Orthorhombic,25.8091,4.40613,26.5522,65.77,291.064
aflow:38f66e468b9ba830,Hg1S1,Cubic,21.6995,8.90169,13.9857,39.2171,149.055
aflow:38fcd6562d37c36e,Ca2Ir4,Cubic,17.8964,13.1298,69.5119,182.338,290.063
aflow:38fefb0ffb8a0914,Dy1Tl1,Cubic,27.3074,11.1545,15.9993,43.7629,131.932
aflow:391e7db424983ea0,Hf4Nb4P4,Orthorhombic,16.9549,9.87127,100.707,254.763,406.984
aflow:392a4ca8e5577aea,Pa6Sb8,Cubic,27.5618,10.1571,41.6707,107.139,219.971
aflow:392de8b37e30606d,N8Pt4,Cubic,9.52438,12.9657,187.587,460.817,599.979
aflow:3942a1cdbcb67731,K1,Cubic,73.0724,0.888493,1.03926,2.86242,82.0983
aflow:3956291701684a5e,B6Ni21Zr2,Cubic,10.0358,8.44304,75.3208,202.482,451.953
aflow:39585e426a7fc2b7,Ge4La12,Orthorhombic,33.2486,6.10938,16.7737,44.3087,175.987
aflow:3967538d7c5df002,Ga3Sc1,Cubic,17.8749,5.90288,30.8365,82.3579,260.954
aflow:39732c5e0bf86e43,Er4Ge4Ru4,Orthorhombic,18.4906,10.2054,46.4393,123.649,279.974
aflow:398964731a402aec,Ru4Sb12Sr1,Cubic,24.4047,7.8164,46.2054,118.616,274.997
aflow:398e51f3552c24b1,Si2Sn6Zr10,Hexagonal,21.7378,7.13186,70.9438,174.814,373.043
aflow:399097d6e548985d,Dy1In1,Cubic,26.3692,8.73178,21.9057,58.4608,174.04
aflow:39adb5b2c90dd553,Al12Dy4,Hexagonal,19.3502,5.2228,57.6368,137.801,404.002
aflow:39b6b6d4ae8c491b,P4Pt4Sc4,Orthorhombic,17.4445,8.59942,42.6131,115.533,291.964
aflow:39c84b928e375b7f,B1Bi1,Cubic,20.968,8.70304,61.2994,144.409,306.084
aflow:39d1a4abb510007a,Fe8Ta4,Hexagonal,14.8808,10.8853,47.8296,129.333,282.95
aflow:39d79adf50b4e14e,Ba1Nb7O9,Tetragonal,13.2662,6.85988,123.059,306.328,600.967
aflow:39e2230d9b5ece5a,Ho1Se1,Cubic,23.5747,8.5895,27.2323,73.613,204.988
aflow:39f356cd89bbb02f,Mo3Si6,Hexagonal,13.6419,6.17182,147.733,356.865,658.985
aflow:39f8773e11d8347a,P4V4Zr4,Orthorhombic,15.5592,6.15925,106.797,265.377,546.083
aflow:39fbb25ad81ea9a5,Li2Pd1,Hexagonal,14.024,4.7474,19.5659,51.8438,272.078
aflow:3a19d0040d513959,Ba2Cd4,Orthorhombic,32.4986,6.1681,8.47802,22.9599,120.924
aflow:3a1f793678c9c371,Al1Dy3N1,Cubic,21.7406,8.07317,66.6728,160.677,333.916
aflow:3a2dc373e1137737,Al8Fe4La1,Tetragonal,16.51,4.47298,48.591,123.24,444.641
aflow:3a36523e268b82dc,Au2Nb3,Tetragonal,18.0928,12.3471,59.473,159.677,276.036
aflow:3a3a58a5748e494d,Mg2Se8Y4,Cubic,28.5978,4.29648,19.1741,51.2146,237.993
aflow:3a49575b9b567100,Pb4Y2,Orthorhombic,28.7167,9.70121,28.0415,71.5915,179.009
aflow:3a4a6876faf133b0,Mn4O14Y4,Cubic,11.5487,5.22444,103.964,260.355,626.856
aflow:3a4b13f181909c0b,C1Rh1,Cubic,10.2639,9.29589,66.1628,184.014,405.975
aflow:3a4dee2a594b05cd,Ce2N2Se1,Hexagonal,18.9956,6.76982,57.9506,148.405,387.042
aflow:3a58c173f4af7068,Cd2Dy4Te8,Cubic,36.0325,6.2399,13.1501,35.6095,150.037
aflow:3a6fa1590482d690,Cd1Sr1,Cubic,33.4208,4.96933,16.0475,39.6432,177.099
aflow:3a77ab5132ea93ff,Eu1S1,Cubic,24.3338,6.27877,18.7828,51.0161,186.066
aflow:3a792a64d75b5312,Al1Tb3,Cubic,27.258,7.67215,30.0666,75.0926,215.958
aflow:3a84e674e05ac4e6,Hg33Rb3,Cubic,30.5865,10.3692,4.09618,11.2197,59.1191
aflow:3a88e8bf41f9f1aa,Cr2Te2,Orthorhombic,24.5789,6.06671,7.82112,22.4468,128.018
aflow:3a8b7ba885be1cf7,O2Sr1,Tetragonal,14.4736,4.57458,44.6311,111.68,448.116
aflow:3a9e66b3bda80de3,Al2Li10O8,Orthorhombic,9.63508,2.16608,51.77,127.811,793.099
aflow:3ab379fa84871cea,Au8Nb12,Cubic,18.1332,12.3196,53.937,146.649,264.982
aflow:3aba48db17f47517,Hf3Os3Si3,Hexagonal,15.7642,13.9316,117.88,300.93,380.946
aflow:3add5c3f5522b969,Ho4O14Ru4,Cubic,12.1709,7.98764,90.5528,234.328,486.072
aflow:3ae9b6702a187c81,Cd2Tb1,Hexagonal,24.6034,8.63327,29.505,75.4218,204.944
aflow:3af23ae5e3dc2ec1,O8Si2Zn4,Tetragonal,11.1678,4.73351,52.8536,140.374,537.145
aflow:3aff30e8e1026638,Al6C6Sc2,Hexagonal,11.8792,3.23372,137.85,323.477,908.122
aflow:3b038973a1022929,Co3Sn3Th3,Hexagonal,22.3605,10.1408,50.9042,132.006,259.041
aflow:3b0de28f284593eb,Al2Sc4,Hexagonal,22.3525,2.89462,45.0131,110.988,451.131
aflow:3b221436eaa1f3db,Si1U3,Cubic,20.8456,14.7802,24.1499,68.3412,153.963
aflow:3b2c4a2a23b245fc,B2Mg16Pt8,Cubic,17.8114,7.06828,34.806,92.2544,284.104
aflow:3b44b81f56c6bb05,Dy2Pt4Si4,Tetragonal,17.172,11.7752,49.1295,133.475,264.985
aflow:3b6ec2992da4f35e,In2Y4,Hexagonal,28.4598,5.69138,26.781,68.9798,232.008
aflow:3b91a501ca0a8736,Ag2Si2Tb1,Tetragonal,18.7428,7.63402,52.6362,132.554,316.033
aflow:3b928ddd4c2eac87,Al40La2Ti4,Cubic,17.7206,3.1548,53.7629,132.211,506.792
aflow:3b97ae34b7e6d862,O3Pb1Ti1,Cubic,12.7945,7.86753,91.625,232.717,473.931
aflow:3b9cba5a6a026816,Ti3,Hexagonal,18.4747,4.30535,75.3594,185.049,510.067
aflow:3bbbaae0bd628b7d,C1In1Sc3,Cubic,19.7502,4.40058,78.5781,184.424,501.904
aflow:3bbf7781926735c7,Ho4In2Pd4,Tetragonal,21.7794,10.0257,34.0228,90.4215,215.986
aflow:3bc3fc68c58fdd1f,Cd3In1,Cubic,23.5159,7.98022,8.17173,23.1916,99.844
aflow:3bc62c3e4e4153c2,Ge12Pr1Pt4,Cubic,19.2406,9.0992,21.7107,61.4509,181.037
aflow:3be04981f5c152ed,Ga1Ir1Li2,Cubic,13.2321,8.65401,39.414,104.137,294.151
aflow:3be696425dabfe6c,B4In5Ir9,Hexagonal,15.6221,13.8615,81.2708,211.36,335.988
aflow:3bf25c232d2dd4e9,Be44Re2,Cubic,8.28102,3.35196,151.936,332.329,1032.35
aflow:3bfe1ae39e2268a1,Pt4Si4Y4,Orthorhombic,18.694,9.24046,62.8864,162.237,329.071
aflow:3c1fc15dfd5cabac,Be2Mo6,Cubic,14.5015,8.49742,103.033,267.936,469.046
aflow:3c22a9e15877a37f,N2P2V6,Orthorhombic,11.4692,5.72773,111.421,285.672,656.077
aflow:3c3f0a63dafd798f,Al4Th2,Cubic,22.9614,6.89441,44.9052,114.813,295.045
aflow:3c46211a6b8a9e6f,Ba2Si2Zn2,Hexagonal,27.2991,4.67958,31.0517,75.1832,272.93
aflow:3c5bb400e8a7dc38,P8Ti4,Orthorhombic,14.8704,4.08881,85.6627,209.883,608.046
aflow:3c5c4e212c7f9076,Ba6O10Si2,Tetragonal,17.3603,5.52731,40.6267,103.025,393.093
aflow:3c6a789e144b4f34,N8W4,Cubic,10.6179,11.0445,86.9456,238.228,428.044
aflow:3c78f90c1e08f159,Ag4Ba2,Orthorhombic,29.4975,6.62522,14.1632,35.5934,167.937
aflow:3c8226cd8d9997c6,As4Ho4Ni2,Hexagonal,20.5184,8.71438,50.0044,127.735,288.919
aflow:3c863fb6f8c37ac7,Os4Si4Zr4,Orthorhombic,16.3384,10.4854,101.571,262.24,405.993
aflow:3ca3b19dbc5f1d8c,Ho1Ir1,Cubic,19.5148,15.1952,49.9922,133.969,221.952
aflow:3caef21d7715917b,N1Nb1,Cubic,10.9317,8.12012,129.055,339.434,586.922
aflow:3caf75d9979b3ab3,Hf4O12Sr4,Orthorhombic,13.895,7.5076,91.5416,229.093,489.038
aflow:3cb72890f73b7821,Cu2Ge1Li1,Cubic,12.8419,6.67944,32.1313,85.8899,293.01
aflow:3cbb89aceb65d7eb,Si2Zr4,Tetragonal,19.483,5.98105,87.9714,214.601,464.051
aflow:3ce2fb5cea681593,Dy1Pt1Sb1,Cubic,23.819,11.139,47.4922,123.121,235.049
aflow:3cfd4805f7728ac7,Cs1I1,Cubic,50.6611,4.25795,5.61116,14.202,98.9233
aflow:3d1f3040f69c29a8,Dy4O14V4,Cubic,11.7499,6.92329,96.211,247.002,547.997
aflow:3d37baaa5a26457a,Au2Gd2,Orthorhombic,25.1811,11.6792,16.3932,45.5084,140.943
aflow:3d3dd8dbe54026e0,Cs2S2,Orthorhombic,44.0775,3.10739,4.94956,13.0972,137.002
aflow:3d43bc3c329d30c7,As2Cd2K2,Tetragonal,28.1999,4.44441,17.3694,43.2213,233.011
aflow:3d4b6ad5b61b11ab,Be2Zn26,Cubic,15.7317,6.47611,28.3996,73.7549,265.183
aflow:3d5c7e27f5a6cca6,Cl1Li1,Cubic,17.1459,2.05288,18.5325,46.6117,363.038
aflow:3d63c71ee94d40ed,Ga2La1,Hexagonal,24.1374,6.38373,53.1946,126.794,317.868
aflow:3d6a13a697be6ee5,Be2Li2P2,Tetragonal,13.0781,1.98612,44.0202,107.042,690.204
aflow:3d6cafb48da92910,Co1O1,Cubic,12.4671,4.99028,34.9103,95.9591,374.876
aflow:3d7e68f7ff5a44bf,N3Ta2Zr1,Hexagonal,12.206,11.2266,101.06,269.608,430.079
aflow:3d7ea012d0f48467,Cd4O14Ta4,Cubic,13.2847,7.93969,83.8562,212.935,499.029
aflow:3d9128eca44abb0e,O4Ta2,Tetragonal,12.2022,9.65966,114.748,298.408,491.903
aflow:3da782f49ab267fc,Sb4Th2,Tetragonal,31.0104,8.48802,28.8531,76.8551,191.032
aflow:3db1c6bb651f859d,La1Te1,Cubic,34.611,6.3931,19.4894,52.2805,177.01
aflow:3db43abbe01e36c9,O2Pt2,Tetragonal,13.2628,13.2145,47.1944,130.519,268.068
aflow:3db9b1e4d39614d9,In1Ir1Li2,Cubic,15.4308,8.63374,26.6955,72.4689,231.123
aflow:3dcd0c27cff52597,Ge4Ir4Nb4,Orthorhombic,15.7685,12.5567,98.4751,258.388,365.946
aflow:3dce273fb55e12a1,Al6Hf6Pt6,Hexagonal,17.4055,12.7383,69.2615,182.211,296.936
aflow:3de78be8c94f3ef6,Cd1Ni4Sc1,Cubic,13.6057,7.97632,61.6453,159.066,368.812
aflow:3df3fa4eab247238,Rh3Sn3Y3,Hexagonal,21.4004,8.03101,39.5839,105.618,263.015
aflow:3df71fdb8f321767,C1Ir1,Cubic,12.1585,13.9463,82.8468,225.968,349.929
aflow:3dfa4e99c09c8f5c,Ba6Sn10,Orthorhombic,36.4226,5.72986,17.3505,43.5048,183.926
aflow:3e014c23361a96b1,Al8N4Nb12,Cubic,14.7858,6.48923,115.382,289.33,559.908
aflow:3e06d4bedd955b6a,Al2C6Nb8,Hexagonal,13.1432,6.86419,147.603,362.428,665.904
aflow:3e10257c5f850697,Rh4Tb4Zn4,Orthorhombic,18.7023,9.68416,32.9542,89.2535,226.956
aflow:3e164407c8b6a96b,C1Ho3Tl1,Cubic,34.9698,6.754,12.4936,34.0622,138.967
aflow:3e2391ad165f4246,Ge4Hf6,Tetragonal,18.967,11.918,86.1307,213.017,331.035
aflow:3e2cf25a0eef3cee,Al1Li2Rh1,Cubic,13.2841,4.49287,35.0487,92.1164,377.787
aflow:3e396b5753d5e0b2,Ni2P2Tb1,Tetragonal,13.9594,8.0474,88.9996,222.972,446.984
aflow:3e3c1d40063cad82,Br2Se4Tl10,Tetragonal,31.9121,8.19337,9.85813,25.4384,124.978
aflow:3e41a1f628d95c09,Re8Tb4,Hexagonal,18.9943,15.4834,33.0189,93.9203,183.013
aflow:3e45dbfa7d475634,Hf1Tc1,Cubic,17.4153,13.2248,65.5671,176.016,282.962
aflow:3e56b7d5ac7e242d,P12Ru4Th1,Cubic,15.7681,6.24429,111.869,273.074,548.986
aflow:3e71628ad5f72310,Au2Ge8Rb6,Orthorhombic,34.1091,4.5259,9.10504,23.3174,176.055
aflow:3e796af1a6735597,C1Pt1,Hexagonal,11.212,15.3362,66.8829,184.349,308.95
aflow:3e889b2ebbefdb97,Al8Ho12,Tetragonal,25.4175,7.17009,34.0672,86.0356,244.976
aflow:3e99a8522e295b39,In3Yb1,Cubic,26.1747,8.20764,23.2169,56.5341,188.092
aflow:3ea0d57ff7b5eec3,Pt2Si1,Tetragonal,15.4961,14.9402,65.0559,176.708,276.948
aflow:3ea6e14c71841664,Au1Cl3Cs1,Cubic,28.2007,5.13731,11.7102,31.5275,162.033
aflow:3ea755faf545710b,Al4Au8,Orthorhombic,16.7216,13.933,30.1104,82.9862,193.048
aflow:3eb9b5f8dc58315f,Ge1Li1Rh2,Cubic,12.8103,9.2469,91.9475,233.728,433.096
aflow:3eca17f579df5802,As8Ca6In4,Orthorhombic,26.3338,4.55111,27.8566,69.0458,290.032
aflow:3ecce9ff5402ec86,Al1C1Ho3,Cubic,22.9065,7.73901,61.4448,147.21,322.975
aflow:3ed43988e45b406c,As12Ir4,Cubic,19.6431,8.81253,84.4634,208.124,372.088
aflow:3ed71ef6a437ea24,Cu3Ge3Sc3,Hexagonal,16.8969,5.93227,65.3961,161.104,410.012
aflow:3efb228404f4db71,Cu2Ga2S4,Tetragonal,19.1436,4.28074,35.1155,90.9539,347.139
aflow:3f1afe7cdc194a24,In3Rh3Tb3,Hexagonal,21.2761,9.79886,30.1355,82.1556,208.032
aflow:3f3f515e6078b89d,Er4Ga4Ir4,Orthorhombic,18.6325,12.7507,34.2449,94.3244,207.032
aflow:3f56bd3fc4aec1dc,Au2S4V2,Hexagonal,17.4176,7.43693,48.1316,124.064,338.064
aflow:3f57a877140fb8da,Li2Sb2Zn2,Hexagonal,20.5168,5.23576,25.2144,63.9673,257.171
aflow:3f6ff80616013748,Cr1N1,Cubic,9.6742,5.66456,168.532,407.883,815.161
aflow:3f83528ca1eec463,Er1Ga3,Cubic,18.9453,8.24935,41.5446,106.034,256.105
aflow:3f876ad2c5295b26,Ir4Si4Th2,Tetragonal,17.721,12.6061,86.0957,224.614,331.932
aflow:3f9cdaf1cef3811b,Pd2Sc2Zn2,Orthorhombic,17.6315,6.80407,39.0704,103.796,298.084
aflow:3faa1f117808e14f,Au3Er3In3,Hexagonal,22.6138,11.7255,39.3722,102.087,212.061
aflow:3faccddce4b6bc29,C1Tc1,Cubic,10.431,8.82864,69.8152,190.211,439.187
aflow:3fb607526d812a7f,Ge4Na3Pt4,Cubic,20.7337,8.29788,22.8799,62.8666,202.972
aflow:3fba6b358acb1514,Ir2Si2Y1,Tetragonal,16.392,10.7282,107.64,268.626,420.98
aflow:3fbf87ca8a0ffa55,Co4Mo4P4,Orthorhombic,12.3695,8.31634,102.795,262.484,488.96
aflow:3fcd14dad8d1899d,Cd2Te2,Orthorhombic,28.5525,6.97918,15.611,42.2332,159.086
aflow:3fd470028e022781,N1Na1,Cubic,15.7778,1.94685,18.0926,46.1569,375.09
aflow:3fdc47a5a166d5dd,Pt3Sc1,Cubic,16.0832,16.2672,75.724,200.757,279.025
aflow:3fde284da1356002,H10K6Zn2,Tetragonal,17.4127,1.98902,12.7731,30.7693,342.04
aflow:3fe9b288117abbf6,Ca4O12Si4,Cubic,9.41137,4.09918,116.052,294.821,805.022
aflow:3fea678ccdd69279,Al8C4Ta12,Cubic,15.1268,11.1388,118.018,296.136,434.022
aflow:40160c4a92567a6e,B2Ni8Tb2,Hexagonal,12.2999,9.10142,72.7883,188.561,407.096
aflow:4031522cfc844fe8,As1Li1Mg1,Cubic,19.9066,2.95205,37.6606,89.8938,407.794
aflow:4048f702cff2d193,Ga12Pd1Tb4,Cubic,18.98,8.12588,55.2613,134.409,308.892
aflow:404e41a4f2c017c2,Hf16Ir8,Cubic,19.6149,15.4979,46.3913,126.635,223.021
aflow:4061333bd6488edb,Hf6Rh10,Orthorhombic,16.1646,13.4829,66.9564,180.201,293.022
aflow:4077c8c92097fa82,As8Na16Ti2,Cubic,25.3555,2.67757,13.277,34.1544,267.128
aflow:4098d627b609f1c2,Ba2Si46,Cubic,22.6039,2.39762,50.1495,123.428,522.751
aflow:409d27be6859648a,Be5Co1,Cubic,7.94532,3.62239,128.477,298.783,930.224
aflow:40b2c6432f7f60dc,Au2Ba2P2,Hexagonal,26.4612,7.64071,32.7796,81.8292,227.933
aflow:40c9a9dbe6d94437,Ca2N2Zn1,Tetragonal,16.1979,3.55838,44.6417,113.255,467.901
aflow:40e22481074f39ef,Ge4Ru4,Cubic,14.5309,9.92261,89.2474,229.282,429.058
aflow:40f031be13810c7a,Fe4O11Sr4,Orthorhombic,12.6738,5.17095,68.8482,175.701,508.216
aflow:40fc12ea1012ee6e,Be2Hf2Si2,Hexagonal,14.1598,8.42745,118.263,279.649,500.937
aflow:4105a79a30e78b58,Ca4Li4Si8,Orthorhombic,20.0948,2.13183,35.5112,85.7591,502.231
aflow:4110f65c57bcab22,Ag2Ga2Te4,Tetragonal,31.9983,5.61507,16.0253,42.1569,175.007
aflow:41286c1a61130599,Au1Er1Pb1,Cubic,26.0027,12.1638,30.9018,81.2473,172.991
aflow:412bf0dc20f54c7b,H1Ni1,Cubic,6.14881,8.06097,72.1752,193.795,506.742
aflow:41362ad73636cd7f,Ir8La6Sn26,Cubic,24.6543,9.18887,46.3881,117.807,257.065
aflow:4137db87245b8a28,As1K1Zn1,Hexagonal,27.1693,3.65487,21.0241,51.5398,264.77
aflow:4145b45eca15db08,Bi1O3Sc1,Cubic,13.908,7.20987,70.2258,181.085,419.021
aflow:416b4044dfd08715,Mo2Rh6,Hexagonal,14.3803,11.6818,127.862,326.938,432.928
aflow:416cce9b259354f7,C8W4Y4,Orthorhombic,13.2261,9.31517,116.218,293.558,509.075
aflow:419373e41ccc1a3d,Ga4Sn8V8,Orthorhombic,18.2039,7.46172,57.4708,146.361,347.976
aflow:4193aacf3248ebee,Mn2S8Sc4,Cubic,22.4059,2.89131,26.021,69.4028,359.985
aflow:4198963c6d7c4357,In1Pt2Sc1,Cubic,17.897,12.7567,38.2277,105.229,216.961
aflow:41a0d23e6b7ab39e,La1Pt2Si2,Tetragonal,18.4673,10.525,49.2969,131.349,282.061
aflow:41c83acfdc68983d,C28V32,Cubic,9.83683,5.53252,172.682,418.74,892.102
aflow:41cae372cf494c78,F1Tl1,Cubic,22.9827,8.06938,9.22758,25.1445,122.899
aflow:41f0e3023982c9c3,La1Os2Si2,Tetragonal,18.1871,10.5086,85.874,212.336,403.978
aflow:41feaf32bfa4a5db,Ir1Si3Th1,Tetragonal,18.1884,9.28515,61.435,161.258,331.96
aflow:41ffda8c17fe1297,Cd4O8,Cubic,13.0114,6.14323,39.0598,104.459,363.137
aflow:42287fded7f444e9,Ca2F8Pd2,Tetragonal,14.1229,4.35967,32.2201,84.091,399.249
aflow:4232dce39a62dda0,Ag2In1Tb1,Cubic,21.4583,9.46959,21.3448,58.3738,173.076
aflow:4238485784a072a0,Rh5Y1,Hexagonal,16.8486,9.91205,78.4611,205.377,356.078
aflow:42509cd1af134043,Au2Pb8Rb6,Orthorhombic,42.8629,6.20902,6.03975,15.616,116.044
aflow:425fe890ad350ee7,Ho4Ir4Si4,Orthorhombic,17.7,12.0471,72.9266,187.787,320.062
aflow:426b550514a4403c,As4Hf4,Hexagonal,19.9989,10.5206,61.4513,158.83,292.985
aflow:426df454e554e453,Hf10Ir6,Hexagonal,18.7542,16.2598,26.0968,74.7499,158.009
aflow:427343e52e422912,Ho1N1,Cubic,14.5218,10.2306,129.03,307.6,468.949
aflow:428c04eb15323142,Dy12Ru4,Orthorhombic,26.3499,9.27276,26.0822,68.614,196.964
aflow:4297a07feb4b7609,Ag2In2Te4,Tetragonal,35.18,5.63922,12.7351,34.052,152.09
aflow:42a754c4948a86dc,Ga4Pb2Se8,Orthorhombic,27.2418,5.76913,16.8468,42.9939,235.881
aflow:42bc9c43b5da2a39,Er1H2,Cubic,11.1397,8.411,56.9482,141.07,370.154
aflow:42bcb1caacd2e497,Mn1S1,Cubic,18.4367,3.91782,42.576,108.438,402.909
aflow:42c611e62f8e11a4,Er1Ge2Rh2,Tetragonal,17.4564,9.85973,62.5482,163.049,325.974
aflow:42e2cbbf87ace5b3,Au2Ge2Y2,Hexagonal,21.3096,9.31101,44.2439,113.699,261.076
aflow:42e9730ac658aaf0,Ag3Pt1,Cubic,16.9394,12.7117,28.622,79.075,183.987
aflow:42f183e26491ac8a,Pd1Sb1Yb1,Cubic,24.9126,8.91373,15.2384,41.8189,158.991
aflow:43169bfefe524ff3,Cd2Ho1,Hexagonal,24.1902,8.91814,32.1379,81.6001,209.051
aflow:433ef15fc7e9cea2,Al2Zr2,Orthorhombic,19.7397,4.97165,67.3865,167.092,445.93
aflow:43573d159f0bba7f,Si1Sn1,Cubic,28.7645,4.23659,35.269,86.6458,303.14
aflow:43575f1a4d7d25e7,Bi1Ho2O2,Tetragonal,20.2116,9.3798,34.7699,89.6138,278.066
aflow:436b52914f63694c,F3Mo1,Cubic,18.1885,3.49059,35.6462,94.9468,394.15
aflow:437770d0ef86e5e4,Ir4Pr2,Cubic,18.1325,16.0367,85.1972,222.748,285.984
aflow:4377754ba3441e52,H4In4O8,Cubic,9.7509,6.29357,70.8857,180.28,553.918
aflow:437f7b47b3b4af50,O6Sr2Ti2,Tetragonal,12.4831,4.88243,106.376,262.755,648.108
aflow:438747b2e5f5ff7a,H8Sr4,Orthorhombic,14.7804,3.35678,25.2789,62.4842,354.051
aflow:438c51cf8fe4420b,Au2Sn2Tb2,Hexagonal,24.1987,10.8554,40.9202,104.185,223.917
aflow:4392050005e0b0ed,Pd4Si4Sr4,Cubic,23.3934,5.25527,22.6489,61.3915,237.101
aflow:43938666bb2a31fd,Al1Ho3N1,Cubic,21.3461,8.3358,69.4905,166.633,338.081
aflow:43961ee5cd25786b,B2Nb2O8,Tetragonal,9.12766,5.0852,146.953,369.529,874.141
aflow:43991e1d2bfbcbdd,S4Sc2Tl2,Hexagonal,24.1081,5.39746,26.9692,68.5262,275.027
aflow:43a95bb7cd8a43ac,O14Sn4Y4,Cubic,13.5583,5.86971,85.3089,217.048,524.155
aflow:43d640615ca6c455,As4Ni2Tb4,Hexagonal,20.8957,8.36614,50.3019,128.956,286.993
aflow:43ec207d8008a59f,Na6O5Pb1,Tetragonal,14.2382,4.13182,33.4972,84.8832,386.973
aflow:44033f0117971e6c,As14Re6,Cubic,17.4038,10.3337,79.0975,203.715,350.04
aflow:4407929608d945ae,Ge1Hg1Li2,Cubic,16.8534,7.07095,16.7309,44.4485,190.139
aflow:440c7849ab8be110,Dy1P1,Cubic,22.7455,7.06229,59.1283,144.603,331.966
aflow:440eed1fe4e9897b,Y1Zn1,Cubic,22.8758,5.59975,29.2814,75.2291,258.972
aflow:4423ebbd06b159db,P8Pa6,Cubic,20.2762,9.55863,64.8219,166.728,315.036
aflow:4431de142c78bdfd,Ag3Dy3Mg3,Hexagonal,23.7894,6.85623,13.7627,38.1734,160.017
aflow:443c51ce9eb735e2,Ir6W2,Hexagonal,14.5015,21.7712,194.162,493.254,396.985
aflow:44605f0be9425c0d,Ni4P4Ta4,Orthorhombic,12.9938,11.5276,97.4333,255.674,409.048
aflow:446e47ea5b60293f,Br1Tl1,Cubic,38.6361,6.1089,6.54863,17.3457,99.1134
aflow:448c51bb881d4e96,Ag2La2Pb2,Hexagonal,28.38,8.85413,31.4848,79.2688,198.927
aflow:448ea4e05a7a12fd,Rh4Si4Y4,Orthorhombic,18.0181,6.75522,60.0956,155.682,379.899
aflow:449c3c3d7624d5e1,Ga3Tb1,Cubic,19.4412,7.86096,41.234,104.324,263.066
aflow:44a95a3b698dde9c,Ca8Ge4,Orthorhombic,28.0964,3.00925,20.973,52.7618,286.011
aflow:44bb4888c765fb7f,Ir6Nb6,Orthorhombic,16.0391,14.7596,94.4918,252.246,334.024
aflow:44c3a3a1c420bb80,Fe2Se4,Orthorhombic,17.5936,6.72533,75.5732,174.503,423.903
aflow:44d4b92478b2dfd0,B18Li2,Hexagonal,7.16166,2.41676,182.544,419.787,1462.38
aflow:44db01b35234cb00,Cd1Te1,Cubic,28.4865,6.99536,19.0219,50.4845,172.935
aflow:44e05d14a67df518,Cu2La2Si2,Hexagonal,21.8331,5.84457,46.1303,115.96,328.101
aflow:44ef0e71ea90390c,Al16Ir7Sc6,Cubic,16.3206,7.18174,72.7309,186.441,412.064
aflow:4506c24becb0059d,Al4Pd4Y4,Orthorhombic,20.0121,6.14822,28.1938,77.0441,259.966
aflow:450859076f989560,Ir6Mg6Si16,Cubic,16.2728,6.37234,44.1683,118.926,354.014
aflow:450c44720658cd0d,Ba3Bi3Na3,Hexagonal,37.5897,5.438,16.6426,40.642,167.02
aflow:4526d8f300eaf61a,Au2Er1,Tetragonal,20.4938,15.1572,39.1171,104.029,190.055
aflow:45291de1f333cbdf,B2Gd1,Hexagonal,12.5156,7.91068,123.802,289.587,553.074
aflow:453163175fb67652,Co4Ge4Nb4,Orthorhombic,15.3176,8.10996,63.9455,167.214,390.08
aflow:453454a74b86077a,Rh1Sb1Th1,Cubic,26.1855,9.65367,40.8378,109.121,228.027
aflow:4564d244919c96c2,Mg4Te8,Cubic,29.9322,5.16867,22.0054,55.3234,230.93
aflow:457f0854f38e30f3,Na1Nb1O3,Cubic,12.678,4.29332,104.108,262.225,678.807
aflow:4590fc6b74283e3d,F1Na1,Cubic,12.8599,2.71087,28.921,71.9653,415.664
aflow:45a9976491dbc668,Co2O12Sb4,Tetragonal,11.7045,6.28068,90.4878,230.297,575.084
aflow:45ae9712124dbbd5,Al1La1O3,Cubic,11.2523,6.31276,130.073,318.432,647.861
aflow:45bf324a62447cfb,Cl1Tl1,Cubic,34.7175,5.73538,7.03725,18.7291,110.068
aflow:45c4106e86709cfd,Tb6Tl10,Orthorhombic,27.2399,11.4195,20.5789,54.9805,145.066
aflow:45d4dd170fde680b,Sc4Tc8,Hexagonal,17.4117,7.71756,30.032,85.5167,254
aflow:45d7ecfe4fa68130,Ca1F3Rb1,Cubic,18.4372,3.28814,26.2781,66.6299,336.794
aflow:45da11711f06cd30,Cd4Nb4O14,Cubic,13.1848,5.98381,78.3483,199.788,554.954
aflow:45f4f2d78448eed1,Co1Ga2Zr6,Hexagonal,19.9033,6.91293,51.688,133.853,337.001
aflow:460691dc51cf5b5d,Cs8I24Sn4,Cubic,48.7029,4.3412,3.27906,8.53189,115.929
aflow:4623ccee9b59d0cb,C1Dy3Tl1,Cubic,35.4055,6.60248,12.1921,33.2904,136.977
aflow:46250f984f45620f,Br4Eu4I4,Orthorhombic,33.523,5.92378,11.9733,31.793,141.019
aflow:46261cca37eaf3ba,Ba1O2,Tetragonal,17.3171,5.41233,37.826,95.7285,352.112
aflow:4629b8009acec4fa,Co4Sb12,Cubic,23.451,7.50899,56.2966,136.407,309.931
aflow:462bb5f411a8e076,Sb1,Cubic,30.0671,6.72399,18.0475,49.1865,165.964
aflow:4636a6353e82ddee,Ta1Tc1,Cubic,16.4918,14.0891,133.357,340.104,394.03
aflow:46477b1f3c4b7088,As2V6,Cubic,13.6398,6.9316,100.619,255.599,516.956
aflow:466af8d919deb9ac,Ru2Sb2Sr1,Tetragonal,22.8731,7.74272,45.6928,115.789,311.965
aflow:4671a38f1790901e,Ge6N8,Cubic,10.2814,6.31723,152.941,370.112,723.02
aflow:467bde830ed16a22,F3Hg1Rb1,Cubic,19.8217,5.74777,14.8246,40.4887,192.885
aflow:469d710a3c8090f4,Be2Na2Sb2,Hexagonal,23.372,3.64128,24.232,59.1206,312.877
aflow:469e1cd4daba3ebe,Ag8Ca19N7,Cubic,23.2327,3.62104,20.849,53.4858,291.055
aflow:46ae6df881810fc2,Ni3Sn1,Cubic,12.8216,9.54371,65.9557,173.132,363
aflow:46b836dec2130b87,Li2Mg1Si1,Cubic,16.0984,1.70899,37.6138,88.8048,566.161
aflow:46c1e43233abef84,Tb2,Hexagonal,32.3229,8.16454,23.0423,57.7585,174.01
aflow:46c284e2441b940c,Dy1Ge2Ni2,Tetragonal,16.0776,8.78026,46.9478,124.477,303.931
aflow:46d789387968a2f1,Cd1Ni4Y1,Cubic,14.3788,8.39341,48.7159,128.386,314.893
aflow:46e1e39d83ee4c02,Pt9Sc5Si7,Hexagonal,16.2571,10.5897,72.3739,188.682,345.972
aflow:46ea4bf1ce81aefa,Ca1Cs1F3,Cubic,19.2258,3.9727,26.8264,67.8741,304.758
aflow:46f2dd0bdca70c4c,Ca1Ir1Si3,Tetragonal,17.3657,6.05395,44.0665,116.934,352.12
aflow:46fa3b3d8d1c7ea3,O12Rh4U2,Tetragonal,12.3921,8.03756,69.5118,186.053,439.038
aflow:470d86783b338d27,Ir4Sb4Te4,Cubic,22.4831,10.871,77.5991,191.876,307.017
aflow:470fae67dedb78ed,B2Nb2Ni2,Orthorhombic,11.2782,7.97062,140.907,352.033,614.908
aflow:473d6cf16feebd74,Be24P16,Cubic,13.2511,2.23018,71.9333,171.101,786.196
aflow:474a32773d1a741c,Ag6P2S8,Orthorhombic,22.6225,4.42999,12.5931,34.3368,228.124
aflow:474bef052b06e59a,Si41,Cubic,23.7275,1.96553,42.1507,106.141,526.157
aflow:477c18f864ac6232,Si16Ti20,Tetragonal,15.8493,4.09584,87.62,217.675,592.933
aflow:477fd09200619ca1,Er1Ni2P2,Tetragonal,13.6446,8.43589,88.0277,222.484,433.879
aflow:478d7562c83bbe43,O4Rb2Sc2,Hexagonal,15.4158,4.37391,54.1388,135.628,483.834
aflow:4792c39561f6d200,Al4O12Y4,Orthorhombic,10.4772,5.19488,111.946,280.865,699.102
aflow:4792db85eaa107bf,Se1Zn1,Cubic,22.8338,5.24841,27.5384,71.3601,260.071
aflow:47ac751010ec616f,Al4Er2Ni2,Orthorhombic,17.4234,6.6693,51.5808,131.164,357.031
aflow:47b9ffc0d5db5a9b,Ag2F6Rb2,Tetragonal,17.8946,4.64592,17.2245,45.4946,262.796
aflow:47bb3339e4e5f9cc,Mo6Zr2,Cubic,17.7977,8.84117,23.7672,68.4738,209.974
aflow:47cb2876d17ee2da,Au6Sb8Y6,Cubic,24.5563,9.09254,37.7873,97.5632,232.962
aflow:47d3f3ddbfe6fd04,N4Ta2,Hexagonal,10.7573,10.7521,145.385,371.354,552.989
aflow:47edb17dac296aad,Ho1S1,Cubic,20.7115,7.89684,44.1591,115.331,284.05
aflow:47f3d2666620ccba,Cr2S2,Monoclinic,18.6297,3.74613,28.2545,73.4387,379.857
aflow:47f6710cbf8f197d,Cu6O8Pb1,Cubic,13.7216,5.78034,39.0343,105.752,353.842
aflow:47f7fd7233cdb705,La4O14Sn4,Cubic,15.0105,6.30751,74.5631,191.261,454.023
aflow:4814f27dd1ab4bf3,Ga4La4Pd8,Orthorhombic,20.4052,8.57406,26.9956,73.7805,218.029
aflow:4821b17f7b370cb9,Ba4Ge8P8,Tetragonal,25.5693,4.47401,30.7249,76.0414,312.023
aflow:4836777a449c8009,Al6Th2,Hexagonal,21.8297,5.95198,41.4406,106.815,312.933
aflow:483af4d6975b0003,Te12Th7,Hexagonal,32.7675,8.41621,28.064,74.0406,190.992
aflow:4842dd1381fd6937,Li1Mg4Si2,Tetragonal,19.3571,1.96486,16.628,44.7616,354.057
aflow:484aa4aa291e7238,I1Na1,Cubic,34.1743,3.6417,7.82861,20.2693,139.821
aflow:484e22a0ef6720c0,P4Zn6,Cubic,17.8704,4.79636,41.2235,103.802,358.801
aflow:485673f3b0973aea,Co8N4Zr16,Cubic,16.1325,7.3045,65.7622,171.512,404.019
aflow:485a69ed3ff60df7,Ir6Sn6Zr6,Hexagonal,19.5637,11.3774,66.0743,173.642,300.02
aflow:4862e15e81e47ebb,Al3Os2,Tetragonal,13.8773,11.0407,120.215,301.727,452.088
aflow:4869a52f9382b70d,Rh1Si3Tb1,Tetragonal,16.9688,6.77351,53.3824,140.04,366.045
aflow:487a072a13d8ecd6,Au4Ca4Ga4,Orthorhombic,21.8379,7.77586,24.4339,64.5747,207.069
aflow:487abf2ff7af3f57,B4C4Er2,Tetragonal,10.0064,7.06611,123.236,302.015,667.861
aflow:488147efb71ed55f,Cd1S1,Cubic,25.8583,4.63871,16.7103,45.585,206.899
aflow:48827b3227344479,Ni1Zn1,Tetragonal,11.3783,9.05334,68.458,178.14,384.098
aflow:489872819d7079cb,O1Sc1,Cubic,11.8182,4.28234,82.1343,209.158,612.049
aflow:48aaf0a904c405e2,Ga3Pt3Th3,Hexagonal,22.4192,12.2672,38.9272,105.023,212.03
aflow:48aef3546fc0ffb2,Al3Cu3Er3,Hexagonal,18.8571,7.56684,42.9259,109.736,293.962
aflow:48b2fd56d196968e,N2Ta2,Hexagonal,11.1455,14.5228,163.736,418.536,493.983
aflow:48bdcbf1fee8d266,N8Si6,Hexagonal,10.6242,3.13229,124.966,318.33,939.086
aflow:48d06cd57e3bde76,Sc1Se1,Cubic,21.3522,4.81842,33.1969,87.5392,309.084
aflow:48d45cacb1c5b094,Pt2S2,Tetragonal,19.0799,9.88452,33.7512,92.9534,236.025
aflow:48e1c56b5a8980e0,Al4Tb8,Orthorhombic,26.7167,7.1442,28.4362,72.5979,221.049
aflow:48e5eceb94a2a2a1,C1In1Pt3,Cubic,15.1179,15.6433,18.5802,54.0114,149.014
aflow:490b50d631861556,As1Br3Ca3,Cubic,30.278,3.40712,22.4937,55.4129,265.154
aflow:49361ec54f4ee82a,Ir2Th2,Orthorhombic,24.9078,14.1421,28.4933,79.8935,162.021
aflow:4938791be8ab7bce,Ir4S4Sb4,Orthorhombic,18.8545,10.1584,87.0577,215.743,365.921
aflow:493c1071c3127969,Li3Pb1,Cubic,18.7868,5.03867,20.2544,48.3028,235.963
aflow:4940cfa93644f0c4,Cd4O12Sn4,Orthorhombic,13.0463,7.10473,64.3235,168.766,416.995
aflow:494d1eb12219a1bc,K2Sb2Zn2,Hexagonal,32.0397,3.90829,17.6499,42.8811,226.063
aflow:4957606e268fa7ca,Al10Ta20,Tetragonal,18.1402,11.8659,55.4775,149.043,276.017
aflow:4973240dc8132d88,Bi1Mg1Ni1,Cubic,20.3805,7.92974,33.1868,85.2013,245.896
aflow:49744aeaaee5d43d,Ge6Ir4Tb6,Orthorhombic,20.3088,11.0279,52.1365,134.971,274.989
aflow:498446871e4b60b5,Hf2N4,Hexagonal,11.6592,9.80361,62.8126,172.641,371.981
aflow:4990d46926dfee7a,C1Ru1,Cubic,10.0079,9.38138,16.1078,47.521,204.963
aflow:49a2f312cc482251,Mn1Pd2Sb1,Cubic,17.2562,9.36996,28.5953,79.1808,220.102
aflow:49df2492bd59b040,Li8O8Pb2,Orthorhombic,11.4484,4.81814,38.0669,95.85,449.828
aflow:49e03dc8eb3080dd,Au2Nb6,Cubic,18.2298,10.8325,61.193,164.556,298.039
aflow:49ef8994256b3a31,Er12Os4,Orthorhombic,25.7025,11.1765,32.7236,85.2259,202.014
aflow:49f47f6178dea1f9,I6Pd1Rb2,Cubic,41.2451,4.64676,3.58791,9.61961,122.015
aflow:4a08c90c16ea2eae,Nb1Pd3,Tetragonal,15.5553,10.9981,76.9974,204.103,345.957
aflow:4a0edc6c85268591,Cu2Er1In1,Cubic,17.8757,9.50237,39.5262,103.109,249.118
aflow:4a3724566247c38d,P4Ru4Ta4,Orthorhombic,14.25,12.1575,117.055,305.974,419.992
aflow:4a3928b5e6126a94,B4C2U2,Orthorhombic,11.5804,9.73856,148.133,351.89,603.084
aflow:4a4228d881bd6511,Pd6S2,Orthorhombic,15.903,9.16937,36.3759,97.872,292.079
aflow:4a4c2867f69711c9,Cd4Rh4Tb16,Cubic,26.3263,8.94635,28.9389,74.8152,201.999
aflow:4a6557136108a3f7,Eu1Hg1,Cubic,30.4971,9.59802,17.2271,44.6093,127.94
aflow:4a6e79068244bb69,Al2Fe1Zr6,Hexagonal,20.2116,5.99869,48.5531,125.908,353.037
aflow:4a6fdf5b8e6e7768,Ni16Si7Zr6,Cubic,12.8083,7.52371,90.9466,234.649,482.118
aflow:4a7151b29f2f78d7,Mg2O6V2,Orthorhombic,14.4739,2.82789,24.5093,68.4026,423.019
aflow:4a77f6d742d55d27,Ca1Ge2Ir2,Tetragonal,18.1579,10.4198,67.0102,169.173,345.984
aflow:4a8a1dc1af88bf91,N1Na3,Cubic,26.2204,1.31372,11.9596,30.5303,313.949
aflow:4aa30a659beb47a0,Ca4O12Zr4,Orthorhombic,13.3179,4.47117,84.9057,214.301,624.899
aflow:4aa4bd658660cab8,Pu1Te1,Cubic,27.3449,11.2847,33.5274,84.2866,189
aflow:4acd680114f302a1,Ag2Hg1I4,Tetragonal,39.7017,5.52063,4.71106,12.5779,118.059
aflow:4ad542786ef28db2,C1Sc3Sn1,Cubic,19.6378,4.4912,75.2363,179.197,486.993
aflow:4ad55dd858c3e7e1,Cr1Ni1Sb1,Cubic,17.8506,7.2074,36.4914,97.1478,264.839
aflow:4adb547760ac6076,Ga2Hf6Ni1,Hexagonal,19.2993,12.1328,64.4591,164.198,285.035
aflow:4ade9055a5c52de4,Ir4Si4Tb2,Tetragonal,16.5948,11.9984,67.4763,180.021,310.964
aflow:4aeb1c4c461b8d39,Os2P4,Orthorhombic,14.9518,9.33445,155.49,372.473,546.109
aflow:4af0f6f4f5b5e8bd,As4Zn6,Cubic,20.2509,5.674,25.4014,66.6797,247.952
aflow:4afd885d0385a2b0,Ge6Ta10,Tetragonal,17.1406,13.5932,104.872,266.466,353.984
aflow:4b14719a380e0154,B12Er1,Cubic,8.03449,4.72144,211.619,481.215,1053.06
aflow:4b19d36abfc58612,In3Pd3Th3,Hexagonal,24.3831,10.2893,31.9022,86.3675,200.013
aflow:4b29ef8e1c6f33b7,Co2P4W2,Hexagonal,13.1517,9.61884,109.447,278.794,477.885
aflow:4b4d8105d7c3eacc,O8Ru4,Cubic,9.82136,7.4995,137.958,353.172,654.835
aflow:4b50271ba827a97c,Dy4Mg2Si4,Tetragonal,21.6533,6.21899,60.6457,144.967,363.894
aflow:4b5287b3e7f9e4cd,Ag2S6Ta2,Orthorhombic,19.2767,6.63289,32.9161,86.5717,319.1
aflow:4b5f9e4adb19ff87,Ca1Pt1Si3,Tetragonal,17.706,5.99141,41.5738,110.013,337.88
aflow:4b7de1503a36bb4a,As1Te1,Cubic,26.1427,6.43193,24.3896,64.781,215.911
aflow:4b9c382e991c6048,Pt6Y14,Hexagonal,26.6827,7.51529,17.1564,47.019,182.998
aflow:4bba13075e97f394,Mn1S1,Cubic,11.0902,6.51312,81.98,216.311,505.169
aflow:4bbe24c5745eb95d,Ho3Pt3Sn3,Hexagonal,21.8467,12.1287,50.9837,132.321,240.002
aflow:4bda491855920812,Hg10Pd4,Tetragonal,21.0533,13.6986,10.628,30.3238,105.068
aflow:4bda8bf3d5783087,Ba2Pt2,Hexagonal,30.9296,8.92344,19.9604,52.8821,155.916
aflow:4bdc1c1255119bde,Ba2Pb12Rh6,Orthorhombic,26.2125,10.7012,26.1828,68.371,189.968
aflow:4bec122528e460be,H1Se1Y1,Hexagonal,16.7674,5.57473,62.772,150.153,419.174
aflow:4c085ea810fe5d61,Nb6Pt2,Cubic,17.6795,11.1256,78.4653,208.24,336.036
aflow:4c0cf35dc9922fbb,Ge4Pd8Y4,Orthorhombic,18.5794,8.36321,39.5164,106.281,272.052
aflow:4c10b43e69b72e7c,Ag1Li1,Cubic,16.4831,5.78305,14.9382,39.5149,194.883
aflow:4c615f5bb7991802,Al4Pd4,Cubic,14.5793,7.59589,61.5123,162.228,377.938
aflow:4c66320b9dcb1592,Au2La2,Orthorhombic,28.3776,9.82693,11.3888,32.2778,115.98
aflow:4c8387e48af5f929,Cu2Hf10Pb6,Hexagonal,21.483,13.549,56.0383,143.676,239.073
aflow:4c8b8683b4cb36a1,Al1Cu2Sc1,Cubic,15.2538,5.41661,45.0092,118.167,367.024
aflow:4c9a161d83bde5ee,H1Ho1Se1,Hexagonal,16.3731,8.2791,66.294,158.41,356.087
aflow:4c9a4c8acd1b2bde,Cd1Ho1,Cubic,25.8897,8.89417,26.287,68.5792,189.969
aflow:4ca2b630d8cbb6dd,P1Rh2,Cubic,13.9976,9.3633,81.5454,218.749,399.043
aflow:4ca4848aaafe4dbb,Ge4Mg2Y4,Tetragonal,22.5359,5.11806,56.6985,135.069,379.112
aflow:4cb9ceb48e5d8237,Ho8S12,Orthorhombic,21.3422,6.62965,42.739,108.976,314.001
aflow:4cc015ac7322550a,Cu4Se8,Cubic,19.6371,6.24248,24.6774,65.3846,260.109
aflow:4cc572d096054a5e,In3Rh2Ti3,Hexagonal,18.2513,7.89238,55.8474,145.098,336.963
aflow:4ce95fbe3fce93b1,Gd4O14Ti4,Cubic,12.4727,6.3214,98.4684,249.766,560.876
aflow:4ceca54b4cd72f88,Ir6Sn14,Cubic,21.9851,10.6308,50.4401,129.894,257.975
aflow:4d1ea58db3286359,Cd2Er1,Hexagonal,24.049,9.02414,31.083,78.9119,208.124
aflow:4d21a920ca38e0e6,La1Mg1Ni4,Cubic,15.2115,7.24066,33.1093,89.3298,272.99
aflow:4d2d79fe29e7a5ed,N1Nb1,Cubic,10.4364,8.50549,197.245,484.979,707.005
aflow:4d347c2e6d4e5228,F4Mg1Rb2,Tetragonal,17.0572,3.77214,21.2374,54.027,321.02
aflow:4d366e7f1db50794,Ge1O3Pb1,Cubic,11.8333,9.19954,94.415,236.069,446.123
aflow:4d3b9802cdb1da11,Ni4Sc6Si6,Orthorhombic,16.1231,4.33214,78.2249,192.738,544.186
aflow:4d44ca8da00e59f9,Cs3H9Mg3,Hexagonal,16.6625,3.1937,19.6954,46.4296,323.943
aflow:4d47f91025d34b39,Co4P12,Cubic,14.2273,4.43094,112.652,264.886,667.914
aflow:4d515949b53a184b,S1Zr1,Cubic,18.0687,5.6648,52.2841,138.608,380.06
aflow:4d585c73685bc9b2,S8Zn8,Hexagonal,19.3868,4.17301,36.0505,92.4479,352.125
aflow:4d761230b92893b6,Au4Y8,Orthorhombic,26.6444,7.78568,19.8529,53.5332,187.029
aflow:4d76834a1fbcef1f,Cl1Tl1,Cubic,29.5902,6.72918,7.90068,21.1963,113.963
aflow:4d7c8c08e42f2c50,Mn2Se6Th2,Orthorhombic,25.6744,6.77627,29.2354,76.4748,247.055
aflow:4d7e8ad4f19d5a97,Ba2Ge2Zn2,Hexagonal,28.3418,5.37659,28.5194,68.7931,242.981
aflow:4d84b645c3e29221,Pt3Sn3Y3,Hexagonal,22.0927,10.0889,49.1232,128.337,252.957
aflow:4d8d11cb2d8457a7,Ge2,Cubic,23.6916,5.08782,46.2236,110.881,329.12
aflow:4d8faf470aa227b6,Al1C1Ti3,Cubic,15.244,3.98017,88.5194,221.725,616.036
aflow:4d95fa3c731857a2,N2Te1Th2,Tetragonal,24.3199,8.46238,29.1944,77.3273,263.01
aflow:4d9643bf1f417ab3,In4Mg2O8,Cubic,13.1123,5.75203,60.6868,157.766,467.106
aflow:4d9e8eca064cd1f9,Si4Th2,Tetragonal,21.6462,7.36978,33.1614,89.658,250.946
aflow:4da02ddaa8033149,As1Cd1Li1,Cubic,21.1037,5.09542,30.1033,74.5256,278.91
aflow:4daeb41c79df1c90,Bi1Ho1Pt1,Cubic,24.9506,12.6229,40.4764,106.017,198.972
aflow:4db29f99b9a52e13,Ag2Ho2Pb2,Hexagonal,25.0205,10.6187,32.9778,84.0635,196.046
aflow:4db77c268007c7e7,Ag1Cd1Sb1,Cubic,24.8979,7.60374,5.16666,15.0348,92.9504
aflow:4dc4576f6ea86fac,O14Tb4Ti4,Cubic,12.2337,6.48621,102.449,259.418,567.945
aflow:4dc818520eda573c,Re8Y4,Hexagonal,18.9305,13.4882,42.7887,119.969,221.995
aflow:4dc98501cf293edd,I10In2Sn4,Tetragonal,38.9282,5.26127,5.92195,15.1022,147.961
aflow:4dcc43262f37534a,B1Hf1Rh3,Cubic,13.8547,11.9378,102.297,266.932,396.946
aflow:4dcf1adffdb1e365,Bi1Dy1,Cubic,31.5036,9.79028,31.9971,80.5489,185.968
aflow:4dd2f18f5f933617,Cu2Sn2Y2,Hexagonal,22.2793,6.73632,47.4319,117.423,307.038
aflow:4ddd3fc4b2a6ef79,Bi4O14Ti4,Cubic,13.0584,7.23387,74.5479,194.881,453.08
aflow:4de3c026dc02312d,Cr2Er2O8,Tetragonal,13.3181,5.88616,58.0425,151.357,483.89
aflow:4e03466d19a9aba3,C1Th1,Cubic,20.5912,9.84046,88.4978,221.245,355.982
aflow:4e1bfd5c51c6e7ab,Al9Co2Sr1,Hexagonal,17.2622,3.59385,64.2909,154.813,540.816
aflow:4e22faf7b5fcc747,Co8Ge26Tb6,Cubic,16.7906,8.18956,66.2558,164.386,358.921
aflow:4e400e23aa9c5627,As2Ca1Fe2,Tetragonal,16.2339,6.1704,65.8442,160.857,459.994
aflow:4e63b9ef183471b8,Pt6Sb4,Orthorhombic,19.4075,14.1822,26.3129,74.0483,176.947
aflow:4e687f82ea43c5fc,Co4P12,Cubic,14.2323,4.42938,112.51,264.559,667.79
aflow:4e9585a861d6e537,Dy4Ge6Ir7,Cubic,17.2635,13.7553,96.9392,241.457,347.078
aflow:4eab5bfa96c55d55,Al1Dy1,Cubic,23.3195,6.74631,35.23,89.2107,262.98
aflow:4ece059f675bd372,Ge3Hf3Os3,Hexagonal,16.5236,14.7822,99.7346,258.173,335.965
aflow:4edef03cd560c4da,As2Pb6Zr10,Hexagonal,22.5177,9.44431,62.9127,156.602,302.006
aflow:4f01445c6697d0ed,Si4Y2,Tetragonal,19.3646,4.14685,21.2651,58.8732,279.986
aflow:4f01f9799983fd51,Sr1,Cubic,54.4911,2.6701,5.39757,13.9477,124.981
aflow:4f0cabca7047159a,Er2Pd6S8,Cubic,18.7125,6.81851,24.63,68.4399,236.904
aflow:4f2cacf7ff9a274e,Ca7Ge1,Cubic,36.4609,2.01044,7.87138,20.7945,199.941
aflow:4f2db5248958cd2a,Al6Zr2,Tetragonal,17.4356,4.09918,83.6622,197.844,555.826
aflow:4f3b9bdf5639c30e,Ag8S4,Orthorhombic,19.0272,7.20854,13.6319,38.089,172.118
aflow:4f3f97860bec3d5a,H2La1,Cubic,15.3491,5.08186,34.2856,87.2829,336.109
aflow:4f5d607b987fed0e,Dy1Pt2Si2,Tetragonal,17.1566,11.7858,41.3417,113.302,250.045
aflow:4f67c1eddb070a8a,B2Ca1Rh3,Hexagonal,13.1504,7.79558,103.66,263.704,497.874
aflow:4f75cb6f21c6ff12,As6Sr6,Hexagonal,31.3639,4.30283,23.7469,59.3626,247.965
aflow:4f808281378ad03c,Al6C2Zr10,Hexagonal,18.8361,5.37814,66.3827,164.669,457.03
aflow:4f8e1ad1b844b012,Pt4Y8,Orthorhombic,25.1562,8.20498,23.1988,62.8322,200.95
aflow:4f902b3d58a95155,O4Si2,Tetragonal,8.03856,4.13724,201.186,483.513,1153.75
aflow:4fa2575f14e6200f,In2Te4Zn1,Tetragonal,34.7066,5.50505,15.2106,38.0491,200.98
aflow:4fadebde4690b7f0,Bi1Ca3N1,Cubic,23.793,4.79083,46.6457,108.729,347.131
aflow:4fb25be5778cb747,In1Ni4Zr1,Cubic,13.6704,8.92398,56.1422,146.348,350.075
aflow:4fcc753033fa4cea,B4C4La2,Tetragonal,11.8273,5.18204,114.415,278.076,696.038
aflow:4fd0dd6e94fc881e,N1Tc3,Hexagonal,12.2674,10.5151,172.606,439.756,577.041
aflow:4fe83e71b90750f3,Co4Cu2S8,Cubic,15.3293,4.79186,37.6736,100.897,371.928
aflow:4fec4fdf9fe1294e,Al10W2,Hexagonal,15.5297,5.68061,95.1584,227.839,529.972
aflow:4ff128b70cc03d62,Sn2,Cubic,38.0595,5.17845,18.3622,46.6815,182.08
aflow:500395978f0e319f,Ga4Pd4Tb4,Orthorhombic,19.9417,9.30017,15.7381,44.723,160.048
aflow:500ca05581547ef1,C10Si10,Hexagonal,10.4919,3.17302,186.489,433.059,1106.23
aflow:5020e2960bfb1153,Cd8Yb4,Hexagonal,25.8861,8.50729,22.7792,57.2297,173.891
aflow:50234304c92de0b0,S1Ta1,Hexagonal,15.8254,11.1753,84.7144,221.074,362.037
aflow:50276ae3b555fe66,Bi1Cu1Mg1,Cubic,22.251,7.38396,26.4678,68.9657,211.86
aflow:5031af48f69a88e3,Cd4O12V4,Orthorhombic,11.1518,6.29411,80.7609,210.233,537.872
aflow:503a4fdfcf55d477,Tb1Te1,Cubic,29.5488,8.05088,22.6288,60.705,179.974
aflow:503b09b80c9dc50d,Na2Nb2Se4,Hexagonal,20.8711,5.44632,39.9156,98.7676,372.039
aflow:5041054f48131a6f,Ti2Zn1,Tetragonal,16.9656,5.25859,60.7661,153.781,430.911
aflow:504b92a2e3f47181,Ba1Cd2Ge2,Tetragonal,26.0239,6.47438,17.769,47.0252,182.015
aflow:504f7153a313debe,C2Ga2Sc4,Hexagonal,18.0964,3.93792,56.0225,137.767,498.871
aflow:505547b74393d387,Co2Dy2Ge4,Orthorhombic,17.4572,8.71814,45.7916,120.472,293.039
aflow:505a6d1ea13b8eb4,Au1Pd3,Cubic,15.8587,13.5118,48.4436,130.988,244.98
aflow:505dc3843fa6a532,Ge3Ru3Sc3,Hexagonal,16.7104,7.2414,85.1216,213.227,441.944
aflow:506761c8d156ff45,Ge4Rh4Sc4,Orthorhombic,17.2212,7.08562,60.1542,156.98,374.095
aflow:506b31505cb1213f,Ge4Ir4Th2,Tetragonal,18.8296,13.4338,70.1879,185.771,283.025
aflow:50908d758f0cc70c,Al6Os2U4,Hexagonal,19.9591,10.3609,59.1016,147.829,294.082
aflow:509e96e33161ea6c,Al2N2Zr6,Orthorhombic,17.7069,5.90148,89.6327,220.099,507.01
aflow:50a57787303593aa,F20K2Tb6,Cubic,14.4256,5.80371,43.8188,112.328,391.832
aflow:50b2883feb14cd6e,Hg4K2,Orthorhombic,33.8875,7.19143,4.6596,12.504,78.0329
aflow:50b51ceb501d4d75,Cd4Pd2Sr2,Orthorhombic,24.5401,7.08536,18.7509,49.4626,188.958
aflow:50b60c243688c897,Ca2In8Rh2,Orthorhombic,23.3671,7.13314,34.1998,86.6304,257.019
aflow:50b7305e895d7477,Ho1Pd1,Cubic,21.1595,10.6466,28.9702,78.7359,194.939
aflow:50ba0e96d5272603,Ca3Tl1,Cubic,33.4662,4.02666,9.6795,25.2864,157.015
aflow:50c9df791c600123,O2Zr1,Cubic,11.3886,5.98871,102.022,267.16,599.013
aflow:50d5839c8ba06083,As1Pu1,Cubic,24.6734,10.7339,45.2569,114.001,224.019
aflow:50f0224e86232605,N4Pt2,Orthorhombic,9.69769,12.734,171.028,424.587,576.882
aflow:50fb0b557457d42d,Co8Er6Ge26,Cubic,16.519,8.44986,67.8084,168.512,356.974
aflow:51003152679aef14,Mg4Th2,Cubic,26.8863,5.77776,25.466,65.5036,229.986
aflow:5114e838d863517f,Au1Ho1,Cubic,22.8676,13.1396,31.253,83.785,175.974
aflow:5115bb8e95e6c1a2,Bi1Pd1Y1,Cubic,25.2405,8.86582,35.9706,93.7377,223.06
aflow:5119e19fac0e70fc,O4Re2,Tetragonal,11.2314,10.7534,133.903,346.549,516.875
aflow:51542415c2e7d529,Ag3La3Mg3,Hexagonal,26.9444,5.56871,13.451,36.7114,169.948
aflow:515f51814759ca2d,Ge6Mo10,Tetragonal,15.4963,9.34239,91.3827,239.644,415.98
aflow:516cbb6057d9a423,Au8Li30,Cubic,16.7497,4.65419,13.1409,34.0463,213.999
aflow:51715da4e7415591,Be26Er2,Cubic,9.33692,3.61307,123.04,270.923,867.789
aflow:517c03348d313af3,Ir4La2,Cubic,19.213,15.0773,70.0822,185.465,265.01
aflow:5181a0d23efa563f,Cu4Mg4P4,Orthorhombic,15.0189,4.37922,48.2669,122.971,432.765
aflow:518c18850773e93e,As8In8,Cubic,26.6484,5.91167,25.7024,65.6277,236.15
aflow:5197743ba07e1548,N2Y2,Hexagonal,15.2582,5.59996,87.0581,217.838,515.918
aflow:519921b1a82b1a1a,Pt1V3,Cubic,15.3405,9.41503,64.3295,163.218,314.141
aflow:519d4f090ac611e2,In2La4Pd4,Tetragonal,25.4093,7.9132,27.1636,72.2404,205.973
aflow:51b613f0e17f675e,Ru4Y12,Orthorhombic,26.7434,5.70914,26.9652,70.4977,252.975
aflow:51c861f8d5f2a223,Ag4Se4Tl4,Orthorhombic,25.4581,8.50547,11.5694,31.2335,139.105
aflow:51ca76509e4c5699,B2Ta1,Hexagonal,9.388,11.9433,185.591,460.355,609.958
aflow:51dc1417e5b587bc,Si2,Tetragonal,15.3317,3.04188,60.655,153.227,573.881
aflow:51ddae3ac1142164,Dy6Ge26Ru8,Cubic,18.338,8.31017,50.7567,132.255,311.899
aflow:51fd607704603e17,B1Ce1Rh3,Cubic,15.0894,10.1165,62.1609,169.411,320.043
aflow:520d75012cbeb53b,Yb3Zn11,Orthorhombic,18.5258,7.92811,26.101,66.7081,218.968
aflow:520fbf59d2c57d48,Ba4Mn4O12,Hexagonal,13.4731,5.92248,68.8823,170.734,485.858
aflow:526439163d1cfaba,Gd1Te1,Cubic,30.2983,7.80579,23.6972,64.0496,167.948
aflow:52644ab7a0028366,As8Ni4,Cubic,16.095,7.17153,46.2535,121.842,333.113
aflow:527b009f61a18513,Al16Ni7Sc6,Cubic,15.489,4.11186,66.7567,166.752,517.031
aflow:527f9f02ff93f2a3,Ge2Ho1Ru2,Tetragonal,17.7723,9.57236,60.0215,157.782,326.912
aflow:52835ff38add18b5,Bi1Er1Pt1,Cubic,24.8008,12.7512,40.0554,105.148,197.969
aflow:52844e7969a24d55,Ca7Cl2H12,Hexagonal,13.1559,2.18517,33.9317,82.0289,520.565
aflow:528f39089c3a8aaa,Ag1Sc1,Cubic,21.0625,6.02423,31.2594,82.2224,264.006
aflow:52a92160866b3a2a,Ag16Ca6,Cubic,23.0274,6.44537,15.4785,41.714,181.049
aflow:52e2ca0d6eb63c1d,Cu1Pt7,Cubic,15.0391,19.7253,71.1879,192.817,252.045
aflow:52e6e6389ba040d7,Al3Er3Pd3,Hexagonal,19.5702,8.50319,35.1179,94.1904,246.925
aflow:52f352ec130bb54e,Er1In1Pt4,Cubic,18.0761,16.2666,55.0363,148.825,229.053
aflow:53122e2feb234908,Br3Cs1Pb1,Cubic,42.9347,4.485,7.98552,21.024,122.972
aflow:5312a20efe58dbc3,Dy1Sn3,Cubic,27.0817,7.94916,12.6065,35.1483,141.981
aflow:531ee5fea7760b49,Al1Au2Hf1,Cubic,17.868,13.9263,23.9681,68.0348,165.973
aflow:532a8f59af5a2957,Cu2Ge2Sr1,Tetragonal,19.044,6.27616,43.377,107.488,315.076
aflow:5331b9c8e0d5267d,Al3Sc1,Cubic,17.8585,2.92665,60.6497,145.251,561.734
aflow:535d8da7d1cb1fff,Ga1P1,Cubic,20.7131,4.03693,51.3036,126.46,412.169
aflow:536c2f463e4fff78,Au1Cs1,Cubic,40.5406,6.75577,7.06757,17.5523,87.9
aflow:53bc333b72a0cbd5,Al1Y1,Cubic,23.5318,4.08885,35.1237,88.7502,335.043
aflow:53c0f8e8582ef973,Li6P2,Hexagonal,14.7309,1.4597,35.1352,81.4362,612.529
aflow:53c8683bd5648144,Cr1Te1,Cubic,31.8257,4.68531,1.51943,4.50045,60.0371
aflow:53cf3e30775379e9,Er4Mg8,Hexagonal,25.481,4.68926,19.5982,51.1727,227.978
aflow:53d5a5933de2bde4,F1K1,Cubic,17.4422,2.76548,13.3816,35.3015,268.939
aflow:53dac5609b420427,C2Dy1,Tetragonal,13.9291,7.41199,40.4996,108.966,362.929
aflow:53ec4de84a1660a4,Tb4Tl2,Hexagonal,28.7438,10.0563,22.8225,59.9364,160.926
aflow:5419805aeec1a922,La4O14Ti4,Cubic,13.5608,5.40576,87.087,222.992,552.056
aflow:5421f42e62d39657,Ga2O12Tb6,Orthorhombic,13.7296,7.77089,61.6784,161.313,405.045
aflow:542bf9c5a7d7bf04,Dy3Pb3Pd3,Hexagonal,22.9325,11.4914,36.2122,94.8609,204.012
aflow:543873816dec8d9e,N2Os1,Hexagonal,10.1181,11.9374,103.112,275.223,444.044
aflow:54475cf2acb8b6ca,Mn2O3Ta1,Hexagonal,11.578,8.09908,66.061,172.956,417.962
aflow:544c2df3889130ff,Al2Ba1Si2,Tetragonal,22.713,3.61841,25.1737,63.0491,355.898
aflow:5477ab0c5a3ac253,Na2Se1,Cubic,26.3475,2.62476,15.6784,39.0466,254.191
aflow:549edbf033109acf,Ba1S1,Cubic,33.6651,4.1776,24.487,61.3628,243.107
aflow:54a813a47d2a272b,Al4Y2,Cubic,20.3576,3.88454,60.878,145.783,466.07
aflow:54a8c07e64803550,B2Fe1,Hexagonal,8.56623,5.00559,112.297,281.457,747.784
aflow:54a8c149ba599893,Nb6Si2,Cubic,17.019,7.48373,75.2371,195.776,421.053
aflow:54bc53f8d5f39ed9,As2Bi2O8,Tetragonal,13.165,7.31361,38.6177,104.92,362.903
aflow:54d192a65c37fe6e,Be4Nb6,Tetragonal,14.5215,6.78656,81.9258,210.923,466.011
aflow:54eafdffd7f40b14,Dy1Pd2Si2,Tetragonal,17.0453,8.40674,54.8251,144.714,326.097
aflow:54f6d5d6a4038457,Al1Pt1,Cubic,14.4699,12.7422,42.1388,117.622,246.946
aflow:54fcdf9655948af9,Nd1Pt3,Cubic,18.3459,16.5076,46.9677,127.197,217.063
aflow:550e3c05c3c46b0a,Ga3Pt3Zr3,Hexagonal,17.787,11.0798,67.6872,177.336,311.074
aflow:5516c55915dd7282,Fe1Ru2Si1,Cubic,12.9768,9.15164,122.214,312.863,504.995
aflow:551e9f720c677f7e,As4Er4Pt4,Hexagonal,19.8273,12.2072,48.479,127.691,249.043
aflow:55285999858648e4,F4K2Zn1,Tetragonal,15.5632,3.34678,23.1885,59.3943,364.247
aflow:552d0f6689b9f474,Al3Zr1,Cubic,17.3421,4.12127,53.6974,136.963,453.966
aflow:554b4fcd1fea6a34,C1Pt1,Cubic,13.032,13.1944,25.4461,73.4517,199.011
aflow:556ade1ce8037d25,Ge26Ho6Os8,Cubic,18.4978,9.87133,62.0314,158.659,318.908
aflow:557e82f403787694,Co2Nb8Si2,Tetragonal,16.2065,7.83221,102.733,260.951,473.949
aflow:558291695b0056ba,Al16Pd7Sc6,Cubic,16.9293,4.89163,52.2526,135.272,410.063
aflow:5588568293d3f856,Li2,Hexagonal,20.2703,0.568605,6.79437,17.5428,390.198
aflow:558db863d3e11da8,Ag2P2Sr2,Hexagonal,23.8218,5.26199,33.8513,83.7974,287.909
aflow:558e42bda840327b,Mn1Ni3,Cubic,11.8035,8.12465,49.5311,133.055,339.963
aflow:55956710ac7f4407,Dy2Pt4,Cubic,18.6009,16.4463,68.6807,180.931,250.978
aflow:559b453b9ec43800,Br8Cu8,Cubic,21.0673,5.65342,13.2385,35.3135,201.077
aflow:55aa9af6d8744553,Ag4Er4Se8,Orthorhombic,24.9526,7.2046,22.3381,58.5792,214.966
aflow:55b23f1a73a19a46,Ho4Mg8,Hexagonal,25.6564,4.60693,16.2686,43.3017,210.967
aflow:55b88a4436579999,Ru4S8,Cubic,15.2573,5.99287,114.928,276.468,566.901
aflow:55b9faf4733959de,Dy4O14Ti4,Cubic,12.1388,6.62585,102.479,259.719,563.873
aflow:55bf312c44071d54,Dy1H2,Cubic,11.6336,7.82751,56.9104,139.931,376.851
aflow:55c34e21ba3cef80,Cr4O12W2,Tetragonal,10.9124,6.48988,105.376,269.44,635.061
aflow:55c7aaff71ac142c,Ge6Ir7Tb4,Cubic,17.3721,13.589,96.0991,239.929,344.99
aflow:55cd6688d0177c7e,Al6C8Hf4,Hexagonal,11.8599,7.56024,156.059,370.186,648.856
aflow:55d0a6e60c496c7c,Ni2Zr4,Tetragonal,18.3634,7.26819,16.5835,47.5384,192.983
aflow:55d29e8737efd854,Rh4Te8,Cubic,23.0931,8.58335,48.7375,125.166,271.022
aflow:55d586841634d7d1,C1La3Tl1,Cubic,29.6133,7.10008,33.3955,83.4753,229.987
aflow:55d997d542dcf5a6,Dy2Ga8Ni2,Orthorhombic,16.9617,8.16052,48.1785,122.918,302.873
aflow:55ef006dc02f6f54,S8Zr6,Cubic,22.3862,4.25881,15.8185,44.9969,228.973
aflow:55f3e2394df94165,Ag8Pd24Se8,Cubic,16.721,10.0506,22.6436,63.483,199.103
aflow:5605178d68a3050c,Hf1Pd3,Cubic,15.9239,12.9747,70.4269,186.734,300.054
aflow:56108ea12b0c6375,Er1Mg1,Cubic,26.6783,5.96179,24.678,62.0766,220.967
aflow:5612257da8167e7d,Pb3U1,Cubic,29.3519,12.1581,22.297,58.3257,142.989
aflow:5616981d0e11de14,Bi2Rh2,Hexagonal,21.2581,12.1812,32.3034,88.7419,192.009
aflow:5621cbf1824fafeb,Au7I1P10,Hexagonal,21.6106,7.7497,33.8229,87.8924,251.085
aflow:562b84d604763031,Al2Y2,Orthorhombic,24.5919,3.91258,35.8292,89.6224,355.105
aflow:56428d5401825d75,Nb4O14Sn4,Cubic,14.1109,5.72543,97.4137,238.151,603.108
aflow:564419ad66d91082,B4C4Y2,Tetragonal,10.4459,4.27769,108.531,268.869,793.844
aflow:5651bdf75cf895a8,Au1Rb1,Cubic,35.9105,6.53004,8.06233,20.1099,100.967
aflow:5674982ac90bc04c,Al8Er12,Tetragonal,25.0969,7.35416,36.1772,90.7267,249.993
aflow:5676285f6634d44e,Cs2I6Sn2,Tetragonal,50.824,4.1318,6.26776,16.207,117.976
aflow:56871722031ba9a8,Ge4Nb4Rh4,Orthorhombic,15.6628,9.48515,92.1239,240.249,409.057
aflow:568b71a1e061590c,Dy4Tl2,Hexagonal,28.3409,10.3389,23.4387,61.4937,162.024
aflow:5694ef3902a1e13d,Nb3O3,Cubic,12.816,7.05532,149.651,371.751,637.128
aflow:56953f759ff4e283,Al2Hf6Pt1,Hexagonal,20.2549,12.024,63.4816,162.805,281.989
aflow:56aa266086fc3805,As4Pd20Sb4,Cubic,16.7873,10.2968,17.2724,49.7347,168.047
aflow:56c2ad566655f7a8,F8Pd2Sr2,Tetragonal,15.8358,4.71894,24.4638,65.0379,325.077
aflow:56df4b5282549a79,In2Pt1,Cubic,22.0101,10.6812,23.0445,63.9594,170.987
aflow:5713b2d3698c61de,Al4Au4Th2,Tetragonal,20.6917,10.9132,51.219,133.277,258.986
aflow:571d2fe1358582e6,Ba4Si8,Cubic,25.8458,4.14402,33.2778,82.4208,308.962
aflow:572886e08a463fbf,Pb4Pt2,Tetragonal,24.0404,14.0331,17.6768,49.3087,126.973
aflow:572a8aac8b57ea56,Re8Zr4,Hexagonal,17.7702,14.441,53.0269,148.693,244.009
aflow:57369194a17abdd8,Fe1Te2Zr6,Hexagonal,21.357,7.4155,61.4032,156.067,342.931
aflow:5738ebc31dfa0d20,Rh9S12,Monoclinic,16.306,6.35684,72.5052,185.669,435.093
aflow:574859fb725b71ef,O14Y4Zr4,Cubic,13.5536,5.25984,86.5563,220.147,583.924
aflow:5765d9a349be7450,Cu2O4Sc2,Hexagonal,13.4506,4.33637,44.7868,120.461,451.148
aflow:5772b090218dc912,Se8Th4,Orthorhombic,27.4404,7.86603,23.0695,62.7898,199.974
aflow:577e516a8635cda8,Ge6Ta10,Tetragonal,17.1158,13.613,93.2071,240.577,335.016
aflow:57881763974b095b,Cd2Se2,Hexagonal,29.544,5.37804,14.5911,39.6139,172.046
aflow:578a0494a9c0a3af,Mg2O6V2,Orthorhombic,14.5022,2.82237,33.5025,91.2291,506.908
aflow:5790962d15c6d5ff,B6Gd1,Cubic,9.90429,5.31981,76.3096,199.553,580.935
aflow:57b75e00d1aa2af6,Se1Sn1,Cubic,28.4614,5.76581,28.6256,71.6528,236.914
aflow:57c1fbcd1c742b68,B8Mo8Os4,Orthorhombic,11.3557,11.8065,157.601,405.339,536.993
aflow:57c328e0ed12235c,La4Rh4Si4,Cubic,21.8575,6.8348,20.3158,56.9083,216.015
aflow:57c5847cc0292890,P4Ru4Zr4,Orthorhombic,15.429,8.00953,108.308,276.664,487.078
aflow:57c7a3dec0c6c844,P4W12,Tetragonal,15.0523,16.0658,98.8105,264.961,338.992
aflow:57c8992a63c3e76f,Al2C2V4,Hexagonal,12.2143,4.78804,116.886,286.516,739.114
aflow:57cecbf3dc26e974,P1,Cubic,14.6076,3.52099,51.3142,132.231,510.462
aflow:57d95c24181ec14e,Al8Zr4,Hexagonal,17.8107,4.51193,86.5333,206.814,540.951
aflow:57e4161a36ca0f7c,Co2Rh4S8,Cubic,17.9542,5.1923,40.6839,107.573,370.01
aflow:57eda7013d19d919,Ni1P4Si3,Tetragonal,17.5666,3.15302,62.6791,156.613,547.225
aflow:57f062a3210f15c7,Al2C6Ta8,Hexagonal,13.1014,12.4655,132.647,335.086,473.02
aflow:57f618875652a39b,Ni2O12Ta4,Tetragonal,11.7391,8.11914,91.3279,235.752,540.12
aflow:57ff68dfc05e7a17,S12Sc4Y4,Orthorhombic,21.8992,3.48865,33.1475,86.382,386.095
aflow:581f1f92cbb35bc2,Ir2Ti6,Cubic,16.6374,8.38182,32.6409,91.4794,251.983
aflow:5822e01d0015efb8,B2Tc6,Orthorhombic,12.3435,10.3428,141.16,367.166,528.975
aflow:582d36d531b92b8c,Mg1Y1,Cubic,27.4708,3.42165,23.0863,58.4225,280.053
aflow:582f2ebc968a0952,Ce1Co1Si3,Tetragonal,15.7555,5.97186,75.7581,188.784,481.937
aflow:585337a2c5893256,H2Nb1,Cubic,7.96516,6.59631,81.8791,213.195,565.898
aflow:587070faf1466d87,O4Ti2,Tetragonal,11.0179,4.01394,112.488,285.631,792.995
aflow:5882443e36213ebb,Bi4O14Ru4,Cubic,12.7602,8.66097,95.5536,241.535,479.911
aflow:5886c0ac12a0c7cd,Ca2Rh4,Cubic,17.9808,7.5694,47.5757,125.196,307.068
aflow:5891782b644338f2,Au1Li3,Cubic,15.801,5.72192,8.6145,23.7201,159.934
aflow:589af7a1a460fbba,N3V2,Hexagonal,8.87418,5.38544,179.127,441.196,901.83
aflow:58a455185bfb2e7e,Al3Dy1,Cubic,19.2668,5.24542,60.8933,144.657,408.941
aflow:58b3c5708928d287,B4Li8Pd12,Cubic,13.1902,7.21553,30.5607,84.326,283.998
aflow:58b9ed291d3d9da5,Hg1Se1,Cubic,30.6623,7.56961,13.725,37.2783,140.015
aflow:58bd0b5d47b44b34,Al2Li1Rh1,Cubic,13.5741,5.00976,59.0132,152.169,463.062
aflow:58bd8f8745fa8925,Ca4Mn4O12,Orthorhombic,10.9218,4.34883,92.2197,228.268,647.179
aflow:58bde6bf18abaa42,Co4Ge4V4,Orthorhombic,12.7851,7.89957,92.2041,238.422,475.085
aflow:58d9a7827940d4c4,Ba2Te4,Tetragonal,39.936,5.44047,15.0264,38.387,169.035
aflow:58f2fa6442546815,Nb1Ru1,Cubic,16.231,9.92251,24.0191,69.4408,205.979
aflow:58f4471901eff079,K5Pb24,Cubic,33.9174,8.72522,8.31636,22.8752,100.92
aflow:58fb9512679028ef,P6Sr6,Hexagonal,28.6265,3.43964,26.8692,67.1975,304.983
aflow:58fe68b5f9920e5b,C2Mg2N4,Tetragonal,7.78713,3.42943,139.583,349.577,1054.03
aflow:59063b52ef54c3cb,Ag2,Hexagonal,17.8894,10.0126,23.7034,64.5236,180.95
aflow:590c19e7b6d9ad00,O12Pb4Tc4,Cubic,14.5357,8.0905,67.0365,173.517,400.134
aflow:59146a05803f7c69,Al1C1La3,Cubic,28.9396,5.22968,33.187,83.3035,269.069
aflow:5919341cd70d27f4,Mg4O8Si2,Cubic,9.6689,3.45181,116.855,286.479,898.982
aflow:5952bc520d57d141,N1Pu1,Cubic,15.0556,14.2316,90.9559,225.649,341.017
aflow:596b0d9e285bb414,Hg1Ni1,Tetragonal,15.4635,13.9213,30.332,85.8736,163.948
aflow:598a7a7328a47d85,B1P1,Cubic,11.7468,2.95331,161.882,364.273,1024.95
aflow:59986524fbaca343,N4Re8Zr16,Cubic,17.4753,10.1984,73.1805,193.606,343.957
aflow:59a19bf9fc5028ff,Co4Sb12,Cubic,23.461,7.5058,56.1568,136.088,310
aflow:59adc4bbf51db268,Nb6Rh2,Cubic,17.4148,9.09719,89.1622,233.27,394.986
aflow:59ba3fe3ff6e783a,Mn1Pd2Sn1,Cubic,17.1857,9.33451,34.3058,93.6802,240.908
aflow:59bce60e4ed76f05,Ag1Cl1,Cubic,22.1525,5.37163,8.67015,24.2824,144.9
aflow:59d48b5a99788b1c,Er2Sn4,Orthorhombic,26.7528,8.37197,33.6862,84.6658,224.08
aflow:59fa6a642e246bf5,In2Sc4,Hexagonal,24.096,4.70292,38.3789,96.4421,318.058
aflow:5a12ca65b4afe176,Y2,Hexagonal,32.7697,4.50513,28.96,70.4996,254.041
aflow:5a14a06a71776ca3,In1La3N1,Cubic,28.0642,6.45588,42.6692,105.276,275.074
aflow:5a1b6fdffb2dde5d,C1In1Y3,Cubic,24.0148,5.4425,62.0308,147.21,378.944
aflow:5a41940197c879ba,B6Ni20Ta3,Cubic,10.0572,10.1429,88.9151,236.994,449.057
aflow:5a58189fe4d0f2e6,Bi2Er10Pt4,Tetragonal,25.3552,11.7512,21.2643,57.8269,163.953
aflow:5a624ba9e35af61b,K2Te1,Cubic,46.5302,2.44811,6.51818,16.7666,147.154
aflow:5a670b4d513577ba,Fe1Ti1,Cubic,13.4969,6.38205,129.426,312.132,602.053
aflow:5a82abb475fd41a4,Ba4Cu8S8,Orthorhombic,19.8457,5.498,31.6167,81.1542,292.984
aflow:5a8c11a2c4607835,C2Tl2Zr4,Hexagonal,18.8542,8.78132,77.8054,190.514,393.974
aflow:5a8e615d2ad336d3,Bi1Li1Mg1,Cubic,26.342,5.04777,22.3933,54.3396,228
aflow:5aa1e8886be19764,Al4Hg2S8,Cubic,20.0961,4.51859,32.825,86.4185,328.055
aflow:5ac80aff95eadfb0,Er2Si4,Tetragonal,18.9364,6.53091,30.6393,82.4392,268.93
aflow:5acbf212d1783298,Cs1,Cubic,115.337,1.91348,0.630101,1.72744,36.0384
aflow:5acf588213d5c741,Ni2S4,Orthorhombic,16.5767,4.10075,50.5336,124.865,464.987
aflow:5adf7d52e3b3626e,Br2La10Sb6,Hexagonal,31.1248,6.75591,33.9291,85.1099,232.928
aflow:5ae0bc1adf7ccb68,Cd4O12Ti4,Orthorhombic,11.5329,5.99856,87.2427,226.123,551.972
aflow:5af42c7746ab7767,Li4Sb4Sr4,Orthorhombic,27.7877,4.30877,25.4897,61.0773,261.076
aflow:5af53ce262d3c5cc,Mg2O2,Hexagonal,11.4071,2.93357,62.4348,160.561,655.844
aflow:5b00bf6d521386b6,Cr4Mg2O8,Cubic,10.9061,4.18264,74.4662,194.36,636.132
aflow:5b11418893415817,Gd1Rh1,Cubic,20.8492,10.3601,42.2036,112.025,220.102
aflow:5b25eee4521ada34,Ti4Zn8,Hexagonal,15.2834,6.47045,64.8063,158.051,393.895
aflow:5b26fddf83dc31c4,Co2Si4Y2,Orthorhombic,16.0092,5.29021,64.8255,165.632,461.908
aflow:5b357b72531618a5,Cr2F8Sr2,Tetragonal,15.3504,3.8873,28.331,73.9481,379.949
aflow:5b3f8e61186e7328,Er6F20K2,Cubic,13.7898,6.28637,48.093,122.819,396.047
aflow:5b5f6e28c8f6fcae,Mg2Si1,Cubic,21.3427,1.98907,46.6033,109.226,545.134
aflow:5b720a985b8fa0a4,Co2Si1V1,Cubic,11.6103,7.0401,83.3144,216.787,464.018
aflow:5b7abbd7fc2d9289,Al2Sc4Si4,Tetragonal,18.0538,3.18359,68.0774,166.198,562.116
aflow:5b8a2c2cb85a2929,Be26Th2,Cubic,10.0386,4.12591,118.316,265.665,784.957
aflow:5b8c6ef02fe2db2a,K10Te6,Tetragonal,39.0187,3.07634,9.07266,22.6001,172.132
aflow:5b984958dbe89502,Te1Y1,Cubic,29.5746,6.07814,22.2708,59.5149,206.013
aflow:5b9baecff7ede58b,Dy3In3Ni3,Hexagonal,19.9647,9.31576,31.8752,85.5949,219.028
aflow:5ba3a5799c0b4d80,Pt4Tb8,Orthorhombic,25.1776,11.2767,21.1091,57.5857,166.015
aflow:5ba58a9996da7974,Nb6Sb4Te10,Cubic,24.5143,7.85906,65.1794,158.564,320.972
aflow:5baa20a85d1739d4,Al1Y3,Cubic,27.2719,4.47071,31.389,78.2447,281.955
aflow:5bb50c168f2a8bf9,Cd2Mg2,Orthorhombic,21.3883,5.30713,21.0612,54.5613,223.034
aflow:5bd96a88945997f6,Hg2Pt1,Tetragonal,22.8836,14.4227,22.1898,61.3412,143.033
aflow:5bdef6b8bcf8389b,Ga4Ho4O12,Orthorhombic,11.1565,8.41444,84.7834,219.883,472.899
aflow:5be491d6e08418fe,Er4Ni4P4,Hexagonal,16.3146,8.7168,69.6747,177.75,361.894
aflow:5be7414fafc81b31,Ba1Mg4Si3,Tetragonal,23.007,2.87625,42.6944,100.737,428.136
aflow:5be93a21353066c1,Er2Hg6,Hexagonal,23.6567,13.4952,19.9126,54.0829,138.055
aflow:5bf4841f97a43dca,Ga1Rh1,Cubic,13.7628,10.415,54.5715,149.033,311.974
aflow:5c0a166d6f99ed4f,Si46,Cubic,23.2534,2.0056,45.9163,114.667,546.129
aflow:5c0ed9780dcea1a7,Cr4Hg2O8,Cubic,12.3654,7.07091,49.3109,133.687,380.012
aflow:5c16f5d4d3cde6f8,Cr4Hf2,Cubic,15.0471,10.3912,45.9509,127.335,284.967
aflow:5c1ad1f9f83f7aa9,Ni12P7Sc2,Hexagonal,11.8121,6.76797,69.2413,183.865,459.176
aflow:5c1f9a350ac0fe8e,Ag2Cl2,Monoclinic,22.2172,5.356,10.3287,28.5061,160.092
aflow:5c20d7f28b9e84f6,Ge1Li2Zn1,Cubic,14.5651,4.3281,41.2531,97.2011,382.412
aflow:5c347009c594310f,O2Zr6,Hexagonal,18.211,6.60304,56.269,147.797,375.026
aflow:5c363b4dd6e0208a,Si6Zr10,Hexagonal,19.4002,5.7814,80.5935,199.819,460.945
aflow:5c50194cee2c2f1e,C1Ru3Zr1,Cubic,13.6868,9.86224,157.074,391.851,543.087
aflow:5c5618217287430a,B6Ca1,Cubic,10.2001,2.44055,85.4684,213.927,907.764
aflow:5c5f591d03ca3b9a,In12Ru4,Tetragonal,22.6683,8.15921,49.7708,125.386,282.941
aflow:5c6b84f5e53d12c2,Sb6Sr10,Hexagonal,37.1571,4.48768,19.9125,48.9558,212.057
aflow:5cb0505df67e7744,Al4Ba2,Cubic,25.9456,4.08098,31.4109,75.5612,300.852
aflow:5cf3f0f94eab4d50,C2Nb2,Hexagonal,13.3937,6.5038,86.4356,230.541,510.92
aflow:5cfe1d0ba97a5293,Mo1N1,Cubic,10.056,9.07774,83.9256,231.059,466.021
aflow:5d05db91de9efc4b,Al4S8Zn2,Cubic,18.0979,3.24523,46.6202,118.275,477.991
aflow:5d0a01ae2cd2b5df,Rh4Sn8,Orthorhombic,21.6381,8.70469,40.8926,107.499,257.044
aflow:5d0d9d5421398d52,Cd2Mn4O8,Tetragonal,12.5785,5.39908,41.6642,111.538,428.959
aflow:5d18b0c93d5f11eb,Sn6Ti10,Orthorhombic,20.3392,6.07796,42.9329,112.912,326.07
aflow:5d266fe4e61942b1,As6Yb8,Cubic,25.3886,8.56733,26.6923,68.7502,184.971
aflow:5d2ee95d3fdba7f1,Bi4F16Rb4,Cubic,18.4672,5.55158,17.3944,47.1603,239.858
aflow:5d3a891d1341c11f,Al3Ni2Th1,Hexagonal,16.7914,7.09325,67.8319,171.779,390.888
aflow:5d4d5c2f6e49867a,Mn4Pd8,Orthorhombic,15.6874,9.44684,40.3771,108.977,273.018
aflow:5d55ae43c695bb17,Ga3Mg3Sm3,Hexagonal,23.6341,5.72487,43.1676,104.097,304.906
aflow:5d5b3f29466d25e1,Al1Er3N1,Cubic,20.9962,8.58525,71.142,170.638,337.971
aflow:5d5d9f727e2fbf3a,Ba2Hg1,Tetragonal,46.1076,5.70529,10.0205,24.8586,124.05
aflow:5d6ade89e4018661,In1La3,Cubic,33.5826,6.57065,12.6622,34.2718,141.946
aflow:5d6d0cc05e18b116,K1Na2Sb1,Cubic,29.2412,2.93631,13.4604,32.967,216.018
aflow:5d73fe9948f76b16,Ru1Ta1,Cubic,16.2686,14.3928,51.8273,144.759,246.036
aflow:5d9027af1fa5b7fc,Ga2Y1,Hexagonal,20.9511,6.03364,55.9578,134.838,354.923
aflow:5d94aa7e2ab22c24,Ca4Sn4Sr4,Orthorhombic,35.5466,3.83666,19.4128,47.7797,225.991
aflow:5d94f15ba424becd,Pt1Zn1,Tetragonal,13.9146,15.5419,71.1983,188.141,288.889
aflow:5d9ecf64519f93d7,Ge1Li1Ni2,Cubic,11.4169,7.15997,66.689,168.137,408.859
aflow:5da96bce418c70e5,B4Si2V10,Tetragonal,11.4937,5.49745,165.746,397.08,789.972
aflow:5db348e13594ac27,As1Pt5Zn1,Tetragonal,15.7364,16.8195,65.8464,177.297,261.082
aflow:5dc16c72f983506b,Os2Si2Th1,Tetragonal,18.0376,12.3104,105.519,263.892,389.958
aflow:5ddbe4d27cc3d04f,S12Th8,Orthorhombic,25.2321,7.37415,39.8772,103.791,279.984
aflow:5ddfc73e119d7d2a,Ag6As2O8,Cubic,15.2876,6.27993,16.2035,44.9047,259.075
aflow:5df85b78f6c1cc12,Co2In4S8,Cubic,21.9313,4.50847,27.6926,73.2352,297.96
aflow:5e07d8ffe0540e52,Ge4Ir4Tb2,Tetragonal,17.8673,12.7983,47.7442,130.532,246.011
aflow:5e0f55e7c54d3257,Cu2Ho1In1,Cubic,18.0781,9.34249,37.3804,97.5089,249.021
aflow:5e13be1019e744a5,H6Y2,Orthorhombic,9.54033,4.00019,56.9664,139.84,553.683
aflow:5e1b6bae5e62bc38,Ho1Ir1Si3,Tetragonal,16.9565,8.64535,58.2088,152.535,344.063
aflow:5e2e8af283dd82fc,B4Pd10,Monoclinic,12.6113,10.4136,48.983,134.347,324.126
aflow:5e2eae8429bd073c,Er2Te4,Tetragonal,28.8673,8.10043,19.3035,52.3054,167.055
aflow:5e300cf689db5d4c,Au2Ge2Sc2,Hexagonal,19.565,8.89785,41.5669,108.477,267.918
aflow:5e50f01796613fbe,Dy2Mg2Sn2,Tetragonal,25.9918,6.50572,36.6337,90.5422,262.063
aflow:5e6fd90ec299e956,Ca1Ge2Rh2,Tetragonal,18.1723,7.14702,56.5268,143.897,371.107
aflow:5ea63354f577b3d1,Ir1Si3Tb1,Tetragonal,17.1269,8.4429,60.5694,157.633,354.02
aflow:5eb8e6ae98c9cdad,Ag2S6Ta2,Orthorhombic,19.2612,6.63824,34.0264,89.1693,322.943
aflow:5ebc0f014499d22b,Se1Tl1,Cubic,26.2146,8.97365,4.1583,12.0234,77.0145
aflow:5ec42def8839c87e,Ag2In2S4,Tetragonal,25.5567,4.65882,15.9626,43.1356,216.031
aflow:5ec807672f6d429c,N3Ta3,Hexagonal,11.7605,13.7634,179.687,448.982,523.052
aflow:5ed02d9a45e81078,Ca4Cl8,Orthorhombic,28.4676,2.15797,11.3858,30.0935,268.137
aflow:5ed4564baa2b3989,Ir4Sb12,Cubic,25.6363,9.02725,60.0978,149.57,285.967
aflow:5ee3f602225eb2e4,Bi1Pt1Yb1,Cubic,26.316,12.1386,22.9006,60.9158,159.018
aflow:5f1511de835d4c8a,Al2Zr4,Tetragonal,21.1122,5.49056,40.8237,107.715,326.994
aflow:5f18888e5af5d54c,Gd4Hf4O14,Cubic,13.5126,8.75272,94.9153,239.62,472.1
aflow:5f19656f2db2930a,Au8In4K2,Tetragonal,23.6865,10.5819,17.7606,48.1391,152.027
aflow:5f1f8357a82ecece,Er2Ge6Ni2,Orthorhombic,17.8373,8.26149,63.2542,156.504,341.967
aflow:5f3b382c2127e29f,Dy4Ge4Ir4,Orthorhombic,18.7718,12.5998,44.1603,119.604,235.954
aflow:5f53eeb11197a3de,Au2Yb1,Tetragonal,22.2057,14.1327,18.4869,50.0904,136.994
aflow:5f635a213ee443ca,Mg6Zn33,Cubic,15.4582,6.34438,33.7609,86.425,286.197
aflow:5f69850e999c6954,Ho4Re8,Hexagonal,18.766,15.8489,43.9516,123.021,209.973
aflow:5f711a0abf7c1313,Ba1Ge3Pd1,Tetragonal,22.3196,6.86695,33.0842,85.1604,254.08
aflow:5f83b3ac502f7b12,Cu2Sn6Zr10,Hexagonal,21.5869,7.48479,61.1478,154.793,334.041
aflow:5f87aabd12589778,Dy4Ir4Si4,Orthorhombic,17.8649,11.8606,69.5163,179.211,319.004
aflow:5f88595ec1d952d0,Cl1Rb1,Cubic,32.0655,3.13099,8.37747,21.5134,164.065
aflow:5f89de0c8b54e1c4,Ca3N1P1,Cubic,21.1062,2.59976,53.3355,124.938,519.033
aflow:5f8eb52fe2e56026,Cd2Se8Y4,Cubic,29.4084,4.88875,18.1422,48.757,213.047
aflow:5f913b905a1c9b04,Na3P3Sr3,Hexagonal,25.5588,3.0662,28.915,69.4364,331.081
aflow:5f949664e8b3c289,Ir3Nb1,Cubic,14.8958,18.6603,205.429,505.876,440.03
aflow:5fb440d2a8c2efa7,H9La4,Tetragonal,13.9247,5.18005,37.6671,96.3903,348.161
aflow:5fb747a0413194c7,Dy2Ge2,Orthorhombic,22.6834,8.60487,55.6111,136.579,288.004
aflow:5fbd191795ae6aaa,N1Th1,Cubic,18.9447,10.7832,85.9167,220.465,346.919
aflow:5fc275dcd0bffc5f,Ir2Si2Tb1,Tetragonal,16.4232,12.1238,108.69,270.809,397.998
aflow:5fc8bd1d5434baa3,Co6S8,Cubic,16.0866,4.49826,46.943,120.763,415.823
aflow:5fc952e0c1ba5814,Bi1Er2O2,Tetragonal,19.9696,9.57097,34.3529,88.9544,272.952
aflow:5fcf29891c1ff440,Ir4V4,Orthorhombic,13.9132,14.5107,126.642,327.551,407.07
aflow:5ff815c1453a1300,La2Ni2,Orthorhombic,23.4132,7.00706,16.9027,46.2396,185.035
aflow:602f0c87edd34f36,H2Ta1,Cubic,7.89345,12.83,67.3117,181.147,370.996
aflow:603931e40d73250b,Pt1Sn1Ti1,Cubic,20.6517,9.69385,49.0471,130.937,271.074
aflow:60403665ed82b47b,B6Ba1,Cubic,11.1816,4.28949,130.222,300.113,803.936
aflow:604cd3e21468bb32,Er4In2Pd4,Tetragonal,21.5446,10.2068,36.7664,96.9778,223.017
aflow:605efbba4d8ede03,Al2Li2,Cubic,16.1794,1.74079,30.7801,75.8138,525.305
aflow:606e5579b432afe5,Rh1Si3Th1,Tetragonal,18.1145,7.68553,58.9495,154.345,353.001
aflow:60a7909951f917c3,Rh4Sn4,Cubic,17.9545,10.2472,48.6008,129.552,286.11
aflow:60bae3d49726c297,Cu1Hf2,Tetragonal,18.8375,12.3566,57.9175,149.325,267.988
aflow:60bb980c6872ba9f,Li2Pt1,Hexagonal,13.5663,8.52619,29.5387,76.9652,263.105
aflow:60bc35d462e58d7e,Al6Hf10N2,Hexagonal,17.8395,10.2122,56.9549,149.018,305.021
aflow:60fbc5ebb2614257,Re8Zr4,Hexagonal,17.7471,14.4598,54.0705,151.324,247.986
aflow:60fe8378b28f4476,La2Rh2Si4,Orthorhombic,19.4621,6.35609,50.4507,131.81,353.099
aflow:611ceac3a84d63ec,Cs4I8Li4,Orthorhombic,42.2201,3.87067,5.55007,14.3884,111.93
aflow:611d047085ec430b,Al1Mn1Ti2,Cubic,15.0621,4.89824,28.7437,80.5288,325.983
aflow:612b3a8d9916f74d,Pb4S4,Cubic,27.1253,7.32345,30.2202,76.175,219.985
aflow:6138a1f196c1c245,Ir3Ti1,Cubic,14.5179,17.8591,169.127,424.691,410.926
aflow:613f851a6f86dd5b,O2Pa1,Cubic,13.545,10.749,101.713,261.64,421.933
aflow:6141f4659a8174fc,Be4Ta2,Cubic,11.7901,9.34119,127.291,304.013,524.112
aflow:6146cee097d0232d,Cd1N1,Cubic,17.0563,6.15373,11.3414,32.084,186.109
aflow:614b711bda8786cb,As4Ni4Se4,Cubic,16.8069,7.00076,50.9293,129.241,358.001
aflow:615ac280265aeb29,C1Nb1Ru3,Cubic,13.2899,10.1989,147.097,375.965,524.034
aflow:615e53b872f6a151,As8Ba4Zn8,Orthorhombic,23.4799,5.91139,31.1862,78.2296,261.149
aflow:616cfc3b5aa78090,Al8Ni2Tb2,Orthorhombic,17.1937,5.24006,60.231,149.416,424.031
aflow:6197d5025e0d677a,Cr1La1O3,Cubic,12.241,6.48151,110.093,274.358,573.939
aflow:61983e98d9e26834,Hf1Ru1Sb1,Cubic,20.7966,10.6811,47.8966,129.474,253.035
aflow:619c7a441288610c,Au1Ni4Tb1,Cubic,14.0953,11.5973,66.1536,170.45,308.001
aflow:61ae06e7e303a5bf,Ag1I1,Cubic,36.7434,5.30503,5.18682,14.5489,93.9948
aflow:61bdf403b2bb8c80,Al2Th1,Hexagonal,23.9609,6.60682,60.6511,148.163,342.955
aflow:61be49548ff7b362,Au2Ho1,Tetragonal,20.8119,14.8636,36.7489,97.9103,187.007
aflow:61f6f16fe122ddf4,P1Pt5Sn1,Tetragonal,16.1913,16.4842,39.5364,110.902,206.037
aflow:62070c0fa950fcab,Ge2Rh2Y1,Tetragonal,17.6321,8.28565,65.3046,168.78,362.09
aflow:6209f5e55ae5ad29,Dy4In2,Hexagonal,28.1837,8.63783,25.8057,66.8598,186.965
aflow:622e7ac118e3c7e2,Rh2V6,Cubic,13.8445,7.66822,102.669,265.476,491.92
aflow:624a32ce7ce4df2b,La1Ni1O2,Tetragonal,13.7393,6.93722,64.1153,166.53,412.014
aflow:626f0176aa84f711,O8Sb2V2,Tetragonal,11.4973,5.69746,103.734,258.361,647.19
aflow:627f53c41a18dd24,Hf4Ir4Si4,Orthorhombic,15.7571,14.0088,113.703,289.609,375.96
aflow:62a3afd4deefd5b2,Pu1Ru1,Cubic,17.3135,16.5507,10.0903,29.6957,100.031
aflow:62ba8e12add911bb,Cd3Cu3Dy3,Hexagonal,21.1382,8.86262,29.2751,76.5406,218.88
aflow:62d74a601aac5fea,Hg1O2Rb2,Tetragonal,26.0244,5.14954,11.6,29.8086,207.833
aflow:62da428bff07f73b,Er3Pt3Sn3,Hexagonal,21.6672,12.2887,51.849,134.492,240.982
aflow:62deadd1ead9571c,C8U4W4,Orthorhombic,14.9615,12.3724,62.6914,166.893,325.881
aflow:62eac962ca4e3508,Rh2Sn4,Tetragonal,20.734,9.08421,38.7157,103.275,245.884
aflow:62f394dfa8c9cee5,B12Yb1,Cubic,8.11217,4.76724,185.138,424.1,987.096
aflow:62f79258a055ab05,Ce1Ga1O3,Cubic,17.5994,4.86582,22.4318,59.7108,299.928
aflow:630b91aa3f9ab8a6,As2Ga2,Hexagonal,23.5464,5.1008,40.8343,100.679,313.023
aflow:6317cce9fc77eb35,Ga4Sn4Sr4,Hexagonal,29.1814,5.23607,26.0632,63.5126,236.157
aflow:631867acd67986cd,Zn4Zr2,Cubic,16.6505,7.3793,58.8787,147.558,353.929
aflow:633450d95f48c396,Ag2I2,Monoclinic,29.3384,6.644,11.2584,30.3878,130.919
aflow:633c61cbece8044f,Mg1P1Pt5,Tetragonal,15.3133,15.9671,66.4255,179.916,264.995
aflow:634010f2eadb562d,Mg1Te1,Cubic,26.6452,4.73338,30.777,75.6376,274.893
aflow:63566c9261ac0837,Bi2Ca2Cu2,Hexagonal,25.0549,6.9061,28.7285,71.5288,227.095
aflow:635b3b0cecf10da0,B6Ni20Sc3,Cubic,10.3137,7.62561,75.4675,199.825,480.961
aflow:635c1e535c86bece,Hf16Rh8,Cubic,19.4804,13.0671,42.0298,114.788,227.995
aflow:6363a4fb195d7fbd,Ag3Dy3Si3,Hexagonal,20.2475,8.15894,53.9999,134.016,302.938
aflow:6367acc17172eb17,B8Mo8Ru4,Orthorhombic,11.2774,9.2638,149.769,384.802,590.997
aflow:637eaa781f067602,Ag3Er3Si3,Hexagonal,19.8502,8.45496,56.2685,139.261,306.127
aflow:63822f9842162382,Ge2V2Zr2,Tetragonal,17.2051,6.90888,66.0227,172.585,389.978
aflow:6385b15d263c1de3,Dy4Ga4Pt4,Orthorhombic,19.4986,12.1306,29.7153,82.1089,191.983
aflow:639f105c2bbf7f29,Hf1O3Pb1,Cubic,14.3499,10.0371,87.2365,222.456,397.035
aflow:63a5027a15366fb1,N2Os2,Tetragonal,11.191,15.1503,178.96,450.982,510.976
aflow:63c73d86337862d9,In3Pt3Sc3,Hexagonal,19.8847,9.8781,38.5773,103.946,239.994
aflow:63c8c688426cabe6,Ru8Si4,Orthorhombic,13.1887,9.66225,103.788,273.708,466.082
aflow:63e256b4afba7919,N1Y1,Cubic,14.8906,5.73818,120.377,288.081,598.905
aflow:64014758907b8038,O2Tb2Te1,Tetragonal,19.6375,8.07459,39.9971,102.956,311.045
aflow:6405f75405bd1e6d,Ge4Hf2,Orthorhombic,17.9862,9.96074,70.3852,176.888,322.059
aflow:640727d1390aa669,Rh4S4Sb4,Cubic,18.883,7.52503,70.3241,175.908,379.11
aflow:643740d81b353d90,Ir1Yb1,Cubic,19.262,15.7442,33.1813,88.8557,182.001
aflow:646ccd3a29e844e5,Bi4O14Pt4,Cubic,13.2673,10.4695,78.0858,204.145,379.919
aflow:646ffa7bd3b38f16,Fe1Ga12Y4,Cubic,18.9173,6.44563,45.9265,114.194,314.007
aflow:6480d7dbdcd7b044,Bi1K3,Cubic,41.0464,3.29988,5.77245,14.9647,121.91
aflow:649113dcd188c10c,Ca4Cd8,Hexagonal,25.6002,5.72752,23.7653,59.8404,216.015
aflow:649d0f5362dd740a,Os3Ti1,Cubic,14.8472,17.2936,117.352,310.058,345.974
aflow:64a588f9e2139526,Al16Ru7Sc6,Cubic,16.406,4.91744,67.0049,171.215,478.881
aflow:64b1b587a7ef4ae6,Au2Ho2Sn2,Hexagonal,23.9262,11.118,40.4423,103.044,224.068
aflow:64b3448f47ce6f17,Al8Ce2Ni2,Orthorhombic,17.4797,4.85657,66.3167,161.669,464.136
aflow:64b7ddca2dae6d00,Ga4Pt4,Cubic,15.0899,14.5712,54.8146,147.997,263.974
aflow:64b82e7c106076ec,Cr4O8Zn2,Tetragonal,10.6421,5.20196,82.6958,214.441,601.935
aflow:64bb74c859cb6716,Os4Th2,Cubic,20.113,16.8544,26.9217,77.5033,154.979
aflow:64c133251a3d5e8e,Hg2Sn2Yb2,Hexagonal,27.7614,9.81601,20.6041,52.8199,159.933
aflow:64c3e0cc2134a59d,Pt1Sb2Zr6,Hexagonal,22.0699,8.2422,60.9288,156.475,320.936
aflow:64cbc1178df50684,Cu2Sb4Ti10,Tetragonal,18.3373,6.18657,48.5542,127.963,348.945
aflow:64d9f356a7d9b498,Ge4N6Na2,Orthorhombic,12.6348,4.60406,76.5663,192.604,588.832
aflow:64dd09f7a69e539c,Sc2,Hexagonal,26.5311,2.81372,33.319,83.3806,372.989
aflow:64e5939b95330a2f,Nb1Pt2,Orthorhombic,16.0279,16.6831,98.5983,260.07,319.007
aflow:64f1672c65bc1cb5,In3Lu1,Cubic,23.2107,9.2902,29.235,77.32,179.017
aflow:64fe7bb3f42e5ce7,As12Os4Th1,Cubic,18.976,9.73855,91.6409,224.381,382.042
aflow:65029c4665c03f1d,As2Ba1Rh2,Tetragonal,21.5153,7.60964,42.2167,107.561,316.094
aflow:6515d2391cd7ff44,C2Re1,Hexagonal,9.76929,11.9109,203.829,509.954,638.998
aflow:651d21e90571dced,Co2Er2Si4,Orthorhombic,15.6911,7.47043,64.646,166.125,392.008
aflow:6526b6bd6018f3c0,Ag2Ba2P2,Hexagonal,26.892,5.6844,31.0349,76.5933,252.074
aflow:6527349edb719eb3,Ge3Pd3Sc3,Hexagonal,17.8224,6.95512,51.6838,134.86,339.083
aflow:6527f230146df57b,Co4Sb12,Cubic,23.4644,7.50471,56.1666,136.069,310.114
aflow:6531b52d0780226d,In4Pd8,Orthorhombic,16.7436,10.8305,32.5684,90.2172,222.028
aflow:6547651e77951662,Tc8Zr4,Hexagonal,17.3481,9.22194,17.6828,51.6282,180.006
aflow:655ab2ddd3620729,Mg3Ni20P6,Cubic,11.4666,7.15367,66.1933,176.164,437.094
aflow:6562be30ba2f3b27,I12Rb4Te2,Tetragonal,46.7601,4.18237,3.28926,8.6805,118.927
aflow:657e6ad9750772fb,Hf1Os3,Cubic,15.6624,19.8548,109.072,287.978,306.933
aflow:6581a5fa5b7c456a,Be26Sc2,Cubic,9.10681,2.11143,116.103,258.706,1102.82
aflow:6588e36483916910,Co4Sb12,Cubic,23.4529,7.5084,56.2477,136.299,309.955
aflow:6599d22a3b426897,Mg8O8,Orthorhombic,11.8805,2.81668,60.7711,154.38,670.158
aflow:65bc28c90e116908,Ag2Ca1Ge2,Tetragonal,21.2246,6.27451,25.6591,66.9391,238.155
aflow:65d2ceba883c7cc3,Ce2Pd21Si6,Cubic,15.7615,9.74765,41.2419,113.774,269.015
aflow:65d90d63b5017ced,Ga3Ho1,Cubic,19.1598,8.10653,39.7737,100.421,265.083
aflow:65e867bc2a96d2f0,Dy2,Hexagonal,31.8502,8.47208,26.484,64.8997,185.006
aflow:660d210acd5499cc,Ni1Pt1,Tetragonal,13.748,15.3263,90.644,232.099,327.079
aflow:661d95aacf6d8058,As1In1,Cubic,23.4292,6.72394,26.1537,69.0041,223.068
aflow:661e554798910f22,Mg1S1,Cubic,23.033,2.03179,18.4643,49.9238,344.971
aflow:662744c681b5fadc,Dy2Ga4Ni2,Orthorhombic,17.083,8.76453,44.6033,116.009,286.974
aflow:662ca37cd97d3328,Al4C4Th1,Tetragonal,13.0414,5.48939,99.7216,247.518,594.85
aflow:663b7d9aa6021d93,Os10W20,Tetragonal,15.8146,19.5266,146.477,382.756,358.01
aflow:664ed358c57b1ad3,Bi3Dy3Rh3,Hexagonal,22.3635,11.7414,38.7031,102.185,217.038
aflow:66516c3a8bc7b31e,Se2Ti2,Hexagonal,21.9549,4.79746,26.4639,69.4505,275.885
aflow:66546a108e411f5b,Mg2Te2,Hexagonal,34.3614,3.67046,12.0415,32.3347,183.028
aflow:6662f1dc461916ad,P1U1,Cubic,25.5455,8.74305,28.4847,75.1937,203.028
aflow:66694a8afef91c7a,N2Os1,Cubic,9.66434,12.4979,54.4379,154.788,327.944
aflow:666cb37971d34bf6,Pd3Ti1,Cubic,15.197,10.028,70.8218,187.544,345.018
aflow:6672c8d58bf571b2,Nb1Rh1,Tetragonal,15.9084,10.2195,71.6647,194.166,345.956
aflow:66752eca79a7ee63,C1Er3Tl1,Cubic,34.3813,6.93711,12.349,33.7834,135.986
aflow:6675449ac1e1c290,Se1Y1,Cubic,24.1294,5.77611,29.4786,78.6936,256.091
aflow:6686df75af4cd6de,Ca4Pt4Si4,Cubic,21.432,6.79898,22.8374,62.8087,230.98
aflow:668776793f186c5c,Ba4Pd4Si4,Cubic,25.3814,5.9277,24.1605,64.1233,227.024
aflow:6690ab96d0318cc4,Ca3N1Sb1,Cubic,38.2292,2.22391,10.6303,27.9625,213.909
aflow:6690d2784eb23567,Cs1I3Sn1,Cubic,49.3494,4.25527,7.47673,19.3162,119.022
aflow:66a1dc383bb200bd,Ba1Si2Zn2,Tetragonal,20.6755,5.20857,47.2998,112.571,345.855
aflow:66a28a4e0b74d524,As4Ba4Pt4,Cubic,26.1598,8.6189,23.1446,62.5831,182.996
aflow:66a8421bcf7958af,C1Ru1,Cubic,11.7948,7.9601,18.5393,54.2819,226.009
aflow:66beabbe92890a0a,Au4Ca4Cd4,Orthorhombic,24.2251,7.98465,18.1179,48.7439,168.05
aflow:66c24085ff2e8c69,Co2Fe1Ga1,Cubic,13.0145,7.76553,66.0041,164.074,400.893
aflow:66cb7bd138ea245e,Ba6Si46,Cubic,21.0644,3.20771,47.1701,117.435,447.997
aflow:66d73577b08ad09d,Cs1H1,Cubic,28.3712,3.91891,8.2827,20.3131,147.121
aflow:66debaf1f9bb0ccb,Br2H12Sr7,Hexagonal,16.6958,3.71901,25.9313,63.3031,328.955
aflow:66e5a7a576a44317,Ho1Zn1,Cubic,22.3275,8.56431,25.7899,67.4944,199.013
aflow:67016ba2e4d4c756,La4O10Pd4,Tetragonal,14.7395,7.14268,49.0465,130.353,374.94
aflow:6704d32e81b157a2,As1Hg1Pd5,Tetragonal,16.6221,11.5243,37.4675,102.806,232.111
aflow:6729a4957d69091a,Be1S1,Cubic,14.4827,2.3546,66.0286,159.914,690.937
aflow:672a0932ff5a3a05,O8Pb2Sr4,Orthorhombic,16.2359,6.52283,44.1994,114.047,347.157
aflow:672f28f8caaed3f0,K1Mn1Te2,Tetragonal,35.4444,4.09036,7.77356,20.7637,147.984
aflow:6734b78b40a05892,C1Sn1,Cubic,17.3468,6.25575,76.9655,188.529,436.114
aflow:673964418b9b7e19,Ag3Mg3Y3,Hexagonal,23.8907,5.12208,14.3676,39.5632,191.959
aflow:678eda33d65313ef,Pd8Sb4,Orthorhombic,17.7085,10.457,39.6599,107.64,248.034
aflow:67a702b1c6a16129,Ca3Ge1N1,Cubic,22.3939,3.06744,35.0265,86.8191,384.982
aflow:67b11cbf8df95d9e,Cs2S4Tb2,Hexagonal,29.6606,4.98194,24.598,61.5016,254.963
aflow:67bca844220b1f40,Ag5O6Pb2,Hexagonal,16.1063,8.32514,14.9811,42.0919,193.109
aflow:67c35740bb2588bb,Cu2O4Sr2,Orthorhombic,14.6669,5.18432,44.3955,114.32,413.792
aflow:67d183a9e1a39d6a,Bi1Dy1Ni1,Cubic,22.4656,10.5987,48.9913,122.41,246.043
aflow:67e796f9ad1390a2,Hf1Pt1,Cubic,18.1726,17.0682,29.1414,83.0096,165.015
aflow:67efd716d3fa9ea3,As4Ca12N4,Orthorhombic,21.7193,3.19838,45.0625,108.141,431.885
aflow:6811d7703449af0b,La6Rh8Sn26,Cubic,24.6626,7.98304,44.0884,111.46,265.11
aflow:681987cd354743c1,Mn2Sn4,Tetragonal,19.8848,8.13696,64.0839,155.675,331.123
aflow:681ae019bae67176,C1Re1,Cubic,9.89266,16.6354,157.794,416.992,473.976
aflow:68396dc8ff75fb17,H2Hf1,Tetragonal,8.69861,11.486,27.4705,77.6138,248.977
aflow:684595bec8cc8edd,Co8Ge26Y6,Cubic,16.7446,7.1705,66.4485,164.812,383.153
aflow:6852d98ddee59417,C1N2,Tetragonal,6.08345,3.64169,302.58,722.232,1597.35
aflow:68569ed18f7f51bf,Ca2Pt4,Cubic,18.8591,12.6281,57.7912,150.408,268.01
aflow:685ad71b4f7bc14f,Cd1Pt1,Tetragonal,17.3471,14.7176,50.1453,134.102,233.929
aflow:68880d0dd1738f34,Er2Ni1Sn6,Orthorhombic,24.8915,8.19325,34.0264,86.448,233.03
aflow:68888be8e3ce7f19,Cd1P1Pd5,Tetragonal,15.6624,10.2293,44.6939,121.832,271.038
aflow:688d386a01d03da8,Rh8S12,Orthorhombic,16.1024,6.22849,77.5584,196.426,459.036
aflow:689d0afc19b5f8b1,Dy2Se4,Tetragonal,23.0678,7.6885,38.4093,98.9278,257.074
aflow:68acb772839a33f1,Ho4Si4,Orthorhombic,21.3272,7.51414,68.2332,164.51,353.001
aflow:68ae8a539ab909dc,Hf3Ir3Sn3,Hexagonal,19.2716,14.0564,57.583,154.795,252.025
aflow:68aff55b0748f486,Ag1N1,Cubic,12.3042,8.22397,31.6582,87.8872,277.942
aflow:68b31173e40b0f7c,F4Mg2,Tetragonal,11.3558,3.03676,51.2467,130.126,578.329
aflow:68b7f0da981d1900,Ca6Co8Sn26,Cubic,22.9765,6.86193,22.6237,60.9629,211.064
aflow:68c7755c6a182425,Cl8Li4Zn2,Cubic,19.8376,2.64362,17.1583,43.9352,319.198
aflow:68e4d049244c0bd4,Hf2Pt2,Orthorhombic,18.6313,16.6479,55.1423,150.063,229.005
aflow:68f0ec4647942da7,P1Sn1,Tetragonal,23.6934,5.24455,35.2363,87.5048,316.865
aflow:68fb7c17a24ef7ef,Ca1Cd1,Cubic,28.2629,4.47965,21.3049,52.5218,221.139
aflow:68ff8759a44d15e9,In8Pd2Sr2,Orthorhombic,25.224,7.16798,24.1743,62.5364,203.871
aflow:69058d2d5b1c355b,Cd4Na4Sb4,Orthorhombic,27.6998,5.13851,13.6792,35.9281,181.953
aflow:691b027393bb9c65,Mg1Pt1Sb1,Cubic,21.1149,8.94289,28.1234,76.4478,212.953
aflow:6925b566a277f79d,Br2O8Y6,Orthorhombic,17.7685,4.79677,36.8624,98.8311,363.934
aflow:693af9bf439104a7,Ge4Th2,Tetragonal,24.217,8.62186,26.2157,71.1308,201.997
aflow:6946ea7592a1c255,O12Sb4Zn2,Tetragonal,11.5619,6.46102,91.0664,231.019,564.175
aflow:6969ed5a893c0533,C1Ru3Sc1,Cubic,13.688,8.7389,145.547,361.032,556.087
aflow:6975681558eb6cdc,B8Be4C8,Orthorhombic,7.83129,2.31777,153.144,363.59,1391.04
aflow:697f4746620b47b6,Rh4Sb4Tb4,Orthorhombic,21.4437,9.90112,40.9145,109.506,243.957
aflow:69904de94766ef52,Ni4P8,Cubic,13.453,4.96354,87.8053,218.934,568.869
aflow:69921200781a42ea,Be5Fe1,Cubic,8.88264,3.14399,124.593,275.566,939.638
aflow:69a50dc8799998f2,Te1Zr1,Hexagonal,24.3455,7.46255,53.1216,134.358,305.011
aflow:69add90ae709677d,Ni2Zr2,Orthorhombic,16.6168,7.49038,27.6084,77.896,246.05
aflow:69ae2e1adc83ad92,As4Sn2Zn2,Tetragonal,26.4317,5.24443,29.8945,75.3131,262.939
aflow:69bb977aee012793,Ca1P2Rh2,Tetragonal,15.7091,6.50806,75.0004,190.25,444.831
aflow:69f1d3a5859197df,Ir6Th14,Hexagonal,30.0924,12.145,28.869,77.9001,177.986
aflow:6a0602c7c4adc479,Au4Ca12,Orthorhombic,33.3627,3.94702,10.5154,27.634,179.065
aflow:6a0cfd8361d328cd,Ag2Li2,Tetragonal,16.7985,5.67447,11.7594,32.0285,176.895
aflow:6a117b33a3ff45d4,Pb6Tb10,Hexagonal,29.9065,9.8294,39.6243,97.1223,211.961
aflow:6a2a5251e9194933,Ni4Zr2,Cubic,13.8261,8.3511,57.3422,156.293,328.943
aflow:6a3207f5a718779a,Hf8Ni2P2,Tetragonal,17.8676,12.4476,46.8318,126.537,245.974
aflow:6a332545f3afb0fa,Ir8Si4,Orthorhombic,13.4377,16.9924,109.372,290.514,359.975
aflow:6a4f443cf74c4d29,Mg2Se2,Hexagonal,26.9247,3.18436,16.4488,44.0307,248.037
aflow:6a5764c23dd260e3,Ir3Pa1,Cubic,16.7378,20.0327,126.094,325.252,322.954
aflow:6a57f72befbec1ab,La14Pt6,Hexagonal,31.4122,8.23398,16.4971,44.4703,161.975
aflow:6a58e2bcb55af7cc,Ho2Zn4,Orthorhombic,19.7341,8.2937,32.7977,84.2656,241.944
aflow:6a5b21f97c089bf2,La6Tl10,Orthorhombic,30.7507,9.71035,21.0016,55.0327,153.956
aflow:6a63c942f2a41c09,Ca1F2,Tetragonal,14.1427,3.05575,35.5991,92.5214,445.095
aflow:6a6602d1b073a44c,Pt12Tl8,Hexagonal,19.8448,16.635,44.5263,118.309,208.013
aflow:6a66b538c9c8ec2d,Os8Sc22,Cubic,20.901,6.64882,35.6324,95.5636,281.073
aflow:6a6c895d1a3f3a7a,Cl4La4Se4,Orthorhombic,26.0789,5.37657,28.7845,74.7275,259.923
aflow:6a79b8d09c3fccbd,Cd1La1,Cubic,30.7204,6.79223,18.952,49.9191,171.057
aflow:6a7c00c46d0034ad,Nb6Rh6,Orthorhombic,15.9627,10.1848,69.2385,188.057,341.953
aflow:6a87de99cc84ce75,Tc1,Cubic,14.6729,11.1933,141.581,365.912,475.036
aflow:6a88ba550e5d3b86,Au3K2,Orthorhombic,28.1361,7.89777,13.1963,34.7744,140.078
aflow:6a88eb8ac6de949c,Ga4Ru2,Orthorhombic,14.2255,9.35957,92.9577,234.6,420.001
aflow:6a9342545ff07a25,Cu2Ge2Tb1,Tetragonal,17.1216,8.36394,57.5391,143.66,330.944
aflow:6a9703b2d7b80183,Ba1Cl2,Cubic,33.8806,3.40199,12.4996,32.8163,191.923
aflow:6ab5aac81264b0a8,B1Rh3Tb1,Cubic,14.8099,10.7292,89.1184,229.544,383.008
aflow:6ab65eb7de771387,In2Sb2,Hexagonal,36.1305,5.43633,20.3017,51.6679,188.056
aflow:6ab6d29cee6c5e4a,As8Hf4,Orthorhombic,19.0326,9.54871,75.7912,186.626,344.023
aflow:6adbf353975fc978,P3Ru3Zr3,Hexagonal,15.4106,8.01911,90.612,237.252,444.985
aflow:6ae8ed37072aa6dd,Cd2La1,Hexagonal,27.3283,7.36696,21.292,55.1236,188.991
aflow:6afb87defc4c1e62,P12Pd4,Cubic,17.3144,4.77898,45.6498,119.357,397.169
aflow:6b05d551697846cb,Li1N1Zn1,Cubic,9.47201,5.04471,94.4134,222.845,633.779
aflow:6b114b9ffe1ba9ba,Al4Ho8,Orthorhombic,26.0116,7.59341,31.4079,79.708,225
aflow:6b181f300d838e7e,F12Pb2Zr2,Orthorhombic,14.8052,5.78196,20.6045,56.5963,302.883
aflow:6b23d514015788c7,La1Se1,Cubic,26.3367,6.86826,37.1686,94.1406,256.064
aflow:6b2b53ae4cd60d7a,Pd6Te4,Orthorhombic,19.909,9.58175,26.4734,73.2712,203.977
aflow:6b4795df74caacfc,K8Sn46,Cubic,38.7304,4.58321,6.68234,18.6055,120.01
aflow:6b72dc0d3309fa68,Cd1Gd1,Cubic,26.9922,8.29464,23.2074,60.6958,182.045
aflow:6b78de2c3b4532ce,Re1Ti1,Cubic,15.7906,12.309,45.0758,126.534,255.999
aflow:6b998687d5f62fe9,Au1Mn1Sb1,Cubic,23.2105,8.91072,18.2789,50.6257,161.931
aflow:6ba20edeb60275d9,N1Tb1,Cubic,15.137,9.48538,120.039,287.309,466.04
aflow:6baab20d45ce7787,Cu2Dy2Si2,Hexagonal,18.5552,7.5809,64.0902,157.171,357.936
aflow:6bbab91d874bafa8,Fe1O2Sr1,Tetragonal,14.4352,5.04615,58.0857,146.067,461.079
aflow:6be08f2a9d7b1505,Co2Ge1Zn1,Cubic,14.0249,7.5727,13.0602,36.999,181.003
aflow:6be8d5d32b8f7175,La4Si4,Orthorhombic,26.0533,5.3217,44.1309,109.504,318.015
aflow:6be90e0b1e703b4d,Pt3Sn1,Cubic,16.6464,17.5557,50.2504,138.772,217.062
aflow:6be99327c67a9ba6,Dy4Re8,Hexagonal,18.88,15.6819,38.6058,108.939,195.981
aflow:6c045b0c60d21459,Pt3Sn3U3,Orthorhombic,23.8094,12.8283,42.5872,111.614,207.989
aflow:6c1489aaf3f548d5,Ba2Cr2S4,Orthorhombic,25.3831,4.14505,25.9716,66.5578,284.135
aflow:6c1834465c390db4,Na8S4,Orthorhombic,21.39,2.01945,13.1854,34.4996,297.091
aflow:6c1cfe74712c9046,Cu6Dy6Sb8,Cubic,22.0629,8.76927,50.733,124.754,282.019
aflow:6c26fad1d52c9da4,Tb1Tl1,Cubic,27.57,10.9406,16.5079,45.0017,134.99
aflow:6c2aa8cffae6bd98,Ag2Al2O4,Hexagonal,11.4261,6.06196,49.2211,132.601,426.115
aflow:6c3443ac3ffca280,Ca1F6Sn1,Cubic,19.8649,2.85006,23.1592,60.7537,388.893
aflow:6c37e0e2ec89b24a,Pd1Sn3Sr1,Tetragonal,27.7566,6.58182,13.2006,36.6407,155.003
aflow:6c40cee89570a778,P1Pt1Tb1,Hexagonal,19.1222,11.1439,46.4935,124.541,257.057
aflow:6c48e23da8fea94a,Ga6Mn1Tb2,Cubic,19.3689,7.53693,35.525,90.1962,263.906
aflow:6c673e29967a0a34,Bi1Lu1Ni1,Cubic,21.6201,11.3323,47.4814,119.969,235.989
aflow:6c69c254c7f8cd4b,Mg4O8,Cubic,9.78964,3.18346,84.0178,206.804,783.681
aflow:6c75f60af7364972,H2Y1,Cubic,11.7252,4.29215,56.926,138.941,506.226
aflow:6c79ab532bba1db3,Ag4K4O4,Tetragonal,23.343,3.86428,12.2646,32.1151,233.823
aflow:6c7c16b5350e4608,H2Tb1,Cubic,11.9076,7.48117,54.2753,134.062,374.006
aflow:6c932b2edf8a85f2,Hg1Mn1,Cubic,20.1946,10.5056,18.278,49.8288,154.016
aflow:6c993abbc5535807,Dy1Rh2Si2,Tetragonal,16.2621,8.66885,91.1593,229.764,421.919
aflow:6cacc67ee04755fc,Mn1Rh2Sn1,Cubic,16.0465,9.81637,61.6182,163.137,322.075
aflow:6cbb3552b5a8b20a,N1Ti1,Cubic,10.0198,5.12977,171.186,423.897,851.818
aflow:6cc8759f4910c6f6,Ag4F12K4,Orthorhombic,17.0053,3.98331,14.4963,38.5708,284.906
aflow:6ccde8ea210c811b,Cr2N2Nb2,Tetragonal,11.4272,7.69727,160.163,402.318,664.926
aflow:6cdc02d0ed2423ed,B28Mo12Y4,Orthorhombic,10.1369,6.73707,183.072,442.376,782.912
aflow:6ce11358dab712f0,F3Pd1Rb1,Cubic,17.2293,4.79701,25.9101,67.9769,310.947
aflow:6ce3609360a26f2b,In1Pt2Zr1,Cubic,18.1425,13.6426,21.5414,61.9069,158.966
aflow:6ce493e125bf956a,Dy4Os8,Hexagonal,18.0337,16.6634,49.3436,137.428,218.03
aflow:6cf4c6cbf3b3cc76,Cd6Er2,Orthorhombic,23.3913,8.95338,28.2784,73.1951,197.012
aflow:6d05d48201243e90,Ba1Cd1,Cubic,38.5434,5.37969,13.7644,33.8826,146.86
aflow:6d1ea9c7df1707d2,Cu2In1Sc1,Cubic,16.8434,7.07036,36.824,97.4219,286.956
aflow:6d34e6bcd9f71398,Ba2Bi2O6,Cubic,17.2714,7.58207,55.2983,141.596,337.016
aflow:6d36304b185495c5,Bi4Th2,Tetragonal,33.6254,10.6997,26.9177,71.0338,159.935
aflow:6d4bd5e199f2bded,Ba8Bi6,Cubic,44.038,6.33618,12.0714,31.207,130.061
aflow:6d6f85e8e8701d9c,Ge6Ir7Mn4,Cubic,15.7049,12.4445,76.5119,199.258,329.061
aflow:6d70b2b8b5b2b4e3,Cd1O6Pt3,Orthorhombic,12.1253,10.8692,73.6633,196.254,377.132
aflow:6d7725f5053387e5,In9K1Ni2,Hexagonal,24.5737,6.70028,20.9323,53.9307,207.095
aflow:6d83e0c07333b8c9,Er4Ge4Mg2,Tetragonal,21.8959,7.64453,58.469,139.57,318.119
aflow:6d92dc3bd5d26628,Ga2Mo6,Cubic,15.5845,9.52447,111.204,285.958,447.014
aflow:6dac966aaf0e3e8d,Ca8Pb4,Orthorhombic,33.1393,4.79967,14.9457,37.8393,191.002
aflow:6db975da951495ba,C8Si8,Hexagonal,10.4938,3.17244,188.579,436.672,1111.89
aflow:6dc2e902a1372f65,Cs2I6Te1,Cubic,49.2472,4.3266,4.08731,10.2917,131.075
aflow:6dc340073ec586aa,La1Rh3Si2,Hexagonal,16.7811,8.30866,93.0028,234.924,424.925
aflow:6dc7409a6fa46d16,Cu1Dy2Ge6,Orthorhombic,19.5884,7.76212,55.2965,135.451,317.944
aflow:6dd50e4e9e47060d,Ir4Mn4Si4,Orthorhombic,14.9194,10.2116,71.4828,185.059,370.069
aflow:6de070d552770c06,S1Sc1,Cubic,18.5603,3.4452,47.0155,121.303,453.939
aflow:6df621acdc60187a,Pb3Th1,Cubic,30.8115,11.5014,7.81244,22.4376,87.0308
aflow:6df82f17b4bf75e8,Ni4Sb4Tb2,Tetragonal,19.2862,8.95102,26.6668,73.5573,213.953
aflow:6e058133ffeede72,Zn1Zr2,Tetragonal,20.4407,6.71072,32.146,86.5017,268.06
aflow:6e0cff70171929f0,Er4O14Sn4,Cubic,13.2962,7.76459,88.3115,224.183,468.959
aflow:6e47ec3660d35422,Co4Sb12,Cubic,23.4675,7.5037,56.1951,136.06,310.895
aflow:6e4e032c033dba54,P2Sb2Ti4,Hexagonal,18.893,5.4608,64.2671,161.508,422.043
aflow:6e548620b60419c9,C4V8,Orthorhombic,11.2225,5.61745,115.072,297.084,666.944
aflow:6e6141b0d63a478e,Dy3Pt3Sn3,Hexagonal,21.9931,11.9868,51.1895,132.581,242.005
aflow:6e66044ada4db838,Ag2Si2Yb1,Tetragonal,19.6364,7.52533,36.5036,93.0714,263.91
aflow:6e69637536c49b52,In3Ni2,Hexagonal,17.7242,8.65374,47.9147,123.748,285.842
aflow:6e89055b005fdc62,Al1Cu2Zr1,Cubic,15.2116,6.69424,50.4784,133.777,356.963
aflow:6e9816c989bbfd61,Al3Dy3Ni3,Hexagonal,17.9723,7.64322,34.4264,92.0549,266.997
aflow:6e985aea105c23d0,N4,Cubic,6.86888,3.3861,238.853,555.785,1395.45
aflow:6ea3320001d10d87,Al1Cu2Ti1,Cubic,14.0161,5.98212,53.151,139.684,404.055
aflow:6ea56bf24464b8ba,Cu2Ir4S8,Cubic,17.4625,7.82778,39.6124,105.969,318.929
aflow:6eb53977485a6abf,Al2N2,Hexagonal,10.6219,3.20386,122.203,303.295,898.03
aflow:6ebc0063762139e1,Al1Mn1Rh2,Cubic,14.104,8.46903,84.4098,217.112,421.999
aflow:6ed0a2b15ea01c42,La2Mg4,Cubic,28.3501,3.66109,19.6682,50.057,246.956
aflow:6ed18cf9e58d0bfb,Ba6O18Ti6,Hexagonal,13.8939,5.5749,79.6195,200.054,531.105
aflow:6ed7d44f936c0d3e,Ir2V6,Cubic,13.8807,10.3194,122.542,313.082,466.055
aflow:6ed9361ec8f295c4,As4Cd2,Tetragonal,26.1287,5.5556,18.6175,47.7842,239.072
aflow:6edd786e2273c086,Ge2Mn4O8,Orthorhombic,10.7961,5.41548,68.949,180.837,536.919
aflow:6ef93ac9f46062a8,C1V1,Cubic,9.19967,5.68146,215.561,520.248,941.103
aflow:6f0732afe248a994,Al8Er1Mn4,Tetragonal,14.6134,5.26956,90.1867,220.499,542.034
aflow:6f0897e71576b27e,Au2Hf2,Tetragonal,19.385,16.081,58.1804,153.272,230.991
aflow:6f202b0b1a0d4ca7,In2Pd4Tb4,Tetragonal,22.2239,9.64574,34.1857,90.5886,217.987
aflow:6f2be676cbbdfc77,Bi1Ho1Pd1,Cubic,24.9516,10.6549,36.3466,94.6558,207.048
aflow:6f2fea1877e92f96,Al9Ba1Ni2,Hexagonal,18.0297,3.81866,47.7773,119.355,443.015
aflow:6f3e9a62beed10fe,Hf1Ru1,Cubic,16.9776,13.6715,104.207,266.295,349.029
aflow:6f4b0bfcbf833e6e,Tb1Tl3,Cubic,27.0971,11.8278,13.482,36.8656,118.942
aflow:6f4dc5d5578106a5,Mg1Sr1,Cubic,36.3786,2.55447,13.6727,33.4875,223.123
aflow:6f7b1c9a0527f360,O14Pb4Sb4,Cubic,14.5294,7.99908,100.504,240.461,467.914
aflow:6f836cb71a907683,Al16Ru7Zr6,Cubic,16.1393,5.98352,56.688,150.58,403.995
aflow:6f8934d40bc1c3b7,Ag1La1,Cubic,28.7502,7.12652,11.753,32.525,137.054
aflow:6f8e31f2f3b8f9a6,Hg1La1,Cubic,30.3364,9.29158,16.8484,45.6551,141.008
aflow:6fa2ce4f469ce1e7,B4Tc2,Hexagonal,9.10239,7.32916,245.576,581.418,892.973
aflow:6fac4436ce11af4d,Cr1Si2,Tetragonal,11.9823,4.9967,166.104,384.935,800.812
aflow:6fb02c3d8b03524f,Pt2Tl4,Tetragonal,22.9487,14.5641,16.9604,46.9937,123.963
aflow:6fbab6a05afc14f4,F3Pb1Rb1,Cubic,23.0439,5.03934,15.1974,40.4052,198.051
aflow:6fbcea392322eda3,Al3Sc1,Tetragonal,18.3101,2.85447,59.2489,142.688,549.215
aflow:6fcaff2258ca1a83,Ir4Sr2,Cubic,19.0904,13.6871,57.6968,152.737,251.974
aflow:6fd30ea64b36137a,Be2Hf2,Orthorhombic,15.6212,9.96577,61.9621,158.813,322.971
aflow:6fd3251ef1a25f03,Cd4Ho16Rh4,Cubic,25.7046,9.42136,29.8038,76.9476,202.93
aflow:6ff5ead0224a7725,N2U1,Cubic,12.6041,11.6833,74.674,203.997,360.996
aflow:702250d52cb08f91,Al3Ir3Th3,Hexagonal,21.7675,11.4743,44.0084,118.607,236.009
aflow:702aad1f8e0ef07e,Cr1Dy4Ga12,Cubic,18.6982,8.03886,45.3963,115.505,280.888
aflow:703198c6cbb0a2ac,Au2Cd2,Orthorhombic,19.2711,13.3291,16.7126,46.9247,140.029
aflow:703ee8cc0bc2565f,H2Mg1Ni1,Tetragonal,8.4855,4.15897,49.5772,126.686,549.319
aflow:704ad2430ab50609,As2Cu2K4,Orthorhombic,28.465,3.15984,10.5362,27.3307,212.143
aflow:7060d695d45ef254,C2Re1,Tetragonal,9.32613,12.4768,222.344,551.718,657.111
aflow:7068d67e97f2ca12,P1Zr1,Cubic,18.5878,5.45809,73.9462,187.821,452.929
aflow:70733edbcdfdc0c8,Mn1Te1,Cubic,34.0884,4.44596,11.8874,32.2287,164.942
aflow:709e3b617643552d,Rh8Sn26Sr6,Cubic,25.0807,7.34064,28.3875,74.4436,224.956
aflow:70a570425206a982,Ge2La1Rh2,Tetragonal,18.9572,8.58241,64.3869,163.491,351.912
aflow:70a7a83f10a766bc,O8Zr4,Orthorhombic,10.4651,6.51721,84.4637,224.303,584.018
aflow:70ab19f691bebbb9,Hf10Sn8,Hexagonal,22.2577,11.3334,59.4829,151.048,268.025
aflow:70c59c6a369d05a0,P8Pt4,Cubic,15.767,9.02354,115.315,283.038,461.995
aflow:70cb036266453cff,Be2Ta4,Tetragonal,15.3068,13.4125,123.594,303.836,398.041
aflow:70e694f77ce2bdc1,Co2Ga1Hf1,Cubic,14.9926,10.1369,61.0838,157.134,325.997
aflow:70e9c5ac99a84ddc,Al2O8P2,Hexagonal,17.8813,1.88752,39.4099,106.706,596.873
aflow:7105e05bda001793,Ir5Th1,Hexagonal,17.8528,18.4961,103.159,271.717,296.013
aflow:7131de623c28cebc,I1Tl1,Cubic,38.8855,7.07326,7.15777,18.9041,93.8737
aflow:7146000986be1a20,Er4O14Sn4,Cubic,13.2962,7.76459,88.3115,224.183,468.959
aflow:714ba375a8f73c88,Au4S4Ta20,Cubic,18.2509,14.7364,72.7906,192.824,288.017
aflow:71514f83c2839e8e,Cu8O6,Tetragonal,12.238,5.85747,20.752,58.9033,272.995
aflow:7159081b5031694f,Pt8Zr16,Cubic,20.682,10.1039,25.1671,70.9083,200.968
aflow:71617e3eeffef488,B4Cr1,Orthorhombic,7.48688,4.22454,250.839,574.926,1249.8
aflow:717b4b75479a0cbd,Sb2Sc4,Tetragonal,24.4781,4.78622,39.4605,99.5271,322.008
aflow:717c612f7c2e23cd,Ca3Ge1O1,Cubic,21.2515,3.26348,49.57,115.987,444.061
aflow:71814f8b09acc5f8,Ba1O3Th1,Cubic,21.4807,6.4528,44.5861,116.341,311.004
aflow:71872868da342620,Ga2Th1,Hexagonal,22.94,8.96411,64.829,158.544,303.947
aflow:71942a90fe720e60,Al2Hf2,Orthorhombic,19.0021,8.97779,74.6765,184.929,351.073
aflow:71951baeb9deaf95,Cs1F1,Cubic,28.521,4.42205,9.3085,24.4615,148.871
aflow:71b6f9571776f069,As2Pt2Sr2,Hexagonal,23.94,8.26875,28.2467,75.1923,217.019
aflow:71bbdd01c6a4ee11,Ca2O8Pd6,Cubic,12.4357,7.06505,50.5659,137.03,377.853
aflow:71ce0ce52cc231fa,Cu2Sb2Sr2,Hexagonal,26.5344,5.69308,34.1573,82.6624,266.942
aflow:71d613f278694be9,Na8Si46,Cubic,19.8718,2.28382,44.3806,111.371,523.802
aflow:71e41aa6b163c3a5,K2Nb2Se4,Hexagonal,23.3791,5.1481,38.3824,94.3284,353.059
aflow:71eeeb037dbbc0b5,Al16Pt7Zr6,Cubic,16.3892,8.19165,83.1316,209.427,409.042
aflow:71f18f0157cf2698,Bi4Mg2O12,Tetragonal,13.3137,7.45935,62.7305,160.321,410.832
aflow:71f2b452c887d0bd,Be1Te1,Cubic,19.3281,5.86841,39.3972,98.7519,313.92
aflow:71fcd97e179b123b,La2Rh2,Orthorhombic,24.2785,8.26939,22.6216,62.1587,187.988
aflow:72000fed0b2e8cea,Ce4Ge4Ir4,Orthorhombic,19.5443,11.468,44.6418,120.66,251.945
aflow:7202da0f39316ea3,Ru1Sb1V1,Cubic,18.4532,8.21162,50.0378,135.826,308.972
aflow:72109f7caf81d280,N2W1,Hexagonal,9.81047,11.9535,222.264,549.132,662.033
aflow:722e47ad4e660f42,Al4Cd2O8,Cubic,10.8472,5.03801,68.9282,182.605,547.086
aflow:7239eb435c5ec897,Bi1Ho1,Cubic,31.2973,9.91929,32.0032,80.3145,187.03
aflow:7242d7e82907f273,N3Ta3,Hexagonal,11.9282,13.57,137.229,353.581,466.956
aflow:724aa1fe3ab1efd9,Cr4Hg2S8,Cubic,20.3204,5.05275,30.7175,81.2118,299.076
aflow:725481039c639193,Mo12P4,Tetragonal,14.8758,8.89651,94.1519,250.447,444.063
aflow:72584088873e5179,La1Os4P12,Cubic,15.8721,7.8243,108.606,269.729,482.927
aflow:725f76f255fa9e62,Ge4Ni8,Orthorhombic,11.608,9.05848,47.126,129.456,334.069
aflow:7267394577273dda,Al1Mn1Pd2,Cubic,15.1247,8.08933,33.5524,92.7438,268.896
aflow:726d2384643098a1,Ho1Mg1,Cubic,26.8508,5.85147,19.6042,50.8255,200.003
aflow:72a284b911cfd4a1,Hg2Y1,Hexagonal,24.3828,11.1254,30.226,78.6553,184.923
aflow:72b0cd273918804e,Ba1Li1P1,Hexagonal,25.791,3.76102,24.6089,60.562,279.96
aflow:72ec133961a70c20,Be5Sc1,Hexagonal,10.6176,2.34636,101.866,231.878,935.687
aflow:7310443a9c6c574d,Ru8Zr4,Hexagonal,16.6341,9.76177,44.3353,123.771,280.061
aflow:7313638953a1d04d,Ag4Ca4Sb4,Orthorhombic,25.7037,5.80779,25.9516,65.8522,234.09
aflow:7345272de70ab72a,La2S4,Tetragonal,23.2135,4.84104,37.8348,97.9257,319.971
aflow:734548737c6aa01c,Hg2Rh1,Tetragonal,22.0527,12.6523,39.0685,102.192,204.006
aflow:7360abaaae420e0c,N2Sr2Zn1,Tetragonal,19.1944,4.64798,35.2693,89.9788,349.049
aflow:736d8e730dd9c794,Ge1Se1,Cubic,22.7354,5.53444,44.5387,106.224,322.899
aflow:736f46277e3104de,Fe1Ga12Tb4,Cubic,19.042,7.84012,46.3632,114.559,290.918
aflow:7370a3dca50f8a62,Ge8La4Li4,Orthorhombic,21.8568,5.52757,40.699,98.4778,322.897
aflow:7372464395d0b3c6,Al1Ir1,Cubic,13.426,13.5556,119.654,306.794,408.989
aflow:7374050d72dfb2b0,Cl2F12Pb7,Hexagonal,18.0637,7.65747,15.4356,41.0478,224.974
aflow:737af44395bdd9e5,Ag2In1La1,Cubic,23.8902,8.15775,17.1599,47.1756,161.011
aflow:738a4e18ed718fbb,As2Pd2Sr2,Hexagonal,24.0375,6.19294,26.8249,70.7181,240.098
aflow:738a7b63ffbb9295,Ba2N4Zr2,Tetragonal,18.7243,5.68825,41.7686,110.525,357.061
aflow:7395262207c9617d,As12Rh4,Cubic,19.647,6.92356,71.0397,176.47,382.906
aflow:73972349a52d29b1,As3Ru3Zr3,Hexagonal,16.6225,8.8979,84.1715,219.635,394.924
aflow:73993106a51bb58f,In1Li2Pd1,Cubic,16.291,5.99099,17.6542,48.1718,218.985
aflow:73a41a1f56157930,Au2La2Pb2,Hexagonal,28.1184,10.6904,31.7775,81.2046,186.922
aflow:73ab442bbc850cc0,Al2O4Rb2,Cubic,16.6756,3.596,42.756,111.016,437.139
aflow:73bb14353152382d,In1La1,Cubic,31.1935,6.75334,20.1921,53.385,179.048
aflow:73ee4c8291d3d95b,Ge2Hf2V2,Tetragonal,16.8237,9.93677,82.1518,209.421,368.04
aflow:741ecbaa7dd404e4,Au2Sb2Yb2,Hexagonal,25.6818,10.5987,22.3248,57.1861,183.953
aflow:741f2418db817598,Er4O14Ti4,Cubic,11.957,6.84679,103.383,261.956,560.982
aflow:7421e58db901c7e7,Ir6Mg18,Hexagonal,18.3708,5.9914,34.0557,89.0727,298.959
aflow:742f62c662140f06,Fe1Sb1V1,Cubic,16.2026,7.80731,62.4419,165.205,366.042
aflow:7438c9af5b9868a0,P4W2,Orthorhombic,15.0665,9.03012,132.152,319.869,520.913
aflow:743e0c3c6c036e35,Al4La1,Tetragonal,21.4842,3.81558,25.0327,67.7292,289.981
aflow:7442569c0cfb9df2,Co4Sb12,Cubic,23.4594,7.50629,56.2628,136.326,310.008
aflow:7455802d830b3c77,C1Nb1,Cubic,14.3504,6.07018,76.5578,204.261,481.945
aflow:74656f687dd34dd0,As2Ca4,Tetragonal,27.7261,3.09599,29.8489,70.5688,337.97
aflow:7475b5fade44d506,Ba1Ir2P2,Tetragonal,20.0432,9.672,52.8728,135.001,332.063
aflow:747910ce827bcfa7,Sc10Si6,Hexagonal,20.5196,3.12608,69.4282,164.488,558.184
aflow:747c57c32e156a4e,Ca4Li4N4,Orthorhombic,14.4498,2.33772,40.63,102.141,543.681
aflow:74889fc6c3e0a681,Ni4Pd4Te4,Orthorhombic,16.7889,9.64968,37.9144,102.19,262.916
aflow:74c0b1109069d665,Al2Cd1Te4,Tetragonal,33.5984,4.77832,15.7338,39.2763,227.902
aflow:74c1c2f9814eded1,Mo1P1,Hexagonal,14.7149,7.16094,134.356,333.249,580.037
aflow:74c981a95255f67e,Na2O1,Cubic,14.4134,2.38016,28.7977,71.7796,435.964
aflow:74cc6b30d40d1940,Bi4Li4Sr4,Orthorhombic,29.3446,5.72555,23.0865,55.1016,211.895
aflow:74cfc4a2106e68da,Ge3Pd1Sr1,Tetragonal,21.0779,6.48827,25.0491,67.4007,230.039
aflow:74d88bfab6329811,In1Mn1Ti2,Cubic,16.4849,6.68746,12.6885,36.8317,180.042
aflow:74df3b9b6759a28e,As1Th1,Cubic,28.5685,8.92098,39.1055,103.363,226.997
aflow:750354dbab6bfb90,Ho1Tl3,Cubic,26.8524,12.0284,11.3719,31.673,105.935
aflow:7506d5bf08d23cf9,Fe4Si4Zr4,Orthorhombic,14.9069,6.50366,103.058,255.919,534.005
aflow:751844fa8b8c5354,Ho1In1,Cubic,26.0892,8.90284,21.3591,57.3905,169.033
aflow:752050471ac1e608,O2Zn2,Hexagonal,11.36,5.94779,51.3807,137.065,422.045
aflow:7529d71cc6327c0c,Au8Zn24,Cubic,15.2012,10.7355,28.3323,77.0146,209.89
aflow:752c69d9417b7048,Ni2Sc1Sn1,Cubic,15.6804,7.44008,52.4607,137.753,342.052
aflow:752ea17eddbdd155,B6Co2W6,Orthorhombic,10.4165,14.6414,205.286,512.947,556.084
aflow:753431d8350d414a,Ce2Os4,Cubic,18.5157,15.5606,24.2215,70.0876,158.013
aflow:753543379bcaabe7,Hf3Mo3P3,Hexagonal,15.8666,10.6541,120.067,300.901,439.082
aflow:753b11b0ef719fea,C2Ga2Ti4,Hexagonal,14.2487,5.17284,110.301,262.383,648.12
aflow:756096e33f80cb70,Cd4O14Sb4,Cubic,12.9015,6.79017,82.4811,209.844,489.061
aflow:757432e75fa14b99,As8Pt4,Cubic,18.4068,10.3725,81.858,203.803,346.992
aflow:757fe3d1453d123c,F4S4Y4,Hexagonal,20.1868,3.83776,34.0342,89.8459,361.999
aflow:758a0eb25149c67d,La1Sn3,Cubic,29.0773,7.06673,16.8214,45.566,168.93
aflow:7599b2827de10d20,Au2Rb2Te2,Hexagonal,34.7761,6.5263,14.1677,36.0712,153.878
aflow:75a24ef7ad5fbf92,B2V1,Hexagonal,7.99014,5.02666,230.786,541.964,1081.17
aflow:75a88d5e80c6ee6a,Co4Dy4Sn4,Orthorhombic,22.5736,8.33995,44.6879,111.537,268.037
aflow:75aa448ed1317046,Cd24N16,Cubic,16.5429,7.33245,33.1165,88.6544,278.975
aflow:75b1e638ec9eef1e,Au2Ho1In1,Cubic,20.9608,13.3425,21.2332,59.1394,149.084
aflow:75c784b9418b08b5,Al3Ta1,Tetragonal,16.0904,6.75689,98.1166,235.461,485.052
aflow:75cade801fdcdde7,Br3Cs1Ge1,Cubic,35.1671,4.20442,12.5055,31.7567,169.149
aflow:75dbc289b5be23c0,As2Au2Ba2,Hexagonal,28.1539,8.04533,30.2616,75.7093,206.9
aflow:75e5a9c0265c43da,K3Sb1,Cubic,39.1719,2.53334,5.95383,15.5159,145.957
aflow:760658ac24d836f7,Si2,Tetragonal,15.3245,3.0433,55.9546,143.01,553.95
aflow:7617c14e76934d97,Ca2Ge4,Hexagonal,23.9216,4.28666,33.5223,82.4155,316.014
aflow:76196fa1b70f94cf,Os3Zr1,Cubic,15.8801,17.3012,108.969,285.852,330.032
aflow:7625072d0374ea4b,Mg1Se1,Cubic,20.8242,4.11722,40.3481,99.3861,363.883
aflow:7630dca229b04932,Er4Mg2Se8,Cubic,28.0499,5.70568,20.1031,53.5336,213.962
aflow:765c3aff754dfd99,Hg2Mg1,Tetragonal,22.6152,10.4139,12.574,34.3789,123.156
aflow:767068ac4761423d,Bi8La6Pt6,Cubic,27.0425,11.2857,25.8492,69.7168,169.977
aflow:768d095e2d4a7489,Cd1N1,Cubic,13.4364,7.81161,43.7875,117.247,323.002
aflow:769c8972eac0bcda,B4C4Gd2,Tetragonal,10.6936,6.30118,112.989,277.124,662.087
aflow:769e733eb3a11f23,C1Nb1,Cubic,11.0466,7.88568,31.8632,91.8892,305.966
aflow:76a949f3e4293a2e,N1Rh1,Hexagonal,10.4579,9.28181,48.8979,137.766,351.984
aflow:76baad772c7333df,O4Si2,Cubic,17.294,1.92307,52.7357,141.197,662.904
aflow:76c1fd09b10a57ba,S7Tb5,Monoclinic,23.2915,6.05432,37.7681,97.3597,296.949
aflow:76c226717c333544,La16O24,Cubic,19.1794,5.64167,42.9039,114.042,343.069
aflow:76cc11f36db38ca3,Ag2Dy2Pb2,Hexagonal,25.1697,10.5023,33.5023,85.1527,198.06
aflow:76e523ddd6535395,C2Cs2Pt1,Hexagonal,29.8278,5.39921,15.0041,39.2105,209.966
aflow:76e5c883a33f1ee8,Re8Zr4,Hexagonal,17.7537,14.4545,54.089,151.384,247.971
aflow:76eb3924a0289246,C4Co8Ta16,Cubic,14.2893,14.1719,110.39,286.6,382.017
aflow:76ecd6efc265f854,Ge4Y4Zn4,Hexagonal,20.279,6.19255,55.1056,133.051,357.972
aflow:76fb1c0b95c6b115,Hf4La4O14,Cubic,14.5728,7.73588,89.6564,227.718,465.086
aflow:77177d4fd54105fc,Al3Ni2,Hexagonal,13.6309,4.83205,84.4965,209.31,555.898
aflow:771b1baefcb5f77c,La3Pb3Pd3,Hexagonal,25.6885,9.75019,31.5717,82.6208,199.031
aflow:772273a762f3c201,S12Sr4Zr4,Orthorhombic,24.0186,3.80273,35.892,91.8104,366.107
aflow:7726f25d86a7ac89,Ag1C1,Cubic,12.7838,7.78582,13.0009,37.5862,181.934
aflow:77324d52cb5156a4,Pb2Te6Tl8,Tetragonal,33.5723,8.70203,14.9566,38.0166,135.912
aflow:773f66d722ac2cab,C1W1,Cubic,13.1852,12.3333,38.3378,109.581,250.975
aflow:774a6c367bec1ff8,Rh4Yb2,Cubic,17.8316,11.76,52.5302,137.287,269.952
aflow:7764aa5fe7f3c0b3,Rh3Sn3Tb3,Hexagonal,21.469,9.8106,37.566,100.921,231.028
aflow:77657aa453f1fee1,Ge26Ir8Y6,Cubic,18.329,8.96573,72.0142,175.572,373.05
aflow:776d6021f8ddda0b,Ni1O1,Cubic,9.45303,6.56005,95.0805,244.089,572.08
aflow:777ef5e197aab58b,Si4Zr4,Orthorhombic,17.8159,5.55996,93.4625,229.941,508.991
aflow:7785610f325bc72b,Ba1O3Tb1,Cubic,17.682,6.46587,46.6386,118.619,337.042
aflow:7793437632e37b55,C2Ti4Tl2,Hexagonal,16.0343,8.08248,87.1951,211.231,453.963
aflow:77a7720c79a26934,La3Tl1,Cubic,33.8044,7.62725,10.016,27.6378,116.973
aflow:77aa555431a169d4,S1Sn1,Cubic,25.6155,4.88622,30.9299,77.6618,278.956
aflow:77b982576b705732,Rh4Si6Y6,Orthorhombic,19.1392,6.03841,63.5804,160.175,409.041
aflow:77ba44fb28f61796,Cd1Er1,Cubic,25.5488,9.08854,25.1596,66.2733,184.048
aflow:77c469a3ca02c2ef,Ca4Pt4Sn4,Orthorhombic,23.0982,8.47974,26.342,71.0744,205.974
aflow:78166f26d624f8d3,Ga8N4V12,Cubic,12.2231,6.93541,105.833,268.002,552.123
aflow:7834440c21af8537,Mn1Te1,Cubic,26.2705,5.76904,26.8341,68.6319,236.016
aflow:7834f5c2c1868fe5,Cu2Ho2Si2,Hexagonal,18.3803,7.72624,64.3645,158.319,354.937
aflow:786c95a74595dac5,Al1Bi1,Cubic,33.4634,5.85452,22.6761,56.703,201.104
aflow:7880aa4e689bc362,Er6Ge26Rh8,Cubic,18.135,8.50217,60.5763,153.047,333.092
aflow:788320a4d0c30cc2,Al12Re2,Orthorhombic,16.3876,5.03879,71.1316,176.038,490.915
aflow:7888654fd6dfc214,As4Dy4Ni2,Hexagonal,20.7015,8.55933,50.5918,129.057,290.936
aflow:78a368d0e257c7e1,Ni2Rh4S8,Cubic,16.5148,5.64138,31.6473,86.8586,325.013
aflow:78b1a9fdc93a0855,Dy4Ge4Ni4,Orthorhombic,17.6873,9.19366,56.0975,143.102,312.012
aflow:78c3b920d14fe247,Ru8Si16,Orthorhombic,14.0964,6.17428,108.031,271.092,579.95
aflow:78cfb746fa50374a,Ho2Ni1Sn6,Orthorhombic,24.9881,8.12715,34.4084,87.3818,234.04
aflow:78d60e1882801da8,Nb6Si4,Tetragonal,16.1973,6.86658,121.106,300.413,538.9
aflow:78d63eb4195e54d7,Al3Zr4,Hexagonal,19.8794,5.32001,79.7546,191.847,460.931
aflow:78e9f4fe930fdcfe,N2Nb2,Hexagonal,11.0608,8.02537,152.506,392.895,633.089
aflow:78fd653f68b2e2a8,P4,Cubic,14.5795,3.52777,82.5913,199.581,603.924
aflow:792df473182fc7a2,Cd1S1,Cubic,20.5714,5.83086,34.4232,89.5674,282.884
aflow:7951fba967596055,N4Zn12Zr12,Cubic,16.1064,7.12568,72.444,180.665,430.951
aflow:7956955665cb01a7,As7Mg6Ni16,Cubic,12.9654,7.10735,53.07,140.447,380.804
aflow:7968b7c180e7ac07,Cu2Se1,Cubic,16.3774,6.96403,11.9294,34.1592,163.078
aflow:79878e600f4a2a22,La2P4Rh4,Tetragonal,17.2472,7.83065,69.0793,178.324,385.938
aflow:799112d927e1e790,Co2Ge1Mn1,Cubic,14.1582,7.19524,44.0454,112.134,333.032
aflow:79a3ecfabd3d15de,Hg1Mg1,Cubic,21.3424,8.74897,24.9103,63.4174,196.063
aflow:79b856ddb79574f5,P4Rh4Zr4,Orthorhombic,15.4348,8.07235,102.312,261.819,466.916
aflow:79d0697345062369,Pd4Si6Y6,Orthorhombic,19.7174,5.93493,57.4143,144.624,385.017
aflow:79dafc124c41df13,Au4Bi2Tb10,Tetragonal,27.3718,10.5979,20.7846,56.0335,157.991
aflow:79e662353889e0c2,P4V8,Orthorhombic,13.0068,5.65383,106.629,271.977,596.852
aflow:79e7ba831b71aa30,Sb6Si2Zr10,Hexagonal,21.1687,7.4036,71.3399,177.378,367.984
aflow:79fbdb28bd68ab29,Hf1Pt3,Cubic,16.0495,19.7554,109.748,284.666,303.927
aflow:7a01a306ce3197f7,Mn1Ni6O8,Cubic,9.97685,5.93715,83.9023,214.787,581.087
aflow:7a298eeebc621ac3,Rh4Y2,Cubic,17.751,9.18986,59.4382,157.782,319.993
aflow:7a2ea3479b8f5eae,B1Dy1Rh3,Cubic,14.7346,10.8646,89.8141,230.857,384.897
aflow:7a3214622338eebb,Ga1Li1Mg2,Cubic,18.5562,2.80292,17.2913,45.4437,294.061
aflow:7a37debdfeaa3063,Er4Pd4Sn4,Orthorhombic,22.2211,9.7732,31.4147,84.3024,217.039
aflow:7a534e0fe4e0e735,Tl1Y1,Cubic,27.4422,8.87311,16.3247,44.526,149.018
aflow:7a5d981a5d714afb,Ca1Se1,Cubic,26.5169,3.72725,32.037,78.4154,319.078
aflow:7a667460b497ee3b,Eu2F8Mg2,Orthorhombic,14.3094,4.87891,28.2783,71.8991,379.761
aflow:7a6c97cc86edde16,Dy4Re8,Hexagonal,18.8649,15.6944,39.2614,110.697,198.009
aflow:7a8792dde5fc864d,F4Ni1Rb2,Tetragonal,17.164,4.22389,21.2942,54.3012,311.926
aflow:7a8c8f17fddd7cfe,Ba4Cu8Te8,Orthorhombic,26.4226,6.53117,21.3826,55.9144,195.087
aflow:7a9452c1aff2f407,Al3U1,Cubic,20.4312,6.48115,60.8111,145.281,359.07
aflow:7a951b3e8c6356a2,Ba3Co3O6,Hexagonal,17.5939,5.38592,30.8224,82.0333,309.033
aflow:7aabc97b552dd006,P7Pd9Zr5,Orthorhombic,15.8108,8.15457,53.525,143.736,345.022
aflow:7ad05c2450ba8e4c,Ba1O3Zr1,Cubic,15.4278,5.95313,91.0252,226.503,508.052
aflow:7ad24d44b882c39c,As8Zr12,Orthorhombic,20.3989,6.89492,61.961,159.818,360.025
aflow:7ae7db90452e0c5c,Al4Er2,Cubic,19.9274,6.1448,60.605,146.063,374.087
aflow:7ae8cfbe27c1265d,Al8Mg4,Tetragonal,18.3894,2.35584,19.0372,51.4567,350.734
aflow:7af8feba002db5ca,P4Ti4,Hexagonal,16.1741,4.04884,82.8246,206.574,577.946
aflow:7afddb2aa4981506,F3K1V1,Cubic,15.0336,3.24817,32.8301,84.5369,405.911
aflow:7b007857c8fe8f4e,Ho1Ni2Si2,Tetragonal,14.6963,7.64902,69.8762,179.507,403.887
aflow:7b02e89d65364cad,Er2Si2,Orthorhombic,21.0015,7.72276,67.5037,163.672,347.993
aflow:7b1d6693ba7e7cf3,Nb4Pt4Si4,Orthorhombic,15.3817,11.3743,80.5312,215.203,351.946
aflow:7b20c46abac80387,Ba1Ce1O3,Cubic,18.285,5.91108,54.4672,141.169,377.009
aflow:7b2394cca289b7b1,Ba1,Cubic,63.9243,3.56738,3.85914,10.0364,83.9735
aflow:7b2d94bf10189f78,Hf1Pd5,Orthorhombic,15.7095,12.5168,62.3641,165.881,295.021
aflow:7b42268ff036e915,Hf4O4S4,Cubic,15.4515,8.11561,58.5289,154.004,385.996
aflow:7b533fd83fed4188,Rh1V1,Tetragonal,14.3502,8.90123,81.3444,209.208,401.078
aflow:7b7316ff4eca8bb5,Mg2S8Sc4,Cubic,22.3945,2.56829,26.0887,69.5447,383.089
aflow:7b77b7a0d8f7bf63,Er1H1,Cubic,14.3873,9.7105,39.1808,98.9789,266.938
aflow:7b7c072ca150e580,Ni2Sn1Yb1,Cubic,17.1262,9.91673,26.5979,73.1097,199.052
aflow:7b7f919191e3fb3c,B4N4,Orthorhombic,7.59373,2.71337,154.781,383.453,1301.84
aflow:7b84ba6979e466a2,Ag2Dy1,Tetragonal,21.6825,9.65565,24.3425,65.3426,181.101
aflow:7b87669d29858aed,Al1B1Be1,Cubic,10.1856,2.54345,133.614,304.506,1044.13
aflow:7b8afec23626bd8d,Ce2Ni12P7,Hexagonal,12.3781,7.67431,72.9591,192.722,432.849
aflow:7b8e0c206da5c1bf,Cu1Mg1Sn1,Cubic,20.5315,5.56817,22.1137,59.3088,232.841
aflow:7bb657b1b7262948,Dy6Ge26Rh8,Cubic,18.2216,8.39671,64.1561,160.652,343.007
aflow:7bb8028e0df8e0b2,La2Si4,Tetragonal,22.0695,4.8926,29.2571,77.7569,288.887
aflow:7bc5a36f2aa2f03e,Ge3Hf3Mn3,Hexagonal,17.6219,9.6122,72.247,178.383,339.966
aflow:7be5615d2447110a,C1Rh1,Cubic,12.0371,7.92646,62.4881,171.745,406.914
aflow:7bed936e9d5a44ca,Ni1Sn1Ti1,Cubic,18.0324,6.91507,60.9389,158.777,348.968
aflow:7bf8a216c0842d11,Ir3N3,Cubic,11.3439,15.094,49.0512,139.536,268.953
aflow:7bf8d2188c54ebb5,Cd6P4,Cubic,24.2637,5.46372,22.3718,59.0871,224.006
aflow:7c15d020cb54055d,In1Sb1,Cubic,36.1322,5.43606,20.1472,51.3911,187.066
aflow:7c1e09b806c06601,Hf12P8,Orthorhombic,18.0561,10.9883,80.6215,206.454,337.054
aflow:7c265c89978ac302,As8Zn8,Orthorhombic,19.6697,5.92221,37.3445,93.4966,308.09
aflow:7c26d3a6de5ba051,C2Er1,Tetragonal,13.4316,7.88269,41.5483,112.033,358.088
aflow:7c2eaa87a55401e3,La1Pd3,Cubic,19.1118,9.95072,46.8125,123.274,255.089
aflow:7c32054648681509,P12Ru4Tb1,Cubic,15.4936,5.89399,93.811,235.612,519.086
aflow:7c4174dc415a9666,Pt2Sn2,Hexagonal,21.024,12.3916,37.6734,102.521,207.981
aflow:7c4a6c85677fb393,Br1Cu1,Cubic,23.5361,5.0604,11.9439,32.6977,170.012
aflow:7c4bee4c78917633,Pt2Sc2Zn2,Orthorhombic,17.5735,9.62003,45.5517,121.375,271.951
aflow:7c668fcf8bcbdd86,Dy12Os4,Orthorhombic,26.4737,10.627,30.6287,80.2682,195.962
aflow:7c69780c2804384a,Ba1Nb1O3,Cubic,14.1937,6.51022,86.1442,220.521,487.92
aflow:7c698c20b0a31e85,Cu4In1Yb1,Cubic,15.9883,9.38275,40.2327,103.797,257.093
aflow:7c7a74f7f65677fc,As12Co4,Cubic,17.5448,6.71269,81.6127,195.599,428.012
aflow:7c81e8cd1c35200f,Sn2Zr6,Cubic,22.702,7.17463,33.3977,90.3135,250.99
aflow:7c85a4cf96c49ebd,Al4Ho2,Cubic,20.1132,6.02394,59.3047,142.826,375.055
aflow:7c8e5aa985c32506,Be8Re4,Hexagonal,9.9393,11.3731,173.891,420.056,587.124
aflow:7ca6e19f28095b86,B2Y1,Hexagonal,12.1441,5.03763,151.223,347.016,760.997
aflow:7cb2da520d52b1f7,In1N1Tb3,Cubic,22.8138,8.81594,62.8922,151.902,305.02
aflow:7cb8e9e9facd592b,Dy2Ir4,Cubic,17.718,17.0865,88.4868,231.438,287.03
aflow:7cc295431307cc9d,Er2H4,Hexagonal,11.3045,8.28838,48.1394,120.808,341.881
aflow:7cc393c23fff5302,C1Ru1,Hexagonal,9.92423,9.46046,97.0561,265.435,491.103
aflow:7cdc75f8f4c36d90,Al2Ge2Sc2,Orthorhombic,18.6305,4.29391,50.8302,127.309,419.866
aflow:7ce0e5822aca62b4,La6Te8,Cubic,32.9849,6.66761,22.1022,58.0254,190.072
aflow:7ce7192fd654501b,Ag1Ga1,Cubic,18.4154,8.00744,14.2609,39.3957,161.811
aflow:7cf35db96252cc72,Co2Zr4,Tetragonal,18.4358,7.24695,36.6271,99.8677,282.935
aflow:7d005b9eff4dc67b,Cu2Hf8P2,Tetragonal,18.3166,12.2158,41.2019,111.894,234
aflow:7d01de55b4372b7a,In1Zr3,Cubic,22.3296,7.22232,53.5374,135.938,315.068
aflow:7d03655e83d22314,C1Lu3Sn1,Cubic,21.385,10.1814,71.7827,171.449,301.987
aflow:7d0d74c7b1eea04b,Bi8Ce6Pt6,Cubic,25.0047,12.2296,42.0696,109.561,212.029
aflow:7d26d42797bab026,Ge3Mn3Rh3,Hexagonal,15.5525,8.20113,52.8577,139.709,331.864
aflow:7d317ef38e0f8728,La1N1,Cubic,19.1433,6.632,76.0091,188.987,409.939
aflow:7d453d7105c31a90,Dy1Ir2Si2,Tetragonal,16.3498,12.2508,108.023,270.01,394.08
aflow:7d6a2e6c742211e5,Se6,Cubic,63.0381,2.07995,1.65057,4.81247,75.0033
aflow:7d6ddbdd4991e743,Ga2Se4Tl2,Tetragonal,27.3817,6.54998,13.7304,35.0577,202.935
aflow:7d74748bc369b1ea,Au1Bi1Li2,Cubic,19.7396,8.82922,10.4285,29.1279,130.973
aflow:7d7ed697ff51323e,N1Sc1,Cubic,12.0558,4.0607,149.42,354.894,842.926
aflow:7d7fbf11b3f748c5,In3Pr1,Cubic,25.3035,7.96304,38.9309,95.4157,244.054
aflow:7d8ac3da164390dd,C4Nb16Zn8,Cubic,15.2128,8.02122,86.1291,223.32,436.047
aflow:7d8d4f049a78fac6,Ni2Sb4,Orthorhombic,21.4224,7.80799,39.3965,102.647,262.075
aflow:7d8dbf2f1fbde0c0,Mo2N2,Hexagonal,10.304,8.85922,201.039,503.734,711.082
aflow:7d9b3b964beb3853,Ba3I6,Hexagonal,43.5322,4.97334,7.56986,20.4375,112.921
aflow:7db41ab7fd14ab52,Pd2Se4Tl4,Orthorhombic,26.7436,8.3582,8.02879,22.3216,128.082
aflow:7dc34f909dee2c1f,Hf2Pd1,Tetragonal,19.4499,13.1871,53.6409,142.12,247.997
aflow:7dcd5c1f1a8467d2,Hg1Pt3,Cubic,16.5432,19.7204,11.7785,34.6102,99.9934
aflow:7ded5e058eb3826f,Os4Se8,Cubic,18.1823,10.5976,105.049,256.624,384.886
aflow:7e0ae379f8a41484,Ca2Ir2Sn4,Orthorhombic,23.1176,8.43428,35.0279,90.8404,251.939
aflow:7e1e4fa3243f1866,As4Zr4,Hexagonal,20.6939,6.66585,64.9747,164.792,372.976
aflow:7e4e5d0b03591281,P1Pt1Y1,Hexagonal,19.055,9.14932,49.0643,130.487,291.993
aflow:7e56fa2f01d2b801,Cs1F3Mg1,Cubic,15.4119,4.61587,35.8365,90.1209,355.157
aflow:7e8ebae65b7d0209,Ge2Os2Th1,Tetragonal,19.0796,13.1874,85.6128,218.908,329.004
aflow:7e9e20be4dc29b40,Bi2Ca4,Tetragonal,34.7235,4.60908,22.0317,52.2289,231.895
aflow:7eadae8f8d271aab,Rh2Si2Y1,Tetragonal,16.3192,7.14084,90.0265,226.833,461.94
aflow:7eb87612e209a5fe,Cs2Gd2S4,Hexagonal,30.2116,4.86807,23.8103,59.4216,253.035
aflow:7ece1c4dfac27756,Er4Ir4Si4,Orthorhombic,17.5672,12.2115,75.5633,193.77,326.007
aflow:7ece97dcf9de64a3,Co2S6Ta9,Hexagonal,18.1933,10.4091,50.3488,133.346,321.026
aflow:7ed1a29173747f10,Be8Fe4,Hexagonal,9.25634,4.41738,122.369,277.002,782.088
aflow:7ed8005c5c451034,As1In1,Cubic,29.2851,5.37942,25.7349,65.9137,228.945
aflow:7ee1e465210e710b,Ag2Dy2Se4,Tetragonal,25.2126,7.05193,20.1899,53.4422,208.959
aflow:7eebeef8950d49d3,Ba2Pt4,Cubic,21.5157,13.5707,36.224,97.3868,191.009
aflow:7ef14569b5fa6766,Sn4Y2,Orthorhombic,27.2078,6.63795,34.8271,87.0519,250.926
aflow:7efb97b5a5bd97b9,In4Rh2Yb2,Orthorhombic,22.4756,9.33842,26.423,69.4531,210.109
aflow:7f08b280bb028857,Bi16O24,Cubic,17.6938,8.74592,25.6124,71.3021,223.069
aflow:7f1780b1dbf49454,Al1Fe2V1,Cubic,11.6175,6.77567,158.231,379.755,674.994
aflow:7f54980b082ef490,Ru4Si4,Cubic,13.1511,8.15398,111.185,284.187,542.982
aflow:7f5f2aeb8ddd6aa8,Cu5Nd1,Hexagonal,15.5688,8.21214,29.7935,81.4094,235.015
aflow:7f649e15d950ff64,Bi4Ir4Se4,Cubic,21.523,12.3485,66.5469,167.707,273.06
aflow:7f696d42775595c1,B8Os6Sc2,Orthorhombic,10.8626,12.5886,175.127,437.151,555.987
aflow:7f789acb2835c95f,Ag3Er3Ge3,Hexagonal,20.67,9.31141,51.3682,127.566,275.093
aflow:7f89de06268eaf14,Rh1Yb1,Cubic,19.6278,11.6727,30.1592,78.4231,210.019
aflow:7f97787e67d5dd51,Co1Ti1,Cubic,14.9274,5.94211,86.4867,208.214,497.146
aflow:7fa8f1fdf2e955c3,Ge4Pt4Zr4,Orthorhombic,17.318,11.4711,81.6386,211.114,336.99
aflow:7fb90aa310692ace,B2Ta4,Tetragonal,14.0806,14.6512,175.675,424.328,467.019
aflow:7fbde1ff181ec772,Cd1Cs1F3,Cubic,18.8332,5.331,24.7205,64.3193,258.108
aflow:7fc090bb2747841c,Ag2Ti2,Tetragonal,18.1343,7.13176,44.4517,115.25,311.061
aflow:7fcb937706d474f8,Cu1Mg1Sn1,Cubic,22.6742,5.04199,5.73671,16.556,125.047
aflow:7ff98abe794affdd,Dy6Ge8,Orthorhombic,22.1327,8.33715,50.5958,125.215,283.987
aflow:800a343021454e90,Al1C1Gd3,Cubic,24.5191,6.91793,51.6828,127.758,287.977
aflow:800cf8b0a824bac5,Al6C6Gd2,Hexagonal,12.8403,5.06624,131.511,307.458,694.148
aflow:80202f2921a9ce3f,Al3Pr1,Cubic,19.7765,4.65696,61.9775,149.561,409.983
aflow:8021df4b197cfd05,Ho4In2,Hexagonal,27.8245,8.84603,26.1111,67.7496,185.949
aflow:8023faf5b757d0b6,Al1Si1Sr1,Hexagonal,25.0048,3.15856,39.1042,93.8201,399.032
aflow:802b112400c66e2b,Cu2O3Sr1,Orthorhombic,13.599,5.3465,45.8129,118.656,424.165
aflow:802bab9e47f9d35d,Ca3Cd3Pb3,Hexagonal,28.5571,6.97175,20.5949,52.3618,179.031
aflow:802ca601e72e8942,Er2Mg1,Tetragonal,27.8703,7.12637,20.7923,53.6773,183.992
aflow:804575b5d4e51d0a,Ge6Ir7Y4,Cubic,17.3375,12.0381,95.9771,239.423,366.992
aflow:8059c15ef297632f,Ba3O1Pb1,Cubic,34.2887,6.15221,24.4138,59.237,198.96
aflow:80a63a9a1c28fc32,Al10C6N2,Hexagonal,11.2884,3.0229,113.149,276.979,871.043
aflow:80b6c3e0c7ea7561,Pd2Ti1,Orthorhombic,15.7052,9.18811,39.2704,110.121,251.981
aflow:80bdff16c1d51efd,As6V10,Tetragonal,14.1179,7.04943,80.6824,209.167,458.125
aflow:80c10bcea48c9956,Al1F6K3,Cubic,16.469,2.60406,13.1563,35.5227,335.173
aflow:80c1a8ca08951698,Ga10Pd2,Tetragonal,17.6762,7.12526,31.304,81.4517,266.971
aflow:80c1aa22035c5210,Hg1Pd1,Tetragonal,18.0357,14.1322,30.8463,84.6887,183.075
aflow:80cba77e1024009d,Ru1Ti1,Cubic,15.0901,8.19643,118.512,299.433,498.95
aflow:80dcd3cbbe104fff,As1Mn1Pd2,Cubic,15.8424,8.97908,22.3304,63.1301,205.024
aflow:80f57ee927a98907,N1Pd1,Cubic,10.8645,9.2015,54.6675,150.775,361.914
aflow:80f6612d53e19133,Dy2Te4,Tetragonal,29.2654,7.9002,21.8865,58.3847,179.952
aflow:80fb0ea681e0c544,Sn2V6,Cubic,15.8695,7.10262,36.2693,101.006,297.026
aflow:8100867c6cb795a4,Cd3Dy3Ga3,Hexagonal,22.398,8.51714,48.8242,118.254,271.915
aflow:810fafde07d827ec,Au2Sc1,Tetragonal,18.9035,12.8511,44.4166,117.76,224.952
aflow:811264f479bddf2e,Au1Mn1Sn1,Cubic,22.9796,8.92658,18.1898,50.1073,163.096
aflow:811370539a576f03,B4Co4Re4,Orthorhombic,10.5945,13.3718,115.718,300.988,448.116
aflow:811b598ae5377b7b,Au6Ho6Sb8,Cubic,24.2025,10.7903,39.0918,100.94,217.971
aflow:81256234a62bbd63,C12Ce8,Cubic,14.7283,7.13164,84.9626,211.644,493.09
aflow:812876728172215e,B4Ta6,Tetragonal,13.021,14.3969,179.397,434.814,490.059
aflow:813e1fefeed622b3,Yb1Zn1,Cubic,24.9287,7.94078,24.8017,60.3417,180.1
aflow:8143a9127ec0fc8f,Ca2Zn2,Orthorhombic,26.7685,3.27102,11.4207,30.4088,210.068
aflow:814c94a11ccd5a2a,In2Li1Rh1,Cubic,17.0522,8.2648,35.1491,93.6623,259.874
aflow:814ca132a7938e3d,Ag1Yb1,Cubic,27.0346,8.62709,8.55208,23.286,112.038
aflow:816b586b7b4c0b59,Hf3,Hexagonal,22.2116,13.3439,62.1732,156.774,251.992
aflow:8176283e2aca06c8,Ge26Rh8Tb6,Cubic,18.3116,8.30681,64.6003,161.765,343.029
aflow:8186373f8695c82f,Ge4Ru4Tb4,Orthorhombic,18.9052,9.73753,37.3594,100.877,258.039
aflow:81a04dd7f3a249c4,Dy4Pd4Sn4,Orthorhombic,22.5008,9.5346,33.9411,90.868,219.075
aflow:81af2a8653989a81,Mn6Sn6Zr1,Hexagonal,21.93,6.59923,29.6144,75.1954,249.003
aflow:81af8c617774153e,Br1Na1,Cubic,27.1348,3.14835,10.4276,26.7539,188.242
aflow:81b1ef3fc2ca4c55,B2Ru3Tb1,Hexagonal,13.2751,10.0852,83.4031,221.644,398.028
aflow:81be40c35b3be745,I1K3O1,Cubic,30.957,2.79143,12.9802,31.7842,214.127
aflow:81c58f5faba12e54,O14Sn4Y4,Cubic,13.5537,5.87171,85.4055,217.327,523.879
aflow:81ee2ef7b606c650,Cl8Mg2Na4,Orthorhombic,22.9183,2.19535,12.5528,32.4431,299.726
aflow:81fd9bfaa37455a4,B4Mn1,Orthorhombic,7.39703,4.40795,235.502,544.453,1194.3
aflow:82044007140e5379,Ge4Sc2,Orthorhombic,19.2186,5.47608,50.9662,125.394,372.946
aflow:82055297db35879d,Cr4O8,Cubic,9.38466,4.95407,111.369,282.012,710.98
aflow:821011ffeb0a548e,Si8Sr4,Cubic,23.5573,3.37858,30.392,77.6329,341.042
aflow:822ff35409e2f917,Au2Ba1,Hexagonal,28.8086,10.2074,17.8049,47.1208,142.004
aflow:82325e6edb90ef2a,Ca2Ga4P4,Hexagonal,21.3452,3.7575,48.5333,116.485,412.07
aflow:8234385853f441d2,Rh6Sn6Zr6,Hexagonal,19.4068,8.92203,58.7835,155.132,315.018
aflow:82346e4b792b816d,As1Pt5Tl1,Tetragonal,16.8317,17.6839,50.7645,137.979,229.036
aflow:824aff94b1e142a0,Cd2Ge4Tb4,Tetragonal,22.7001,8.41885,48.3253,119.587,271.953
aflow:8268ae0f98d5ef91,B1In1La3,Cubic,31.0204,5.80643,25.9459,64.6361,229.037
aflow:8268c40e2a307c24,Au1Si1Th1,Hexagonal,23.1193,10.9435,61.3441,156.887,271.997
aflow:829aca069b80de01,Ca4O8Pb2,Orthorhombic,14.2929,5.83151,51.993,133.881,413.107
aflow:82c3a184dc022f11,Ge2Mo6,Cubic,15.5412,9.62723,112.253,289.895,447.937
aflow:82c43d1cb161b247,Pt4S4Sb4,Cubic,20.5217,9.41057,34.3217,92.2745,243.996
aflow:82c8ded576d052a4,Au4Dy8,Orthorhombic,26.2777,10.9947,19.5814,53.013,157.001
aflow:82e85d467374c899,H3Li1Sr1,Cubic,19.8115,1.63585,9.99763,26.0211,287.014
aflow:82ec400bb107b013,Co2P2Ta8,Tetragonal,15.9318,14.135,110.547,283.249,369.035
aflow:8307850e0de7d0f4,Ge4Ho4Ru4,Orthorhombic,18.6481,10.0501,45.8885,122.562,276.052
aflow:83094e46f95bfef4,Ag2O4Y2,Hexagonal,17.1611,5.53412,28.4199,77.7582,295.938
aflow:830e57ede7cbe5c6,Pb2V6,Cubic,16.219,9.21505,32.7561,91.5993,246.005
aflow:831e2c6358e75543,Ge4Ir4La2,Tetragonal,18.8932,11.7514,52.1613,140.291,263.039
aflow:83250739661cf4ba,Ag2In1Mg1,Cubic,19.3695,7.60552,21.7626,58.6775,193.957
aflow:8327a8c545989eb1,Hg6Yb2,Hexagonal,25.9265,12.4063,11.1421,30.1056,104.902
aflow:832b45d8bb9f73b6,H24U8,Cubic,9.52275,10.5085,68.3144,167.942,374.98
aflow:832c3433519dc103,Si2Ta4,Tetragonal,16.5554,13.0387,103.417,266.713,364.04
aflow:8331b706d9bcf04b,Cr2K2O4,Hexagonal,12.6447,4.04124,69.2063,171.513,602.152
aflow:8360370e565093d1,Al2Pt1,Cubic,17.2333,7.99928,31.4481,87.3516,255.001
aflow:83657014c2409217,F3K1Pd1,Cubic,16.8139,3.99965,23.9351,63.5347,322.293
aflow:83814fcd507e2334,Ga9Ho3Ru3,Cubic,17.447,9.04575,60.0786,153.258,321.942
aflow:8382d039c1b6d87e,F2Gd2S2,Tetragonal,17.1031,6.74155,52.4819,134.605,350.882
aflow:8383aa70ee692642,Ho1Pd2Sn1,Cubic,19.5044,10.5659,28.0839,77.442,201.022
aflow:838c5e20419e0c53,Rh8Si10,Monoclinic,14.2397,7.15295,91.658,235.643,491.867
aflow:8396443cd021e28d,Ba1Pt1Si3,Tetragonal,19.8955,6.95541,53.5623,133.587,342.973
aflow:8396cacfcd096cb9,P2V2,Hexagonal,15.2615,4.45643,59.9642,147.853,485.957
aflow:83985c90c0dbe41a,Cd1F3K1,Cubic,17.6917,3.91402,22.0152,58.3639,292.249
aflow:83aa07c657b31075,Ge2Rh2Sr1,Tetragonal,19.2732,7.55796,56.3201,139.035,371.883
aflow:83b5c0b4f2d8c0f3,Ga1N1,Cubic,11.5997,5.99411,104.088,261.437,584.202
aflow:83b9aa4795f2c106,Na2O8Pd6,Cubic,11.89,7.09096,50.297,136.202,378.882
aflow:83bc87c68f2b0978,Os2Si2Tb1,Tetragonal,16.8891,11.7099,87.3053,222.958,372.954
aflow:83be7a895478ae2b,Ga4Ta6,Tetragonal,17.0383,13.2996,107.146,268.598,360.007
aflow:83c1aa3f053e67f6,In1Te1,Cubic,28.7134,7.00976,8.36365,23.5182,112.954
aflow:83c2263d4f6af40b,In3Sc1,Cubic,23.4733,6.88699,19.8065,53.7782,182.012
aflow:83dd2f297f8f1917,N2Re1,Hexagonal,9.73249,12.1829,97.5428,264.824,462.975
aflow:83e90de1a2af0519,Cd1O1,Cubic,13.5277,7.88122,46.8556,125.141,334.049
aflow:83ea8af9adb8c724,B24Os4Y8,Orthorhombic,10.7784,7.4099,189.459,436.143,742.062
aflow:8400a768e7283e62,Ho4Mg8,Hexagonal,25.6537,4.60743,16.3605,43.5182,211.934
aflow:8401b5be62cc6b7c,As2Cr2,Hexagonal,17.9905,5.8573,44.7282,114.253,338.825
aflow:841a3c0675f964f2,Bi2Cu2Sr2,Hexagonal,28.2049,7.06778,28.2282,68.9732,214.013
aflow:84256361623eddf3,B8Ru4Y4,Orthorhombic,12.5925,6.97564,106.284,262.862,570.963
aflow:843370192faefdc4,Al3Pt3Th3,Hexagonal,22.5063,11.1682,38.7143,104.751,222.012
aflow:84351a3c976236a8,Ba4Ca4Pb4,Orthorhombic,39.8432,5.34311,16.236,40.024,167.961
aflow:8437382e018f3a1f,Ba2Sn2,Orthorhombic,40.812,5.20841,16.1083,40.4481,171.026
aflow:844b105937307111,N1Nb1,Hexagonal,11.0815,8.01036,211.985,518.451,744.998
aflow:8451928b649b9e7f,Se1Sr1,Cubic,31.3417,4.41285,26.8958,66.213,254.1
aflow:846fd722f92af401,Mg8Tb4,Hexagonal,25.9998,4.41825,17.8344,46.9346,222.055
aflow:849eddc35ec26fcf,Cd1Ho1Ni4,Cubic,14.2768,9.92713,49.6131,130.392,298.162
aflow:84a4a6e7f9aa9ba0,Cr2F6K2,Tetragonal,15.5538,3.16203,23.3615,60.8495,380.872
aflow:84c6b834bbe39799,Be1Ti1,Cubic,13.1825,3.58449,68.813,173.733,598.926
aflow:84d35631f8d1eb3c,Ge4Ir4Tb4,Orthorhombic,18.9225,12.395,58.5058,152.992,278.022
aflow:84d417c7b9f487f9,Be26U2,Cubic,9.35736,4.50222,138.3,302.16,820.073
aflow:84d743b78ac98ce6,Cl4Pd1Tl2,Tetragonal,32.1115,4.85316,6.90377,17.8345,167.939
aflow:84f1786fb6e41773,Ni4Sc1Sn1,Cubic,14.0103,7.87004,31.9655,88.4618,262.928
aflow:84f5075114ddd9db,Pd4Th4,Orthorhombic,25.9388,10.833,22.371,62.7727,157.007
aflow:84fdd767bcf67c20,In3Rh3Y3,Hexagonal,21.2534,7.98575,30.2278,82.2842,231.976
aflow:851162a17c9ca0c9,C4Zn12Zr12,Cubic,16.4705,6.93938,65.3327,164.646,412.893
aflow:8546c11dea2f0f85,B4Ni12,Orthorhombic,9.19312,8.43896,75.2808,203.948,459.871
aflow:855159934dbf83fa,Dy1In3,Cubic,24.6973,8.52147,28.4422,74.151,192.937
aflow:855438e43a9a0d2e,Gd1S1,Cubic,21.8951,7.1787,46.2202,119.242,290.057
aflow:85667eac3cb94c67,Ca1Pd5,Hexagonal,18.3528,8.62687,45.9569,121.193,278.141
aflow:857911a2cae9158b,Rh4Sr2,Cubic,19.3795,8.3809,35.1874,93.003,250.808
aflow:85891227116e3254,Au1Be5,Cubic,9.53047,7.02827,117.844,273.526,610.79
aflow:859d0f1b6c94e526,Be1Pd2,Tetragonal,12.6095,9.73675,56.7871,152.182,342.117
aflow:85ab321b981405ea,Cu2Ga2Zr2,Hexagonal,16.8254,7.38558,59.8527,153.622,359.94
aflow:85ac27d9965b5f0b,B1Sc3Sn1,Cubic,21.2708,4.12766,66.8349,156.293,470.144
aflow:85aedc4a778b7e60,Al1N1,Cubic,10.6522,3.19475,118.837,295.648,890.175
aflow:85b25c37c589e452,Cu3N1,Cubic,13.9693,6.08158,37.4313,101.253,326.896
aflow:85bb846caa383021,Be44W2,Cubic,8.43516,3.27059,151.928,330.151,1038.29
aflow:85c2090d2826f35e,F2Hg2,Tetragonal,20.2957,8.98308,12.4809,32.8806,191.885
aflow:85cb80ae7902825c,H6Pd2Ti4,Tetragonal,9.48479,5.98822,49.5977,132.618,446.796
aflow:85ce03f90f0770f0,Ba2Cu4Sb4,Tetragonal,24.2293,6.96203,30.2956,76.9903,234.003
aflow:85cee5ad56433c98,Pd4Sb4Se4,Cubic,21.9682,7.73797,28.5544,76.7144,234.972
aflow:85cffccc63c7ef50,Al2Cu4Re4,Tetragonal,13.6871,12.7745,85.3648,223.969,368.015
aflow:85d0b50d191cbaaf,Ba4S12Zr4,Orthorhombic,25.5399,4.22263,33.6958,87.1154,319.975
aflow:85d72ed4c9161705,Pd4Sb4Zr4,Orthorhombic,19.9105,8.87851,35.7692,97.9021,249.044
aflow:85df97487acd1f14,Co2O2,Hexagonal,12.4541,4.9955,35.1621,96.5643,377.864
aflow:85e6df4349e5ca95,Se1Yb1,Cubic,26.643,7.85303,33.7127,82.8161,216.007
aflow:860579e291108fea,In4Rh4Tb16,Cubic,26.7188,8.8399,31.6391,81.3434,209.004
aflow:860ee2916fe45bd4,Gd1Hg1,Cubic,27.1205,10.955,22.2436,59.0537,160.952
aflow:8617790fee022ad1,As2Ti6,Cubic,17.3944,5.21763,49.0941,127.801,382.104
aflow:863885947f98efdd,W4Zr2,Cubic,18.979,13.3842,86.5601,228.599,313.992
aflow:863b0fb7f9eb8f5d,Dy1Pt3,Cubic,17.1457,18.1051,64.7403,172.746,239.014
aflow:863bca36577b9d84,In3Pd3Y3,Hexagonal,22.0509,7.78466,26.7248,72.7949,215.932
aflow:863dc62f92621e76,Ba2,Hexagonal,63.3043,3.60231,4.63406,11.7477,92.0006
aflow:86436762f915509d,Cd6Sc2,Hexagonal,21.9742,7.22024,20.9904,56.5364,194.006
aflow:864ca8b8ea21ca5d,Co1Ta1,Cubic,15.229,13.0781,97.7341,248.656,357.974
aflow:8658c446cd864e8b,As2Sb6Zr10,Hexagonal,21.5191,7.68461,56.5355,145.301,321.961
aflow:866186c508a57c65,Co1Sb1Ti1,Cubic,16.9877,7.44798,75.949,193.624,400.074
aflow:86678e9b842527f4,C2Ge6Mo10,Hexagonal,14.4287,9.07233,92.3753,241.452,447.978
aflow:866a544848305c9a,Sr1Te1,Cubic,34.0721,5.24448,13.1179,35.0932,160.015
aflow:866dd9c3fc86fb8b,Na1O3Ta1,Cubic,12.7584,6.55803,110.592,278.049,569.057
aflow:8673f401144ed031,O14Ti4Y4,Cubic,12.2067,4.76875,100.536,254.807,657.042
aflow:867e6f10a28bcc96,Al8Hf12,Tetragonal,19.8012,9.88605,61.8446,157.536,303.955
aflow:86814736b89de97a,F3K1Mn1,Cubic,15.5308,3.22963,28.8364,74.7673,379.847
aflow:868b8b96c147ab2b,Au4Ca2,Orthorhombic,23.0093,10.4406,14.2243,39.6604,139.012
aflow:868f500a39cc59bb,Hf4O14Y4,Cubic,13.2511,7.36826,95.3711,240.833,521.062
aflow:8695dbc1dce08b16,Ag1Zn1,Cubic,15.8696,9.06404,18.4212,51.3188,179.097
aflow:869d064477a9d8a9,N8Re4,Cubic,10.4519,11.3444,95.4035,255.778,445.98
aflow:869f71db2aa88a0b,La10Si6,Tetragonal,28.6352,5.64515,26.9489,69.1692,246
aflow:86f1f463f2829e0e,Ge3Pd6,Hexagonal,15.3075,10.3196,38.0075,105.419,251.11
aflow:86f370f8043ae5a1,C6Mo6,Hexagonal,10.5937,8.46051,136.809,359.016,607.993
aflow:87074fb2cae564ce,Dy1Pd3,Cubic,17.1854,11.636,59.1834,154.7,274.961
aflow:870b2f189ea048d2,C1W1,Cubic,10.6871,15.2163,177.914,457.835,509.047
aflow:87209d76272a72e0,Ir4S8,Cubic,15.7105,9.03139,89.6017,227.238,408.101
aflow:87269b6c250e4715,As2Ba1Pd2,Tetragonal,21.4723,7.73298,35.9495,93.2142,259.947
aflow:872d5be6bd5ef7c7,Pr1Te1,Cubic,31.5506,7.06592,22.5871,57.5455,185.02
aflow:87516c6653025aff,Au6Sb8Tb6,Cubic,24.5158,10.5303,38.5968,99.6523,218.048
aflow:8756b3a8c076e44d,N2Ti4,Tetragonal,13.2966,4.57106,96.4544,244.32,661.148
aflow:875f5132e17d4bf6,Cu2O4Y2,Hexagonal,15.7166,4.87204,35.8211,97.4933,357.993
aflow:876164b3086cb2f5,Ga2In2Te4,Tetragonal,30.8826,5.91138,14.1069,34.7555,208.93
aflow:8770bb3458c07b85,C1Mn3Zn1,Cubic,14.8112,5.43091,45.7223,111.484,387.763
aflow:877b232d6378c18e,C1Mo1,Hexagonal,10.5893,8.46408,234.593,572.425,775.989
aflow:877eb327e670859d,Ag2Al2Se4,Tetragonal,25.5295,4.76072,17.6489,47.3356,220.986
aflow:87aae3236e2dc972,Ho1Pd3,Cubic,17.0924,11.7584,59.6179,155.376,278.896
aflow:87f4693a67bbf8d2,Er4Ge6Ir7,Cubic,17.0446,14.0411,99.6307,248.7,346.072
aflow:880937360be96454,Ce4Rh12Si1,Cubic,16.898,10.5403,49.1694,134.323,275.027
aflow:880c8fef7f3b232b,Ru1Si1,Cubic,12.5282,8.5594,104.211,274.811,494.001
aflow:880d42da8606b9a6,Dy2Hg6,Hexagonal,23.8694,13.2921,18.9735,51.7562,135.061
aflow:8819319603e6b49d,O8Pa4,Cubic,13.5493,10.7456,101.716,261.624,422.059
aflow:884cbe648954f00a,F6Sn2,Cubic,21.8031,3.34507,18.147,48.5492,313.05
aflow:884e7137b28e7dbf,Mo1Si2,Tetragonal,13.6837,6.15297,176.801,410.407,720.083
aflow:885488e7060e2e77,Co4Si6Zr6,Orthorhombic,16.3293,6.04784,86.8755,213.632,482.061
aflow:88666ec16c8d9c9a,B24Ru4Y8,Orthorhombic,10.769,5.8893,181.639,418.274,808.988
aflow:8876c29a6996c56a,Cl4La4Te4,Orthorhombic,29.2576,5.71265,25.9872,67.3073,227.943
aflow:88c83a8148c7f64e,Bi1Sc1,Cubic,28.3685,7.43205,30.2689,77.2267,216.033
aflow:88c9119ec9572f57,Hf2O8Si2,Tetragonal,10.9854,6.81658,107.243,276.298,603.116
aflow:88ca7d55b9ec2013,Au2Dy2Sn2,Hexagonal,24.0335,11.0124,33.5142,87.5457,205.091
aflow:88cfe4443a7b7109,Ge6Os7Sc4,Cubic,16.3627,11.6214,86.6224,224.305,355.942
aflow:88d04db0ca52280a,Cl4K2Mg1,Tetragonal,28.1956,2.0555,12.3397,31.1617,276.052
aflow:88ed2152280d6868,Ag1Mg1,Cubic,18.677,5.87563,22.5797,59.8596,234.993
aflow:88ed31ffc6166706,B8Rh8Th2,Tetragonal,12.4101,10.2124,84.6099,226.125,414.964
aflow:88fab1a47ab2a65c,Sn2Te10Tl4,Tetragonal,34.8715,6.93705,9.17845,23.8534,152.056
aflow:89046aa43a11c6ce,In3U1,Cubic,25.7084,9.40597,33.5232,84.6659,202.101
aflow:891e018564452531,Ni4P4Ta5,Tetragonal,13.4643,11.9857,112.519,288.852,427.045
aflow:892051d312da93cf,As4Ba4Cd2,Orthorhombic,33.6035,5.30639,20.153,50.7695,203.045
aflow:8920838c88dca46f,Dy10Ru4,Monoclinic,25.553,9.41935,27.1611,71.3945,203.949
aflow:8927893ffc054168,Bi1Er1,Cubic,30.8673,10.1201,32.3819,81.5533,185.001
aflow:8944b3eb2c189cb7,Ag1Nb1O3,Cubic,12.8026,6.45335,88.9325,230.773,515.887
aflow:895344f663d9e2d3,Dy4Ru4Si4,Orthorhombic,17.842,9.04804,49.2356,130.869,309.939
aflow:89615efc0a0dfb77,Na4O12Sb4,Cubic,13.9824,4.57789,73.8145,181.811,567.262
aflow:89827ab79c7be0b7,Si2Ta4V6,Hexagonal,15.3421,9.79171,61.7074,163.848,345.029
aflow:898a956acbc9af99,Br10Pb4Rb2,Tetragonal,34.6029,5.39503,7.84673,19.673,168.031
aflow:89a473940a8f2c78,As8Cu24,Cubic,14.0041,7.87223,37.4389,100.443,289.929
aflow:89a50cf0f158b372,Au4La4O12,Orthorhombic,15.7905,8.07361,46.8393,122.276,354.064
aflow:89c22958395182cf,As8Si4,Cubic,18.9999,5.1835,43.3862,110.153,358.079
aflow:89d247c19a07b010,Ge6N8,Hexagonal,12.7483,5.0948,81.0142,210.379,565.94
aflow:89d43c69edb626aa,Cr4Ga2N2,Hexagonal,13.3254,5.84867,77.8289,189.13,522.96
aflow:89d55d14665feaed,Cu3In3La3,Hexagonal,24.1926,7.25899,23.1972,61.6534,202.984
aflow:89e3341519d5b3c3,Br1Li3O1,Cubic,12.8514,3.01647,35.8611,86.4639,454.188
aflow:89e7078d2a0917cb,Al1C1Er3,Cubic,29.9007,6.00638,15.383,40.5356,173.043
aflow:89e739a189fe5329,C2Co1Ho1,Orthorhombic,11.7147,8.78432,92.8254,235.236,501.951
aflow:89e75f3b3cb47775,Ir2Sb2,Hexagonal,19.5576,13.3288,60.1646,160.806,259.993
aflow:89fa2dba45153d8c,Ca6Hg4,Tetragonal,30.9224,5.60008,13.0324,34.3242,159.023
aflow:8a08dd2fc13157c8,Sb6Yb10,Hexagonal,31.3189,8.15488,26.2868,63.4513,189.941
aflow:8a10bf2f0a2ffcdd,Er6Ge8,Orthorhombic,21.6662,8.67301,51.2507,126.139,288.077
aflow:8a1c8954bd7a16a8,Ga2Hg1Te4,Tetragonal,33.4958,6.02306,15.9477,39.4897,203.099
aflow:8a1da7176ed9dde9,In14Pt6,Cubic,21.5816,10.6874,41.9699,109.462,226.897
aflow:8a2d058f54180927,Ce2Co2Si4,Orthorhombic,16.3144,6.49442,75.5773,191.801,441.897
aflow:8a3521f20bb1d69e,In4La4O12,Orthorhombic,14.5209,6.90074,56.9904,150.806,389.873
aflow:8a4aa93da3d0b620,Hf2,Hexagonal,22.429,13.2146,55.1023,141.637,237.997
aflow:8a69ea34def2d194,P1Th1,Cubic,26.4997,8.2405,47.5543,124.488,265.944
aflow:8a75530096ed7ea5,Ge2Pt2Th1,Tetragonal,19.7689,12.8919,42.2438,114.882,227.988
aflow:8a85efdd33097283,Ga2La2Zn2,Hexagonal,23.8531,6.35871,44.0985,106.128,296.957
aflow:8a8c03100719438b,Al2Y2Zn2,Hexagonal,20.9035,4.79987,55.0322,130.305,398.012
aflow:8a9778f9666443aa,Mn2O6Y2,Hexagonal,13.0365,4.88724,66.5955,174.799,503.884
aflow:8abcebb53cd250d1,B2Ir3Th1,Hexagonal,14.259,16.1159,130.527,334.289,385.046
aflow:8ad40d8abfa74602,Ba1O3Pa1,Cubic,18.2811,7.56406,30.3948,83.6464,254.056
aflow:8aebfdbd83ea7750,Ge4Pt4Sr4,Cubic,24.68,7.96852,19.8123,54.1067,190.046
aflow:8aeca263b3732fb3,Fe1H6Mg2,Cubic,7.12509,2.86151,62.9102,150.634,820.223
aflow:8af29b635e51b3f7,B1Rh6Ti2,Cubic,13.7356,9.72577,104.842,272.773,447.011
aflow:8b23a3f04d72a293,Ru1Sb1Ta1,Cubic,19.7779,11.3,72.1649,190.461,306.984
aflow:8b2b153353524b19,Nb2O4,Tetragonal,12.085,5.72086,104.279,273.045,608.003
aflow:8b4eddeee0a0ebb2,Si2Ti2Y2,Tetragonal,21.1816,4.3089,58.3351,143.397,440.057
aflow:8b5031772891a1b7,Au3Ho3In3,Hexagonal,22.7516,11.5978,38.96,101.328,209.096
aflow:8b5c9383a7f1c116,Ag1Bi1Li2,Cubic,20.1606,6.81021,13.9659,37.4597,168.103
aflow:8b65640619af5544,Pd2Tb2,Orthorhombic,22.5556,9.76661,28.1013,75.7265,200.992
aflow:8b6717bdc47c0b8d,Ir4P4Sr4,Cubic,21.2969,8.07817,34.2302,92.1742,255.015
aflow:8b68efcc9664701f,Be1Cu1,Cubic,9.7073,6.20594,64.8486,168.443,481.813
aflow:8b81120a0c400fab,Er8S12,Orthorhombic,21.076,6.78682,43.5928,111.026,313.966
aflow:8b865786bfa43010,P2Rh3,Tetragonal,13.9488,8.82518,67.8988,184.019,381.091
aflow:8b970538fe25ea60,B2O8Ta2,Tetragonal,9.18004,7.71043,156.102,391.516,731.956
aflow:8ba8c59a23a2b441,Ge1Mn1Ni2,Cubic,12.5602,8.09462,28.6246,80.4574,260.13
aflow:8bc2939a0137c887,O2Se2Th2,Tetragonal,20.836,8.68675,55.0546,142.821,314.984
aflow:8bc3f85e7c49bcd2,In1Pt5Si1,Tetragonal,15.9093,16.6756,66.7248,180.341,260.93
aflow:8bc5c0360c83b8a2,Li9N1S3,Cubic,12.9115,1.70809,40.8513,95.4064,636.059
aflow:8bd83352cb002f9c,F2Pb1,Cubic,17.9703,7.55244,22.9807,61.9193,215.953
aflow:8bd98faf69c418bc,Si4W6,Tetragonal,14.7414,13.6913,79.1293,213.804,333.048
aflow:8bdf0843f2ddb768,Er2Ge2Sn2,Orthorhombic,23.6384,8.39551,40.8181,102.034,253.068
aflow:8becc2881bbc8357,Cd3La3Pd3,Hexagonal,24.4354,8.103,24.4271,65.7526,192.962
aflow:8befd43dbea08eb1,Ge2La1Pt2,Tetragonal,19.9642,11.2165,35.0129,95.0927,226.041
aflow:8c232a9fcc78b5e9,Er3Pb3Pd3,Hexagonal,22.5516,11.8024,37.7348,98.5062,207.018
aflow:8c35be2063c079cc,Cr3Nb1,Cubic,18.0974,5.70938,47.4103,118.896,346.069
aflow:8c4006d51630f550,Ge4Th6,Tetragonal,28.2482,9.89091,45.9045,117.31,233.956
aflow:8c4682bfb76a50e7,Os2Sb4,Orthorhombic,21.9894,10.917,88.633,216.073,336.967
aflow:8c4b81ad5f96cb5c,O6Sr2Zr2,Tetragonal,14.3829,5.23782,87.1547,217.194,565.039
aflow:8c5c614a38210321,Hf3P3Ru3,Hexagonal,15.0469,11.4233,93.678,245.923,382.972
aflow:8c9e6d0817e8d48d,Cu2Nb6Te8,Hexagonal,23.1407,7.64823,29.9582,78.7686,266.979
aflow:8ca8aeed542f92be,Pt1Sn1Th1,Cubic,27.3898,11.0303,39.1165,104.482,206.025
aflow:8cb3c4e89ac52cee,Ge6Ho2Ni1,Orthorhombic,19.1172,7.95348,57.7982,141.378,334.107
aflow:8cb52726233f2379,C1Ge1Ni3,Cubic,10.7057,8.0864,54.0073,148.139,374.921
aflow:8cb7e7a7a9a8c1b2,As8Sc12,Orthorhombic,21.6081,4.37589,51.5402,128.618,395.131
aflow:8cc3ac00141d0859,Ga4O8Zn2,Cubic,10.4245,6.118,85.8557,221.088,563.798
aflow:8cdf3bd5fc62c3a2,Au2Sc2Sn2,Hexagonal,22.5686,8.8443,34.1863,89.559,235.984
aflow:8ce256b7aa5cd9c7,Ge4In2Tb4,Tetragonal,23.1989,8.27234,34.8858,89.548,234.026
aflow:8ce2b4896e63e039,Dy4In2Pd4,Tetragonal,22.0074,9.84851,34.7648,92.1058,218.015
aflow:8cedcb1ba9290de3,Mg5Pd10Si16,Cubic,16.2193,5.39941,57.2249,146.945,425.959
aflow:8cf08ce1df285278,Rb8Sb8,Orthorhombic,44.8073,3.83971,4.96954,13.0411,133.084
aflow:8cfaa740822943ab,Dy1Os2Si2,Tetragonal,16.809,11.8363,86.5172,221.697,368.038
aflow:8cff328eb566bc65,Al4Pd20,Orthorhombic,14.8444,10.4216,46.2551,125.797,286.099
aflow:8cffa25d1f303313,Ag2Hf2,Tetragonal,19.7736,12.0238,41.2012,109.075,227.986
aflow:8d01ef69ec23a15b,As4La2Rh4,Tetragonal,18.9383,8.67276,54.3276,142.963,307.943
aflow:8d075262e6afadfd,Sn4Sr8,Orthorhombic,38.8576,4.18693,14.3915,36.198,185.932
aflow:8d27db05a832e079,K4Na4Te4,Orthorhombic,34.55,3.03892,10.4032,26.1381,184.139
aflow:8d35a7534368d3f2,Al16Hf6Pd7,Cubic,16.3421,7.87469,77.5928,193.921,406.089
aflow:8d391fe939c34557,Nb1Ru3,Cubic,15.0084,10.9566,116.147,299.902,423.983
aflow:8d47ab0cd595e5b5,Cr1O2,Cubic,9.0018,5.16477,129.659,326.181,753.31
aflow:8d4a31e7169e2811,In2Pd6,Tetragonal,16.1857,11.1319,49.1821,132.383,268.018
aflow:8d50ca227bcddf0c,Cd2In4O8,Tetragonal,14.3012,6.73527,47.2284,126.313,363.076
aflow:8d68093ba251677e,O4Sn2,Orthorhombic,13.1904,6.32339,71.8656,188.211,466.003
aflow:8d732ca5f829e99c,N1Pt1,Cubic,11.1516,15.5679,27.579,79.6233,199.983
aflow:8d75f7f2de74d7d6,Mn1Pt1Sb1,Cubic,20.8981,9.84704,33.3105,89.6853,219.036
aflow:8d7b7cfb3bd69de4,Cd1Dy1,Cubic,26.1952,8.7134,24.3487,63.9555,181.943
aflow:8d848c2aba3366ba,B4W4,Tetragonal,10.6619,15.1587,194.564,488.497,534.92
aflow:8da3f072c92a852f,In4Sr2Te8,Orthorhombic,36.8221,5.33206,12.3909,31.2431,193.027
aflow:8dbae7845818266c,C6Cr3W20,Cubic,13.681,16.344,122.979,325.803,388.971
aflow:8dbf2001b9aa573a,Mg1Ni2Sn1,Cubic,14.6724,7.36693,45.5282,120.666,323.935
aflow:8dd3036a64afe10d,Dy4Ge4Pt4,Orthorhombic,19.4557,12.2386,53.963,141.054,258.973
aflow:8df2095e0eece3da,Au3Dy3In3,Hexagonal,23.0251,11.4016,39.035,101.169,210.93
aflow:8dfd0bb804eca9a6,Ca2Cl4,Tetragonal,29.1074,2.11054,12.801,33.9327,263.089
aflow:8e013b24a65e80a4,Mn2Se2,Hexagonal,21.4001,5.19492,27.5066,72.5603,269.03
aflow:8e034c46ef475f9f,Ce2Rh2,Orthorhombic,21.865,9.22829,21.2321,59.6556,190.001
aflow:8e1432465df5fab6,Ag2Br4Cs2,Orthorhombic,35.5743,4.67459,6.44948,17.0835,125.088
aflow:8e1477737d0c4548,Au3In3La3,Hexagonal,26.0181,9.5881,27.1577,71.927,185.045
aflow:8e1da8819de201f8,Si82,Monoclinic,23.3704,1.99556,41.232,103.993,524.081
aflow:8e322aaec561d397,Nb8O10,Tetragonal,12.1524,6.85676,113.328,291.803,593.973
aflow:8e36b1f17908f2a0,Si6Tc10,Tetragonal,13.7125,8.76118,105.605,277.313,476.924
aflow:8e405789ecfe31f7,Hg2Ho1,Hexagonal,24.0539,13.027,29.668,77.633,170.1
aflow:8e546ec49f8983c6,Ga2Ho6O12,Orthorhombic,13.3275,8.22984,64.023,166.892,407.917
aflow:8e634f8134308e1c,Ge12Pt8,Orthorhombic,17.9199,11.2671,53.307,138.944,286.922
aflow:8e6e364fb9145db6,Ga2Tb2,Orthorhombic,24.4758,7.7567,37.7016,94.4506,254.015
aflow:8e76165877313837,Ag2Si2Sr1,Tetragonal,20.7559,5.75267,39.0043,97.3746,301.995
aflow:8e81436b0b0fe35e,Ga4Ho4Pt4,Orthorhombic,19.332,12.3048,31.3665,86.4422,195.994
aflow:8e92a5daf4083c8c,Ag2Yb1,Tetragonal,23.4266,9.18585,15.5651,41.4028,147.031
aflow:8e941641cd230751,Au2Sn8,Orthorhombic,27.2343,8.19135,12.3513,34.0614,144.991
aflow:8e9b5d92e2fc51aa,Au3In3Yb3,Hexagonal,24.6117,10.9037,21.7913,56.8348,164.032
aflow:8e9c448d678c73b0,Ir4N8,Monoclinic,9.29807,13.1105,207.741,515.095,624.141
aflow:8e9c46d490db8bb3,Be2Zr1,Hexagonal,13.6452,4.43147,96.0126,227.305,622.05
aflow:8e9d131ec9693c31,Cd2Cr4S8,Cubic,20.1404,4.05931,30.6384,81.2422,332.011
aflow:8ea65c835ef92761,As1Nd1,Cubic,27.8463,6.53456,43.4134,107.33,279.055
aflow:8ec01d6b4aa6ea85,Ir8Mg4,Hexagonal,16.1661,13.9951,54.0526,148.616,258.035
aflow:8ecfe49efdc8291c,Er2Ga2,Orthorhombic,23.3002,8.44505,45.1956,111.706,265.037
aflow:8edb02477ff643e9,Hf2Zn1,Tetragonal,19.7224,11.8536,59.9778,151.786,275.954
aflow:8ede6eb4a13f2b99,Hg1S1,Cubic,27.0802,7.13298,16.0114,43.4259,164.108
aflow:8edfcf6f9592c6b3,Pt2Th2,Orthorhombic,26.0371,13.6203,28.025,78.2765,158.978
aflow:8efc0f655f5d4309,Al1Sb1,Cubic,30.28,4.07818,28.5377,71.7971,275.974
aflow:8f06f3be73b68d89,P4Ru2,Orthorhombic,14.7033,6.13687,136.902,328.714,628.159
aflow:8f0e4207e3e984f8,Cu1Hg2Zr1,Cubic,19.3948,11.8997,21.0916,59.1592,163.999
aflow:8f1899cffba0da5a,Ta30,Tetragonal,19.225,15.6292,62.5806,169.243,248.006
aflow:8f29575b17578e5f,Ni6Sb2,Orthorhombic,12.5472,9.85366,44.9272,123.397,306.105
aflow:8f3e0c3e671cf4a9,Dy1N1,Cubic,14.8106,9.89484,122.739,294.2,463.066
aflow:8f41f9108042804d,B4Nb3,Orthorhombic,10.6399,7.17819,200.973,482.813,781.037
aflow:8f50db7084cf70ae,B1Sb1,Cubic,18.4157,5.97647,83.7027,195.602,453.925
aflow:8f55b8fd8c7100a5,Dy4O14Sn4,Cubic,13.4938,7.54439,87.0731,221.311,468.02
aflow:8f7dba7946e36954,Al4Li4,Hexagonal,18.6325,1.5116,33.7012,77.5538,584.135
aflow:8f9439cac1e1bff6,Ho10Sb6,Hexagonal,27.1657,9.09179,35.8436,91.5408,220.034
aflow:8f947e547738d0a3,Hf1Pd1Sn1,Cubic,21.5151,10.3828,53.7398,140.684,267.064
aflow:8fb8839ff8584586,Br3Ga1La3,Cubic,33.6489,5.11936,22.9622,58.4477,213.885
aflow:8fb97d56ef98f019,Br1Cs1,Cubic,50.3388,3.51,4.77199,12.4446,100.011
aflow:8fce8fad9d6b4ea6,Ca1Mn7O12,Hexagonal,10.5738,4.84192,68.9835,181.51,565.957
aflow:8fd289702e4f6b8f,Ba2N2Zn1,Tetragonal,23.0053,5.31328,22.9641,60.1925,257.053
aflow:8fd3a834512ee153,Ba4Ca4Sn4,Orthorhombic,38.8117,4.22284,17.6174,43.4448,199.012
aflow:8fea397ef68c9f59,C1Ge1,Cubic,10.5505,6.65765,100.997,251.532,561.051
aflow:8fee9dfc096e994a,Al2Mo6,Cubic,15.5784,8.38884,113.908,291.606,480.947
aflow:8ffa159cc94ee126,Ge4Ho4Rh4,Orthorhombic,18.6903,10.0817,51.3379,134.649,288.084
aflow:9007edeea2214085,C4Sn2Ti6,Orthorhombic,14.0511,5.64132,103.159,253.27,602.901
aflow:90143d69de37f145,Ga12Ho4Ni1,Cubic,18.2768,8.31194,56.9986,137.548,318.025
aflow:901d512ca4ebdee5,Al2O6Y2,Hexagonal,12.0931,4.50072,83.0635,213.978,613.087
aflow:902fd316c3b045b7,O8Sn4,Cubic,12.0723,6.90904,88.6286,228.463,502.837
aflow:9030563808c2ce04,P4Sc12,Orthorhombic,21.957,3.13552,44.1483,109.879,455.003
aflow:903274808a8dc703,Pd3Yb1,Cubic,17.5582,11.6382,25.7224,71.3053,179.963
aflow:903ba012a2e67d0f,Cd2In4Se8,Cubic,27.4117,5.69335,17.1146,46.3123,191.902
aflow:903c90bb4da3e6a0,B2V2,Orthorhombic,9.30902,5.50761,218.681,513.609,962.125
aflow:903e65521a6472cd,Ac1H2,Cubic,17.0642,7.42958,30.9154,78.3652,256.96
aflow:904000e7545dbe41,Hf1O3Sr1,Cubic,14.2056,7.34344,99.4399,247.87,492.136
aflow:904127ce8d224fc6,Ge2Ho1Ni2,Tetragonal,15.9002,8.92902,50.8442,134.283,308.944
aflow:904750495511d139,Cd2Te2,Hexagonal,35.9788,5.53862,13.0107,34.8639,150.056
aflow:90521daca8fbeaad,Si4Th4,Orthorhombic,25.4862,8.47412,44.7847,117.096,258.987
aflow:9054effa1842955a,As2Cu2Sr2,Hexagonal,22.8734,5.4711,40.7894,98.5488,311.171
aflow:9058b69a69cdda4b,As4Mo5,Tetragonal,16.0137,8.97982,88.2622,227.02,424.08
aflow:906cf5402e55f573,Ag2Be4,Cubic,11.0694,6.29514,82.9779,200.511,515.163
aflow:907f2cf21e911c3b,B12Ho1,Cubic,8.0622,4.6683,212.534,481.59,1063.12
aflow:907fa0222fc41a15,Ni2Si2,Orthorhombic,11.4528,6.29076,75.8941,197.234,522.058
aflow:9089ea2636f2e3b2,As2Co2S2,Orthorhombic,14.9348,6.14914,91.9112,218.416,505.157
aflow:90ab626aa43e14e4,Cr2,Hexagonal,21.0193,4.10772,22.3074,58.1153,259.178
aflow:90bea603c3d49341,S10Zn10,Hexagonal,19.3836,4.17372,35.6595,91.7127,349.144
aflow:90dedce1ab633737,B8Er2Rh8,Tetragonal,11.6292,9.87031,91.2623,241.635,446.047
aflow:90e23c5e5ed2a46f,Cr3Si6,Hexagonal,11.9683,5.00255,153.642,364.146,766.241
aflow:90e8a1a980d4201c,Rh1Zr1,Cubic,17.7549,9.07787,17.1067,49.6231,177.005
aflow:90eddf11eef225fb,Na2Te1,Cubic,32.2904,2.97545,11.9053,29.8674,196.821
aflow:90efbabf76e6e643,Al3Rh3Th3,Hexagonal,21.7015,9.23118,38.943,105.554,242.01
aflow:90fb04d94c496c4a,Al2N2Zr4,Hexagonal,16.6114,5.5837,88.7348,220.403,533.032
aflow:911e41333ff6910f,Pa1Rh3,Cubic,16.5458,13.5425,83.1476,218.623,319.067
aflow:91409cc8f4ec73cd,In2La4Rh4,Tetragonal,23.9163,8.31011,26.5547,71.8753,205.008
aflow:91415caa90551b30,Ca2In8Pd2,Orthorhombic,24.1079,6.95408,24.0667,62.935,210.132
aflow:914450d5ef43ec55,Rh2Te2,Hexagonal,20.2477,9.45203,26.181,73.0458,205.918
aflow:915d74e242423f08,Ag1Cu4Nd1,Cubic,16.321,8.58522,29.511,79.1177,223.186
aflow:916c338a6af163c5,Hf2O6Sr2,Tetragonal,13.8885,7.5111,97.8217,242.098,504.09
aflow:916e0611d77b56f6,P1Y1,Cubic,22.8499,4.35594,57.9882,141.814,416.894
aflow:9171aa1e7699ee20,Bi1In1O3,Cubic,14.3445,8.608,57.6425,151.908,348.998
aflow:917b743bc2ffbebf,Na6Sb2,Hexagonal,29.2626,2.70565,13.247,32.7347,222.904
aflow:91811bd5d92e6928,Pt6Si3,Hexagonal,14.5456,15.9165,35.313,100.778,201.988
aflow:918c033aad3e4407,Ba6Ge10,Orthorhombic,29.4976,5.45306,23.3873,57.8503,232.018
aflow:91b2e46acca5d936,Pd1Ti1,Cubic,16.4183,7.80293,13.4317,39.1292,171.995
aflow:91d0bb4f802940b0,Nb6Ni16Si7,Cubic,12.0953,8.01516,101.94,264.533,501.873
aflow:91d77786125113a6,Bi1Ho1Ni1,Cubic,22.2365,10.7684,49.9108,124.788,245.932
aflow:91d9e0e03fe24ae7,Ni6S8,Cubic,14.9205,4.8382,40.2721,108.024,383.181
aflow:91dcf2c2ffad7d2d,Dy1Sb1,Cubic,29.7934,7.92136,35.7126,89.5915,224.036
aflow:91e3998de51d5218,Cr2O8Tb2,Tetragonal,13.7819,5.5207,58.0759,150.445,497.909
aflow:91f8e6a03809ef58,Sr2,Hexagonal,55.1308,2.63911,5.09916,13.3435,120.01
aflow:9200272272719383,La2O2Te1,Tetragonal,23.3887,6.21099,30.8472,79.7887,302.027
aflow:9222875ff7d04782,Mo6Si4,Tetragonal,14.6107,7.81907,81.9314,219.106,438.946
aflow:92282260eb315f3d,Ag1P1Pd5,Tetragonal,15.5174,10.2554,40.3004,110.538,259.916
aflow:9251770e720dc51c,B14W2Y6,Orthorhombic,12.0425,6.59661,148.518,346.902,690.024
aflow:92644c06e130ed35,Cu1Ni2Sn1,Cubic,13.3117,9.34372,27.9789,78.993,233.977
aflow:926aa52fff3b3731,Dy2Ir4Si4,Tetragonal,16.5179,12.1261,65.4619,175.555,302.996
aflow:9279763c9e61cb36,Er3Ir3Sn3,Hexagonal,21.0211,12.5908,44.3542,118.335,229.02
aflow:928fc26243553b0f,La1Os1Si3,Tetragonal,18.5674,7.39364,67.4287,170.29,393.083
aflow:92aa3a9a55104303,As1Ga1,Orthorhombic,19.1574,6.26943,25.2336,67.8774,235.874
aflow:92aeebce897e852d,Ca2Si2,Orthorhombic,23.7815,2.37983,39.0912,94.4313,456.968
aflow:92b83e5a57097842,As2Ca1Ru2,Tetragonal,18.306,7.11283,57.4819,145.311,397.946
aflow:92cda4cf2dceeb8e,Ir2Mo6,Cubic,15.6606,12.725,104.165,278.073,376.038
aflow:92cdec1b0786b0cd,C1Dy3Ga1,Cubic,29.7306,6.35884,17.8771,47.1703,179.038
aflow:92d8c47bba9fe7a3,Ca1Pb1,Tetragonal,30.4194,6.74928,19.9291,49.9611,180.055
aflow:92e76957b12d595f,F3K1Zn1,Cubic,13.2428,4.04951,38.0213,97.2829,407.998
aflow:92e7fe1e33406140,C2Nb2,Hexagonal,12.0097,7.2533,138.882,356.335,624.896
aflow:92fcbf01ed920eda,Au4Ca4Pb2,Tetragonal,25.7078,8.80132,20.9086,54.5855,170.984
aflow:92fd0d9d27e7cc56,Al6Ca6Si6,Hexagonal,22.29,2.36273,38.7336,94.662,480.143
aflow:9306f856a425cba4,Al4Mn2S8,Cubic,19.1651,2.93526,33.7917,88.8236,422.009
aflow:930e39422b5a9229,O2Pd4,Cubic,15.5953,8.1206,9.53649,27.8973,144.925
aflow:931bfe1e150612f3,Ge4Pd4Zr4,Orthorhombic,17.4382,8.57686,73.068,187.664,369.024
aflow:932366769d6016ef,Au1Zn1,Cubic,15.6362,13.9304,23.0968,64.7961,167.029
aflow:93442a16299dfccf,Au4Tb8,Orthorhombic,26.5729,10.7236,18.6896,50.6634,154.944
aflow:9348eeb7ba1f8260,Pd2Sr2,Orthorhombic,27.1264,5.93846,20.3569,52.4237,204.074
aflow:9349cc6aa710578a,Ge2La1Ru2,Tetragonal,19.1333,8.4397,62.8995,160.012,363.964
aflow:935656e3f9cc2efa,Ir4Sb4Se4,Cubic,20.3183,10.7043,79.676,198.422,327.989
aflow:93581ed0f35d427a,Cl8Li6V1,Cubic,18.4896,2.25249,18.3914,45.3874,379.969
aflow:937be0c41a389b87,Nb8Ni2P2,Tetragonal,15.9049,8.02676,95.5029,246.1,452.952
aflow:937faec2d67d409d,Al8Tb8,Orthorhombic,23.6817,6.5178,41.861,103.025,290.934
aflow:9384ad572ebdb46b,Hf2O6Sr2,Tetragonal,13.9583,7.47352,99.5187,245.619,506.877
aflow:9388b0cb77be29c5,Br1K1,Cubic,32.3682,3.0525,7.94444,20.6454,155.221
aflow:9395a1d425ccbfe4,C12Yb8,Cubic,14.7784,8.58707,43.0277,107.772,349.993
aflow:93b4137b05c63add,O2Zn2,Hexagonal,9.43099,7.16434,50.0859,136.584,409.102
aflow:93b797b5d52e531c,Cd2Cr4Se8,Cubic,23.5437,5.36274,24.1896,64.2758,244.101
aflow:93bd6e64faf1a0ea,In1N1,Cubic,15.9634,6.7004,53.9477,140.814,370.978
aflow:93c414995740eb69,Ca2O8Tl4,Orthorhombic,14.4301,8.43032,41.9478,111.6,307.898
aflow:93c8fd0c34e5501b,As1Pa1,Cubic,24.3368,10.4381,57.5952,148.199,266.066
aflow:93d7578ce765cc05,Al8Er8,Orthorhombic,22.9426,7.02942,43.4052,106.904,289.008
aflow:93deab180293a68f,Tb2Te4,Tetragonal,29.4918,7.77247,27.0171,69.8889,202.975
aflow:93e845f5b7bd3926,Ni4S4Sb4,Cubic,17.3864,6.76514,49.2501,125.939,346.954
aflow:93eea2d34ba1512c,P1Pd5Tl1,Tetragonal,16.058,11.3358,47.7984,129.195,264.042
aflow:941b8ff51bdeb4f3,Ho4Pd4Sn4,Orthorhombic,22.3438,9.66183,32.5203,87.4914,214.934
aflow:94289761b4a9021a,Ag4Na2,Cubic,22.1381,5.96882,15.9328,41.7987,185.081
aflow:94298f034b0866cb,Ga3Zr1,Tetragonal,17.4012,7.16731,77.8581,186.436,397.951
aflow:942bb28649d360da,Ga4Sr1,Tetragonal,21.7329,5.60166,31.4502,77.549,269.153
aflow:942ebb3965166f22,Al2Ru1,Tetragonal,13.8753,6.18456,127.387,306.039,609.061
aflow:947725bf512a4fa0,B2P2,Hexagonal,11.7443,2.95394,163.427,367.123,1029.19
aflow:9478bdbf707df1e9,Ge2Pd2Tb1,Tetragonal,18.5367,9.26099,35.2526,95.719,246.057
aflow:947b9e40b4c130be,Ca3O1Sn1,Cubic,22.9032,3.69661,45.476,106.777,393.863
aflow:947f4a36e26b1a01,O4Pt2,Cubic,14.8411,8.4695,8.37086,24.6214,136.007
aflow:94a7e01d9960eb16,N1Pa1,Cubic,15.2112,13.3753,83.4642,222.48,333.965
aflow:94bbce215f92c015,Br2In2,Orthorhombic,33.3701,4.84486,7.91802,19.9747,150.182
aflow:94d678051a2a0be3,Au2Si2Yb1,Tetragonal,19.1747,10.7929,37.3043,98.1906,229.035
aflow:94dbdbbca7eb0cb7,F1Rb1,Cubic,23.5218,3.68744,11.9182,30.9068,195.273
aflow:9508354e3bf3ff2c,P4Rh4Ta4,Orthorhombic,14.375,12.1225,71.1624,194.863,328.052
aflow:95100ed80e3a8315,Pd2Si2Th1,Tetragonal,18.3726,9.05637,66.6425,173.06,338.01
aflow:953f9f699e2cf489,Al3B6Ni20,Cubic,9.94865,7.59506,81.1813,213.571,463.054
aflow:954591007d0a3011,Al24Ir8,Cubic,14.7202,7.7037,69.6397,181.61,401.07
aflow:9548f38c970677ea,Al4Ru2,Orthorhombic,13.9086,6.16976,104.706,260.611,554.865
aflow:9555b8f8537f0fc8,Al4Pd4Tb4,Orthorhombic,20.0635,8.06417,30.7014,83.437,233.044
aflow:95608c7ef077fa72,Co3Fe1,Cubic,12.7331,7.58494,68.882,171.057,416.917
aflow:95667da7a1a06f6e,Ca3Cl3P1,Cubic,26.6446,2.2932,26.9127,65.9929,366.846
aflow:957ab531953d4a22,Ir2N2,Tetragonal,11.2358,15.2391,146.437,377.129,463.982
aflow:958c9fb8e3e6bd8f,Al40Ti4Yb2,Cubic,17.4857,3.33813,52.7427,129.387,494.972
aflow:95ba55b28f7c6bc1,Ba6Bi2N2,Hexagonal,35.5756,5.92769,10.8174,28.332,161.984
aflow:95c9f84b3d4d2ffd,Cu2Ge2La1,Tetragonal,18.5877,7.34654,54.2586,135.645,327.982
aflow:95d30c8563173fc5,Mo4P4Rh4,Orthorhombic,13.7919,9.2234,102.402,268.3,471.038
aflow:95dcd5248ad5b521,La2Pd6S8,Cubic,19.8686,6.12556,35.0021,93.7119,286.101
aflow:95de947c53fa9d4a,C1Dy3Sn1,Cubic,23.4665,8.74904,61.3079,147.492,301.009
aflow:95df69f55dc210d2,Al4Co2O8,Cubic,9.80219,4.28096,93.6272,241.034,712.059
aflow:95dfffbce61b0b9c,Pd2Ta2,Tetragonal,16.8284,14.177,76.4207,203.648,299.047
aflow:9609be0bfb8c68cf,Ge4La2Ni2,Orthorhombic,19.536,7.2839,53.4267,134.876,323.977
aflow:960ef4e8cf6ab206,Al4Se8Zn2,Cubic,21.6121,4.77668,34.9151,89.2704,323.082
aflow:96211fe3f6ead857,Li1Mg1P1,Cubic,16.0389,2.14725,23.384,61.5484,419.138
aflow:9622542b97edf80c,Ba6S10Ti2,Tetragonal,28.6154,3.99882,21.4368,54.0611,289.119
aflow:9626509456011640,Rb2S2,Orthorhombic,38.2959,2.54805,5.97869,15.7782,170.002
aflow:96269a7acab8653a,P1Sc1,Cubic,19.5678,3.22172,61.5583,152.186,520.92
aflow:962bf62b39730580,O9W3,Hexagonal,15.5354,6.19541,111.562,275.645,600.095
aflow:963262527443d843,C2Sc2,Hexagonal,13.9519,3.39007,43.0434,116.982,487.089
aflow:96374e8c0f7547e2,Ba4Ce4O12,Orthorhombic,17.7898,6.07561,51.9036,135.203,374.065
aflow:96390a6402fd52b3,Bi2Ti4,Tetragonal,21.8693,7.71403,21.831,59.5988,220.949
aflow:9648f4098086bb9f,Al16Cu36,Cubic,12.7211,6.82637,45.0751,119.97,357.957
aflow:965af7a3b7f3edc0,Al1Au2Mn1,Cubic,16.9044,11.6859,27.3675,75.5135,193.893
aflow:9667bdd1701aff29,Si2V6,Cubic,13.3748,5.61518,63.4057,170.956,465.988
aflow:9672ff488f259821,Ge4Pd4,Orthorhombic,16.4975,9.00806,40.4574,110.829,258.099
aflow:968df075338c6e29,Al32Ni24,Cubic,13.0344,5.16859,86.1635,215.87,546.012
aflow:969e8091cd9da8c9,Ce1P1,Cubic,23.2174,6.11844,55.007,140.092,337.065
aflow:96b67afd12279575,C1Os1,Cubic,9.76105,17.2,100.097,276.301,377.948
aflow:96c08e201f88c223,C1Pu1Ru3,Cubic,14.0267,13.242,74.0801,202.015,323.963
aflow:96c130da39b9c3ab,Ba2Li2P2,Hexagonal,25.9482,3.73823,29.6687,71.1563,305.026
aflow:96d94cbdc331274b,La1Ru1Si3,Tetragonal,18.3049,5.88259,63.4977,161.03,421.948
aflow:96e32a5860696bde,Cd2Sb4Sn2,Tetragonal,36.5066,5.39692,17.528,45.2757,177.959
aflow:96f5eb653d4c32c7,B2Mo4,Tetragonal,12.4694,8.99737,142.811,367.352,562.971
aflow:96f7b5f72a5fe798,Cd1Sc1,Cubic,22.8638,5.71455,28.0014,73.6565,251
aflow:971f56ac3fa243bf,Ag1Cu4Er1,Cubic,15.2279,9.61987,20.4985,57.4753,193.062
aflow:97205066b95a758f,Rh1Ti2,Tetragonal,16.0901,6.83562,82.1458,210.188,452.022
aflow:972675e8a84e9dd2,W8,Cubic,16.6834,18.2991,123.135,324.495,332.978
aflow:97296663259a8c48,Cu2Sn2Y2,Hexagonal,22.1048,6.7895,50.6166,124.234,313.965
aflow:972f708db170f65b,Al16Os7Sc6,Cubic,16.5083,7.05102,77.994,198.017,428.039
aflow:972f726f12bf312e,Dy16In4Rh4,Cubic,26.3035,9.12991,32.9955,84.4755,212.972
aflow:973a6d702f8d7c1d,Au2H6Ti6,Cubic,11.1482,7.31329,68.2139,173.958,436.945
aflow:974649c4c8c1841e,La1Ni2Rh3,Hexagonal,16.3093,9.58766,66.0321,173.506,338.096
aflow:9767438997113330,Sb6Tb8,Cubic,28.1515,8.43458,31.9632,82.6717,212.017
aflow:976df953c715c8df,Ag1Cu4Tb1,Cubic,15.3813,9.374,27.5078,75.493,220.885
aflow:978182b72d30a019,Cs6Hg40,Cubic,33.1899,9.59412,3.98971,10.9073,60.0049
aflow:9782d5248273d419,Co1Sc1,Cubic,18.1445,4.75385,42.4054,105.949,368.081
aflow:9785105a70a544e7,Ca8Si4,Orthorhombic,27.6795,2.16461,21.9906,54.9172,356.869
aflow:97a4fa41470d92e6,Hf4Tc8,Hexagonal,17.0661,12.2048,30.3826,87.4226,200.02
aflow:97ac1b15cc5c4465,B4Ti4,Orthorhombic,11.1038,4.38996,184.565,424.01,934.976
aflow:97b0ff1e229ca320,Ca10In4Sb12,Orthorhombic,31.0842,4.769,19.8891,50.3352,227.034
aflow:97c214b186e991bf,Sb2Sr4,Tetragonal,38.0808,4.31682,19.9598,48.2037,210.935
aflow:97cc277ef2ea6047,In8Pt12,Hexagonal,18.9016,14.3183,57.3753,150.051,258.898
aflow:97e16abc2949c8f4,Co3Ga3Hf3,Hexagonal,14.9571,11.367,68.0943,178.296,323.918
aflow:98068f562500cc3c,Sn2Ta6,Cubic,19.4841,14.0949,27.6558,78.7509,173.979
aflow:981a1b462db4f147,Ag2Th4,Tetragonal,30.4347,10.4019,18.3489,50.6517,141.013
aflow:9822cdf938520c9a,Ge3Os3Zr3,Hexagonal,16.8713,11.6144,96.4536,249.256,370.023
aflow:983aba23e9682651,Au2Si2Tb1,Tetragonal,18.5474,10.9052,47.3193,124.751,256.019
aflow:983cc25be93c7887,Fe4S8,Cubic,14.0802,4.71608,107.567,240.656,638.989
aflow:985b362eeff34ade,Ru2,Hexagonal,13.7074,12.2438,191.304,476.562,532.901
aflow:985fa81a3cc9de17,Sn3Th1,Cubic,28.9401,8.4362,13.5011,37.8892,136.008
aflow:9874952b0a9bfb74,Cd1Cu4Yb1,Cubic,15.9008,9.39245,18.1119,50.4542,177.052
aflow:987fd64ce4b5d044,Al2Sn6Zr10,Hexagonal,21.9996,7.03774,64.4177,160.432,353.085
aflow:989235fd2b674e5c,C1Ga1Ho3,Cubic,29.2638,6.543,18.6515,49.182,179.995
aflow:989349ecb002e220,Ce1P12Ru4,Cubic,15.5414,5.75767,108.775,266.024,563.912
aflow:98b6647c644f91af,Ir2P1,Cubic,14.2117,16.1795,108.604,288.553,353.052
aflow:98c173524a8ab9ca,Pb2Pd4Tb4,Tetragonal,22.7696,10.762,27.3383,73.858,185.047
aflow:98c696d96b75de65,Au2In2O4,Hexagonal,15.1917,9.39442,34.6362,94.6239,260.889
aflow:98d578e9d4fed7dd,Te4Zr4,Orthorhombic,24.7835,7.33068,46.0616,118.326,284.055
aflow:98e7e07c7a209bf7,Si4,Tetragonal,21.5785,2.16128,46.9232,118.082,541.191
aflow:98ea695a46e207ab,N4Os2,Tetragonal,8.70838,13.8699,135.01,357.732,505.999
aflow:98f3792517943702,Nd1P12Ru4,Cubic,15.5857,5.7671,96.197,240.116,531.024
aflow:98f3a203422d16b0,Mg1Pd1Sb1,Cubic,21.0812,6.62852,29.4018,78.6405,247.115
aflow:990f52fb7ef394e3,Co4In2Zr4,Tetragonal,18.4129,7.4875,55.4415,140.486,337.106
aflow:990f638da763afc0,Er4Ge4Ir4,Orthorhombic,18.5482,12.8938,43.3109,117.933,230.985
aflow:9926bdf818fa35c1,La8Sb6,Cubic,33.1489,6.58994,27.6177,71.0289,211.985
aflow:99292c09a16a572f,Sn2Te6Tl8,Tetragonal,33.1948,8.24753,14.8914,37.888,141.053
aflow:992e04308e2fa820,C1Tb3Tl1,Cubic,35.8476,6.42172,11.2758,30.9678,132.999
aflow:9935daabda2d9ae8,Be5Hf1,Hexagonal,10.1861,6.07386,111.007,258.984,632.093
aflow:99381ab3810479e9,Bi1Dy1Pt1,Cubic,25.1281,12.4802,40.8033,106.674,199.99
aflow:993875381dc84303,Er1Tl3,Cubic,26.808,12.0844,10.0798,28.25,100.931
aflow:993de049b5e0ba4d,Rh2Zr2,Tetragonal,17.82,9.0447,20.1566,57.5834,212.976
aflow:994aa0aa4d401c1a,Cl1Cs1,Cubic,37.1241,3.76529,7.7355,19.74,137.856
aflow:9954fd01ec449303,Ga6Hf10,Hexagonal,19.7228,11.5942,65.4307,166.419,288.971
aflow:995f658e63e0d5f0,Pd2Si2Sr1,Tetragonal,18.6869,6.33741,38.8457,102.641,309.853
aflow:99635f09727a0cd0,Ho8Sb6,Cubic,27.4074,8.87146,31.945,82.9354,208
aflow:996621a58debd213,P4Ru8,Orthorhombic,13.3517,9.66408,92.6578,246.304,437.008
aflow:9971b568135d5bf9,B6Ta5,Orthorhombic,10.9833,13.3266,203.785,492.192,575.056
aflow:9989f2180450e048,Al4Au4Sr2,Tetragonal,21.5931,8.2364,27.4135,72.8656,216.035
aflow:99cc126f197e3e0e,Ce4O12Sr4,Orthorhombic,16.4815,5.55621,54.0038,140.291,417.876
aflow:99d07306acc89e4a,Dy2Ge2Sn2,Orthorhombic,24.1065,8.12321,40.7208,101.691,254.108
aflow:99da371292315b6a,La3O7Ta1,Orthorhombic,16.0772,6.66341,70.2015,180.112,442.959
aflow:99e3ad711c64f777,As4K4Ni2,Orthorhombic,26.934,3.5355,12.1975,31.1901,255.945
aflow:99e7dccaf98a0ca3,Ir4Sb12,Cubic,25.6332,9.02834,60.0008,149.378,285.935
aflow:99f26f4b17234258,Dy2In2Pt4,Hexagonal,20.19,13.7247,37.5204,102.246,200.026
aflow:9a0054fa8058da99,Cd2Er4Se8,Cubic,28.7804,6.28706,18.5394,49.8728,190.928
aflow:9a0d8c9ac041f59a,Au4Ho1,Tetragonal,19.1753,16.502,27.8145,76.9104,156.049
aflow:9a121651e9fedde0,B2Mo1,Hexagonal,8.92195,7.29336,157.993,403.245,729.102
aflow:9a295f92980b2118,Lu1Pt3,Cubic,16.6181,18.9914,70.7192,190.513,232.946
aflow:9a3b31fe95c9b78d,Ge4Hf4Rh4,Orthorhombic,16.6101,11.7962,76.4807,199.224,336.938
aflow:9a3dad79736adddb,Au6La6Sb8,Cubic,26.9691,9.20264,34.9529,90.1277,215.073
aflow:9a51a2370a7829c4,Er3Pd3Tl3,Hexagonal,22.0814,11.9827,21.4024,58.9947,162.068
aflow:9a676bbe152cef9c,As1La1,Cubic,29.9999,5.91782,40.7637,101.192,274.931
aflow:9a7322a9c8589a25,O8Si2Zr2,Tetragonal,10.1758,4.98541,101.166,263.322,714.941
aflow:9a904c0549818196,As1In1Pt5,Tetragonal,16.4412,16.8119,64.0018,172.812,250.975
aflow:9a9ee1f42bae7542,I2Li2,Hexagonal,33.5343,3.31386,5.00257,13.5448,122.064
aflow:9aa3384d3e062bfe,Bi1Ga1,Cubic,33.3653,6.93567,20.0667,50.9064,169.986
aflow:9aa441c460318dd7,Mn4O14Tl4,Cubic,11.6744,8.15424,73.5629,190.691,426.959
aflow:9ab0972f231a4427,P1Pt5Zn1,Tetragonal,15.0162,16.9319,70.9108,191.121,273.938
aflow:9ac7d0ab226ef604,Al2Hg1Te4,Tetragonal,33.7481,5.37696,15.8941,39.4345,218.093
aflow:9ad459e8be4c804d,As4Co4Nb4,Orthorhombic,14.3773,8.73011,84.6671,218.16,415.929
aflow:9aec7e56829d88ce,In4Pd8Zr8,Tetragonal,19.4492,8.7096,39.8786,108.396,262.952
aflow:9af60c5a7274d323,Ir3U1,Cubic,16.5141,20.4799,123.188,321.127,316.954
aflow:9afbdeeebb675848,Co2Si4Tb2,Orthorhombic,16.0871,7.07147,66.9193,170.324,405.877
aflow:9b20bb8c04dd7312,B8Nb7Ru6,Hexagonal,11.892,8.93163,168.042,418.464,622.906
aflow:9b24a73c16356e8e,Be4Ta6,Tetragonal,14.5744,12.7805,110.776,276.568,395.04
aflow:9b25336a7cbe2ca1,Be26Tb2,Cubic,9.46764,3.45876,122.755,269.616,882.888
aflow:9b25a80f93aee9e1,N1Rh1,Cubic,10.3037,9.42075,111.071,292.206,512.867
aflow:9b2cec3b37cfebab,Sb1Sn1,Cubic,28.284,7.05806,14.8124,40.3711,161.949
aflow:9b521ccd2e03a6dd,S1Sr1,Cubic,24.6424,4.03235,20.3678,54.0846,251.959
aflow:9b5b20cd19a36664,Ag3Er3Sn3,Hexagonal,23.9355,9.10713,36.9027,94.2707,224.908
aflow:9b752e7c90f5d4d7,Sr2Tl4,Hexagonal,32.5857,8.43135,15.8846,40.1368,138.034
aflow:9b7ca825c1f32495,Ag4Dy4Se8,Orthorhombic,25.4835,6.97696,21.5605,56.5506,215.052
aflow:9b97c23e6352e08b,In1Yb1,Cubic,28.4201,8.4096,15.3129,40.1153,139.967
aflow:9bb0e05f1da032f6,Ho4Os8,Hexagonal,17.9024,16.8607,47.6712,133.024,216.042
aflow:9bb276703d8967fe,P4Pt10,Monoclinic,15.5729,15.8026,57.9136,157.612,264.996
aflow:9bc0d770eed17237,Al4Au4Y4,Orthorhombic,21.0616,8.22203,42.7155,110.15,274.939
aflow:9bc61e0c2e1943c6,S8Th4,Orthorhombic,24.1264,6.79453,29.2936,79.3572,250.968
aflow:9bc6f40af65534e5,Nb4Rh4Si4,Orthorhombic,14.8333,8.35485,116.276,297.748,492.09
aflow:9bc8de62e0d0e0ea,Ca1O1,Cubic,14.1732,3.28516,73.6719,179.193,619.873
aflow:9bd5ba34a8a85687,Cr4Mg2O8,Cubic,10.9081,4.18185,75.6367,197.159,639.105
aflow:9bd9f59d06ba13d3,H2Pu1,Cubic,12.622,10.7912,19.4141,52.7753,187.041
aflow:9bf188e5fb78ea9c,B4Ti3,Orthorhombic,10.1444,4.37146,205.221,467.666,1016.17
aflow:9bf8a506c5f16d2c,Ba8Ge4,Orthorhombic,39.7873,4.83087,11.6589,29.7338,153.954
aflow:9bf8f9bec7278661,B6Ni2W6,Orthorhombic,10.5252,14.4848,193.185,483.403,546.939
aflow:9c0cfe07d1014534,B1Sc3Tl1,Cubic,21.5753,5.38827,54.0045,130.71,366.088
aflow:9c11c047c72df5c3,Ge1In1Li1,Cubic,21.5343,4.99556,35.5767,84.3407,297.193
aflow:9c175fd59b90d321,Hf2Ni4,Cubic,13.4132,12.2095,69.9788,185.497,325.975
aflow:9c1c0e0187a2351c,Se12Th8,Orthorhombic,28.2489,8.24078,34.1569,89.4196,230.991
aflow:9c25b1f295d1a064,B8Re2Th2,Orthorhombic,11.6905,10.9248,167.448,405.69,567.071
aflow:9c3272cdf6b59ece,Dy4Pt4Si4,Orthorhombic,18.6245,11.4621,62.2755,161.765,291.06
aflow:9c3b576a5969b889,Ni16Si7Ta6,Cubic,12.0773,10.5316,110.852,285.57,459.897
aflow:9c3bde3044aabb79,Cu2K2Te2,Hexagonal,29.5243,4.31655,18.1493,44.9156,221.104
aflow:9c4580c1cfb500a6,Ir4S4Sb4,Cubic,18.8394,10.1666,85.764,212.608,365.918
aflow:9c568924a7b67651,Cu1Ga2,Tetragonal,15.7044,7.15557,36.4074,94.6942,285.265
aflow:9c5a4fb2a266e721,N8Re4,Orthorhombic,9.54902,12.417,190.601,479.623,626.89
aflow:9c68d753a5c1b840,Tl1Yb1,Cubic,29.3401,10.68,11.5492,31.0805,104.995
aflow:9c697bbcdaca44b5,Cd1Y1,Cubic,26.3596,6.34102,25.2526,66.0886,217.994
aflow:9c6f2b7fa35dcf8c,C1La3Pb1,Cubic,29.6423,7.12483,39.3962,97.0623,246.072
aflow:9c841f4bebd25fd6,Be1Te1,Cubic,22.7582,4.98393,39.9487,97.0057,321.898
aflow:9c9199f954dbc705,Rh2Th2,Orthorhombic,24.8321,11.199,28.9417,80.0881,185.982
aflow:9cbb504d2944873d,Pu1Se1,Cubic,25.466,10.5314,33.638,84.5169,209.99
aflow:9cbf8200cea159a5,Os4Sb12Sr1,Cubic,24.6946,9.13484,46.2937,120.117,255.955
aflow:9d043d56c74364e9,La1P1,Cubic,28.0058,5.03631,45.796,113.3,323.941
aflow:9d24b87ac3efd226,Ir4P12,Cubic,16.3543,7.23801,114.433,279.706,505.928
aflow:9d284b0e2cc08045,Sb6Y8,Cubic,27.9482,6.11867,31.6087,81.7369,247.042
aflow:9d32b4eb523876c1,Hg6Y2,Hexagonal,23.9993,11.9472,18.151,49.6613,139.011
aflow:9d3aacc399f38913,Er3Sn7,Orthorhombic,26.7032,8.28686,28.995,74.6951,207.078
aflow:9d43154e2daa86e0,Ir4Mg4Tb16,Cubic,27.0794,8.70991,27.1808,70.5265,202.042
aflow:9d470850bf9d725f,Cd1N1Ni3,Cubic,11.199,8.9703,67.2357,179.654,388.971
aflow:9d67de0c2985ea85,Al4Fe6Si8,Orthorhombic,12.3259,4.99727,108.937,268.295,664.222
aflow:9d806861e5bdcfc8,Ir6Mo2,Hexagonal,14.432,19.3473,187.62,475.538,415.993
aflow:9d82c12a9f3d8d82,Ge1Mn3,Cubic,17.9396,5.49368,34.1754,86.3464,302.007
aflow:9d9b873ee5316734,Br1Cu1,Cubic,19.7394,6.03372,11.8334,32.9459,164.839
aflow:9d9c9b23e4d2d075,Hf1Ni2Sn1,Cubic,15.4295,11.1539,52.8997,142.246,286.057
aflow:9da93ce1399c594f,C6Nb16Zn8,Cubic,14.4305,7.98448,83.2591,217.07,447.03
aflow:9dae80258c1bc363,Cr6Si2,Cubic,11.7418,6.50798,135.298,328.433,643.15
aflow:9dc0a83d1a0e560f,Ca2Pd2Sn4,Orthorhombic,24.3154,6.55361,20.303,54.1249,214.98
aflow:9dca02934916b5f5,Cd1Yb1,Cubic,28.4334,8.33528,21.1117,51.6991,161.964
aflow:9dd7850f597773b5,Li1Mg8Si4,Cubic,20.2085,1.98298,32.0125,79.8263,464.256
aflow:9de22e64d36d62f2,Se6Sn2Tl8,Tetragonal,29.155,8.35147,15.2762,39.4673,150.081
aflow:9de515ae0560d7fa,B1Pd3Yb1,Cubic,16.0304,10.4219,16.2499,46.4609,171.952
aflow:9dfb2ae6dbd9d46b,Tc2,Hexagonal,14.6024,11.2473,133.49,348.72,458.056
aflow:9dfdfdc00cc18bd8,Dy4Mg8,Hexagonal,25.8398,4.52218,17.3081,45.7677,216.922
aflow:9e0f114b1fdd2355,P1Tb1,Cubic,23.1228,6.8187,58.0501,142.019,333.958
aflow:9e14958ed53bad27,As2Mg2Na2,Tetragonal,23.2915,2.90443,19.8993,50.0933,315.165
aflow:9e183a9afc990944,K2O1,Cubic,22.7079,2.29606,12.534,32.6348,260.787
aflow:9e1c0a7413461b32,Os1Si3Th1,Tetragonal,18.5118,9.08669,62.2178,162.255,343.962
aflow:9e3577fb21874572,Cu2In1Zr1,Cubic,16.635,8.3135,51.5632,134.248,317.071
aflow:9e558bc257402650,Li1P1Sr1,Hexagonal,22.7571,3.05334,29.44,71.5604,352.884
aflow:9e633e21a7b704d6,Al6C6Dy2,Hexagonal,12.6594,5.23704,136.934,318.78,701.17
aflow:9e643376d04eba9f,Br1Rb1,Cubic,42.8018,3.20789,6.17845,15.9254,121.864
aflow:9e698068c174fcf1,Al16Rh7Sc6,Cubic,16.3567,4.97723,65.8812,168.615,464.898
aflow:9e72672b6745f4fe,F4Ni2,Tetragonal,11.5028,4.65256,46.0346,121.224,445.972
aflow:9e7b2a185cd3f995,P12Rh4,Cubic,16.3501,4.97212,94.2682,232.542,550.989
aflow:9e7d5ff7423c0535,Li23Sr6,Cubic,27.8586,1.40868,7.41574,18.6502,250.066
aflow:9e82ebd6c0eab17d,Au1Ho1Ni4,Cubic,14.0035,11.792,66.1587,169.398,315.988
aflow:9e9071780449728b,Ba8Sn4,Orthorhombic,45.1739,4.81969,10.3423,26.4917,140.938
aflow:9eba71c2bb569c1a,Au1Gd1,Cubic,24.2235,12.1409,23.8621,65.883,144.958
aflow:9edb425107166776,Se1Th1,Cubic,26.35,9.79935,50.7708,129.068,249.975
aflow:9eea25eafebd9a4a,Re8Tb4,Hexagonal,18.9943,15.4834,33.0189,93.9203,183.013
aflow:9ef902d6b56a03ff,La1Mn1O3,Cubic,12.4474,6.45258,82.1317,211.234,496.996
aflow:9f123ce2a9635083,Dy10Rh6,Hexagonal,22.9823,10.1264,24.0066,65.5233,182.968
aflow:9f224933dd0c841f,La1O3Ti1,Cubic,12.8053,6.08968,47.116,129.916,374.046
aflow:9f24f591c75a59cf,Ru6Si4Y2,Hexagonal,16.1884,7.6639,83.6679,215.844,433.101
aflow:9f3c65fa123a9d62,B8Ho2Rh8,Tetragonal,11.6546,9.81198,90.5604,239.9,444.928
aflow:9f3d2da987a744f9,F8Zn4,Orthorhombic,11.1052,5.15258,39.4757,104.933,414.139
aflow:9f4e0d882b8e9373,Au2Ti1,Tetragonal,18.0773,13.5286,35.9034,97.7338,206.979
aflow:9f6039dc2a59d028,Fe4P4V4,Orthorhombic,11.3997,6.68903,144.766,362.563,663.922
aflow:9f66b3161bbcc27d,Be4N8Si4,Orthorhombic,8.48357,3.18614,173.913,412.555,1197.03
aflow:9f698f4356abeb5d,I2La2,Hexagonal,33.8349,6.52268,32.7938,78.1865,221.865
aflow:9f75cf9217bb5e3b,B12Ni1,Cubic,7.81978,3.07762,140.157,343.675,1075.23
aflow:9f834f2718884702,Hf2Si2V2,Tetragonal,16.1991,8.79922,73.9976,192.142,382.03
aflow:9f89c6e64778bde5,Rh4Si4Ti4,Orthorhombic,14.819,6.68185,88.464,226.479,490.119
aflow:9f8d1d7cc315843f,Ir8S12Sn12,Cubic,22.2952,7.78957,31.6174,83.828,260.012
aflow:9f8e53ade4887ef0,Cr4P4,Orthorhombic,15.8767,4.33889,60.9973,153.814,478.75
aflow:9f91094658af1ae5,Be26La2,Cubic,10.0752,3.0145,110.345,245.615,884.794
aflow:9fa730501bdcdb4d,Er2Pt4,Cubic,18.381,16.7864,69.5768,183.444,250.947
aflow:9fc310962985d217,Nb4P4V4,Orthorhombic,14.2966,6.76849,115.075,292.519,550.918
aflow:9fcbe75bdcca78f7,Ni2Si2Th2,Tetragonal,20.1792,8.74503,33.6086,92.5011,237.012
aflow:9fd68ea503ecff44,Ge2Ho2,Orthorhombic,22.3495,8.82375,56.0478,137.152,289.955
aflow:9fd872d3fdf200c1,Ca2Ge2Zn2,Hexagonal,21.9263,4.49475,40.6894,95.7644,355.209
aflow:9fd9c28e5fd4b28c,Sb8Zr10,Hexagonal,22.4396,7.75441,46.8478,122.709,287.05
aflow:9fe5174d05433162,Au2Ga2Zr2,Hexagonal,18.5344,10.6891,55.264,143.909,284.991
aflow:9ffb88b9041ab447,Au4Cr1,Tetragonal,17.766,15.7,27.3061,75.6706,164.04
aflow:a00160fc5a955500,Ge1Th1,Cubic,29.0377,8.71018,42.4883,109.578,236.057
aflow:a00cc200e41cf085,Au1Cu4Tb1,Cubic,15.2327,11.0842,15.8928,45.4922,157.039
aflow:a030e1a3f3efd9f6,As4Ge2Mg2,Tetragonal,25.5639,4.00681,25.6439,66.1422,280.922
aflow:a06f0d1997fb6a97,O4Ti2,Tetragonal,12.1707,3.63372,65.1811,173.524,647.977
aflow:a08172562ab175a3,Ga4O12Te2,Tetragonal,10.7239,6.24661,100.966,256.056,606.106
aflow:a08dd23dd714bfe3,Bi4Ir4S4,Cubic,19.9785,12.0037,71.6259,179.713,299.981
aflow:a08fa5596bbf9c71,Co2Ni4S8,Cubic,17.1578,4.21069,21.3855,58.7005,267.11
aflow:a093975e8e47e2f2,Al4C6Th4,Orthorhombic,16.7425,7.85048,92.0811,226.992,446.056
aflow:a0941ceddfbf4b14,Be1Ni1,Cubic,8.66399,6.4879,102.871,260.52,603.973
aflow:a09ceded04eb7217,Sn8Th10,Hexagonal,31.6344,9.53569,41.0495,104.656,217.995
aflow:a09d041fb6737908,Fe1O1,Cubic,10.088,5.91316,52.9775,144.83,450.864
aflow:a09fe58198dad403,C4Cr12Nb12,Cubic,13.9802,7.58004,119.788,305.986,544.099
aflow:a0aeebad21f192c5,In2N2Ti4,Hexagonal,14.9892,6.22117,90.4008,223.168,524.973
aflow:a0b761e823730fe2,Sn4Y4Zn4,Hexagonal,23.5461,6.41702,43.1132,105.554,295.884
aflow:a0bf6292499f3088,O4Pt2,Orthorhombic,11.0672,11.3576,93.0551,244.087,434.904
aflow:a0c9eb9d7c77c98d,Ni2S6Ta9,Hexagonal,18.1931,10.4066,56.3992,148.084,330.966
aflow:a0dc04b1d645dc42,Er2S4,Tetragonal,19.3282,6.62617,46.2739,119.47,321.048
aflow:a0decbe88ade84c9,Ga6Hf6Nb4,Hexagonal,18.6873,10.3354,84.6381,210.994,352.934
aflow:a0f3babe29a92869,Ca4O12Tc4,Orthorhombic,12.1922,5.09335,83.5833,214.869,584.842
aflow:a0fc459ae1cc43a5,Ge2W1,Tetragonal,15.6086,11.6681,136.149,322.143,443.941
aflow:a111068aec3bb596,Ag4Ho4Se8,Orthorhombic,25.2148,7.09132,22.1645,57.8845,218.935
aflow:a126f192de14ca4b,Au4La4,Orthorhombic,28.2371,9.87582,18.5581,51.8082,129.982
aflow:a13bccbb2b851378,Bi4Pb4Pd8,Orthorhombic,21.5044,12.1423,23.1646,63.7296,165.906
aflow:a145f798bc270932,Er5S7,Monoclinic,22.2832,6.58706,40.3305,103.661,298.049
aflow:a14b77253d612c84,O12Sn4Sr4,Orthorhombic,14.2822,5.9135,67.7654,173.007,451.164
aflow:a14fffd4332d65fa,Ba2Sn2Zn2,Hexagonal,32.6144,5.45463,24.4352,59.1453,213.939
aflow:a165b280f0c37787,Co1Zr1,Cubic,17.5036,7.12242,52.9034,136.681,342.945
aflow:a16cd7474b3ebbab,Al1Ge1Li1,Cubic,17.9861,3.27787,52.4666,121.44,465.811
aflow:a16df87dec15ee9c,Rb1,Cubic,90.295,1.57177,0.987947,2.68331,54.9616
aflow:a173937e04c3c88d,Au2Si2Y2,Hexagonal,20.5897,8.44013,36.9997,97.3548,266.984
aflow:a17d98e1025f08bb,Cs8Te4,Orthorhombic,54.5119,3.99469,3.92002,10.4028,90.0308
aflow:a19b6a6ffb2f4f70,Hg1Yb1,Cubic,27.6847,11.2053,22.5345,56.744,140.959
aflow:a19cdea5f11fd86f,Ag2In1Li1,Cubic,18.5635,7.54744,14.8995,40.8621,169.103
aflow:a1c0209c473710f5,Ir8N4Zr16,Cubic,17.2665,10.4871,67.9548,181.067,331.992
aflow:a1ce8a799da0aa0f,In3La3Pt3,Hexagonal,24.3378,10.2074,29.7466,80.0274,195
aflow:a1cf5e4364eeb040,Hf4Pd12,Hexagonal,15.9248,12.974,80.0549,208.822,320.084
aflow:a1d9dcc845c0ba05,Pd4Sb4Te4,Cubic,24.2561,8.11807,28.432,76.1819,214.941
aflow:a1f42ab2e5ed413b,Te2Zr2,Hexagonal,24.1924,7.5098,55.4379,139.119,309.969
aflow:a1f7a31124753dd7,C6Nb8Si2,Hexagonal,12.7751,7.07991,129.031,328.974,609.112
aflow:a1ffcccefb96c1e1,B3La3Pt6,Hexagonal,18.0524,12.4155,36.0648,98.7988,231.024
aflow:a207d6a841bc8b3b,K2Zn26,Cubic,16.3622,6.44465,53.4154,123.06,344.199
aflow:a20827ac281382b5,Ca2Cu2F8,Tetragonal,13.0031,3.82301,36.2461,93.844,450.297
aflow:a20cea625ff11c69,Au1Cd1Sb1,Cubic,24.6504,9.68076,11.9432,33.8452,124.925
aflow:a21b02f100736b23,Ca1F6Pb1,Cubic,20.809,3.60363,21.7116,56.9624,316.92
aflow:a228f6739e37610e,Ge2Sc2,Orthorhombic,20.0396,4.87009,52.602,131.074,392.056
aflow:a22a842e9d3d6dd2,La1Sb1,Cubic,35.3334,6.12492,29.0354,73.4953,216.943
aflow:a23abd0165680631,Mg6O6,Cubic,14.9364,2.2404,32.5847,87.5758,502.877
aflow:a25ba543e871958b,Hf1Rh1,Cubic,17.2277,13.5615,31.0744,88.1868,194.967
aflow:a27278a6da6907df,Hf1Ni2Si2,Tetragonal,13.4241,8.70936,78.4269,205.514,409.047
aflow:a274d4fb29ac01b1,B2Fe4,Tetragonal,11.4115,5.94206,48.0521,127.104,434.096
aflow:a297b22a47c6f879,In8Ni2Sr2,Orthorhombic,24.0126,6.97971,26.4273,67.1235,224.151
aflow:a299bb9a93d8bfdc,Cu2In2Se4,Tetragonal,25.3947,5.49738,21.2314,56.1046,220.992
aflow:a29f83362e890e7e,Cu2F8Sr2,Tetragonal,14.6919,4.27909,28.9712,75.7839,369.809
aflow:a2bd74b497aff555,Cu1Er1,Cubic,20.3301,9.42599,36.598,95.0265,224.961
aflow:a2be57f97c3c3734,Al1Ca1Si1,Hexagonal,22.3713,2.35414,39.3864,96.0653,484.24
aflow:a2ccb8c1cb177f1c,Si4Sr2,Tetragonal,22.9957,3.46109,39.1958,94.3303,386.017
aflow:a2d0b7c455ed66dd,Co2Sb4,Orthorhombic,22.709,7.37156,27.5785,71.4226,229.016
aflow:a2d550bade29107a,Ba4Hg8Tl8,Tetragonal,31.4851,9.99168,10.8115,28.9381,105.085
aflow:a2f519ee71e8f203,Ca6P6,Hexagonal,24.2233,2.43541,33.3292,82.6856,421.911
aflow:a3014ad7fdc77f18,Hf4P2Sb2,Hexagonal,20.7051,10.2195,69.3383,175.191,313.014
aflow:a30bbe2831fa8a18,Ag2Cr4Te8,Cubic,28.4713,6.0178,4.87635,14.1114,100.987
aflow:a3351de2d57da1b6,C1Ti3Tl1,Cubic,17.1498,6.97303,82.9119,197.635,403.007
aflow:a33f98efd9bfc969,Ag1Cu4U1,Cubic,16.2564,10.2161,27.8055,75.642,209.99
aflow:a3425026adb15043,Au2Er1In1,Cubic,20.8129,13.4838,20.2433,56.6091,144.91
aflow:a347088e4932106b,Bi1Li3,Cubic,19.0357,5.01162,21.715,51.8432,249.103
aflow:a34a82c6b7f6787c,Cu1Ni2Sb1,Cubic,13.1103,9.5842,34.9971,97.0272,269.887
aflow:a3551249418cb573,Ho2In1Ni2,Orthorhombic,19.8307,9.41295,35.3271,91.9158,245.94
aflow:a3694033e6abeaea,Os6Th14,Hexagonal,30.2597,12.0446,28.5659,77.1364,177.973
aflow:a36bd88304037b89,Os1Zr1,Cubic,17.7289,13.1793,108.724,278.705,358.021
aflow:a36c707fe5266d6f,Ca1In1,Cubic,28.8019,4.46529,19.1404,48.2526,218.115
aflow:a36e459606596eb0,Th6Tl10,Orthorhombic,29.7999,11.9663,24.6213,65.9227,152.963
aflow:a37169d2282a7fd6,Co4Sb12,Cubic,23.4781,7.50033,56.1032,135.883,310.134
aflow:a38983dee9cb13bf,As4Co4S4,Orthorhombic,14.6086,6.28644,99.2889,231.872,527.891
aflow:a38d3842bc09c46f,Sb4Se12Tl12,Cubic,32.2782,7.14154,6.62033,17.3783,141.993
aflow:a38e4109ef4d22e1,C1Rh3Yb1,Cubic,14.8028,11.0779,66.3743,173.72,346.946
aflow:a38f1a0a16431a83,Er3Ga9Ru3,Cubic,17.3364,9.14808,60.1445,153.664,320.038
aflow:a39b28d260fb0f68,Be5Pd1,Cubic,8.97315,4.67147,123.408,287.744,775.001
aflow:a3a2bffdff1499bf,C1Dy1Rh3,Cubic,14.4176,11.1311,77.5014,205.608,357.911
aflow:a3bba9d7eb921660,Mo3P3Zr3,Hexagonal,16.2474,7.43134,111.717,281.485,500.993
aflow:a3cca7c11dd99072,C4Nb16Rh8,Cubic,15.4357,9.05881,49.0809,137.283,315.997
aflow:a3cdfb5055f945f9,B4N4,Orthorhombic,6.79105,3.03408,214.774,519.133,1452.71
aflow:a3d20f8367715c90,Ga1Mn1Ti2,Cubic,14.8883,6.14757,22.5529,64.198,257.939
aflow:a3ef546736421603,Hf1N1,Cubic,11.6813,13.6821,158.737,398.065,490.034
aflow:a3efff884a98fef4,Er3In1N1,Cubic,21.6181,9.6877,67.9568,163.055,310.053
aflow:a3fe7810c87205e0,Pd3Tl1,Tetragonal,16.7958,12.9409,37.7139,103.419,213.942
aflow:a418d79a0fa90095,Al6C6Tb2,Hexagonal,12.7463,5.1348,135.15,315.18,700.91
aflow:a41ed4d2c3fc119a,Cd1Zr2,Tetragonal,22.4801,7.25991,32.4397,85.7244,257.014
aflow:a43dced96bd8d59e,Cu4S8,Cubic,16.4582,4.29359,31.5031,82.8366,369.007
aflow:a44b129217b740b9,Pt6Sc4Si4,Orthorhombic,16.4224,10.5643,84.9429,216.936,366.934
aflow:a459945c53a9299b,In3Mg3Y3,Hexagonal,25.6301,4.92462,39.3031,94.2797,313.911
aflow:a46892f0377def6d,Mg1S1,Cubic,17.8059,2.62824,50.5946,123.91,532.953
aflow:a47595f4f42056e4,B8Nb4Ni4,Orthorhombic,9.66332,7.44136,174.75,430.812,736.172
aflow:a48099fa2c5ca600,Ni8P8,Orthorhombic,12.5281,5.94224,67.0302,174.208,489.186
aflow:a4c5261944e5f507,O24Y16,Cubic,15.3254,4.89339,62.511,162.866,474.909
aflow:a4e67a24003c101c,Cu2Hf10Sn6,Hexagonal,20.9037,11.5808,58.3335,150.039,268.039
aflow:a4f83bb55056a03e,In2La2Pd4,Hexagonal,22.5171,8.60105,29.7431,79.6713,221.073
aflow:a513c57b276194cc,Be26Mg2,Cubic,9.17788,1.8282,99.2055,222.933,1107.88
aflow:a517e96f4d6fe8e6,Hg2In4S8,Cubic,23.9561,5.53012,21.6005,58.1094,231.009
aflow:a524a8751b3f3630,Fe4P4Ta4,Orthorhombic,12.7155,11.6561,147.99,373.009,497.926
aflow:a534862f0707d9ed,Cu2Li1Si1,Cubic,11.9034,5.65394,49.6448,128.259,400.865
aflow:a541ee0810cffe1a,Co2Mn1Sn1,Cubic,16.4725,7.34618,43.0989,108.807,310.026
aflow:a568f1b0e4ca73fe,Ge1P1,Tetragonal,18.2311,4.71644,52.7496,128.669,422.059
aflow:a57da9ace8890e39,Ba1F3Li1,Cubic,13.3036,5.02435,42.4103,105.8,380.999
aflow:a583c9abe263a4bd,Pt6Th14,Hexagonal,30.715,11.9454,21.7032,59.7752,153.04
aflow:a592d0a1b4f99ead,Ag2Ge2La2,Hexagonal,24.7327,7.14731,38.3618,96.3052,261.079
aflow:a5a07064deeee46a,Eu1Se1,Cubic,30.7945,6.22598,27.741,67.154,225.069
aflow:a5b06c5cfb5f3270,Ru3Si3Zr3,Hexagonal,16.0234,7.61265,99.4006,254.358,468.076
aflow:a5b232f4dd809ab2,As4Cd6,Cubic,26.7077,6.05671,14.4643,39.3984,166.062
aflow:a5b6a4c476ad49ff,Au2In1Tb1,Cubic,21.2553,13.0404,24.0742,66.3302,159.023
aflow:a5bc67284a6a2aa5,H14Th2Zr4,Cubic,10.3803,6.74328,37.4428,101.16,349.901
aflow:a5bd4467e9ed05b8,Al2Ni1Zr6,Hexagonal,20.3457,5.98496,51.8881,134.255,353.037
aflow:a5c47a2aa45fe14c,O12Sr4Tb4,Orthorhombic,16.1544,6.05535,35.0542,93.8977,314.079
aflow:a5e69f3c807b1d34,Cd1Na2Pb1,Cubic,26.2128,5.78987,10.6925,28.0043,145.061
aflow:a5ec4e050110245b,Er4Ga12Pd1,Cubic,18.5739,8.47889,57.0992,138.711,309.114
aflow:a6000842f9be8632,As4Pd8,Orthorhombic,15.6949,10.1471,32.2073,89.2922,245.994
aflow:a60356bc997fa4fb,Er1Pd3,Cubic,16.9963,11.8818,59.7495,155.703,279.96
aflow:a607f27fa6c48822,Mg4Si2,Hexagonal,18.8254,2.25503,14.1795,39.2124,309.166
aflow:a61105df9e09d3a2,Er1Pt3,Cubic,16.9073,18.4773,68.508,182.245,245.016
aflow:a617f11287610c21,O24Sc16,Cubic,12.6713,3.61456,78.4062,202.282,655.959
aflow:a6233598953b7963,Bi1Th1,Cubic,32.062,11.4205,28.4433,75.6291,163.047
aflow:a632d17267515e73,Au2Ba2Sb2,Hexagonal,31.8721,7.92002,26.4373,65.9698,189.979
aflow:a644448fe83489af,Ru4Si4Y4,Orthorhombic,17.9865,6.71057,48.2667,129.644,340.929
aflow:a64a0d7f694f45a4,N2Ru2,Hexagonal,10.1627,9.40152,120.657,318.555,542.083
aflow:a652b12baeddf43f,I1K1,Cubic,40.286,3.42122,5.80901,15.2347,118.134
aflow:a65578e36cb27d11,Pt2Sb2,Hexagonal,21.0432,12.5011,27.0212,75.6468,176.022
aflow:a655aeef53046339,Au1Mn1,Cubic,17.7486,11.784,31.0343,83.6646,201.084
aflow:a6587b0a144e707a,Fe8Ta4,Hexagonal,14.8723,10.8915,48.1223,130.126,283.047
aflow:a659f3fa4217743a,Al8Zr12,Tetragonal,20.5479,5.29525,54.5936,139.446,388.076
aflow:a66065a880171888,As1Sn1,Cubic,25.1597,6.38918,35.1129,88.6986,259.05
aflow:a68a8a49a217e71e,Ag2Ga2O4,Hexagonal,12.4458,6.99145,38.1351,104.285,338.858
aflow:a68b53f4c9f2dfeb,Bi4Ni4Se4,Cubic,20.332,9.43656,37.8766,98.59,239.918
aflow:a68e4529694aa07f,Hg3Zr1,Cubic,22.0092,13.0711,15.6695,44.2268,129.958
aflow:a69b8bddddf76762,Ho1In3,Cubic,24.5353,8.61883,28.2501,73.8187,191.064
aflow:a6aac584648ebf1a,Si2Sr2Zn2,Hexagonal,24.0772,4.16299,39.3132,93.1534,343.979
aflow:a6b65119ee076b52,Bi8Pt4,Cubic,26.2218,12.9408,23.4,64.1616,149.008
aflow:a6f93590c6fb4a35,Bi6Sr8,Cubic,37.8026,6.13354,14.0892,36.4684,149.052
aflow:a70e1cad44b8938b,Er1Te1,Cubic,28.5097,8.58701,20.6255,56.008,169.025
aflow:a717615ae8e4b8bb,Au2O4Y2,Hexagonal,17.0498,7.73964,28.7946,79.464,253.07
aflow:a719b6f247461796,C2Fe12W12,Cubic,13.8246,13.3992,80.6232,215.468,338.97
aflow:a71ac540430807df,Ba2Zn26,Cubic,16.4594,7.11448,48.9859,115.317,326.151
aflow:a72c66403b8d08d2,B8Ir6Zr2,Hexagonal,10.9917,13.4288,112.192,294.87,448.073
aflow:a72edbac95240550,As8Hf12,Orthorhombic,19.5948,11.6152,66.151,170.592,292.993
aflow:a73212389e365daf,Mn3P3Rh3,Hexagonal,14.321,7.29788,52.0858,138.353,372.031
aflow:a739eb4e2bb7ab8e,Ca4Cd8,Hexagonal,25.5455,5.73978,24.057,60.5776,216.078
aflow:a73cb89021806fc6,Ho3Rh3Sn3,Hexagonal,21.1169,10.1316,42.5793,113.108,242.069
aflow:a7431e81fbbacd96,Cr4La4Se12,Orthorhombic,23.5256,6.03895,37.1121,94.1871,289.9
aflow:a74b412faa7fdc81,Ca2Hg6,Hexagonal,25.6056,10.4061,11.4586,31.1125,116.996
aflow:a7617b1c7ed6d859,As1Er1,Cubic,24.0825,8.34946,52.059,127.939,282.079
aflow:a783be5735d01164,Dy2O8V2,Tetragonal,12.1527,6.31819,58.9586,155.765,491.921
aflow:a784a9c254d3c96e,B1C2Sc2,Tetragonal,12.3877,3.34431,71.3405,182.445,702.054
aflow:a7896193caf5ff0e,O8Pd4Y2,Tetragonal,12.2207,7.0988,60.8291,161.236,445.854
aflow:a7b9a122dec417bf,Li1Pb1,Cubic,22.627,7.85762,9.86566,26.9899,127.058
aflow:a7cbc51fd67d5f60,Au2Ho2Sn2,Hexagonal,23.8222,11.1665,32.6497,85.7233,200.951
aflow:a7d63869441be7ee,O3Sr1Tc1,Cubic,13.2386,5.88337,93.7816,236.977,540.984
aflow:a7e382cbaa1b5f3e,As4Ho2Ni8,Tetragonal,13.9513,9.34397,59.4188,154.939,339.063
aflow:a7e8c094f00c8588,Rh8Sn26Th6,Cubic,24.5387,8.9687,38.8649,101.534,237.04
aflow:a81bb2b2c64c9d6f,O3Sn1Sr1,Cubic,14.4695,5.83693,80.9891,202.563,485.145
aflow:a824f22bcf1ceb0f,C2Dy1Ni1,Orthorhombic,12.0583,8.44203,101.244,251.014,521.935
aflow:a853db3825c8a64a,Si4,Hexagonal,20.4123,2.28475,62.0702,151.088,609.181
aflow:a873c04ce401162f,Al1C1Y3,Cubic,23.4505,4.3295,62.0334,148.14,425.051
aflow:a877d3b01049d5a9,I1Rb1,Cubic,45.1543,3.90497,5.62036,14.4591,108.157
aflow:a87a4479f2eb41a3,Fe6N2,Orthorhombic,12.3432,6.10596,44.6445,115.893,394.084
aflow:a8963847eb0b199d,Al36Mg6Mo4,Cubic,17.2071,3.14878,52.6787,131.922,510.916
aflow:a89a7c64bdfbb2eb,Te1Th1,Cubic,30.2792,9.86146,52.973,131.259,241.94
aflow:a8a0bade8fc7feb3,Cd1Er1Ni4,Cubic,14.1313,10.0749,54.8518,142.853,308.001
aflow:a8ac23d5ab62e1fe,N1Ta1,Hexagonal,11.1516,14.5149,225.911,550.939,573.072
aflow:a8ae15d3a6620a81,N2Y2,Hexagonal,17.4175,4.9057,52.1428,137.872,413.908
aflow:a8c395dc70d63e16,Te2,Cubic,32.7323,6.47327,7.59925,21.6788,114.946
aflow:a8e3352f2d4aba9f,Hf6Sb6,Orthorhombic,23.091,10.7955,60.5927,151.448,278.937
aflow:a8e4a8cd457eb606,Ga1Ru1,Cubic,13.6955,10.3549,89.8356,234.842,401.879
aflow:a8e7689ec26bfdf3,In3Pt3Y3,Hexagonal,21.7466,10.151,32.1934,87.5346,209.019
aflow:a8e94be57170df83,Mo1N1,Cubic,13.4204,6.80197,38.1822,107.607,327.988
aflow:a8f883311b07a7ae,As8Zr4,Orthorhombic,23.8131,5.60329,32.2965,81.6358,320.954
aflow:a8fa9eb8063bee4c,P12Rh4,Cubic,16.3441,4.97393,95.0343,234.248,552.076
aflow:a9053c964a25e231,Ga3Hf1,Tetragonal,17.0051,9.46473,77.3425,187.383,347.093
aflow:a910c394f6b05eb5,Er1Se1,Cubic,23.249,8.79301,26.3462,71.5341,201.033
aflow:a9111dde9eb7a8be,Li4Na4Te4,Orthorhombic,24.6452,3.53803,15.3505,38.3364,228.88
aflow:a9187da830bbd535,H4In4O8,Cubic,9.64955,6.35968,76.3249,196.375,538.785
aflow:a91e7b39644043e1,Dy3Pd3Tl3,Hexagonal,22.4676,11.6595,21.456,59.0222,162.947
aflow:a91f3d9f527c9db9,Te2Ti2,Orthorhombic,27.1128,5.37431,16.2983,44.3382,183.054
aflow:a921e78d42e7f6a6,As4Dy4Pd4,Orthorhombic,19.406,9.80676,51.6086,133.121,281.912
aflow:a92a093ecd79bd09,Ag8Ba4Te8,Orthorhombic,31.1602,6.48295,13.6307,36.3746,153.968
aflow:a92b58c15da82969,Ba10Sb8,Orthorhombic,42.1232,5.14072,14.1191,36.21,160.958
aflow:a92b7720355afbb5,In2Pt4Y2,Hexagonal,20.2528,12.1737,37.4,101.744,213.973
aflow:a933bda42ca16d2e,Cs6Ni2O4,Tetragonal,28.883,4.68948,9.54778,25.2497,171.929
aflow:a93d60018b81aa02,Ge4Rh4Y4,Orthorhombic,18.8973,7.74449,53.2679,138.973,329.974
aflow:a94567bbc05b256c,Zn44Zr2,Cubic,14.705,7.50978,52.0888,126.081,345.145
aflow:a94cbd0169e5270f,Pd3Zr1,Cubic,16.205,10.514,71.7182,188.52,333.913
aflow:a95295f840e03ac0,Ga8Nb10,Hexagonal,16.955,8.09058,90.3831,228.375,423.069
aflow:a97b18881d1a1d91,Ni1Sn1Th1,Cubic,24.7464,9.15763,43.8424,114.139,244.988
aflow:a98fc872dd915b7f,Ba1Ni1Sn3,Tetragonal,26.7161,6.86303,28.2565,72.416,215.959
aflow:a995537aee9be53c,B6Dy1,Cubic,9.79936,5.50386,63.4007,170.077,519.95
aflow:a997e20f53ed2acb,As1,Cubic,20.4262,6.09072,29.0961,78.3117,264.919
aflow:a99a4e29778fe125,Al4Y8,Orthorhombic,26.7232,4.24186,29.7262,75.1305,296.975
aflow:a99cce5f14f9a433,N4Re2,Tetragonal,8.63773,13.727,267.785,648.581,698
aflow:a9b419dddfacc178,Hf6Si4,Tetragonal,18.1164,10.8459,90.621,224.623,361.948
aflow:a9b549be5fa78145,Hg2Pb2Sr2,Hexagonal,31.3157,8.7565,19.0297,48.1324,151.997
aflow:a9c2287f020d04f2,Se2V2,Hexagonal,20.0114,5.3896,42.0109,106.711,331.979
aflow:a9c6b29d70d7cbec,As1Ga1,Cubic,23.5803,5.09348,40.8123,100.603,312.888
aflow:a9cd44a3b513cfa5,Au1Cd1,Cubic,19.2687,13.3308,13.6564,38.9746,122.017
aflow:a9dd7a99cc37634d,Pd3Y1,Cubic,17.4139,9.72893,56.9067,147.897,301.875
aflow:a9e814ba2ec8e022,Cu2Er1Si2,Tetragonal,15.5943,7.46502,73.8821,182.513,404.162
aflow:a9ef446c4e0ff495,Cu4Dy4In2,Tetragonal,21.2403,8.86409,27.5526,73.3315,207.02
aflow:a9ffbcbb530940ef,Cd1Se1,Cubic,23.4402,6.77846,27.7529,72.5173,226.885
aflow:aa05095e36513fca,Dy1Mg3,Cubic,24.33,4.01682,26.0822,64.6273,282.1
aflow:aa07e35305b92ac7,Au4In2Tb4,Tetragonal,23.7712,11.5485,29.6879,79.1717,182.087
aflow:aa251335690bc0b5,Fe2V6,Cubic,12.8115,6.76164,49.8853,138.819,379.963
aflow:aa4d29b13edb8295,Ge4Pt2,Orthorhombic,18.1479,10.3783,46.2322,120.704,285.094
aflow:aa6ceeb12511471b,Ce1O2,Cubic,13.822,6.89265,76.6165,202.507,449.91
aflow:aa6e17dbfaaa2566,Pd8Si4Tb4,Orthorhombic,17.7722,9.33907,45.0889,120.52,280.902
aflow:aa7739a42d917bcf,As1Th1,Cubic,26.2135,9.72246,33.6208,90.2874,208.982
aflow:aa7bd49ec6dd6d58,Pd2Zr1,Tetragonal,17.3361,9.70687,38.2281,105.699,253.975
aflow:aa834cb2215d17c2,As4Cu2Y2,Tetragonal,18.9342,6.62788,53.9374,134.833,348.933
aflow:aa89372868af03a8,N1V1,Hexagonal,8.8398,6.1002,247.946,590.65,987.18
aflow:aa90d76cee5805a3,Ce2O8Si2,Tetragonal,13.0862,4.91079,63.5236,168.216,540.919
aflow:aa9a46b99e02dab5,Au1Mg1Sn1,Cubic,23.3133,8.0715,27.5993,72.4012,205.939
aflow:aab32adb95974548,O2Rb2,Orthorhombic,23.3141,3.61348,11.1826,29.2157,225.945
aflow:aac396ffef81ec2e,Ho2Si2Ti2,Tetragonal,20.8453,6.39713,58.2479,144.602,359.029
aflow:aae419431568f222,Er1P2Ru2,Tetragonal,15.459,9.26671,103.01,257.549,456.058
aflow:aae7f6bc01d6c603,In3Th1,Cubic,27.2126,8.79462,24.434,64.9933,182.941
aflow:aafc668c32c35dfb,Bi6Tb10,Hexagonal,29.406,10.0344,30.6469,78.6114,187.011
aflow:ab12888374d76ba7,O1Zn1,Cubic,9.33396,7.23882,73.8956,193.777,491.029
aflow:ab157d4a61f7ee4f,Cd2Lu4S8,Cubic,24.6067,5.6935,25.1901,66.5864,250.053
aflow:ab19cb2176f3e811,Mo2O12Rh4,Tetragonal,11.2509,6.52266,83.0991,221.021,543.991
aflow:ab1abd143b686f21,K1O3U1,Cubic,16.7521,6.44557,66.0742,170.143,408.067
aflow:ab239425d544d530,Ge2Ir3La1,Hexagonal,17.8691,13.3312,97.5384,247.716,338.091
aflow:ab2c9b4d65b4ced3,Er4Pt4,Orthorhombic,21.3062,14.1202,35.7868,97.2489,188.99
aflow:ab3be1b2c9ee380e,Cu7Hf6Zn16,Cubic,14.8948,9.84848,44.7997,117.305,288.893
aflow:ab3fbb974a832660,Ir4P8,Monoclinic,15.3197,9.18326,128.802,315.556,498.106
aflow:ab43d348acf0aded,Ni2Tb2,Orthorhombic,19.837,9.10823,27.3486,73.8234,209.963
aflow:ab4b706b011cca71,Dy1Ni2Si2,Tetragonal,14.7943,7.5438,70.2294,179.471,410.967
aflow:ab4dcaad9226a98c,La1Pb3,Cubic,30.8605,10.2303,16.7332,44.838,134.968
aflow:ab6ed34ac75bc7b8,Au1Mn2,Tetragonal,18.2852,9.28845,26.045,70.1202,210.103
aflow:ab6f8d92be6bad9f,Ag2Al1Sc1,Cubic,18.3877,6.49473,23.3542,64.2816,231.045
aflow:ab6fb47139d6d74e,Cd4O8Rb8,Orthorhombic,22.2469,4.70755,13.6326,36.3949,215.957
aflow:ab71b3c24dfb8581,Au8Ga4,Orthorhombic,17.6617,14.5313,23.1175,63.734,165.884
aflow:ab7480025e8a73c5,Pd8Sc16,Cubic,21.2338,5.11738,31.2622,83.4297,294.972
aflow:ab8566eba72608f1,O6Sn2Sr2,Tetragonal,14.2473,5.92798,81.3785,202.16,490.157
aflow:ab9819db1a35de1e,Br3Cs1Hg1,Cubic,36.5778,5.20444,8.11402,21.8307,121.043
aflow:ab9b8e12b5f5854b,Hf4O12Sr4,Orthorhombic,13.9038,7.50283,90.3909,227.862,477.945
aflow:aba814a45970107d,Ca4O12Si4,Orthorhombic,9.39936,4.10442,101.78,263.532,756.838
aflow:aba8d2d39d898831,La4Pb2Pd4,Tetragonal,25.9879,8.91755,24.7318,66.358,184.022
aflow:abaa473b4fe74092,Pb3Pr1,Cubic,28.9273,10.9427,22.3319,58.5245,151.958
aflow:abb4c9f400992c72,Mg24N16,Cubic,12.5918,2.66199,77.2964,187.805,735.767
aflow:abca40e68e1c121d,Al16Hf6Os7,Cubic,16.0685,10.0991,67.8841,179.104,341.013
aflow:abe5c32e8d4fbeeb,La1Se1,Cubic,28.9846,6.24079,26.1686,69.652,219.969
aflow:abe8b2c0bb692c91,Ba1H3Li1,Cubic,12.8655,3.80223,39.6624,88.7988,419.072
aflow:abf5b7fa198a8dc2,As1Dy1,Cubic,24.7178,7.97498,50.6182,124.615,281.992
aflow:abfd410cac3d9dc8,H4Sr2,Hexagonal,13.6933,3.62328,27.226,67.2002,363.224
aflow:ac085a73c29ce947,V1Zn3,Cubic,14.041,7.30519,35.0179,93.6954,280.026
aflow:ac0a35fb28a4318b,Rh6W2,Hexagonal,14.2978,14.3016,127.254,332.096,403.013
aflow:ac17f93692487046,Cs4Na8,Hexagonal,54.0144,1.83313,2.24474,5.87454,90.9868
aflow:ac232fbf28827cdb,Os1V1,Cubic,14.2122,14.0874,129.998,331.914,406.977
aflow:ac2443c0f70194ca,Al4Sc2,Cubic,18.6049,2.94293,66.5687,159.047,571.049
aflow:ac3113a985751bad,Nb8Ni2Si2,Tetragonal,16.2571,7.8037,101.369,258.138,466.921
aflow:ac4a44c8fcea2c0a,Cl8Cu8,Cubic,18.0087,4.56423,15.4764,41.9962,231.844
aflow:ac4e74a3008e70c6,Rh6Te4,Orthorhombic,18.2792,10.2456,53.0537,141.553,287.055
aflow:ac54cf33d37d8808,Na4Pd2Se4,Orthorhombic,23.0371,4.47336,12.8576,34.1509,234.126
aflow:ac55adabd5745493,Lu1Ru2Si2,Tetragonal,16.2218,8.87046,76.3589,197.86,392.058
aflow:ac65276c83075063,La2Sn2,Orthorhombic,32.9597,6.48895,29.0874,74.1895,217.994
aflow:ac6b5aceace8d8aa,Be1Se1,Cubic,17.4019,4.19728,53.0314,128.714,440.862
aflow:ac7610d35123f5c5,Hg33K3,Cubic,30.1819,10.2956,3.3751,9.40269,53.9148
aflow:ac9016ac2c1354f1,Al6Pt6Zr6,Hexagonal,17.8208,9.73079,61.1141,161.892,317.944
aflow:acc2c58523ee6cb1,Ca1O3Ti1,Cubic,12.0473,3.74852,102.919,257.159,733.176
aflow:acc809c004d150a9,As4Ni4S4,Cubic,15.3069,5.99086,54.6779,139.761,407.875
aflow:acc935168652beb5,Ag1Br1,Cubic,24.7872,6.2896,9.78566,27.0743,134.109
aflow:aced1a60298fa90a,Ca24N16,Cubic,18.8855,2.60709,33.9587,87.2155,449.134
aflow:acf7161f700ef029,C2In2Ti4,Hexagonal,15.6807,5.89398,97.331,232.811,557.897
aflow:ad41a3c8cb8e3655,Hf4Re8,Hexagonal,17.4469,17.4773,61.2621,170.53,239.97
aflow:ad5c5cf4045454df,Al3Ho1,Cubic,19.1102,5.3412,61.44,144.826,415.1
aflow:ad617da6a77f4534,Fe1H6Sr2,Cubic,11.2318,3.89541,38.7511,93.7324,477.243
aflow:ad6f64d685ae95e7,Au1Ga2,Cubic,19.7177,9.44453,16.3916,45.5817,153.916
aflow:ad7f4350cf7373ea,K2Mg5Sn3,Tetragonal,29.7582,3.10138,10.6077,27.4153,225.114
aflow:ad841bbe0adf450e,Er6Ru4,Hexagonal,22.9105,10.2039,31.1152,83.801,207.021
aflow:ad8b903eea462234,Ag1Dy1,Cubic,24.1498,9.29527,26.7189,70.266,187.941
aflow:ad9354be15e720b4,Rh4Si4Ta4,Orthorhombic,14.8127,11.6564,118.668,305.79,418.999
aflow:ad9bb3ce8c34c78e,Al1Ni1,Cubic,11.7646,6.04614,77.8808,201.809,501.175
aflow:ad9cecf0b46ecca9,Ge4Th2,Orthorhombic,24.5579,8.50217,47.5316,120.327,271.008
aflow:adbe8d0fb1d9efcd,Co4Sb12,Cubic,23.4655,7.50434,56.2673,136.229,310.933
aflow:add359f117a4cf0d,Rh4Th2,Hexagonal,20.558,11.7888,24.2575,68.708,177.995
aflow:aded7757758d8b7a,As4Os2,Orthorhombic,17.4001,10.8171,119.299,288.535,423.071
aflow:adf8044883f8c0a1,Al3Hf4,Hexagonal,19.2626,9.78931,86.4651,207.768,360.942
aflow:ae06258781b58bdb,O2Pb1,Cubic,13.1815,10.0444,27.3125,76.7097,231.107
aflow:ae0eac9c52bcccd3,Rh4Si4Zr4,Orthorhombic,16.1188,7.63063,94.1775,240.659,456.975
aflow:ae1b79ede33ad940,Er1Ir2Si2,Tetragonal,16.1969,12.464,106.791,267.955,390.043
aflow:ae212ec034e7c653,Be26Ca2,Cubic,9.59017,1.94471,123.031,257.744,1182.23
aflow:ae413833f5129114,Au4Ho10Sb2,Tetragonal,26.1121,10.6544,22.5926,60.8808,166.971
aflow:ae41eebfc11c7549,Al16Hf6Pt7,Cubic,16.2219,10.1244,82.5195,208.373,371.918
aflow:ae57dbb8516508a7,C1Sc1,Cubic,13.4692,3.51156,69.843,180.822,607.089
aflow:ae5a8b9f35b8d5f0,C8Gd4Mo4,Orthorhombic,13.4949,8.52771,100.14,255.935,485.93
aflow:ae6f5ab8c0cc87ae,Nb5O9Sr2,Tetragonal,13.3166,6.10834,98.5461,250.331,569.861
aflow:ae73ead1015d7ceb,Ca3Ir4Si4,Cubic,18.6449,8.10834,49.928,133.025,311.024
aflow:ae7b9e24cd36edc3,Au1Y1,Cubic,23.3563,10.1622,30.3376,81.1065,199.016
aflow:aeb749790927c2ab,Cu4Si4Ti4,Orthorhombic,14.3083,5.39774,74.0944,185.273,490.915
aflow:aed13d05cab56e5b,Fe8Ta4,Hexagonal,14.8761,10.8887,49.634,133.583,288.943
aflow:aed4635a171cb410,Er1Ru2Si2,Tetragonal,16.4086,8.61348,79.5517,204.339,407.041
aflow:aed874a0f92764de,Al6B4Ru8,Tetragonal,11.8709,7.87768,110.769,284.551,559.035
aflow:aef1246e5a5979ad,Ir4Zr2,Cubic,16.7638,15.7056,124.878,320.631,361.97
aflow:af023e196da71caf,Al2Th2,Orthorhombic,27.7416,7.75212,40.7361,103.139,253.03
aflow:af05cbd768f04471,Ca2In4,Hexagonal,27.6195,5.40537,28.4349,68.8329,242.162
aflow:af102afc1723b260,Bi4Pd6S4,Cubic,21.2411,8.94868,15.5591,43.1086,194.004
aflow:af1c05a2d9b48a26,Ca1P2Pd2,Tetragonal,16.8392,6.20914,47.1041,123.993,347.983
aflow:af22fa254237b280,Ga6Hf6Pd6,Hexagonal,17.2748,11.3628,60.744,159.752,293.007
aflow:af26684c8e0291fc,Rb12Sb4Se12,Cubic,39.7674,3.66879,5.78107,14.9586,161.962
aflow:af323b68464f7eb8,Pd16S7,Cubic,16.0073,8.69049,24.1884,68.2854,220.929
aflow:af3f5836c94a3d21,Cd2In4S8,Cubic,23.6583,4.71556,22.8751,61.4652,256.066
aflow:af45311e1b87606f,P8Rh4,Monoclinic,15.2149,5.99729,101.263,252.192,541.854
aflow:af486e87565f5b74,Ru8Tb4,Hexagonal,18.1412,11.0166,22.9257,65.1789,180.922
aflow:af57c7b7977b1aa9,Ge2La1Pd2,Tetragonal,19.8755,8.30267,41.0431,108.707,271.075
aflow:af60a19ee4cb3953,As4Mo5,Tetragonal,17.3231,8.30108,85.2055,214.976,442.965
aflow:af66b7469d406323,Pb2Pd4Y4,Tetragonal,22.6952,8.74803,27.743,74.895,205.953
aflow:af873938b6ee0171,Dy1In1Pd2,Cubic,19.407,10.4842,31.4763,85.8231,210.064
aflow:af940f6186070991,Ho2Sn4,Orthorhombic,26.9307,8.2688,33.7761,85.055,223.094
aflow:af97cf6d7fc0faa2,Co4Se8,Cubic,16.5509,7.25226,64.9108,159.002,379.961
aflow:afa6e5dc6e33e138,Ag2Ho1In1,Cubic,21.1486,9.72612,19.0459,52.6461,163.034
aflow:afe46eb797a99ed1,Au3In3Tb3,Hexagonal,23.2419,11.2101,38.5522,99.7054,213.076
aflow:afe8109d60c03bd9,Hg2Zr6,Cubic,21.9496,8.96955,57.8725,147.117,292.954
aflow:b005d9ddcb3254d1,Os6Sn14,Cubic,22.0384,10.5594,32.8389,90.0119,209.07
aflow:b0097dd70e8ac08f,Ge6Tb10,Hexagonal,25.6146,8.20393,50.7897,122.806,277.081
aflow:b04345b432b1f4a4,S8Ti4,Cubic,18.6513,3.32441,41.5977,110.247,437.077
aflow:b043b3cc5b09bca7,La2O2S1,Hexagonal,20.5202,5.53298,49.329,126.511,370.097
aflow:b05b7f0dcfc76fbc,Al3Pd3Y3,Hexagonal,20.04,6.13966,30.5127,82.6624,269.973
aflow:b08aeea1f94fa24c,Ag1Gd1,Cubic,25.0246,8.79612,17.8841,49.6778,138.049
aflow:b08bbf10ddac10f0,Co4Sb12,Cubic,23.4658,7.50424,56.2272,136.221,310.127
aflow:b0932d269ad7d933,Al3Mg3Y3,Hexagonal,23.7626,3.26556,44.7103,106.501,413.897
aflow:b097c396dc7bb87c,Tl1,Tetragonal,30.4457,11.1465,4.34377,12.4247,64.0081
aflow:b09dc33db7aab523,Ag2Ho2Sn2,Hexagonal,24.1798,8.96177,38.7516,97.9118,234.012
aflow:b0bfbf4680119af3,Cu1Y1,Cubic,21.4236,5.90827,31.8217,82.0333,273.886
aflow:b0f14217ea99cb9c,Cl1Cu1,Cubic,16.7955,4.89394,7.25386,20.9057,150.128
aflow:b0fc3de4383a8be6,N1Y1,Cubic,18.5675,4.60186,33.3146,90.9493,336.999
aflow:b0feb8746f3a1e96,As12Co4,Cubic,17.5434,6.71322,81.4043,194.68,429.981
aflow:b11846f033748bea,As8Th6,Cubic,26.5499,8.89737,51.9188,131.804,267.046
aflow:b11889f2f9b5bc66,N6Ta2Th2,Orthorhombic,13.9555,10.828,128.782,323.754,479.042
aflow:b1221be6db2bd100,Er2Ga4Ni2,Orthorhombic,16.7994,9.03009,51.6142,132.651,298.905
aflow:b12c07ba7501f592,Au1Ge1Ho1,Cubic,22.923,10.4914,29.2195,78.5635,193.025
aflow:b1316711edbc2adc,Be1Cs1F3,Cubic,13.1496,5.02378,25.2177,68.4239,306.889
aflow:b14246c37faa2516,N1Nd1,Cubic,17.3552,7.57048,88.3516,223.107,400.048
aflow:b167bafb684ed8c2,Ca1Se1,Cubic,35.8604,2.75611,5.72876,16.2361,145.983
aflow:b17e838001898738,Dy4Re8,Hexagonal,18.8737,15.6871,38.6514,109.017,197.018
aflow:b17fb10793f51754,Lu1Pb2,Tetragonal,29.1528,11.1901,11.5566,31.7637,113.986
aflow:b194a22dbd1e7b74,Hg4Sr12,Orthorhombic,44.5886,4.31488,5.49279,14.7799,111.066
aflow:b1acaa12b27a4ec1,Ca3O1Pb1,Cubic,23.263,4.90302,43.5936,101.901,334.014
aflow:b1b45b8640f10727,Cd4Ge4Sr4,Orthorhombic,26.3379,5.72935,28.0621,69.1944,239.127
aflow:b1b76758a64dac8a,Ba4Hg4S8,Orthorhombic,29.2575,5.70455,16.6648,43.0347,209.025
aflow:b1d2750203348158,Th4Zn2,Tetragonal,29.297,10.0031,21.5134,58.3907,158.015
aflow:b1e33e2c2704f1cb,Mn1Pd1,Cubic,16.145,8.29695,31.7073,86.0928,260.875
aflow:b1f0715636739c9c,Mn4O14Sb4,Cubic,12.369,5.67964,87.4866,220.776,561.883
aflow:b1f1cdfe313b85d2,Dy8O4S8,Orthorhombic,20.1167,6.68816,36.5677,95.1238,316.997
aflow:b1f37e8516f1f1b4,Mn4Nb4P4,Orthorhombic,13.1061,7.55208,119.081,306.91,548.092
aflow:b1fff2a5c909906a,Ru8Zr4,Hexagonal,16.6377,9.75969,43.7016,121.953,280.946
aflow:b2082697dd593904,Pd4Sn4,Orthorhombic,20.2925,9.20956,27.0427,73.3144,222.897
aflow:b209f499d63bfd54,In4Pt2Sr2,Orthorhombic,24.7091,8.60794,27.2544,70.4802,212.861
aflow:b20c8ae03dde80bb,N1Zr1,Hexagonal,12.6136,6.92637,120.72,306.343,586.035
aflow:b21cd52623381cdc,C2S2Zr4,Hexagonal,15.6565,6.00599,113.178,276.035,579.073
aflow:b223849480e83aeb,Ga4Os2,Orthorhombic,14.3527,12.7139,100.667,255.76,378
aflow:b225877890e7d442,As1Fe1Li1,Tetragonal,11.939,6.38444,82.0465,188.234,555.364
aflow:b23122bb442e333c,Au4V2,Orthorhombic,17.8257,13.814,32.0235,86.8128,193.068
aflow:b243bab6096be0b8,La2Pt4,Cubic,20.2813,14.4397,53.1835,142.403,226.028
aflow:b24a7033c6d80571,P7Ru12Sc2,Hexagonal,14.048,8.55332,97.2865,255.433,467.922
aflow:b255d4ebb43a1bc4,Al2Ir1Li1,Cubic,13.573,7.74186,61.6907,160.982,386.048
aflow:b272f5b46e0c9457,Ag4Ca2,Orthorhombic,24.0534,5.8868,14.6922,39.3299,182.894
aflow:b277444b998928c7,La1Pt3,Cubic,19.0805,15.7559,40.9309,112.027,199.011
aflow:b28ce86f41201aa7,Fe2N4W2,Hexagonal,10.2245,10.8696,144.462,365.953,583.028
aflow:b29f50f05cf9e2a9,Al3Ho3Ni3,Hexagonal,17.7508,7.81439,40.2984,105.857,287.025
aflow:b29f8d68fec2d722,Al4Cu2Mg2,Orthorhombic,16.5725,3.5524,47.065,117.552,454.757
aflow:b2af4cca59eb81b2,Al2As2,Hexagonal,23.6004,3.58499,38.9599,97.8471,373.007
aflow:b2b15da5dd17ccc9,Li2Pt4,Cubic,16.8982,13.008,69.7754,178.256,292.889
aflow:b2b3dbb0e4851211,Te1U1,Cubic,29.3707,10.3359,41.8126,101.78,209.989
aflow:b2b4eaaab27058fd,F2Ti1,Cubic,12.2221,3.8901,48.389,125.814,475.304
aflow:b2b66b1f00b148f9,Mn4P4Zr4,Orthorhombic,16.5359,5.92922,75.6067,187.008,460.019
aflow:b2c68f1ee957adf3,Si2Sr4,Hexagonal,31.9605,3.52133,17.9959,45.0522,237.954
aflow:b2cf0006f4189169,Al8Er2Ni2,Orthorhombic,16.9154,5.46263,60.829,151.523,416.999
aflow:b2d8803094b73e80,Mg2Ru2Sn8,Tetragonal,22.871,7.26211,44.8724,111.48,293.055
aflow:b2dd96e1efe3ceba,Hf12N4Zn12,Cubic,15.5012,11.4104,76.3861,191.14,357.94
aflow:b2ee9ba46f0cb41b,P12Rh4,Cubic,16.3441,4.97393,95.0343,234.248,552.139
aflow:b30202b6b636a8de,Au1Tb1,Cubic,23.524,12.561,28.2521,76.0346,171.019
aflow:b3050d6b91112f5b,Cd1Ni4Tb1,Cubic,14.3806,9.73988,49.3868,129.749,296.977
aflow:b30835486dba14fb,Ge4Th2,Orthorhombic,24.5904,8.49093,46.8119,119.32,266.073
aflow:b309a907feaea8f9,Al3Y1,Cubic,19.3824,3.63788,59.5354,141.189,484.143
aflow:b31ddd42732eacdd,Ni3Si1,Cubic,10.3527,8.18648,85.1114,225.771,470.86
aflow:b32b592a2fabf9be,S1Se1,Cubic,19.9138,4.62879,10.342,29.6994,185.068
aflow:b33cc3d793a8fb3e,Er1Ir1,Cubic,19.2357,15.5162,53.2223,142.058,227.998
aflow:b34acfbe9414e282,Ir4Si4Y4,Orthorhombic,17.9468,9.53668,72.8592,185.757,364.963
aflow:b34d36c9019ae935,O28P8Th4,Cubic,19.4996,3.45724,29.2652,80.0877,405.963
aflow:b35052e7872de0d1,Al1Cu2Hf1,Cubic,14.9172,9.25499,52.4532,138.799,315.991
aflow:b365e88621c05f46,Ge1Mn1Rh2,Cubic,14.3083,9.67139,49.3389,135.055,306.017
aflow:b36865785bd06095,W1,Cubic,16.4489,18.5599,150.536,386.462,366.987
aflow:b3690417bc7a71d7,C2Pb2Ti4,Hexagonal,16.3972,7.97526,69.6375,173.606,416.07
aflow:b37325c3560be7f1,O2Ti6,Hexagonal,14.7647,4.49022,48.3095,129.726,463.026
aflow:b3744e8adac37cc5,Al1C1Tb3,Cubic,30.9329,5.5375,11.9888,32.3391,156.05
aflow:b3ad9a78aad79889,O1Pb1Sr3,Cubic,28.3877,5.68641,32.9497,77.9034,254.024
aflow:b3bbbdb0703a2949,Cu1Li2Sb1,Cubic,16.0423,5.15422,33.1936,81.4647,319.006
aflow:b3ca661f7bb72042,Na2O8Pt6,Cubic,11.9197,11.7066,68.4289,183.429,348.998
aflow:b3cacc7fcb9bc9bc,Ga9Os3Tb3,Cubic,17.7142,10.4678,62.6914,160.689,305.046
aflow:b3cf124c3e219106,Ga2Pt6,Tetragonal,15.0829,18.0281,56.0273,154.304,237.033
aflow:b3cf3257eec95fbd,Ir4Tb2,Cubic,17.8183,16.8793,87.6401,229.254,285.948
aflow:b3dc770a86b3d83c,Ni8Sc16,Cubic,19.4708,4.22443,29.143,77.8547,322.971
aflow:b3de30d3650bf36b,Ir2La1Si2,Tetragonal,17.7651,10.8337,98.2817,238.798,417.024
aflow:b3e056f88f7a8a52,Ca2O6Ti2,Tetragonal,11.7435,3.84548,104.821,259.817,754.127
aflow:b3e48f3f8939997d,Cu2Sc1,Tetragonal,15.7343,6.05242,40.7378,106.778,331.13
aflow:b3e5f44567a29424,Mn1Pt3,Cubic,15.4324,17.2218,71.1981,189.249,268.063
aflow:b3e8d1368b95ed0d,Be1Co1,Cubic,8.38349,6.72907,117.704,293.073,666.135
aflow:b3f24a1c163b7e13,Si40,Hexagonal,23.4595,1.98798,45.6686,113.279,553.02
aflow:b3f3bbfddb69a92b,Al2Si2Y2,Orthorhombic,19.6997,4.04529,63.1812,152.89,473.148
aflow:b3f5b208353f7d60,Bi12Ni4,Orthorhombic,26.5277,10.7295,13.05,35.4144,154.017
aflow:b3fee2a933904fcf,Ge4O8,Orthorhombic,9.56487,6.05249,124.713,314.283,694.254
aflow:b406de0f2e1dff0c,Er1Pt1Sb1,Cubic,23.4904,11.407,48.2991,125.281,235.051
aflow:b41d9196a1904b5c,In1La1Pt4,Cubic,19.1533,14.9421,41.4522,113.914,204.06
aflow:b423dadc0febee94,Mg1Tb2,Tetragonal,29.163,6.49411,18.5495,48.1322,182.962
aflow:b42654f8412d6a9c,Au5Rb1,Hexagonal,22.5215,13.1525,21.5208,58.3643,148.07
aflow:b447a155ca673fd1,Fe2P2Ta8,Tetragonal,16.6037,13.5116,63.3677,170.703,282.009
aflow:b44989b129f7e0b9,N16Zn24,Cubic,10.9842,6.77729,73.3224,187.242,477.95
aflow:b4516ac24679ccfb,C4Os2,Hexagonal,9.51851,12.4573,200.269,506.65,624.038
aflow:b451856d02a043f9,Al3Li1,Cubic,16.3085,2.23714,41.3042,102.333,529.038
aflow:b46359d8e0dcc980,Mn1Rh1,Cubic,15.1551,8.64742,64.1408,165.623,355.115
aflow:b468cbf4ca46cb34,Ag2Te4Y2,Tetragonal,30.3141,6.18953,19.4934,49.9782,211.022
aflow:b47a366c761301a7,C1Hf1,Cubic,12.5643,12.5886,185.706,442.671,534.95
aflow:b47d04b17513d604,Pt4Sb8,Cubic,23.1919,10.4677,49.1032,127.98,243.015
aflow:b493a3af0dbbf730,B4C4Dy2,Tetragonal,10.2291,6.75777,123.463,300.909,680.933
aflow:b49d5044a52e7e5f,Li2Pd4Sn12,Tetragonal,22.9123,7.50411,19.2041,51.9978,191.983
aflow:b49f4099f7e1aa71,Au4La8,Orthorhombic,31.4849,8.34673,12.9226,35.3593,139.003
aflow:b4a7990c19e6f595,Ru2V6Zr4,Hexagonal,16.8928,7.14852,50.1625,136.508,343.062
aflow:b4b43457e584829a,Er4Pt4Zn4,Orthorhombic,18.986,12.4699,33.3655,90.6911,202.053
aflow:b4c1151be8c51f78,Al4Au4Dy4,Orthorhombic,20.9636,10.2036,39.96,104.512,236.965
aflow:b4c17e51ae055188,B12U1,Cubic,7.96903,5.89458,221.255,508.598,975.918
aflow:b4cc1d6b8d53454e,C4W8,Orthorhombic,12.8383,16.3709,162.696,421.349,436.001
aflow:b4d5701e127b13fb,O8Th4,Orthorhombic,15.3176,9.54116,53.4835,144.12,344.996
aflow:b4eb1cc7864a4da6,H2Ho1,Cubic,11.3811,8.11932,58.899,144.495,379.105
aflow:b500eddd6fda6fad,Dy4Rh4Zn4,Orthorhombic,18.5287,9.88163,33.049,90.7988,209.927
aflow:b509ccd41f420dfc,Co2In4Se8,Cubic,25.4741,5.62843,20.5788,54.9812,218.996
aflow:b5126b466d301f8c,Cu2Fe4Ge4,Orthorhombic,12.963,8.20908,85.9083,217.498,437.212
aflow:b52900970e966f51,As1Ge1,Tetragonal,20.9484,5.84649,37.0892,93.143,307.951
aflow:b52ac6f015565644,Fe8Ta4,Hexagonal,14.8863,10.8812,45.9004,124.905,274.034
aflow:b53a4ef99f6bb713,Cd2La4Rh4,Tetragonal,23.9062,8.28015,22.9009,62.5537,190
aflow:b54170da3227767c,C8Er8Re4,Orthorhombic,16.222,11.1523,77.7527,194.425,386.007
aflow:b54d46195d4156fe,P8Th6,Cubic,24.4964,7.94085,58.4777,148.275,308.988
aflow:b55b129750b661fc,Ge6Y10,Hexagonal,25.2753,5.43897,53.2347,127.709,347.956
aflow:b564fd983e6ad2e2,B6Yb1,Cubic,10.1643,5.55222,79.402,204.317,558.01
aflow:b568b5c105f51275,Er1P1,Cubic,22.1105,7.44385,61.0168,148.937,331.958
aflow:b56afeb980ce2cd3,Re10Si6,Tetragonal,13.9009,15.1598,102.121,274.074,359.987
aflow:b575fc517ce05de5,Hf4Pd4Si4,Orthorhombic,16.215,10.6837,89.8414,228.466,375.045
aflow:b584f241c5c0342f,Ba2Pd2S4,Orthorhombic,26.3715,4.84611,14.6376,39.2196,233.036
aflow:b5867cd94b4eac01,Mo12N4Pt8,Cubic,13.7063,13.9729,130.059,339.257,421.028
aflow:b589812d93c8fe7d,H4N4Sr4,Orthorhombic,12.364,4.59477,42.1177,107.416,438.886
aflow:b58f57b429d3e7c2,Cs2Na2S2,Tetragonal,30.8556,3.37169,11.2794,28.7222,189.201
aflow:b5aef94a06fb7f37,Ca2H4,Hexagonal,11.0817,2.10263,31.2187,77.5765,542.68
aflow:b5b4139aae6f9965,Ca4Pb4Sr4,Orthorhombic,36.3851,5.09471,17.6794,43.5496,185.988
aflow:b5be46c47fa21622,Ca6Ge26Rh8,Cubic,18.6113,6.5825,39.4445,103.175,310.09
aflow:b5d669ebff2c9158,Al1Ni3,Cubic,11.1327,7.57173,56.061,151.525,380.092
aflow:b5df7e8e6caf2187,Ga4Mg10,Orthorhombic,20.6191,3.00276,22.2349,57.1129,316.803
aflow:b61692c56923bcac,C4Nb12Ni12,Cubic,13.1871,8.39718,90.0281,234.24,475.976
aflow:b61c169f56a10aa9,S12Sn4Sr4,Orthorhombic,23.7359,4.23237,24.5589,63.1752,309.953
aflow:b61cad0dd014c510,Mg1Pd1,Cubic,15.9427,6.80692,29.5283,80.1744,266.079
aflow:b6222a2c31f1c887,Pt3Zn1,Cubic,14.7384,18.3268,51.5397,142.822,226.956
aflow:b63294e231fb6b92,Cu4Hf3Si2,Hexagonal,15.2001,10.2669,78.1352,199.43,356.936
aflow:b6449ed4840e19f6,Rh3Zr1,Cubic,15.365,10.8056,110.297,282.395,416.019
aflow:b652e182b2677f30,C1Zr1,Cubic,13.1786,6.50368,156.986,380.749,671.904
aflow:b659c8ff13c927f7,Br6Cs2Dy2,Tetragonal,36.4419,4.87671,9.92444,26.4382,140.014
aflow:b66a89e465aaaa2b,Ba1Os4Sb12,Cubic,24.8358,9.27842,52.5555,133.748,269.995
aflow:b67c0c4fb8ec1d09,Ge6La4Li4,Orthorhombic,22.0371,5.48415,44.7032,106.954,330.071
aflow:b67f23a0ec98b228,Pd4Sb8,Cubic,23.464,8.2541,22.4467,61.8295,192.955
aflow:b69587306913e0bb,In1Mn1Pd2,Cubic,16.7354,9.48967,32.3854,89.0744,232.951
aflow:b6a6138d6b6d1123,As4Ir4La2,Tetragonal,18.8506,11.8602,64.2912,168.832,290.078
aflow:b6a807be601e38cb,F3Rb1V1,Cubic,15.5333,4.13507,35.317,89.8013,368.86
aflow:b6b02cce50a30d24,Al40La2V4,Cubic,17.0095,3.3125,54.7887,135.638,512.24
aflow:b6b68e3ce6f473e4,Mg4P6Rh7,Cubic,14.3643,6.82322,72.4885,187.997,447.081
aflow:b6b877fb8d8fa020,Sn8Sr2,Orthorhombic,30.5707,6.10948,11.2146,30.7827,143.966
aflow:b6be8b04b4d8c79a,Ca10H2Sn6,Tetragonal,28.1388,3.65535,23.6587,58.3778,274.9
aflow:b6c018d7d6d960a8,C2Y1,Tetragonal,14.0474,4.44973,39.1733,105.31,460.905
aflow:b6c0281c81dd8ed1,Cu1Li2Sn1,Cubic,15.998,5.08911,29.7138,74.5783,298.175
aflow:b6cf0b50f4b3e8e7,Hg4Sr6,Tetragonal,36.9713,5.96498,10.2611,26.9193,127.014
aflow:b6d3d8ef3f601fcc,Pt7Sb1,Cubic,15.9166,19.3969,32.6533,93.3076,169.942
aflow:b6d5aa3dc9749a06,Bi4Pd10,Monoclinic,18.2564,12.3436,28.3782,78.6819,192.03
aflow:b6f83099d4affc3e,N8Re4,Orthorhombic,9.52875,12.4434,163.945,421.875,583.912
aflow:b70a4df675b36076,Cd2S8Sc4,Cubic,23.164,3.38525,24.8254,66.5594,318.942
aflow:b70c556d3b097281,Cu2In1Y1,Cubic,18.2594,7.52128,35.9008,94.5156,263.002
aflow:b70cd3a6f42425de,Au2Hf1In1,Cubic,19.2388,14.8293,28.1846,78.7561,169.003
aflow:b70e7bcda8c39667,As16Mg24,Cubic,24.2152,3.0551,27.2856,69.083,335.905
aflow:b71a608b1801100c,Ba2Cu2Sb2,Hexagonal,29.6818,6.01641,30.1283,73.6329,230.053
aflow:b729e654befeb54e,Bi2Li2Zn2,Hexagonal,22.5516,6.90434,18.3225,47.5208,184.918
aflow:b729facdeba1f74e,Ca8Sn4,Orthorhombic,32.3766,3.39955,17.0323,42.8695,244.043
aflow:b73bfee99124e275,Cd1Cu2Zr1,Cubic,16.4783,8.33184,54.3777,141.685,309.954
aflow:b73d6449f23ba7da,Ho1Pd1Sb1,Cubic,25.394,8.56797,9.32569,26.8013,118.037
aflow:b74252076a805aa3,Ge2Ni4O8,Cubic,10.2667,5.86812,82.8895,216.124,559.866
aflow:b7504c8961c16f13,Cs4Pt2,Hexagonal,39.7115,6.4242,5.35598,14.1562,89.9892
aflow:b76039d9d889a419,Ag2Ho1,Tetragonal,21.5701,9.76834,25.2027,67.3208,185.951
aflow:b763bddbb78748a7,In6S8,Cubic,24.6502,4.549,13.4895,37.3081,204.939
aflow:b771a4d99e7ddec1,B1Os1,Hexagonal,10.4344,15.9944,219.18,545.216,553.042
aflow:b7b2d144fc5e6d89,Ba8Si46,Cubic,20.7951,3.53505,37.0118,94.9662,384.288
aflow:b7b87b545942b8b9,Be26Dy2,Cubic,9.4204,3.52111,123.304,270.843,878.22
aflow:b7bb5ae2ad042a8f,Al7Cu16Zr6,Cubic,14.7097,6.82356,69.4182,175.974,415.099
aflow:b7be5681f4e86792,Au1Zr2,Tetragonal,21.2533,9.88114,44.9212,119.613,252.987
aflow:b7deb36a72340e51,Cu2In1Mn1,Cubic,15.6723,7.86309,33.3533,88.8798,262.098
aflow:b7f9a01d5542a9e7,Al6C6Ho2,Hexagonal,12.5735,5.31866,137.847,321.094,698.916
aflow:b82191500a441246,Hg4Th2,Hexagonal,27.2101,12.8811,33.2413,87.518,175.974
aflow:b82f8375e9a5a85b,Rh4Tb2,Cubic,17.7046,11.403,59.6646,158.522,287.016
aflow:b8403806e5d2513d,Ag12Na4S8,Cubic,20.7014,5.49082,10.4381,28.0421,211.131
aflow:b841f96236469afc,Ho1Sb1,Cubic,29.459,8.07976,36.3212,91.0072,224.95
aflow:b857a0a8990500bb,N3V6,Hexagonal,10.8054,5.9365,132.471,339.33,696.127
aflow:b857eda6f6bae17d,Dy4O14Tc4,Cubic,12.5526,7.63422,95.8064,245.403,505.984
aflow:b868e02c99b4e62c,As4Ni2,Orthorhombic,16.4695,7.00846,47.5362,127.22,309.041
aflow:b87764a0ac69ebea,Ho2Rh4,Cubic,17.5026,11.7246,61.8547,164.164,289.04
aflow:b877c81079a98525,Al4La10Ru6,Cubic,25.428,6.86799,27.8653,73.738,233.039
aflow:b881252d61552238,As2Ti2,Hexagonal,18.5776,5.48915,57.5637,146.928,396.138
aflow:b88a0eec1aa50936,F20K2Y6,Cubic,14.3227,4.10585,43.1466,110.527,461.923
aflow:b8970360de7b86e1,Rh2Si2Tb1,Tetragonal,16.3417,8.554,91.7366,230.756,425.067
aflow:b8aa0d8cb9a0b8c1,B12Zr1,Cubic,7.8138,3.61175,202.752,471.025,1192.86
aflow:b8b38fb03dc0925b,Se8Y4Zn2,Cubic,27.2105,4.87362,23.4913,61.6854,249.92
aflow:b8b40a8daffa555b,O4Pd8Zr16,Cubic,17.6991,7.95705,24.6787,70.0673,229.044
aflow:b8b7b327da0f7bb8,Al2K2O4,Cubic,16.3848,2.48498,38.3929,101.131,500.164
aflow:b8c7ff55d630ba0c,Sb1Sn1,Cubic,30.3284,6.58227,22.4175,58.5655,193.913
aflow:b8cb6304b827928f,Ca2O6Pt2,Orthorhombic,11.8207,7.95575,71.2995,184.31,468.161
aflow:b8eac8765fab9bed,Rh1Zn1,Cubic,13.1455,10.6289,76.0785,199.242,364.066
aflow:b904955dd58e5567,Ge26Ru8Y6,Cubic,18.4322,7.27319,52.5115,135.929,339.953
aflow:b90c0ec8e98d546f,In1Pd1,Cubic,17.636,10.4146,29.474,81.6191,205.136
aflow:b9243fbc05f606f3,Ru8Sc4,Hexagonal,16.8003,8.14096,38.6035,107.273,278.031
aflow:b932c6b738cf237f,Er1Sb1,Cubic,29.1474,8.23251,36.6332,91.4868,226.007
aflow:b934bbf45ba4a3b2,Mn3Nb6O11,Hexagonal,12.6724,5.88515,71.7465,189.845,518.956
aflow:b94f322df3a0473c,N8Ta4,Cubic,11.3748,10.1683,50.5887,141.526,353.992
aflow:b9591503600010ee,Ba2S6,Tetragonal,25.8594,3.74867,19.237,48.3853,299.905
aflow:b962425ef6071451,Ge4,Hexagonal,23.6441,5.09805,46.3997,111.539,328.939
aflow:b983232c680bf721,Fe6Ge6Hf1,Hexagonal,15.1669,7.99331,59.4311,148.27,355.199
aflow:b9936db0261adaed,C1W1,Cubic,10.3504,15.7113,226.507,560.793,565.948
aflow:b999085f2279f8f3,Ni3P3Rh3,Hexagonal,11.8596,8.98765,65.2443,178.506,387.908
aflow:b99a64a1aafcc7ab,Ba2Hg2Sn2,Hexagonal,35.3275,7.15419,20.7463,50.9117,173.928
aflow:b99b5e13d3b10adf,Bi4Rh4Se4,Cubic,21.6112,10.0105,53.2161,135.583,270.012
aflow:b9a1f0ab8466965f,In1N1Sc3,Cubic,18.7476,4.67126,76.3972,182.88,489.155
aflow:b9aa9e3ae8a13d37,Au1Hf2,Tetragonal,20.4559,14.9892,55.6611,146.22,230.996
aflow:b9ad893db979283c,Ga2Pt2Ti2,Hexagonal,16.019,10.8058,58.8435,156.025,305.071
aflow:b9ae23dfe8fd531b,C4Ni8Ta16,Cubic,14.4388,14.0173,105.929,275.161,373.962
aflow:b9ca504582972a95,Ge2Mo1,Tetragonal,15.5402,8.58823,133.985,313.291,512.002
aflow:b9cc2e7a3944a22b,Ge26Lu6Rh8,Cubic,17.9465,8.69845,58.5454,148.939,324.059
aflow:b9da73e1690e0a8b,N1Ni3Zn1,Cubic,10.3319,8.21139,59.0916,161.246,390.906
aflow:b9e8c994a3fa14c1,Co1Ni1,Cubic,11.5599,8.4481,66.2888,173.589,388.829
aflow:b9e93482a01580e4,Ru4Tb12,Orthorhombic,26.7529,8.96665,23.1416,61.4133,190.008
aflow:b9ec090c2d6605aa,Pd3Tb1,Cubic,17.3471,11.442,57.455,149.781,276.965
aflow:b9f324ee79e23708,Ga2Sn6Zr10,Hexagonal,21.6715,7.50828,67.3149,167.416,351.058
aflow:b9f82d1d443ec418,Al36Mg6Ti4,Cubic,17.6883,2.67095,45.1957,113.302,511.218
aflow:b9fafb23d95106e0,Au4Yb1,Tetragonal,19.9809,15.9715,16.6462,46.4912,130.067
aflow:ba08eef7f7ed1efa,Ca2F4,Orthorhombic,14.7297,2.93397,28.2117,74.1032,422.227
aflow:ba24c7d4fdf2198e,Be2Hf1,Hexagonal,13.12,8.29067,104.339,246.224,482.968
aflow:ba3acf5ce3afd378,Pt3Ti1,Cubic,15.348,17.1261,107.341,279,329.939
aflow:ba487a3251dc68dc,Ca12Hg4,Orthorhombic,35.5674,3.74466,8.68507,23.0097,164.066
aflow:ba5a20d05eccf17a,P1Pu1,Cubic,22.6554,10.0794,55.9239,138.48,263.046
aflow:ba5eb87a4148029c,La1S1,Cubic,26.0018,5.45913,32.5317,85.8578,271.048
aflow:ba64cc8029c62f4e,Dy4Ge4Ru4,Orthorhombic,18.7676,9.91437,44.6081,119.575,270.963
aflow:ba6699612deee834,Ce1Fe4P12,Cubic,13.9306,5.15505,126.252,293.968,653.738
aflow:ba6924af9c4b6989,Cr4Ti2,Cubic,13.9052,6.04626,65.2301,176.008,446.927
aflow:ba6be901fe06b58d,Ba2Hf1S4,Tetragonal,27.9586,4.93292,30.5697,77.9349,278.939
aflow:ba75c46f1a894513,Ge2Ru2Tb1,Tetragonal,17.9291,9.37737,60.8517,158.887,335.948
aflow:ba765a2bb63b553d,Dy6Ge26Os8,Cubic,18.6153,9.77653,61.9194,158.302,319.041
aflow:ba955cb1ee3c2f3b,Cs1F3Yb1,Cubic,19.768,6.0975,25.6383,64.7502,244.09
aflow:ba9a80f16c754420,Fe2Si2Tb1,Tetragonal,14.8676,7.29977,88.9718,219.778,479.902
aflow:ba9d3e459f7adaf5,Al4Au4Ca4,Orthorhombic,21.8149,6.69923,25.7851,67.7252,236.923
aflow:baaf68ed4cbcc21c,Ru10Si6,Orthorhombic,13.0611,9.37003,116.588,302.068,503.089
aflow:bab633976c2f29d2,B4Mo4,Tetragonal,10.5478,8.40281,198.568,488.923,723.072
aflow:babbcefb6d3e18cc,Os8Tb4,Hexagonal,18.1493,16.4482,46.7413,130.524,214.033
aflow:bac3fa66b5c1a988,Cd3Er3Ga3,Hexagonal,22.0057,8.7887,50.9827,122.884,274.864
aflow:baf943831e68e216,Ga3Ir3Th3,Hexagonal,21.7682,12.5611,39.4681,107.301,215.018
aflow:bb08f8914b4a641c,P12Rh4,Cubic,16.3436,4.9741,94.2969,232.649,551.074
aflow:bb14b1f838196e49,Re3Si3Zr3,Hexagonal,16.2861,10.3832,126.965,316.073,452.979
aflow:bb1785238190c409,Au1Sc1,Cubic,20.1973,9.94496,41.4191,109.255,241.985
aflow:bb2e3ff52beb121c,Li1Pt1,Hexagonal,13.7558,12.1941,50.1211,130.945,280.106
aflow:bb3b9b4a7a1533bd,Pd4Si4Zr4,Orthorhombic,16.6028,7.52472,88.1514,223.072,436.936
aflow:bb4427e452977ce7,As1B1,Cubic,13.9755,5.09322,124.448,284.083,651.136
aflow:bb46abee42773b80,Pb1Te1,Cubic,31.7131,8.76527,9.70706,27.0514,107.995
aflow:bb513b87e68c060a,Ir4La4Si4,Cubic,22.0662,9.01055,24.875,69.4939,203.985
aflow:bb569b66afa76188,Br1Rb1,Cubic,36.8206,3.72898,7.34254,18.8085,134.14
aflow:bb5eb41e4ebd752c,Au1Lu1Sn1,Cubic,24.6577,11.0135,36.7443,95.6975,204.022
aflow:bb6d369f4c5192ad,Ba6Mn2N6,Hexagonal,23.3097,5.17949,22.2303,55.5324,274.693
aflow:bb7396f83a018dbb,Ca4Mg8,Hexagonal,28.2088,1.74028,17.7739,44.6084,336.085
aflow:bb7732d67f3541c9,La2Pt2,Orthorhombic,25.8543,10.7258,26.3449,71.6229,176.002
aflow:bb79767f7ff9b396,Dy1Hg1,Cubic,25.7573,11.704,19.941,54.4537,144.977
aflow:bb9579a3c096d8c3,Cd2Ga4O8,Cubic,11.7939,6.35358,55.7267,149.603,426.849
aflow:bbe19cfc7071c717,O1Zn1,Cubic,11.3819,5.93636,50.5133,134.739,420.86
aflow:bbef4567d359bebd,C16Si16,Hexagonal,10.492,3.17299,186.837,433.821,1105.94
aflow:bbf2df33e13694f5,H2W2,Hexagonal,9.06572,16.9299,156.449,396.868,477.897
aflow:bbfa0d883212ae9f,Ag1Hf2,Tetragonal,20.8101,12.3641,48.3343,125.635,241.026
aflow:bc0cb409b4d65c0c,Au3In3Y3,Hexagonal,23.0878,9.60631,40.3792,104.202,231.981
aflow:bc1e17464cf173cc,Au1Dy1,Cubic,23.2011,12.8638,29.6842,79.7807,173.03
aflow:bc2372a6d49f86aa,Rb2Se1,Cubic,44.6166,3.1002,7.24792,18.5109,139.941
aflow:bc310bea782296ff,Fe2Nb8P2,Tetragonal,16.0665,7.89704,91.655,236.638,452.041
aflow:bc370dbba9251e37,Hg4O14Sb4,Cubic,13.3415,8.56176,70.2818,182.286,397.052
aflow:bc48c99fdd4a8c42,Co2V6,Cubic,12.7081,6.91749,99.4357,256.981,526.081
aflow:bc507e8b07782981,Mo1P1,Cubic,17.2811,6.09755,45.8248,117.043,304.056
aflow:bc59337055eb36e8,C2Ho1Ni1,Orthorhombic,11.9494,8.60336,101.074,251.189,518.008
aflow:bc6d6d2126b11c3f,Al1Sc1,Cubic,20.2455,2.95016,35.7872,91.9582,418.886
aflow:bc70eb9b75beea4f,Ni2Si2Tb1,Tetragonal,14.9028,7.40921,70.1006,179.709,408.005
aflow:bc78f78037a30785,Er4Hf4O14,Cubic,12.9931,9.33528,97.5229,246.237,472.974
aflow:bc7cddbb05f9cb7e,Ag3Er3Ge3,Hexagonal,21.111,9.11687,21.0479,58.0907,176.024
aflow:bc908490c195b255,Pd4Y4Zn4,Orthorhombic,19.6029,7.36082,22.38,62.5351,198.005
aflow:bc97161f250b6c1d,Au3Rb2,Orthorhombic,29.901,8.46163,13.3758,34.906,129.098
aflow:bcd5afce9a25828f,C2Nb4P2,Hexagonal,13.8394,6.86313,137.344,341.38,618.937
aflow:bce71f93eb45bad8,Ho2Ir4,Cubic,17.6105,17.2672,89.4601,234.007,287.035
aflow:bceddac8cfbde383,Ho4Rh4Si4,Orthorhombic,17.7979,9.20316,60.4305,156.72,331.987
aflow:bcee7bb7be81cfb8,Ag1F1,Cubic,15.7495,6.68805,7.18921,20.6697,137.111
aflow:bcfaf2bb33aa3677,Nd1P1,Cubic,25.765,5.64621,49.8604,125.702,307.03
aflow:bcfdf01849f7cb77,Ru6Si4Th2,Hexagonal,16.8399,9.71973,91.8303,236.795,398.066
aflow:bcffe2cd231ff59a,Be26Sb2,Cubic,9.69758,2.92206,77.6648,185.186,778.833
aflow:bd20e4241ed4b5cf,K16Sb8Sn2,Cubic,43.1378,2.71967,7.53775,18.94,171.916
aflow:bd33403a60f88c3e,B6K1,Cubic,10.7723,2.28929,104.408,248.557,978.275
aflow:bd39fcd8abd8e251,Bi2O2Se1,Tetragonal,19.128,9.18333,29.3365,78.1274,251.067
aflow:bd3c0d8b8d79e6d9,Al4Ca2,Cubic,21.4479,2.427,43.1928,103.2,481.051
aflow:bd5654b790e0fb50,O2Pd2,Tetragonal,13.0259,7.80173,37.7032,104.64,312.908
aflow:bd5d9a64ba7b45c7,Bi1Ni1Sc1,Cubic,20.8637,8.29396,50.3003,126.505,287.894
aflow:bd7c887ef9cb5854,Bi2Cu2Yb2,Hexagonal,25.5336,9.65892,27.4566,67.8254,193.942
aflow:bd9b413c5648f6bd,In2Te4Tl2,Tetragonal,34.0241,7.00825,12.0544,30.303,169.038
aflow:bd9e08867b7e5d00,Al3Yb1,Cubic,19.4586,5.41858,53.5418,123.713,375.878
aflow:bd9e75b023d54d65,Cu1Mn1Sb1,Cubic,20.0075,6.64613,30.1694,79.04,250.983
aflow:bda48bfbdd63e454,Pt3V1,Tetragonal,14.7918,17.8554,90.4818,242.257,299.012
aflow:bda82cdcf87fa384,Au36In16,Cubic,19.1632,14.8774,24.1223,66.7737,152.134
aflow:bdab7ec2c162ee22,Au1Li1Sb1,Cubic,22.3293,8.07262,3.7784,11.0631,80.9592
aflow:bdb0f3dca49e3fb5,Cd2La2Tl2,Hexagonal,28.9544,8.71122,25.4621,65.0917,180.909
aflow:bdc362fd57f037e0,Ba3Cl6,Hexagonal,30.401,3.79137,12.9388,34.2424,194.143
aflow:bdc3f2d016e58657,Fe2Te4,Orthorhombic,22.5573,7.63249,58.1226,134.493,321.073
aflow:bdcda3600a752ae9,Ru2Si2Tb1,Tetragonal,16.6535,8.32063,81.1686,206.745,419.976
aflow:bdd9a6f275041001,Be8W4,Hexagonal,10.6245,10.5172,167.996,400.244,585.071
aflow:bde2e5bd35d6ec8d,B6Hf3Ni20,Cubic,10.2548,9.90627,79.581,213.445,421.104
aflow:bde6ee56742edb31,C4Hf12Zn12,Cubic,15.8557,11.1254,73.0731,183.696,348.979
aflow:bdef8ab58e76c7a6,As1Ba1Li1,Hexagonal,27.6508,4.38779,22.9624,56.2982,243.866
aflow:bdefedddc5e4e127,Re2,Hexagonal,15.0991,20.4776,162.468,424.897,369.042
aflow:bdf0281f8f192f1f,In3Y1,Cubic,24.9079,7.22282,26.1817,68.5994,203.061
aflow:bdffe76682314509,K8Si46,Cubic,20.4987,2.40729,53.115,128.141,537.787
aflow:be089f53605f184f,Mg1Se1,Cubic,26.9919,3.17643,15.4621,41.6169,242.005
aflow:be0f30005c2762fb,Co2Hf1Sn1,Cubic,16.3257,10.5539,63.55,158.158,312.9
aflow:be113dc21e621f10,Ge26Ho6Rh8,Cubic,18.1521,8.46222,61.8688,156.13,334.947
aflow:be28b1736734720d,I1Rb1,Cubic,52.0059,3.39051,4.57368,11.89,96.863
aflow:be2acb586d9bdc05,Er4Ga4Rh4,Orthorhombic,18.5866,10.1224,28.9002,80.2651,205.947
aflow:be2eab8817d5e84f,Cl4Mg2,Orthorhombic,26.5489,1.98504,12.3264,33.1945,273.918
aflow:be4da014690a3d11,Cu1Ga1Pt2,Tetragonal,14.1333,15.3756,58.7807,159.537,263.989
aflow:be4f0a37485bdcb8,Ba4Ir4P4,Cubic,23.0432,8.66002,35.5456,94.6423,240.95
aflow:be7715e5ffb6162d,Ga12Ho4Pd1,Cubic,18.6959,8.37486,57.2485,139.451,307.083
aflow:be8dcdaf3d5b71ae,As3Mn3Ru3,Hexagonal,15.515,8.23867,63.7991,166.5,367.118
aflow:be98529facd710aa,Li1P1Zn1,Cubic,15.5724,3.67156,52.4515,123.82,471.232
aflow:be99dfb51a1405cc,B4Ta3,Orthorhombic,10.6294,13.0798,199.133,484.652,578.969
aflow:bea649131691049d,Pd2Sn1Tb1,Cubic,19.7712,10.2972,18.2294,51.7428,162.066
aflow:bea65ca25419a241,Cl2Sr1,Cubic,29.1833,3.00673,13.5806,35.9122,224.998
aflow:beb8eb07a8a60d28,Al2N2,Hexagonal,9.9584,3.41734,121.409,303.824,894.827
aflow:beb90a8e2539674a,Mn1Pt1Sn1,Cubic,21.2924,9.58514,28.2427,77.073,202.993
aflow:becbc8b7468a7e42,C1Tl1,Cubic,15.9937,11.2329,32.6696,86.8919,221.86
aflow:bed69814d84bc479,Al1Cr2,Tetragonal,13.1524,5.51198,93.1331,228.21,549.818
aflow:bed8c7f2b91ac5b8,Co2Sn1Ti1,Cubic,15.8351,7.45735,57.6979,141.887,339.989
aflow:bedddf6b2193735f,Au4S2,Cubic,25.6209,9.20313,5.70553,16.5849,90.0114
aflow:bef5a332ff1700c0,Co8N4Ta16,Cubic,14.049,14.4481,109.061,284.312,378
aflow:bef5c8d2d70d0534,Pb1Pu3,Cubic,27.0429,14.4204,24.6657,64.613,141.061
aflow:bef60f5771d9c8ec,Bi1Co1Zr1,Cubic,19.7192,10.0808,62.8457,161.018,301.058
aflow:bf14b169c7848137,Er1Sn3,Cubic,26.936,8.06552,9.55377,27.1218,122.037
aflow:bf19a689feeca06f,Hf2Ni4Sb2,Hexagonal,15.6109,11.1056,61.5584,163.022,308.037
aflow:bf296c7d4fb899f0,Al4Au4Er4,Orthorhombic,20.5841,10.5197,41.581,108.598,239.061
aflow:bf57085ef80f6d2d,Al1Cu1Ti2,Cubic,16.5381,4.67715,40.6606,106.699,376.104
aflow:bf5b3b064f72c02d,Cs2N4Nb2,Cubic,22.6677,4.64855,30.5551,82.8235,299.021
aflow:bf66a2c72bbd4990,B2Ca1,Hexagonal,12.1914,2.8013,105.72,246.193,840.287
aflow:bf82971701a6774c,Sb8Th6,Cubic,31.4127,8.93455,40.816,104.049,223.016
aflow:bfa3ece0a71a91e2,As4Rh8,Orthorhombic,14.4561,10.7491,49.6106,137.679,292.025
aflow:bfa78171be19e02f,Ge2Mg4O8,Cubic,10.4066,4.22161,97.8248,243.298,717.119
aflow:bfaa13db242f82ea,Hf5P7Pd9,Orthorhombic,15.6414,10.4488,53.1902,142.611,312.97
aflow:bfbbeb6a9f7e7f5a,Bi1O2,Cubic,14.0291,9.50777,45.3571,122.173,301.038
aflow:bfca6369af396199,C1Ru3Ta1,Cubic,13.284,12.4046,144.488,371.582,473.045
aflow:bfe6fc7189a9a3a8,Al1P1,Cubic,20.8564,2.30714,46.3929,117.288,525.078
aflow:c006cc6f795d2242,Cu2P2Sr2,Hexagonal,21.0441,4.79073,47.2147,114.089,362.903
aflow:c01b5c54b0863da2,Br2Tl2,Orthorhombic,35.5293,6.64308,5.83428,15.4906,100.979
aflow:c01fe90f2eca0092,Os2Si2Y1,Tetragonal,16.8658,10.3473,86.0203,220.115,394.051
aflow:c025b7fc0d6fcd1b,Au2Sn1U1,Cubic,23.4602,13.283,14.8565,41.9433,121.993
aflow:c036327f66d3519f,O2Sn1,Cubic,11.8263,7.05277,52.1089,142.102,396.082
aflow:c03920ccc13ad673,Mg24N16,Cubic,12.5902,2.66232,77.5898,188.419,736.792
aflow:c04a329e050ee0ff,Au6Ca10,Tetragonal,28.5373,5.75556,14.5547,38.4366,175.996
aflow:c05f2543a2e6b0f9,Ir3Sc1,Cubic,15.2976,16.869,122.243,313.313,353.974
aflow:c06b0a326520c896,Hf10Sb6Zn2,Hexagonal,20.5251,11.8934,67.6809,170.844,285.038
aflow:c0785b0dc60c0bf0,Ag2Er2Sn2,Hexagonal,24.0216,9.07448,38.5785,97.5096,233.914
aflow:c079e25d7a8fa1f5,Ga3Mg3Y3,Hexagonal,22.7041,4.46016,48.5785,114.91,371.891
aflow:c07cb317ee589630,Cd1P1Pt5,Tetragonal,15.8477,16.7476,56.679,155.059,243.065
aflow:c08b23695db01790,Tl3Y1,Cubic,27.0824,10.7609,11.8327,32.7174,115.999
aflow:c08bf3e19dd4838f,Ga2Ge2Li2,Hexagonal,17.4585,4.73247,35.1859,86.9486,326.056
aflow:c09a3d9047303b44,O12Pb4Sr4,Orthorhombic,15.3578,7.41335,49.9059,129.292,340.156
aflow:c0a39893d84d2f99,Br2F2Sr2,Tetragonal,22.6222,4.56378,19.0161,48.6159,260.893
aflow:c0cb8298c01dc962,As4Rh4Ti4,Orthorhombic,15.4085,8.10869,74.0194,194.839,398.898
aflow:c0f032a787b91baf,Ba1F2,Cubic,20.6188,4.70666,24.2001,63.3052,263.814
aflow:c0f22d3d124b67a0,Er2Ni12P7,Hexagonal,12.0371,8.24834,75.0778,197.814,423.892
aflow:c109da9ec595b226,H2Pd1Zr2,Tetragonal,12.9934,7.43419,38.6691,105.829,318.116
aflow:c1108eda20c7e98a,Ba1Pd1Si3,Tetragonal,20.1767,5.39864,42.0692,106.066,349.945
aflow:c13b804b80111c0d,Cd2Dy4Se8,Cubic,29.3113,6.09615,18.0784,48.6684,191.001
aflow:c1558b66981be652,Co2Fe1In1,Cubic,14.9527,8.01062,63.7306,156.461,367.019
aflow:c1573e2e95ab4e6d,Bi4Cr4O12,Orthorhombic,12.1971,8.41289,78.4726,203.453,441.124
aflow:c166e3d34f5be769,Ge4Ho4Mn4,Orthorhombic,18.2061,8.89149,67.4118,165.368,342.085
aflow:c16a53a9044497fa,Si6,Cubic,25.4097,1.8354,36.5569,92.9009,490.121
aflow:c171a2c88ba233eb,Cd2S8Y4,Cubic,25.7612,3.85337,22.9125,61.2679,280.013
aflow:c181e3747a339877,Mn3Sb1,Cubic,19.912,5.97442,30.1232,75.3179,262.829
aflow:c18b48bc9c6f4df9,H1K1,Cubic,22.5517,1.47656,9.76424,24.0684,274.099
aflow:c18d6aeb85f16ed5,Al8Hf4,Hexagonal,17.335,7.42231,86.6593,209.289,428.108
aflow:c191285bce57af5f,Ge6La8,Cubic,30.0087,6.11369,29.2435,73.6659,243.934
aflow:c19235e2474b809a,Se12Tb8,Orthorhombic,24.9958,7.37045,34.6457,88.6229,253.952
aflow:c1ac86b1c7ec4a36,Pt4Ta2,Orthorhombic,16.3208,19.3696,77.6531,211.135,262.009
aflow:c1ae03b10428ce9b,Ce1Os4P12,Cubic,15.7221,7.90648,119.843,293.273,506.011
aflow:c1bd2c42aea8a59f,Au12Zn4,Orthorhombic,16.8792,16.1409,27.9255,77.1013,172.986
aflow:c1c3417f145420d8,Ho1P2Ru2,Tetragonal,15.535,9.17155,102.905,256.807,459.02
aflow:c1c40da078a99fb2,Dy4O14Ru4,Cubic,12.2793,7.85734,89.748,232.529,483.999
aflow:c1c7b2fc1f3c124b,Ge6N8,Cubic,11.6253,5.58696,101.529,256.348,632.048
aflow:c1cbc41955b9ba17,Cd2O8Rh4,Cubic,12.6207,7.1842,47.7142,130.666,376.089
aflow:c1d9df200a1482e9,Ce2Ge6V2,Hexagonal,18.7633,7.23627,65.7851,163.88,369.069
aflow:c1de3a48addb6e86,S1Th1,Cubic,25.2683,8.67776,31.0218,84.8057,214.975
aflow:c1efc9ef27886df4,Co2Ta4,Tetragonal,15.6646,14.8701,76.5735,205.591,301.018
aflow:c20eee5b3bd9d78c,Al1Hf1Ni2,Cubic,13.8063,9.7077,35.7486,99.9472,262.04
aflow:c2384ec3a6ca5619,Hg1Te1,Cubic,36.6431,7.43623,13.0427,34.8333,129.078
aflow:c247e71c79c41148,B8Os4Tb4,Orthorhombic,12.6146,12.2009,127.495,316.248,465.975
aflow:c254a1e890738c41,Bi4K12Se12,Cubic,34.9621,3.82105,7.10923,18.0822,187.986
aflow:c26493e7a28c7532,Li3Si3Y3,Hexagonal,20.0974,3.41328,48.5326,115.771,445.992
aflow:c27bd77e21eac7d6,Pb26Rh8Sr6,Cubic,27.0546,10.3362,21.4623,56.977,161.027
aflow:c282c70d0c61a7c2,Al1Mn1Ni2,Cubic,12.6599,6.53527,59.9223,152.236,437.108
aflow:c286a3280ca15bb3,Pt4Yb2,Cubic,18.8724,16.5188,55.5276,146.163,225.973
aflow:c28d9f89cd97168a,Er6Os8Si26,Cubic,16.8942,7.99933,85.3611,213.526,423.11
aflow:c294c347661840e9,Ni1Zn1,Cubic,11.4497,8.99686,60.7938,159.777,363.144
aflow:c2968980189cbf94,Ho4Os8,Hexagonal,17.8945,16.8682,47.8757,133.914,211.996
aflow:c2b5d48f339a605f,Al2Er2Zn2,Hexagonal,20.2718,7.08885,50.5482,122.867,318.9
aflow:c2bae074d76f81b6,Ag1F3Zn1,Cubic,12.6012,6.06813,31.821,84.6393,316.096
aflow:c2bc4c61bf28b1b2,Al36Mg6V4,Cubic,16.9343,2.81581,54.8405,135.364,548.999
aflow:c2cf9e6b1026cf5e,B4Co4W4,Orthorhombic,10.2111,13.7465,196.107,490.547,569.068
aflow:c2e0335b289201d4,Ho3Sn7,Orthorhombic,26.8235,8.20642,29.4414,75.7015,209.035
aflow:c2ee38d28f73e121,Al1C1Dy3,Cubic,23.3236,7.4968,58.4699,139.952,322.02
aflow:c2f664a520fe7a60,Cu6Sb8Tb6,Cubic,22.1595,8.65068,51.2928,125.27,286.99
aflow:c316958c47445e01,As2Ca1Mg2,Hexagonal,23.6996,3.34262,36.2179,87.7188,374.014
aflow:c3369be780358d85,Ge1Mg2,Cubic,21.8631,3.06845,43.7212,101.866,424.975
aflow:c3374fe3417fc247,Er1Rh5,Hexagonal,16.689,11.3062,77.9642,204.67,333.964
aflow:c3388a7e220407ff,Ir6Zr10,Hexagonal,19.3717,11.066,44.1844,121.549,248.982
aflow:c33a14007399064d,Ru1Sc1,Cubic,17.1379,7.07442,50.6077,135.174,339.97
aflow:c34d90f11e416b78,Cu2La1Si2,Tetragonal,17.3927,6.15171,69.9469,171.205,414.064
aflow:c35317ab558919f6,Ga1Sb1,Cubic,29.7288,5.34788,29.5745,73.3419,240.105
aflow:c353667ba8b2596c,Be1S1,Cubic,12.4183,2.74602,83.8146,199.461,754.144
aflow:c35b430d82eb2f11,Er4Fe1Ga12,Cubic,18.6212,8.19215,47.8359,118.319,287.974
aflow:c364e51076447dbf,Al8Co2La2,Orthorhombic,18.1807,4.65452,59.6701,146.079,453.032
aflow:c36c3c6afc041061,Ca6N6V2,Orthorhombic,16.2086,3.12031,49.56,124.703,564.892
aflow:c38c54f6fd9ccec1,Hf1Rh3,Cubic,15.1333,13.365,114.425,292.864,385.038
aflow:c39a60600679c372,Cs1H1,Cubic,32.7677,3.3931,6.97753,16.8483,139.204
aflow:c39bb7e5c43a2690,C1Ga1Y3,Cubic,23.0933,5.01134,61.5448,146.636,397.102
aflow:c39bb8d6a0701e63,Al8Zr4,Hexagonal,17.814,4.51109,86.3684,206.467,540.972
aflow:c3a10676fc88a190,Gd3In1N1,Cubic,23.742,8.40098,55.4917,135.443,290.98
aflow:c3a17a59395aa4a7,As1Sc1,Cubic,21.4501,4.6401,51.8482,129.173,387.105
aflow:c3a69d5aafb4ec3a,In4K1,Tetragonal,31.1238,5.31796,13.7645,34.9764,166.088
aflow:c3b5e3caace107e2,Be26Pa2,Cubic,9.48494,4.35425,128.481,286.741,803.162
aflow:c3bdc86b6fb1a7db,Cd4P8,Orthorhombic,23.876,4.0421,27.3997,70.7693,305.957
aflow:c3c3b4f96a8f89d4,Eu1F2,Cubic,17.1035,6.14748,30.4968,79.388,275.95
aflow:c3cc01a07e4f80e0,C1Cr1,Hexagonal,8.41865,6.31255,224.943,549.576,945.066
aflow:c3f3d5debc9fb042,Cu6Sb8Y6,Cubic,22.1734,7.07219,49.8544,122.694,308.942
aflow:c3ff1f234732327a,Na1,Cubic,34.8405,1.09572,2.8828,7.83451,148.98
aflow:c40f2f44e48bdeb9,Bi1Ni1Y1,Cubic,22.434,8.7978,49.2201,123.453,265.091
aflow:c4132aed04864439,O3Sr1Zr1,Cubic,14.7899,5.09365,87.839,220.898,547.115
aflow:c4152f4391b750bb,Au1Sc1Sn1,Cubic,23.6593,8.43659,35.6477,93.804,231.078
aflow:c422afb3ea6a5582,B6Ir6Mg6,Hexagonal,12.6332,9.96053,77.4034,203.985,395.965
aflow:c43242ccdc84ef23,Ag1Cu4Dy1,Cubic,15.3075,9.4838,15.4923,44.1841,167.058
aflow:c4358a51c19fcdd9,Al3Hf1,Tetragonal,17.3238,6.21691,84.5204,200.785,457.108
aflow:c45fd3cfd9ab3800,K1,Cubic,72.9958,0.889425,1.13168,3.08348,87.0754
aflow:c461c6bc5ee6289d,In1Li1Sn1,Cubic,26.3992,5.04155,18.3308,46.5952,207.086
aflow:c4644f5c0da2a257,As8Zr4,Orthorhombic,19.4633,6.85554,71.7084,176.511,394.057
aflow:c469c0cafc7af9ff,Ca2Sn2Zn2,Hexagonal,25.2889,4.9061,25.0676,61.2519,275.163
aflow:c46bde1662d8f473,Br3Cs1Sn1,Cubic,41.5477,3.92723,8.46313,22.1442,137.94
aflow:c4732fa16eb24522,O14Sn4Tb4,Cubic,13.5926,7.41013,86.2893,219.659,468.076
aflow:c4765ff8e73598db,In1Ni2Tb2,Orthorhombic,20.4346,8.93955,35.4988,91.8348,251.036
aflow:c47d8c45db4e7bcf,Al8Dy1Mn4,Tetragonal,14.7141,5.19216,88.9763,217.529,543.126
aflow:c4894ff6abb39331,Er4Os8,Hexagonal,17.827,17.0044,48.5468,135.537,214.964
aflow:c49eb83bd6f76091,Pt6Sc6Sn6,Hexagonal,20.2929,9.78494,52.5606,136.827,280.074
aflow:c4a54ec70f0e653b,Os2Si2U1,Tetragonal,17.128,13.0803,99.258,249.901,369.958
aflow:c4a92728a41cbf95,La1Pd5,Hexagonal,18.7965,9.87832,44.2282,118.576,256.998
aflow:c4bedc78c6d48e69,Ho4Mg2Se8,Cubic,28.2588,5.62441,19.3267,51.6597,211.024
aflow:c4c839a3ba80c695,Sb1Y1,Cubic,29.955,5.83881,34.4787,86.5656,257.032
aflow:c4d6f296578f5549,Co4Dy4Sn4,Orthorhombic,20.5941,9.14158,46.2889,116.547,286.93
aflow:c4e9f00ec0fcebca,Bi4Pd4Se4,Cubic,23.1567,9.4259,23.571,64.392,185.007
aflow:c4eb6ac358d80fdd,Ge26Ir8Yb6,Cubic,18.5687,9.97856,50.6362,129.534,289.914
aflow:c4fa2d3210295abd,Cu4Mn1Sn1,Cubic,14.7747,8.01369,50.936,130.537,321.132
aflow:c4fc7a005d06a30b,Ca1Sn3,Cubic,28.1647,5.83907,24.3057,61.2012,220.895
aflow:c50acffd8d3d6b5f,Ge26Ir8Tb6,Cubic,18.3381,9.91232,64.1956,164.684,307.89
aflow:c51285e5e6e00f21,Sb4Ta5,Tetragonal,20.7745,12.3605,37.1025,100.733,228.985
aflow:c51f74ea099c5dc2,N4Ni8W12,Cubic,12.4777,15.1476,146.432,378.198,433.954
aflow:c526fe4983dfcffa,Bi1Y1,Cubic,31.7629,7.78664,30.6014,77.5365,202.006
aflow:c52b037386823e0d,Ir4Te8,Cubic,23.0112,10.7623,55.0072,141.517,259.962
aflow:c52ef7c72b7785db,F4Mg2,Orthorhombic,11.3468,3.03918,49.9009,127.883,562.022
aflow:c531e9c812d50987,Ga1Ni2V1,Cubic,12.0963,8.17,53.8583,146.945,365.02
aflow:c555fd348225f9a5,Hf3Ru3Si3,Hexagonal,15.6627,10.8721,107.333,273.372,410.995
aflow:c55d82bdab765f36,As7Ho2Ni12,Hexagonal,13.5373,9.10395,52.5565,141.417,326.983
aflow:c566d2bab17f37b0,Dy4Li4O8,Orthorhombic,12.6854,6.59218,62.2611,159.669,437.913
aflow:c568d79d0d0e9fc8,Ag1Mn3N1,Cubic,15.5211,6.13433,29.2627,75.2034,274.028
aflow:c575fe5bdcfe8f47,Co1O6Pt3,Orthorhombic,11.5325,10.6579,76.5588,202.99,403.884
aflow:c58a246f03486cd2,Ge1Pt1Ti1,Cubic,18.1094,9.64567,54.4326,145.655,296.979
aflow:c5976272e8f2fc30,B6Y1,Cubic,9.85027,3.70308,64.5407,172.012,643.924
aflow:c59c1fbcce730c3f,Ag2Pb2Tb2,Hexagonal,25.3848,10.3354,34.0086,86.1905,199.996
aflow:c5b17da66c84aaf6,Co1Hf1,Cubic,16.6923,11.8094,75.9854,189.197,321.034
aflow:c5c2b0c3421b7a69,N4Nb12Zn12,Cubic,14.2584,8.13335,97.0605,243.246,484.904
aflow:c5c59a10fed69262,I1K1,Cubic,46.1619,2.98573,5.21968,13.5102,115.836
aflow:c5cb9fc67bd390cc,Al1Au2Ti1,Cubic,17.0205,11.4345,21.1276,60.1559,176.989
aflow:c5cd21ef451178bf,Cr2P8,Monoclinic,15.2004,3.84298,99.0583,232.144,682.815
aflow:c5d6762a8aad6f28,Pt1Sb1Yb1,Cubic,24.9416,10.8716,14.3121,40.1642,135.001
aflow:c5dc64f9dc6b057c,Pt4Tb2,Cubic,18.6973,16.2557,69.6221,182.912,253.042
aflow:c5f7deca203a8c23,Co4Sb12,Cubic,23.4646,7.50464,56.2147,136.168,310.039
aflow:c5fcd642ba5d9504,Pt1Sn1U1,Cubic,26.2709,11.6263,15.8698,44.7612,131.006
aflow:c605526226b3f42c,Cr4Nb4P4,Orthorhombic,14.7498,6.60008,93.4751,224.906,510.887
aflow:c605f44aa32358d9,La8Rh6,Cubic,26.6758,7.6863,20.0513,54.2651,191.048
aflow:c60d45627d5b258e,Ho3In3Ir3,Hexagonal,21.003,12.4383,35.6683,97.0642,201.957
aflow:c60ee5d60be843c0,Ge3Pd3Ti3,Hexagonal,16.1487,7.77688,60.2413,158.656,360.946
aflow:c61260c70de2d745,Bi4O6,Cubic,17.5185,8.83343,20.0376,56.8632,184.006
aflow:c617361aadf1a089,Ag1P1Pt5,Tetragonal,15.628,16.9141,44.2714,123.453,216.026
aflow:c61cc0eba7f9d25b,Cu36In16,Cubic,14.9182,8.82938,41.3823,108.901,279.818
aflow:c63288c8bd0530ac,Cd1F2,Cubic,13.6653,6.09225,28.4979,77.7472,294.189
aflow:c636c0d6b75ff3c5,As6Ru7U4,Cubic,17.6271,11.6876,84.6489,216.751,342.986
aflow:c648ed3172587200,N2Nb2,Hexagonal,13.3615,6.64348,44.4594,124.674,382.023
aflow:c65eb974665e418b,As8Ba4Ge8,Tetragonal,27.6562,5.19189,26.9894,67.0085,262.98
aflow:c6601606af69527b,Be4Ti2,Cubic,11.5265,3.16574,108.374,249.744,815.912
aflow:c66e406677f76ccf,Ca24N16,Cubic,18.8868,2.6069,33.8479,86.9446,448.909
aflow:c678ea2fec2066ee,Co2Sn1Zr1,Cubic,16.8688,8.06644,56.3832,143.242,329.937
aflow:c67b818b8f839e87,Ba1Ga4,Tetragonal,23.0362,6.0014,30.931,76.154,248.139
aflow:c69344e41dac1391,As2Ba1Zn2,Tetragonal,23.2714,5.96435,26.217,66.929,250.03
aflow:c6bc297ce67afd1d,Mg3Pd3Y3,Hexagonal,21.7414,5.59107,17.0641,47.4627,204.952
aflow:c6c8129ea67902fe,K2P2Zn2,Hexagonal,24.6946,3.03607,26.6336,64.2969,337.838
aflow:c6d068e985f2a15e,Mn1V1,Cubic,12.2042,7.20312,140.948,349.657,615.096
aflow:c6d1bca9355c3f4d,Cd2Er4S8,Cubic,25.2048,5.41332,23.6469,63.1628,244.009
aflow:c6d52ea37eb98db2,Br1Tl1,Cubic,32.8912,7.17591,7.94768,21.1487,104.128
aflow:c6e8d952c35609f3,Ba2Pb2Zn2,Hexagonal,33.675,6.73766,21.72,52.5434,179.047
aflow:c6eee5e705fb3446,Ag1Pt5Si1,Tetragonal,15.7067,16.7856,54.0228,148.57,233.021
aflow:c6f9c574d454e1c4,C2Hf4In2,Hexagonal,17.8098,11.2773,95.2567,229.265,389.981
aflow:c6ff2a43004d6387,Cr4S8Zn2,Cubic,18.3592,3.84545,41.2715,106.361,410.086
aflow:c7040aa8f251f062,P1Yb1,Cubic,23.3255,7.26186,18.2715,51.0598,146.936
aflow:c70b5b8d0aa26bf7,Ru4Tb10,Monoclinic,25.9484,9.11245,26.4409,69.6385,201.996
aflow:c70e54cbc7c388ab,Hg6Mg10,Hexagonal,22.176,6.77005,24.6303,62.3834,222.979
aflow:c7228ec855654a31,B2C2Mo4,Orthorhombic,10.6124,8.39864,180.718,452.812,698.934
aflow:c727db055b8c7d56,Hf10Si6,Hexagonal,18.5468,10.9309,87.8423,218.259,356.058
aflow:c7283e578de551e1,Co8Ge26Yb6,Cubic,16.8167,8.3859,44.0664,113.649,294.867
aflow:c75310f2c251e81b,C4Si2Ti6,Hexagonal,12.5932,4.30319,134.143,322.844,792.84
aflow:c784ea573c0e2ee7,Dy1Te1,Cubic,29.1613,8.25963,22.2686,59.9142,176.968
aflow:c78a80a4276e8729,Ag2As2Ba2,Hexagonal,28.6114,6.193,28.3141,69.8235,225.893
aflow:c79394e4f67f0a4d,Al9Er3Ni6,Hexagonal,15.6127,6.4805,70.9294,176.804,426.044
aflow:c79bb5670ea37684,Hg1Tb1,Cubic,26.0521,11.4576,17.6505,48.6297,137.006
aflow:c7ba5be9d60e6bf1,Er16In4Rh4,Cubic,25.6514,9.56743,35.4541,90.2691,218.036
aflow:c7c8547134b0a199,Co8Ti16,Cubic,15.2086,5.63146,50.8053,135.738,411.997
aflow:c7dabd3c906d47e5,Pd4Tb4,Orthorhombic,22.4136,9.82851,25.9711,70.2903,196.963
aflow:c7e4f6937e0696c1,Al1Hf1Pd2,Cubic,16.4014,10.5868,13.3644,38.9868,147.018
aflow:c80850c41a89bd06,Al2C2Zr4,Hexagonal,17.5461,5.23903,92.473,222.16,567.049
aflow:c80fa65cecefab92,Er4P4Pd4,Orthorhombic,17.6463,9.55549,63.2667,161.683,324.954
aflow:c818c9c770b63d37,Hf6Ni16Si7,Cubic,12.5838,10.0406,96.8663,248.621,438.04
aflow:c81fcb94fcb38f71,P1Pt5Tl1,Tetragonal,16.2448,17.681,50.4164,139.029,221.996
aflow:c8381e74e56f350a,O4V2,Tetragonal,10.2897,4.46159,119.256,305.081,788.761
aflow:c838d91d4681ecc7,Er14Rh6,Hexagonal,24.6893,9.951,23.2495,62.3896,186
aflow:c85391284698bd42,Os8Y4,Hexagonal,18.081,14.3669,51.5239,142.922,240.029
aflow:c854f04be2146c1c,Al1Li1Si1,Cubic,17.4611,1.96564,55.4704,128.614,637.81
aflow:c858bd5114fcd0ac,As2Dy2O8,Tetragonal,13.5558,6.15381,56.0443,146.371,468.138
aflow:c85c1d1ed3ac501d,O8Re4,Orthorhombic,10.8197,11.1626,150.738,381.475,575.033
aflow:c87705861b1e6915,Mg1Rh1,Cubic,14.8415,7.11647,59.0882,152.915,369.111
aflow:c87b45dbe56f9474,O1Sn1Yb3,Cubic,23.0223,9.43152,45.1438,108.621,233.047
aflow:c882f6f3d9636611,Ni2O12Sb4,Tetragonal,11.5731,6.3481,94.3554,239.784,571.101
aflow:c8845846637f03d9,Ge6Ni2Y2,Orthorhombic,18.1072,6.70126,64.2116,158.286,376.966
aflow:c8a15c5939de425c,Er2Ga4Pd2,Orthorhombic,18.34,9.3515,47.4018,122.325,279.896
aflow:c8a8f29b97b0ce02,Cu4In1Y1,Cubic,15.9383,7.95125,48.8222,125.249,313.871
aflow:c8b05327e0ba2b41,Cd2Dy4S8,Cubic,25.6898,5.22321,22.924,61.3264,242.053
aflow:c8bf0fc0acaf2a94,C1Lu1Rh3,Cubic,14.1459,11.6376,82.2434,217.367,363.047
aflow:c8e3a3fb085815fd,Er4Pt8Si4,Orthorhombic,17.2706,14.0744,55.6242,148.589,263.062
aflow:c8eb952451efb269,Ho1Rh2Si2,Tetragonal,16.1695,8.76841,91.3351,230.337,420.99
aflow:c8ef36d664c1938b,Er2Tl2Zn2,Hexagonal,22.7095,10.6515,39.9221,99.0433,221.115
aflow:c9038761ebf5c2b9,Co2P2Zr8,Tetragonal,18.5668,6.77905,33.8374,93.1719,284.999
aflow:c90aab03829e992f,Mn1Se1,Cubic,21.2344,5.23544,36.1259,91.8746,307.047
aflow:c91c8e749f62a9d4,Au1Ti1,Cubic,18.6867,10.8797,41.1534,107.998,230.935
aflow:c92050f4f517d08b,As4Ge2Zn2,Tetragonal,23.2566,5.13753,37.239,92.6234,303.868
aflow:c9246cfad021e77d,Cu2Te2Tl1,Tetragonal,25.2138,7.72734,13.1769,34.8813,174.914
aflow:c935637c522664f6,Co2Sc1Sn1,Cubic,17.4901,6.68183,46.4576,118.113,325.178
aflow:c93ff003ef94f343,La4Sb8,Orthorhombic,31.4532,6.72957,24.5511,63.874,205.056
aflow:c946fe101efdf626,As2Ca1Cd2,Hexagonal,24.6563,5.58639,30.6587,76.5364,266.924
aflow:c954937f85e0cdcc,Al4Co2Y2,Orthorhombic,17.4337,4.80536,44.5518,114.219,411.893
aflow:c95606e8cb3cef5a,Au3Li1,Cubic,16.8143,14.7603,15.8944,44.9573,133.06
aflow:c958245c609e785d,As12Co4,Cubic,17.5448,6.71269,81.6127,195.599,428.012
aflow:c969067f8a3bbde9,C8,Cubic,5.60913,3.55576,510.47,1063.7,2144.93
aflow:c96936f1ed31e1b0,Cd2Ho4Se8,Cubic,28.9952,6.20238,18.3177,49.3265,191.011
aflow:c96ed7a989cfdc88,Ni3P3Pd3,Hexagonal,12.4897,8.68904,34.7939,98.1427,285.102
aflow:c9706e203eac5569,Rb4S2,Hexagonal,34.465,3.26015,6.06854,16.1621,144.882
aflow:c975e8be6b9024d0,Ge6Ru4Tb6,Orthorhombic,20.3822,9.13165,52.666,134.469,309.045
aflow:c99cd266a54d7d4e,La6Sn8,Orthorhombic,32.2518,6.55703,30.3273,76.425,223.934
aflow:c9b69af480b720a9,Ge4Mg2Tb4,Tetragonal,22.6402,7.14869,55.8016,133.859,316.919
aflow:c9b85a6eb23d3036,Al8O12,Orthorhombic,8.56129,3.95526,146.201,362.11,956.022
aflow:c9c4cb2648c77793,As4Fe4Nb4,Orthorhombic,15.793,7.83937,56.7259,149.539,358.984
aflow:c9d8f8cf0cfaffd9,Dy4Ge4Ir4,Orthorhombic,18.6854,12.6581,61.3976,160.551,278.039
aflow:c9dce173d43bc3b9,Bi4Pt4Te4,Cubic,25.4887,11.5458,31.9049,85.2417,186.045
aflow:c9df5d1184d1640f,C18Si18,Hexagonal,10.4925,3.17284,186.914,433.987,1106.1
aflow:c9fd91d1ff70dd06,Au6Er6Sb8,Cubic,24.0648,10.9002,39.7287,102.488,218.086
aflow:ca1726d414bf71ad,Al12Mo4,Monoclinic,15.3344,4.78863,96.931,234.29,590.018
aflow:ca2b185ba242da1e,Ba1O1,Cubic,22.1121,5.75725,36.4433,92.9812,287.913
aflow:ca4d7a192ad4d0dc,Ga6Pt6Zr6,Hexagonal,17.7062,11.1304,70.2099,183.246,316.956
aflow:ca93f7ab4fd288a7,Si6V10,Tetragonal,13.306,5.2877,110.243,277.27,621.872
aflow:ca9cdc800c9391c4,Pt1Sn2,Cubic,23.9852,9.98023,22.9661,63.3993,172.03
aflow:caa88b714d13abcc,Pd2Sn1Y1,Cubic,19.6318,8.88971,24.3002,67.8459,198.943
aflow:caaa20c92838e6d6,C2Nb4S2,Hexagonal,13.9623,6.83503,95.5822,245.681,543.099
aflow:cae69c96fac06bdd,Cu1Ho1,Cubic,20.649,9.18674,34.1809,88.2569,227.979
aflow:caeefb62a94a9b14,Pd2Sb2Tb2,Hexagonal,22.9837,9.32189,33.8982,90.2122,225.982
aflow:caf2d1d3a9a922c0,As4Cu2Er2,Tetragonal,18.5641,8.51218,55.5383,138.584,317.091
aflow:cb1589626859b7a8,Au4Mg4Yb4,Orthorhombic,24.1561,9.03526,18.6371,48.866,168.079
aflow:cb15e9a50c142504,Cu2Si2Tb2,Hexagonal,18.8679,7.3504,62.4009,152.933,360.064
aflow:cb1a5c4e541f0235,Ba1Ge12Pt4,Cubic,19.8323,8.81013,20.4559,57.3101,189.052
aflow:cb1f9acfa0aecb58,Sr1Te1,Cubic,38.0407,4.69736,20.1021,49.8468,201.082
aflow:cb23330d734db36f,Ir1La1Si3,Tetragonal,18.2666,7.55214,67.3026,170.918,383.908
aflow:cb33da202450d95b,Os8Y4,Hexagonal,18.082,14.366,51.8157,143.967,236.977
aflow:cb363b26a85df51d,Ir7Sc4Si6,Cubic,15.4567,10.7045,110.399,276.635,434.023
aflow:cb4224749669c8a3,As1Pd5Tl1,Tetragonal,16.7888,11.4633,46.99,126.264,255.06
aflow:cb432b9c96163d15,P4Zr4,Hexagonal,18.811,5.39333,80.4661,201.386,475.977
aflow:cb4f4dc8c948e3eb,Au2Th2,Orthorhombic,27.4958,12.9543,23.0615,64.0123,144.965
aflow:cb514034f0a5a191,Er1Tl1,Cubic,26.7281,11.5442,15.1219,41.6502,126.994
aflow:cb52ed8a982c4b0c,Pt2Si2Th1,Tetragonal,18.4335,12.2223,63.8185,168.832,291.949
aflow:cb5b728e11e82968,F3Mg1Rb1,Cubic,14.0876,3.93146,41.3677,102.32,422.094
aflow:cb689d978d360a3a,Be5Pt1,Cubic,8.858,7.5032,154.204,352.211,691.896
aflow:cb7b0b787fcac5e5,Ba2In8Ir2,Orthorhombic,25.7818,8.46776,31.2414,78.2579,232.963
aflow:cb8c513caf2927d5,Bi1Ga1O3,Cubic,11.7384,9.24355,92.9318,237.421,446.933
aflow:cb9594228183239e,Dy1Mg1,Cubic,27.0909,5.72512,22.4531,57.0756,213.936
aflow:cb99d1be4cdd1829,Ga1Mn1Ni2,Cubic,12.7809,7.86216,72.3044,184.297,389.088
aflow:cb9cd516a1599ef5,Al16Pd7Ti6,Cubic,15.82,5.29854,69.695,176.865,466.824
aflow:cba13995efa3f927,Mn1O1,Cubic,11.5243,5.11069,62.8174,164.628,499.764
aflow:cba87020a753df24,Ag8S4,Orthorhombic,19.0461,7.2014,13.3255,37.0333,177.999
aflow:cbaaeced9ee69e4b,In4Ir2Sr2,Orthorhombic,24.1891,8.74371,29.8131,76.6024,231.909
aflow:cbd0cb3bc230996a,Ag2As2Sr2,Hexagonal,25.46,5.87885,30.4051,75.2405,253.059
aflow:cbd3163ea6fcba47,In2N2,Hexagonal,15.8603,6.74396,54.8778,143.535,369.109
aflow:cbda71948a93d2cb,Al1La3,Cubic,32.0583,5.74561,16.4821,43.3612,177.984
aflow:cbe40e42e756b9e5,Te1Yb1,Cubic,33.3424,7.48634,23.848,57.7582,187.042
aflow:cbe4dab174b3e070,Li1Pd1,Cubic,13.234,7.11074,31.2464,82.3583,273.922
aflow:cbf02ee2b7e7d09c,O8Pd6Sr2,Cubic,12.9832,7.52714,60.5386,159.681,394.15
aflow:cbf3a14d299bd86d,Ca2In4Pd2,Orthorhombic,23.2616,6.71239,25.7957,66.8652,237.08
aflow:cbfb564cc157aeec,Si4Ti2,Orthorhombic,14.652,3.93153,100.895,242.934,663.947
aflow:cc24f154b0ce81f1,Mn8Sc4,Hexagonal,21.4171,4.00155,33.4429,83.7326,332.924
aflow:cc315d932b359d19,Ca2O6Si2,Tetragonal,9.39088,4.10812,142.252,349.609,882.199
aflow:cc3163414e93c3fa,Mg8Sr4,Hexagonal,31.3015,2.409,16.7578,41.2475,270.939
aflow:cc3810ae5c65aacf,Al1Au2Sc1,Cubic,18.1891,10.6327,16.8456,48.0444,159.041
aflow:cc52fc64aedf03b6,In2Pd4Th4,Tetragonal,25.4091,10.3478,27.3529,75.171,183.012
aflow:cc56002d4304615b,Al16Hf6Rh7,Cubic,15.9065,8.00227,59.383,156.636,360.979
aflow:cc56846288079507,Ca1O3Si1,Cubic,9.38575,4.11037,150.419,365.93,905.683
aflow:cc5e8c89d9a3f33f,Ga9Rb3,Tetragonal,25.8745,4.72787,23.4283,55.9155,241.13
aflow:cc641efaedc2dc1f,P2Sb2Zr4,Hexagonal,21.4448,6.48821,67.0024,167.949,381.073
aflow:cc64bae75fe8a84a,Bi1O2Y2,Tetragonal,20.6974,6.71986,33.2069,85.8264,316.017
aflow:cc717d6de1690f4a,Ir2Mo2,Orthorhombic,14.9178,16.0379,160.574,411.302,416.018
aflow:cc780562173bd001,As1Tl1,Cubic,31.9374,7.26069,18.7576,48.5891,162.926
aflow:cc97f77cef3a3aba,Ir4La2Si4,Tetragonal,17.6918,10.8786,68.1049,179.647,321.039
aflow:cc9a5a5a57fa9414,Ba2O4Zr1,Tetragonal,17.5299,5.81724,55.9163,142.889,403.063
aflow:cca0470a5e85e41d,Ho16O24,Cubic,14.9256,8.40769,65.4598,170.674,374.928
aflow:ccb8712dca6b07b0,In2P2,Hexagonal,26.2177,4.61705,31.9778,81.6293,285.871
aflow:ccdedd6a47814fdd,Dy1Ni2P2,Tetragonal,13.8791,8.17948,88.0928,221.103,442.978
aflow:cced1a1a102b3c48,Eu1O3Ti1,Cubic,12.5067,6.58174,106.448,267.513,536.048
aflow:cd03036b6ea1706d,Ca2In4O8,Tetragonal,14.5915,5.42539,40.4029,109.185,372.018
aflow:cd0de172397640ab,Cu4Er1Pd1,Cubic,14.5614,10.0323,33.9239,92.6459,242.96
aflow:cd110a5368819391,Ho4Rh4Zn4,Orthorhombic,18.3739,10.0381,34.2526,93.9506,213.038
aflow:cd1e611bc5b35a8e,B6C2Nb6,Orthorhombic,10.6421,7.2035,186.406,456.299,754.936
aflow:cd218b45a20c9d02,Ag1Ti2,Tetragonal,18.1696,6.20448,52.3196,134.689,362.041
aflow:cd335767e53fce83,Ru3U1,Cubic,16.085,13.9687,103.304,271.311,353.984
aflow:cd3533e558e1c032,Cd1Hg2Ti1,Tetragonal,21.668,10.7575,20.7841,55.5286,162.171
aflow:cd53e7610b132878,Dy1Ir1Si3,Tetragonal,17.0386,8.55633,60.7828,158.217,353.032
aflow:cd5e871a1c5af012,Fe2Ge1Ti1,Cubic,12.3074,7.8317,137.164,335.003,581.03
aflow:cd60240c094a6261,Co2Nb1Sn1,Cubic,15.6816,8.7218,59.3791,152.101,339.068
aflow:cd774a3204be56af,Ga4Zr6,Tetragonal,20.0813,6.83248,66.3969,166.544,372.005
aflow:cd7a7ed413f1e66a,Ag2Sn2Sr1,Tetragonal,27.0002,6.65117,18.1047,47.8532,179.133
aflow:cd7a9aa6417fb341,Os2,Hexagonal,14.2198,22.211,257.753,638.325,454.973
aflow:cd7dedbd84a6e2f8,Cl3Cs1Pb1,Cubic,37.7244,3.93047,9.40627,24.6839,150.025
aflow:cdb000669727f2ba,Cd2Hf2,Tetragonal,21.7358,11.1119,33.9353,89.1782,216.03
aflow:cdbe97e96d2d1cf1,Mo1Pt2,Orthorhombic,15.2316,17.6655,124.4,324,346.965
aflow:cdd7847fb7e8b974,K4Na4S4,Orthorhombic,25.5272,2.04144,15.7058,38.9945,299.937
aflow:cdd80b42cdffa73e,Ba4F12Pd2,Orthorhombic,19.0776,4.78775,19.3463,51.6564,266.937
aflow:cdda0a8539ee985a,Ho1Tl1,Cubic,26.9307,11.3855,15.6186,42.9118,129.057
aflow:cddfd2c4f05954bb,Hf4Ni4Sn2,Tetragonal,16.9731,11.604,63.9648,166.195,304.926
aflow:cdee195b951f5d51,Au16Hf4,Orthorhombic,17.9686,17.8609,40.7912,111.699,187.915
aflow:cdfdcf7fda69670c,N1Zr1,Cubic,15.5442,5.62054,67.8431,180.709,458.944
aflow:ce00fa721b5a6996,La4O12Y4,Orthorhombic,15.8387,5.78322,60.7135,157.881,429.92
aflow:ce038afcf4745823,Al16Os7Zr6,Cubic,16.3043,8.11412,67.4341,177.237,377.947
aflow:ce09cfb3c14be330,Rh3Sn3Zr3,Hexagonal,19.4435,8.90517,50.8381,136.119,296.956
aflow:ce29391dc938bbb0,B8Hf2Ir6,Hexagonal,10.9022,15.2006,106.626,281.721,416.997
aflow:ce38ff6bfa92b678,Hf6In8,Tetragonal,23.5035,10.04,39.4084,101.526,230.94
aflow:ce3ba93409efd35e,La8Ru8Sn24,Cubic,24.7052,8.01255,31.678,84.3654,228.064
aflow:ce45017fa6450d35,Fe3Ge3,Hexagonal,16.7437,6.36881,37.977,98.2245,307.097
aflow:ce4acf66f2425d3e,Cu1Rh2Sn1,Cubic,15.1255,10.6504,58.7645,158.007,312.969
aflow:ce610cb49c8c7990,In1Te1,Cubic,30.7608,6.5432,17.4665,45.8348,169.112
aflow:ce620ffad6e99ca9,Ag2Tb1,Tetragonal,22.0155,9.41976,22.0175,59.4639,174.974
aflow:ce621a8d06b6896b,Au2Dy1,Tetragonal,20.9741,14.6844,36.2354,96.6597,185.993
aflow:ce6cffc596e0806b,Ga2N2,Hexagonal,11.6088,5.98944,105.985,264.616,595.183
aflow:ce75176bf54e8399,Pt2Sc1Sn1,Cubic,18.3806,12.5084,27.5803,77.6129,185.06
aflow:ce98f1f2db8e7b29,Hg2Sn2Sr2,Hexagonal,30.0958,7.48359,22.2914,55.7765,181.969
aflow:ce9b51fb3bdefaaa,Cd1Hf2,Tetragonal,21.9727,11.8244,36.2211,96.72,211.969
aflow:ce9f67f08cd44654,Ga4Li4S8,Orthorhombic,20.4531,2.85776,22.0807,56.7121,376.054
aflow:cea75a0f94945ef0,Na2,Hexagonal,34.9181,1.09329,4.32634,11.2076,180.722
aflow:ced3dcb9433e147f,Li1Pt7,Cubic,14.9717,19.0294,72.8693,195.707,258.997
aflow:cee03421b2f2db1e,Pt1Sb1Sc1,Cubic,22.0124,9.09756,51.0477,132.621,274.971
aflow:cef2bb57f72ad9e2,Ru4Se8,Cubic,18.1924,7.87992,88.8335,216.559,411.117
aflow:cf060bdbadd996c5,C4Ge2Ti6,Hexagonal,12.8945,5.15786,124.592,301.284,700.906
aflow:cf0f068c99c6f727,Ba1Se1,Cubic,32.3593,5.54953,17.3248,45.2551,182.047
aflow:cf2155c717288f48,Cu2Ga1Sc1,Cubic,15.2683,6.57398,30.1824,82.2193,279.073
aflow:cf310d2042303802,Ca2Ni4,Cubic,15.3595,5.67441,38.6512,100.042,323.766
aflow:cf3ef46b038e70fa,Dy1Se1,Cubic,23.9156,8.38267,27.9646,75.3095,209.995
aflow:cf40cb0bd363aec2,K8Te12,Orthorhombic,38.6151,3.96479,7.21324,18.6552,161.929
aflow:cf4537f3f53c76be,As3Na3Sr3,Hexagonal,27.5063,3.73347,26.1878,62.7529,280.007
aflow:cf4fc189035f31c6,Pd8Si4Y4,Orthorhombic,17.6977,7.73592,46.4513,124.124,309.087
aflow:cf50d9b9fe60f66f,In8Ir1Yb2,Tetragonal,24.4925,8.97928,28.1779,71.2566,206.012
aflow:cf764a1116e300c1,N4Os8Zr16,Cubic,17.247,10.4434,84.8749,222.018,364.984
aflow:cf9657d40d9da190,B6Pu1,Cubic,9.89679,7.40462,99.2488,244.447,584.096
aflow:cfad5bdff5d83557,N1Zr1,Cubic,12.3117,7.09623,151.187,376.531,647.9
aflow:cfb1c96108ef47c1,Dy3Ge3Li3,Hexagonal,20.3896,6.57037,47.6093,114.345,311.976
aflow:cfbceda193fc9a79,Cd1Li2Pb1,Cubic,21.3417,6.48701,11.4381,30.7218,153.856
aflow:cfcaed811a14588c,In2Ir1Li1,Cubic,17.0624,10.4329,41.1162,109.442,250.902
aflow:cfd5feaf28197208,Ho2,Hexagonal,31.3672,8.7312,30.9191,74.8137,192.023
aflow:cff1d3ae6b3f4da2,Ca5P8,Monoclinic,22.6735,2.52493,37.5381,90.8363,482.164
aflow:d00a3e343afa83f9,Ru3Zr1,Cubic,15.7883,10.3711,62.9049,170.811,320.03
aflow:d01371eb46ecbd32,Ag4Ba4,Orthorhombic,37.4778,5.43203,10.9346,27.8008,139.015
aflow:d02fa8ced352ee4a,Au1Li2Sb1,Cubic,18.195,7.58853,19.6196,52.2545,198.865
aflow:d03b8a2bb448d3bc,Ag4Te4Tl4,Orthorhombic,29.0187,8.38964,10.6828,29.1274,117.959
aflow:d047bbe542b179c3,Hg1P1Pd5,Tetragonal,15.8869,11.4014,37.1391,102.824,234.12
aflow:d08800926a9f9cb1,Nb1Pd2,Orthorhombic,15.8463,10.6784,75.0037,199.61,341.101
aflow:d0a55d728d4cfcac,As12Ir4,Cubic,19.6341,8.81654,84.4788,208.273,372.073
aflow:d0a676571ed2778b,B6Er1,Cubic,9.7371,5.65502,59.8431,160.624,512.097
aflow:d0aac9dbe8bc5283,Cu4Mn4P4,Orthorhombic,14.941,5.53692,38.7041,101.983,349.879
aflow:d0afa174edb8a1e1,Ir4Lu4Si4,Orthorhombic,17.0408,12.8391,82.2703,210.004,330.047
aflow:d0b1587a005afacc,Ru4Sb4,Orthorhombic,18.669,9.90953,70.3584,181.078,340.065
aflow:d0b42c6f6671463c,Rh8Sb4,Orthorhombic,16.1479,11.2281,51.3127,139.998,285.061
aflow:d0c29ad69c95c8f2,Mo2Pt2,Orthorhombic,15.373,15.718,132.32,340.65,382.052
aflow:d0c93a9396dc599e,Cl1Na1,Cubic,22.8151,2.12681,13.4547,34.2024,271.114
aflow:d0d4eb0ea07a225e,Er1Rh3Si2,Hexagonal,15.8452,9.29463,101.238,255.322,428.101
aflow:d0da76ce0d341dfc,Ni2Sc2Si6,Orthorhombic,15.3749,4.05883,82.0895,201.702,589.784
aflow:d0dc48d85d0738ff,Sn4Th2,Orthorhombic,30.041,8.64915,37.4794,95.6784,220.024
aflow:d0e80731a317f7d6,H2Zr1,Tetragonal,9.20357,5.60731,25.1683,71.0583,331.975
aflow:d0f2ba9345aa22a0,C2Er10Ge6,Hexagonal,21.7544,9.0417,45.6871,115.38,274.068
aflow:d1037ea3cb12a75b,As12Co4,Cubic,17.5469,6.71189,81.4805,193.779,435.123
aflow:d11e5747fb179dd4,Ir1Nb1,Tetragonal,16.017,14.7801,95.7959,255.781,333.981
aflow:d1246d2705c13619,As2Ba1Cu2,Tetragonal,20.7496,6.63053,26.2641,68.704,244.914
aflow:d13e19bd2ad8bff6,Pd2Sr2Tl4,Orthorhombic,26.556,9.4226,14.0579,37.7231,143.031
aflow:d145209fb6e7e5ee,Ag2Bi2Ca2,Hexagonal,27.5338,7.17536,21.138,54.3232,186.1
aflow:d146f4324e1aee9e,La4O14Zr4,Cubic,14.9363,5.78358,81.8649,208.968,512.047
aflow:d159650df5b1e2ad,Ge6Ho4Rh7,Cubic,17.206,10.3072,76.7779,194.274,352.951
aflow:d167ec17eb2dc07c,N2Se1Th2,Hexagonal,22.2424,8.52653,52.9254,136.93,312.027
aflow:d176291d7c976b5c,Ag2Li1Sn1,Cubic,19.191,7.38436,17.5022,47.3058,181.88
aflow:d177d66e077ae060,Cl8Cu2Rb4,Orthorhombic,30.0341,2.9721,7.58727,19.4353,211.782
aflow:d17fe7d5d20013f6,Ca1F3K1,Cubic,18.0147,2.51041,25.1503,64.2677,379.245
aflow:d1883835918feb41,Al2Li2Te4,Tetragonal,30.7576,3.90229,13.8082,35.5693,222.016
aflow:d18edb1550aa79c9,In2Li1Pd1,Cubic,18.155,7.84264,26.4754,70.0897,223.8
aflow:d191af1523eac582,P4Rh4Se4,Cubic,16.7714,7.02443,89.2896,221.165,451.076
aflow:d19f535bb9f1b963,Ga1Li2Pt1,Cubic,13.8091,8.37868,30.1921,80.7036,255.812
aflow:d1a20f2b9212802b,Sn3Yb1,Cubic,27.8319,7.89209,23.9784,60.0607,195.051
aflow:d1a53bdc84b5275a,Cr2O4,Tetragonal,9.99441,4.65182,102.965,263.054,701.352
aflow:d1acbf7cd6bbd917,Al1As1,Cubic,23.5565,3.59166,39.3252,98.7682,373.114
aflow:d1b287b9e3a4ae43,P4Ru4,Orthorhombic,13.6361,8.03983,97.9619,251.696,511.921
aflow:d1be70e9ca68950f,Al1N1Tb3,Cubic,22.1854,7.75077,65.2431,156.845,337.073
aflow:d1c5346be7fd2d90,B4Fe4W4,Orthorhombic,11.259,12.3154,141.685,356.298,502.04
aflow:d1c53dfc3ace44df,Bi4Ir4O14,Cubic,12.887,10.7112,83.3448,216.846,401.036
aflow:d1c8f9461fb3b1dc,Au2Ca4N2,Orthorhombic,20.1922,5.98547,30.1224,76.955,282.944
aflow:d1d764ad10d0eb67,C1Y1,Cubic,20.3978,4.10771,15.3201,43.2998,236.011
aflow:d1f95cf6caa4c50b,N4V12Zn8,Cubic,11.9771,6.8765,121.063,297.593,598.015
aflow:d1fa435773b889e8,Ag3Ca3P3,Hexagonal,20.4211,4.84968,40.6839,100.65,338.172
aflow:d1fd17e61cdce493,Cu1I1,Cubic,28.2043,5.60643,13.8328,36.9795,162.092
aflow:d21eda9fc978e2f8,H1Pd1,Cubic,8.61201,10.355,38.0427,106.584,297.02
aflow:d223febce8427b9d,Li2P2Sr2,Hexagonal,22.4229,3.09885,37.2487,87.3181,394.037
aflow:d225fa42d1b8aadd,Mg2Rh1,Tetragonal,16.9999,4.9333,42.8662,106.624,407.937
aflow:d226f2bda7fcf6b8,Ba4Ge4Pt4,Cubic,26.5705,8.43713,22.5945,60.7799,185.962
aflow:d22da2f6406b0a39,Cu6Ho6Sb8,Cubic,21.9479,8.8704,50.3684,124.191,278.971
aflow:d25e3679e0ac111b,Au4Cd4Yb4,Orthorhombic,24.4651,10.9145,17.6688,47.4778,143.076
aflow:d28694a0827a1a1c,Si106,Tetragonal,23.6074,1.97553,37.3386,94.181,517.99
aflow:d28c5371ec80d3c4,B8C8Sc4,Orthorhombic,9.5462,3.15186,145.689,346.707,1089.14
aflow:d2ab410fef99ea61,C1Ta1,Cubic,11.4338,14.0117,201.073,497.51,548.016
aflow:d2adbe239dba6d07,Ga4Sc2,Orthorhombic,18.5601,5.50022,45.156,113.876,345.884
aflow:d2bed74bc81630a5,Ca3Hg1,Cubic,33.2307,4.00798,9.477,25.1002,149.943
aflow:d2db0df3744c01b0,Cr4Cu2S8,Cubic,17.8696,3.92648,30.6237,81.7808,354.939
aflow:d3110dbb278d254e,Ga9Ru3Y3,Cubic,17.6134,7.52682,59.7322,152.047,350.11
aflow:d3311cbd31908b52,Ag1Er1,Cubic,23.5129,9.71511,28.3288,74.2923,190.996
aflow:d334a6eb4253fef4,B4Hf6Ir10,Tetragonal,14.3734,17.5394,120.549,312.693,358.036
aflow:d33c38b67049c6ed,Ga1Ni2Ta1,Cubic,13.2656,11.5183,52.5628,144.391,297.973
aflow:d344733c9e2e5850,Fe2Rh4S8,Cubic,18.1011,5.10972,48.4032,126.261,388.121
aflow:d35078f68a51dab1,Cd4O8Si2,Cubic,12.1418,6.1915,54.0755,145.121,432.934
aflow:d3618ed7c3ce4ee7,Bi1Na1,Tetragonal,28.7565,6.69754,14.1892,36.836,153.925
aflow:d36b4ecc3f087f42,Ni4P4Th2,Tetragonal,15.6798,8.713,66.8826,175.02,364.98
aflow:d372ab38d2299b07,Ge3Ir1Sr1,Tetragonal,20.5458,8.0435,41.72,107.923,278.968
aflow:d37e4960882fc823,O8Rh4Zn2,Cubic,11.2607,7.06112,67.0954,178.611,476.918
aflow:d38172f10ef5d9e8,C3W6,Hexagonal,12.8674,16.3339,152.427,395.937,431.056
aflow:d3a0fe89c0f579b7,Cd4Co4Dy16,Cubic,25.0149,9.08709,26.8854,68.7938,204.943
aflow:d3aa24a7307877b5,Ag10S8Sb2,Orthorhombic,22.1169,5.92631,11.7082,31.6223,205.993
aflow:d3aba0b4e3ac4051,N3Nb4,Tetragonal,12.1327,8.08764,148.011,377.91,607.981
aflow:d3b5e44b5f6f4a9c,B2Tc2,Hexagonal,10.6877,8.52328,192.011,473.727,700.138
aflow:d3be042aa826ac30,B14Re2Y6,Orthorhombic,11.9647,6.66916,142.337,334.412,681.933
aflow:d3d16a5555e1d1d0,Mo12N4Ni8,Cubic,12.3604,9.38632,130.709,336.911,527.997
aflow:d3f599fbb3b1ce30,Pt4Y12,Orthorhombic,27.6152,6.94227,15.4238,42.4017,179.017
aflow:d3ff64cbbc976ffe,O14Ru4Y4,Cubic,12.3389,6.01864,88.5913,229.584,546.998
aflow:d42040244c5945cd,As2K2Mg2,Tetragonal,27.4434,2.78991,18.8445,46.124,302.935
aflow:d42847d039d9c6d9,Ca2Si1,Cubic,30.63,1.9561,19.9813,50.8018,332.093
aflow:d42ce9cbb464a437,Cr2Cu2O4,Hexagonal,11.4937,5.32897,54.3513,145.818,472.135
aflow:d42ec20d3cab5a59,Ca4In4Rh4,Orthorhombic,21.9189,6.5103,23.9095,64.2741,234.041
aflow:d43abd3deaeccc51,Al1Bi1O3,Cubic,10.9164,8.63886,115.826,288.611,531.002
aflow:d43fa03e0143372f,Cd1Pt2Zn1,Tetragonal,15.5616,15.1517,57.322,153.104,255.039
aflow:d446f545e0742e02,Au2Dy2Ge2,Hexagonal,21.1573,11.3034,44.4089,114.383,238.045
aflow:d466c5b24118e5e7,O4Pt2,Tetragonal,11.2408,11.1822,91.9551,242.414,425.16
aflow:d473826a81704bf2,Ge4La4,Orthorhombic,27.2421,6.44585,39.2344,97.4948,270.936
aflow:d4788fe8ddc60b6f,C1Dy3In1,Cubic,23.8912,8.53973,59.957,143.246,299.016
aflow:d4a66226ac320e53,Ca4Mg4Si4,Orthorhombic,22.9122,2.2339,40.9523,97.1608,477.053
aflow:d4b97fce6374db51,H3Ni1Yb1,Cubic,8.6859,8.97588,54.5583,137.168,381.896
aflow:d4c7ccfcfabd8a78,As12Co4,Cubic,17.5412,6.71407,81.7741,195.462,430.025
aflow:d4d11970ae4cf3d4,O24Y16,Cubic,15.3204,4.89501,62.2962,162.422,473.927
aflow:d4d387623eeff515,La2Pd2Sb2,Hexagonal,25.8437,7.86148,34.142,89.659,234.046
aflow:d4d71d73b26b7913,As1Ca3Cl3,Cubic,27.6449,2.58734,25.198,61.7991,330.983
aflow:d4e50abedae3225e,Ge7Hf6Ni16,Cubic,13.2655,10.8693,76.981,201.885,365.887
aflow:d4edd59d4fe53d89,F4Ni2,Orthorhombic,11.4803,4.66168,42.0406,112.331,422.018
aflow:d4eddbd6a353d061,Au4Er8,Orthorhombic,25.5018,11.5358,20.7146,56.0509,158.038
aflow:d4fcfa0bda62b2b6,Au2Th1,Hexagonal,23.9481,14.4681,36.9856,99.2318,182.991
aflow:d50bd9aca24839f0,Al3Dy1,Tetragonal,20.0896,5.03057,48.4342,118.983,369.154
aflow:d50fa8fcbdd4d38c,O4S2Sc4,Hexagonal,14.2996,3.57596,66.2702,170.666,588.944
aflow:d510f7486a065dba,Ir4P12,Cubic,16.3543,7.23799,114.534,279.913,506.092
aflow:d52b0022ad90146e,Al4Pt8,Orthorhombic,14.6189,15.795,59.3576,162.125,264.928
aflow:d52e440e9529cc6d,O3Ru1Sr1,Cubic,12.8257,6.12877,76.2901,195.41,476.775
aflow:d53254a247baa5b7,Al8Zr10,Hexagonal,19.9756,5.20961,46.061,119.961,365.97
aflow:d53b439bbbbad9b9,O24Tl16,Cubic,15.5937,9.72744,31.9501,87.1982,244.123
aflow:d53b5190863cc376,P1Tl1,Cubic,28.5582,6.84213,24.8606,63.3123,200.876
aflow:d545689b2e3aed45,Ir4Li8Mg4,Cubic,14.6272,6.53918,25.9173,68.6055,268.858
aflow:d556e520fbda64b1,Al2Au2O4,Hexagonal,11.4811,9.25458,68.0651,179.471,400.919
aflow:d57c353d5e7d36ea,Co4S4Sb4,Cubic,16.7422,7.0335,79.031,187.209,430.18
aflow:d5826e5e5181d54c,Li1Pb1Pd2,Cubic,16.9702,10.4441,15.127,42.9227,153.022
aflow:d593ce062e073630,La3Mg3Tl3,Hexagonal,29.1643,6.97637,29.6861,73.8929,213.92
aflow:d59c6ae99050de55,Ni2P2Ta8,Tetragonal,15.9616,14.1044,104.714,270.117,356.986
aflow:d5a6aeb932a9e196,Fe1La1O3,Cubic,12.5803,6.40838,92.5981,234.697,534.101
aflow:d5aca1c46711cc60,Nb10P2Si6,Hexagonal,15.9891,6.69011,79.2017,206.991,459.955
aflow:d5adc38fa8b953cf,Al1Zr3,Cubic,21.0467,5.93,56.7269,143.478,365.931
aflow:d5b4a2bd84341848,Ag4O4Rb4,Tetragonal,25.8795,4.47728,10.1089,26.5858,197.895
aflow:d5b672c7928a8d6a,C1Rh3Sc1,Cubic,13.8006,8.80005,87.5244,230.738,429.915
aflow:d5bcd95c472ed381,B1Ni6Si2,Hexagonal,10.1088,7.64974,77.5816,206.437,491.068
aflow:d5c15517b8665073,Ce1Zn1,Cubic,22.9486,7.43491,29.9636,78.0103,229.074
aflow:d5c51266525c72cc,Rh4Si4Y4,Orthorhombic,18.0801,6.73204,60.1363,154.943,388.979
aflow:d5d6892e186b409e,Ge2Sn2Tb2,Orthorhombic,24.3366,7.9651,40.7316,101.414,257.038
aflow:d5d8c218ad74d303,Cl1K1,Cubic,27.8769,2.22039,9.47221,24.5662,207.925
aflow:d5e5b45e280589f4,Fe2In2O6,Hexagonal,12.2297,5.93802,67.9403,178.923,494.532
aflow:d5ed427be3fdc992,P2Pd2Sr1,Tetragonal,17.7943,6.76313,49.5872,128.481,333.087
aflow:d5f8ae327ad270d9,Al8Ba4Si8,Orthorhombic,23.6466,3.47554,35.8531,88.9833,369.844
aflow:d5fbf49b996f3f8e,Ge4Ho4Mg2,Tetragonal,22.1358,7.49179,57.8055,139.192,312.95
aflow:d60381257f6b92b6,B4C4Tb2,Tetragonal,10.4841,6.48012,112.461,277.379,656.906
aflow:d61106f1b7aa59d4,Ir5Sn7,Tetragonal,20.7306,11.9613,50.7673,134.784,249.06
aflow:d611e813a85efcb0,Ag2I2,Hexagonal,36.7496,5.30413,5.08336,14.3149,91.0355
aflow:d632b7e2e03f62e8,Ga12Pd1Y4,Cubic,19.02,6.67044,54.3749,131.379,343.959
aflow:d63b3d98960b8a00,Hg1Se1,Cubic,24.3317,9.53909,13.9983,38.9134,136.928
aflow:d63cc0a05a52c00f,Ag1Mg1Sb1,Cubic,23.7905,5.90782,13.5164,37.446,172.098
aflow:d64cf23933c2a0e4,Bi1Dy2O2,Tetragonal,20.454,9.1897,34.6725,89.425,277.981
aflow:d64db9afae4c16aa,Te1U1,Cubic,33.0167,9.1945,20.2422,54.3956,152.967
aflow:d6559f2e85efc60a,Sn4Y2Zn2,Tetragonal,24.085,6.75084,31.7824,81.1505,244.949
aflow:d67726ba2285ad37,N4Nb4,Hexagonal,11.0402,8.04035,128.417,336.856,591.904
aflow:d67acb31a621d6d8,Al8Dy12,Tetragonal,25.7607,6.98055,30.8928,78.9393,236.044
aflow:d6855b652e1d45f7,O3Pb1Zr1,Cubic,14.9164,7.71287,76.5572,197.262,416.941
aflow:d698f685b0961bd3,Bi2O8V2,Tetragonal,14.8812,6.02418,37.4898,101.045,386
aflow:d6c99e9be3bdcc51,In3Pd2,Hexagonal,20.3091,9.11271,37.7439,99.1622,237.886
aflow:d6cb5fa9b12ad8ad,N1Tl1,Cubic,15.2217,11.9114,49.134,128.126,264.877
aflow:d6e8878db8c79997,K12Sb4Te12,Cubic,42.0725,3.50619,5.4716,13.9416,163.926
aflow:d6f010030d72ed38,Mn1Pb1Rh2,Cubic,16.6485,11.6684,51.6306,137.923,267.926
aflow:d703536143aae71d,Dy4Ni4P4,Hexagonal,16.7021,8.35678,65.3667,167.576,357.093
aflow:d71692d1991ba185,Cd33La3,Cubic,23.3987,8.13413,27.198,70.0855,196.061
aflow:d71d07cdd5ecf61b,Ag2Bi2Ca2,Hexagonal,27.753,7.11869,19.2232,49.5676,183.976
aflow:d730f802335716fc,Ca4Ge8Li4,Orthorhombic,21.2334,3.75774,29.2933,71.758,334.131
aflow:d73b0934ea26239d,Be26Sr2,Cubic,10.0348,2.42047,116.007,247.17,1009.96
aflow:d747bd4ffc1c3a31,Au2Tb1,Tetragonal,21.1741,14.4523,34.3779,92.1049,181.063
aflow:d7486a814fe4eaea,Al1C1Sc3,Cubic,19.1775,3.01083,80.5124,189.302,617.003
aflow:d74b868516d839b8,Dy8S12,Orthorhombic,21.5867,6.47979,38.8811,100.64,299.014
aflow:d74f6bcfd89bfc28,Cu2Na2Se2,Tetragonal,19.5052,4.6964,20.5919,52.8768,274.032
aflow:d7541a64a6187dd2,Ni1Sn1U1,Cubic,23.3447,9.84958,26.9159,72.4807,186.948
aflow:d76ed031097bc0bf,Er1Ni1Sb1,Cubic,20.788,9.25808,58.0298,144.156,296.044
aflow:d7725dfc4e67231f,Cu2Er2Pb2,Hexagonal,22.413,10.8171,40.1552,100.981,223.92
aflow:d777d711551d8ca1,Cs2H4Mg1,Tetragonal,19.7708,3.52934,11.7143,28.3713,243.811
aflow:d778b13b108a18d4,In4Li4Se8,Orthorhombic,27.1024,4.28395,13.5197,35.3719,223.946
aflow:d78310bea3777178,Cd2La1,Hexagonal,27.45,7.3343,21.095,54.6272,188.934
aflow:d78aa7a19394adb5,Ca2Ge2N4,Tetragonal,13.5206,4.31952,50.2937,131.535,506.109
aflow:d7ab8c656ef3d930,Cd4Sr2,Orthorhombic,29.612,5.8402,13.7992,36.3798,156.967
aflow:d7af12a25c0d430e,Au2Zr6,Cubic,21.1552,9.23525,41.1993,110.362,250.032
aflow:d7c8a385639a4031,Cu2Dy2Sn2,Hexagonal,22.2017,8.59465,46.6432,116.129,270.034
aflow:d7cf31af15fb72a8,Cu1Zr2,Tetragonal,19.5935,6.94907,45.4699,120.015,305.972
aflow:d7ede21cac9ab06a,Rh8Sn4,Orthorhombic,16.3358,10.9952,56.6696,153.147,285.92
aflow:d7f164ab4add4aad,Au2Dy2Sn2,Hexagonal,24.0318,11.0131,40.8505,104.12,223.06
aflow:d7f3c7cbcc4978f2,F3Mg1Na1,Cubic,12.352,2.80405,42.3804,106.174,518.049
aflow:d8062a4e068bf5b6,Br1O1Rb3,Cubic,34.6801,3.37381,10.0861,25.1206,167.83
aflow:d80a8198ef249337,Bi1Li1,Tetragonal,23.8574,7.51436,10.2563,28.185,134.915
aflow:d80cdbcb68b4082e,N1Sb1Sr3,Cubic,28.3735,4.66575,38.2214,89.7518,301.004
aflow:d813f6a5ec585609,C2Dy10Ge6,Hexagonal,22.5451,8.52982,43.1529,109.216,272.002
aflow:d839a1ab008cf485,Cu2S8Zr4,Cubic,20.4978,4.33089,29.8649,80.156,339.988
aflow:d843347666787469,Mo2Rh2,Orthorhombic,14.8385,11.1261,97.986,261.199,398.954
aflow:d852634bea6c15c2,B6Th1,Cubic,10.2727,6.85604,106.696,271.106,588.948
aflow:d8658d45b42df8d1,Au1Bi1Ca1,Cubic,28.3355,8.7128,21.5896,56.4225,169.984
aflow:d8658ec9d923de23,Al4Au4Yb4,Orthorhombic,21.8102,10.075,26.9018,70.2954,196.904
aflow:d8672314fbd6b47d,Fe1Nb1Sb1,Cubic,17.5357,8.53842,79.4436,205.67,382.943
aflow:d870e9cabb74da98,Rh1Tb1,Cubic,20.119,10.8052,36.484,98.7444,221.031
aflow:d896b93f18da7085,Cl1Na3O1,Cubic,18.3738,2.17663,23.2233,56.9374,373.434
aflow:d89a17f151da8d1f,Mg3Tb1,Cubic,24.484,3.93093,26.6449,65.8246,286.863
aflow:d8a08aca06b881d7,Nb6Te2,Cubic,18.7207,9.01022,82.4947,212.217,370.933
aflow:d8a4ae856daf528c,O4Rh2,Tetragonal,10.9317,6.8307,106.732,275.983,582.06
aflow:d8a5fb5a8ab18a87,S1Ti1,Hexagonal,15.5425,4.2714,88.9573,217.725,596.865
aflow:d8aa91de693b2f8a,Al1C1Tb3,Cubic,23.7344,7.21699,57.7903,138.605,318.993
aflow:d8bd8c3afee2608e,Al4Pt12,Tetragonal,14.7845,17.1914,70.7868,191.819,271.999
aflow:d8c58b5e841891f2,Co4Sb12,Cubic,23.4649,7.50455,56.188,136.119,309.885
aflow:d8d9d9338b770def,Rh5Tb1,Hexagonal,16.8489,11.062,76.8101,201.706,333.054
aflow:d8eb08cc65124290,As1Ca3N1,Cubic,21.7063,3.2003,51.8255,120.997,459.154
aflow:d9025f4ef0190245,Pb3Rh3,Hexagonal,21.3175,12.078,50.2892,131.104,238.039
aflow:d906e36ff9cc3fdd,In4Pd2Yb2,Orthorhombic,23.2155,9.10325,24.5413,64.7542,189.994
aflow:d90d0136b4c16fa7,Ga4Mg2O8,Cubic,10.665,5.06641,77.7113,201.814,583.895
aflow:d90d70c8e075ebdf,Ru4Te8,Cubic,22.6512,8.70595,73.5517,178.759,332.968
aflow:d90f15e6f6182ab4,Mn1Ni2Sb1,Cubic,14.2362,8.5752,36.6965,100.343,275.076
aflow:d91b3b3427a6cfa7,Mo6Os2,Cubic,15.7367,12.6102,103.669,277.671,375.996
aflow:d9281c78b832ba65,Cd2S2,Hexagonal,25.8711,4.63641,17.3261,47.0687,210.898
aflow:d92b7206eb32a15f,Pd2Si2Tb1,Tetragonal,17.1346,8.2936,55.5588,146.334,329.064
aflow:d93c48d123874c8a,H2Th1,Tetragonal,14.543,8.90823,16.0954,45.5905,187.074
aflow:d93ce507eac7c5ec,Au2K2Te2,Hexagonal,32.7158,6.15278,13.8933,35.3402,167.936
aflow:d93e831dc56f7ec6,N4Ni8Zr16,Cubic,16.3279,7.21,62.8107,164.86,391.054
aflow:d9403a699f88edef,Ca3Cd3Ge3,Hexagonal,23.5862,5.28212,36.6211,88.1193,291.858
aflow:d948b9cda2010f3b,Cu1Zn1,Cubic,12.6742,8.44577,32.5984,88.6588,272.03
aflow:d957de87b15d4247,Al4Mg2O8,Orthorhombic,8.79463,3.83737,116.601,291.804,878.045
aflow:d95968e06facc9bd,C2Ni1Tb1,Orthorhombic,12.1924,8.22743,99.765,247.945,520.002
aflow:d97350183d5da43f,Cu2Sc2Sn2,Hexagonal,20.1326,6.24628,43.608,110.302,320.104
aflow:d97a0bdb9ebbf74f,C2Tb1,Tetragonal,14.1884,7.13707,40.741,109.302,369.054
aflow:d98951de200a7982,Cs1F3Sr1,Cubic,22.4189,4.11113,20.3667,52.268,250.054
aflow:d98f9d3290c54897,Dy3In3Rh3,Hexagonal,21.1083,9.97048,29.3081,80.0081,206.994
aflow:d9b7a62ca2362fdc,Ho2Te4,Tetragonal,29.0611,8.00204,21.5849,57.7126,177.979
aflow:d9b7d7648d5d60c7,Ho3Ir3Sn3,Hexagonal,21.1702,12.4412,44.4359,118.512,229.01
aflow:d9bc09df9911b0b5,In4Pd4Sr4,Orthorhombic,25.2064,6.78189,20.4398,54.3662,193.08
aflow:d9bc72abc82b994a,Cu2K2Se2,Hexagonal,24.9713,4.02544,21.7113,53.8176,262.176
aflow:d9c1f3b80255120b,Ca3N1Pb1,Cubic,42.0696,2.69547,8.46564,22.1018,163.942
aflow:d9caf776983ee835,B6Ce2Ni21,Cubic,10.3947,8.69024,59.9348,163.425,398.136
aflow:d9f193b3d3226bcf,In1Pt3,Cubic,16.2014,17.9387,49.1811,136.209,214.034
aflow:da027d892c6e1e67,Ge3La1Os1,Tetragonal,20.5374,8.84348,52.2448,133.896,305.967
aflow:da10a37665f60fb7,Al2Mn2Pt2,Hexagonal,15.5481,9.86159,54.7774,143.944,310.087
aflow:da11c02030e64646,Hf4Ni4P4,Orthorhombic,13.7593,10.7874,95.49,245.997,401.932
aflow:da235dae85798482,Ca1,Cubic,42.1657,1.5784,7.74843,20.2391,208.968
aflow:da263324a445306c,H1Mg1Ni1,Tetragonal,10.1122,4.59809,52.3273,132.964,491.81
aflow:da2f57a72c4061fe,Nb5P4Pd4,Tetragonal,15.2562,8.49005,73.2577,194.416,401.935
aflow:da581371893a3228,Ce3Ga3Ni3,Hexagonal,18.1034,8.21086,39.8557,106.21,272.913
aflow:da5c0d5add7e161f,Ni4Sn4Y4,Orthorhombic,20.8295,7.07616,39.9672,104.027,287.982
aflow:da5ce7d4e4ec8f69,Ga1Hf1Ni2,Cubic,13.7481,11.0398,13.58,39.6423,153.041
aflow:da5f54bab20c2a26,Ge14Ir6,Cubic,16.716,10.7762,84.2498,212.089,352.009
aflow:da69298a33370a12,Ni2Si2Zr1,Tetragonal,13.7588,6.39099,79.5894,206.322,482.069
aflow:da6d06b66c64f03e,Ge4Rh4Zr4,Orthorhombic,16.9368,8.71656,78.037,201.832,389.069
aflow:da710c5f786b2343,Ge2Ho1Rh2,Tetragonal,17.5308,9.77374,63.9685,166.076,330.967
aflow:da7bbf2f9ae5f54f,Ca10Sb6,Hexagonal,31.2059,3.76244,25.7462,62.5059,277.088
aflow:da7d94a8e8564ae2,Cu3Mg3Y3,Hexagonal,21.5839,4.53288,20.85,55.9684,250.045
aflow:da82bb3a2a6e17a3,In2La2Zn2,Hexagonal,26.3997,6.69058,41.1702,98.7092,270.021
aflow:da868c79241e78b9,H2Si6Y10,Hexagonal,21.6222,4.52079,57.2238,137.969,417.906
aflow:da95f17820b9c395,B4V3,Orthorhombic,8.73368,5.32541,222.205,521.383,1010.86
aflow:da9e30cd2712e2a0,Au2Be1,Tetragonal,14.5825,15.2948,31.2149,86.5522,197.034
aflow:da9e4e5b7d760fce,Ho1Sn3,Cubic,26.985,8.01502,10.1805,28.8157,126.038
aflow:dabbab28e3d6abc7,Ge1I3Rb1,Cubic,42.1307,4.24702,10.2275,25.9299,142.152
aflow:dabdb8650bc95d95,H8Mg4,Orthorhombic,8.12395,1.79333,31.3725,80.7025,660.595
aflow:dad3469ef9e6fc2d,Cu2Sn2Tb2,Hexagonal,22.43,8.41896,47.4434,117.391,274.894
aflow:dad7d9666c8ceb25,Ba4O12Ru4,Hexagonal,14.4309,6.59108,47.8553,125.097,418.122
aflow:dadad3c847ce3cfa,Ca24N16,Cubic,18.8985,2.60529,33.9351,87.1223,450.076
aflow:dae5c4bc621f28a4,La1Ru4Sb12,Cubic,24.2736,8.06501,48.2584,123.884,277.069
aflow:daec88db9b8c5b87,As1Cu3S4,Cubic,18.7292,4.36431,25.8549,68.8348,301.869
aflow:db13ea3b9590ef07,Sb1U1,Cubic,33.7418,8.85295,22.6495,59.1958,163.004
aflow:db151e49b9a6678a,As4Co4S4,Cubic,14.5881,6.29528,99.5404,232.029,528.861
aflow:db1d3b4d67ef508f,Ir8Sc16,Cubic,20.0936,7.77183,31.7019,86.8518,248.991
aflow:db241509fe7675fc,Au2Ca2In4,Orthorhombic,24.4112,7.93642,26.9035,68.6919,209.116
aflow:db3c099649cd0199,Cd1Te1,Cubic,35.9608,5.5414,13.038,34.9375,150.063
aflow:db48679b83790b93,Co1Nb1,Cubic,15.3185,8.22979,82.4977,215.284,394.036
aflow:db51b14eed73c95f,Ca1Si2Zn2,Tetragonal,18.108,4.16346,40.7795,102.056,380.02
aflow:db5b416ef80ecb90,Mg2O8Rh4,Cubic,11.5734,6.02846,59.764,160.428,482.016
aflow:db7c48749ff64360,Pt3Tb1,Cubic,17.2778,17.8808,63.2502,169.084,237.035
aflow:db7fb2c0e9137069,Mg1Ni1Sb1,Cubic,18.5419,6.11204,41.7644,106.912,321.046
aflow:dbaf10591325ea9f,Ir2Nb6,Cubic,17.368,11.2565,103.494,268.687,384.021
aflow:dbb92a31d1be602f,Si10Sr10,Orthorhombic,28.0779,3.42143,30.2479,72.9107,326.854
aflow:dbbdd07b9ddfc154,La2N2,Hexagonal,22.6946,5.5942,21.9407,59.9296,260.934
aflow:dbc0bba55855baa5,Ni4O8Si2,Cubic,9.55227,5.20179,99.3566,255.885,676.136
aflow:dbcb901f0396b429,Dy4Ge6Rh7,Cubic,17.3353,10.1755,74.4615,188.87,350.086
aflow:dbcfb446e993083a,N1Ta1,Cubic,10.9931,14.7242,88.393,242.832,366.025
aflow:dbd2b2ac1b4a0bab,Mo3Ti1,Orthorhombic,16.3295,8.5348,83.6183,222.265,402.949
aflow:dbd2d540900f8890,Dy1Rh5,Hexagonal,16.8264,11.1356,77.2582,203.032,332.08
aflow:dbd517cc423f7034,In1Li2Mg1,Cubic,18.9173,3.35769,21.9755,53.2356,300.766
aflow:dbf7f5fad86c08d0,Au2Ga2O4,Hexagonal,12.4255,9.97958,53.625,143.699,332.88
aflow:dc0372b556662df4,B1Rh3Y1,Cubic,14.8074,9.16055,86.8349,224.689,406.052
aflow:dc0402cf588bb06d,Ag2Al2Te4,Tetragonal,31.6602,5.11441,15.4393,41.0695,180.965
aflow:dc3395dafe10aed5,Dy1Rh1,Cubic,19.8287,11.1131,39.3185,105.857,228.022
aflow:dc3474a72a85b760,Ca4H8,Orthorhombic,11.7919,1.97598,33.8732,82.0362,568.812
aflow:dc380755498feda6,Dy6Ga2O12,Orthorhombic,13.5277,8.01849,62.627,163.549,406.068
aflow:dc3b1be6e04936be,Ca4O8Sn2,Orthorhombic,13.7239,4.54336,60.1214,153.646,513.812
aflow:dc4a8cdea27c1b5c,Mn2Sn1W1,Cubic,14.533,11.7807,114.829,291.911,414.982
aflow:dc6f44aa31385360,Mg4N8Si4,Orthorhombic,10.8577,3.07418,104.722,261.409,879.114
aflow:dc718eec2739ab1e,Ag2La1Si2,Tetragonal,20.2137,6.74959,52.9965,131.324,328.135
aflow:dc7378aa0af86f0c,Ir4La16Mg4,Cubic,31.9725,6.68376,20.1747,52.8384,188.033
aflow:dc7926de3a9c5fc7,In3La1,Cubic,27.2915,7.35255,29.2158,74.6983,201.926
aflow:dc7abd798c5a98a3,B12Dy1,Cubic,8.09139,4.6131,211.354,479.341,1066.21
aflow:dc7d070883ef2e40,Cd1Cl3Cs1,Cubic,29.9751,3.89636,14.5437,37.6499,198.87
aflow:dc8d0fde8d1419c2,B4Ru2,Orthorhombic,9.02703,7.52303,174.353,434.082,766.964
aflow:dc8f73f2c41a0b95,Au1Ho1Pb1,Cubic,26.2292,12.0096,30.4586,80.0617,172.959
aflow:dc92e67eac0bcd21,Al4Tb2,Cubic,20.47,5.75655,56.8041,137.621,370.949
aflow:dc96ddaddb6c935b,C1Nb1,Cubic,11.4061,7.63715,201.772,494.064,737.988
aflow:dc9794fcd0986c63,Rh3Si2Y1,Hexagonal,16.0055,7.84669,100.331,252.846,460.971
aflow:dcaf4176e82fe702,N1Tl1,Cubic,18.3162,9.89895,35.8135,94.837,234.992
aflow:dcb060a28d6e13d5,C1Ga1Sc3,Cubic,18.8091,3.82474,82.6278,193.419,555.971
aflow:dcb115cc81848caa,B12Y1,Cubic,8.1043,3.44582,210.231,477.101,1220.84
aflow:dcd3dcaba470908b,Cu2Er2Sn2,Hexagonal,21.6923,8.91795,47.0704,116.946,271.885
aflow:dcdbde34e53a534d,Pb1Te1,Cubic,35.241,7.88781,24.2659,60.417,171.99
aflow:dcdc418183662f8f,Mn8Sc4,Hexagonal,21.2566,4.03177,34.1237,85.4318,333.09
aflow:dce9c00ae49a2851,N4Sr2Ti2,Tetragonal,15.1528,4.48026,50.3323,132.522,470.038
aflow:dcede1e0946e9e49,Au24Na8Si8,Cubic,18.7334,11.381,23.2029,62.3176,194.136
aflow:dcf9e6bc36e20b6d,Ag2Dy1In1,Cubic,21.326,9.5979,20.1257,55.3563,166.887
aflow:dcff963bbddaf43f,C19Si19,Hexagonal,10.4923,3.1729,186.557,433.147,1106.1
aflow:dd01edc052b1beb2,Al4Ge2La4,Orthorhombic,26.1049,5.14434,45.1408,109.592,329.034
aflow:dd04eb665d00e3ba,Dy4Ga4Pd4,Orthorhombic,19.7331,9.49876,19.7642,55.5498,176.012
aflow:dd079457aad5dd28,Cu1Ge6Y2,Orthorhombic,19.8336,6.29692,50.1991,123.979,340.104
aflow:dd13c8d7dc0a6e51,K2Sb2Sn2,Hexagonal,38.4056,4.02879,12.6556,31.4775,192.081
aflow:dd18d74ff992ddea,Ag2Br2,Monoclinic,24.8182,6.28176,10.9116,29.9099,141.96
aflow:dd2ae2182eac1e6d,Pu1S1,Cubic,21.9899,10.4254,44.2702,111.898,238.999
aflow:dd3707e9c47d3c1a,Ba2Ce2N4,Hexagonal,18.864,6.72224,51.4339,133.368,348.001
aflow:dd3dc43bc979d6a2,N2Re2,Tetragonal,11.5163,14.434,132.685,348.936,452.994
aflow:dd3ec837d5cbe49b,Ca2In4P4,Hexagonal,25.1962,4.37167,36.5709,89.4703,321.945
aflow:dd6378dc5a8f1212,Pt5Pu1,Cubic,16.9711,19.8872,84.5745,222.445,267.964
aflow:dd6ece28078ba79e,In2Pt4Tb2,Hexagonal,20.3333,13.555,38.2275,103.908,203.009
aflow:dd8fe80eb93c30d7,Al2Hf4,Tetragonal,20.4037,10.4162,52.8378,137.006,271.032
aflow:dd93dda0b9957fba,Al3V1,Tetragonal,14.8127,3.69618,97.4769,231.187,657.135
aflow:dd97f47e93f310af,Dy16Mg4Rh4,Cubic,26.6202,8.08027,26.9598,69.619,206.929
aflow:dd9ba1426a59901e,C1Ti1,Cubic,10.6951,4.65093,177.762,427.257,900.926
aflow:ddaf3178e207a10c,Cs8Te20,Orthorhombic,44.2174,4.84882,6.27889,16.0786,146.99
aflow:ddb8994b5f2ae6fe,B4Li4Rh6,Orthorhombic,11.1362,7.33245,80.2333,205.824,514.888
aflow:ddc2232510a17292,Cu2Dy1Ge2,Tetragonal,17.0776,8.45502,56.3441,141.837,322.012
aflow:ddd1e2e78cdc0fa7,B1Lu1Rh3,Cubic,14.3256,11.4637,96.4006,247.97,382.95
aflow:dddc229eb83712b4,Cu3O5Sr2,Orthorhombic,13.583,5.45089,51.6622,132.369,434.817
aflow:ddeddf356d5adde2,Ca1Pd2Si2,Tetragonal,17.5998,5.83179,39.5855,105.722,329.07
aflow:ddee48f6f9bf413e,Br8Li6Mg1,Cubic,22.5279,3.46529,14.8454,36.6539,257.277
aflow:ddf54904586eb14d,Pd2Si2U1,Tetragonal,17.7159,9.50443,55.4095,145.288,301.965
aflow:ddfc31384102a18f,C4Re2,Hexagonal,9.75439,11.9291,194.551,491.581,622.896
aflow:de19d337ddb0c093,Bi1U1,Cubic,35.6679,10.4054,25.4993,64.9897,155.041
aflow:de1cde6957cb1cee,F2La2S2,Tetragonal,19.6955,5.33867,42.978,111.352,342.885
aflow:de2c28e0660c8fda,Ru1Sb1Ti1,Cubic,19.6224,7.63653,39.7538,109.13,278.962
aflow:de392fe5ed0db5b0,Sb4Zr4,Cubic,23.0436,7.6734,57.6057,145.766,317.002
aflow:de3ba0acd559b509,F8Pb2Pd2,Tetragonal,16.3645,6.58882,20.1502,54.72,248.928
aflow:de475c47e0998606,F2Ho2S2,Tetragonal,16.1387,7.40785,57.2729,146.461,357.087
aflow:de4894bbdb4936cc,O14V4Y4,Cubic,11.7928,5.014,95.2391,244.815,625.851
aflow:de5897093b42c24b,Be2Si1,Cubic,12.3039,2.07434,50.2261,128.831,685.031
aflow:de5a8809c4a11dbb,P8Sc12,Orthorhombic,19.8862,3.28691,54.8201,136.582,499.975
aflow:de8d09f7fe08f298,Au4P6,Monoclinic,19.6576,8.22524,30.2555,80.702,243.902
aflow:de8f2639b6d0efd8,Ge4Pt4Th2,Tetragonal,19.6677,12.9583,48.004,129.702,237.046
aflow:de9041235c02ee69,Mo2O4,Tetragonal,11.9933,5.90464,93.9215,247.019,572.888
aflow:de91f60bf7c435c4,Ge4Zr4,Orthorhombic,19.0695,7.13215,71.0407,178.562,390.002
aflow:deaeb93166bef077,Lu1Pt1Sb1,Cubic,22.6421,12.0228,51.608,134.225,230.962
aflow:deb58b05551cb76b,F2Sr1,Cubic,16.7603,4.14853,26.7947,70.8478,317.224
aflow:dec09c04ffe4a551,Ce1Pb3,Cubic,29.2174,10.8229,18.8624,50.769,138.985
aflow:dee08bcd697f3133,Co1La1Si3,Tetragonal,16.7533,5.5921,69.4464,173.621,448.907
aflow:dee45e93103a3db1,F1K1,Cubic,19.8935,2.42471,15.9355,40.6027,288.153
aflow:def4c353e411ee3e,Pd2Y2,Orthorhombic,22.5158,7.2019,27.7271,74.8431,231.923
aflow:def7961aec9d0765,Lu6Os8Si26,Cubic,16.6845,8.21495,86.5465,216.494,419.987
aflow:df021441e8995d8a,Al8B4Re12,Cubic,13.0282,13.2423,86.5471,232.491,364.973
aflow:df047b17dcd22a28,Ag2In2O4,Hexagonal,15.3631,6.88202,26.6377,73.526,270.026
aflow:df10992865481502,Er10Si6,Hexagonal,23.77,8.0386,58.6834,140.547,309.972
aflow:df2bbb94cdf105c4,P2Ta2,Tetragonal,16.3369,10.7702,73.3513,191.027,355.028
aflow:df30c7ddc4950231,Fe2Hf8P2,Tetragonal,18.724,11.8362,39.3262,106.512,232.009
aflow:df37d3d725823736,In2S6Zn3,Hexagonal,21.6988,4.3004,23.954,62.7099,303.072
aflow:df3b1dca4b13cd2c,C1Cr1,Cubic,9.346,5.68619,87.8191,232.89,602.206
aflow:df4292f34a7d0b14,Sc2Te2,Hexagonal,26.7355,5.35872,28.1831,73.1257,255.982
aflow:df470b37da361912,Hg6Y2,Hexagonal,24.034,11.9299,17.924,49.0454,138.985
aflow:df488c3596dd282a,Sb2Zr4,Tetragonal,22.8339,7.37382,30.4691,83.4744,239.003
aflow:df63026a09e9d913,Dy2Sn4,Orthorhombic,27.0968,8.16845,34.7949,87.1269,226.939
aflow:df83ffe0536d6ec2,Cu4Hf4Si4,Orthorhombic,15.3118,9.76476,82.2336,209.917,372.971
aflow:df85384f61a789ba,Co4Si4V4,Orthorhombic,11.8955,6.41948,124.114,311.909,621.053
aflow:df8b242db1e5fd9c,As1Ba1Pd1,Hexagonal,26.6925,6.60776,23.4753,62.1385,207.946
aflow:df9eaef452433268,Ba2F8Pd2,Tetragonal,18.2089,4.85948,16.8141,45.6163,261.106
aflow:dfd12e82174b8990,Ga2Sc2,Orthorhombic,20.8358,4.5703,46.1333,115.755,367.851
aflow:dfd1cf4ad506de91,Ba1Nb4O6,Tetragonal,13.487,6.77116,111.48,278.343,579.942
aflow:dfe0fcbefecf7b14,Be2Pd6,Orthorhombic,13.3281,10.2229,36.0099,100.241,260.035
aflow:dfe7200869d0d929,N4Os4,Orthorhombic,10.5869,16.0148,183.873,468.591,514.958
aflow:dfee8723b09e7b7f,Ag2Ga2S4,Tetragonal,22.4072,4.47841,21.4874,57.2107,261.901
aflow:dfeec91885f9fa30,Au1Li2Sn1,Cubic,17.955,7.61921,19.542,52.1224,197.026
aflow:e002ba9b40b19f1c,Ag1Cu4Yb1,Cubic,15.6859,9.44096,24.3509,66.219,205.914
aflow:e00b430dded98dba,Ba1Te1,Cubic,38.7506,5.67639,14.5297,37.8181,154.971
aflow:e00e76841156aae9,C2Co1Th1,Orthorhombic,13.876,9.42382,90.1388,232.242,434.017
aflow:e0125a96febb0b43,Ir1Li1,Hexagonal,13.3529,12.3836,50.237,134.741,287.068
aflow:e024c5d5fa227c98,Al3Er3Ni3,Hexagonal,17.5582,7.97355,41.6375,109.887,282.048
aflow:e029c83ecf63cb68,Co8Y12,Orthorhombic,21.7644,5.86845,23.6207,63.1324,252.05
aflow:e02e6c6748e87324,Br1K1,Cubic,37.5827,2.62898,7.30057,18.6241,155.772
aflow:e0365637a0639785,Al3Er1,Cubic,18.9531,5.4365,61.7631,145.363,414.813
aflow:e045e3a545c68f31,Dy12Pt4,Orthorhombic,27.168,10.4302,14.831,40.933,146.024
aflow:e04fbc0416e04033,As1Na3,Cubic,22.6315,2.63943,13.3045,34.0622,245.745
aflow:e059c8bcb764bfa2,Pb3Tb1,Cubic,29.07,11.1463,8.65957,24.5669,95.0241
aflow:e05cd47388a45cb4,Al8C4Mo12,Cubic,13.7488,7.1217,66.4698,181.254,424.961
aflow:e081c96078c82715,Mg3Y3Zn3,Hexagonal,22.923,4.31237,27.0323,69.3651,285.085
aflow:e08343d8957650ce,B2Pd4,Orthorhombic,12.8301,9.6469,48.4306,131.521,343.074
aflow:e084a259ae8fab30,Ba2In4,Orthorhombic,33.2474,6.10944,21.5479,52.2518,190.965
aflow:e08a1eaed209b52f,As12Co4,Cubic,17.5276,6.71928,81.7529,196.009,427.047
aflow:e090cc03d970ae93,Cu2In1Lu1,Cubic,17.4568,9.91367,35.6764,92.0829,256.99
aflow:e09b5a1f3f9dbc74,B8Rh8Y2,Tetragonal,11.7084,8.56887,92.907,245.442,478.119
aflow:e0a2a056eb854a75,Eu1Te1,Cubic,33.1064,7.01104,13.4269,36.1297,136.952
aflow:e0a4ce0641d75632,Dy4Ge4Mg2,Tetragonal,22.4198,7.32488,56.3577,134.906,317.077
aflow:e0ac9ace77fdcf57,N2Tc4,Hexagonal,11.453,10.237,159.304,413.3,571.106
aflow:e0ad2ad23e4aafc4,B6Ho1,Cubic,9.77112,5.57878,63.1052,168.444,527.965
aflow:e0adf8f7e59398df,Ni2Ta1,Tetragonal,13.1758,12.5327,78.9922,210.358,353.002
aflow:e0b5eca893372388,Ta4Zn8,Hexagonal,14.7906,11.6652,91.5575,226.393,369.999
aflow:e0cd07539f36c9d7,Fe4Hf2,Cubic,15.6804,10.2434,55.503,146.201,287.01
aflow:e0fc6d7a170c6558,Cs1I1,Cubic,60.5266,3.56393,3.6187,9.49213,82.0159
aflow:e0fde4876b1b9679,In4Mn2S8,Cubic,22.8174,4.29183,23.4071,62.8984,275.099
aflow:e121c55afad0959e,Ga3Hf3Ni3,Hexagonal,15.324,11.086,74.6304,191.589,341.078
aflow:e1226cf0e66c1033,Ca1Hg1,Cubic,27.5044,7.26505,23.2141,57.4176,188.052
aflow:e123a44c21938b32,Li1Pd1,Hexagonal,13.9024,6.76889,30.8436,81.7436,281.119
aflow:e1275c41d8108b17,Mg4Si2,Cubic,20.5556,2.06522,13.5347,36.7754,304.022
aflow:e12969699a989f2c,As1Na1,Tetragonal,20.383,3.98827,26.1547,65.1074,296.79
aflow:e12f7db135260de6,Ca4Ga4Ge4,Hexagonal,22.4966,4.48801,32.1403,78.996,310.984
aflow:e182ca9954d90d4a,Ge4Mn4,Cubic,17.9291,5.90563,19.7154,53.1163,229.049
aflow:e18af383fa2a4663,Ca1Cd2P2,Hexagonal,22.6157,4.79971,35.8285,89.2685,316.88
aflow:e18b90e93c96dc0f,Ca6Rh8Sn26,Cubic,24.311,7.08597,22.33,60.4429,207.091
aflow:e19454d38fe36448,Ni1Sb1Sc1,Cubic,19.4972,6.39886,61.917,153.665,372.982
aflow:e1a168ca011f65ad,C1Rh3Tb1,Cubic,14.476,11.0042,76.2995,202.765,356
aflow:e1a5980dd6febefe,Mg3Nb6O11,Hexagonal,12.1599,5.50567,88.243,227.944,601.929
aflow:e1ac0706f152dc93,Nb6Sn6Tb1,Hexagonal,22.1512,8.2374,73.1205,180.778,354.919
aflow:e1ae2873e21ddfaf,Dy1Tl3,Cubic,26.9714,11.9379,11.3556,31.591,107.019
aflow:e1b8325fd8f33747,Al7Cu16Yb6,Cubic,16.6792,7.70318,37.6697,96.1332,285.897
aflow:e1c203fc1f3e41da,Ca4S12Zr4,Orthorhombic,22.5514,3.35003,36.6306,93.2395,415.891
aflow:e1c281621602a1a8,Ce1Pt3,Cubic,18.0223,16.709,67.633,180.103,254.066
aflow:e1cd7bdc8d6436d2,S12Tb8,Orthorhombic,21.905,6.27725,41.9126,106.777,316.913
aflow:e1d28089643c20a9,Os1Si1,Cubic,12.8413,14.1135,116.952,309.651,403.995
aflow:e1d826fcaf063f28,N4Os2,Orthorhombic,9.27828,13.0179,221.083,546.389,644.947
aflow:e1d89bb6b92962c7,F3Rb1Yb1,Cubic,18.985,5.51914,24.8352,63.0815,256.04
aflow:e1e7ab8ca6ef4ec1,Fe1Ga2Hf6,Hexagonal,19.2481,12.1379,52.9145,138.119,261.057
aflow:e1f16aa26b4ae82a,C3Nb4,Cubic,12.7544,7.58209,139.996,357.75,599.011
aflow:e1f5db91ffae4ca2,Al4O8Zn2,Cubic,9.5108,4.57291,109.007,273.781,757.013
aflow:e1fa0f26e4222de1,Ho16In4Rh4,Cubic,25.9856,9.34516,33.8782,86.6476,213.933
aflow:e212cbc1fb17f25c,Al2Pd5Y1,Tetragonal,15.9298,8.79363,56.9606,149.548,333.882
aflow:e219dcbe6a1616b9,Er2,Hexagonal,30.8221,9.01113,32.3288,78.0076,195.017
aflow:e21d8a49f3e3304c,Ru6Sn14,Cubic,21.7693,8.65034,36.8304,98.8298,244.051
aflow:e226cfd7bcb7f9e4,Ni2S2,Hexagonal,15.2375,4.94486,41.3398,109.174,378.09
aflow:e22f5d71c7644345,Ge4O8,Cubic,9.029,6.4117,141.713,353.103,713.839
aflow:e23048d220081ed3,Tb1Zn1,Cubic,22.8647,8.14505,31.633,79.8101,224.966
aflow:e2385ee95ed57efb,Al4Ca12Sb12,Orthorhombic,30.042,4.04662,23.3542,58.1076,266.936
aflow:e25556eec02a2b47,Cu4La4,Orthorhombic,25.5276,6.58462,13.9046,38.0056,168.035
aflow:e271e75bc4d33962,Al8Zr4,Hexagonal,17.8035,4.51377,86.0324,205.592,540.924
aflow:e27395c80060fd47,Mo8P5,Monoclinic,14.6305,8.05307,112.188,288.912,510.062
aflow:e27e85b33d3e7c3e,F6Na2Ni2,Orthorhombic,11.6613,3.94938,29.8301,77.5583,440.3
aflow:e285be3c92c9b42d,Al8C2O8,Orthorhombic,12.7059,2.67094,67.3448,172.122,745.098
aflow:e29e11c8f4be3045,Pd8S2,Tetragonal,15.116,10.0551,36.1084,99.3038,262.957
aflow:e29f95d246294183,Hg1Pt1,Tetragonal,17.8754,18.3784,36.6338,101.522,176.006
aflow:e2a5107b76a79474,Pd3Sc3Sn3,Hexagonal,20.4245,7.31837,44.1112,115.314,292.024
aflow:e2b667696c1074b9,Sn2Ti4,Hexagonal,19.5257,6.08036,48.7391,126.931,342.99
aflow:e2c52facf9221eb5,La1Zn1,Cubic,26.8666,6.31312,25.5562,64.8645,215.941
aflow:e2d31b24625f4223,As1Pu1,Cubic,21.9451,12.0683,17.994,50.5102,139.938
aflow:e2db4046e9dda6f5,Ag3Pb3Y3,Hexagonal,25.1379,8.89513,32.6568,83.6783,207.991
aflow:e2ded1c71ca5f4b6,Ag1Pt3,Cubic,15.709,18.3173,54.1644,148.464,221.929
aflow:e2edff877e89347a,B2Mg1,Hexagonal,9.63626,2.63796,116.426,276.67,995.811
aflow:e2eeb044edef10f9,Al36Mg6W4,Cubic,17.2899,3.86787,59.4127,146.404,489.174
aflow:e2f80048d263595c,Al8Zr4,Hexagonal,17.8098,4.51216,86.496,206.763,541.033
aflow:e302af201dceaadb,Mo2Pt4Si6,Orthorhombic,14.8534,10.6276,94.9713,245.284,404.911
aflow:e30fcb2e97324626,Cd1Tb1,Cubic,26.4958,8.50254,23.3965,61.572,179.921
aflow:e32f213e02e24844,Ca3Ga4Ni4,Cubic,18.1452,5.27411,30.5826,80.9843,298.019
aflow:e3468787651b5bf6,Ir4Mn12Si4,Cubic,15.391,8.31014,60.3405,155.545,351.009
aflow:e35047fade43799d,Ca1Tl1,Cubic,29.6936,6.83513,16.1318,41.3364,161.058
aflow:e3549f98c0c263f0,Ge2Pd2Th1,Tetragonal,19.6055,9.99464,49.8982,132.152,274.05
aflow:e35b7cf614c87304,La2Tl2Zn2,Hexagonal,26.8127,8.43616,38.9876,93.9361,231.988
aflow:e35efec9067a6afe,Ni6Sb8Zr6,Cubic,18.8777,8.23975,65.9817,168.648,341.91
aflow:e35f681e6487b6bc,S2Ti2,Hexagonal,16.1328,4.11513,62.2743,158.853,502.898
aflow:e3653e7c2fdd34bf,Al1Co2Nb1,Cubic,13.9712,7.06455,87.4073,214.133,463.032
aflow:e36cddd32419c35b,C1Pu1Rh3,Cubic,14.4905,12.9444,11.8183,34.6965,142.967
aflow:e37504351d207225,B2Rh2,Hexagonal,10.1842,9.27073,99.4715,267.31,491.026
aflow:e375ee6459a0b27c,Ce1Rh3,Cubic,16.8022,11.0895,76.3916,200.401,335.064
aflow:e38965ef50bb8383,O8Si4,Orthorhombic,7.8842,4.21824,210.721,509.519,1144.28
aflow:e38b9dc992fb368a,Mg1Sc1,Cubic,24.0558,2.3905,29.1006,73.0692,390.9
aflow:e394f16f4357075d,Ba4Ca4Ge4,Orthorhombic,33.8012,4.09389,17.8742,44.815,210.024
aflow:e3950f9c6f25331e,Co2Ga1Ta1,Cubic,13.7608,11.1184,82.9215,205.062,369.017
aflow:e39713a0f4990327,As12Rh4,Cubic,19.6633,6.91782,70.8902,176.048,382.934
aflow:e3977bd14545293c,Be26Ho2,Cubic,9.37805,3.56775,123.316,271.181,873.198
aflow:e3a096724df20a7e,Pd3Ta1,Tetragonal,15.4828,13.4103,81.5928,216.44,322.028
aflow:e3a0b8604eae5a40,Sb2Ta6,Cubic,19.018,14.5071,76.0978,200.308,280.989
aflow:e3c899723b7b2b75,H3Mg1Ni1,Cubic,7.28104,3.92354,36.2196,98.1523,493.276
aflow:e3da235a562628d0,O1Ta4,Tetragonal,16.14,15.2225,65.3302,177.202,275
aflow:e3eff8e097e28d65,Er6Ge26Ir8,Cubic,18.1633,10.122,70.6208,177.234,328.996
aflow:e3f21ea3e142da73,Ho3In1N1,Cubic,22.0045,9.41208,66.3803,159.958,307.069
aflow:e3faf75fedf889c3,Pt3Y1,Cubic,17.2562,16.2188,64.3625,171.614,250.057
aflow:e401ef970820109a,Pt4Se4Si4,Orthorhombic,17.9025,9.34148,70.3267,178.662,349.885
aflow:e4037d5debb3f095,Cu2Hf1In1,Cubic,16.2898,10.7137,51.7826,136.028,278.956
aflow:e406d134beb17910,Au6Sr14,Hexagonal,38.5089,5.19279,8.04813,21.5174,124.929
aflow:e4082106a8818b93,H3Pd1Yb1,Cubic,10.2538,9.14863,40.4098,105.97,308.223
aflow:e416aceb696b6b37,Ge3Hf3Rh3,Hexagonal,16.5286,11.8543,69.0474,183.426,312.035
aflow:e41b0eb2d602bc3e,Dy8Sb6,Cubic,27.7682,8.67315,32.118,83.16,210.051
aflow:e421e3ef681dbcd2,As4Pd4Se4,Cubic,19.6892,7.31718,31.3047,84.3138,260.928
aflow:e422af1b9062df16,Al1Co2Ta1,Cubic,13.7685,9.82309,96.9437,234.748,417.951
aflow:e43725f79da747f1,Al16Pt7Ti6,Cubic,15.8027,7.55391,72.399,185.276,407.956
aflow:e439c7b42e5ee355,Ca3N1Sn1,Cubic,41.3266,2.03264,9.36061,24.2627,200.097
aflow:e43d9b6dca4e6e49,B1Ir3Sc1,Cubic,14.1464,14.8472,113.186,293.081,373.961
aflow:e4563510401c6a2b,Pb1Pd3,Cubic,17.1891,12.7131,45.5582,122.083,235.939
aflow:e4636da54a2220ea,B4Re2,Hexagonal,9.24235,12.4461,270.047,637.244,722.981
aflow:e463ab212208604a,As1Cd1Pd5,Tetragonal,16.3721,10.4226,44.8511,122.409,251.925
aflow:e47932dc12095a3d,Ca1Cs1H3,Cubic,19.5477,2.99032,19.6289,46.3743,291.091
aflow:e48de1a24c1a2400,Mg24Sb16,Cubic,30.1774,3.4822,18.686,48.1741,244.059
aflow:e49cd74ec6cc394c,Pt4Y2,Cubic,18.6945,14.185,69.3642,182.183,270.941
aflow:e4b6ef2b136c42d3,Ag2Sn2Tb2,Hexagonal,24.6413,8.65906,39.1718,98.4118,239.036
aflow:e4ba4b074fab170b,Cu4Mg1Sn1,Cubic,15.0395,7.30889,52.3367,131.587,344.221
aflow:e4bb28a94cfd1260,Br2La10Sn6,Hexagonal,32.5102,6.41591,28.6166,72.4584,219.013
aflow:e4c31765ca086684,Er1Tl1,Tetragonal,26.6867,11.562,23.5843,62.6828,151.002
aflow:e4dd36659b848305,K2S1,Cubic,34.6777,1.75988,9.84152,25.0491,232.761
aflow:e4e902f0bd0191ec,Al4Pt4,Cubic,14.5693,12.6554,74.859,198.205,325.96
aflow:e4fff55faecca719,Cu2Rh4Se8,Cubic,20.2627,6.85105,21.8185,60.1524,237.102
aflow:e5124c2b0062222f,Re3Si3Ta3,Hexagonal,15.1913,14.4008,119.149,308.779,384.006
aflow:e5158f531002e4cc,Ba2F8Ni2,Orthorhombic,15.2733,4.92897,28.0318,72.7311,350.172
aflow:e52ccf55c80734d7,Tl3U1,Cubic,28.4067,12.4386,19.2436,50.3094,134.973
aflow:e5529db498f2af80,O1Sr1,Cubic,17.6283,4.88035,55.0536,135.762,413.131
aflow:e564a862d099a479,Mo16N4Ni8,Cubic,12.812,9.53816,108.526,287.298,472.017
aflow:e56edcb230715dcf,Au2Dy1In1,Cubic,21.0999,13.2067,22.5602,62.5319,153.956
aflow:e573f216b8157b0d,Fe4Hf4Si4,Orthorhombic,15.7928,9.19748,73.2298,184.844,372.108
aflow:e57d622078550c22,Ga4Pt4Y4,Orthorhombic,19.6093,9.98486,30.7154,84.0716,222.034
aflow:e585593b59b25087,Ca4Pt8,Hexagonal,18.9477,12.569,43.6748,117.667,230.018
aflow:e5913f02650be54f,Hf4Mo4Si4,Orthorhombic,16.759,9.99143,103.29,261.386,414.049
aflow:e597fa2df0178ed6,Hf1In1Ni2,Cubic,15.1549,11.25,52.5444,141.169,282.949
aflow:e5990f43d042239c,Al1Ba1Ge1,Hexagonal,28.7103,4.56729,34.2148,81.6604,285.206
aflow:e59f919d67ca2745,Al2P2,Hexagonal,20.8567,2.3071,45.9054,116.216,523.014
aflow:e5a9323a46d01884,Ba6Mg23,Cubic,30.3311,2.61086,15.2275,37.9268,256.057
aflow:e5ad0d718096a6cd,Co1In8Y2,Tetragonal,23.1864,7.52178,31.3873,80.7038,232.085
aflow:e5c0d55f329a6b84,Nb1Rh3,Cubic,14.6898,11.3499,142.012,358.848,467.983
aflow:e5d622930c8ffda7,Au4Ba4,Orthorhombic,34.3057,8.09067,13.9001,36.2372,129.034
aflow:e5d89371a9e11bb0,Ga4Li4Se8,Orthorhombic,24.065,4.04695,17.5234,45.2913,263.09
aflow:e5db61fa74861990,Bi3Sr1,Cubic,32.3368,9.17342,12.5029,34.3256,118.048
aflow:e5eb9cc26d8c8d17,Ir6W2,Hexagonal,14.5021,21.7703,193.313,491.067,397.025
aflow:e602766877c0ee55,Ce1Te1,Cubic,27.239,8.16035,48.9646,119.507,269.932
aflow:e613bbb42012d1ca,Ni1Sc6Te2,Hexagonal,22.8265,4.71739,35.0555,90.4484,313.926
aflow:e6168f280fcabded,C1Mo1,Cubic,10.6121,8.4459,181.109,458.355,685.006
aflow:e626da611341cf31,Eu1S1,Cubic,26.9632,5.66646,34.3206,83.2741,266.051
aflow:e639fc83d7969766,Ru3Sc3Si3,Hexagonal,15.8988,6.06167,101.909,251.013,532.873
aflow:e63da76a2644ff14,N4W2,Hexagonal,9.80632,11.9585,222.007,548.837,661.08
aflow:e654559c7c1a780f,Ge4Mg4N8,Orthorhombic,12.1083,4.28252,83.9893,211.62,632.817
aflow:e677b6b8f8ad9dec,La2Pd4Sb4,Tetragonal,23.1999,8.52039,26.6863,73.0417,206.03
aflow:e680940d09ac6cbb,Ag2In1Sc1,Cubic,19.9027,7.83251,17.5095,48.9094,176.936
aflow:e68873fd5f6ddc9a,La6Sb10Zr2,Hexagonal,29.1349,7.0717,31.1682,79.8353,233.003
aflow:e68c32e71fefa9f0,Al8Ba4Ge8,Orthorhombic,24.5217,4.55701,32.6236,81.005,301.037
aflow:e68e587950e605f1,Er1Pd1Sb1,Cubic,23.3973,9.35428,42.2351,109.74,242.019
aflow:e69027ae6de22ce9,Mg2O12Sb4,Tetragonal,11.6546,5.75937,98.1738,245.431,613.893
aflow:e6aeabf7626b5275,As4Mg6,Cubic,24.078,3.07251,32.1617,79.1212,359.013
aflow:e6bb61b62442dc3a,B12Tb1,Cubic,8.12189,4.53956,212.905,483.281,1071.14
aflow:e6c38d04b74b1486,Sn6V6Y1,Hexagonal,19.4337,7.27409,70.9229,175.779,378.96
aflow:e6c9ac980101c7a9,C1Sn1Y3,Cubic,23.5955,5.59368,61.5135,147.622,373.998
aflow:e6d01b791d361e77,Mg6P4,Cubic,21.8427,2.05052,39.8045,97.0073,500.838
aflow:e6d1fbb7e8975009,Ga1O3Pr1,Cubic,16.2556,5.28417,43.8469,116.112,370.09
aflow:e6e5181d91589f15,Mg2Sn1,Cubic,26.5482,3.4881,28.358,69.1577,304.035
aflow:e6f0d81549f39c4e,C1Pb1Pd3,Cubic,15.6893,11.397,31.9704,89.0963,221.029
aflow:e70296109aaeae22,Cr4Se8Zn2,Cubic,21.6301,5.32138,31.9658,82.6862,291.114
aflow:e721c69e30fe7c1d,La1Mg1,Cubic,31.4471,4.3091,22.2898,55.2571,233.021
aflow:e7258b49700b2617,Co1O3Sr1,Cubic,11.5729,5.58305,62.6012,163.712,449.896
aflow:e727d39461c4ebc5,Cd1F3Rb1,Cubic,18.0782,4.68218,23.6285,62.2548,270.178
aflow:e72d9d4159dcccf8,Ba2Be26,Cubic,10.6693,2.82912,96.1777,212.402,850.286
aflow:e738c735121eb87f,Rb2S1,Cubic,39.983,2.81022,8.10391,20.7334,161.091
aflow:e73e65b868a2a469,Ba1O3Pr1,Cubic,17.9651,6.0309,54.6723,141.717,371.967
aflow:e75a27b1fdb9f8dc,In3La3Pd3,Hexagonal,24.6947,8.07194,21.9911,59.8493,189.019
aflow:e75b4ec7ab1d4a48,Au6Dy6Sb8,Cubic,24.3429,10.6783,38.7175,100.015,217.03
aflow:e761ff1ae278f803,O6Sr2Zr2,Tetragonal,14.3632,5.24499,87.128,217.435,563.091
aflow:e7777e374eed73a0,Ni4P12,Cubic,15.2246,4.13404,77.1695,171.763,608.729
aflow:e77d9b17b4191e02,As4Cu4S4,Orthorhombic,20.0061,4.71803,27.571,72.3065,299.839
aflow:e7c45a3ae6fc7c66,Re3Ru1,Orthorhombic,14.7189,18.6055,184.176,470.759,418.05
aflow:e7c5c7c5b4f9a113,Rb2Te1,Cubic,53.006,3.11745,5.8551,15.0157,119.021
aflow:e7d022bcdd1d1f71,Cu2Ga2O4,Hexagonal,11.2309,6.10941,57.3055,152.765,452.028
aflow:e7d121efe2e99065,Rb2Te4Y2,Hexagonal,37.9974,4.69325,15.9533,39.9349,201
aflow:e7d3935cbc89f8e8,O14Pt4Tl4,Cubic,12.4546,11.0409,84.9562,218.819,400.865
aflow:e7d476657162e9c6,Cu2Li1P2,Tetragonal,14.5202,4.4825,35.1565,92.979,373.106
aflow:e7e21be634245737,Au1Cu3,Cubic,13.4052,12.0035,48.9293,129.431,279.145
aflow:e805269dabdf98bc,N8Si6,Cubic,8.43219,3.94654,245.503,576.015,1223.86
aflow:e81a0ba1ec4da6b1,Er1S1,Cubic,20.388,8.11698,44.5171,116.385,281.959
aflow:e81fdf58728bbeef,Ag1Al1S2,Hexagonal,18.906,4.36896,32.5879,84.8939,347.002
aflow:e821f46a2d27889f,As12Ir4,Cubic,19.6431,8.81252,84.4634,208.124,372.114
aflow:e83bf0a59f2f6df4,Gd1N1,Cubic,15.6935,9.06038,108.779,262.957,445.087
aflow:e848922840b1944a,Al8C8Si2,Hexagonal,11.6721,2.90941,66.5837,174.903,684.953
aflow:e851bd6b6c7d5b51,P8Si4,Cubic,15.7613,3.16182,77.1816,187.707,641.021
aflow:e85ad902ecf49f3a,Cu12N4Pd1,Tetragonal,12.9396,6.9825,35.2897,96.386,318.119
aflow:e877f641919ada5e,In1Ni2Zr1,Cubic,15.5214,8.65017,42.623,115.044,301.974
aflow:e8a33e2ff41545ba,Er1Os2Si2,Tetragonal,16.6506,12.0439,82.5267,213.425,356.964
aflow:e8b75df8ee2a84c6,S4Se4U4,Orthorhombic,22.823,8.4653,40.3853,106.101,256.94
aflow:e8b765039355f4da,Er1Rh2Si2,Tetragonal,16.1154,8.84589,90.0786,227.67,418.062
aflow:e8ba7d7c937e89b9,Cd3Zr1,Tetragonal,21.3986,8.31199,28.6887,76.8194,213.018
aflow:e8c1ce861654b7ed,K4O12Sb4,Cubic,14.9847,4.62869,73.1922,180.955,522.796
aflow:e8ce9d2481968a5b,Ge2V6,Cubic,13.9568,6.70479,49.9376,136.842,375.051
aflow:e8d40bccac2e2f19,Nb4P4Zr4,Orthorhombic,17.2961,6.8837,100.268,252.545,481.067
aflow:e8e864e37f6e3544,Ru2Te4,Orthorhombic,23.4965,8.39273,65.9766,162.912,316.032
aflow:e8f20dd3d3b5e956,Ba2Li2Sb2,Hexagonal,32.4648,4.53556,23.3092,55.5293,229.936
aflow:e902b528d009aedb,Au6K2Sn6,Orthorhombic,25.9892,9.00047,13.3818,36.5701,141.046
aflow:e917b3e6c78be74b,N1Zr1,Cubic,11.6364,7.50807,73.4651,198.75,456.017
aflow:e92232a1d7e4b071,Re1Si2,Tetragonal,13.3658,10.0373,120.939,306.805,480.045
aflow:e92983093b3b4288,Ir2N4,Orthorhombic,9.28846,13.124,193.53,480.503,613.859
aflow:e9301e24b4623b39,C1Ni1,Cubic,8.20373,7.1554,69.5103,191.746,496.981
aflow:e93b29409f63fff3,Mg2O6Si2,Orthorhombic,8.39764,3.97015,109.304,277.308,883.298
aflow:e93e8b4777a3b2a0,Er4O14Ru4,Cubic,12.0898,8.09935,90.4173,234.315,482.938
aflow:e958030590a0d0bd,Hf1Os1,Cubic,17.2218,17.7747,124.999,316.981,333.965
aflow:e95e81d231dfa795,N2S1Th2,Hexagonal,21.2696,8.18418,54.3416,141.048,328.016
aflow:e97e1b25692fbff9,Al4La2,Cubic,22.8595,4.67005,45.2709,110.958,354.935
aflow:e98cf4aadc3e503d,Cd4Co4Ho16,Cubic,24.6568,9.32817,27.7084,71.8919,196.057
aflow:e99d218b8d90c080,Mn1Rh1Sb1,Cubic,19.8086,7.81272,32.0979,87.4707,243.963
aflow:e9a1d4df7372024a,N1Ru1,Cubic,11.8706,8.04887,63.7829,176.494,408.097
aflow:e9c6d477da9d6f7b,Ba2Tl4,Hexagonal,35.751,8.4545,17.2872,42.5839,139.949
aflow:e9d97f4d81711a66,Bi2Rb6,Hexagonal,52.7233,3.66436,5.20349,13.2127,101.032
aflow:e9eb1595fc5bc184,Dy2Pd2Sb2,Hexagonal,22.5736,9.57887,40.7148,105.665,247.005
aflow:e9f3790e5215f956,Ho1Ni1Sb1,Cubic,20.9655,9.11818,59.2061,146.766,297.018
aflow:e9f879ec8eba0b3c,As2C2Nb4,Hexagonal,14.6055,7.75228,118.741,298.496,533.895
aflow:ea094174f9a73001,F4Zn2,Tetragonal,11.2356,5.09279,44.1201,116.197,426.162
aflow:ea0f04663dcf1c6c,Co4Nb4P4,Orthorhombic,12.9104,7.83783,115.817,292.692,506.208
aflow:ea1aaa7c5e737df6,Al2Ti6,Hexagonal,17.6378,4.01728,64.3718,162.682,497.898
aflow:ea1f8c9af42e6a4b,B6Hf2Ni21,Cubic,9.96206,9.50877,78.3276,210.049,435.985
aflow:ea261c138fc5b708,S4Sr2,Tetragonal,24.3378,3.45101,27.4717,69.2907,332.93
aflow:ea3c4bf66a460e54,Li2Si4Y4,Tetragonal,21.4819,3.72466,44.9454,110.563,410.998
aflow:ea4b129585b040c4,Rh3Sc1,Cubic,15.2353,9.63693,84.2049,219.39,384.886
aflow:ea4fc08fea94b24b,Ho4Pt8Si4,Orthorhombic,17.377,13.9325,53.1094,142.644,257.039
aflow:ea57320229b91fa8,Ba1Ru2Sb2,Tetragonal,24.4699,7.91213,42.3097,104.888,309.108
aflow:ea61ae46a161edab,Ge6Ru7Sc4,Cubic,16.2176,7.96757,74.4129,192.727,401.973
aflow:ea71a50e2d165d75,O8Zr4,Monoclinic,12.2685,5.55922,83.1113,218.191,581.886
aflow:ea7d454502329188,Se8U6,Cubic,26.1149,9.35557,27.3287,71.8452,193.965
aflow:ea80a45670822376,Al2N2,Hexagonal,9.94219,3.42292,121.954,305.172,895.006
aflow:ea83ff99ce49e301,Au2In1Y1,Cubic,21.2236,11.6903,21.0687,58.5729,157.954
aflow:ea8e48a908aa89ff,B8Ho4Os4,Orthorhombic,12.3965,12.6166,129.579,322.492,461.98
aflow:ea9944c476b6a616,Ca4Sb2,Tetragonal,31.9195,3.50131,26.0125,62.6186,278.944
aflow:eac282d6a4f31038,Au2Sn2Y2,Hexagonal,24.1311,9.27976,40.0362,102.113,240.998
aflow:eaca4c0a310db6de,Cu1Pd1,Cubic,13.7034,10.2968,40.8473,111.482,273.941
aflow:ead17e5bd35f4a6b,As3Hf3Ru3,Hexagonal,16.2838,12.0494,81.9486,215.802,338.022
aflow:ead50d6a851c83e6,N4Rh8Zr16,Cubic,17.2458,8.04265,60.0378,160.209,356.997
aflow:eadea71ec7c8de51,Ca6H4Pb2,Orthorhombic,22.5236,4.04815,24.7412,59.9931,283.823
aflow:eae54e0aeabbd0e9,Re8W4,Hexagonal,16.0471,19.1868,101.153,275.283,300.02
aflow:eafdeaa2855aeb6c,La3Pd3Sn3,Hexagonal,24.7998,8.12412,36.0145,93.8143,235.002
aflow:eb01cc46c2f8b604,Al2Pt2Ti2,Hexagonal,15.9743,9.35461,57.1209,152.197,323.959
aflow:eb050e34fd4c7d51,Sr2Zn26,Cubic,16.0012,6.94971,49.3917,118.638,324.063
aflow:eb36961ca96e91f2,Mg6Mn1O8,Cubic,10.1578,3.58296,100.445,241.671,810.063
aflow:eb3a6bade325f99e,Mn1Ni4Y1,Cubic,14.036,7.46519,47.5465,125.466,336.09
aflow:eb4c41fc0488a41b,Dy1Hg2,Hexagonal,24.2083,12.8883,30.3374,79.0107,173.068
aflow:eb506b2e473b4c74,Ca4O12Ti4,Orthorhombic,11.6692,3.86998,101.167,253.102,737.007
aflow:eb724544dfdf1dd9,Ba1H3Li1,Cubic,25.3166,1.93224,6.32928,16.9684,195.039
aflow:eb7407f3eaca06d4,Ca2N2Ni2,Tetragonal,14.9603,4.17261,52.216,134.003,476.917
aflow:eb90303fbb73bfbf,Bi1Ni1Zr1,Cubic,20.4673,9.70574,39.4577,105.037,243.021
aflow:eb972e8b61cf638b,Al8In6Sr22,Cubic,37.6291,3.472,14.2046,35.7248,200.089
aflow:ebc7df768c5591ae,Dy5S7,Monoclinic,22.9074,6.2638,38.7937,99.9999,296.083
aflow:ebef2b4e8ec07bfd,Ru6Th14,Hexagonal,29.7787,10.7481,27.4049,73.9723,182.965
aflow:ebf8c8f1aad3ce96,N4Ru8Zr16,Cubic,17.0877,8.06609,70.5462,186.639,379.97
aflow:ebfb7133a161759b,Ge2Y2,Orthorhombic,22.9601,5.83993,54.7054,133.124,350.904
aflow:ec07d639af7da24d,Co2Y2,Orthorhombic,22.8358,5.37517,16.4834,44.3744,217.012
aflow:ec0d74f739d7035d,Er4Ge6Os7,Cubic,17.0804,13.9308,80.756,208.572,315.976
aflow:ec10eb407ac3cb2e,Ba2Bi3,Orthorhombic,39.941,7.49679,15.8243,40.7096,139.992
aflow:ec204a56939564c6,La3Mg3Pd3,Hexagonal,24.4235,6.11021,21.7619,58.2748,212.999
aflow:ec21f32abca24cbd,Au7Cd16Na6,Cubic,22.9913,8.25671,13.9833,38.0298,150.855
aflow:ec2438f50fc672d8,B2C2Li2,Hexagonal,7.70347,2.13847,132.303,308.584,1336.09
aflow:ec28eaf686bd2b7e,C2U1,Cubic,13.417,10.8108,82.9027,217.996,382.995
aflow:ec363624902d8a5f,Dy8Se12,Orthorhombic,24.7109,7.55152,34.9565,89.4064,252.96
aflow:ec3c53433d5dfc02,Cu1Dy1,Cubic,21.1083,8.89124,31.9966,82.7814,225.004
aflow:ec47b7ccd1c1a1ff,Mg4N6P2,Orthorhombic,11.0469,3.04653,86.5926,217.916,822.089
aflow:ec4dd6314db205a2,Bi1Nd1,Cubic,34.5803,8.48079,28.2601,72.1886,175.96
aflow:ec55fc7f8b21816e,F6V1Zr1,Cubic,17.8037,2.98639,31.3525,82.2701,446.848
aflow:ec562d6b1a22a1f6,H1Pd3Tl1,Cubic,13.8925,12.5404,46.9119,126.183,256.963
aflow:ec62f78f3a44840c,N2Tl2,Hexagonal,18.3098,9.90245,36.7279,96.9117,238.111
aflow:ec7698ec73c32d7f,Al1Pd1,Cubic,14.497,7.63903,51.2341,137.804,350.915
aflow:ec7dc4dd0833ad1e,Mn4O10Sr4,Orthorhombic,13.2744,5.07482,62.053,156.91,498.828
aflow:ec94631f7bd6f0a3,Al12Ni4,Orthorhombic,14.5266,3.9904,66.3202,166.936,531.174
aflow:ec99c2c4de2255c2,As1Gd1,Cubic,25.7445,7.48761,48.3711,117.821,286.955
aflow:ecb6504fa2a9c4ea,Ba3O1Sn1,Cubic,33.7959,5.37215,25.4836,62.0585,217.971
aflow:ecc597354487e7b8,Au2In1Zr1,Cubic,19.5552,12.7368,28.2433,78.6139,181.984
aflow:eccf92b96af0a49d,Ca4Mn4O12,Hexagonal,11.5763,4.10294,56.7275,147.595,576.016
aflow:ece5536a079b806a,Al3Pd3Tb3,Hexagonal,20.0419,8.07289,24.1416,65.6757,231.02
aflow:ece991e1e336aa44,Ti2,Hexagonal,18.6513,4.26458,63.5361,160.641,473.019
aflow:eceefbe0f5d07d00,Na2S1,Cubic,23.3105,1.85307,18.3533,45.5745,340.142
aflow:ecf0bba61c394d1e,Ga1Nb1Ni2,Cubic,13.2214,8.79238,52.1716,141.38,357.992
aflow:ed055aed0cbbe98a,N4Ta2,Hexagonal,12.2627,9.43209,89.606,237.423,447.08
aflow:ed0e3797e656f67a,Pd3V1,Tetragonal,14.5345,10.572,56.2139,153.83,302.092
aflow:ed11f007d47ca411,In1Li2Pt1,Cubic,16.0238,8.38861,20.3129,55.7354,202.113
aflow:ed23ecf0e217e549,Pt1Sc1,Cubic,18.3563,10.8574,41.7818,113.661,244.998
aflow:ed5547e7e4115236,O1Rb2,Cubic,27.1311,3.81374,7.82506,21.0595,154.993
aflow:ed71e73c1d9d1a64,B1Zr1,Cubic,14.816,5.71763,86.4251,219.73,513.936
aflow:ed75ba31d09c3ba7,Al1Re2,Tetragonal,14.5406,15.2031,137.619,350.313,417.982
aflow:ed7da7bde5b1927d,Cd2In4O8,Cubic,14.3128,6.72983,47.0139,125.634,364.131
aflow:ed83e48f681234f2,Dy4Ge4In2,Tetragonal,22.9297,8.473,33.5023,86.7334,225.983
aflow:ed8eaf5b8d9bc19f,Ga3La3Mg3,Hexagonal,25.9268,4.97322,35.1019,85.4621,290.07
aflow:edb81c429b8382c7,Mo3Ni3P3,Hexagonal,12.3228,8.33691,88.3064,235.627,465.892
aflow:edc78b459eea539e,Ba1Cu2Se2,Tetragonal,22.1092,6.3441,23.293,61.2122,226.983
aflow:edccfb1f7cfb43ae,Cr4Cu2Te8,Cubic,26.3239,6.10929,11.4546,31.9477,154.979
aflow:edfd496faf5b2b03,Al4Er8,Orthorhombic,25.6387,7.80446,32.9999,82.8689,233.001
aflow:ee0a9de25797ea71,B2W2,Orthorhombic,10.6619,15.1587,186.014,471.222,520.019
aflow:ee16c6572f4074bd,Ga3Ni3Ti3,Hexagonal,14.2276,6.85987,77.7809,195.656,443.983
aflow:ee23a2c15420370c,Dy1Pd1,Cubic,21.4197,10.4231,28.5682,77.5433,196.055
aflow:ee35d82ec985e33c,Al2C2Ti4,Hexagonal,14.4695,3.86723,113.383,266.266,761.931
aflow:ee5e5bb96dc9ff9c,Cr2Ho2O8,Tetragonal,13.4746,5.76995,56.9586,148.671,483.01
aflow:ee7f9cf75b07ab89,Ca6Ga10,Orthorhombic,22.6119,4.30452,34.055,82.6094,311.903
aflow:ee85245cde3ed6c7,Cu1Sc1,Cubic,18.0502,4.99086,42.4958,108.708,359.055
aflow:ee8d083d53ebf899,Al10C6N2,Hexagonal,11.4948,2.96861,112.236,273.858,871.193
aflow:ee8fc4df8ff9111b,Ce2Pd2Sb4,Tetragonal,23.8688,8.5226,38.3917,98.7995,258.032
aflow:ee98bad7fa252f63,Ba10Sn6,Tetragonal,44.8182,4.82917,13.6866,33.9032,163.02
aflow:eea3144a17a5238e,Cd3Te3,Hexagonal,31.9058,6.24568,15.7083,41.7943,161.055
aflow:eeaa25c6506f3816,B8Rh8Tb2,Tetragonal,11.7396,9.64652,89.3848,236.928,444.9
aflow:eeb1dcbc485d4d72,Co8Dy6Ge26,Cubic,16.7155,8.27962,66.3482,165.412,353.991
aflow:eeb5fe3ba91f0acb,Ca4I2N2,Hexagonal,23.1454,3.96512,32.2018,79.6019,335.049
aflow:eec09c1ed7370784,In14K3Mg20,Cubic,25.5534,3.88296,17.6759,45.695,229.131
aflow:eec5f50360d061a8,K2Nb2S4,Hexagonal,20.5145,3.96881,47.2397,115.935,459.117
aflow:eef01ad888d92aa8,Ba6Cr2S10,Hexagonal,25.7555,4.4722,20.3762,52.4124,268.948
aflow:ef00d5055a972435,Na6P2,Hexagonal,23.1516,1.7921,16.4395,40.9205,325.146
aflow:ef0e33c2647c8530,Co2O8Rh4,Cubic,11.5153,6.77222,62.1023,166.973,457.908
aflow:ef2a772d79509a04,C2Co1Tb1,Orthorhombic,12.02,8.3538,91.0653,231.321,500.011
aflow:ef38f4ae340f3eab,Mg3Tl3Y3,Hexagonal,25.7818,6.8182,39.2392,94.8649,261.052
aflow:ef40e248413b5ee6,C1Ru3V1,Cubic,12.7718,9.52139,156.173,393.246,566.107
aflow:ef4f265e58cda467,Ge3Mn3Pd3,Hexagonal,16.6237,7.78903,35.0519,94.1612,273.979
aflow:ef52109a4d495abd,Ba2In4Rh2,Orthorhombic,26.3246,7.40987,22.6361,58.4529,214.08
aflow:ef9d5ecb6aa4723b,O8Sn2Zn4,Cubic,11.6736,6.36958,53.8081,143.71,427.04
aflow:efac061a3e7cd2fc,H2Hf2Pd1,Tetragonal,12.5128,12.3523,30.6622,85.8955,227.964
aflow:efaf49b5365c8d77,Co1Si3Th1,Tetragonal,16.9303,7.36052,66.4619,170.551,391.011
aflow:efe11c52972df8ae,Ge2Ru2Th1,Tetragonal,18.8982,10.1814,79.3349,202.429,356.933
aflow:efede5d94aeda377,Ag2Sc1,Tetragonal,19.5564,7.37851,32.1643,84.8316,244.065
aflow:eff986091e91fe47,La6Pb26Rh8,Cubic,26.5036,11.0331,31.8995,82.3706,189.02
aflow:f010e82b0e1bda6c,Ge3Pt6,Hexagonal,15.5633,16.4586,34.6854,97.6205,203.97
aflow:f01a8278441fcfdc,F6Hf1V1,Cubic,17.419,4.09228,32.833,85.9858,397.146
aflow:f0216227e77670e1,Ag1Tb1,Cubic,24.4975,9.04216,24.7684,65.5414,183.068
aflow:f021e2eb09c3c733,Cd3Y1,Cubic,23.1774,7.63261,27.3068,70.9479,211.134
aflow:f024f2b3bfd420b0,Ag4O2,Cubic,19.3639,6.62411,1.37277,4.0851,56.0669
aflow:f02b07cfc6734325,Sb2Y2Zr2,Tetragonal,25.4435,6.5672,38.6074,99.7625,274.946
aflow:f03064acd33e2d29,Ca4O12Ru4,Orthorhombic,11.8181,5.31536,75.5187,197.077,543.934
aflow:f033126f63d554e4,Pb2S2,Hexagonal,27.3612,7.2603,26.1986,67.3855,205.989
aflow:f03d3b055bd7c0f8,Li1Pd2Sn1,Cubic,16.132,8.70906,23.8786,66.5478,212.075
aflow:f042ff3e31d7288b,Mg4Si4Sr4,Orthorhombic,25.5615,3.03181,33.0252,79.0254,365.032
aflow:f047eb07931ed7b5,Cd2O2,Hexagonal,16.9552,6.28799,19.7656,55.3327,229.956
aflow:f053c344667fc7be,F3Mn1Rb1,Cubic,16.0427,4.0865,29.9804,77.1957,340.909
aflow:f057fa4f039768c6,Er4Pb2Pd4,Tetragonal,22.0558,11.3613,28.9659,78.0385,188.039
aflow:f076c7e30f498d41,Au2Ca2Sb2,Hexagonal,26.0976,7.60984,22.7214,59.3302,201.06
aflow:f09367d2731e20d3,Sn6Tb10,Hexagonal,29.2984,8.15223,42.8431,104.504,244.946
aflow:f0a50b35c4b5a77b,P3Ru3Ti3,Hexagonal,14.0499,7.0891,102.348,265.21,514.072
aflow:f0ab0f028c862048,Ge4Tb2,Tetragonal,22.0978,7.61733,25.7214,68.7385,218.007
aflow:f0b1c8b5771c9262,Cu4O2,Cubic,13.1579,6.01944,7.67467,22.5025,155.957
aflow:f0b6c125df886051,Ho1Rh1,Cubic,19.5569,11.3707,42.1375,112.892,234.026
aflow:f0bd47197c1d7fef,Re4Si4,Cubic,13.8697,12.8276,82.5113,225.409,342.014
aflow:f0c863b63bdd8592,As2Nb2,Tetragonal,17.8949,7.78674,85.8105,218.349,419.934
aflow:f0cec939337244e2,Er4Mg8,Hexagonal,25.4817,4.68912,19.4341,50.8245,226.077
aflow:f0e3fc2b7d5e1412,Ca2Hg2Sn2,Hexagonal,27.475,7.2397,22.3801,57.201,190.062
aflow:f0f537b68ad8ecec,Ge2Ni4,Hexagonal,11.5525,9.10203,43.7252,121.103,318.941
aflow:f0fa32c496fea034,Co4Sb12,Cubic,23.4535,7.50818,56.2806,136.403,310.042
aflow:f0fd4512e05329d4,Fe4Si4,Cubic,10.7768,6.46634,160.272,387.585,725.985
aflow:f1027f80d57da92a,As2Ni2,Hexagonal,14.1936,7.81577,48.5739,130.189,333.021
aflow:f11d4e973cc8a324,Os4Si4,Cubic,13.6238,13.3028,85.6988,227.744,389.985
aflow:f11e7eb27a5363db,Cd1Li2Sb1,Cubic,19.613,5.25015,10.8823,29.7491,172.966
aflow:f124f62efab9778b,La6O9,Monoclinic,17.5539,6.1641,41.8963,111.548,350.005
aflow:f1287d45c31c185a,Gd4O14Zr4,Cubic,13.3466,6.88743,68.4787,181.947,436.106
aflow:f15b1e54287b5f83,Ir8Sn26Sr6,Cubic,25.0512,8.53335,30.4995,80.149,219.92
aflow:f15be3468bf32a67,Dy1Ge2Rh2,Tetragonal,17.6088,9.68463,64.8413,167.854,334.902
aflow:f15c6282dc3a2ad0,Al4I2La4,Hexagonal,29.9947,5.07858,32.9624,80.2402,283.012
aflow:f16a647cdf99d0aa,C2Ge2Ti4,Hexagonal,13.9632,5.36343,95.0563,236.406,588.904
aflow:f16f165969ccb446,Ho4Rh6Sn10,Orthorhombic,21.6612,9.44467,36.1158,96.3974,237.946
aflow:f175d3c78f3b805f,Ga3Rh3Zr3,Hexagonal,17.1295,8.5263,52.5239,141.482,315.937
aflow:f17cc168a310b012,N2Tc2,Tetragonal,12.1749,7.70013,71.0796,189.777,422.899
aflow:f199dc9d57adb100,Hf4O8,Orthorhombic,10.0411,11.6031,93.0971,245.567,475.013
aflow:f19bc59154a5f3fc,Ho1P1,Cubic,22.4258,7.25296,60.039,146.638,333
aflow:f19f7d6d2d7a3b7f,Ag2Er1,Tetragonal,21.2597,9.97162,27.5565,73.1667,191.099
aflow:f1a6536978f52238,Pb1Pt3,Cubic,17.2484,19.0732,40.0102,111.351,183.966
aflow:f1b277d31df15ce0,Hg2Ti6,Cubic,18.5018,7.72501,75.8106,183.912,397.888
aflow:f1c0d23f9135e933,Ga1Pt3,Cubic,15.0553,18.0612,52.9599,146.649,229.946
aflow:f1cde2e53d12a599,Pt4Sn4Sr4,Orthorhombic,25.0153,8.88178,26.4641,70.3053,196.94
aflow:f1d774fa5d7605af,Fe2Zr4,Tetragonal,20.1909,6.5324,14.3518,40.9304,180.031
aflow:f1f31fdc7a8eb3f5,Al4Au4Dy2,Tetragonal,19.6597,10.3113,37.7841,100.703,233.055
aflow:f1f5255f9504e33c,Te2Zn2,Orthorhombic,24.618,6.50846,17.5261,44.3415,229.945
aflow:f1f93e996c14748f,O1Yb1,Cubic,14.5922,10.756,72.6857,171.552,363.136
aflow:f2017297ff3f45c8,Ir2O4,Tetragonal,10.9363,11.3483,103.218,273.616,451.093
aflow:f20e761d9e2bd204,As2Be2Na2,Hexagonal,18.9933,3.11602,33.7987,81.2347,417.832
aflow:f20ea6ba64ca6151,Ca1O3Sn1,Cubic,14.0279,4.8952,75.6286,192.207,520.868
aflow:f2279ead56e81c17,Ga9Ru3Tb3,Cubic,17.6776,8.81493,60.0281,152.854,323.99
aflow:f22c703bcdb00e01,Ru1Zr1,Cubic,17.5134,9.11604,88.5537,228.972,391.932
aflow:f237511d90939265,Li2Te1,Cubic,23.1456,3.38346,19.2908,46.4872,265.96
aflow:f23d162b7bc02b36,H8W4,Orthorhombic,7.09055,14.5093,72.8303,197.463,394.127
aflow:f24ba749e4234634,Co2Er2Ge4,Orthorhombic,17.2552,8.9347,42.0523,111.502,284.022
aflow:f2614f3bcd5bdd40,S8Sc4Zn2,Cubic,21.2325,3.16776,33.89,88.0898,398.998
aflow:f2647fd7e3481cc1,N1Re3,Hexagonal,12.6006,18.8649,201.338,512.95,462.059
aflow:f268f784e7590a24,C1Mg3Zn1,Cubic,17.1206,2.91567,36.0567,90.6793,434.059
aflow:f269d172f9562803,Cu1Ti3,Tetragonal,17.4654,4.92602,42.588,111.378,368.054
aflow:f26f7a9449681a11,Cd4La16Ru4,Cubic,31.0717,6.85042,19.7906,52.1384,181.98
aflow:f270148d49f6bfaf,Al3Ru2,Hexagonal,15.3699,6.11681,70.9047,184.064,451.025
aflow:f271f31b7b56d2c5,Al2Te4Zn1,Tetragonal,31.4824,4.74511,19.1892,47.3585,248.984
aflow:f2968781e0b42ff9,Ba1Zn1,Cubic,34.6673,4.85484,15.3945,37.2568,168.951
aflow:f2a5b2edf497bb0b,O3Sn1Ti1,Cubic,12.6163,5.64874,88.0491,226.419,541.049
aflow:f2b794a882f8ff1b,Ga14Ni6,Cubic,14.845,7.42996,53.8586,138.129,345.088
aflow:f2bf1c69bbb4ccdc,Tc1Ti1,Cubic,15.5827,7.82204,61.0762,165.933,370.999
aflow:f2c0795ba90d0c39,Au1Ca3N1,Cubic,22.8277,4.81865,30.8296,77.3012,289.113
aflow:f2e78119a42eb804,In3La3Rh3,Hexagonal,23.6506,8.34653,28.4032,76.7508,211.041
aflow:f2f1795a4fe9afdb,Pt4Sn4Tb4,Orthorhombic,22.3973,11.6821,36.6895,98.6387,210.016
aflow:f2f1c0b701127d4f,Al2Pd1,Cubic,17.2557,5.14398,31.5375,86.4262,312.08
aflow:f2f6cf00606361b7,Au2Ca2,Orthorhombic,25.941,7.58692,16.179,43.3708,164.017
aflow:f316392e464ad886,C4Co8Mo16,Cubic,13.4536,9.05668,106.434,271.83,462.008
aflow:f33b96ab0edd579c,Ir2Sn2,Hexagonal,19.9522,12.9379,56.0222,149.651,253.002
aflow:f3528bce37f6d71f,Au4Ti1,Tetragonal,17.5178,15.8447,30.2231,84.242,176.948
aflow:f35f867a2aebed31,Sn2Ti4,Hexagonal,19.5273,6.07984,49.7437,129.554,342.96
aflow:f36e18a378d3536b,Ag1Y1,Cubic,24.3936,6.69747,34.2674,86.411,251.979
aflow:f37283da7ac0bd4e,N2Rh2,Hexagonal,10.3189,9.40693,117.744,307.798,529.127
aflow:f375441a3464dc75,Rh4Sc4Si4,Orthorhombic,16.3205,5.96729,75.6949,193.872,462.075
aflow:f37d0b1f8f1ccdb8,O1Sn1Sr3,Cubic,27.8781,4.73595,34.8493,82.8349,285.887
aflow:f38baf7964a868fe,Al36Mg6Ta4,Cubic,17.8392,3.72529,50.6731,126.8,457.179
aflow:f38f615b9187f38a,Co2Sb4,Orthorhombic,20.1905,8.29108,58.7328,145.568,317.1
aflow:f3a50991fffab2ad,Ga2Gd6O12,Orthorhombic,14.1859,7.46209,58.2837,152.383,399.114
aflow:f3bfb1c01faa5339,Cl2La10Sn6,Hexagonal,31.9299,6.27567,31.2423,78.3058,233.044
aflow:f3c0e3cf8acbbb4b,Bi2Nb6,Cubic,19.6821,10.2866,62.2102,164.681,300.008
aflow:f3dc42a35f56efd6,Si4Sr8,Orthorhombic,33.5092,3.35858,17.2619,43.2306,237.075
aflow:f3e28f6e1c8493ab,Gd4O14Zr4,Cubic,13.8302,6.64662,85.9873,218.795,511.992
aflow:f3fb4e00b89f9301,Cu2S4Tl2,Tetragonal,23.0202,5.98778,21.9724,58.1613,219.931
aflow:f40823291e45087f,Au1K3O1,Cubic,30.1247,3.64094,11.7236,29.0582,183.242
aflow:f40a8d6a42c6edc4,Er3Mg3Pd3,Hexagonal,21.2407,7.76471,17.9007,49.7698,178.08
aflow:f40c644d3d9b5e89,Dy3Mg3Pd3,Hexagonal,21.5961,7.51492,16.9488,47.1586,176.996
aflow:f40dcb7561f9f8e3,Al6C6Er2,Hexagonal,12.4992,5.39447,138.863,323.178,698.875
aflow:f45055f4ef13b036,Nb4P4Ru4,Orthorhombic,14.2921,8.71203,118.332,306.818,499.054
aflow:f452acc0a88b216f,Sb2Ti6,Cubic,19.2275,5.73126,44.7414,117.506,337.944
aflow:f4634f69b19ef301,As16Mg4,Tetragonal,24.0914,4.46633,25.5644,64.2205,310.031
aflow:f47437478abdc5a1,Ge6W10,Tetragonal,15.6739,15.0574,74.7766,202.162,302.048
aflow:f47a6a6f2a41b676,La4Pd4Sn4,Orthorhombic,25.2603,7.976,27.8549,74.1065,218.082
aflow:f4874036e4939ad3,B6Sr1,Cubic,10.5696,3.42219,110.915,265.642,848.043
aflow:f48e56db087879fa,Ge2Rh2Tb1,Tetragonal,17.6867,9.57482,65.9136,170.065,339.069
aflow:f49a2a60b1665577,Ag1Na1O1,Cubic,15.377,5.28629,24.1056,63.3644,276.191
aflow:f4a14c21af9e4959,Ba8Si4,Orthorhombic,39.222,4.27244,12.028,30.5862,171.021
aflow:f4a8bad5b6f5e014,In1Sc3,Cubic,24.4349,4.24206,36.8109,92.1757,324.938
aflow:f4c708f5d87975a4,Ho2S4,Tetragonal,19.5469,6.48606,46.0561,118.765,322.096
aflow:f4d5b4f82bfad53e,Pd1Zn1,Tetragonal,13.8994,10.2612,56.1679,148.559,310.034
aflow:f4d96a33ab291275,Hg1Sc1,Cubic,22.516,9.05441,31.4425,82.9953,214.939
aflow:f4e4ce96ef9f1975,U2,Orthorhombic,22.4846,17.5791,51.3005,134.869,201.053
aflow:f4e6e1c4cc632f09,In4Pt4Sr4,Orthorhombic,24.6626,8.92194,25.9358,68.5756,193.049
aflow:f506cd5137a22ac3,Bi4O12Rh4,Orthorhombic,12.644,9.45276,65.9479,175.363,379.993
aflow:f5139f063fbcfabc,B2Ge6Nb10,Hexagonal,15.7363,8.12658,110.686,275.918,490.953
aflow:f51506e74f2ec57e,Ca1Te1,Cubic,32.7066,4.25662,23.3872,58.0804,236.901
aflow:f51976eddf9ee37c,Er1Zn1,Cubic,22.0309,8.76742,30.9824,79.2013,218.005
aflow:f51b92be0bca11fd,Ag4In8Na12,Cubic,27.6439,4.06944,9.28715,24.126,174.776
aflow:f522b307de926651,Ca3N1Tl1,Cubic,24.3065,4.62664,33.7599,82.0194,297.081
aflow:f537614eaf5b1d5e,Hf6Ni4Si6,Orthorhombic,15.1861,10.075,96.2597,243.552,402.061
aflow:f56b9549923f84c1,Ga2In2O6,Hexagonal,11.8017,6.54426,77.8363,203.418,486.162
aflow:f573f77ca303f0e2,Al1Ge1Sr1,Hexagonal,25.7684,4.02094,34.8867,83.6428,324.949
aflow:f5861e99c0a527d9,Ca1Ge2Ru2,Tetragonal,18.3437,7.01379,48.7204,126.539,362.94
aflow:f5a1a141caf92326,Be4Ca2N4,Tetragonal,10.6486,2.68584,63.7384,160.747,771.038
aflow:f5bac4598707735a,Mg24P16,Cubic,21.9406,2.04137,32.2879,81.6028,459.082
aflow:f5dd4ecb4b817141,As4Ni4U2,Tetragonal,16.2824,10.3055,48.9915,131.381,282.943
aflow:f5e210fbc72a9837,S1Y1,Cubic,21.2694,4.72201,42.5635,110.859,354.918
aflow:f5e766579122a1ce,Al1Ti1Zr2,Cubic,20.525,5.20453,36.5249,97.6245,317.964
aflow:f61653f3acd74575,Au1Er1,Cubic,22.5673,13.4002,32.1915,86.1684,178.017
aflow:f617cfebecd6bba0,Ag1Li2Sb1,Cubic,18.6338,5.42483,19.1983,50.2858,225.981
aflow:f61e233c2e2cd03f,Ni2Si2Th1,Tetragonal,16.3101,8.25866,81.1328,205.4,406.062
aflow:f624b312794a05cd,Dy1Ir3,Cubic,16.301,18.824,113.221,289.17,315.042
aflow:f62d1b72f499b218,Pt3Zr1,Cubic,16.3038,17.2251,99.2292,259.326,308.004
aflow:f63f1516da1306c3,B8Mo2U2,Orthorhombic,10.9792,9.50848,197.325,459.443,657.004
aflow:f64ab77ceb83f1d1,Mg2Mo2N4,Hexagonal,9.95365,6.18338,179.829,431.774,838.031
aflow:f66fc434b1966cc9,Bi4O14Rh4,Cubic,12.7424,8.71659,70.5491,186.271,404.959
aflow:f671deec8391edf1,Mg2Te2,Hexagonal,26.6621,4.73039,21.0926,54.9938,230.065
aflow:f68de4d2dee5d075,C8Pu4W4,Orthorhombic,12.8979,14.546,128.406,321.329,436.922
aflow:f69858831f64c836,Bi1Dy1Pd1,Cubic,25.0949,10.5405,36.1744,94.3461,206.011
aflow:f69f9fe91f97079b,Ir1Y1,Cubic,19.9431,11.7038,47.9917,128.512,245.986
aflow:f6ae26d8aef81270,Tb6,Hexagonal,31.893,8.2746,25.8364,63.8259,182.034
aflow:f6b457d72c593ebb,Au4O4Rb4,Tetragonal,25.3506,6.51611,11.1172,29.1212,191.987
aflow:f6c899d844130b12,Al2Zr4,Hexagonal,20.6688,5.60834,54.3468,138.629,373.989
aflow:f6d1939f88399421,Au2Ge2Th1,Tetragonal,21.3097,12.0183,15.8982,45.2942,140.006
aflow:f6d3e66aa99d7c98,B6La1,Cubic,10.3519,4.66942,110.64,273.914,724.938
aflow:f6e2e9096eaaa130,Pt4Si4Y2,Tetragonal,17.2342,10.3145,49.2956,133.71,282.96
aflow:f6eb1af6edc316e2,S8Zn8,Hexagonal,19.3912,4.17208,34.8387,89.8226,346.113
aflow:f6ec9fc30e601c1b,Ir4Sn4Sr3,Cubic,24.9511,9.11458,29.7416,80.3675,208.97
aflow:f6edbc35c94f3b92,Al6Ir2,Hexagonal,15.3866,7.37004,44.8847,122.508,330.042
aflow:f6fa0908a0c1314a,Mg1Tl1,Cubic,24.8126,7.65183,4.94441,14.1732,89.0823
aflow:f716dece2bf898a1,Pb1S1,Cubic,24.3757,8.14954,14.5659,40.2312,151.04
aflow:f731cf9724e27115,Si8,Monoclinic,21.2198,2.19781,54.3406,133.246,587.112
aflow:f7355e2e7474fb1c,Au18In15Na6,Cubic,21.7146,10.5993,21.1719,56.5254,167.831
aflow:f73da054af2b5cd8,Mn1Pd1Te1,Cubic,21.6819,7.37625,19.2483,53.5407,188.072
aflow:f757d479791e82ee,C1Er3Ga1,Cubic,28.8748,6.71153,18.6439,49.3293,178.039
aflow:f75f12052e721c88,Ca3Ir6P6,Hexagonal,17.942,9.00456,48.6756,130.547,311.937
aflow:f7857324dd27e355,Cl1Cu1,Cubic,19.9929,4.11126,12.3674,34.1613,200.152
aflow:f7933008a130dc06,Sb6Tl21,Cubic,31.09,9.93492,7.47834,20.4753,94.0771
aflow:f79a697dd14b142c,Tc1V1,Cubic,14.1367,8.80076,125.422,322.087,507.986
aflow:f7bd7ad67ebe1aec,Ru2Si2Th1,Tetragonal,17.8037,9.1469,98.5712,245.825,430.938
aflow:f7e872c3f33e6b8f,H1Rb1,Cubic,27.2165,2.63804,8.81236,21.2343,186.074
aflow:f7ea0322a74d7f61,C1Ta1,Cubic,11.1859,14.3223,47.6581,135.302,274.035
aflow:f7f4394fc7d3b53e,Ge3Mn3Nb3,Hexagonal,14.7095,8.29486,97.7364,249.576,456.923
aflow:f8052337f5c88b0c,Hg1Ti1,Tetragonal,20.1178,10.2553,32.3061,83.3134,235.995
aflow:f818510c8952b114,As1Cd1Li1,Cubic,19.0758,5.63711,2.73508,8.05312,85.9258
aflow:f823c87fc8550016,Al4Gd4O12,Orthorhombic,10.6765,7.22382,109.83,274.063,595.98
aflow:f85891c2a99e5be2,Hf2Hg1,Tetragonal,21.8471,14.1264,46.6085,123.046,214.99
aflow:f85d9d5a81b01ac7,B6Ru4,Hexagonal,9.42225,8.26794,174.733,438.206,716.045
aflow:f872b0e46e6d92c1,As2Ca1Pd2,Tetragonal,19.2896,6.93368,27.0643,73.6709,247.025
aflow:f8908411c9959986,La2O3,Hexagonal,23.5366,4.59725,30.1294,81.5091,293.963
aflow:f89aad64d2958017,Ni8Si4Ta12,Cubic,14.7608,12.9054,50.2073,138.797,276.982
aflow:f89e741dc545ab62,Ga1P1,Cubic,17.0033,4.9177,19.2335,53.8655,251.089
aflow:f8bd7aedd6409450,Se12Sr4Zr4,Orthorhombic,26.4951,5.21093,24.1373,61.0746,288.017
aflow:f8c2151b19a0ae5a,Dy4Ga12Pd1,Cubic,18.7458,8.30193,56.9293,138.232,310.028
aflow:f8d04969b55b4767,P8Sc12,Orthorhombic,19.9694,3.2732,59.3927,146.753,510.075
aflow:f8dc7b1f06ac3830,Ge4Ir4Zr4,Orthorhombic,16.9232,11.6448,89.3715,231.374,357.951
aflow:f8e0aa93cf029501,Dy1P1Pt1,Hexagonal,18.9394,11.356,46.5847,124.624,259.033
aflow:f8fd1df475f9980e,Cu2S1,Cubic,14.3169,6.15306,24.7874,68.5248,258.942
aflow:f8fd71891272d9d0,Er2Pt4Si4,Tetragonal,17.0434,11.9569,46.0577,125.897,256.051
aflow:f907c3f7b3f01a9e,Cu4K4S4,Orthorhombic,29.8529,2.4976,5.48974,14.9522,205.153
aflow:f91247b7cb6550a5,Ge3Li3Y3,Hexagonal,20.5275,4.54181,47.1139,112.226,376.939
aflow:f929956749d4eea1,Pb1Pt5Si1,Tetragonal,16.5341,17.3708,56.2858,154.029,227.952
aflow:f92b9de51b948041,Mg12Ni8Ti4,Cubic,16.4473,4.00807,43.712,110.975,433.028
aflow:f92c7225e1387152,Ba1Te1,Cubic,44.5202,4.94076,16.5656,41.615,169.039
aflow:f932f4c3f81cf063,As2Hg1O6,Hexagonal,12.0764,6.82062,38.7526,105.204,391.014
aflow:f958850a678420df,Ir4U2,Cubic,18.0794,19.0574,96.5571,251.166,281.982
aflow:f95a2f2d4022151a,P8Ru2,Monoclinic,15.7301,4.74968,101.117,244.173,601.021
aflow:f96f03c30cc3e786,Al4Th6,Tetragonal,29.4274,8.46514,27.1579,72.4712,191.952
aflow:f97128015d6366e7,C1Mo1,Cubic,13.0697,6.85771,27.7715,80.1416,287.052
aflow:f97425f7aebad69b,Al4La4,Orthorhombic,27.1262,5.07742,33.7241,83.7416,279.923
aflow:f999245f021a5bc3,Br1Cs1,Cubic,42.3043,4.17662,6.69455,17.0287,116.137
aflow:f9a0597b79f95701,Al5Ba5Sn1,Hexagonal,32.9622,4.30608,16.9659,42.639,215.036
aflow:f9f7090e9ac0ba99,Ni4Sb4Se4,Cubic,18.9903,7.56078,45.142,115.796,301.869
aflow:f9fbf0b25a5c261a,Ga12Lu4Pd1,Cubic,18.0874,8.87342,57.3842,140.153,301.133
aflow:fa013d1f5ece5362,Ag2Dy2Te4,Tetragonal,30.1672,7.23241,20.3957,52.4388,194.966
aflow:fa067fd045772391,Ni1Si2,Cubic,13.2986,4.78074,42.6616,116.479,410.088
aflow:fa0c83e3388487ed,O4Ru2,Orthorhombic,10.8281,6.80223,105.199,276.421,581.027
aflow:fa1266bf3f5f580a,Ho2Pd6S8,Cubic,18.7713,6.77141,25.8012,71.5301,240.995
aflow:fa3bd3969b846c2b,Hf1O2,Cubic,10.8912,10.6975,115.082,299.639,483.947
aflow:fa426129eadf6657,Mo4Zr2,Cubic,18.6549,8.39992,56.5609,154.296,324.051
aflow:fa48cab1f08b46b3,Ba2Hf2N4,Tetragonal,18.2668,7.81402,44.4591,116.787,325.052
aflow:fa5b64b1b6cf8843,Ba3Na3P3,Hexagonal,28.839,3.67154,22.3242,54.9607,257.926
aflow:fa641a9e2a03708a,Er10Ni2Pb6,Hexagonal,26.3532,10.618,33.3556,84.6073,202.008
aflow:fa86f8c9aa68d247,C1Ta1,Cubic,14.3496,11.1646,85.4259,226.983,374.979
aflow:fa88375bedf272e8,Pb1S1,Hexagonal,27.0663,7.3394,14.3508,39.3666,152.971
aflow:faa802d7779d1e57,Au2Sn2,Hexagonal,24.2183,10.8216,15.5035,43.2645,132.95
aflow:faa89ab6ce4e1975,As4Cd2Sr4,Orthorhombic,29.4645,4.9312,24.1197,60.0755,242.101
aflow:fab5ba5d7042a505,B2Pt2,Hexagonal,11.6903,14.6234,98.6836,260.677,383.055
aflow:fab61846b1f5c182,Ba4Sb2,Tetragonal,44.3195,4.95083,14.8144,36.7432,160.956
aflow:fac1a5f72a9f715b,Mn4O12Sr4,Hexagonal,12.3109,5.14059,67.4492,169.721,541.703
aflow:fada3e5e0d50e8a7,Re8Y4,Hexagonal,18.9445,13.4783,42.5799,119.328,223.013
aflow:fadae3ba34adcebe,Al5Ca5Si5,Hexagonal,22.302,2.36146,39.781,96.3132,490.05
aflow:fadf792d7b321127,Bi4,Tetragonal,40.0031,8.67484,4.69588,14.0169,24.9909
aflow:fafcd08de9befd5f,Eu1Se1,Cubic,26.9069,7.12552,18.3736,48.5287,178.084
aflow:fb1260e490372a33,Bi1Rb3,Cubic,47.4795,4.06906,4.28653,11.2432,93.0989
aflow:fb1cd92584ed214f,C1Pa1,Cubic,16.3759,12.3228,77.7165,204.549,316.019
aflow:fb252b6d66d8448f,Ga4Rh4Y4,Orthorhombic,19.0453,7.60138,27.5425,76.0819,239.99
aflow:fb311837ec527cc2,Mo6Sn2,Cubic,17.2131,9.80394,94.227,245.95,392.949
aflow:fb5164a88452168d,B8Ir4V8,Orthorhombic,10.3703,10.111,159.556,403.178,590.963
aflow:fb5e653ad146f5aa,Bi4O14Ru4,Cubic,13.1523,8.40279,71.6833,188.759,394.978
aflow:fb9400ae39cf2ad4,Dy6Ni4,Monoclinic,22.0866,9.09536,24.2371,64.1167,206.071
aflow:fbb909fb03b849d3,Bi6La8,Cubic,35.0126,8.0122,23.5667,61.0643,175.02
aflow:fbc2cf03b9659c90,Ag2Co2O4,Hexagonal,11.3733,7.25634,44.5326,121.491,374.916
aflow:fbe220c7bae326da,B2Sn6Zr10,Hexagonal,20.9794,7.23774,72.9075,178.442,391.013
aflow:fbf7007f7f9bfc24,Mg1O6Pt3,Orthorhombic,11.5515,10.1427,74.0204,196.337,408.933
aflow:fbf9627e8b01199d,Cu1Tb1,Cubic,21.3913,8.63488,30.6741,79.638,221.987
aflow:fc1b9d8ebf614183,Fe1Ga12Ho4,Cubic,18.7052,8.10672,48.2424,119.274,289.014
aflow:fc20534c45545bcc,Os8Sc4,Hexagonal,16.9685,13.8752,54.5649,152.231,251.042
aflow:fc20c1baececd8b9,Al6C6Y2,Hexagonal,12.667,3.85566,135.287,315.439,807.855
aflow:fc3eb727519852c9,Ru3Ti1,Cubic,14.7637,9.87274,71.4223,189.118,382.065
aflow:fc4db2b423a48d8b,Er1Pd2Si2,Tetragonal,16.8883,8.57847,53.389,141.483,319.941
aflow:fc52354a1b50ff61,Pb1Se1,Cubic,29.8996,7.94626,27.6381,69.4978,194.003
aflow:fc6f33327f7d235d,Al2C6V8,Hexagonal,10.7507,5.15083,152.748,369.839,839.08
aflow:fcb314cc96c5bf5a,Cd33Th3,Cubic,23.1196,8.78972,30.1493,77.5849,202.837
aflow:fcbf8d0ded71b377,Cs2O4Y2,Hexagonal,18.9464,5.56123,39.561,101.241,348.994
aflow:fce0bd8a41ea4d87,B6Mg3Ni9,Hexagonal,9.87657,6.22064,86.9569,226.662,562.018
aflow:fcf6e3f7975df32a,Re8Sc4,Hexagonal,17.7447,13.0186,71.1585,192.895,295.999
aflow:fd0d3f1dd667d640,Sb1Sc1,Cubic,26.555,5.21223,34.7667,88.4062,281.938
aflow:fd13bdb81e8f1c70,Ge4Nb4Pt4,Orthorhombic,16.2568,12.2773,52.8544,145.04,278.975
aflow:fd155ca6f33d132f,Cr4Hg2Se8,Cubic,23.8058,6.18237,23.6009,62.6462,224.963
aflow:fd19dbcec4dad6dc,C8Re4Y8,Orthorhombic,16.7822,7.67891,72.5076,181.729,445.926
aflow:fd22297be346932c,Ni1Sb1Yb1,Cubic,21.9611,8.90919,16.0426,44.2792,161.999
aflow:fd337a4259a2f478,Ge6Rh7Sc4,Cubic,16.253,8.02742,80.7823,205.047,416.096
aflow:fd33fe5260049f5d,Al12Mn2,Orthorhombic,15.3593,3.34883,64.8827,160.352,581.047
aflow:fd497baf16774851,Pt1Sb1Y1,Cubic,23.9472,9.37838,46.5007,120.645,252.062
aflow:fd67ccbf301ce7c2,Au4Ga4Sr2,Tetragonal,22.0688,9.34567,20.5272,55.5099,174.119
aflow:fd6b09982db1bb1b,Pt4Si4Zr4,Orthorhombic,16.4689,10.5667,100.053,253.788,396.054
aflow:fd7367e9f84202fd,H10La4,Tetragonal,12.7617,5.25773,39.3114,100.147,371.081
aflow:fd82bebb95edb6fd,Re1Ti2,Hexagonal,16.6144,9.39492,77.459,202.535,375.987
aflow:fd9286fdb1226354,Hf4N8,Cubic,11.239,10.1702,108.976,283.319,478.988
aflow:fda8cabb99d423ab,Er1Pd2Sn1,Cubic,19.3445,10.7032,29.4442,81.0538,202.982
aflow:fdaebc9bea2789cf,Ag4O12Sb4,Cubic,14.1746,6.5045,67.0471,170.823,443.009
aflow:fdaeeba31efc4b61,Ag3Dy3Ge3,Hexagonal,21.0725,9.00852,50.2931,124.788,275.026
aflow:fdbc14c918bd025f,As8Pa6,Cubic,22.4817,10.4758,55.2665,142.861,266.945
aflow:fdbd47d5f13e4755,Br4Ca2,Tetragonal,34.4794,3.20889,10.3149,27.3496,182.992
aflow:fdbdd132b64b5e94,Ag1La1,Tetragonal,28.9674,7.07308,12.6245,33.9819,158.953
aflow:fdc96cc9e7d42978,Dy2O8V2,Tetragonal,13.7501,5.5842,49.8372,132.235,463.08
aflow:fdca845d797d8efb,Dy10Ni2Pb6,Hexagonal,27.2033,10.1247,32.1084,81.1174,205.003
aflow:fdd69cc63d2a62b8,Bi2K6,Hexagonal,46.7988,2.89427,6.18953,15.5052,133.015
aflow:fde5530a17dea6e1,S1Sr1,Cubic,27.8553,3.56724,32.1663,79.0557,320.136
aflow:fdf1ecb52d3d236a,Br6Cs2Mg2,Hexagonal,34.9015,3.77694,6.0372,15.5133,170.168
aflow:fdfdb34f4c4d8200,Co4N12,Cubic,7.71061,5.43527,213.668,494.303,1057.2
aflow:fe06cb46a897aa57,C2Re4,Hexagonal,11.83,17.9862,256.279,631.042,542.972
aflow:fe0d7827444fc660,N3Os3,Cubic,11.1557,15.1982,125.704,336.541,425.021
aflow:fe19ab2f7151485f,Ni4Sb4Zr4,Orthorhombic,17.955,8.37467,56.0519,147.26,328.015
aflow:fe1aac683289b047,Au2Ti2,Tetragonal,17.5985,11.5524,50.6617,134.996,264.969
aflow:fe28b1cf9b599ab2,Ga2Zr4,Tetragonal,20.5729,6.7848,51.321,132.824,329.96
aflow:fe2a76855ddfd17b,Cu2F6K2,Tetragonal,14.0454,3.77474,27.1319,69.0434,409.306
aflow:fe2c6fc4804c26c3,Hf1Ir3,Cubic,15.2495,20.5574,165.449,415.172,372.019
aflow:fe4e8bc133dd6bd4,Sr1Tl1,Cubic,34.5249,7.0219,14.0896,35.878,138.908
aflow:fe60676520725e77,Mg4O12Si4,Orthorhombic,8.39642,3.97073,156.695,382.8,986.825
aflow:fe609274ed79ec07,Ge26Os8Tb6,Cubic,18.6811,9.69441,61.7313,157.822,319.915
aflow:fe6555ffb8a4b61f,Au2In1U1,Cubic,22.9285,13.521,17.5608,49.0812,131.985
aflow:fe67a47362dd36cf,Ca6Ir8Sn26,Cubic,24.3358,8.29762,25.0203,67.5338,204.973
aflow:fe69d06cda3e367a,Al1Ni2V1,Cubic,12.0848,6.70901,59.2787,162.634,388.992
aflow:fe8b810bf7f801ca,Ag6O8P2,Cubic,14.2859,6.08172,19.0541,52.5458,294.134
aflow:fe8eeb1e2af8df90,Ca16Hg36,Cubic,26.5185,9.468,10.9298,29.6743,118.935
aflow:fe95068becaf5d8e,Mg1Pd3,Cubic,15.4925,9.20453,36.8473,102.36,235.895
aflow:fe952ef1f59cda0a,K1N1,Cubic,24.6422,1.78927,8.52916,22.3405,238.286
aflow:fea5bd3abdf35cf1,C1Pd1,Cubic,10.8355,9.07326,47.056,131.394,341.987
aflow:fead581553bff06e,Sb1Th1,Cubic,30.3395,9.68174,26.9153,72.6971,177.96
aflow:feb595dc9ca641a2,C1W1,Hexagonal,10.7007,15.1969,272.31,658.553,623.009
aflow:fece345f75cd938d,As4Cd2Si2,Tetragonal,24.7941,4.86122,30.7442,78.6008,281.131
aflow:fed08e5954523786,Au2Ca2P2,Hexagonal,21.1669,7.00872,34.3122,88.0671,268.901
aflow:fed26df5c1b693b0,Au2Si2Th1,Tetragonal,19.7093,11.4943,34.9619,95.7106,212.925
aflow:fed9052685c182e6,Er12Rh4,Orthorhombic,25.7288,9.75661,16.2565,44.7911,154.954
aflow:feddb5eda1a35533,Ce6S8,Cubic,21.3829,6.08613,38.7212,100.516,305.051
aflow:fee13a25b15b4209,Al6Pt10,Orthorhombic,14.5744,15.045,57.5654,157.564,268.068
aflow:fee4b1fcda0f27cc,Ho10Ni4Sb2,Tetragonal,23.9175,9.23201,19.9463,54.3142,173.951
aflow:feee15cf90b253fe,I6Rb2Sn1,Cubic,46.5516,4.16578,3.49501,9.19825,118.009
aflow:fef8599a97fa93be,Se2Zn2,Hexagonal,22.8279,5.24978,28.1278,72.6984,261.874
aflow:ff06b37dece770ba,Nb2P2,Tetragonal,16.1627,6.36366,108.724,272.797,538.008
aflow:ff083729d37a3e9f,La16Mg4Ru4,Cubic,31.545,5.97465,18.8911,49.6479,190.043
aflow:ff15b6eb586b06d1,Er6Ga2O12,Orthorhombic,13.1373,8.4373,65.9093,171.407,411.057
aflow:ff262e7ee45e80fb,Mg5Pt10Si16,Cubic,16.2981,8.28822,61.9059,159.949,368.97
aflow:ff2e821a5a105eeb,C1Tl1Y3,Cubic,23.9992,6.68526,61.7243,146.262,340.954
aflow:ff2f0f54ae83f57a,Er4O14Tc4,Cubic,12.3694,7.86351,99.3199,252.919,514.094
aflow:ff37a8f91d6adf02,O8Sn4,Orthorhombic,12.9761,6.42783,69.0372,180.315,472.872
aflow:ff3dd9800f8a9a53,Cd2Dy1,Hexagonal,24.4178,8.77993,29.6748,75.4695,207.089
aflow:ff3e8a3ebb991d74,Cs1F1,Cubic,25.2669,4.99155,6.96896,19.1192,131.031
aflow:ff69372dff817014,Bi1Nd1Pd1,Cubic,26.8509,9.47478,33.9729,87.9668,208.985
aflow:ff772ba0d7554ad3,N4Ru2,Orthorhombic,9.31301,7.672,152.761,381.447,740.034
aflow:ff78d2b53e05198a,Sn2,Tetragonal,29.6512,6.64694,20.2679,52.9424,184.971
aflow:ff863ef32f591bb8,Hf2Mo4,Cubic,18.3148,11.1934,65.0616,175.956,302.039
aflow:ff87c17fb623e239,C2Os1,Hexagonal,9.54393,12.4241,189.066,481.816,609.091
aflow:ff89c232ae9a271f,In2Sc6,Hexagonal,24.4518,4.23912,38.4666,95.6764,334.95
aflow:ff95cf897a9541ae,Ba2F8Mg2,Orthorhombic,15.3677,4.27946,29.5919,75.4736,380.956
aflow:ffa7a1c21d6a09ec,Cu2In2O4,Hexagonal,14.0159,6.23075,37.8386,102.933,339.965
aflow:ffaebd8498b9c195,Ga2Ho1,Hexagonal,20.7169,8.13305,51.9222,126.481,303.945
aflow:ffb0e8968a4b8d8c,Al1Re1,Cubic,14.4015,12.2903,51.2276,142.649,277.988
aflow:ffb1e77d85d7792a,La1P12Ru4,Cubic,15.7189,5.68509,96.8708,241.523,532.97
aflow:ffc164090dfb5472,Ge1O8Zr3,Tetragonal,11.3986,5.7573,53.3912,146.956,472.947
aflow:ffc7d15f952ffcc8,Bi1La1,Cubic,37.0005,7.80636,25.8958,66.0089,177.046
aflow:ffd8d4a125d06b15,Li2Na1Sb1,Cubic,19.9341,3.30336,24.3053,57.3388,312.097
aflow:ffe6218c47c4bb97,Pd4Sc4Si4,Orthorhombic,17.0025,5.8417,51.0081,135.028,376.094
aflow:ffedd7c8005a3f68,Mg6Ni16Si7,Cubic,12.1828,6.02298,83.4198,210.188,523.908
aflow:fff32e0872a5bcdc,Hf8Ni8Sn4,Tetragonal,16.8813,11.6672,67.064,173.634,309.007
aflow:fff8569ece396360,Cd3Nb1,Cubic,19.9624,8.94506,47.8108,122.902,272.03
aflow:fffe86d17e4b0be3,Cd2P4Sn2,Tetragonal,26.6025,4.57305,27.8897,71.9295,267.935
