120  
22   

1    
 -0.0053557968871817   0.0030921707745393   0.0078583662172451
   0.0629473600   -0.0745239700   -0.1751680700
   0.0000117800    0.0003799500    0.0008436500
   0.0004480800    0.0003472200    0.0003535100
   0.0007076300    0.0004047400    0.0004401600
   0.0008126200    0.0001583900    0.0002046000
   0.0007258700    0.0003517800    0.0003990200
   0.0004816100    0.0003366200    0.0000982300
   0.0005505900    0.0003389300    0.0002501100
  -0.0290847100    0.0062587100    0.0159124800
  -0.0003912900    0.0008424500    0.0013237700
   0.0004507200    0.0005180000    0.0008589300
  -0.0002180100    0.0001010400   -0.0000231300
  -0.0008663100    0.0003028100   -0.0000192200
  -0.0005508800    0.0004779400    0.0001761000
  -0.0006676700    0.0003918800    0.0002882500
  -0.0005972300    0.0003720000    0.0003218200
   0.0040522000    0.0031770500    0.0062611300
   0.0010133400   -0.0031547200    0.0016884900
   0.0010152300    0.0005945400    0.0010628400
   0.0008902900    0.0008913100    0.0012959300
   0.0005032800    0.0002344400    0.0011998700
   0.0009900200    0.0006901400    0.0012577200
   0.0008146000    0.0004952300    0.0010826400
   0.0009625300    0.0005730800    0.0010230000
  -0.0011782100    0.0006246100    0.0010288800
  -0.0009916900    0.0003863700    0.0010387300
  -0.0154288800    0.0319236500    0.0279797700
  -0.0017615700   -0.0004690900    0.0007076300
  -0.0001843100    0.0011760000    0.0013441900
  -0.0009956100    0.0005626500    0.0010673000
  -0.0006556500    0.0006319100    0.0012379600
  -0.0009460200    0.0004931200    0.0010336500
  -0.0000534400   -0.0020089600   -0.0008760200
  -0.0000452900   -0.0018895800   -0.0011771100
  -0.0009264300   -0.0032689700   -0.0005742400
   0.0062228700    0.0018753400    0.0000701600
   0.0000387400   -0.0021996400   -0.0008813200
   0.0000322100   -0.0019602900   -0.0008219700
   0.0001118200   -0.0021927500   -0.0014607600
  -0.0002906200   -0.0022248500   -0.0006151300
  -0.0011068700    0.0006270300    0.0116446400
  -0.0008985800   -0.0001007900    0.0011089500
  -0.0000308500   -0.0009061700    0.0001188500
   0.0000892900   -0.0006835000    0.0001898400
  -0.0007488500    0.0001926400    0.0010940500
  -0.0002044800   -0.0005288900    0.0002427600
  -0.0000435700   -0.0006925300    0.0001004800
  -0.0000196700   -0.0006562600    0.0003014000
   0.0001907400    0.0001596500   -0.0066889600
   0.0013754200    0.0004398300   -0.0070857600
  -0.0005088400   -0.0011383400   -0.0079350000
  -0.0000061900   -0.0006955100   -0.0067414700
   0.0004052900    0.0004881400   -0.0078929900
  -0.0001984900   -0.0002110200   -0.0069957300
  -0.0016337100   -0.0005376200   -0.0050898400
   0.0002256800    0.0000728200   -0.0072163200
   0.0000086100    0.0001239900    0.0020448800
  -0.0000036100    0.0002539200    0.0020588600
   0.0002598700   -0.0000146000    0.0021026300
  -0.0025174000   -0.0017178700    0.0014739400
   0.0000643200   -0.0000095300    0.0021923000
  -0.0000633600   -0.0003153300    0.0021595400
  -0.0009262200    0.0007234200    0.0013893200
   0.0054032200   -0.0019083000    0.0050905800
  -0.0000589600   -0.0013469100    0.0009283600
   0.0000872800   -0.0008835200    0.0009940200
  -0.0003967400   -0.0015285900    0.0013167600
   0.0000122000   -0.0014692800    0.0010808600
   0.0005093600    0.0058390700    0.0098784000
  -0.0011292400   -0.0010200000    0.0023256900
   0.0000740100   -0.0009137600    0.0007223900
   0.0000445500   -0.0011653500    0.0010337700
  -0.0018199300    0.0010707600   -0.0009810400
  -0.0019501200    0.0006895200   -0.0008828000
  -0.0016435700    0.0010812400   -0.0009113200
  -0.0015683500    0.0009470900   -0.0010959100
   0.0018073000    0.0030625500    0.0047901600
  -0.0021107600    0.0031947700   -0.0036017000
  -0.0017657800    0.0013455400   -0.0011518500
  -0.0020853100    0.0009838300   -0.0006152200
   0.0016218700    0.0012018700   -0.0007501900
   0.0020032600    0.0011540100   -0.0008415400
   0.0017851600    0.0008751400   -0.0008247900
   0.0015994100    0.0007114700   -0.0011934900
   0.0019782200    0.0008641700   -0.0011034900
   0.0016383500    0.0009553000   -0.0009783000
  -0.0110029200   -0.0024672100    0.0386976200
   0.0008934000    0.0015948500   -0.0018796800
   0.0001042400   -0.0000166600    0.0020866200
   0.0000896000   -0.0000436600    0.0021613500
   0.0000534700    0.0000643300    0.0021758400
   0.0000953200    0.0002102800    0.0021400500
   0.0004071500    0.0000593400    0.0023035100
  -0.0066019000   -0.0007902900    0.0005062700
  -0.0012096900   -0.0015910600   -0.0027548700
   0.0021836600    0.0029045400    0.0102133600
  -0.0001083700   -0.0000297100    0.0020594900
  -0.0001178600   -0.0001143800    0.0021133600
  -0.0000423100    0.0000077600    0.0022026900
  -0.0003404100   -0.0001703200    0.0027258000
  -0.0000878500    0.0000632300    0.0022156700
  -0.0005969400    0.0003340600    0.0032635900
   0.0049264600    0.0211802400    0.0507008500
  -0.0039364000    0.0007208500    0.0048889500
   0.0000023600   -0.0000552700    0.0000549800
  -0.0002978000   -0.0002243300    0.0003714900
  -0.0005854200    0.0003041100    0.0001809700
  -0.0006697000    0.0010747200    0.0018851100
   0.0006077400   -0.0006656800    0.0001174000
   0.0001946000   -0.0006670700    0.0005781300
  -0.0012854200   -0.0011865500    0.0046912900
  -0.0002781100   -0.0003308900   -0.0000435800
   0.0004900200    0.0003705500   -0.0018636000
  -0.0011741400    0.0008514500   -0.0016990000
  -0.0017529900    0.0037432700    0.0011336200
  -0.0007263900    0.0001158400   -0.0011527000
  -0.0050871100    0.0041355000   -0.0032593100
   0.0000741200    0.0000190200   -0.0008716300
   0.0000981300   -0.0000782400   -0.0011462900
  -0.0000120400    0.0000441500   -0.0008366200

1    
  0.0053557968871817  -0.0030921707745393  -0.0078583662172451
  -0.0633384300    0.0769466400    0.1799754600
   0.0011250500    0.0002888600   -0.0003081400
   0.0007011500    0.0003173400    0.0001763900
   0.0004448000    0.0002598500    0.0000886800
   0.0003385700    0.0005067700    0.0003251700
   0.0004249700    0.0003140300    0.0001318200
   0.0006706600    0.0003250700    0.0004305600
   0.0006017100    0.0003254900    0.0002799100
   0.0269748200   -0.0056431900   -0.0155235900
  -0.0007563400   -0.0001716900   -0.0007837200
  -0.0016128400    0.0001380200   -0.0003402600
  -0.0009239600    0.0005633500    0.0005502300
  -0.0002850000    0.0003621500    0.0005505300
  -0.0006009100    0.0001869800    0.0003552600
  -0.0004833200    0.0002724100    0.0002402300
  -0.0005529200    0.0002923700    0.0002072100
  -0.0020922400   -0.0020633500   -0.0040289400
   0.0009534300    0.0042745600    0.0005582500
   0.0009110800    0.0005187900    0.0011304800
   0.0010546400    0.0002314300    0.0008911600
   0.0014374000    0.0008857800    0.0009885800
   0.0009516900    0.0004341700    0.0009316600
   0.0011240000    0.0006247800    0.0011087000
   0.0009810900    0.0005488600    0.0011668200
  -0.0007741300    0.0005003200    0.0011743200
  -0.0009510100    0.0007372800    0.0011525300
   0.0141156200   -0.0329080000   -0.0274896600
  -0.0001797300    0.0015895900    0.0014863000
  -0.0017616800   -0.0000548000    0.0008423400
  -0.0009483200    0.0005593500    0.0011229100
  -0.0012843300    0.0004877800    0.0009522300
  -0.0009980000    0.0006283600    0.0011570600
   0.0000536400   -0.0022493600   -0.0009135400
   0.0000481100   -0.0023741400   -0.0006130000
   0.0009216600   -0.0010054100   -0.0012092300
  -0.0062126700   -0.0061631500   -0.0018923100
  -0.0000397800   -0.0020560100   -0.0009049200
  -0.0000323100   -0.0022964700   -0.0009666600
  -0.0001134400   -0.0020854100   -0.0003214300
   0.0002914200   -0.0020325200   -0.0011731100
   0.0013870300   -0.0017075600   -0.0112096200
   0.0008999200   -0.0012315100   -0.0005721700
   0.0000311100   -0.0004228100    0.0004094400
  -0.0000883600   -0.0006450500    0.0003418100
   0.0007496200   -0.0015201100   -0.0005626400
   0.0001999500   -0.0007978300    0.0002824700
   0.0000444400   -0.0006367800    0.0004267600
   0.0000207100   -0.0006729600    0.0002284900
  -0.0001930200   -0.0001612200   -0.0070459800
  -0.0013785500   -0.0004379400   -0.0066599900
   0.0004627700    0.0011873900   -0.0058429700
   0.0000112400    0.0007002600   -0.0069968900
  -0.0004001900   -0.0005102600   -0.0058788200
   0.0002033900    0.0002143200   -0.0067509100
   0.0016183000    0.0005276600   -0.0086201100
  -0.0002227500   -0.0000710400   -0.0065389100
  -0.0000077900    0.0000334300    0.0021328800
   0.0000033000   -0.0000970900    0.0021213500
  -0.0002598700    0.0001714300    0.0020773000
   0.0025349800    0.0018933100    0.0027065000
  -0.0000647400    0.0001679000    0.0019851400
   0.0000673500    0.0004722200    0.0020150100
   0.0009165200   -0.0005634700    0.0027851900
  -0.0054089900    0.0020552900   -0.0009848000
   0.0000579200   -0.0009100600    0.0012678200
  -0.0000864700   -0.0013631100    0.0011973700
   0.0004111500   -0.0007051300    0.0008748800
  -0.0000124700   -0.0007764200    0.0011095500
  -0.0002167200   -0.0083668900   -0.0075132900
   0.0011298000   -0.0012152800   -0.0001268100
  -0.0000744500   -0.0013276800    0.0014678200
  -0.0000447500   -0.0010795300    0.0011573100
  -0.0018684900    0.0010597100   -0.0008078800
  -0.0017367400    0.0014424500   -0.0009048700
  -0.0020453100    0.0010491600   -0.0008736600
  -0.0021193100    0.0011817900   -0.0006915700
  -0.0054763000   -0.0008831200   -0.0065370200
  -0.0015515300   -0.0010186000    0.0018540800
  -0.0019349200    0.0007929800   -0.0006344300
  -0.0016018400    0.0011419100   -0.0011726700
   0.0020651500    0.0009235300   -0.0010385100
   0.0016841200    0.0009751200   -0.0009470400
   0.0019044300    0.0012527800   -0.0009638200
   0.0020914900    0.0014194700   -0.0005939400
   0.0017071300    0.0012699500   -0.0006778700
   0.0020509800    0.0011745100   -0.0008089800
   0.0152463700    0.0049997600   -0.0429871400
   0.0027934000    0.0005356800    0.0000923800
   0.0000330400   -0.0000617300    0.0020911400
   0.0000469500   -0.0000356600    0.0020167700
   0.0000831500   -0.0001444000    0.0020016000
   0.0000428500   -0.0002896500    0.0020392500
  -0.0002724100   -0.0001378100    0.0018766600
   0.0066522300    0.0007213200    0.0037084800
   0.0013456200    0.0015011000    0.0068999000
  -0.0020767000   -0.0030787400   -0.0062518600
  -0.0000284100   -0.0000499400    0.0021189800
  -0.0000191500    0.0000351200    0.0020645400
  -0.0000930500   -0.0000858200    0.0019766100
   0.0002028100    0.0000925700    0.0014484400
  -0.0000450300   -0.0001415400    0.0019642700
   0.0004488700   -0.0004153100    0.0009119000
  -0.0044302100   -0.0211603100   -0.0462840000
   0.0038098600   -0.0007909300   -0.0007050000
  -0.0000017500    0.0000552100    0.0002050000
   0.0002978300    0.0002252300   -0.0001099600
   0.0005883100   -0.0003011100    0.0000913600
   0.0006697200   -0.0010794000   -0.0016263400
  -0.0006061500    0.0006712700    0.0001665400
  -0.0001879600    0.0006703700   -0.0003084900
   0.0013868300    0.0012629500   -0.0045071000
   0.0002720100    0.0003279300    0.0003024300
  -0.0004888400   -0.0003667900    0.0000178700
   0.0011807000   -0.0008518900   -0.0001452200
   0.0018359400   -0.0038913200   -0.0030469400
   0.0007215900   -0.0001148400   -0.0007026900
   0.0051143300   -0.0041102700    0.0013851200
  -0.0000735100   -0.0000220300   -0.0009769100
  -0.0001053800    0.0000731400   -0.0007125400
   0.0000127200   -0.0000441600   -0.0010063400

1    
  0.0053557968871817   0.0030921707745393   0.0078583662172451
  -0.1673723500   -0.0966324700   -0.2414022800
   0.0007856600    0.0004536000    0.0005747100
   0.0006532200    0.0003571500    0.0003174300
   0.0005810400    0.0003782100    0.0005443500
   0.0006359200    0.0003871300    0.0003174300
   0.0006180600    0.0003140900    0.0005443500
   0.0003715900    0.0002145400   -0.0000559000
   0.0005986100    0.0003456100    0.0002459200
   0.0256619200    0.0075825900    0.0165363000
  -0.0005581600    0.0001671300    0.0002912400
   0.0002894300    0.0004504500    0.0007519900
  -0.0006367300   -0.0000510800   -0.0001672800
  -0.0008585400    0.0003747800    0.0003428700
  -0.0004995600    0.0004999500    0.0002573700
  -0.0006154700    0.0003654000    0.0002294900
  -0.0005379600    0.0003596000    0.0003168300
   0.0014380100    0.0008302300    0.0053595400
   0.0072535900    0.0041878600    0.0060692400
   0.0002758300   -0.0001397500    0.0010344000
   0.0009443200    0.0007681700    0.0013220700
   0.0000168800    0.0003087500    0.0010344000
   0.0011374100    0.0004337200    0.0013220700
   0.0005106300    0.0002948200    0.0011658800
   0.0009811500    0.0005664700    0.0010633300
  -0.0016786000    0.0007763600    0.0009054200
  -0.0009942100    0.0006202700    0.0011074100
   0.0060550300    0.0226539000    0.0310531100
  -0.0008621600    0.0002877400    0.0010540600
  -0.0000260300    0.0010182900    0.0014081400
  -0.0012221000    0.0007625700    0.0011036100
  -0.0005851800    0.0003091000    0.0009475100
  -0.0010020000    0.0004795400    0.0010404500
   0.0000374500   -0.0020526900   -0.0009678000
  -0.0001290200   -0.0018114800   -0.0007466600
   0.0020773300   -0.0030519900    0.0020323600
   0.0027663200    0.0024505900    0.0053340100
   0.0002277300   -0.0019797700   -0.0009038500
   0.0000581900   -0.0016553200   -0.0009609400
  -0.0000305700   -0.0030916900   -0.0011757900
  -0.0000892300   -0.0022772400   -0.0007543300
   0.0193976800    0.0184325800    0.0165363000
  -0.0001343400   -0.0005669400    0.0002912400
  -0.0001047000   -0.0009309100    0.0003428700
   0.0001831900   -0.0006826100    0.0002573700
   0.0005348100    0.0000254300    0.0007519900
  -0.0003626000   -0.0005258800   -0.0001672800
   0.0000087100   -0.0007157100    0.0002294900
   0.0000424500   -0.0006456900    0.0003168300
  -0.0002642000   -0.0001525400   -0.0062545400
   0.0007909700    0.0004566700   -0.0062787200
  -0.0016720400   -0.0012976600   -0.0100615100
   0.0003301500   -0.0007469100   -0.0071625200
  -0.0019598300   -0.0007992000   -0.0100615100
  -0.0004817700    0.0006593800   -0.0071625200
  -0.0001497600   -0.0000864600   -0.0042405100
   0.0003972400    0.0002293500   -0.0072445600
   0.0000532400    0.0000827500    0.0020273200
  -0.0000006800    0.0001273800    0.0021677400
   0.0000029500   -0.0000145600    0.0022067200
  -0.0025260000   -0.0019104800   -0.0000254000
   0.0001576900    0.0000009000    0.0020613400
  -0.0001272800   -0.0000792500    0.0024389600
   0.0016104900    0.0018489800    0.0030298700
   0.0028513400   -0.0008646100    0.0083834100
  -0.0001669500   -0.0018418900    0.0009054200
   0.0000400700   -0.0011711500    0.0011074100
   0.0008688500   -0.0005316900    0.0014081400
   0.0000493600   -0.0014396600    0.0011036100
   0.0226463700   -0.0060831400    0.0310531100
  -0.0001818900   -0.0008905300    0.0010540600
  -0.0000249000   -0.0006613300    0.0009475100
  -0.0000857100   -0.0011075300    0.0010404500
  -0.0017589600    0.0010587800   -0.0009678000
  -0.0016333000    0.0007940100   -0.0007466600
  -0.0016006700    0.0011871100   -0.0009038500
  -0.0014044500    0.0008780500   -0.0009609400
  -0.0016044400    0.0033250100    0.0020323600
   0.0035054300    0.0011704100    0.0053340100
  -0.0026927700    0.0015193700   -0.0011757900
  -0.0020167600    0.0010613400   -0.0007543300
   0.0014139600    0.0008163500   -0.0007876600
   0.0020028200    0.0011563300   -0.0008892100
   0.0014714400    0.0008715300   -0.0009715500
   0.0017028900    0.0009220300   -0.0008740500
   0.0014904900    0.0008385400   -0.0009715500
   0.0016499500    0.0010137300   -0.0008740500
   0.0090194500    0.0052073800    0.0315560000
   0.0019692700    0.0011369600   -0.0012698800
   0.0000982900    0.0000047300    0.0020273200
   0.0001099700   -0.0000642700    0.0021677400
   0.0000796300    0.0001361100    0.0020613400
  -0.0001322700   -0.0000706100    0.0024389600
  -0.0000111400    0.0000098300    0.0022067200
  -0.0029175300   -0.0012323400   -0.0000254000
   0.0024065100    0.0004702300    0.0030298700
   0.0006769000    0.0029016300    0.0083834100
  -0.0001228900   -0.0000709500    0.0020342000
  -0.0001013300   -0.0000585000    0.0020172200
   0.0001101400    0.0000125400    0.0022567800
   0.0000527600   -0.0003442200    0.0028018700
   0.0000659300    0.0000891100    0.0022567800
  -0.0002717200    0.0002178000    0.0028018700
   0.0653580400    0.0377344800    0.0938851900
   0.0002321300    0.0001340200    0.0027131200
   0.0001141000    0.0000658800   -0.0000443500
  -0.0002373200   -0.0001370100    0.0002206800
  -0.0005294600    0.0013218600    0.0002170600
   0.0001146000    0.0009840300    0.0010140500
   0.0008800300   -0.0011194600    0.0002170600
   0.0009095000   -0.0003927700    0.0010140500
   0.0038079800    0.0021985400   -0.0058937600
  -0.0004856900   -0.0002804200    0.0002950000
   0.0010453300    0.0006035200   -0.0017861300
   0.0006240500    0.0003602900   -0.0006123400
   0.0034146600   -0.0059032100   -0.0047469600
  -0.0007771300    0.0001258600   -0.0009742700
  -0.0034050000    0.0059087900   -0.0047469600
  -0.0002795700   -0.0007359400   -0.0009742700
  -0.0002895600   -0.0001671800   -0.0016967000
  -0.0000546500   -0.0000315500   -0.0008287700

1    
 -0.0053557968871817  -0.0030921707745393  -0.0078583662172451
   0.1658705100    0.0957653800    0.2386866900
   0.0003628700    0.0002095000   -0.0000462600
   0.0004960300    0.0003078800    0.0002132200
   0.0005716700    0.0002875600   -0.0000141500
   0.0005146500    0.0002756300    0.0002132200
   0.0005348700    0.0003513000   -0.0000141500
   0.0007800000    0.0004503300    0.0005861800
   0.0005537300    0.0003196900    0.0002848400
  -0.0275138500   -0.0068840100   -0.0158599100
  -0.0005952200    0.0004989700    0.0002436700
  -0.0014462500    0.0002101600   -0.0002284900
  -0.0005126200    0.0007117600    0.0006844000
  -0.0002920200    0.0002906500    0.0001867600
  -0.0006533800    0.0001626600    0.0002741700
  -0.0005348900    0.0002994600    0.0002992800
  -0.0006123400    0.0003039700    0.0002132500
   0.0004782200    0.0002761000   -0.0031442700
  -0.0054493000   -0.0031461500   -0.0039070300
   0.0016561000    0.0012572400    0.0011565900
   0.0010032600    0.0003570300    0.0008648200
   0.0019168600    0.0008056000    0.0011565900
   0.0008108300    0.0006903400    0.0008648200
   0.0014288600    0.0008249500    0.0010256200
   0.0009658100    0.0005576100    0.0011262900
  -0.0002729000    0.0003536500    0.0012848000
  -0.0009420400    0.0004963500    0.0010859400
  -0.0076273200   -0.0221736300   -0.0293037500
  -0.0010626000    0.0008300100    0.0011408200
  -0.0019105700    0.0001025100    0.0007776500
  -0.0007236100    0.0003604000    0.0010869100
  -0.0013566600    0.0008114600    0.0012440000
  -0.0009410300    0.0006427200    0.0011492200
  -0.0000382900   -0.0022067200   -0.0008206700
   0.0001299500   -0.0024505700   -0.0010463900
  -0.0020550100   -0.0012597200   -0.0037900100
  -0.0027916200   -0.0068358000   -0.0071988500
  -0.0002251700   -0.0022777700   -0.0008796300
  -0.0000577800   -0.0026091900   -0.0008282600
   0.0000326600   -0.0011748600   -0.0006106000
   0.0000856700   -0.0019739300   -0.0010320600
  -0.0197186500   -0.0203856900   -0.0158599100
   0.0001345200   -0.0007649600    0.0002436700
   0.0001056900   -0.0003982200    0.0001867600
  -0.0001858200   -0.0006471700    0.0002741700
  -0.0005411200   -0.0013575700   -0.0002284900
   0.0003600900   -0.0007998200    0.0006844000
  -0.0000081000   -0.0006129600    0.0002992800
  -0.0000429300   -0.0006822900    0.0002132500
   0.0002499900    0.0001443300   -0.0074736500
  -0.0007795500   -0.0004500700   -0.0074816100
   0.0016064300    0.0013383900   -0.0037241400
  -0.0003179000    0.0007574100   -0.0065522500
   0.0019623000    0.0007220100   -0.0037241400
   0.0004969900   -0.0006540100   -0.0065522500
   0.0001360800    0.0000785600   -0.0094999600
  -0.0003856900   -0.0002226800   -0.0065144700
  -0.0000526200    0.0000744900    0.0021507200
   0.0000003300    0.0000293700    0.0020121200
  -0.0000054300    0.0001633700    0.0019747300
   0.0025320600    0.0020766600    0.0042013300
  -0.0001593200    0.0001579500    0.0021162400
   0.0001290400    0.0002363500    0.0017359400
  -0.0015890300   -0.0016547500    0.0011384500
  -0.0028998000    0.0010699100   -0.0043550400
   0.0001698200   -0.0004131600    0.0012848000
  -0.0000411700   -0.0010640000    0.0010859400
  -0.0008665100   -0.0017058600    0.0007776500
  -0.0000496900   -0.0008068600    0.0010869100
  -0.0230165800    0.0044813600   -0.0293037500
   0.0001875100   -0.0013352400    0.0011408200
   0.0000244100   -0.0015806400    0.0012440000
   0.0000860900   -0.0011363200    0.0011492200
  -0.0019302200    0.0010702000   -0.0008206700
  -0.0020572800    0.0013378200   -0.0010463900
  -0.0020851900    0.0009438800   -0.0008796300
  -0.0022885200    0.0012545600   -0.0008282600
  -0.0021184500   -0.0011498300   -0.0037900100
  -0.0073157800    0.0010002800   -0.0071988500
  -0.0010011300    0.0006157200   -0.0006106000
  -0.0016666300    0.0010611600   -0.0010320600
   0.0022690600    0.0013100400   -0.0010024200
   0.0016882700    0.0009747200   -0.0008994200
   0.0022128100    0.0012571000   -0.0008132700
   0.0019956200    0.0012127600   -0.0009164100
   0.0021950900    0.0012878000   -0.0008132700
   0.0020480900    0.0011218800   -0.0009164100
  -0.0050569000   -0.0029196000   -0.0339447400
   0.0017327900    0.0010004200   -0.0005135500
   0.0000382000   -0.0000828100    0.0021507200
   0.0000256000   -0.0000144000    0.0020121200
   0.0000571300   -0.0002169500    0.0021162400
   0.0002692100   -0.0000064200    0.0017359400
   0.0001387700   -0.0000863900    0.0019747300
   0.0030644700    0.0011545000    0.0042013300
  -0.0022275700   -0.0005487600    0.0011384500
  -0.0005233300   -0.0030462600   -0.0043550400
  -0.0000156000   -0.0000090100    0.0021417800
  -0.0000342700   -0.0000197900    0.0021610100
  -0.0002464200   -0.0000926100    0.0019224400
  -0.0001905100    0.0002646100    0.0013773700
  -0.0002034100   -0.0001671100    0.0019224400
   0.0001339000   -0.0002972900    0.0013773700
  -0.0618021500   -0.0356814900   -0.0847956000
  -0.0003372000   -0.0001946800    0.0014884400
  -0.0001104300   -0.0000637600    0.0003024200
   0.0002350900    0.0001357300    0.0000433600
   0.0005364700   -0.0013071400    0.0000598700
  -0.0001220200   -0.0010151100   -0.0007683000
  -0.0008637800    0.0011181700    0.0000598700
  -0.0009401200    0.0004018800   -0.0007683000
  -0.0037850500   -0.0021853000    0.0061798700
   0.0004692600    0.0002709300   -0.0000363100
  -0.0010260000   -0.0005923600   -0.0000676500
  -0.0006597600   -0.0003809200   -0.0012481200
  -0.0033829400    0.0058820000    0.0028952900
   0.0007606400   -0.0001193500   -0.0008894000
   0.0034024900   -0.0058707100    0.0028952900
   0.0002769600    0.0007184100   -0.0008894000
   0.0002889600    0.0001668300   -0.0001550800
   0.0000523200    0.0000302100   -0.0010132400

17   
 -0.0053557968871817   0.0030921707745393   0.0078583662172451
   0.0005312300    0.0011450200    0.0039801100
   0.0027702700   -0.0021452000    0.0018292900
   0.0007132000    0.0000565300    0.0004115300
   0.0005325900    0.0005877100    0.0005274600
   0.0007144900    0.0007194000    0.0005029200
   0.0004789800    0.0004942800    0.0003354600
   0.0007299800    0.0004456000    0.0003913700
   0.0005950600    0.0003609700    0.0002060000
  -0.0002848700    0.0002559500   -0.0000881100
  -0.0101355200    0.0222102500    0.0292187700
  -0.0006917700    0.0002348400    0.0002422900
  -0.0014905000   -0.0006888100   -0.0000462500
  -0.0006563800    0.0014260600    0.0009152500
  -0.0003048100    0.0007056700    0.0003175900
  -0.0005480800    0.0003987600    0.0001765400
  -0.0005489300    0.0002979600    0.0001905200
   0.1585778200   -0.0491675400   -0.1668305600
   0.0009151700    0.0003824600    0.0012045100
   0.0008360000    0.0005335900    0.0011146900
   0.0006783100    0.0008357400    0.0016024600
   0.0008862800    0.0003158700    0.0009417700
   0.0008854000    0.0005830800    0.0014056100
   0.0014499900    0.0008160000    0.0009197200
   0.0009499000    0.0005573900    0.0010658500
  -0.0099985500    0.0026543800    0.0013530900
  -0.0010190300    0.0009590800    0.0007243600
  -0.0013470500    0.0004881600    0.0011430500
  -0.0074995200   -0.0018885700   -0.0047595400
  -0.0006043300    0.0003666700    0.0011134800
  -0.0010987200    0.0004958400    0.0011942600
  -0.0008965100    0.0005925900    0.0010197800
  -0.0009038600    0.0006269500    0.0014886400
   0.0001412800   -0.0011310900   -0.0008466200
   0.0003429200   -0.0025906800   -0.0005568600
  -0.0477222200    0.0305968300    0.0228835500
  -0.0002547900   -0.0023077100   -0.0010125100
  -0.0008438500   -0.0021124700   -0.0013901100
  -0.0000200000   -0.0022650200   -0.0009757600
  -0.0001956700   -0.0022847700   -0.0009804800
   0.0000139300   -0.0018502700   -0.0009585400
   0.0000679400   -0.0005071900    0.0000342600
  -0.0067364100   -0.0055866400    0.0087585800
  -0.0004266200   -0.0005823600    0.0002826400
   0.0003138700   -0.0008140000    0.0001935700
   0.0001068100   -0.0006264100    0.0002566400
  -0.0011842200    0.0002305500    0.0011373200
   0.0000945600   -0.0006175000    0.0001530600
   0.0000739600   -0.0007217400    0.0002294500
  -0.0100499100   -0.0060143100    0.0094630400
  -0.0000348500   -0.0001060000   -0.0075638400
  -0.0006993200    0.0004913400   -0.0060754000
   0.0003225100   -0.0001582300   -0.0066363400
   0.0001950100   -0.0003907000   -0.0057301000
  -0.0003492700    0.0003358000   -0.0065313900
   0.0002066100    0.0001379200   -0.0065162800
   0.0002610300    0.0002226700   -0.0075022500
  -0.0002017300    0.0001409900    0.0020661400
   0.0000636700    0.0000871000    0.0021075300
   0.0030917200    0.0015391100    0.0039997500
   0.0001267800    0.0002453200    0.0016168800
   0.0003683900   -0.0001283400    0.0022459000
  -0.0001104800   -0.0000172700    0.0021544200
  -0.0022488200   -0.0072995200    0.0024168400
  -0.0001118500    0.0003045600    0.0024390600
   0.0064194500   -0.0051549800   -0.0030709600
   0.0003502900   -0.0015236300    0.0011129500
  -0.0000545200   -0.0008262200    0.0011870300
  -0.0001670800   -0.0010859800    0.0010962100
  -0.0002216100   -0.0013907300    0.0006778300
  -0.0013070100    0.0004797400   -0.0026087600
   0.0000169000   -0.0010592700    0.0012104100
  -0.0000245300   -0.0011290700    0.0014587900
  -0.0009743500    0.0008241600   -0.0007237700
  -0.0023814800    0.0023805000   -0.0010670700
  -0.0022832800    0.0009053000   -0.0004853200
  -0.0019575700    0.0011677800   -0.0009680200
  -0.0117384900    0.0028921100    0.0029867300
  -0.0017824300    0.0011464900   -0.0011250000
  -0.0017272200    0.0011531500   -0.0012035400
  -0.0017175000    0.0009487200   -0.0008819000
   0.0014088600    0.0010104600   -0.0012876200
   0.0017021900    0.0009447700   -0.0007758100
   0.0016797000    0.0023641000   -0.0010137700
   0.0014245300    0.0008241600   -0.0001045900
   0.0025001600    0.0011346900   -0.0018209400
   0.0007755600    0.0012711900    0.0001309700
   0.0016749000    0.0012957000   -0.0003913100
   0.0009213000    0.0030518600    0.0035549300
   0.0000261700   -0.0001834900    0.0020656000
  -0.0000268900    0.0000123400    0.0022453700
  -0.0001981900    0.0001811000    0.0020116900
  -0.0000745700   -0.0001033600    0.0021923400
   0.0038057600    0.0062140100    0.0061827800
   0.0005987900   -0.0001346900    0.0016408700
  -0.0091668900   -0.0022827300    0.0082973400
   0.0001239300   -0.0000058600    0.0021712900
  -0.0000784700    0.0002702600    0.0023689000
  -0.0000904800   -0.0000549000    0.0019977600
   0.0000269000    0.0000954400    0.0021858300
   0.0000675300   -0.0001319700    0.0020416200
   0.0003189200   -0.0001988900    0.0022050200
  -0.0001001400   -0.0000495900    0.0021616600
  -0.0139012800   -0.0037288300    0.0482041500
  -0.0002566200    0.0009742200    0.0014393700
   0.0012815600    0.0002620800   -0.0009419500
   0.0001816900    0.0000256900    0.0002854500
  -0.0001727300    0.0021003700    0.0017909800
   0.0000172800   -0.0001077500    0.0000740200
   0.0003241800    0.0055509400   -0.0007459800
  -0.0001519300   -0.0000636200   -0.0000520400
   0.0000158600   -0.0000353000   -0.0000431500
  -0.0006738100    0.0001900200    0.0007377900
  -0.0436086800   -0.0020735700    0.0240270000
  -0.0000094500    0.0000749100   -0.0007582200
   0.0002150900   -0.0001069600   -0.0010637500
  -0.0005354700   -0.0004248400    0.0010021600
  -0.0001925500    0.0001643700   -0.0010697800
   0.0008448000    0.0000879200    0.0001008200
  -0.0001619000   -0.0001480000   -0.0009557500
   0.0001976100    0.0001290000   -0.0006607100

17   
  0.0053557968871817  -0.0030921707745393  -0.0078583662172451
   0.0006024400   -0.0005072100   -0.0034860600
  -0.0016606900    0.0027604300   -0.0012871300
   0.0004362300    0.0006019100    0.0001168300
   0.0006186900    0.0000852200    0.0000073700
   0.0004316300   -0.0000528400    0.0000222900
   0.0006748200    0.0001708900    0.0001954200
   0.0004191800    0.0002170800    0.0001355100
   0.0005571200    0.0003041400    0.0003239800
  -0.0008709600    0.0004090100    0.0006232400
   0.0093055000   -0.0206500000   -0.0279847400
  -0.0004613100    0.0004265200    0.0002892800
   0.0003457100    0.0013480700    0.0005671800
  -0.0004992200   -0.0007772000   -0.0003860200
  -0.0008471500   -0.0000421600    0.0002104400
  -0.0006054700    0.0002642400    0.0003550500
  -0.0006027900    0.0003669400    0.0003410800
  -0.1593981300    0.0518566700    0.1722318000
   0.0010258200    0.0007379300    0.0009856100
   0.0011100700    0.0005894200    0.0010763000
   0.0012642300    0.0002884200    0.0005890400
   0.0010577700    0.0008077900    0.0012466700
   0.0010627900    0.0005384100    0.0007877300
   0.0004900700    0.0003038300    0.0012720000
   0.0009939100    0.0005648700    0.0011252300
   0.0080478900   -0.0015957200    0.0008510900
  -0.0009247000    0.0001616100    0.0014594500
  -0.0005851000    0.0006288300    0.0010540600
   0.0056142100    0.0029907900    0.0069432600
  -0.0013444400    0.0007587300    0.0010767000
  -0.0008460400    0.0006284200    0.0009951100
  -0.0010431900    0.0005303200    0.0011695200
  -0.0010373300    0.0004926700    0.0007021200
  -0.0001412000   -0.0031445900   -0.0009245600
  -0.0003489900   -0.0016637000   -0.0012246300
   0.0506769200   -0.0365055600   -0.0256258800
   0.0002552400   -0.0019541900   -0.0007731900
   0.0008513500   -0.0021475200   -0.0003937200
   0.0000212400   -0.0019934600   -0.0008120300
   0.0001954500   -0.0019737100   -0.0008088000
  -0.0000152600   -0.0024035600   -0.0008303200
  -0.0000700100   -0.0008244200    0.0004965700
   0.0064908400    0.0042509400   -0.0085835900
   0.0004059900   -0.0007441400    0.0002453800
  -0.0003142000   -0.0005136400    0.0003310600
  -0.0001098600   -0.0007033200    0.0002721900
   0.0011836500   -0.0015613500   -0.0006129200
  -0.0000961100   -0.0007120600    0.0003783600
  -0.0000737000   -0.0006055600    0.0003011800
   0.0100305700    0.0059252700   -0.0233744400
   0.0000323700    0.0001052400   -0.0061795700
   0.0007218800   -0.0004984100   -0.0076862800
  -0.0003203600    0.0001544100   -0.0071072500
  -0.0001985100    0.0003998200   -0.0080205900
   0.0003369600   -0.0003615400   -0.0072086400
  -0.0002059600   -0.0001371900   -0.0072339400
  -0.0002564300   -0.0002216600   -0.0062618800
   0.0002019200    0.0000199500    0.0021113000
  -0.0000632000    0.0000714100    0.0020696200
  -0.0030987100   -0.0013925300    0.0001577300
  -0.0001189300   -0.0000901400    0.0025629100
  -0.0003655800    0.0002826500    0.0019327800
   0.0001074700    0.0001783000    0.0020227300
   0.0022593800    0.0074918600    0.0017135200
   0.0001114200   -0.0001482800    0.0017360800
  -0.0063590200    0.0029574900    0.0052882200
  -0.0003523600   -0.0007205800    0.0010761600
   0.0000549400   -0.0014231300    0.0010018100
   0.0001686900   -0.0011574500    0.0010942000
   0.0002221700   -0.0008393800    0.0015213800
   0.0012357700   -0.0027307900    0.0047844600
  -0.0000157700   -0.0011825800    0.0009777500
   0.0000246100   -0.0011099000    0.0007370100
  -0.0027304500    0.0013176500   -0.0010604900
  -0.0013105600   -0.0002424300   -0.0007103700
  -0.0014000800    0.0012282300   -0.0013002500
  -0.0017278800    0.0009612400   -0.0008207600
   0.0081644800   -0.0013251900   -0.0046902500
  -0.0019114100    0.0009836600   -0.0006615600
  -0.0019615400    0.0009757400   -0.0005882900
  -0.0019680800    0.0011789300   -0.0009069400
   0.0022961600    0.0011288100   -0.0004973600
   0.0019875200    0.0011861800   -0.0010125500
   0.0019951200   -0.0002476300   -0.0007754400
   0.0022670100    0.0013060200   -0.0016842800
   0.0011774600    0.0009972700    0.0000212700
   0.0029105400    0.0008736400   -0.0019006500
   0.0020265700    0.0008406000   -0.0014060900
   0.0027538500   -0.0009308500   -0.0053312300
   0.0001102400    0.0001062700    0.0021130200
   0.0001649200   -0.0000901000    0.0019317600
   0.0003346700   -0.0002618200    0.0021694900
   0.0002180600    0.0000205200    0.0019831800
  -0.0036568000   -0.0061882200   -0.0019151400
  -0.0004579900    0.0000609200    0.0025402600
   0.0095155400    0.0022412900   -0.0042353400
   0.0000126400   -0.0000744600    0.0020039500
  -0.0000622300   -0.0003525200    0.0018051700
  -0.0000467100   -0.0000241200    0.0021823800
  -0.0001635100   -0.0001739900    0.0019939300
  -0.0002040000    0.0000574600    0.0021355300
  -0.0004534400    0.0001208700    0.0019801300
  -0.0000363600   -0.0000322600    0.0020173200
   0.0145757400    0.0043346600   -0.0466773100
   0.0001177200   -0.0010636300    0.0027550400
  -0.0012921900   -0.0002543900    0.0012877100
  -0.0001830400   -0.0000268900   -0.0000260200
   0.0001955300   -0.0021318100   -0.0015556000
  -0.0000177500    0.0001103700    0.0001902400
  -0.0003308400   -0.0055766400    0.0009955500
   0.0001507300    0.0000634700    0.0003209500
  -0.0000202600    0.0000324400    0.0003082300
   0.0006542100   -0.0002049100   -0.0004650500
   0.0422670600    0.0012676300   -0.0257313300
   0.0000163200   -0.0000706500   -0.0010854300
  -0.0002186000    0.0001072800   -0.0007851300
   0.0005356800    0.0004329700   -0.0028577700
   0.0001955900   -0.0001708900   -0.0007761800
  -0.0008525400   -0.0000926000   -0.0019675300
   0.0001630200    0.0001481000   -0.0008888100
  -0.0001962800   -0.0001272600   -0.0011815800

17   
  0.0053557968871817   0.0030921707745393   0.0078583662172451
  -0.0020635900   -0.0011914100    0.0072892900
   0.0092186400    0.0053223800    0.0033037900
  -0.0000273900    0.0002855400   -0.0001130100
   0.0005851700    0.0003817500    0.0005296400
   0.0002335900   -0.0001664900   -0.0001130100
   0.0006231900    0.0003158900    0.0005296400
   0.0004255000    0.0002456600    0.0000521900
   0.0006117900    0.0003532200    0.0002075700
  -0.0007862300    0.0005265600    0.0004155200
   0.0116974700    0.0347433900    0.0303526400
  -0.0006974000    0.0005520900    0.0001477800
  -0.0006047400   -0.0008476900    0.0004904000
  -0.0005024000   -0.0002193900    0.0003827400
  -0.0002327400    0.0005525400   -0.0001000900
  -0.0007726200    0.0002175300    0.0004332400
  -0.0006049400    0.0002827600    0.0001976200
  -0.1258058000   -0.0726340100   -0.1385944700
   0.0010576100    0.0006106100    0.0011357700
   0.0011216000    0.0008362500    0.0010042500
   0.0013022700    0.0008853100    0.0016093900
   0.0012850100    0.0005532100    0.0010042500
   0.0014178300    0.0006851500    0.0016093900
   0.0006913400    0.0003991500    0.0012191100
   0.0011134100    0.0006428300    0.0011129700
   0.0101702700    0.0010733800    0.0005537000
  -0.0008040600    0.0008727500    0.0011341000
  -0.0011361300    0.0002226000    0.0011677800
   0.0048884400   -0.0006066400   -0.0047552600
  -0.0014824800    0.0007131900    0.0010714000
  -0.0010336800    0.0004446800    0.0010711000
  -0.0008356600    0.0006407500    0.0011305300
  -0.0008295800    0.0004843500    0.0014050300
   0.0003162200   -0.0031239800   -0.0010187600
   0.0005715400   -0.0021022200   -0.0007496000
   0.0095691900    0.0030225500    0.0026514000
  -0.0002640900   -0.0019776100   -0.0010204000
  -0.0000726700   -0.0016672100   -0.0002564400
  -0.0000185500   -0.0018620100   -0.0009771400
  -0.0001882600   -0.0020475400   -0.0010411400
   0.0000712700   -0.0021928400   -0.0009893900
   0.0000629000   -0.0009441700    0.0004155200
   0.0359373900   -0.0072413900    0.0303526400
  -0.0004412000   -0.0003254000    0.0003827400
   0.0003621400   -0.0004778300   -0.0001000900
   0.0001294200   -0.0008800100    0.0001477800
  -0.0010364900   -0.0000998700    0.0004904000
  -0.0001979200   -0.0007778800    0.0004332400
  -0.0000575900   -0.0006652700    0.0001976200
  -0.0076997700   -0.0044454600   -0.0196690300
   0.0002830400    0.0001634100   -0.0063493800
  -0.0012664300   -0.0005303300   -0.0083577900
   0.0025657100   -0.0004592600   -0.0065788900
  -0.0010924900   -0.0008316000   -0.0083577900
   0.0008851300    0.0024516000   -0.0065788900
  -0.0002029300   -0.0001171600   -0.0073874200
   0.0009107100    0.0005258000   -0.0068032300
  -0.0000005400    0.0001337400    0.0019570300
   0.0000289300    0.0002924400    0.0019086200
   0.0016870000   -0.0008134800    0.0052596300
   0.0002147400   -0.0004793500    0.0021893800
   0.0001866600   -0.0000904000    0.0017507000
  -0.0001965100    0.0002235300    0.0018982400
   0.0004595400   -0.0036759100    0.0020891700
   0.0000536400    0.0002197400    0.0023689400
   0.0060147100    0.0082710200    0.0005537000
   0.0003538000   -0.0011327100    0.0011341000
  -0.0001236000   -0.0016404600    0.0010714000
  -0.0001317300   -0.0011175300    0.0010711000
  -0.0003752900   -0.0010952200    0.0011677800
   0.0019188500    0.0045368400   -0.0047552600
   0.0001370800   -0.0010440800    0.0011305300
   0.0000046700   -0.0009606200    0.0014050300
  -0.0025473400    0.0018358400   -0.0010187600
  -0.0015348100    0.0015460700   -0.0007496000
  -0.0014801800    0.0007706700   -0.0002564400
  -0.0016218200    0.0009149400   -0.0009771400
   0.0074022000    0.0067758900    0.0026514000
  -0.0018447100    0.0007601000   -0.0010204000
  -0.0018673500    0.0008607300   -0.0010411400
  -0.0018634200    0.0011581400   -0.0009893900
   0.0028954600    0.0016716900   -0.0011899500
   0.0021072400    0.0012166100   -0.0008233700
   0.0000555600    0.0006692700   -0.0016947300
   0.0018004200    0.0011678400   -0.0004743500
   0.0006073900   -0.0002865200   -0.0016947300
   0.0019115900    0.0009752900   -0.0004743500
   0.0027586900    0.0015927300    0.0000472900
   0.0026092000    0.0015064200    0.0043785800
   0.0001155500   -0.0000673400    0.0019570300
   0.0002677200   -0.0001211700    0.0019086200
   0.0000150400    0.0002068500    0.0017507000
   0.0000953300   -0.0002819400    0.0018982400
   0.0001390000    0.0018677300    0.0052596300
  -0.0003077600    0.0004256400    0.0021893800
  -0.0029536600    0.0022359300    0.0020891700
   0.0002171200   -0.0000634200    0.0023689400
  -0.0003111100   -0.0001796200    0.0020736400
  -0.0000875200   -0.0000505300    0.0022154600
  -0.0003906800   -0.0000922700    0.0018041300
   0.0001718700   -0.0000437900    0.0018927000
  -0.0002752500   -0.0002922100    0.0018041300
   0.0000480100    0.0001707400    0.0018927000
   0.0067889000    0.0039195700    0.0371801000
   0.0008505900    0.0004910900    0.0009758100
   0.0009680100    0.0005588800    0.0033121400
  -0.0004657400   -0.0002689000   -0.0001824400
  -0.0012335700    0.0040473900    0.0038010700
  -0.0005542100    0.0000651200   -0.0002179700
   0.0028883600   -0.0030920000    0.0038010700
  -0.0002207100   -0.0005125200   -0.0002179700
   0.0001570400    0.0000906700    0.0000847300
  -0.0005429900   -0.0003135000    0.0003508500
   0.0280726100    0.0162077300    0.0288376900
  -0.0001083400   -0.0000625500   -0.0011411600
   0.0002770900    0.0000270200   -0.0001736800
  -0.0010277900    0.0008732300    0.0009465000
   0.0001619400    0.0002264600   -0.0001736800
   0.0002423400   -0.0013267000    0.0009465000
   0.0001565500    0.0000903900   -0.0008249200
  -0.0001238400   -0.0000715000   -0.0010030200

17   
 -0.0053557968871817  -0.0030921707745393  -0.0078583662172451
   0.0031904100    0.0018419900   -0.0068622800
  -0.0078549100   -0.0045350300   -0.0027002900
   0.0011800100    0.0003771300    0.0006408400
   0.0005658300    0.0002863000    0.0000017700
   0.0009166100    0.0008333600    0.0006408400
   0.0005308600    0.0003468700    0.0000017700
   0.0007236700    0.0004178100    0.0004757000
   0.0005400000    0.0003117700    0.0003221200
  -0.0003708700    0.0001390200    0.0001063300
  -0.0120874300   -0.0319213600   -0.0283189000
  -0.0004552300    0.0001101900    0.0003808800
  -0.0005506400    0.0015011100    0.0000400000
  -0.0006526100    0.0008658900    0.0001471000
  -0.0009180300    0.0001136200    0.0006258600
  -0.0003789100    0.0004464900    0.0000969700
  -0.0005458300    0.0003808500    0.0003310300
   0.1257425300    0.0725974900    0.1378053100
   0.0008845700    0.0005107100    0.0010537200
   0.0008203200    0.0002853400    0.0011861900
   0.0006386400    0.0002352700    0.0005835800
   0.0006572700    0.0005677500    0.0011861900
   0.0005230700    0.0004354400    0.0005835800
   0.0012533300    0.0007236100    0.0009711100
   0.0008320200    0.0004803700    0.0010776700
  -0.0121628900    0.0000328100    0.0017104100
  -0.0011358300    0.0002486800    0.0010528400
  -0.0008000100    0.0008971300    0.0010305300
  -0.0067838300    0.0016995500    0.0069778800
  -0.0004636400    0.0004107800    0.0011180700
  -0.0009058600    0.0006766100    0.0011182300
  -0.0011074400    0.0004812800    0.0010594300
  -0.0011116600    0.0006375200    0.0007888400
  -0.0003167000   -0.0011474700   -0.0007728900
  -0.0005756200   -0.0021575200   -0.0010353500
  -0.0099429400   -0.0069816100   -0.0041458600
   0.0002641300   -0.0022847900   -0.0007680200
   0.0000699500   -0.0025920700   -0.0015324900
   0.0000191000   -0.0023986900   -0.0008101100
   0.0001864800   -0.0022106600   -0.0007487900
  -0.0000724000   -0.0020637800   -0.0008003900
  -0.0000650400   -0.0003906900    0.0001063300
  -0.0336884200    0.0054926600   -0.0283189000
   0.0004235800   -0.0009981200    0.0001471000
  -0.0003606200   -0.0008518500    0.0006258600
  -0.0001321800   -0.0004493400    0.0003808800
   0.0010246800   -0.0012274200    0.0000400000
   0.0001972200   -0.0005513900    0.0000969700
   0.0000569100   -0.0006631300    0.0003310300
   0.0078350000    0.0045235400    0.0055352800
  -0.0002857800   -0.0001650000   -0.0073930700
   0.0012759700    0.0005220800   -0.0053937200
  -0.0025909700    0.0004663600   -0.0071722600
   0.0010901200    0.0008439800   -0.0053937200
  -0.0008916000   -0.0024770200   -0.0071722600
   0.0002026600    0.0001170100   -0.0063618300
  -0.0009005500   -0.0005199300   -0.0069509200
  -0.0000000600    0.0000231900    0.0022220100
  -0.0000276000   -0.0001343600    0.0022681800
  -0.0016553400    0.0009599500   -0.0010467700
  -0.0002146400    0.0006361700    0.0019909600
  -0.0001817600    0.0002454100    0.0024227200
   0.0001941400   -0.0000620300    0.0022798800
  -0.0005355900    0.0038206500    0.0021028400
  -0.0000534900   -0.0000610700    0.0018084800
  -0.0060530300   -0.0105497800    0.0017104100
  -0.0003525500   -0.0011080000    0.0010528400
   0.0001239200   -0.0006069200    0.0011180700
   0.0001330400   -0.0011228000    0.0011182300
   0.0003769300   -0.0011413900    0.0010305300
  -0.0019200600   -0.0067247400    0.0069778800
  -0.0001369200   -0.0011997200    0.0010594300
  -0.0000037200   -0.0012814800    0.0007888400
  -0.0011520900    0.0002994600   -0.0007728900
  -0.0021562700    0.0005802600   -0.0010353500
  -0.0022098200    0.0013566200   -0.0015324900
  -0.0020677800    0.0012158900   -0.0008101100
  -0.0110177200   -0.0051200300   -0.0041458600
  -0.0018466200    0.0013711400   -0.0007680200
  -0.0018212500    0.0012668300   -0.0007487900
  -0.0018234800    0.0009691800   -0.0008003900
   0.0008033100    0.0004637900   -0.0005911200
   0.0015812400    0.0009129300   -0.0009657800
   0.0036433600    0.0014494900   -0.0000953100
   0.0019010200    0.0009600100   -0.0013037300
   0.0030769800    0.0024305000   -0.0000953100
   0.0017819000    0.0011663300   -0.0013037300
   0.0009365600    0.0005407200   -0.0018498000
   0.0010610400    0.0006125900   -0.0061509100
   0.0000200500   -0.0000116400    0.0022220100
  -0.0001301500    0.0000432800    0.0022681800
   0.0001216600   -0.0002801100    0.0024227200
   0.0000433500    0.0001991500    0.0022798800
   0.0000036700   -0.0019135400   -0.0010467700
   0.0004436200   -0.0005039700    0.0019909600
   0.0030409800   -0.0023741600    0.0021028400
  -0.0000796300   -0.0000157900    0.0018084800
   0.0001740000    0.0001004600    0.0021042300
  -0.0000497000   -0.0000287000    0.0019632600
   0.0002480600    0.0000130300    0.0023720100
  -0.0003100600   -0.0000324200    0.0022870100
   0.0001353100    0.0002083100    0.0023720100
  -0.0001831000   -0.0002523100    0.0022870100
  -0.0065248600   -0.0037671300   -0.0339973200
  -0.0009757500   -0.0005633500    0.0032057000
  -0.0009876500   -0.0005702200   -0.0029991800
   0.0004671200    0.0002696900    0.0004437900
   0.0012312900   -0.0040428500   -0.0035201800
   0.0005530800   -0.0000674200    0.0004850500
  -0.0028855600    0.0030877500   -0.0035201800
   0.0002181500    0.0005126900    0.0004850500
  -0.0001596000   -0.0000921400    0.0001788900
   0.0005296800    0.0003058100   -0.0000916300
  -0.0293207000   -0.0169283200   -0.0302356500
   0.0001115000    0.0000643800   -0.0007016700
  -0.0002745800   -0.0000280600   -0.0016778100
   0.0010445100   -0.0008690900   -0.0028045700
  -0.0001615900   -0.0002237600   -0.0016778100
  -0.0002304000    0.0013391100   -0.0028045700
  -0.0001561000   -0.0000901300   -0.0010208700
   0.0001232200    0.0000711400   -0.0008420100

33   
  0.0053557968871817   0.0030921707745393   0.0078583662172451
   0.0005416200    0.0003952700    0.0002465300
   0.0008742800    0.0004969600    0.0001838100
   0.0039993600   -0.0058432700    0.0042640000
   0.0029458400    0.0093159900    0.0052210100
   0.0007151900    0.0003157600    0.0003769600
   0.0005788000    0.0005207000    0.0003520100
   0.0004531600   -0.0000907100   -0.0001634700
   0.0005593700    0.0002883600    0.0003150200
  -0.0004500900    0.0004240400    0.0002458700
  -0.0010505800   -0.0024568500    0.0021950100
  -0.0009546800    0.0001621200    0.0004373600
  -0.0063564700    0.0059794700    0.0003376500
  -0.0005280600    0.0002931600    0.0002032200
  -0.0005939200    0.0001860200   -0.0003272800
  -0.0005524500    0.0005091300    0.0002940900
  -0.0003556600    0.0002881300    0.0005730300
   0.0003574400    0.0000890200    0.0013932400
   0.0010844400    0.0009760900    0.0014005200
   0.0071604800    0.0090057100    0.0056762100
   0.0010578400    0.0004347600    0.0008411900
   0.0023137500    0.0003963000    0.0010050100
   0.0010891700    0.0005969100    0.0010119700
   0.0009981800    0.0005020700    0.0008558200
   0.0008796300    0.0005104200    0.0011075100
  -0.0001833900    0.0000835800    0.0010789000
   0.0534975500    0.0291524500    0.0255579500
  -0.0008607600    0.0014532100    0.0005827200
  -0.0010669700    0.0008534900    0.0010292700
  -0.0015430200    0.0005094300    0.0015898800
  -0.0009898700    0.0008802500    0.0009680100
  -0.0010870800    0.0006564000    0.0010153400
  -0.0008226400    0.0004185100    0.0010853100
  -0.1197559200   -0.1421872900   -0.1637461100
   0.0000467300   -0.0020091600   -0.0007905100
  -0.0001744600   -0.0019437600   -0.0009655000
  -0.0000002400   -0.0025311800   -0.0010249000
  -0.0001357900   -0.0020301500   -0.0008360600
   0.0006479400   -0.0021649200   -0.0003273000
   0.0001097100   -0.0023097400   -0.0006410000
   0.0000085800   -0.0021844400   -0.0008887500
   0.0002333900   -0.0007583100    0.0004944600
   0.0000649000   -0.0007542200    0.0002911300
  -0.0004413000   -0.0007957500    0.0002296900
   0.0032769200    0.0137966600    0.0420176700
  -0.0000023200   -0.0006256200    0.0002292400
  -0.0002033800   -0.0008306000    0.0001963900
   0.0000274500   -0.0007824600    0.0003065300
   0.0009353100   -0.0009525400   -0.0003974200
   0.0010209100    0.0117183500    0.0029866400
   0.0014669500   -0.0000003300   -0.0063157700
  -0.0004847500    0.0002510500   -0.0060389200
  -0.0000285300   -0.0001183500   -0.0066020200
  -0.0000006000    0.0001222400   -0.0074447000
   0.0000850400   -0.0001092100   -0.0067514000
   0.0001522400    0.0000611500   -0.0066948900
   0.0000019100   -0.0004696500   -0.0074380800
   0.0005205800   -0.0002875700    0.0057515900
  -0.0002129500    0.0002907300    0.0020729400
   0.0001394400   -0.0001560600    0.0023402100
   0.0000084600   -0.0001218600    0.0021468900
  -0.0033194900   -0.0008504100    0.0036364100
   0.0002317700    0.0000030900    0.0023440400
   0.0001738000    0.0001183800    0.0021317300
   0.0000239800    0.0000509800    0.0020400600
   0.0001703900   -0.0006507200    0.0006801100
   0.0010887300   -0.0015433200    0.0010326000
  -0.0001528300   -0.0017620500    0.0001083900
   0.0002853600   -0.0011296400    0.0016260600
  -0.0000336100   -0.0009200300    0.0012059000
   0.0000901300   -0.0007549900    0.0018731000
   0.0006112800   -0.0002150900    0.0021317300
   0.0021852500   -0.0015956300    0.0056422400
  -0.0050479400   -0.0040021800   -0.0043529100
  -0.0016331300    0.0009878700   -0.0008695600
  -0.0017938700    0.0013593500   -0.0012650600
  -0.0019698200    0.0010364900   -0.0007961100
  -0.0022970100    0.0010143700   -0.0007833700
  -0.0018235300    0.0011333300   -0.0009356600
   0.0000612100    0.0012118800   -0.0041357300
  -0.0018965500    0.0010594800   -0.0005415400
   0.0062147500    0.0066692200    0.0004545900
   0.0019141900    0.0014167800   -0.0008384600
   0.0016123500    0.0008926800   -0.0008985100
   0.0018512400    0.0010373200   -0.0009707300
   0.0022420100    0.0009703000   -0.0011816400
   0.0028830100    0.0077201500   -0.0061948500
   0.0019049200    0.0012488300   -0.0008038100
   0.0018499300    0.0010124800   -0.0005105000
   0.0000881200   -0.0002009800    0.0018448300
   0.0007306900    0.0006843400    0.0021718000
   0.0000248100   -0.0001723100    0.0020841800
   0.0000740200   -0.0000972400    0.0020217500
  -0.0000965100    0.0071868100    0.0098944100
  -0.0001514300   -0.0001972000    0.0020501700
   0.0014271600    0.0005527900    0.0028718700
  -0.0000122200   -0.0000934600    0.0020586000
  -0.0001902600   -0.0002407000    0.0017944300
  -0.0000867500    0.0001715500    0.0019910800
   0.0008293900   -0.0003606700    0.0027279200
  -0.0000460500   -0.0000909500    0.0020108400
   0.0231673700   -0.0049924100    0.0299952900
  -0.0004374900    0.0011545200    0.0017565300
   0.0000259700   -0.0004313800    0.0021392800
  -0.0000864200   -0.0000500400    0.0020553600
   0.0143870100    0.0680909700    0.0306179800
  -0.0002190100    0.0000264500    0.0001169800
   0.0001237800    0.0001163500    0.0000550600
   0.0000351600    0.0000976900    0.0001123600
   0.0000332800   -0.0000897900    0.0002474400
  -0.0001386300    0.0011366100    0.0018142300
  -0.0005065400   -0.0005835400    0.0009156700
   0.0000749600   -0.0000280300    0.0004034600
  -0.0007837100   -0.0027533400   -0.0020523100
   0.0011966700   -0.0009593800    0.0011689500
   0.0057940700   -0.0034018400   -0.0016684200
  -0.0000316900   -0.0000648400   -0.0010577900
  -0.0001171400   -0.0001825500   -0.0008234400
  -0.0001436300    0.0001614200   -0.0009198300
   0.0000935200    0.0001438900   -0.0011182200
   0.0004982500    0.0005284500   -0.0002227000

33   
 -0.0053557968871817  -0.0030921707745393  -0.0078583662172451
   0.0006106300    0.0002700400    0.0002836100
   0.0002786900    0.0001678900    0.0003444400
  -0.0029327900    0.0065526800   -0.0038236400
  -0.0017294700   -0.0084470200   -0.0045778200
   0.0004356300    0.0003477100    0.0001532100
   0.0005782200    0.0001458100    0.0001780700
   0.0006985900    0.0007655000    0.0006949000
   0.0005935100    0.0003759000    0.0002181200
  -0.0007018300    0.0002416400    0.0002841000
  -0.0000992200    0.0031089800   -0.0016474700
  -0.0001937400    0.0005056200    0.0000933300
   0.0051970300   -0.0052827600    0.0002444400
  -0.0006228000    0.0003678900    0.0003247700
  -0.0005510400    0.0004855000    0.0008605700
  -0.0006033600    0.0001550700    0.0002350100
  -0.0007969200    0.0003759900   -0.0000399000
   0.0015716600    0.0010246300    0.0007900600
   0.0008536900    0.0001404700    0.0007973500
  -0.0047052000   -0.0080839300   -0.0035445800
   0.0008860700    0.0006866500    0.0013508500
  -0.0003862800    0.0007212400    0.0011746400
   0.0008565500    0.0005271700    0.0011795800
   0.0009417400    0.0006176200    0.0013325200
   0.0010641100    0.0006134300    0.0010832900
  -0.0017478500    0.0010271400    0.0010961000
  -0.0525539000   -0.0262076700   -0.0223578500
  -0.0010852400   -0.0003254200    0.0016041500
  -0.0008769200    0.0002686800    0.0011605800
  -0.0003955500    0.0006061800    0.0005969200
  -0.0009498100    0.0002409200    0.0012197900
  -0.0008580500    0.0004671600    0.0011762000
  -0.0011216900    0.0007068800    0.0011059600
   0.1166039400    0.1361759400    0.1584380900
  -0.0000469900   -0.0022493800   -0.0009995500
   0.0001733700   -0.0023143600   -0.0008222600
   0.0000005300   -0.0017270900   -0.0007633400
   0.0001359100   -0.0022316200   -0.0009532800
  -0.0006525400   -0.0020951200   -0.0014617900
  -0.0001025100   -0.0019464600   -0.0011492900
  -0.0000088300   -0.0020752800   -0.0009009300
  -0.0002292900   -0.0005730100    0.0000368900
  -0.0000657500   -0.0005741600    0.0002374700
   0.0004437500   -0.0005313400    0.0002924600
  -0.0033808200   -0.0141351700   -0.0390897600
   0.0000023300   -0.0007054500    0.0002990700
   0.0001971700   -0.0004941300    0.0003335500
  -0.0000224200   -0.0005456400    0.0002216000
  -0.0009320800   -0.0003857000    0.0009124900
  -0.0009734000   -0.0117560700   -0.0165496200
  -0.0014477800    0.0000149200   -0.0074499100
   0.0004844400   -0.0002449100   -0.0077029700
   0.0000266200    0.0001199300   -0.0071463200
   0.0000013200   -0.0001248200   -0.0063027300
  -0.0000808100    0.0001083600   -0.0070001500
  -0.0001419200   -0.0000772700   -0.0070605600
  -0.0000008900    0.0004650700   -0.0062967700
  -0.0005175400    0.0004346700   -0.0015296000
   0.0002163800   -0.0001349500    0.0021046000
  -0.0001477300    0.0003142800    0.0018390000
  -0.0000077800    0.0002771000    0.0020340000
   0.0033591000    0.0009468400    0.0005210300
  -0.0002354100    0.0001578200    0.0018352600
  -0.0001758100    0.0000406700    0.0020471300
  -0.0000232200    0.0001079700    0.0021377400
  -0.0001708000   -0.0015698300    0.0015063500
  -0.0010788500   -0.0006862700    0.0011683000
   0.0001375400   -0.0004860100    0.0020980400
  -0.0002845900   -0.0011096100    0.0005730300
   0.0000328000   -0.0013252200    0.0009837900
  -0.0000897600   -0.0014852500    0.0003187400
  -0.0006245800   -0.0020234800    0.0000425400
  -0.0021801400   -0.0006649100   -0.0034512800
   0.0013552700    0.0062240900    0.0025379100
  -0.0020528100    0.0011412800   -0.0009176500
  -0.0018974800    0.0007752100   -0.0005299200
  -0.0017205100    0.0010958600   -0.0009894200
  -0.0013918700    0.0011120400   -0.0010039800
  -0.0018636800    0.0009950500   -0.0008539400
  -0.0037830900    0.0008556500    0.0023789400
  -0.0017952100    0.0010734000   -0.0012506500
  -0.0025240100   -0.0045532900   -0.0022419000
   0.0017769400    0.0007189100   -0.0009548400
   0.0020718300    0.0012361400   -0.0008894600
   0.0018347900    0.0010961100   -0.0008145500
   0.0014521500    0.0011596900   -0.0005999000
   0.0008425300   -0.0055399300    0.0044267400
   0.0017806600    0.0008806500   -0.0009836600
   0.0018412200    0.0011176200   -0.0012779600
   0.0000455500    0.0001205900    0.0023325100
  -0.0005954000   -0.0007747900    0.0019983500
   0.0001067200    0.0000900000    0.0020963200
   0.0000611300    0.0000176100    0.0021558500
   0.0001487000   -0.0075018700   -0.0053627900
   0.0002857700    0.0001181600    0.0021329800
  -0.0012906800   -0.0006314500    0.0013086300
   0.0001487300    0.0000158500    0.0021201000
   0.0000565700    0.0001604500    0.0023810900
  -0.0000458800   -0.0002528400    0.0021867100
  -0.0009593700    0.0002666600    0.0014435200
  -0.0000896000    0.0000094000    0.0021656200
  -0.0238406900    0.0056353000   -0.0264106100
   0.0003048400   -0.0012222100    0.0024237400
  -0.0001607800    0.0003516900    0.0020395900
  -0.0000505500   -0.0000286000    0.0021230000
  -0.0140872000   -0.0696528300   -0.0302198100
   0.0002188400   -0.0000268500    0.0001531700
  -0.0001218600   -0.0001173900    0.0002070400
  -0.0000335300   -0.0000984200    0.0001486700
  -0.0000345700    0.0000947500    0.0000143200
   0.0001339400   -0.0011302700   -0.0015455600
   0.0005067900    0.0005682400   -0.0006393900
  -0.0000739600    0.0000298300   -0.0001404800
   0.0007745400    0.0027636200    0.0001394300
  -0.0010999500    0.0009643100   -0.0029609400
  -0.0057823400    0.0033829300   -0.0001696000
   0.0000328300    0.0000609900   -0.0007883600
   0.0001171200    0.0001835600   -0.0010193700
   0.0001411800   -0.0001613600   -0.0009262500
  -0.0000892400   -0.0001479400   -0.0007262800
  -0.0005018100   -0.0005342600   -0.0016393400

33   
  0.0000000000000000  -0.0061843415490787   0.0078583662172451
   0.0005330200    0.0003289000    0.0001610200
   0.0008457400    0.0001446000    0.0000528100
   0.0023291100   -0.0009615800    0.0031813900
   0.0041122100    0.0019248300   -0.0001725300
   0.0004302800    0.0004327700    0.0001948400
   0.0002981000    0.0004887500   -0.0000473700
   0.0013041900    0.0004826000    0.0001790200
   0.0005047700    0.0002439600    0.0006061900
  -0.0005330200    0.0003289000    0.0001610200
  -0.0023291100   -0.0009615800    0.0031813900
  -0.0008457400    0.0001446000    0.0000528100
  -0.0041122100    0.0019248300   -0.0001725300
  -0.0004302800    0.0004327700    0.0001948400
  -0.0013041900    0.0004826000    0.0001790200
  -0.0002981000    0.0004887500   -0.0000473700
  -0.0005047700    0.0002439600    0.0006061900
   0.0019984700    0.0009622600    0.0008884100
   0.0005491900    0.0003126000    0.0016026000
   0.0023661900   -0.0103744500    0.0038667800
   0.0007765900    0.0006707700    0.0009392300
   0.0015453000   -0.0000860200    0.0012306000
   0.0007370600    0.0004085900    0.0010206700
   0.0007898700    0.0007855300    0.0009193700
   0.0011472300    0.0005235000    0.0009481200
  -0.0019984700    0.0009622600    0.0008884100
  -0.0023661900   -0.0103744500    0.0038667800
  -0.0005491900    0.0003126000    0.0016026000
  -0.0007765900    0.0006707700    0.0009392300
  -0.0015453000   -0.0000860200    0.0012306000
  -0.0007898700    0.0007855300    0.0009193700
  -0.0007370600    0.0004085900    0.0010206700
  -0.0011472300    0.0005235000    0.0009481200
  -0.0000000000    0.1759880900   -0.1213676900
   0.0001666800   -0.0022970900   -0.0009321800
  -0.0001666800   -0.0022970900   -0.0009321800
  -0.0000000000   -0.0018782600   -0.0008078800
  -0.0000000000   -0.0022070500   -0.0008842900
   0.0001447700   -0.0026622800   -0.0001893200
  -0.0001447700   -0.0026622800   -0.0001893200
  -0.0000000000   -0.0022851500   -0.0007848700
  -0.0000000000   -0.0003866900    0.0002039100
   0.0001115100   -0.0004249000    0.0000474900
  -0.0001115100   -0.0004249000    0.0000474900
  -0.0000000000   -0.0078501100    0.0340425900
  -0.0000000000   -0.0006242500    0.0004449900
  -0.0002498100   -0.0009193400   -0.0000723900
   0.0002498100   -0.0009193400   -0.0000723900
  -0.0000000000   -0.0016344300   -0.0007740800
  -0.0000000000    0.0073144300   -0.0154133500
   0.0004000100    0.0013525700   -0.0083358200
  -0.0004000100    0.0013525700   -0.0083358200
  -0.0000000000    0.0000889300   -0.0073910500
  -0.0000000000   -0.0002943500   -0.0064863300
  -0.0012650800   -0.0017167600   -0.0067807500
   0.0012650800   -0.0017167600   -0.0067807500
  -0.0000000000   -0.0012781900   -0.0067731200
  -0.0000000000    0.0034652800    0.0088387800
   0.0001953300    0.0006055100    0.0018762400
  -0.0001953300    0.0006055100    0.0018762400
  -0.0000000000    0.0001797400    0.0018609200
  -0.0000000000   -0.0100762000    0.0047614500
   0.0000628200    0.0000508000    0.0023307000
  -0.0000628200    0.0000508000    0.0023307000
  -0.0000000000    0.0000160700    0.0021042100
  -0.0000000000   -0.0022738400    0.0008277900
   0.0005447800    0.0006556800    0.0003196700
  -0.0005447800    0.0006556800    0.0003196700
  -0.0000000000   -0.0022195700    0.0020116900
  -0.0000000000   -0.0014082600    0.0011812600
   0.0000345300   -0.0011498200    0.0014872800
  -0.0000345300   -0.0011498200    0.0014872800
  -0.0000000000   -0.0022866200    0.0061369100
   0.0018728000   -0.0093885900   -0.0026040400
  -0.0021984400    0.0013366400   -0.0009079700
  -0.0014917300    0.0012512300   -0.0008115100
  -0.0019355000    0.0009214400   -0.0008018700
  -0.0019954900    0.0007032700   -0.0009339400
  -0.0017912500    0.0012510500   -0.0008327200
   0.0017738900   -0.0031149600   -0.0062311300
  -0.0016929500    0.0009948200   -0.0005861500
  -0.0018728000   -0.0093885900   -0.0026040400
   0.0014917300    0.0012512300   -0.0008115100
   0.0021984400    0.0013366400   -0.0009079700
   0.0019355000    0.0009214400   -0.0008018700
   0.0019954900    0.0007032700   -0.0009339400
  -0.0017738900   -0.0031149600   -0.0062311300
   0.0017912500    0.0012510500   -0.0008327200
   0.0016929500    0.0009948200   -0.0005861500
  -0.0001767700    0.0000816200    0.0021969700
   0.0001643600   -0.0000056600    0.0024822400
  -0.0001103600   -0.0001109200    0.0018906100
   0.0001524200    0.0002142000    0.0022491500
  -0.0216295900   -0.0293684000    0.0305070300
   0.0000230600   -0.0003880500    0.0017567300
   0.0010405900    0.0004185900    0.0022782700
   0.0001261700   -0.0000397800    0.0020486600
   0.0001767700    0.0000816200    0.0021969700
   0.0001103600   -0.0001109200    0.0018906100
  -0.0001643600   -0.0000056600    0.0024822400
  -0.0001524200    0.0002142000    0.0022491500
   0.0216295900   -0.0293684000    0.0305070300
  -0.0010405900    0.0004185900    0.0022782700
  -0.0000230600   -0.0003880500    0.0017567300
  -0.0001261700   -0.0000397800    0.0020486600
  -0.0000000000   -0.0571117900    0.0150988100
   0.0000984800   -0.0002184200    0.0006906100
  -0.0000984800   -0.0002184200    0.0006906100
  -0.0000000000   -0.0001304100    0.0002566900
  -0.0000000000    0.0001106000   -0.0000051400
   0.0010879600    0.0003815000    0.0017691500
  -0.0010879600    0.0003815000    0.0017691500
  -0.0000000000    0.0003502400    0.0001728700
  -0.0000000000   -0.0023763100    0.0023367500
   0.0042248300   -0.0009227700    0.0032273900
  -0.0042248300   -0.0009227700    0.0032273900
  -0.0000000000   -0.0001093600   -0.0009834200
  -0.0000000000    0.0005610900   -0.0012538400
   0.0001433100    0.0002908000   -0.0010422000
  -0.0001433100    0.0002908000   -0.0010422000
  -0.0000000000    0.0002171900   -0.0006892600

33   
  0.0000000000000000   0.0061843415490787  -0.0078583662172451
   0.0006185800    0.0003357300    0.0003683400
   0.0003010700    0.0005222200    0.0004786700
  -0.0012042300    0.0016572600   -0.0026733500
  -0.0029233900   -0.0013346300    0.0006793100
   0.0007204500    0.0002312700    0.0003351800
   0.0008581700    0.0001747600    0.0005777800
  -0.0001616300    0.0001780900    0.0003546400
   0.0006463000    0.0004234800   -0.0000771700
  -0.0006185800    0.0003357300    0.0003683400
   0.0012042300    0.0016572600   -0.0026733500
  -0.0003010700    0.0005222200    0.0004786700
   0.0029233900   -0.0013346300    0.0006793100
  -0.0007204500    0.0002312700    0.0003351800
   0.0001616300    0.0001780900    0.0003546400
  -0.0008581700    0.0001747600    0.0005777800
  -0.0006463000    0.0004234800   -0.0000771700
  -0.0000680100    0.0001527800    0.0013055000
   0.0013966300    0.0008084000    0.0005874500
   0.0000134700    0.0112948700   -0.0019806800
   0.0011675400    0.0004508000    0.0012532500
   0.0003920400    0.0012080600    0.0009591300
   0.0012060900    0.0007136900    0.0011701400
   0.0011521200    0.0003354300    0.0012701400
   0.0007978700    0.0005990300    0.0012437400
   0.0000680100    0.0001527800    0.0013055000
  -0.0000134700    0.0112948700   -0.0019806800
  -0.0013966300    0.0008084000    0.0005874500
  -0.0011675400    0.0004508000    0.0012532500
  -0.0003920400    0.0012080600    0.0009591300
  -0.0011521200    0.0003354300    0.0012701400
  -0.0012060900    0.0007136900    0.0011701400
  -0.0007978700    0.0005990300    0.0012437400
  -0.0000000000   -0.1830793000    0.1230484800
  -0.0001670400   -0.0019621600   -0.0008563600
   0.0001670400   -0.0019621600   -0.0008563600
  -0.0000000000   -0.0023795200   -0.0009817300
  -0.0000000000   -0.0020540500   -0.0009030400
  -0.0001453400   -0.0015987800   -0.0015993600
   0.0001453400   -0.0015987800   -0.0015993600
  -0.0000000000   -0.0019732600   -0.0010055100
  -0.0000000000   -0.0009440700    0.0003275000
  -0.0001158800   -0.0009072500    0.0004831400
   0.0001158800   -0.0009072500    0.0004831400
  -0.0000000000    0.0069386400   -0.0326078000
  -0.0000000000   -0.0007067300    0.0000840200
   0.0002466800   -0.0004079800    0.0006015600
  -0.0002466800   -0.0004079800    0.0006015600
  -0.0000000000    0.0003212500    0.0013063100
  -0.0000000000   -0.0071397700    0.0020587700
  -0.0003822500   -0.0013492500   -0.0054017400
   0.0003822500   -0.0013492500   -0.0054017400
  -0.0000000000   -0.0000894000   -0.0063556100
  -0.0000000000    0.0002902800   -0.0072615000
   0.0012470600    0.0016985900   -0.0069629500
  -0.0012470600    0.0016985900   -0.0069629500
  -0.0000000000    0.0012991000   -0.0069679900
  -0.0000000000   -0.0033364800   -0.0045592600
  -0.0001899700   -0.0004446100    0.0023017200
   0.0001899700   -0.0004446100    0.0023017200
  -0.0000000000   -0.0000258300    0.0023197100
  -0.0000000000    0.0104834300   -0.0006463900
  -0.0000663200    0.0001092100    0.0018448500
   0.0000663200    0.0001092100    0.0018448500
  -0.0000000000    0.0001415600    0.0020747100
  -0.0000000000    0.0000507400    0.0013545100
  -0.0005270300   -0.0028984300    0.0018741900
   0.0005270300   -0.0028984300    0.0018741900
  -0.0000000000   -0.0000182000    0.0001909700
  -0.0000000000   -0.0008379800    0.0010094900
  -0.0000263800   -0.0010919000    0.0006901000
   0.0000263800   -0.0010919000    0.0006901000
  -0.0000000000    0.0000281000   -0.0039780900
  -0.0055317400    0.0115069800    0.0007722600
  -0.0014854700    0.0007901200   -0.0008805900
  -0.0021971000    0.0008820300   -0.0009840200
  -0.0017526300    0.0012089900   -0.0009848500
  -0.0016925600    0.0014267800   -0.0008490000
  -0.0018978100    0.0008821800   -0.0009546600
  -0.0054952700    0.0053002100    0.0044047600
  -0.0019976000    0.0011361300   -0.0012067800
   0.0055317400    0.0115069800    0.0007722600
   0.0021971000    0.0008820300   -0.0009840200
   0.0014854700    0.0007901200   -0.0008805900
   0.0017526300    0.0012089900   -0.0009848500
   0.0016925600    0.0014267800   -0.0008490000
   0.0054952700    0.0053002100    0.0044047600
   0.0018978100    0.0008821800   -0.0009546600
   0.0019976000    0.0011361300   -0.0012067800
   0.0003158800   -0.0001650600    0.0019881400
  -0.0000352300   -0.0000832600    0.0016878800
   0.0002444800    0.0000298900    0.0022890800
  -0.0000169900   -0.0002940300    0.0019282500
   0.0232604200    0.0311893800   -0.0278596200
   0.0001147400    0.0003104900    0.0024243600
  -0.0009126800   -0.0005082100    0.0019008300
   0.0000092000   -0.0000388800    0.0021297100
  -0.0003158800   -0.0001650600    0.0019881400
  -0.0002444800    0.0000298900    0.0022890800
   0.0000352300   -0.0000832600    0.0016878800
   0.0000169900   -0.0002940300    0.0019282500
  -0.0232604200    0.0311893800   -0.0278596200
   0.0009126800   -0.0005082100    0.0019008300
  -0.0001147400    0.0003104900    0.0024243600
  -0.0000092000   -0.0000388800    0.0021297100
  -0.0000000000    0.0557741900   -0.0156632600
  -0.0000992800    0.0002212600   -0.0004301500
   0.0000992800    0.0002212600   -0.0004301500
  -0.0000000000    0.0001304700    0.0000059900
  -0.0000000000   -0.0001060900    0.0002626500
  -0.0010809200   -0.0003690800   -0.0014928500
   0.0010809200   -0.0003690800   -0.0014928500
  -0.0000000000   -0.0003534900    0.0000883400
  -0.0000000000    0.0023499900   -0.0042298900
  -0.0042253300    0.0009272300   -0.0050949400
   0.0042253300    0.0009272300   -0.0050949400
  -0.0000000000    0.0001070600   -0.0008644900
  -0.0000000000   -0.0005587400   -0.0005905300
  -0.0001461900   -0.0002944500   -0.0008039500
   0.0001461900   -0.0002944500   -0.0008039500
  -0.0000000000   -0.0002266500   -0.0011385100

49   
  0.0053557968871817   0.0030921707745393   0.0078583662172451
   0.0005793100    0.0003344700    0.0006401000
   0.0008881000    0.0005127500    0.0013022200
  -0.0015984700   -0.0019995800   -0.0021223200
   0.0004121800    0.0003927300   -0.0000349000
  -0.0025309200   -0.0003845300   -0.0021223200
   0.0005462000    0.0001605900   -0.0000349000
   0.0020480000    0.0011824200    0.0013746900
   0.0006852200    0.0003956100    0.0001583100
  -0.0010267900    0.0006421800    0.0005590800
   0.0004581900   -0.0001002300   -0.0014589500
  -0.0014668700    0.0004987900   -0.0001655700
  -0.0000774600   -0.0001115100   -0.0000415900
   0.0001902600   -0.0008926100   -0.0008424000
  -0.0006073400    0.0007630900    0.0027851700
  -0.0008405200   -0.0001565900    0.0005771300
  -0.0005173300    0.0002413700   -0.0002036400
  -0.0187643000   -0.0108335800   -0.0007286200
   0.0021008000    0.0012129000    0.0008503300
  -0.0012977300   -0.0012535200    0.0007858100
   0.0020517200    0.0013098100    0.0019242800
  -0.0017344400   -0.0004971000    0.0007858100
   0.0021601900    0.0011219300    0.0019242800
   0.0000558400    0.0000322400    0.0012312800
   0.0018921800    0.0010924500    0.0011648800
   0.0209658900   -0.0122674700    0.0121423800
   0.0007250300   -0.0003778500    0.0018064300
  -0.0017788200    0.0009419600    0.0007864900
   0.0002001800   -0.0002103300    0.0005611800
   0.0004310500    0.0001441300    0.0011739800
  -0.0004626100    0.0002859800    0.0011288200
  -0.0009382600    0.0008386400    0.0016726600
  -0.0012431000    0.0007940900    0.0004795200
   0.0009983100    0.0150251800    0.0066335700
   0.0002063900   -0.0003699300   -0.0001890600
   0.0007322000   -0.0010316900   -0.0012448600
  -0.0000283900   -0.0015314600   -0.0009048000
  -0.0000019000   -0.0028034000   -0.0011515400
   0.0000262900   -0.0008042600   -0.0012940800
   0.0002064500   -0.0022179600   -0.0006869700
  -0.0000019200   -0.0024209500   -0.0015341700
   0.0000427500   -0.0012103100    0.0005590800
   0.0001422900    0.0004469200   -0.0014589500
  -0.0006778900    0.0006110700   -0.0008424000
   0.0003571900   -0.0009075200    0.0027851700
  -0.0003014700   -0.0015197400   -0.0001655700
  -0.0001353000   -0.0000113300   -0.0000415900
  -0.0005558800   -0.0006496200    0.0005771300
  -0.0000496400   -0.0005687100   -0.0002036400
  -0.0207252200   -0.0119657100   -0.5376060300
   0.0013355400    0.0007710700   -0.0031964200
  -0.0014610000   -0.0002764900   -0.0046947200
   0.0018761700    0.0009370800   -0.0081816800
  -0.0009699500   -0.0011270200   -0.0046947200
   0.0017496100    0.0011562700   -0.0081816800
  -0.0013535000   -0.0007814400   -0.0095369400
   0.0014552300    0.0008401800   -0.0037513000
   0.0000391700   -0.0004606600    0.0023237700
   0.0008530400    0.0014840300   -0.0003205400
   0.0005934600    0.0000237700    0.0014618400
   0.0003921500   -0.0005543500    0.0041524900
  -0.0002372400   -0.0002837100    0.0017035800
  -0.0001983700    0.0003284400    0.0017330100
  -0.0006888400   -0.0001744500    0.0024391600
  -0.0000134300    0.0001494700    0.0014770100
  -0.0001409900    0.0242907300    0.0121423800
   0.0000352800    0.0008168200    0.0018064300
   0.0003403500    0.0003012300    0.0011739800
   0.0000163600   -0.0005436200    0.0011288200
  -0.0000736500   -0.0020114800    0.0007864900
  -0.0000820600    0.0002785300    0.0005611800
   0.0002571500   -0.0012318700    0.0016726600
   0.0000661600   -0.0014736000    0.0004795200
   0.0135113400   -0.0066480300    0.0066335700
  -0.0002171700    0.0003637000   -0.0001890600
  -0.0024287600    0.0014000600   -0.0011515400
  -0.0006833700    0.0004248900   -0.0012940800
  -0.0005273600    0.0011499500   -0.0012448600
  -0.0013404800    0.0007411400   -0.0009048000
  -0.0018175800    0.0012877800   -0.0006869700
  -0.0020975600    0.0012088100   -0.0015341700
  -0.0090339700   -0.0052157600   -0.0051958600
   0.0027865100    0.0016087900   -0.0011336300
  -0.0004133300   -0.0003028500   -0.0013242900
   0.0027528200    0.0016584800   -0.0002959600
  -0.0004689500   -0.0002065300   -0.0013242900
   0.0028126900    0.0015547700   -0.0002959600
   0.0011437700    0.0006603600   -0.0008460300
   0.0028060100    0.0016200500   -0.0006619100
  -0.0003793600    0.0002642500    0.0023237700
   0.0017117200   -0.0000032600   -0.0003205400
  -0.0003643200   -0.0000636000    0.0017035800
   0.0001852500   -0.0003360100    0.0017330100
   0.0003173100    0.0005020700    0.0014618400
  -0.0002840100    0.0006167900    0.0041524900
  -0.0004955000   -0.0005093300    0.0024391600
   0.0001227200   -0.0000863700    0.0014770100
   0.0000962900    0.0000555900    0.0023114800
   0.0001999300    0.0001154300    0.0029646900
  -0.0011499500   -0.0020502600   -0.0001060500
   0.0001552700    0.0001134500    0.0018389700
  -0.0023505600    0.0000292400   -0.0001060500
   0.0001758800    0.0000777400    0.0018389700
   0.0021392800    0.0012351100    0.0025049700
   0.0000769500    0.0000444300    0.0021024400
   0.0020575000    0.0011879000    0.2568769800
  -0.0011941300   -0.0006894300   -0.0011670400
   0.0011483900    0.0004036400   -0.0003375200
  -0.0011947500   -0.0003834500    0.0003719900
   0.0009237600    0.0007927200   -0.0003375200
  -0.0009294500   -0.0008429600    0.0003719900
   0.0006434400    0.0003714900    0.0005471200
  -0.0013394900   -0.0007733500   -0.0006634300
   0.0092161500    0.0053209500    0.2525913200
  -0.0011857700   -0.0006846100   -0.0022116800
   0.0012585400    0.0002078800   -0.0015773100
  -0.0014315000   -0.0003591700   -0.0006345700
   0.0008093000    0.0009859900   -0.0015773100
  -0.0010268000   -0.0010601300   -0.0006345700
   0.0006893600    0.0003980000   -0.0005675200
  -0.0009163500   -0.0005290500   -0.0016960800

49   
 -0.0053557968871817  -0.0030921707745393  -0.0078583662172451
   0.0005740500    0.0003314300   -0.0001064000
   0.0002766200    0.0001597100   -0.0007716900
   0.0027584400    0.0027165500    0.0026607900
   0.0007459400    0.0002632900    0.0005496600
   0.0037318200    0.0010306000    0.0026607900
   0.0006009900    0.0005143600    0.0005496600
  -0.0009630200   -0.0005560000   -0.0008878900
   0.0004676600    0.0002700000    0.0003751900
  -0.0001238200    0.0000214900   -0.0000332900
  -0.0015936700    0.0006990600    0.0019702700
   0.0003279500    0.0001746700    0.0006960600
  -0.0010765600    0.0007804400    0.0005707900
  -0.0013450500    0.0016106000    0.0013892200
  -0.0005621300   -0.0000755300   -0.0022424200
  -0.0003185900    0.0008058200   -0.0000187200
  -0.0006341200    0.0004239000    0.0007311100
   0.0206820900    0.0119408100    0.0027412000
  -0.0001539500   -0.0000888800    0.0013390600
   0.0032084500    0.0023780600    0.0013964100
  -0.0001172200   -0.0001986800    0.0002530900
   0.0036636900    0.0015895700    0.0013964100
  -0.0002306700   -0.0000021800    0.0002530900
   0.0018907800    0.0010916500    0.0009579300
   0.0000536300    0.0000309700    0.0010423600
  -0.0230298700    0.0134784700   -0.0098270400
  -0.0026600300    0.0015286500    0.0003942600
  -0.0001600200    0.0001796800    0.0014046500
  -0.0021438000    0.0013285400    0.0016430100
  -0.0023907200    0.0010286300    0.0010379300
  -0.0014795600    0.0008362600    0.0010606300
  -0.0010103900    0.0002852300    0.0005201100
  -0.0006982500    0.0003338700    0.0017073400
  -0.0009967900   -0.0193306400   -0.0086192800
  -0.0002303800   -0.0038898900   -0.0016215700
  -0.0007762900   -0.0032125100   -0.0005574500
   0.0000268200   -0.0027317600   -0.0008833900
  -0.0000000200   -0.0014575300   -0.0006367700
  -0.0000150400   -0.0034492600   -0.0005018900
  -0.0002119300   -0.0020369100   -0.0010940100
  -0.0000048100   -0.0018374000   -0.0002552000
  -0.0000433000   -0.0001179800   -0.0000332900
  -0.0001914400   -0.0017296900    0.0019702700
   0.0007222900   -0.0019701500    0.0013892200
  -0.0003464800   -0.0004490500   -0.0022424200
   0.0003152400    0.0001966700    0.0006960600
   0.0001376000   -0.0013225500    0.0005707900
   0.0005385600   -0.0006788200   -0.0000187200
   0.0000500500   -0.0007611100    0.0007311100
   0.0207446000    0.0119769000    0.5245005300
  -0.0013341900   -0.0007703000   -0.0105482400
   0.0014620300    0.0002702300   -0.0090565400
  -0.0018741600   -0.0009379700   -0.0055602900
   0.0009650400    0.0011310400   -0.0090565400
  -0.0017493900   -0.0011540800   -0.0055602900
   0.0013530600    0.0007811900   -0.0042104800
  -0.0014426200   -0.0008329000   -0.0099955100
  -0.0000386300    0.0006166100    0.0018570300
  -0.0007918900   -0.0013539600    0.0045175000
  -0.0006346100    0.0001543800    0.0027052500
  -0.0004125500    0.0007447600    0.0000084500
   0.0002320400    0.0004334700    0.0024634800
   0.0001892800   -0.0001680300    0.0024427100
   0.0006993300    0.0003266500    0.0017190300
   0.0000116700    0.0000090700    0.0027050800
   0.0001577600   -0.0266836800   -0.0098270400
  -0.0000061600   -0.0030679800    0.0003942600
  -0.0003045400   -0.0025847400    0.0010379300
  -0.0000155600   -0.0016994700    0.0010606300
   0.0000755900   -0.0002284200    0.0014046500
   0.0000786500   -0.0025208600    0.0016430100
  -0.0002581800   -0.0010176400    0.0005201100
  -0.0000599800   -0.0007716400    0.0017073400
  -0.0172392200    0.0088020800   -0.0086192800
  -0.0034839300    0.0017454300   -0.0016215700
  -0.0012622600    0.0007287500   -0.0006367700
  -0.0029946600    0.0017116100   -0.0005018900
  -0.0031702600    0.0009339700   -0.0005574500
  -0.0023523600    0.0013891000   -0.0008833900
  -0.0018699800    0.0008349200   -0.0010940100
  -0.0015936400    0.0009145400   -0.0002552000
   0.0129064400    0.0074515400    0.0037090200
   0.0009008100    0.0005200800   -0.0006544500
   0.0041401500    0.0024338700   -0.0004440600
   0.0009566100    0.0004826200   -0.0014781900
   0.0041778700    0.0023685400   -0.0004440600
   0.0008962600    0.0005871400   -0.0014781900
   0.0025439400    0.0014687500   -0.0009420400
   0.0008783200    0.0005071000   -0.0011326200
   0.0005146800   -0.0003417600    0.0018570300
  -0.0015685100   -0.0000088200    0.0045175000
   0.0004914200   -0.0000157800    0.0024634800
  -0.0000508800    0.0002479400    0.0024427100
  -0.0001836100   -0.0006267700    0.0027052500
   0.0004387100   -0.0007296600    0.0000084500
   0.0006325500    0.0004423100    0.0017190300
   0.0000136800    0.0000055700    0.0027050800
  -0.0002364600   -0.0001365200    0.0018576000
  -0.0003391600   -0.0001958100    0.0012156700
   0.0009766700    0.0019402100    0.0042645300
  -0.0002977000   -0.0001906300    0.0023513600
   0.0021686000   -0.0001242900    0.0042645300
  -0.0003139500   -0.0001625000    0.0023513600
  -0.0022355200   -0.0012906800    0.0016998900
  -0.0002133000   -0.0001231500    0.0020710500
  -0.0044560100   -0.0025726800   -0.2450105600
   0.0012003300    0.0006930100    0.0014428600
  -0.0011536300   -0.0004120100    0.0005994700
   0.0011818900    0.0003852700   -0.0001109800
  -0.0009336300   -0.0007930600    0.0005994700
   0.0009246000    0.0008309100   -0.0001109800
  -0.0006422000   -0.0003707700   -0.0002853700
   0.0013533200    0.0007813400    0.0009353800
  -0.0068225300   -0.0039389900   -0.2666538100
   0.0011817800    0.0006823000    0.0003597500
  -0.0012536400   -0.0001906600   -0.0002672500
   0.0014386200    0.0003583200   -0.0012127100
  -0.0007919300   -0.0009903500   -0.0002672500
   0.0010296300    0.0010667200   -0.0012127100
  -0.0006922500   -0.0003996700   -0.0012816400
   0.0008930200    0.0005155800   -0.0001630900

57   
  0.0053557968871817   0.0030921707745393   0.0078583662172451
   0.0005731500    0.0002878600    0.0002607600
   0.0006200200    0.0003164000    0.0003373400
   0.0005245800    0.0000225900    0.0005045300
  -0.0005715200    0.0025142700   -0.0044137400
   0.0005295000    0.0003010600    0.0003584500
   0.0008176800    0.0002231300    0.0003448200
   0.0033359800    0.0063404500   -0.0013009600
   0.0020823800   -0.0030215600    0.0086279700
  -0.0005281500    0.0002954800    0.0002159400
  -0.0007802800    0.0001653400    0.0002687000
  -0.0006170400    0.0003270400    0.0003361100
   0.0005703600    0.0008529100   -0.0003311600
  -0.0004357700    0.0002680600    0.0002184400
  -0.0008417600    0.0037106500   -0.0006968700
  -0.0008787600    0.0006014500    0.0003301400
  -0.0045773100   -0.0035486100    0.0031236700
   0.0009903100    0.0005494000    0.0009760600
   0.0008690100    0.0004629000    0.0011285600
   0.0004706400   -0.0034455700    0.0069344200
   0.0012171700    0.0005365400    0.0009535200
   0.0005285100    0.0007292600    0.0010537200
   0.0008093400    0.0004440100    0.0009833700
   0.0031247300   -0.0007924500   -0.0010086200
   0.0009797400    0.0007588900    0.0013851500
  -0.0007887900    0.0004960700    0.0011351200
  -0.0019080100    0.0021289200    0.0015025800
  -0.0009039600    0.0004051100    0.0010881000
  -0.0011251500    0.0005477100    0.0007169700
  -0.0007096800    0.0004776400    0.0007783300
  -0.0003705800   -0.0074556000    0.0028423300
  -0.0008964000    0.0004738400    0.0011795100
  -0.0008135400    0.0008597000    0.0013859700
   0.0005270300   -0.0059699200    0.0040964400
  -0.0001022500   -0.0022466800   -0.0008585200
   0.0000306000   -0.0018152800   -0.0007824700
   0.0000079900   -0.0019916700   -0.0009715400
  -0.0033320800    0.0000377400   -0.0005651000
   0.0003261400   -0.0022259000   -0.0006936500
   0.0000812500   -0.0021859800   -0.0007502600
   0.0000235900   -0.0021715500   -0.0009375100
   0.0000291500   -0.0006548500    0.0002426800
   0.0000505300   -0.0006523600    0.0003394500
   0.0000777100   -0.0006608300    0.0003917900
   0.0160973000   -0.0153499100    0.0487821300
  -0.0000402500   -0.0005695100    0.0002833700
  -0.0000807700   -0.0003966600    0.0009879500
   0.0006859800   -0.0004509200    0.0013904100
   0.0025906700    0.0022948000    0.0030687500
   0.0000388400   -0.0001114600   -0.0068144500
  -0.0001860900    0.0008969300   -0.0084132400
   0.0016140700   -0.0006006600   -0.0079535100
   0.0004030800    0.0020273900   -0.0058883500
  -0.0002347900   -0.0010790900   -0.0069726900
  -0.0008257400    0.0004459600   -0.0068797900
  -0.0000635300    0.0001774200   -0.0071126500
  -0.0000126700   -0.0004514600   -0.0072786200
  -0.1033863600   -0.0220217400   -0.1843566900
   0.0001031400    0.0001756800    0.0021812600
  -0.0002785000   -0.0000238700    0.0019993100
  -0.0000231700    0.0001679300    0.0019352600
   0.0004874100    0.0003532500    0.0026507400
  -0.0000119100   -0.0000672400    0.0022556200
  -0.0000432700   -0.0000776700    0.0022381100
  -0.0000018700    0.0000715800    0.0020909000
   0.0002748500   -0.0010140000    0.0012759300
  -0.0001119500   -0.0009131700    0.0011726600
  -0.0001531300   -0.0010110900    0.0009361300
   0.0035602700    0.0166603600    0.0487323800
  -0.0000025300   -0.0013058300    0.0010855200
  -0.0001871900   -0.0008544600    0.0009413000
   0.0000463700   -0.0009078300    0.0010702100
   0.0009737300   -0.0004989700    0.0000550900
  -0.0020433800    0.0011757600   -0.0010957400
  -0.0015850400    0.0016957200   -0.0004880400
   0.0045718100   -0.0021747800    0.0065498000
  -0.0016620700    0.0008867900   -0.0012015500
  -0.0016498300    0.0008818500   -0.0010393800
  -0.0021394500    0.0012575700   -0.0008537900
  -0.0011840000    0.0019998300    0.0002234000
  -0.0019214400    0.0010405300   -0.0009389100
   0.0019322500    0.0011305400   -0.0009817800
   0.0404773400   -0.0033941800    0.0290478000
   0.0024720300    0.0002578700   -0.0006370700
   0.0017425200    0.0007722200   -0.0007669500
   0.0016663500    0.0012706300   -0.0009986700
   0.0014837500    0.0021990600   -0.0012717500
   0.0018310600    0.0010705800   -0.0009269800
   0.0018053100    0.0010735800   -0.0009116900
   0.0016568200    0.0017039000    0.0144036800
  -0.0001312400    0.0000943800    0.0019433300
   0.0012276200    0.0001805700    0.0028860500
   0.0000624100   -0.0000046300    0.0019356700
   0.0010249800    0.0004344200    0.0029219600
   0.0000218700   -0.0001324400    0.0020118700
   0.0003471900    0.0000333900    0.0019933200
   0.0000582100   -0.0000292400    0.0021149800
   0.0195756500    0.0223567300    0.0177755600
  -0.0004777700   -0.0010829300    0.0026883400
   0.0000785800    0.0002357800    0.0018289000
  -0.0000098800   -0.0000032300    0.0021124100
   0.0002578600   -0.0005114300    0.0031192500
  -0.0004911800   -0.0003316000    0.0017611000
   0.0000589800   -0.0001149400    0.0020234000
  -0.0000729300   -0.0000129100    0.0020930900
   0.0001708200   -0.0006000800   -0.0006131200
   0.0047108400   -0.0009414700    0.0024135600
   0.0049288400    0.0018514600   -0.0018373800
  -0.0000679300   -0.0002343000   -0.0001013800
   0.0014079700    0.0006735600   -0.0007503400
   0.0006426600    0.0003929900    0.0000105600
  -0.0000780400   -0.0000113400    0.0001765800
   0.0000469900    0.0000712300    0.0002032700
  -0.0000771800    0.0000056500   -0.0010272700
   0.0005370500    0.0000791500   -0.0005665400
  -0.0014658700   -0.0000323700   -0.0013176100
  -0.0002177100    0.0015653600    0.0038185000
   0.0000313600    0.0002064400   -0.0008777300
   0.0011266500    0.0001853000    0.0005906400
  -0.0007493700    0.0001820700   -0.0004655100
  -0.0001795300    0.0007855700   -0.0011714300

57   
 -0.0053557968871817  -0.0030921707745393  -0.0078583662172451
   0.0005781900    0.0003779500    0.0002699200
   0.0005300900    0.0003488300    0.0001923200
   0.0006262800    0.0006414300    0.0000239700
   0.0017368500   -0.0018585900    0.0049764900
   0.0006218900    0.0003635800    0.0001715500
   0.0003345700    0.0004420600    0.0001838300
  -0.0022369400   -0.0057439300    0.0018007200
  -0.0008603000    0.0036130400   -0.0078739900
  -0.0006226300    0.0003699800    0.0003145600
  -0.0003706700    0.0004996300    0.0002600600
  -0.0005330100    0.0003382900    0.0001940800
  -0.0017318100   -0.0001925300    0.0008594200
  -0.0007160900    0.0003964800    0.0003095700
  -0.0003113600   -0.0030239000    0.0012251500
  -0.0002702000    0.0000668400    0.0002019700
   0.0034269800    0.0042055100   -0.0025294700
   0.0009530400    0.0005735400    0.0012138000
   0.0010770800    0.0006615000    0.0010616600
   0.0014446600    0.0046143600   -0.0047872400
   0.0007046000    0.0005713500    0.0012371200
   0.0014124700    0.0003936900    0.0011363500
   0.0011332500    0.0006774200    0.0012061900
  -0.0012083200    0.0019683900    0.0031431900
   0.0009685900    0.0003638800    0.0008041400
  -0.0011547500    0.0006251700    0.0010561200
  -0.0000342000   -0.0010193900    0.0006878900
  -0.0010418300    0.0007179600    0.0011013400
  -0.0007962600    0.0005577500    0.0014703700
  -0.0012276400    0.0006431800    0.0014151000
  -0.0015417900    0.0085845700   -0.0006263900
  -0.0010476400    0.0006487300    0.0010106000
  -0.0011328200    0.0002646700    0.0008044000
  -0.0005109000    0.0017204900   -0.0059267200
   0.0001010900   -0.0020195500   -0.0009298500
  -0.0000305300   -0.0024465800   -0.0010043600
  -0.0000082300   -0.0022746600   -0.0008162100
   0.0033464200   -0.0042736400   -0.0012768600
  -0.0003264000   -0.0020318400   -0.0010917500
  -0.0000830000   -0.0020731300   -0.0010362500
  -0.0000236100   -0.0020868800   -0.0008508600
  -0.0000283500   -0.0006740300    0.0002864600
  -0.0000507900   -0.0006749000    0.0001890100
  -0.0000754200   -0.0006652100    0.0001366900
  -0.0158924100    0.0146261700   -0.0484791400
   0.0000398600   -0.0007603000    0.0002466100
   0.0000792800   -0.0009337600   -0.0004539300
  -0.0006898600   -0.0008900800   -0.0008584500
  -0.0025917100   -0.0036098600   -0.0025440300
  -0.0000389400    0.0001087200   -0.0069437200
   0.0001570900   -0.0009035500   -0.0053376400
  -0.0016026800    0.0006016200   -0.0057761100
  -0.0004013000   -0.0020526400   -0.0079158700
   0.0002345600    0.0010780400   -0.0067791400
   0.0008232300   -0.0004407700   -0.0068759900
   0.0000634400   -0.0001741000   -0.0066374500
   0.0000123700    0.0004570300   -0.0064627300
   0.1011963100    0.0215884700    0.1839066900
  -0.0001044200   -0.0000196300    0.0019978400
   0.0002783400    0.0001818400    0.0021790200
   0.0000239400   -0.0000105900    0.0022427700
  -0.0004962600   -0.0002067600    0.0015215600
   0.0000127700    0.0002256000    0.0019240700
   0.0000419300    0.0002354500    0.0019398400
   0.0000019700    0.0000865700    0.0020877600
  -0.0002726600   -0.0012316800    0.0009148500
   0.0001142800   -0.0013335500    0.0010158000
   0.0001455300   -0.0012321900    0.0012468600
  -0.0036956300   -0.0180885400   -0.0437683300
   0.0000022300   -0.0009389400    0.0011048700
   0.0001880700   -0.0013875800    0.0012489400
  -0.0000460100   -0.0013341500    0.0011200300
  -0.0009781400   -0.0017452200    0.0021345100
  -0.0016361300    0.0009482200   -0.0006986700
  -0.0020919500    0.0004355300   -0.0012984700
  -0.0078429100    0.0044164900   -0.0084531500
  -0.0020291500    0.0012420200   -0.0005864700
  -0.0020348200    0.0012484600   -0.0007502000
  -0.0015476900    0.0008706600   -0.0009344500
  -0.0025107300    0.0001335300   -0.0020195600
  -0.0017657300    0.0010883300   -0.0008498500
   0.0017496800    0.0009943200   -0.0008184000
  -0.0345989900    0.0050274000   -0.0291227500
   0.0012189500    0.0018668000   -0.0011493400
   0.0019505400    0.0013586500   -0.0010215000
   0.0020201600    0.0008615200   -0.0007910700
   0.0022052000   -0.0000690700   -0.0005189000
   0.0018571500    0.0010584600   -0.0008608100
   0.0018823500    0.0010543100   -0.0008761900
  -0.0016345100   -0.0014037000   -0.0101478000
   0.0002675100   -0.0001727300    0.0022364400
  -0.0010889400   -0.0002602500    0.0012917400
   0.0000728000   -0.0000740600    0.0022452200
  -0.0008824700   -0.0005132200    0.0012483800
   0.0001148100    0.0000535500    0.0021645900
  -0.0002151600   -0.0001146500    0.0021875400
   0.0000783200   -0.0000498000    0.0020639200
  -0.0201762800   -0.0233569100   -0.0134320000
   0.0003396500    0.0009910300    0.0015017300
  -0.0002150900   -0.0003137600    0.0023483100
  -0.0001272300   -0.0000753800    0.0020671600
  -0.0004010500    0.0004395000    0.0010486000
   0.0003593300    0.0002593600    0.0024189200
  -0.0001961200    0.0000364800    0.0021541200
  -0.0000638000   -0.0000661300    0.0020853700
  -0.0001734000    0.0006016900    0.0008757600
  -0.0046154700    0.0009348200   -0.0021002000
  -0.0049329700   -0.0018146200    0.0021174300
   0.0000684800    0.0002346000    0.0003811200
  -0.0014017300   -0.0006650500    0.0010075900
  -0.0006441200   -0.0003972400    0.0002621200
   0.0000793100    0.0000103200    0.0000899500
  -0.0000464700   -0.0000712500    0.0000573100
   0.0000770800   -0.0000058100   -0.0008138500
  -0.0005427500   -0.0000816000   -0.0012772800
   0.0014725400    0.0000337000   -0.0005435300
   0.0002039300   -0.0014104600   -0.0055359300
  -0.0000319900   -0.0002079500   -0.0009664100
  -0.0011208500   -0.0001905300   -0.0024292300
   0.0007461700   -0.0001795500   -0.0013808300
   0.0001787700   -0.0007931700   -0.0006700400

57   
  0.0000000000000000  -0.0061843415490787   0.0078583662172451
   0.0005861200    0.0002861300    0.0002110900
   0.0007291200    0.0002293300    0.0002405100
   0.0006469100    0.0004272400    0.0003612200
  -0.0003998400   -0.0017584900    0.0012237300
   0.0004735000    0.0003034600    0.0003794700
   0.0006428200    0.0005859300    0.0005966500
   0.0011467000    0.0035095400   -0.0018020100
   0.0024635800   -0.0014483000    0.0069030100
  -0.0005861200    0.0002861300    0.0002110900
  -0.0006469100    0.0004272400    0.0003612200
  -0.0007291200    0.0002293300    0.0002405100
   0.0003998400   -0.0017584900    0.0012237300
  -0.0004735000    0.0003034600    0.0003794700
  -0.0011467000    0.0035095400   -0.0018020100
  -0.0006428200    0.0005859300    0.0005966500
  -0.0024635800   -0.0014483000    0.0069030100
   0.0008939100    0.0005004700    0.0009958200
   0.0007091500    0.0002160700    0.0010639900
   0.0032151400   -0.0008203300    0.0039363500
   0.0018054900    0.0012491300    0.0007894300
   0.0005875500    0.0004479800    0.0011988200
   0.0006403700    0.0003392500    0.0011016200
  -0.0014478700   -0.0055708600    0.0080790600
   0.0009735100    0.0006568700    0.0012282800
  -0.0008939100    0.0005004700    0.0009958200
  -0.0032151400   -0.0008203300    0.0039363500
  -0.0007091500    0.0002160700    0.0010639900
  -0.0018054900    0.0012491300    0.0007894300
  -0.0005875500    0.0004479800    0.0011988200
   0.0014478700   -0.0055708600    0.0080790600
  -0.0006403700    0.0003392500    0.0011016200
  -0.0009735100    0.0006568700    0.0012282800
   0.0000000000   -0.0022288100    0.0030502500
  -0.0004550200   -0.0014959700   -0.0010176000
   0.0004550200   -0.0014959700   -0.0010176000
   0.0000000000   -0.0016884700   -0.0008547000
   0.0000000000   -0.0094390900    0.0042377500
   0.0002223500   -0.0022148800   -0.0006953800
  -0.0002223500   -0.0022148800   -0.0006953800
   0.0000000000   -0.0022047700   -0.0008906200
   0.0000000000   -0.0006230900    0.0001957600
  -0.0000016800   -0.0007994700    0.0004675800
   0.0000016800   -0.0007994700    0.0004675800
   0.0000000000   -0.0722932500    0.0868796700
   0.0000000000   -0.0006101400    0.0002050300
  -0.0004144900   -0.0006581800    0.0009457400
   0.0004144900   -0.0006581800    0.0009457400
   0.0000000000   -0.0009995700    0.0008472500
   0.0000000000    0.0002303100   -0.0063161600
  -0.0022002000    0.0013747600   -0.0094613400
   0.0022002000    0.0013747600   -0.0094613400
   0.0000000000    0.0001491900   -0.0043623700
   0.0000000000   -0.0010295800   -0.0065635200
  -0.0008156100    0.0000431500   -0.0068997400
   0.0008156100    0.0000431500   -0.0068997400
   0.0000000000   -0.0006847600   -0.0072659700
   0.0000000000    0.1936151100   -0.2400031100
   0.0000166200    0.0000260800    0.0021122100
  -0.0000166200    0.0000260800    0.0021122100
   0.0000000000    0.0004237900    0.0017293500
   0.0000000000   -0.0001530900    0.0025245000
   0.0000065300    0.0000539500    0.0023757900
  -0.0000065300    0.0000539500    0.0023757900
   0.0000000000    0.0000369000    0.0021131300
   0.0000000000   -0.0005874400    0.0012830900
  -0.0000722300   -0.0004590700    0.0010934600
   0.0000722300   -0.0004590700    0.0010934600
   0.0000000000   -0.0055741800    0.0394052700
   0.0000000000   -0.0013091600    0.0010563200
  -0.0000281700   -0.0010625400    0.0011034700
   0.0000281700   -0.0010625400    0.0011034700
   0.0000000000   -0.0011979400    0.0007429800
  -0.0023111800    0.0014510600   -0.0010465000
  -0.0021539900    0.0002239100   -0.0004263700
  -0.0183078700   -0.0163430000    0.0277329700
  -0.0014886900    0.0009326600   -0.0010399400
  -0.0017897500    0.0010323700   -0.0009500500
  -0.0020618200    0.0011800200   -0.0008852400
  -0.0015690900    0.0010842600   -0.0010048000
  -0.0017830300    0.0010741200   -0.0009364700
   0.0023111800    0.0014510600   -0.0010465000
   0.0183078700   -0.0163430000    0.0277329700
   0.0021539900    0.0002239100   -0.0004263700
   0.0014886900    0.0009326600   -0.0010399400
   0.0017897500    0.0010323700   -0.0009500500
   0.0015690900    0.0010842600   -0.0010048000
   0.0020618200    0.0011800200   -0.0008852400
   0.0017830300    0.0010741200   -0.0009364700
   0.0098182900   -0.0282057600    0.0182277300
  -0.0001102600    0.0001429100    0.0021812800
   0.0004573400   -0.0008604900    0.0025216100
   0.0000254700   -0.0000764700    0.0020519500
   0.0002581900    0.0000130300    0.0020341100
  -0.0000160500   -0.0001735800    0.0020603300
   0.0003121300    0.0002216900    0.0015644900
   0.0000558200   -0.0000109800    0.0021227700
  -0.0098182900   -0.0282057600    0.0182277300
  -0.0004573400   -0.0008604900    0.0025216100
   0.0001102600    0.0001429100    0.0021812800
  -0.0000254700   -0.0000764700    0.0020519500
  -0.0002581900    0.0000130300    0.0020341100
  -0.0003121300    0.0002216900    0.0015644900
   0.0000160500   -0.0001735800    0.0020603300
  -0.0000558200   -0.0000109800    0.0021227700
   0.0000000000   -0.0010352500   -0.0006035700
  -0.0051246500   -0.0000095800   -0.0029489200
   0.0051246500   -0.0000095800   -0.0029489200
   0.0000000000    0.0000112600   -0.0004774100
   0.0000000000   -0.0001900800    0.0005712500
   0.0005483000    0.0004963700    0.0000792900
  -0.0005483000    0.0004963700    0.0000792900
   0.0000000000    0.0001804800    0.0001989800
   0.0000000000   -0.0000855700   -0.0011341200
   0.0020108300   -0.0001556300   -0.0010033100
  -0.0020108300   -0.0001556300   -0.0010033100
   0.0000000000   -0.0047609400   -0.0078837500
   0.0000000000    0.0001599100   -0.0009822800
   0.0006017600   -0.0004756200   -0.0003110700
  -0.0006017600   -0.0004756200   -0.0003110700
   0.0000000000    0.0008831700   -0.0008131800

57   
  0.0000000000000000   0.0061843415490787  -0.0078583662172451
   0.0005645800    0.0003787500    0.0003192400
   0.0004230000    0.0004347700    0.0002898400
   0.0005000000    0.0002318300    0.0001662500
   0.0015799600    0.0024560000   -0.0006948900
   0.0006774900    0.0003617500    0.0001488500
   0.0005057700    0.0000808800   -0.0000626100
   0.0000147000   -0.0028377400    0.0023328100
  -0.0012529400    0.0020994800   -0.0062208300
  -0.0005645800    0.0003787500    0.0003192400
  -0.0005000000    0.0002318300    0.0001662500
  -0.0004230000    0.0004347700    0.0002898400
  -0.0015799600    0.0024560000   -0.0006948900
  -0.0006774900    0.0003617500    0.0001488500
  -0.0000147000   -0.0028377400    0.0023328100
  -0.0005057700    0.0000808800   -0.0000626100
   0.0012529400    0.0020994800   -0.0062208300
   0.0010491600    0.0006208800    0.0011947200
   0.0012380700    0.0009104300    0.0011257900
  -0.0013094200    0.0019517900   -0.0017730000
   0.0001282000   -0.0001315800    0.0013994500
   0.0013537800    0.0006725600    0.0009959300
   0.0012945700    0.0007798400    0.0010886900
   0.0032903600    0.0066035300   -0.0058255200
   0.0009787000    0.0004666100    0.0009599700
  -0.0010491600    0.0006208800    0.0011947200
   0.0013094200    0.0019517900   -0.0017730000
  -0.0012380700    0.0009104300    0.0011257900
  -0.0001282000   -0.0001315800    0.0013994500
  -0.0013537800    0.0006725600    0.0009959300
  -0.0032903600    0.0066035300   -0.0058255200
  -0.0012945700    0.0007798400    0.0010886900
  -0.0009787000    0.0004666100    0.0009599700
   0.0000000000   -0.0020645600   -0.0048642800
   0.0004531900   -0.0027705400   -0.0007686300
  -0.0004531900   -0.0027705400   -0.0007686300
   0.0000000000   -0.0025761100   -0.0009325300
   0.0000000000    0.0050120700   -0.0059773800
  -0.0002231800   -0.0020416000   -0.0010907500
   0.0002231800   -0.0020416000   -0.0010907500
   0.0000000000   -0.0020517300   -0.0008982500
   0.0000000000   -0.0007070200    0.0003348200
   0.0000021600   -0.0005295700    0.0000612400
  -0.0000021600   -0.0005295700    0.0000612400
   0.0000000000    0.0752414300   -0.0912480400
   0.0000000000   -0.0007181100    0.0003248700
   0.0004149100   -0.0006735600   -0.0004171200
  -0.0004149100   -0.0006735600   -0.0004171200
   0.0000000000   -0.0002942700   -0.0003396300
   0.0000000000   -0.0002426600   -0.0074443400
   0.0021498300   -0.0014086800   -0.0042601700
  -0.0021498300   -0.0014086800   -0.0042601700
   0.0000000000   -0.0001776600   -0.0094002700
   0.0000000000    0.0010329800   -0.0071791500
   0.0008094100   -0.0000339500   -0.0068764800
  -0.0008094100   -0.0000339500   -0.0068764800
   0.0000000000    0.0006995100   -0.0064712900
   0.0000000000   -0.1965809300    0.2474745900
  -0.0000183100    0.0001295900    0.0020655700
   0.0000183100    0.0001295900    0.0020655700
   0.0000000000   -0.0002651500    0.0024484200
   0.0000000000    0.0003070600    0.0016550900
  -0.0000062400    0.0001050100    0.0018022900
   0.0000062400    0.0001050100    0.0018022900
   0.0000000000    0.0001220700    0.0020647500
   0.0000000000   -0.0016625900    0.0009085000
   0.0000728200   -0.0017900800    0.0010906400
  -0.0000728200   -0.0017900800    0.0010906400
   0.0000000000    0.0037444200   -0.0365393900
   0.0000000000   -0.0009327000    0.0011348000
   0.0000286300   -0.0011687900    0.0010901200
  -0.0000286300   -0.0011687900    0.0010901200
   0.0000000000   -0.0010299700    0.0014457300
  -0.0013688200    0.0006786600   -0.0007418500
  -0.0015343000    0.0019101900   -0.0013562200
   0.0139062800    0.0184845000   -0.0291248900
  -0.0022014200    0.0011981600   -0.0007500200
  -0.0019020900    0.0010997300   -0.0008407800
  -0.0016266000    0.0009486700   -0.0009028800
  -0.0021312200    0.0010574000   -0.0007881100
  -0.0019053600    0.0010551700   -0.0008510600
   0.0013688200    0.0006786600   -0.0007418500
  -0.0139062800    0.0184845000   -0.0291248900
   0.0015343000    0.0019101900   -0.0013562200
   0.0022014200    0.0011981600   -0.0007500200
   0.0019020900    0.0010997300   -0.0008407800
   0.0021312200    0.0010574000   -0.0007881100
   0.0016266000    0.0009486700   -0.0009028800
   0.0019053600    0.0010551700   -0.0008510600
  -0.0092513900    0.0275038400   -0.0142219300
   0.0002468300   -0.0002215500    0.0019975500
  -0.0003217100    0.0007745800    0.0016627100
   0.0001105700   -0.0000018000    0.0021271400
  -0.0001119400   -0.0000913300    0.0021386700
   0.0001516000    0.0000927800    0.0021163900
  -0.0001796600   -0.0002999000    0.0026241500
   0.0000804600   -0.0000679300    0.0020555700
   0.0092513900    0.0275038400   -0.0142219300
   0.0003217100    0.0007745800    0.0016627100
  -0.0002468300   -0.0002215500    0.0019975500
  -0.0001105700   -0.0000018000    0.0021271400
   0.0001119400   -0.0000913300    0.0021386700
   0.0001796600   -0.0002999000    0.0026241500
  -0.0001516000    0.0000927800    0.0021163900
  -0.0000804600   -0.0000679300    0.0020555700
   0.0000000000    0.0010526700    0.0008672700
   0.0051330600    0.0000198100    0.0032240600
  -0.0051330600    0.0000198100    0.0032240600
   0.0000000000   -0.0000077600    0.0007479100
   0.0000000000    0.0001724700   -0.0003021700
  -0.0005563200   -0.0005061900    0.0001997800
   0.0005563200   -0.0005061900    0.0001997800
   0.0000000000   -0.0001840200    0.0000606600
   0.0000000000    0.0000872200   -0.0007072300
  -0.0020304600    0.0001555400   -0.0008456300
   0.0020304600    0.0001555400   -0.0008456300
   0.0000000000    0.0048067000    0.0060194100
   0.0000000000   -0.0001620500   -0.0008641400
  -0.0005728500    0.0004510700   -0.0015086700
   0.0005728500    0.0004510700   -0.0015086700
   0.0000000000   -0.0008993100   -0.0010294500

105  
  0.0053557968871817   0.0030921707745393   0.0078583662172451
   0.0005946000    0.0003432900    0.0001801500
   0.0005227500    0.0003018100    0.0001880900
   0.0009082600    0.0002244500    0.0002939300
   0.0003128200    0.0013858600    0.0014006100
   0.0006485100    0.0006743500    0.0002939300
   0.0013566000   -0.0004220200    0.0014006100
  -0.0036487200   -0.0021065900    0.0015415900
   0.0007400300    0.0004272600   -0.0001515700
  -0.0004853600    0.0002239000    0.0001493600
  -0.0008605500    0.0005483100    0.0009367700
  -0.0004610600    0.0002127200    0.0005850400
   0.0004823600    0.0011419700    0.0018752300
  -0.0003923700   -0.0002158600   -0.0003560800
   0.0088410000   -0.0055741100    0.0012519400
  -0.0006179200   -0.0003740300    0.0006201400
  -0.0009435300    0.0003722700    0.0003775900
   0.0039718600    0.0022931600    0.0023469000
   0.0002252200    0.0001300300    0.0010389800
   0.0024300500    0.0021036500    0.0038871900
   0.0005267600    0.0004943800    0.0007291500
   0.0030368400    0.0010526600    0.0038871900
   0.0006915200    0.0002090000    0.0007291500
   0.0011682100    0.0006744700    0.0010101600
   0.0006136900    0.0003543100    0.0011611800
  -0.0042879000    0.0019911400    0.0009331000
  -0.0034761900    0.0087609500    0.0022583800
  -0.0008706300    0.0004235500    0.0011182400
  -0.0010923300    0.0006490100    0.0010309600
  -0.0005180600    0.0012272900    0.0016184300
  -0.0010253500    0.0005472900    0.0009385600
  -0.0007575100    0.0003234300    0.0009362900
  -0.0004785600    0.0008613300    0.0017801000
   0.0141904000    0.0531553600    0.0350483200
  -0.0000304600   -0.0026920400   -0.0008020500
  -0.0000648700   -0.0023837000   -0.0006927900
   0.0000341500   -0.0021740200   -0.0008561600
   0.0000333100   -0.0019898400   -0.0008726500
   0.0008276200   -0.0030214800    0.0009169600
  -0.0014825500   -0.0019756900    0.0002629400
   0.0000736300   -0.0020663600   -0.0006634100
  -0.0000487800   -0.0005322800    0.0001493600
   0.0000445800   -0.0010194100    0.0009367700
  -0.0003831300   -0.0002318700   -0.0003560800
  -0.0004068200    0.0104435800    0.0012519400
  -0.0000463100   -0.0005056500    0.0005850400
   0.0012301500   -0.0001532400    0.0018752300
  -0.0006328800   -0.0003481200    0.0006201400
  -0.0001493700   -0.0010032600    0.0003775900
   0.0041446200    0.0023929000    0.2388405700
  -0.0009461100   -0.0005462400   -0.0083784400
   0.0008987700    0.0005466900   -0.0072207400
  -0.0011820400   -0.0000233400   -0.0067774300
   0.0009228300    0.0005050100   -0.0072207400
  -0.0006112300   -0.0010120000   -0.0067774300
   0.0003270900    0.0001888400   -0.0061955600
  -0.0013435000   -0.0007756700   -0.0076608700
   0.0001741700    0.0002126700    0.0010606700
   0.0070445300    0.0058455700    0.0000371500
   0.0025101700    0.0000868100    0.0024824300
  -0.0000687000    0.0003072200    0.0016706100
   0.0014163800   -0.0007559100    0.0018103300
   0.0002731700   -0.0001172600    0.0024433000
   0.0002884900    0.0001003000    0.0018679600
   0.0000468300    0.0000455300    0.0022008500
  -0.0004195700   -0.0047090100    0.0009331000
   0.0058491100   -0.0073909400    0.0022583800
   0.0008038300   -0.0010623000    0.0016184300
  -0.0000387100   -0.0011616300    0.0009385600
  -0.0000685100   -0.0009657600    0.0011182400
   0.0000158900   -0.0012704900    0.0010309600
  -0.0000986600   -0.0008177400    0.0009362900
   0.0005066600   -0.0008451100    0.0017801000
   0.0531290900   -0.0142884400    0.0350483200
  -0.0023466000    0.0013196400   -0.0008020500
  -0.0017065900    0.0010237700   -0.0008726500
  -0.0022028700    0.0022274800    0.0009169600
  -0.0020967800    0.0011356800   -0.0006927900
  -0.0018656800    0.0011165800   -0.0008561600
  -0.0024522700   -0.0002960800    0.0002629400
  -0.0017527000    0.0010969400   -0.0006634100
   0.0627640300    0.0362368300    0.0035394400
   0.0015509400    0.0008954400   -0.0008425500
   0.0024029100    0.0014973400   -0.0007183500
   0.0022551600    0.0009226700    0.0002236000
   0.0024981900    0.0013323100   -0.0007183500
   0.0019266400    0.0014916900    0.0002236000
   0.0020758400    0.0011984900   -0.0008807000
   0.0014612800    0.0008436700   -0.0007774800
   0.0002712600    0.0000445100    0.0010606700
   0.0085846700    0.0031779600    0.0000371500
   0.0000535600    0.0016045800    0.0018103300
   0.0000350300    0.0002952000    0.0024433000
   0.0013302600    0.0021304700    0.0024824300
   0.0002317100   -0.0002131000    0.0016706100
   0.0002311100    0.0001996900    0.0018679600
   0.0000628500    0.0000177900    0.0022008500
   0.0001877000    0.0001083700    0.0019423900
   0.0013784000    0.0007958200    0.0013522300
  -0.0045616500    0.0028272700    0.0008861400
  -0.0000801300   -0.0004612700    0.0018097900
   0.0001676600   -0.0053641400    0.0008861400
  -0.0004395300    0.0001612400    0.0018097900
  -0.0004739000   -0.0002736100    0.0018488200
  -0.0001347900   -0.0000778200    0.0020740700
  -0.1606137500   -0.0927303900   -0.3397829400
   0.0003272100    0.0001889100    0.0006215200
  -0.0003383200   -0.0002148900    0.0003212600
   0.0017093800   -0.0000116800   -0.0003663900
  -0.0003552600   -0.0001855500    0.0003212600
   0.0008445700    0.0014862000   -0.0003663900
  -0.0005923800   -0.0003420100   -0.0006283600
   0.0004480100    0.0002586600    0.0005978900
  -0.0049309200   -0.0028468700    0.0030814600
  -0.0005561500   -0.0003211000   -0.0011594700
  -0.0004605800   -0.0001944500   -0.0010581800
   0.0003689200    0.0000876400   -0.0008948800
  -0.0003986900   -0.0003016500   -0.0010581800
   0.0002603500    0.0002756700   -0.0008948800
  -0.0001753100   -0.0001012200   -0.0009635900
   0.0011888900    0.0006864000   -0.0029123300

105  
 -0.0053557968871817  -0.0030921707745393  -0.0078583662172451
   0.0005593600    0.0003229500    0.0003548100
   0.0006331200    0.0003655300    0.0003397400
   0.0002206000    0.0004410100    0.0002124100
   0.0008381100   -0.0007041800   -0.0008652200
   0.0004922300   -0.0000294600    0.0002124100
  -0.0001907800    0.0010779100   -0.0008652200
   0.0048517100    0.0028011400   -0.0010091400
   0.0004143100    0.0002392000    0.0006805300
  -0.0006705400    0.0004436400    0.0003852800
  -0.0002806500    0.0001078500   -0.0004126600
  -0.0006947100    0.0004533600   -0.0000607200
  -0.0016190100   -0.0004682200   -0.0013309700
  -0.0007656600    0.0008602200    0.0008775500
  -0.0099253500    0.0061674600   -0.0006341200
  -0.0005375700    0.0010337300   -0.0000880700
  -0.0002133000    0.0002917100    0.0001417700
  -0.0021622100   -0.0012483500   -0.0001677400
   0.0017331200    0.0010006200    0.0011430400
  -0.0005503400   -0.0010387300   -0.0016690300
   0.0014272700    0.0006322400    0.0014665600
  -0.0011747300    0.0000427600   -0.0016690300
   0.0012611700    0.0009199300    0.0014665600
   0.0007672400    0.0004429600    0.0011811300
   0.0013368500    0.0007718300    0.0010365800
   0.0024645300   -0.0009377300    0.0012645100
   0.0016004400   -0.0075230900   -0.0000580000
  -0.0010808500    0.0007029100    0.0010677500
  -0.0008508400    0.0004696700    0.0011625200
  -0.0014253600   -0.0000909400    0.0005648300
  -0.0009049200    0.0005663000    0.0012513100
  -0.0011911000    0.0008042300    0.0012590000
  -0.0014575000    0.0002649100    0.0004184300
  -0.0142834700   -0.0558680700   -0.0370914100
   0.0000326300   -0.0015458700   -0.0009828800
   0.0000642000   -0.0018604000   -0.0010942500
  -0.0000346500   -0.0020830000   -0.0009329500
  -0.0000344800   -0.0022803200   -0.0009190400
  -0.0008405100   -0.0012373800   -0.0027143000
   0.0014712700   -0.0022680400   -0.0020463000
  -0.0000754600   -0.0022015500   -0.0011316200
   0.0000489400   -0.0008025200    0.0003852800
  -0.0000469300   -0.0002969700   -0.0004126600
   0.0003621400   -0.0010931900    0.0008775500
   0.0003785000   -0.0116793400   -0.0006341200
   0.0000452600   -0.0008283200   -0.0000607200
  -0.0012150000   -0.0011679900   -0.0013309700
   0.0006264500   -0.0009824100   -0.0000880700
   0.0001459700   -0.0003305800    0.0001417700
  -0.0023725100   -0.0013697700   -0.2630426000
   0.0009618500    0.0005553200   -0.0053258800
  -0.0009167400   -0.0005498700   -0.0065044300
   0.0011946800    0.0000341700   -0.0069805200
  -0.0009345700   -0.0005189800   -0.0065044300
   0.0006269400    0.0010175400   -0.0069805200
  -0.0003427300   -0.0001978800   -0.0075877200
   0.0013494400    0.0007791000   -0.0060620100
  -0.0001699800   -0.0000672300    0.0031324700
  -0.0071623200   -0.0056959100    0.0041297200
  -0.0024707200    0.0000810200    0.0016708400
   0.0000676200   -0.0001594700    0.0025211300
  -0.0013930000    0.0009058400    0.0023875400
  -0.0002779000    0.0002774000    0.0017271000
  -0.0002898900    0.0000533600    0.0023097800
  -0.0000466500    0.0001130300    0.0019723900
   0.0004201600    0.0026032100    0.0012645100
  -0.0057149700    0.0051475700   -0.0000580000
  -0.0007914400   -0.0011889300    0.0005648300
   0.0000379700   -0.0010668400    0.0012513100
   0.0000683100   -0.0012875000    0.0010677500
  -0.0000186800   -0.0009716800    0.0011625200
   0.0001009300   -0.0014336400    0.0012590000
  -0.0004993400   -0.0013946900    0.0004184300
  -0.0555249000    0.0155641800   -0.0370914100
  -0.0013224400    0.0008011900   -0.0009828800
  -0.0019920600    0.0011103000   -0.0009190400
  -0.0014918600   -0.0001092100   -0.0027143000
  -0.0015790600    0.0009858000   -0.0010942500
  -0.0018212600    0.0010114900   -0.0009329500
  -0.0012285500    0.0024081800   -0.0020463000
  -0.0019443200    0.0010354300   -0.0011316200
  -0.0598698400   -0.0345658700   -0.0046189000
   0.0021499400    0.0012412700   -0.0009490000
   0.0012695200    0.0006245500   -0.0010694900
   0.0014510400    0.0012087800   -0.0020125700
   0.0011756400    0.0007871700   -0.0010694900
   0.0017723500    0.0006522400   -0.0020125700
   0.0016013100    0.0009245200   -0.0009057900
   0.0022377800    0.0012919800   -0.0010143000
  -0.0001432100   -0.0001135900    0.0031324700
  -0.0085139600   -0.0033548000    0.0041297200
   0.0000879800   -0.0016592900    0.0023875400
   0.0001012900   -0.0003793700    0.0017271000
  -0.0011651900   -0.0021802100    0.0016708400
  -0.0001043000    0.0001382900    0.0025211300
  -0.0000987300   -0.0002777400    0.0023097800
   0.0000745600   -0.0000969200    0.0019723900
  -0.0003368700   -0.0001944900    0.0022470400
  -0.0015340200   -0.0008856700    0.0028401600
   0.0043436300   -0.0028981900    0.0032194500
  -0.0000538600    0.0003816200    0.0023694900
  -0.0003380900    0.0052107900    0.0032194500
   0.0003035600   -0.0002374600    0.0023694900
   0.0003528200    0.0002037000    0.0023379400
  -0.0000010900   -0.0000006300    0.0021011500
   0.1583890500    0.0914459600    0.3506345100
  -0.0003414400   -0.0001971300   -0.0003726400
   0.0003517000    0.0002130000   -0.0000668800
  -0.0017209100    0.0000069300    0.0006367300
   0.0003603100    0.0001980800   -0.0000668800
  -0.0008544600   -0.0014938100    0.0006367300
   0.0005904700    0.0003409100    0.0008974300
  -0.0004516400   -0.0002607500   -0.0003382900
   0.0050929700    0.0029404300   -0.0053493900
   0.0005211500    0.0003008900   -0.0007062800
   0.0004768400    0.0002111000   -0.0007904400
  -0.0003745400   -0.0000963400   -0.0009510700
   0.0004212400    0.0003074100   -0.0007904400
  -0.0002707000   -0.0002761900   -0.0009510700
   0.0001848400    0.0001067200   -0.0008780300
  -0.0012086500   -0.0006978200    0.0010504900

113  
  0.0053557968871817   0.0030921707745393   0.0078583662172451
   0.0009802000    0.0005659200   -0.0000204800
   0.0021613300    0.0012478500   -0.0002677800
  -0.0039425200    0.0032448300   -0.0015785000
   0.0006892700   -0.0002661900   -0.0000955000
   0.0008388400   -0.0050367400   -0.0015785000
   0.0001141100    0.0007300200   -0.0000955000
  -0.0000592000   -0.0000341800   -0.0002019900
   0.0005385900    0.0003109500    0.0003430000
  -0.0004264200    0.0003299100   -0.0009700900
   0.0092070500    0.0035650900   -0.0027975800
  -0.0003364900    0.0017152400   -0.0000965400
  -0.0007356800    0.0006612900    0.0005622800
   0.0008585100    0.0026122500    0.0011634900
  -0.0003346900    0.0000600300   -0.0001146500
  -0.0004650000    0.0005460100    0.0001178300
  -0.0005804400    0.0003863200    0.0003590200
   0.0458879400    0.0264934200    0.0161235300
   0.0005967700    0.0003445400    0.0011127400
   0.0017015800    0.0011360900    0.0013311400
   0.0010492900    0.0003941100    0.0026168000
   0.0018346700    0.0009055700    0.0013311400
   0.0008659600    0.0007116500    0.0026168000
   0.0013014200    0.0007513800    0.0010391000
   0.0004998700    0.0002886000    0.0013294100
   0.0254352700    0.0083085900    0.0331546600
  -0.0016436200    0.0009062800    0.0010852000
  -0.0006952100    0.0004822000    0.0011421900
  -0.0015516800    0.0018860000    0.0031038200
  -0.0014764200    0.0009434800    0.0013367900
  -0.0009784100    0.0005109500    0.0011377900
  -0.0014863700   -0.0006400900    0.0024148500
  -0.0008214300    0.0004898900    0.0012018600
  -0.0007829300   -0.0060198900   -0.0015637800
   0.0061668700   -0.0092900700    0.0001374000
   0.0006939000   -0.0017384400    0.0003338300
  -0.0000317600   -0.0021848200   -0.0010336800
  -0.0001172100   -0.0020107300   -0.0009129400
   0.0001267900   -0.0023095200   -0.0009407500
  -0.0001783500   -0.0020026900   -0.0009012100
   0.0004990500   -0.0016112700   -0.0001770500
   0.0000725000   -0.0005342500   -0.0009700900
   0.0076909800    0.0061909900   -0.0027975800
   0.0026915300   -0.0005626400    0.0011634900
  -0.0001153500   -0.0003198600   -0.0001146500
   0.0013171900   -0.0011490200   -0.0000965400
   0.0002048600   -0.0009677600    0.0005622800
   0.0002403600   -0.0006757100    0.0001178300
   0.0000443400   -0.0006958300    0.0003590200
   0.0071858600    0.0041487600    0.2582415200
  -0.0006879900   -0.0003972100   -0.0086309700
   0.0007608500    0.0004893800   -0.0073096200
  -0.0014397000    0.0000856100   -0.0067561400
   0.0008042400    0.0004142200   -0.0073096200
  -0.0006457100   -0.0012896300   -0.0067561400
   0.0003084700    0.0001780900   -0.0061510300
  -0.0009066800   -0.0005234700   -0.0076534400
  -0.0000776100    0.0002018000    0.0019352800
   0.0001164500   -0.0004009800    0.0029577000
  -0.0010408100    0.0007776500    0.0011254200
  -0.0001998600    0.0119673600    0.0026074400
   0.0000312900    0.0001828800    0.0021763600
   0.0009531000    0.0008188300    0.0034824500
  -0.0005846700    0.0004205200    0.0023736000
  -0.0001779700   -0.0002580700    0.0022853700
   0.0199130800    0.0178732900    0.0331546600
  -0.0000369500   -0.0018765500    0.0010852000
   0.0000788700   -0.0017503600    0.0013367900
  -0.0000467100   -0.0011028000    0.0011377900
   0.0000699900   -0.0008431700    0.0011421900
   0.0008574800   -0.0022867900    0.0031038200
  -0.0012975200   -0.0009671900    0.0024148500
   0.0000135400   -0.0009563300    0.0012018600
  -0.0056048500    0.0023319100   -0.0015637800
  -0.0049620000    0.0099857000    0.0001374000
  -0.0017999500    0.0009038600   -0.0009129400
  -0.0019367100    0.0012645700   -0.0009407500
  -0.0011585800    0.0014701600    0.0003338300
  -0.0019079900    0.0010649100   -0.0010336800
  -0.0018235500    0.0008468900   -0.0009012100
  -0.0011458800    0.0012378200   -0.0001770500
   0.0048673000    0.0028101400    0.0015541200
   0.0010969100    0.0006333000   -0.0009885200
   0.0033784300    0.0027465100    0.0023075600
   0.0016746000    0.0011274100   -0.0011581900
   0.0040677600    0.0015525500    0.0023075600
   0.0018136600    0.0008865400   -0.0011581900
   0.0019282900    0.0011133000   -0.0009429100
   0.0016630100    0.0009601400   -0.0006884100
   0.0001359600   -0.0001681100    0.0019352800
  -0.0002890300    0.0003013300    0.0029577000
   0.0001740200   -0.0000643400    0.0021763600
   0.0011856800    0.0004159900    0.0034824500
   0.0001530600   -0.0012901900    0.0011254200
   0.0102641000   -0.0061567600    0.0026074400
   0.0000718500   -0.0007166000    0.0023736000
  -0.0003124800   -0.0000250900    0.0022853700
  -0.0000949500   -0.0000548200    0.0019647100
  -0.0001191100   -0.0000687700    0.0019482700
  -0.0002432300    0.0004097500    0.0020921800
  -0.0003621800    0.0006653100    0.0029652600
   0.0002332400   -0.0004155200    0.0020921800
   0.0003950900   -0.0006463100    0.0029652600
  -0.0050057100   -0.0028900500    0.0033632400
   0.0001349900    0.0000779400    0.0013129500
  -0.0050909900   -0.0029392800    0.0045761000
  -0.0005938800   -0.0003428800   -0.0000317200
  -0.0004070900   -0.0002454700   -0.0000309000
   0.0003739200    0.0000240700    0.0001873100
  -0.0004161300   -0.0002298100   -0.0000309000
   0.0002078000    0.0003117900    0.0001873100
  -0.0001225400   -0.0000707500    0.0000315900
   0.0012028900    0.0006944900   -0.0018412300
  -0.1256835300   -0.0725634200   -0.3606917200
   0.0003431800    0.0001981300   -0.0003599100
  -0.0003828900   -0.0000154300   -0.0007645500
   0.0022704400   -0.0000840300   -0.0014424700
  -0.0002048000   -0.0003238800   -0.0007645500
   0.0010624500    0.0020082700   -0.0014424700
  -0.0006541800   -0.0003776900   -0.0016722100
   0.0001226700    0.0000708300   -0.0008993900

113  
 -0.0053557968871817  -0.0030921707745393  -0.0078583662172451
   0.0001823200    0.0001052600    0.0005409300
  -0.0009861900   -0.0005693700    0.0007903200
   0.0051422300   -0.0025978200    0.0021746700
   0.0004620800    0.0009309700    0.0006244300
   0.0003213400    0.0057522100    0.0021746700
   0.0010372800   -0.0000653100    0.0006244300
   0.0011976400    0.0006914600    0.0007235900
   0.0006123200    0.0003535200    0.0001889400
  -0.0007201800    0.0003275700    0.0014897100
  -0.0102653400   -0.0027824500    0.0033405500
  -0.0008271100   -0.0010638200    0.0006101900
  -0.0004187100    0.0000084200   -0.0000246600
  -0.0020163600   -0.0019791300   -0.0006228600
  -0.0008092900    0.0006029900    0.0006272000
  -0.0006838300    0.0001200300    0.0004137900
  -0.0005717000    0.0002788000    0.0001742000
  -0.0431034100   -0.0248857700   -0.0142293200
   0.0013346600    0.0007705700    0.0010812200
   0.0002567500   -0.0000021500    0.0008618300
   0.0008785100    0.0007223000   -0.0004204500
   0.0001265100    0.0002234300    0.0008618300
   0.0010647900    0.0003996600   -0.0004204500
   0.0006519500    0.0003764000    0.0011489700
   0.0014348000    0.0008283800    0.0008645600
  -0.0288374200   -0.0065950800   -0.0309622000
  -0.0003164400    0.0002256400    0.0011072300
  -0.0012387700    0.0006358300    0.0010505900
  -0.0003799500   -0.0007611200   -0.0009049400
  -0.0004795800    0.0001879800    0.0008523200
  -0.0009661000    0.0006124300    0.0010519400
  -0.0004605900    0.0017772000   -0.0002171800
  -0.0011152500    0.0006307200    0.0009940200
   0.0007755700    0.0016637500   -0.0002246600
  -0.0063026700    0.0050380100   -0.0019400600
  -0.0007098800   -0.0025253200   -0.0021203400
   0.0000328400   -0.0020872800   -0.0007530700
   0.0001171700   -0.0022431200   -0.0008731600
  -0.0001233300   -0.0019531300   -0.0008496700
   0.0001740500   -0.0022506000   -0.0008910300
  -0.0005007900   -0.0026373600   -0.0016080000
  -0.0000764000   -0.0007874800    0.0014897100
  -0.0075423400   -0.0074988300    0.0033405500
  -0.0027221500   -0.0007566500   -0.0006228600
   0.0001175600   -0.0010023600    0.0006272000
  -0.0013348500   -0.0001843900    0.0006101900
  -0.0002020600   -0.0003668300   -0.0000246600
  -0.0002379700   -0.0006522300    0.0004137900
  -0.0000444000   -0.0006345100    0.0001742000
  -0.0088568800   -0.0051135200   -0.2609867400
   0.0006750000    0.0003897100   -0.0051466700
  -0.0007464500   -0.0004892500   -0.0064562800
   0.0014307400   -0.0000916600   -0.0069827600
  -0.0007969300   -0.0004018200   -0.0064562800
   0.0006359900    0.0012848900   -0.0069827600
  -0.0002981600   -0.0001721500   -0.0075698600
   0.0009029300    0.0005213100   -0.0061215600
   0.0000768100   -0.0000404600    0.0022395200
  -0.0001088300    0.0005460200    0.0012289400
   0.0010433500   -0.0006212900    0.0030582900
   0.0002219700   -0.0119164900    0.0014804500
  -0.0000318000   -0.0000231000    0.0020059100
  -0.0009709500   -0.0006677600    0.0006793700
   0.0005875200   -0.0002612300    0.0018049900
   0.0001803000    0.0004175300    0.0018996800
  -0.0201302100   -0.0216764000   -0.0309622000
   0.0000371900   -0.0003868700    0.0011072300
  -0.0000770000   -0.0005093200    0.0008523200
   0.0000473300   -0.0011428800    0.0010519400
  -0.0000687400   -0.0013907200    0.0010505900
  -0.0008491200    0.0000515100   -0.0009049400
   0.0013088000   -0.0012874800   -0.0002171800
  -0.0000114100   -0.0012812000    0.0009940200
   0.0018286300   -0.0001602200   -0.0002246600
   0.0012117100   -0.0079772700   -0.0019400600
  -0.0018840200    0.0012230400   -0.0008731600
  -0.0017531200    0.0008697600   -0.0008496700
  -0.0025419300    0.0006478900   -0.0021203400
  -0.0017912100    0.0010720800   -0.0007530700
  -0.0018620500    0.0012760300   -0.0008910300
  -0.0025344100    0.0008849800   -0.0016080000
  -0.0011018200   -0.0006361400   -0.0033079000
   0.0025851100    0.0014925200   -0.0007962200
   0.0003455600   -0.0005325000   -0.0041125900
   0.0020055900    0.0010016700   -0.0006355000
  -0.0002883800    0.0005655100   -0.0041125900
   0.0018702600    0.0012360600   -0.0006355000
   0.0017656400    0.0010193900   -0.0008464100
   0.0020153200    0.0011635400   -0.0011082600
   0.0000033600    0.0000867500    0.0022395200
   0.0004184600   -0.0003672600    0.0012289400
  -0.0000359100   -0.0000159900    0.0020059100
  -0.0010637700   -0.0005069900    0.0006793700
  -0.0000163800    0.0012142200    0.0030582900
  -0.0102090000    0.0061504700    0.0014804500
   0.0000675300    0.0006394200    0.0018049900
   0.0004517400   -0.0000526200    0.0018996800
  -0.0000445400   -0.0000257200    0.0022100100
  -0.0000206100   -0.0000119000    0.0022306600
   0.0001213900   -0.0004861200    0.0021090700
   0.0002231900   -0.0007702400    0.0012049300
  -0.0003603000    0.0003481800    0.0021090700
  -0.0005554500    0.0005784100    0.0012049300
   0.0048142800    0.0027795300    0.0008136100
  -0.0002737300   -0.0001580400    0.0028706700
   0.0049329400    0.0028480300   -0.0038568300
   0.0006118800    0.0003532700    0.0003045600
   0.0004021800    0.0002342900    0.0002952100
  -0.0003694000   -0.0000187300    0.0000757000
   0.0004039900    0.0002311500    0.0002952100
  -0.0002009200   -0.0003105500    0.0000757000
   0.0001156200    0.0000667500    0.0002283300
  -0.0011945200   -0.0006896600    0.0021217000
   0.1283211300    0.0740862400    0.3477105800
  -0.0003310700   -0.0001911400   -0.0014763100
   0.0003720700    0.0000177400   -0.0010731900
  -0.0022647100    0.0000887800   -0.0004111300
   0.0002014000    0.0003133500   -0.0010731900
  -0.0010554700   -0.0020056800   -0.0004111300
   0.0006559800    0.0003787300   -0.0001813800
  -0.0001210000   -0.0000698600   -0.0009431300
