96   
72   

1    
  0.0099999933254870  -0.0000050271092071   0.0000104028067861
  -0.1746072200    0.0095445100   -0.0061535500
  -0.0011109700   -0.0015041400   -0.0061159600
   0.0010301400   -0.0000594600   -0.0060990400
   0.0000524900   -0.0024288900   -0.0061460600
  -0.0004368400    0.0003446800   -0.0061241600
  -0.0001540700   -0.0013662200   -0.0061137000
  -0.0003072800   -0.0011952800   -0.0061316400
   0.0005640100   -0.0011817700   -0.0061090400
   0.0116949200    0.0002465000   -0.0221002500
   0.0119503000   -0.0004864500   -0.0208265500
   0.0138150400    0.0004229200   -0.0236199700
   0.0115359800    0.0015520900   -0.0205536400
   0.0116465700    0.0008730500   -0.0225016500
   0.0114524800   -0.0005290800   -0.0217246700
   0.0118778200    0.0009952200   -0.0217601200
   0.0094234100    0.0021924700   -0.0231693500
  -0.0110733700   -0.0010289400   -0.0236207100
  -0.0087533200   -0.0021703000   -0.0205088700
  -0.0106267800   -0.0031151400   -0.0233260300
  -0.0108910400   -0.0023929400   -0.0220628900
  -0.0131548500   -0.0004288600   -0.0210145700
  -0.0106502500   -0.0016232400   -0.0224126200
  -0.0110878800   -0.0032281800   -0.0224329800
  -0.0109052100   -0.0017204400   -0.0216750900
   0.0263569400   -0.0138008300   -0.0108678000
   0.0039820500    0.0062183400    0.0184693800
   0.0010399000    0.0069982700    0.0162587300
   0.0006491000    0.0047796800    0.0168038100
   0.0002533200    0.0051204300    0.0178148400
   0.0004720200    0.0052824200    0.0167064100
   0.0006099900    0.0054162400    0.0169274200
   0.0001637800    0.0050936600    0.0165005900
   0.0019665200   -0.0053958400    0.0150321400
   0.0236973900   -0.0245651600    0.0433145200
  -0.0014090200   -0.0068007900    0.0166951300
  -0.0010462300   -0.0046352900    0.0172217700
  -0.0015948000   -0.0063153400    0.0168119300
  -0.0018321700   -0.0064839000    0.0157470500
  -0.0018968600   -0.0064931200    0.0170471400
  -0.0014697600   -0.0061764600    0.0166024400
   0.0292634800    0.0459004900   -0.0180164700
   0.0072108000    0.0095047200   -0.0138295200
   0.0038375800    0.0077533100   -0.0172426200
   0.0065002500    0.0138976100   -0.0155328600
   0.0045110700    0.0110036300   -0.0149225400
   0.0040327200    0.0108713900   -0.0152407000
   0.0045659200    0.0103852300   -0.0145162500
   0.0040767600    0.0108527800   -0.0146740400
  -0.0015312500   -0.0069254000   -0.0141701500
  -0.0041330400   -0.0130689600   -0.0125115900
  -0.0007468200   -0.0113393900   -0.0158870000
   0.0207412500    0.0237356700   -0.0117536100
  -0.0039029800   -0.0099225300   -0.0150703800
  -0.0034450400   -0.0104084300   -0.0151890100
  -0.0039712700   -0.0099191700   -0.0145052400
  -0.0035016900   -0.0098133500   -0.0147766400
   0.0191022700    0.0095013400    0.0185218900
   0.0434505900   -0.0122608300   -0.0162859700
   0.0162348700    0.0088366000    0.0175033200
   0.0161937600    0.0087293200    0.0184777300
   0.0162592200    0.0085171900    0.0169839300
   0.0165729600    0.0082876500    0.0169644500
   0.0167233300    0.0090471600    0.0176981400
   0.0165334500    0.0085191900    0.0176915000
   0.0098321000   -0.0292737400    0.0526970800
  -0.0148822300   -0.0068225500    0.0168251500
  -0.0177572300   -0.0075480700    0.0168069200
  -0.0177323600   -0.0074552200    0.0177856600
  -0.0174104000   -0.0079456300    0.0183528100
  -0.0177135200   -0.0077554900    0.0182935200
  -0.0174464600   -0.0077362900    0.0176039700
  -0.0172398500   -0.0071934900    0.0176194100
   0.0007694700    0.0010491300    0.0099917400
   0.0007403500    0.0010398600    0.0112500400
  -0.0004273100    0.0011184700    0.0106768700
  -0.0004361100    0.0011157600    0.0105720200
   0.0007173100    0.0007244600    0.0121741300
   0.0007101900    0.0006846800    0.0090640500
  -0.0002507900    0.0004597500    0.0107992000
  -0.0002341200    0.0004541600    0.0104602500
  -0.0045013200    0.0005103600    0.0055634800
  -0.0007119900    0.0015213900    0.0089398800
  -0.0045082800    0.0005353100    0.0113012500
  -0.0006970400    0.0015317300    0.0079356200
   0.0004482300    0.0013001700    0.0080919300
   0.0006614100    0.0014659200    0.0090552100
   0.0004492200    0.0012893400    0.0087622900
   0.0006594200    0.0014678400    0.0078206200
   0.0019801100    0.0001271200   -0.0074061100
   0.0023539200   -0.0020099600   -0.0090431600
   0.0023978300   -0.0020390300   -0.0066580200
   0.0019948700    0.0001006900   -0.0083068600
   0.0005966600   -0.0005279100   -0.0080896500
   0.0006189200   -0.0006403000   -0.0079929000
   0.0006276000   -0.0006608500   -0.0077739800
   0.0005869300   -0.0005272600   -0.0076712000

1    
 -0.0099999933254870   0.0000050271092071  -0.0000104028067861
   0.1748355900   -0.0117396800   -0.0057892600
   0.0013556100   -0.0007480400   -0.0061332600
  -0.0008035800   -0.0021085800   -0.0061401300
   0.0001573200    0.0002789800   -0.0061269600
   0.0006822700   -0.0025429500   -0.0061474500
   0.0003806200   -0.0008265000   -0.0061267300
   0.0005224300   -0.0009854300   -0.0061079200
  -0.0003529300   -0.0009847300   -0.0061153700
   0.0116380700    0.0009724000   -0.0224827100
   0.0114264300    0.0016957600   -0.0237238200
   0.0095096700    0.0007194200   -0.0208848300
   0.0118533000   -0.0004076500   -0.0240496400
   0.0116968800    0.0003001100   -0.0220747100
   0.0118631200    0.0017679400   -0.0228336700
   0.0114375900    0.0001853400   -0.0228309800
   0.0139138300   -0.0009902100   -0.0214170000
  -0.0107326000   -0.0029734400   -0.0201462500
  -0.0130529700   -0.0018552000   -0.0232134200
  -0.0111458600   -0.0009478300   -0.0204399800
  -0.0109500200   -0.0016456200   -0.0216585400
  -0.0086674500   -0.0036090900   -0.0227232400
  -0.0110868200   -0.0024201600   -0.0213470500
  -0.0106767900   -0.0008936600   -0.0213091300
  -0.0108740200   -0.0022875800   -0.0220976700
  -0.0247777800    0.0234449500    0.0429389200
  -0.0030870400    0.0042407900    0.0147363300
  -0.0000516200    0.0035236100    0.0169037900
   0.0003239300    0.0056925300    0.0164164500
   0.0007298300    0.0053734700    0.0154660200
   0.0005082600    0.0051854000    0.0164888600
   0.0003744000    0.0050216600    0.0162870600
   0.0008099000    0.0053559200    0.0167227400
  -0.0050860500   -0.0073634000    0.0187534100
  -0.0274100300    0.0127048600   -0.0106250200
  -0.0017360400   -0.0058664500    0.0170756400
  -0.0021250900   -0.0081319700    0.0165575000
  -0.0015585000   -0.0063805400    0.0170119600
  -0.0013154800   -0.0062222900    0.0180848800
  -0.0012618600   -0.0062079900    0.0167955800
  -0.0017140600   -0.0065198200    0.0172338900
  -0.0204288500   -0.0229756500   -0.0122814300
   0.0010907300    0.0120865800   -0.0163276500
   0.0044554200    0.0138326200   -0.0129689100
   0.0018283300    0.0077309400   -0.0146486200
   0.0038185000    0.0105933300   -0.0152354100
   0.0042903100    0.0106987400   -0.0149811800
   0.0037835000    0.0111937600   -0.0156324400
   0.0042307800    0.0107122000   -0.0155255400
  -0.0061855100   -0.0131218900   -0.0151109400
  -0.0035081600   -0.0069904100   -0.0167581200
  -0.0068575100   -0.0087545700   -0.0134079000
  -0.0289663200   -0.0451258200   -0.0175895400
  -0.0037775800   -0.0101102800   -0.0141827600
  -0.0042309400   -0.0096395900   -0.0140749800
  -0.0037206600   -0.0101260700   -0.0147615700
  -0.0041823800   -0.0102385800   -0.0144747100
   0.0140585300    0.0082721400    0.0165966100
  -0.0107638000    0.0307535600    0.0524549700
   0.0169181000    0.0089137900    0.0175522800
   0.0169269100    0.0090113100    0.0165777500
   0.0168601400    0.0092389900    0.0180825000
   0.0166148600    0.0094156300    0.0181139500
   0.0163835300    0.0086647900    0.0174198300
   0.0166158100    0.0091895100    0.0173873900
  -0.0441890600    0.0137157200   -0.0161047000
  -0.0199136700   -0.0080408600    0.0187060700
  -0.0170317100   -0.0072728100    0.0187093800
  -0.0170465200   -0.0073827400    0.0177412700
  -0.0173713900   -0.0068279600    0.0171842900
  -0.0171127400   -0.0070663500    0.0172231200
  -0.0173337200   -0.0070703700    0.0179209100
  -0.0175736700   -0.0076005500    0.0179127700
  -0.0020102400    0.0006548500    0.0112520100
  -0.0020470000    0.0006572500    0.0100240900
  -0.0008291000    0.0005923300    0.0105821600
  -0.0008229100    0.0005997200    0.0106767600
  -0.0019759000    0.0010299800    0.0090566600
  -0.0019905300    0.0009727300    0.0121730300
  -0.0010215400    0.0012620700    0.0104515800
  -0.0010238500    0.0012506000    0.0107866000
   0.0057884600    0.0021518000    0.0113094000
   0.0019873500    0.0011827700    0.0079422800
   0.0057964200    0.0022130000    0.0055924900
   0.0020045600    0.0012273600    0.0089424200
   0.0008495900    0.0014146100    0.0087496900
   0.0006367900    0.0012584600    0.0078036600
   0.0008371600    0.0014256900    0.0080935200
   0.0006369000    0.0012312400    0.0090609400
  -0.0006006400   -0.0017040300   -0.0082930600
  -0.0010201300    0.0004387100   -0.0066520900
  -0.0009581100    0.0004040800   -0.0090731900
  -0.0005926700   -0.0017129800   -0.0074266000
   0.0007937400   -0.0010750000   -0.0076740700
   0.0007643800   -0.0009413400   -0.0077602700
   0.0007692100   -0.0009512000   -0.0079707500
   0.0007943700   -0.0010661300   -0.0080922600

1    
 -0.0000302389021940   0.0099999542487699   0.0000007945452422
   0.0111419600   -0.1848253600   -0.0055392600
  -0.0002371500   -0.0016303700   -0.0061137500
   0.0011226300   -0.0019792800   -0.0061091400
  -0.0012429100   -0.0040573300   -0.0061231800
   0.0015680200   -0.0019259800   -0.0061172000
  -0.0001586600   -0.0010332200   -0.0061165900
   0.0000059100   -0.0013328000   -0.0061301900
   0.0000062500   -0.0011908500   -0.0061234100
   0.0114082500    0.0008781800   -0.0227819900
   0.0121864900    0.0003986500   -0.0208292000
   0.0091288900    0.0001008800   -0.0208754800
   0.0129481900   -0.0000817200   -0.0206555300
   0.0117453200    0.0010474100   -0.0219651000
   0.0118166300    0.0011918500   -0.0218288300
   0.0104149400    0.0014820600   -0.0232415500
   0.0138247800   -0.0016641400   -0.0228813800
  -0.0096085000   -0.0026261000   -0.0235104000
  -0.0134318300   -0.0024785900   -0.0232811700
  -0.0104010800   -0.0021876400   -0.0232534600
  -0.0111635500   -0.0017441300   -0.0213426200
  -0.0087356000   -0.0042998500   -0.0212581800
  -0.0121479900   -0.0011392300   -0.0209147000
  -0.0107185000   -0.0013693400   -0.0223278200
  -0.0108055500   -0.0015508300   -0.0221955800
  -0.0143862200    0.0205137500    0.0336716400
   0.0013458900    0.0057158500    0.0182157800
  -0.0007441400    0.0040217500    0.0163103000
   0.0004916800    0.0052424300    0.0160723200
   0.0006734300    0.0047642000    0.0164988300
   0.0007756500    0.0052726200    0.0160995400
   0.0006589500    0.0057577100    0.0166405700
   0.0006528200    0.0051231200    0.0163604600
  -0.0007389400   -0.0058658600    0.0153216800
  -0.0168312600    0.0091469600   -0.0007143600
  -0.0015818300   -0.0063439100    0.0174594600
  -0.0028286100   -0.0075412400    0.0171865400
  -0.0013200200   -0.0063167600    0.0174213200
  -0.0013934300   -0.0067919500    0.0169929800
  -0.0014160900   -0.0064540500    0.0171731200
  -0.0013953800   -0.0057851800    0.0169190600
   0.0363624500    0.0524426000   -0.0251382000
   0.0029450700    0.0113762100   -0.0158112400
   0.0019857200    0.0144708700   -0.0140870900
   0.0099294800    0.0161717900   -0.0163048500
   0.0034560500    0.0108504200   -0.0151919100
   0.0039862300    0.0109301500   -0.0153188700
   0.0044365300    0.0112966600   -0.0147790400
   0.0041673100    0.0103512500   -0.0155009200
   0.0020324200   -0.0045372500   -0.0134240000
  -0.0059906000   -0.0063775500   -0.0155810800
  -0.0050245200   -0.0094389900   -0.0139149700
   0.0265719800    0.0297648000   -0.0049996900
  -0.0038181900   -0.0104695100   -0.0142555000
  -0.0035477800   -0.0095045200   -0.0149458000
  -0.0039965500   -0.0098870000   -0.0144289000
  -0.0045391000   -0.0099892700   -0.0145789800
   0.0172870900    0.0090948400    0.0174877200
  -0.0078216200    0.0249891000    0.0423131400
   0.0165985400    0.0088081500    0.0168572500
   0.0167040400    0.0098853700    0.0172569100
   0.0170862300    0.0092955500    0.0176795300
   0.0162918500    0.0089188600    0.0177881000
   0.0156275000    0.0089674400    0.0176050800
   0.0173381700    0.0085723800    0.0176081000
  -0.0412622700    0.0085404500   -0.0066417800
  -0.0166926000   -0.0071518800    0.0177918800
  -0.0172746300   -0.0063389300    0.0180256900
  -0.0173639700   -0.0074894700    0.0184366400
  -0.0176967300   -0.0073559500    0.0175218400
  -0.0169020000   -0.0069789600    0.0176266600
  -0.0166205800   -0.0076777500    0.0177072100
  -0.0183531700   -0.0072946000    0.0177020100
  -0.0007005700    0.0000004900    0.0106377400
  -0.0007470700   -0.0000827900    0.0105460500
  -0.0001693000    0.0006738000    0.0102837800
  -0.0001588400    0.0006836500    0.0109537400
  -0.0002265200    0.0008535600    0.0100537000
  -0.0003144500    0.0007707700    0.0112640900
  -0.0010456500    0.0006865700    0.0105697800
  -0.0010448300    0.0006748000    0.0106675500
  -0.0004057600    0.0152045900   -0.0024109500
   0.0007100200    0.0015559500    0.0094718900
  -0.0004009600    0.0150022900    0.0190862500
   0.0007336300    0.0015467600    0.0073976400
   0.0007754800    0.0005858900    0.0091661500
   0.0005843000    0.0009594700    0.0076278500
   0.0007600500    0.0005751700    0.0077087500
   0.0005772900    0.0009647700    0.0092621100
   0.0016991600    0.0000385100   -0.0073585700
  -0.0003870800   -0.0000105700   -0.0072207300
  -0.0003528800   -0.0000244500   -0.0084997000
   0.0016434100    0.0000118700   -0.0082946700
   0.0004020500   -0.0009652700   -0.0075859200
   0.0005520800   -0.0007060300   -0.0077725300
   0.0005796700   -0.0007106500   -0.0080064800
   0.0004049600   -0.0009661400   -0.0081659900

1    
  0.0000302389021940  -0.0099999542487699  -0.0000007945452422
  -0.0109346600    0.1826069600   -0.0055615600
   0.0004719100   -0.0005459900   -0.0061267800
  -0.0009232200   -0.0001914100   -0.0061163600
   0.0014774800    0.0018969500   -0.0061103900
  -0.0013510900   -0.0002358400   -0.0061200400
   0.0003849000   -0.0011430600   -0.0061126900
   0.0002165200   -0.0008510600   -0.0061279700
   0.0002333500   -0.0009925900   -0.0061293100
   0.0119344200    0.0002994100   -0.0217573600
   0.0111847200    0.0007504500   -0.0236642300
   0.0141738300    0.0010685000   -0.0237003100
   0.0103783500    0.0011980100   -0.0239202100
   0.0115802500    0.0001370800   -0.0226129600
   0.0114803600   -0.0000601200   -0.0227395000
   0.0129458300   -0.0003069900   -0.0213014500
   0.0095125500    0.0028548800   -0.0216821600
  -0.0121587100   -0.0013737200   -0.0202537200
  -0.0083567800   -0.0015422200   -0.0204508600
  -0.0114045800   -0.0018029200   -0.0204357200
  -0.0106150000   -0.0022839600   -0.0223749800
  -0.0130555100    0.0002412600   -0.0224665100
  -0.0096205500   -0.0028924200   -0.0228373700
  -0.0110578900   -0.0026300500   -0.0213961800
  -0.0109709700   -0.0024761500   -0.0215499800
   0.0157768100   -0.0102456000   -0.0010114700
  -0.0003429600    0.0047461600    0.0150053800
   0.0017478600    0.0064145300    0.0168828800
   0.0004824700    0.0052156300    0.0171692100
   0.0002956700    0.0056620200    0.0167024400
   0.0002079500    0.0051800200    0.0171317400
   0.0003097400    0.0046597300    0.0166133900
   0.0003331300    0.0053396600    0.0168586400
  -0.0024630500   -0.0068446100    0.0184803000
   0.0132575800   -0.0216416600    0.0340022000
  -0.0015768300   -0.0063645300    0.0163814400
  -0.0003398600   -0.0051283000    0.0166170600
  -0.0018614800   -0.0063947700    0.0164102000
  -0.0017545700   -0.0058774200    0.0168044300
  -0.0017465500   -0.0062251700    0.0166391500
  -0.0017562900   -0.0068751800    0.0169240400
  -0.0262743200   -0.0290274600   -0.0055370000
   0.0053600600    0.0102136900   -0.0143726100
   0.0063087400    0.0071595000   -0.0160529600
  -0.0017161500    0.0053041600   -0.0138799000
   0.0048586700    0.0107613600   -0.0150183600
   0.0043153700    0.0106471100   -0.0148864900
   0.0038868300    0.0102893400   -0.0153896100
   0.0041403700    0.0112637400   -0.0147101400
  -0.0096021400   -0.0154077500   -0.0158576500
  -0.0016723900   -0.0137251600   -0.0136050000
  -0.0026235600   -0.0106190900   -0.0153632500
  -0.0359969300   -0.0516477100   -0.0247496600
  -0.0038623600   -0.0095962900   -0.0150310300
  -0.0041158300   -0.0105412700   -0.0143342100
  -0.0036686800   -0.0101759100   -0.0148412700
  -0.0031380000   -0.0100959900   -0.0147171900
   0.0158512100    0.0086233600    0.0175699400
   0.0404849200   -0.0070556400   -0.0068334600
   0.0165503200    0.0089341500    0.0182199500
   0.0164283900    0.0078040900    0.0178034900
   0.0160523100    0.0084289600    0.0174103600
   0.0168804900    0.0088043700    0.0173010900
   0.0174986000    0.0087832600    0.0174822300
   0.0157849700    0.0091640000    0.0174810700
   0.0069325700   -0.0235130200    0.0425685300
  -0.0181053100   -0.0076533800    0.0176999500
  -0.0175214100   -0.0084258300    0.0174964300
  -0.0174122900   -0.0073484700    0.0170796600
  -0.0170939900   -0.0074620600    0.0180381700
  -0.0179033100   -0.0078461100    0.0179023500
  -0.0181693600   -0.0071236800    0.0178247700
  -0.0164575300   -0.0075099500    0.0178314000
  -0.0005228400    0.0017857400    0.0105614300
  -0.0005671000    0.0017061700    0.0106548900
  -0.0010981700    0.0010193700    0.0109422000
  -0.0010938600    0.0010384300    0.0102803200
  -0.0009494700    0.0009426700    0.0112509100
  -0.0010284100    0.0008506500    0.0100563600
  -0.0002179800    0.0010403100    0.0106602100
  -0.0002150100    0.0010245700    0.0105797500
   0.0016666900   -0.0123098900    0.0190916800
   0.0005573100    0.0011557700    0.0073968700
   0.0017256100   -0.0124697400   -0.0023867800
   0.0005834500    0.0011750600    0.0094817900
   0.0005346300    0.0021340300    0.0077057000
   0.0007237900    0.0017400400    0.0092602100
   0.0005117300    0.0021270300    0.0091633900
   0.0007191900    0.0017469700    0.0076261900
  -0.0002416900   -0.0016142700   -0.0082887900
   0.0017460200   -0.0015780400   -0.0085017500
   0.0017720700   -0.0015895600   -0.0072388900
  -0.0002971900   -0.0016268200   -0.0073800600
   0.0009800500   -0.0006376700   -0.0081573700
   0.0008018500   -0.0008969300   -0.0080049500
   0.0008363300   -0.0008883700   -0.0077554400
   0.0009776200   -0.0006273000   -0.0075899200

1    
 -0.0000104209743628  -0.0000007752579061   0.0099999945401119
   0.0002939700   -0.0010598100   -0.1769930300
   0.0001137500   -0.0010699700   -0.0063831100
   0.0000950400   -0.0010979000   -0.0067105100
   0.0001165900   -0.0010932800   -0.0058800400
   0.0001189100   -0.0010818600   -0.0045227300
   0.0001179900   -0.0010872600   -0.0061453900
   0.0001125400   -0.0010913100   -0.0064532000
   0.0001184300   -0.0010901100   -0.0066518700
   0.0116816500    0.0006590400   -0.0223515300
   0.0114949900    0.0005678800   -0.0227702100
   0.0080230300    0.0012704600   -0.0209541600
   0.0129906700    0.0021088500   -0.0201354900
   0.0118023400    0.0010824500   -0.0224414500
   0.0124346500    0.0013275500   -0.0220253900
   0.0139169200   -0.0007360300   -0.0216348200
   0.0084151500   -0.0053568100   -0.0217055700
  -0.0122460900   -0.0035272400   -0.0197103800
  -0.0072239700   -0.0027037300   -0.0205273300
  -0.0107332500   -0.0020036600   -0.0223585400
  -0.0108825500   -0.0020911400   -0.0219439200
  -0.0076553300    0.0039210800   -0.0212770000
  -0.0131326000   -0.0006881000   -0.0212508600
  -0.0116696200   -0.0027621100   -0.0216109000
  -0.0110159100   -0.0025103600   -0.0220404900
  -0.0259158700    0.0262040400    0.0451839400
   0.0023318700    0.0055765500    0.0175506100
   0.0015150700    0.0079810400    0.0170761800
   0.0002107500    0.0052282200    0.0172739500
   0.0017861200    0.0053597200    0.0168106600
   0.0008175300    0.0048204000    0.0161776600
   0.0006891700    0.0046755400    0.0167542100
   0.0003983500    0.0053628400    0.0168622400
  -0.0034074800   -0.0066800600    0.0178578900
   0.0247638100   -0.0273164400    0.0455275600
  -0.0012866700   -0.0063582100    0.0175686200
  -0.0026132200   -0.0091184200    0.0173601600
  -0.0019171900   -0.0059428800    0.0164767500
  -0.0028807100   -0.0064731500    0.0171105400
  -0.0014894400   -0.0064786200    0.0171703000
  -0.0017925100   -0.0058057800    0.0170616300
   0.0012027000    0.0043928100   -0.0172356100
   0.0038243800    0.0104236100   -0.0158888700
   0.0039893300    0.0093939100   -0.0171455100
   0.0048965700    0.0119468300   -0.0162776700
   0.0041559400    0.0107898100   -0.0142528400
   0.0039759800    0.0107413300   -0.0150158400
   0.0039178600    0.0112706400   -0.0147330600
   0.0043830400    0.0104792600   -0.0145823100
  -0.0045502000   -0.0111892300   -0.0158285400
  -0.0036592700   -0.0086403600   -0.0166795900
  -0.0034984500   -0.0096489800   -0.0154308800
  -0.0009003100   -0.0036290900   -0.0167535700
  -0.0040621900   -0.0097043700   -0.0141335600
  -0.0036063900   -0.0105145500   -0.0142647600
  -0.0036445700   -0.0099698200   -0.0145753500
  -0.0038474000   -0.0100337400   -0.0137773700
   0.0181988500    0.0092182900    0.0180280300
  -0.0222327600    0.0367584100    0.0613788800
   0.0170494500    0.0087741100    0.0179489700
   0.0169582300    0.0079008300    0.0192752900
   0.0156676300    0.0087136800    0.0173672400
   0.0169505200    0.0077840900    0.0172095100
   0.0164049800    0.0090581600    0.0181001000
   0.0161698800    0.0088748300    0.0185120900
   0.0213001100   -0.0352741200    0.0616796100
  -0.0190178100   -0.0077626200    0.0182477100
  -0.0178091800   -0.0064409700    0.0195040300
  -0.0178615500   -0.0073228800    0.0181607300
  -0.0178036300   -0.0063162800    0.0174193800
  -0.0164693700   -0.0072510000    0.0176041800
  -0.0170172900   -0.0074052900    0.0187335500
  -0.0172221800   -0.0076123400    0.0183326900
  -0.0019114900   -0.0000068300    0.0126270200
   0.0006466300    0.0017168800    0.0126225900
  -0.0008880300    0.0008948600    0.0098353700
  -0.0003700900    0.0008214900    0.0098457200
   0.0001094300    0.0002770500    0.0125454500
  -0.0013763400    0.0014429300    0.0125448800
  -0.0005267500    0.0002328100    0.0099002200
  -0.0007327800    0.0014653600    0.0099010900
  -0.0021133500   -0.0093203400    0.0121994000
   0.0010128000    0.0023457600    0.0094302300
   0.0033862800    0.0120176600    0.0121904100
   0.0002832400    0.0003625000    0.0094217600
   0.0002931200    0.0019561700    0.0072633200
   0.0012451200    0.0005781300    0.0078321700
   0.0010049900    0.0007598400    0.0072697800
   0.0000537500    0.0021267400    0.0078317800
   0.0018458400   -0.0003338900   -0.0070418800
   0.0007687200   -0.0005686400   -0.0070541600
   0.0006177900   -0.0010261200   -0.0070500400
  -0.0004544400   -0.0012695700   -0.0070380900
   0.0006516200   -0.0008355000   -0.0078667800
   0.0007955700   -0.0005173600   -0.0078179000
   0.0005884700   -0.0010796700   -0.0078120800
   0.0007301400   -0.0007666300   -0.0078518600

1    
  0.0000104209743628   0.0000007752579061  -0.0099999945401119
  -0.0000748300   -0.0011138800    0.1639668800
   0.0001118400   -0.0010967700   -0.0058790000
   0.0000931200   -0.0010898500   -0.0055271700
   0.0001131500   -0.0010716800   -0.0063762500
   0.0001108000   -0.0010845700   -0.0077214900
   0.0001119500   -0.0010934500   -0.0060973800
   0.0001183100   -0.0010828300   -0.0058050600
   0.0001186800   -0.0010956600   -0.0056056600
   0.0117052800    0.0005209600   -0.0221727800
   0.0118634700    0.0006610800   -0.0218105900
   0.0154276600   -0.0001401900   -0.0236428400
   0.0103672300   -0.0009127300   -0.0244052600
   0.0115301500    0.0001044200   -0.0221376400
   0.0108519800   -0.0001897400   -0.0225832900
   0.0094614600    0.0018931300   -0.0228993900
   0.0148550400    0.0065057700   -0.0228967500
  -0.0095910200   -0.0005162000   -0.0239888400
  -0.0146694800   -0.0012957700   -0.0232548900
  -0.0110718500   -0.0020889100   -0.0214190600
  -0.0109347200   -0.0019461200   -0.0217458200
  -0.0140700100   -0.0079395300   -0.0224907900
  -0.0086811000   -0.0033193300   -0.0224864100
  -0.0100860500   -0.0012432600   -0.0221683700
  -0.0107728800   -0.0015232800   -0.0217263500
   0.0281883400   -0.0166492000   -0.0129456300
  -0.0013751800    0.0048769000    0.0157095000
  -0.0005639400    0.0024388200    0.0161551700
   0.0007785000    0.0052088900    0.0159839700
  -0.0007691200    0.0050923900    0.0163693000
   0.0001874400    0.0056596400    0.0170271200
   0.0002706500    0.0057874400    0.0164553300
   0.0005971600    0.0051125900    0.0163922300
   0.0002715000   -0.0060105500    0.0160073600
  -0.0292048400    0.0155552300   -0.0127080200
  -0.0018622200   -0.0063180300    0.0162824600
  -0.0005253600   -0.0035631500    0.0164569700
  -0.0012837800   -0.0067965200    0.0173173600
  -0.0003228400   -0.0062217800    0.0166857400
  -0.0016868800   -0.0062167700    0.0166804200
  -0.0013561400   -0.0068920400    0.0167598000
   0.0069920500    0.0170945200   -0.0128338100
   0.0044836500    0.0111535800   -0.0142688400
   0.0043517200    0.0121819700   -0.0131014500
   0.0034602500    0.0096849000   -0.0139015100
   0.0041610500    0.0107847400   -0.0159368400
   0.0043424700    0.0108372500   -0.0151723200
   0.0043667200    0.0103137300   -0.0154681300
   0.0039133500    0.0110827700   -0.0156241300
  -0.0031574500   -0.0089151000   -0.0134399800
  -0.0040248100   -0.0114151800   -0.0126486100
  -0.0041589000   -0.0103985000   -0.0138124900
  -0.0066714600   -0.0163230900   -0.0123729400
  -0.0035977600   -0.0103136800   -0.0151584300
  -0.0040368400   -0.0095556600   -0.0150164300
  -0.0040317800   -0.0100794600   -0.0147133200
  -0.0038488900   -0.0100205100   -0.0154864000
   0.0148813900    0.0084770000    0.0170275500
   0.0537689600   -0.0179022700   -0.0249278800
   0.0160763700    0.0089617400    0.0170907800
   0.0161672900    0.0098428300    0.0158023100
   0.0175039000    0.0090143400    0.0176973500
   0.0161742200    0.0099507500    0.0178041600
   0.0167520700    0.0086736300    0.0169577500
   0.0169823700    0.0088471900    0.0165627500
  -0.0544932800    0.0193570100   -0.0247618300
  -0.0157115000   -0.0070243400    0.0172516300
  -0.0169807900   -0.0083703600    0.0160341300
  -0.0169037100   -0.0075007300    0.0173141500
  -0.0169840600   -0.0084967000    0.0180270900
  -0.0183250300   -0.0075617800    0.0179051800
  -0.0178129100   -0.0073835600    0.0167769000
  -0.0175822800   -0.0071976900    0.0171816700
   0.0006774400    0.0017419300    0.0085909900
  -0.0019273900   -0.0000428300    0.0085911400
  -0.0003859300    0.0008290500    0.0114130300
  -0.0008740600    0.0008989100    0.0114089500
  -0.0013604100    0.0014851400    0.0087281100
   0.0001021500    0.0002283900    0.0087305700
  -0.0007231900    0.0014552300    0.0113824500
  -0.0005311800    0.0002476800    0.0113817000
   0.0034406800    0.0121115200    0.0047354500
   0.0002846800    0.0003489000    0.0074605300
  -0.0021496600   -0.0093984400    0.0047265400
   0.0010134800    0.0023593600    0.0074492600
   0.0010079200    0.0007712800    0.0096558700
   0.0000434200    0.0021273900    0.0090771500
   0.0002842600    0.0019417900    0.0096626900
   0.0012452900    0.0005758300    0.0090819700
  -0.0003978300   -0.0012373500   -0.0086943300
   0.0005746000   -0.0009575400   -0.0086969000
   0.0008280600   -0.0006325000   -0.0086961500
   0.0017907900   -0.0003609400   -0.0086961900
   0.0007287100   -0.0007892100   -0.0079518800
   0.0005915900   -0.0011034100   -0.0079694500
   0.0007933900   -0.0004945400   -0.0079616600
   0.0006553500   -0.0008104700   -0.0079527800

9    
  0.0099999933254870  -0.0000050271092071   0.0000104028067861
   0.0001454400   -0.0013448900   -0.0061542100
   0.0003468300   -0.0006220800   -0.0062614100
   0.0022296700   -0.0035614900   -0.0097725300
  -0.0000705800    0.0001690900   -0.0048144200
   0.0000997900   -0.0010266300   -0.0060140300
  -0.0000956600   -0.0009056700   -0.0053395800
   0.0002841100   -0.0023045500   -0.0039527700
  -0.0020994200    0.0010525300   -0.0093531400
  -0.1278329500    0.0327730800   -0.0773685500
   0.0100998700    0.0015883800   -0.0235680700
   0.0117160100    0.0004452000   -0.0212418800
   0.0110413100    0.0019526100   -0.0216582200
   0.0119084000    0.0012088800   -0.0223148200
   0.0123242200    0.0004648600   -0.0214399200
   0.0111581700   -0.0001100000   -0.0221611600
   0.0118528800    0.0006234800   -0.0223175100
  -0.0072977600    0.0021125700   -0.0280127400
   0.0022962500   -0.0084026500   -0.0265096500
  -0.0092283500   -0.0085177000   -0.0204813300
  -0.0102539500   -0.0014307800   -0.0215773900
  -0.0110541900   -0.0018609300   -0.0214484300
  -0.0102130700   -0.0014002400   -0.0217873400
  -0.0114249200   -0.0019039800   -0.0214462900
  -0.0100482500   -0.0021553600   -0.0224329800
   0.0008131500    0.0053098500    0.0164429200
   0.0012206700    0.0058367200    0.0155402900
   0.0052126800    0.0044457700    0.0143443300
   0.0047001400    0.0132299000    0.0207182900
   0.0007001300    0.0060805400    0.0168381700
   0.0004266600    0.0047762500    0.0161450700
   0.0007619900    0.0053853400    0.0172550800
   0.0011191300    0.0052082700    0.0177340000
  -0.0013921000   -0.0083053400    0.0183714500
  -0.0004689300   -0.0059817900    0.0177577400
  -0.0004884800   -0.0082579800    0.0158234800
  -0.0012445900   -0.0074039400    0.0149531700
  -0.0016541100   -0.0070870600    0.0164765400
  -0.0018673700   -0.0071122400    0.0168120600
  -0.0021359000   -0.0069999300    0.0167861400
  -0.0018689100   -0.0059701700    0.0169867800
   0.0038118700    0.0117891800   -0.0142599200
   0.0051100300    0.0087116100   -0.0126612400
   0.0053285900    0.0121056300   -0.0144635000
   0.0036775200    0.0108478600   -0.0151505700
   0.0056355200    0.0118694000   -0.0101193400
   0.0041232700    0.0112188900   -0.0153866600
   0.0031967900    0.0104432200   -0.0165656000
   0.0052238400    0.0107352100   -0.0144042100
  -0.0045576000   -0.0087829600   -0.0121574100
  -0.0018073600   -0.0106761500   -0.0124889500
  -0.0044517100   -0.0106020000   -0.0151509500
  -0.0038196400   -0.0097050200   -0.0139755000
  -0.0048738600   -0.0114838600   -0.0109447600
  -0.0015635500   -0.0103590100   -0.0181273000
  -0.0044283300   -0.0105667700   -0.0145624700
  -0.0038252400   -0.0098688300   -0.0142527700
   0.0156168800    0.0083395100    0.0172639700
   0.0162244400    0.0090479000    0.0168190600
   0.0157457900    0.0082394700    0.0175512800
   0.0160833300    0.0098328800    0.0181471400
   0.0162572700    0.0172297700    0.0200640000
   0.0166835800    0.0094130700    0.0186983800
   0.0158112500    0.0073278200    0.0194701000
   0.0167591900    0.0104647500    0.0181943400
  -0.0174217600   -0.0068587200    0.0178009300
  -0.0168434200   -0.0070292200    0.0178005500
  -0.0180270300   -0.0079113700    0.0168558300
  -0.0161928100   -0.0063443000    0.0164676000
  -0.0171036800   -0.0076303300    0.0173045700
  -0.0166015600   -0.0078840200    0.0175787000
   0.0015531100   -0.0074287100    0.0239465600
  -0.0130365200   -0.0072757200    0.0188275700
  -0.0005006900    0.0026755700    0.0103126600
   0.0018855500   -0.0054289300    0.0119703100
   0.0225346400   -0.0267288200    0.0050688200
   0.0041336800    0.0036484800    0.0092885200
  -0.0004337000    0.0003420000    0.0103856400
  -0.0008717100    0.0006927400    0.0106694700
  -0.0003959800    0.0014907800    0.0107499100
  -0.0008200600    0.0011564300    0.0107466200
   0.0026644200    0.0019553800    0.0071617100
   0.0263205400   -0.0204442300    0.0427520700
   0.0000233900    0.0013819400    0.0080945900
   0.0003198900    0.0013680500    0.0078522700
   0.0002960900    0.0018593000    0.0096799800
   0.0005908400    0.0010620100    0.0075873500
   0.0007492700    0.0002780700    0.0086426500
   0.0004778600    0.0019599200    0.0087528100
   0.0010551400   -0.0011083900   -0.0096215700
   0.0002256900   -0.0013869000   -0.0083767600
   0.0010472600   -0.0010681400   -0.0081029400
   0.0005582300   -0.0009257000   -0.0077617800
   0.0207555100    0.0123271600    0.0116978700
   0.0053747100   -0.0018336100   -0.0101991400
   0.0017828400    0.0005628400   -0.0090213500
   0.0002203700   -0.0010430100   -0.0080062000

9    
 -0.0099999933254870   0.0000050271092071  -0.0000104028067861
   0.0000688600   -0.0008303600   -0.0060754300
  -0.0001441600   -0.0016141300   -0.0059323300
  -0.0021135700    0.0014588200   -0.0023499000
   0.0002628300   -0.0023558800   -0.0074452500
   0.0001240600   -0.0011830700   -0.0062587300
   0.0003078200   -0.0012500400   -0.0069063800
  -0.0001484900    0.0002229200   -0.0084031300
   0.0023828300   -0.0032575300   -0.0029180100
   0.1521215000   -0.0314358500    0.0327533700
   0.0132680100   -0.0003929300   -0.0209516700
   0.0116646300    0.0007250600   -0.0233082900
   0.0123092800   -0.0007854700   -0.0228956500
   0.0114452200   -0.0000595800   -0.0221772800
   0.0110127700    0.0007093500   -0.0231822000
   0.0121949700    0.0012766700   -0.0223665500
   0.0115059300    0.0005191800   -0.0222339300
  -0.0146948900   -0.0062700700   -0.0156000500
  -0.0238127400    0.0041350800   -0.0172064900
  -0.0124833800    0.0044902700   -0.0232518100
  -0.0115404900   -0.0025726300   -0.0221075300
  -0.0107551600   -0.0021488700   -0.0222543300
  -0.0115562700   -0.0026280900   -0.0219555800
  -0.0103463700   -0.0021138700   -0.0222640200
  -0.0117149600   -0.0018519100   -0.0212904200
   0.0000888900    0.0051721600    0.0168285000
  -0.0002455400    0.0046109900    0.0177013500
  -0.0043259300    0.0059953200    0.0188887000
  -0.0036118200   -0.0026346700    0.0127135900
   0.0002950700    0.0043599400    0.0163650600
   0.0005396500    0.0056950700    0.0171054300
   0.0002199500    0.0051273000    0.0159259300
  -0.0001748700    0.0052365900    0.0155329300
  -0.0016808300   -0.0043886100    0.0154829100
  -0.0026454800   -0.0066919400    0.0161049800
  -0.0026501700   -0.0042468800    0.0180894200
  -0.0019407200   -0.0053070600    0.0188818000
  -0.0014428600   -0.0056008100    0.0173660000
  -0.0013189700   -0.0055809700    0.0170069200
  -0.0010097900   -0.0056530100    0.0170606000
  -0.0012997800   -0.0067181700    0.0168704800
   0.0044992000    0.0097837200   -0.0159389700
   0.0031704100    0.0128615600   -0.0175265000
   0.0029519300    0.0094721900   -0.0157255100
   0.0046580100    0.0106724100   -0.0150274500
   0.0026790100    0.0096673100   -0.0200998400
   0.0041830400    0.0103084700   -0.0148308800
   0.0050613700    0.0111474400   -0.0136096200
   0.0030859300    0.0108322900   -0.0158208400
  -0.0030688500   -0.0112530200   -0.0171173900
  -0.0057895100   -0.0094391300   -0.0167621700
  -0.0032016100   -0.0094448700   -0.0141621100
  -0.0038343200   -0.0103145200   -0.0152636300
  -0.0028425400   -0.0085602100   -0.0184823500
  -0.0060566400   -0.0096680000   -0.0110869400
  -0.0032595300   -0.0094640100   -0.0146191400
  -0.0038071300   -0.0101968000   -0.0150573300
   0.0174678800    0.0093882600    0.0177871700
   0.0169513800    0.0086930500    0.0182232900
   0.0173711700    0.0095082100    0.0175049700
   0.0170444000    0.0078851000    0.0168832300
   0.0169540000    0.0002614800    0.0149159500
   0.0164243900    0.0083356200    0.0163659800
   0.0171303400    0.0105409500    0.0156486300
   0.0164664800    0.0072157800    0.0168615100
  -0.0174183200   -0.0079189500    0.0176491000
  -0.0179409000   -0.0077752200    0.0176858200
  -0.0167647600   -0.0068834200    0.0186464100
  -0.0185609700   -0.0084379500    0.0190153800
  -0.0177051500   -0.0072102200    0.0182094500
  -0.0181711000   -0.0069377700    0.0178916900
  -0.0366969700   -0.0073092100    0.0113796000
  -0.0213409500   -0.0073068300    0.0164047400
  -0.0006869300   -0.0009719400    0.0108685700
  -0.0030738100    0.0069570500    0.0092797800
  -0.0249031400    0.0302519200    0.0163036600
  -0.0052851400   -0.0018919200    0.0119309100
  -0.0008329600    0.0013778100    0.0108720100
  -0.0003881500    0.0010142200    0.0105739100
  -0.0008891300    0.0001940200    0.0105089100
  -0.0004471900    0.0005509400    0.0105026200
  -0.0014410200    0.0007793700    0.0097524400
  -0.0242542800    0.0220417500   -0.0242840500
   0.0012720000    0.0013060700    0.0088185700
   0.0009762500    0.0013122400    0.0089989400
   0.0010236400    0.0008304600    0.0072064400
   0.0006878700    0.0016304300    0.0092940200
   0.0005212600    0.0024524900    0.0082352000
   0.0008423300    0.0007251000    0.0081506300
   0.0003434900   -0.0005523100   -0.0061729700
   0.0011264800   -0.0002245900   -0.0073947000
   0.0003207300   -0.0005510500   -0.0076615700
   0.0008205600   -0.0006607200   -0.0079934100
  -0.0203399400   -0.0147424200   -0.0288698400
  -0.0039398300    0.0002430100   -0.0056319300
  -0.0003717500   -0.0021393800   -0.0067881300
   0.0011239400   -0.0005485700   -0.0077852800

9    
 -0.0000302389021940   0.0099999542487699   0.0000007945452422
  -0.0002694500   -0.0008073500   -0.0060537300
  -0.0009848900   -0.0013015100   -0.0061859900
  -0.0000821600   -0.0015719200   -0.0053807100
   0.0011234000   -0.0017368500   -0.0045865000
   0.0004265200   -0.0006482900   -0.0056265300
  -0.0010220100   -0.0004823700   -0.0053803800
   0.0004827300   -0.0001553000   -0.0074859700
   0.0017575700   -0.0033504400   -0.0121016400
   0.0450871100   -0.1237252400   -0.0285537100
   0.0126904100    0.0014085800   -0.0223201100
   0.0115481900    0.0026870600   -0.0222232600
   0.0130411400   -0.0022841300   -0.0231063300
   0.0123251700   -0.0002779800   -0.0236239400
   0.0115381400    0.0001499600   -0.0217604300
   0.0109762100   -0.0011197800   -0.0212505800
   0.0117166600    0.0012072200   -0.0219993300
  -0.0067541100    0.0004141400   -0.0256954900
  -0.0172226300   -0.0038189700   -0.0149367600
  -0.0173967100    0.0074635400   -0.0224262000
  -0.0103429400   -0.0021249700   -0.0199554800
  -0.0107824700   -0.0022159600   -0.0225172000
  -0.0102888400   -0.0006795900   -0.0217662500
  -0.0107785700   -0.0023355500   -0.0212668100
  -0.0110452600   -0.0017775000   -0.0221899600
  -0.0000103000    0.0052693000    0.0164108700
   0.0002413400    0.0052580900    0.0160530300
  -0.0068579500    0.0064083500    0.0229494700
   0.0009004300    0.0066076100    0.0152100000
   0.0007486500    0.0053626500    0.0161170100
   0.0003400100    0.0053136300    0.0161456700
   0.0007067700    0.0059452300    0.0153752600
   0.0001549400    0.0054516000    0.0184587100
   0.0014305300   -0.0061621900    0.0203678300
  -0.0005098800   -0.0065476300    0.0180134000
   0.0011021500   -0.0060197300    0.0160392900
  -0.0017611500   -0.0064124000    0.0171825400
  -0.0007196000   -0.0044433700    0.0164040500
  -0.0019451900   -0.0068866300    0.0166338400
  -0.0004813000   -0.0042799900    0.0174623700
  -0.0012493000   -0.0068236700    0.0174514900
   0.0040960300    0.0103151100   -0.0143446100
   0.0026846400    0.0120472600   -0.0177686300
   0.0042760700    0.0114902900   -0.0148029400
   0.0047865800    0.0101364100   -0.0147802500
   0.0075634800    0.0117324000   -0.0102896500
   0.0032147300    0.0100658700   -0.0151804700
   0.0041204900    0.0098774100   -0.0149534700
   0.0018718300    0.0113181800   -0.0158577000
  -0.0024307800   -0.0110939500   -0.0133305700
  -0.0037787900   -0.0106930600   -0.0140442500
  -0.0033281600   -0.0065818000   -0.0148715000
  -0.0043001200   -0.0101959400   -0.0145656400
  -0.0050962500   -0.0100927500   -0.0104928400
  -0.0034746300   -0.0111858600   -0.0159366300
  -0.0027619800   -0.0057210000   -0.0164319600
  -0.0042406200   -0.0101155900   -0.0141542300
   0.0160658500    0.0110984700    0.0179772300
   0.0174308300    0.0089220200    0.0171833200
   0.0162417300    0.0108894800    0.0178118700
   0.0165242000    0.0089109700    0.0170274100
   0.0146304300    0.0277969500    0.0204067500
   0.0178548900    0.0088628200    0.0183395900
   0.0263213500    0.0278844100    0.0080489200
   0.0171428600    0.0082647000    0.0177715400
  -0.0171016300   -0.0081657600    0.0178635100
  -0.0169981700   -0.0069764400    0.0172165700
  -0.0176279300   -0.0063936200    0.0173560800
  -0.0167300900   -0.0073509000    0.0174304100
  -0.0176315200   -0.0068019400    0.0166069800
  -0.0175654700   -0.0068634200    0.0196485800
  -0.0176673500   -0.0142207300    0.0161767200
  -0.0181793000   -0.0021296600    0.0171070000
   0.0026311600    0.0047439600    0.0120145200
  -0.0038182300    0.0061660100    0.0098979200
  -0.0287442700    0.0327875800    0.0194357200
   0.0006981500    0.0008940000    0.0107446600
  -0.0001300900    0.0012093200    0.0100325800
  -0.0007611900    0.0002900400    0.0109898800
  -0.0008393500    0.0008810900    0.0102983100
  -0.0005786000    0.0008007500    0.0108360900
   0.0013369200    0.0014088500    0.0080717000
  -0.0177619000    0.0161134200   -0.0159377400
   0.0003599900    0.0011673300    0.0087848400
  -0.0001011200    0.0028321600    0.0102259600
   0.0004760200    0.0015695000    0.0083488500
   0.0001195800    0.0009712500    0.0093204100
   0.0005926600    0.0014325500    0.0084337800
   0.0003096400    0.0009520300    0.0085779000
   0.0005981800   -0.0017259900   -0.0082585100
   0.0004947000   -0.0008478400   -0.0079988000
   0.0007435300   -0.0000770100   -0.0086748200
   0.0006852700   -0.0008963200   -0.0077884300
   0.0108597300    0.0073733100    0.0025400000
  -0.0007903000    0.0003131400   -0.0074171800
  -0.0012352000   -0.0036240000   -0.0043175700
   0.0011081300   -0.0007231000   -0.0082087700

9    
  0.0000302389021940  -0.0099999542487699  -0.0000007945452422
   0.0004875700   -0.0013739300   -0.0061783100
   0.0011933400   -0.0009322200   -0.0060906300
   0.0002414800   -0.0006177900   -0.0068340700
  -0.0008381200   -0.0004681300   -0.0076095100
  -0.0001619600   -0.0015343400   -0.0066231700
   0.0012642700   -0.0017083000   -0.0069272700
  -0.0003104800   -0.0019587100   -0.0048338900
  -0.0014389300    0.0011531200   -0.0002509000
  -0.0198491600    0.1237384100   -0.0159671800
   0.0106849800   -0.0002392100   -0.0221983500
   0.0118328200   -0.0015256100   -0.0223209200
   0.0102873200    0.0034401600   -0.0214585900
   0.0110389800    0.0014058900   -0.0209610300
   0.0117894900    0.0009892100   -0.0228260100
   0.0123781300    0.0022607800   -0.0232997500
   0.0116093800   -0.0000518400   -0.0226041100
  -0.0150960700   -0.0044004200   -0.0179503100
  -0.0045880400   -0.0000572400   -0.0288648300
  -0.0044161300   -0.0113979400   -0.0213187000
  -0.0114722300   -0.0018687200   -0.0237241300
  -0.0110727700   -0.0017806500   -0.0212227300
  -0.0115150600   -0.0033098300   -0.0220443800
  -0.0109812000   -0.0017124000   -0.0224865800
  -0.0107348600   -0.0022238500   -0.0215467900
   0.0010081400    0.0051750500    0.0167721300
   0.0007098700    0.0051400900    0.0172252100
   0.0078862400    0.0039101700    0.0101490300
  -0.0002407900    0.0037646500    0.0178375300
   0.0002492100    0.0050873500    0.0171147400
   0.0006679500    0.0051316200    0.0171317900
   0.0002250200    0.0045691900    0.0178191800
   0.0007911900    0.0050284300    0.0147735400
  -0.0044974100   -0.0067298400    0.0135580900
  -0.0026329700   -0.0060854500    0.0158350300
  -0.0042170900   -0.0062878500    0.0180181700
  -0.0014015000   -0.0062855300    0.0166529500
  -0.0024094400   -0.0082744700    0.0174466100
  -0.0012285900   -0.0057876500    0.0171962900
  -0.0026476100   -0.0083856800    0.0163665100
  -0.0018904500   -0.0058840600    0.0163572100
   0.0041469800    0.0113001000   -0.0158301500
   0.0054525200    0.0095865800   -0.0125417100
   0.0040308700    0.0101101000   -0.0153983300
   0.0035395600    0.0113950400   -0.0153767000
   0.0008301300    0.0098016900   -0.0198012900
   0.0050801800    0.0114811300   -0.0150358600
   0.0041745800    0.0116966900   -0.0151873500
   0.0063989200    0.0102241400   -0.0143371700
  -0.0051993700   -0.0089983600   -0.0161985800
  -0.0038550800   -0.0093332700   -0.0151800500
  -0.0042649000   -0.0134684300   -0.0143281800
  -0.0033559100   -0.0098155500   -0.0146969500
  -0.0025573200   -0.0099088800   -0.0183900600
  -0.0041807500   -0.0088555900   -0.0133115500
  -0.0049206400   -0.0142699000   -0.0128865900
  -0.0034498500   -0.0099422900   -0.0151196700
   0.0170898800    0.0066219600    0.0170349100
   0.0156889200    0.0088350700    0.0179110900
   0.0168829700    0.0068589000    0.0172121600
   0.0166137600    0.0088258700    0.0180306700
   0.0184937400   -0.0109458600    0.0143150300
   0.0152270800    0.0088745400    0.0167566000
   0.0068685800   -0.0092462700    0.0266114200
   0.0160084700    0.0094625000    0.0172844400
  -0.0176955300   -0.0066260400    0.0176427700
  -0.0177916800   -0.0078142500    0.0182563400
  -0.0171814100   -0.0084065500    0.0181278900
  -0.0180182200   -0.0074478000    0.0180806600
  -0.0171388200   -0.0080177600    0.0189127700
  -0.0172009600   -0.0079058100    0.0158648400
  -0.0168128800   -0.0007591800    0.0193544000
  -0.0165664100   -0.0125206800    0.0182956100
  -0.0039909700   -0.0031303800    0.0091789300
   0.0026208000   -0.0045976300    0.0113400200
   0.0253901300   -0.0289212800    0.0021359000
  -0.0019335300    0.0007846100    0.0104668100
  -0.0011299400    0.0005214700    0.0112265100
  -0.0004804600    0.0014187100    0.0102407500
  -0.0004132500    0.0008271100    0.0109638200
  -0.0006950200    0.0009173900    0.0103991800
  -0.0000507300    0.0012693800    0.0087965000
   0.0201046300   -0.0140398800    0.0341635800
   0.0009323600    0.0015381200    0.0081655800
   0.0013256100   -0.0001072400    0.0066654700
   0.0008285500    0.0011422800    0.0085346900
   0.0011617900    0.0017170100    0.0075959900
   0.0006867600    0.0012909900    0.0084435900
   0.0009675800    0.0017447300    0.0082808700
   0.0007963800    0.0001419700   -0.0075140300
   0.0008800400   -0.0007521100   -0.0077274700
   0.0006444300   -0.0015018500   -0.0070857600
   0.0006949200   -0.0007043200   -0.0079680300
  -0.0104532400   -0.0095073000   -0.0191927500
   0.0021822800   -0.0019043400   -0.0083515400
   0.0026228800    0.0020424200   -0.0113715800
   0.0002660500   -0.0008941800   -0.0075703700

9    
 -0.0000104209743628  -0.0000007752579061   0.0099999945401119
   0.0002991000   -0.0016089300   -0.0062387900
   0.0015465700    0.0002960100   -0.0065850100
  -0.0013072200    0.0003424300   -0.0047310800
   0.0018930100    0.0005640500   -0.0039754700
  -0.0001110400   -0.0007978100   -0.0062565500
   0.0006764500   -0.0006200500   -0.0058467800
   0.0006009100   -0.0020524800   -0.0055143500
  -0.0007136100   -0.0016610200   -0.0054489200
  -0.0434540100   -0.0049997600   -0.1465200500
   0.0103797800    0.0005001900   -0.0233222500
   0.0127070900    0.0006188300   -0.0235687900
   0.0122927400   -0.0002282400   -0.0224180700
   0.0116019700   -0.0007295900   -0.0132060000
   0.0125384000    0.0011190500   -0.0227262400
   0.0117634900    0.0016320200   -0.0234585700
   0.0116345900    0.0008786100   -0.0218099200
  -0.0046391800    0.0019502800   -0.0221262600
  -0.0064477200   -0.0088348700   -0.0266114600
  -0.0122667100   -0.0014534000   -0.0212412600
  -0.0112079000   -0.0039168100   -0.0228610200
  -0.0113266300   -0.0013700800   -0.0209937500
  -0.0109864600   -0.0021359000   -0.0219939400
  -0.0113051300   -0.0026378600   -0.0211081400
  -0.0102982500   -0.0016894000   -0.0221600800
   0.0014461700    0.0044855500    0.0176268300
   0.0005133800    0.0053924600    0.0176548500
  -0.0032979900    0.0035632300    0.0165516300
   0.0026880900    0.0124753400    0.0166740300
   0.0005742000    0.0045920900    0.0163753600
   0.0004314600    0.0047784900    0.0163655800
  -0.0002085500    0.0077807400    0.0166490400
  -0.0006997400    0.0042168700    0.0175035400
  -0.0040766000   -0.0059499500    0.0199254100
  -0.0027209300   -0.0061605800    0.0170942100
   0.0007507700   -0.0084625700    0.0215714400
  -0.0008558600   -0.0075944300    0.0173693600
  -0.0019022400   -0.0071951300    0.0181296000
  -0.0011300800   -0.0075011200    0.0162087600
  -0.0021751900   -0.0057775000    0.0180682300
  -0.0015031000   -0.0061677800    0.0163191100
   0.0036223000    0.0103784800   -0.0150668200
   0.0090661000    0.0063759300   -0.0087623000
   0.0045424300    0.0113423000   -0.0152500700
   0.0028292600    0.0109628600   -0.0147533100
   0.0079687800    0.0137373000   -0.0091276000
   0.0050237500    0.0107592700   -0.0144236200
   0.0039512300    0.0105157200   -0.0148864700
   0.0048684100    0.0099177500   -0.0157646700
  -0.0064908000   -0.0072309300   -0.0021457000
  -0.0005813700   -0.0115721100   -0.0135616400
  -0.0030809300   -0.0103531600   -0.0130481900
  -0.0040100200   -0.0098880200   -0.0156738600
  -0.0064322600   -0.0080240800   -0.0031095500
  -0.0061353500   -0.0095565400   -0.0138020200
  -0.0033588400   -0.0097648100   -0.0133127600
  -0.0043687500   -0.0096588400   -0.0158199900
   0.0167234900    0.0092151900    0.0157167000
   0.0156717500    0.0095278900    0.0172065600
   0.0166212000    0.0088633400    0.0165088900
   0.0172832500    0.0089953600    0.0172953000
   0.0144403200    0.0171040700    0.0209909300
   0.0162913400    0.0082493500    0.0172502200
   0.0136361700    0.0041870700    0.0232131300
   0.0150323100    0.0081259800    0.0170873000
  -0.0172258000   -0.0070694000    0.0172807400
  -0.0176688100   -0.0078767700    0.0169967000
  -0.0187186900   -0.0077400400    0.0189697200
  -0.0179573000   -0.0074441600    0.0184082900
  -0.0179376700   -0.0082384600    0.0188406500
  -0.0172349700   -0.0056315400    0.0189795300
  -0.0108327000   -0.0093165500    0.0163756900
  -0.0151915500   -0.0082474500    0.0200808700
  -0.0024175200    0.0002501100    0.0085340400
  -0.0016730700    0.0022140000    0.0094009100
  -0.0011327400    0.0067282600    0.0082065300
   0.0010583700    0.0019876500    0.0103256800
  -0.0002102100    0.0006102900    0.0112043100
  -0.0005041900    0.0013344000    0.0113657100
  -0.0005564700    0.0011805000    0.0118623200
  -0.0010892900    0.0008701800    0.0103752800
  -0.0002352700    0.0017067700    0.0088917500
   0.0313883100   -0.0201099500    0.0470005600
   0.0005385600    0.0018852200    0.0085197000
  -0.0003440900    0.0014638600    0.0098994600
   0.0011177900    0.0013286700    0.0083590100
   0.0018665300    0.0007187400    0.0081217000
   0.0002788100    0.0012190000    0.0086401700
   0.0003172700    0.0012560400    0.0091188900
  -0.0001581600    0.0002308400   -0.0078246500
   0.0002562300   -0.0015121900   -0.0080854900
   0.0002521100   -0.0008346800   -0.0079415100
   0.0008422700   -0.0008376500   -0.0078103800
   0.0189765100    0.0124749300    0.0108830600
  -0.0013303400    0.0002378300   -0.0064383200
   0.0007324500    0.0005260900   -0.0076906700
  -0.0000241900   -0.0012148800   -0.0069749400

9    
  0.0000104209743628   0.0000007752579061  -0.0099999945401119
  -0.0000874000   -0.0005887200   -0.0060121800
  -0.0013486000   -0.0025266500   -0.0056591900
   0.0014116400   -0.0024561700   -0.0074433900
  -0.0016598800   -0.0026999500   -0.0082450200
   0.0003370200   -0.0014222300   -0.0059743000
  -0.0004847500   -0.0015359800   -0.0064186500
  -0.0004149100   -0.0001542600   -0.0067699900
   0.0010332000   -0.0004754500   -0.0066561000
   0.0661859500    0.0079185100    0.1012342900
   0.0129768800    0.0006322100   -0.0212504400
   0.0106731600    0.0005136300   -0.0208978500
   0.0110119300    0.0014479000   -0.0221299100
   0.0117928600    0.0019091200   -0.0313624600
   0.0108198500    0.0000292900   -0.0217874100
   0.0115576900   -0.0004222200   -0.0211096600
   0.0117316500    0.0002910800   -0.0227116300
  -0.0170396000   -0.0058896400   -0.0215083200
  -0.0157812700    0.0051130300   -0.0170038200
  -0.0095280000   -0.0025343200   -0.0224406200
  -0.0106607400   -0.0001225600   -0.0208493200
  -0.0104983100   -0.0026589300   -0.0227325700
  -0.0108349300   -0.0018964400   -0.0216787000
  -0.0104791300   -0.0013842200   -0.0226037200
  -0.0114927900   -0.0023272500   -0.0215684500
  -0.0004252500    0.0059547700    0.0155457500
   0.0004450800    0.0050254700    0.0156087900
   0.0043694900    0.0067053100    0.0165672400
  -0.0017200000   -0.0019151400    0.0164907600
   0.0003803100    0.0058486300    0.0168437400
   0.0005605900    0.0056829600    0.0168812100
   0.0011829600    0.0026439700    0.0165597700
   0.0016857700    0.0062139100    0.0156491500
   0.0010017300   -0.0065186500    0.0138748900
  -0.0004918800   -0.0065394900    0.0167548500
  -0.0038350000   -0.0041264200    0.0123857100
  -0.0023394800   -0.0050903900    0.0164235900
  -0.0013024900   -0.0055054100    0.0156132300
  -0.0019988500   -0.0052050700    0.0176413700
  -0.0010005500   -0.0069407800    0.0156830300
  -0.0016609000   -0.0064751200    0.0175058800
   0.0046679500    0.0111506900   -0.0150985000
  -0.0008143900    0.0151881900   -0.0214783100
   0.0037947900    0.0103191200   -0.0149230900
   0.0054106000    0.0105988700   -0.0154407200
   0.0003096900    0.0078200400   -0.0211590300
   0.0033235400    0.0108436400   -0.0157184200
   0.0043301700    0.0110553300   -0.0153478600
   0.0034456000    0.0116303500   -0.0144113700
  -0.0012398900   -0.0127438700   -0.0261311300
  -0.0070447900   -0.0084798700   -0.0157217900
  -0.0045273200   -0.0097646200   -0.0162075800
  -0.0036698000   -0.0101576700   -0.0136217900
  -0.0012770400   -0.0120699600   -0.0273042700
  -0.0015025400   -0.0105115800   -0.0154359000
  -0.0043033100   -0.0101930000   -0.0160006500
  -0.0032708300   -0.0103859100   -0.0134381100
   0.0164074100    0.0084929400    0.0193752200
   0.0174744600    0.0081884400    0.0178906600
   0.0165272500    0.0088591000    0.0185298800
   0.0158977200    0.0087419900    0.0177084900
   0.0187335500    0.0002739700    0.0139512900
   0.0169065200    0.0094852200    0.0177927300
   0.0193852000    0.0135133200    0.0118407400
   0.0181251100    0.0096501500    0.0180052700
  -0.0175658600   -0.0077525400    0.0182484900
  -0.0171189600   -0.0069149300    0.0184667100
  -0.0160544900   -0.0070654000    0.0166013000
  -0.0168633200   -0.0073043900    0.0171215600
  -0.0168709800   -0.0065019600    0.0166784200
  -0.0175036200   -0.0091281200    0.0165568600
  -0.0239017600   -0.0054802400    0.0191115200
  -0.0195168500   -0.0064378100    0.0151219700
   0.0010682100    0.0014419800    0.0126463000
   0.0003933400   -0.0005914700    0.0118061100
  -0.0000534000   -0.0049113300    0.0130989300
  -0.0022430600   -0.0002547100    0.0109165800
  -0.0010295700    0.0011257600    0.0100456200
  -0.0007440400    0.0003531400    0.0098426000
  -0.0007372300    0.0004843500    0.0094161600
  -0.0001844400    0.0008337400    0.0108607000
   0.0015200100    0.0010192600    0.0079551000
  -0.0279826600    0.0213128700   -0.0280422900
   0.0007741000    0.0008466100    0.0083546500
   0.0016397000    0.0012592600    0.0069752300
   0.0002071200    0.0014013500    0.0085252900
  -0.0005787000    0.0019815700    0.0087569500
   0.0010202500    0.0014969000    0.0082434500
   0.0009698100    0.0014297200    0.0077799000
   0.0015307700   -0.0018601400   -0.0078879900
   0.0011450100   -0.0000803400   -0.0076533300
   0.0011450600   -0.0007533200   -0.0078371700
   0.0005512500   -0.0007560700   -0.0079277100
  -0.0189368700   -0.0149677200   -0.0276866800
   0.0026948700   -0.0017971600   -0.0093209600
   0.0006469800   -0.0020642200   -0.0080639000
   0.0014166100   -0.0003878400   -0.0088156800

17   
  0.0099999933254870  -0.0000050271092071   0.0000104028067861
  -0.0000318900    0.0001833300   -0.0074358400
   0.0023241800   -0.0036278500   -0.0023417400
   0.0003562900   -0.0005655000   -0.0059333300
   0.0001604200   -0.0013421400   -0.0060924100
  -0.0021714900    0.0010938000   -0.0029154900
   0.0003577100   -0.0023929900   -0.0083956300
  -0.0000870600   -0.0009292200   -0.0069004900
   0.0000979400   -0.0009983200   -0.0062577100
   0.0154391000    0.0048359100   -0.0160337600
   0.0245791400   -0.0055660300   -0.0175686400
   0.0132536500   -0.0058808800   -0.0236631700
   0.0123282100    0.0011329400   -0.0225212800
   0.0115407300    0.0007086100   -0.0226683500
   0.0123321500    0.0011947800   -0.0223754700
   0.0111294700    0.0006783100   -0.0226606400
   0.0124693900    0.0004523900   -0.0217264800
  -0.1514400700    0.0299502000    0.0329136000
  -0.0124914000   -0.0010340200   -0.0205679100
  -0.0108800200   -0.0021478400   -0.0229000200
  -0.0115097400   -0.0006593100   -0.0224853600
  -0.0106618900   -0.0013618500   -0.0217716500
  -0.0102328400   -0.0021229400   -0.0227651800
  -0.0114039900   -0.0027296400   -0.0219642300
  -0.0107331800   -0.0019488700   -0.0218099100
   0.0015499600    0.0031697000    0.0177896400
   0.0008409300    0.0041792400    0.0185893100
   0.0005798300    0.0032333800    0.0151832300
   0.0015914100    0.0055849900    0.0157849300
  -0.0000508000    0.0045612900    0.0167550700
   0.0002061300    0.0056010100    0.0165722800
   0.0003528700    0.0044640800    0.0170533500
   0.0002029900    0.0044567400    0.0167177300
   0.0031964200   -0.0071438100    0.0191727600
   0.0025763200    0.0015377300    0.0130507400
  -0.0011909500   -0.0062848700    0.0171142200
  -0.0008734500   -0.0057397500    0.0179869400
  -0.0013061700   -0.0062359200    0.0162395300
  -0.0009276200   -0.0063510900    0.0158131900
  -0.0013739300   -0.0054799400    0.0166762500
  -0.0016601300   -0.0068423200    0.0174046100
   0.0033743600    0.0120189700   -0.0175823500
   0.0061351000    0.0102024700   -0.0172018100
   0.0035141600    0.0102118500   -0.0146338100
   0.0041725300    0.0110859200   -0.0157245300
   0.0031992800    0.0093378900   -0.0189261400
   0.0063689100    0.0104427800   -0.0115473100
   0.0035959300    0.0102158700   -0.0150679500
   0.0041157200    0.0109567700   -0.0155179300
  -0.0042060900   -0.0090287600   -0.0154597400
  -0.0028361700   -0.0121216900   -0.0170746700
  -0.0026280800   -0.0086984700   -0.0152762900
  -0.0043267200   -0.0098848500   -0.0145679300
  -0.0023371200   -0.0089102100   -0.0196374200
  -0.0038590500   -0.0095466900   -0.0143623900
  -0.0047369000   -0.0103812700   -0.0131474200
  -0.0027889000   -0.0100588500   -0.0153457000
   0.0159193800    0.0083499100    0.0184208200
   0.0177313400    0.0099016200    0.0187660300
   0.0166021000    0.0093749300    0.0174514000
   0.0170984800    0.0092322000    0.0174580900
   0.0358483400    0.0087646300    0.0112007800
   0.0205195100    0.0087889500    0.0161925500
   0.0168894500    0.0086660200    0.0179725800
   0.0173230300    0.0083793400    0.0176884200
  -0.0182124500   -0.0080145800    0.0177052800
  -0.0178681500   -0.0064172100    0.0171139000
  -0.0182865100   -0.0079628600    0.0180171000
  -0.0177727700   -0.0072479400    0.0184734100
  -0.0179338900   -0.0090577900    0.0158975400
  -0.0173122300   -0.0057652700    0.0170732700
  -0.0177729100    0.0011740100    0.0151403200
  -0.0172448100   -0.0068662300    0.0165886900
   0.0236117900   -0.0285006800    0.0163491100
   0.0040209500    0.0036178100    0.0119448200
  -0.0005683200    0.0026837200    0.0108557800
   0.0018197800   -0.0052367300    0.0092813600
  -0.0003707000    0.0015310900    0.0104983900
  -0.0007999300    0.0011547400    0.0104896900
  -0.0004429200    0.0003352000    0.0108772600
  -0.0008680000    0.0006917800    0.0105789200
   0.0256166400   -0.0193252100   -0.0242485900
   0.0027365800    0.0019306400    0.0097573000
   0.0003220200    0.0013859200    0.0089991600
   0.0000245600    0.0013948100    0.0088119200
   0.0006006400    0.0010869300    0.0092902600
   0.0002716600    0.0018849100    0.0072223600
   0.0004562800    0.0019745000    0.0081479600
   0.0007761900    0.0002532200    0.0082242200
   0.0010490500   -0.0010596800   -0.0061666800
   0.0002664000   -0.0013880700   -0.0073923000
   0.0010564300   -0.0010353000   -0.0076651800
   0.0005639100   -0.0009362000   -0.0079912800
   0.0217724300    0.0131753800   -0.0288304500
   0.0053317000   -0.0018303300   -0.0056208400
   0.0017569400    0.0005136700   -0.0067854200
   0.0002724500   -0.0010769900   -0.0077772300

17   
 -0.0099999933254870   0.0000050271092071  -0.0000104028067861
   0.0002970500   -0.0023614900   -0.0048022800
  -0.0020025800    0.0013940500   -0.0097775500
  -0.0001306900   -0.0015690100   -0.0062598500
   0.0000915300   -0.0008017600   -0.0061486800
   0.0023516200   -0.0032035400   -0.0093285100
  -0.0000848200    0.0001416500   -0.0039308000
   0.0003313500   -0.0012544000   -0.0053443200
   0.0001125800   -0.0011754700   -0.0059973700
   0.0080674300   -0.0035250000   -0.0284639500
  -0.0015016300    0.0069729600   -0.0269172500
   0.0099977700    0.0070946200   -0.0208680100
   0.0110362000    0.0000064400   -0.0219699600
   0.0118364400    0.0004204000   -0.0218266700
   0.0109801400   -0.0000176400   -0.0222252500
   0.0121891600    0.0004730400   -0.0218647800
   0.0108271800    0.0007200100   -0.0228869900
   0.1287058600   -0.0341476900   -0.0766819900
  -0.0093066200   -0.0030184100   -0.0231844700
  -0.0109357000   -0.0018697100   -0.0208438400
  -0.0102794100   -0.0033820400   -0.0212345300
  -0.0111346200   -0.0026438700   -0.0219163000
  -0.0115623700   -0.0018742700   -0.0210143000
  -0.0103856900   -0.0013182500   -0.0217470400
  -0.0110789300   -0.0020510000   -0.0219154800
  -0.0005982900    0.0071560900    0.0155270000
   0.0001414100    0.0062603100    0.0146558600
   0.0002899300    0.0071524100    0.0180624500
  -0.0005944100    0.0048757500    0.0174346200
   0.0010743600    0.0058821000    0.0164843400
   0.0007719000    0.0048563300    0.0166937900
   0.0005823800    0.0059713900    0.0161770300
   0.0007457800    0.0059796100    0.0165218200
  -0.0063101200   -0.0056052300    0.0146351000
  -0.0057711700   -0.0143411800    0.0210195400
  -0.0018896900   -0.0063919600    0.0167190700
  -0.0023280300   -0.0069435000    0.0158256600
  -0.0018429300   -0.0064743200    0.0175509000
  -0.0022372000   -0.0063239200    0.0180151900
  -0.0017830300   -0.0071998000    0.0171465100
  -0.0015202800   -0.0059078600    0.0164349500
   0.0048436300    0.0095373200   -0.0126403700
   0.0021254600    0.0114270200   -0.0129220600
   0.0047924800    0.0113885100   -0.0156092400
   0.0041387700    0.0104970700   -0.0144251700
   0.0052169000    0.0122456900   -0.0113826800
   0.0018720400    0.0111433600   -0.0186077400
   0.0047532700    0.0113187200   -0.0150171000
   0.0041350400    0.0106192400   -0.0147161200
  -0.0035151300   -0.0110366600   -0.0138056500
  -0.0047871200   -0.0079693500   -0.0122224800
  -0.0049933800   -0.0113520200   -0.0140195400
  -0.0033507500   -0.0100711500   -0.0146791900
  -0.0053107100   -0.0111110700   -0.0096720000
  -0.0038267700   -0.0104608800   -0.0149081200
  -0.0028768700   -0.0096817300   -0.0161026400
  -0.0049245400   -0.0099976900   -0.0139294700
   0.0172091400    0.0093600200    0.0166382000
   0.0153820400    0.0078024600    0.0162175900
   0.0165781500    0.0083341500    0.0175851300
   0.0159963900    0.0085017900    0.0175840700
  -0.0024209600    0.0088832800    0.0236755300
   0.0122056200    0.0087410800    0.0186080100
   0.0162825100    0.0090830700    0.0170708900
   0.0157778000    0.0093289800    0.0173636000
  -0.0165775500   -0.0067756900    0.0177444700
  -0.0169151400   -0.0083827100    0.0183568700
  -0.0164440400   -0.0068808800    0.0174970400
  -0.0170297700   -0.0075995100    0.0170576700
  -0.0166146400   -0.0058630900    0.0197129200
  -0.0175838000   -0.0090044900    0.0184225700
  -0.0170879400   -0.0157798900    0.0202856500
  -0.0175001800   -0.0079435300    0.0189127900
  -0.0237561200    0.0284169900    0.0050290000
  -0.0053856800   -0.0019389400    0.0092604400
  -0.0007560800   -0.0009612400    0.0103168300
  -0.0031418600    0.0071499700    0.0119679600
  -0.0008578200    0.0002218300    0.0107422300
  -0.0004459500    0.0005595800    0.0107424000
  -0.0008328500    0.0013641300    0.0103793800
  -0.0003884000    0.0010201600    0.0106710000
  -0.0251080500    0.0231822200    0.0427226300
  -0.0013732300    0.0007709100    0.0071689300
   0.0009721100    0.0013137300    0.0078580500
   0.0012685700    0.0013064900    0.0080982200
   0.0007085000    0.0016460200    0.0075940500
   0.0010003000    0.0008361400    0.0096783600
   0.0008106200    0.0007518100    0.0087687000
   0.0005355500    0.0024480500    0.0086413200
   0.0003303100   -0.0004973700   -0.0096178800
   0.0011577700   -0.0002206600   -0.0083919600
   0.0003409900   -0.0005147300   -0.0081140300
   0.0008377200   -0.0006667900   -0.0077773400
  -0.0194066000   -0.0139328700    0.0116619600
  -0.0039901200    0.0002412600   -0.0102057600
  -0.0003890800   -0.0021857400   -0.0090285500
   0.0011675800   -0.0005681900   -0.0079930000

17   
 -0.0000302389021940   0.0099999542487699   0.0000007945452422
   0.0010830300   -0.0017050000   -0.0076168700
  -0.0000319500   -0.0015796000   -0.0068415700
  -0.0009619100   -0.0012388400   -0.0060791600
  -0.0002493400   -0.0007891000   -0.0061745000
   0.0016595000   -0.0033306300   -0.0002456500
   0.0005200600   -0.0002164200   -0.0048115100
  -0.0010359700   -0.0004618100   -0.0069456700
   0.0003884600   -0.0006326900   -0.0066398000
   0.0158666400    0.0029836600   -0.0183559300
   0.0053962300   -0.0013717300   -0.0292760300
   0.0051714800    0.0099818200   -0.0217313200
   0.0122451600    0.0004579200   -0.0241309700
   0.0118447600    0.0003542400   -0.0216380000
   0.0122811800    0.0018832100   -0.0224649600
   0.0117692500    0.0002775600   -0.0229040300
   0.0115170600    0.0007950700   -0.0219885300
   0.0205685900   -0.1251469000   -0.0154879800
  -0.0099302900   -0.0012090500   -0.0218020400
  -0.0110402800    0.0001015400   -0.0219253600
  -0.0095312800   -0.0048571400   -0.0210409800
  -0.0102644600   -0.0028310800   -0.0205595300
  -0.0110257900   -0.0024040500   -0.0224141100
  -0.0116052300   -0.0037004400   -0.0229050200
  -0.0108486100   -0.0013771700   -0.0222036000
   0.0031331300    0.0051788200    0.0177278300
   0.0003034700    0.0051510700    0.0163457500
   0.0034148800    0.0056030000    0.0132649000
   0.0015294700    0.0049841500    0.0155590600
   0.0015703500    0.0072765900    0.0160754800
   0.0007873400    0.0047661300    0.0160787900
   0.0013275100    0.0071596200    0.0171446500
   0.0001249500    0.0046657700    0.0169042500
  -0.0089746900   -0.0050535100    0.0104257700
  -0.0008155100   -0.0048992700    0.0181390800
  -0.0020907000   -0.0062791200    0.0170732500
  -0.0018121600   -0.0062537400    0.0175412700
  -0.0013136100   -0.0056916300    0.0181348600
  -0.0018845500   -0.0061429800    0.0150654600
  -0.0013252900   -0.0062049900    0.0174157100
  -0.0017547100   -0.0062571900    0.0174235300
   0.0054936300    0.0097473200   -0.0166595400
   0.0041706600    0.0101009900   -0.0156281500
   0.0045948000    0.0142315900   -0.0147847000
   0.0036564200    0.0105678400   -0.0151432800
   0.0028990400    0.0106636700   -0.0188455900
   0.0044819500    0.0096012000   -0.0137768800
   0.0052524300    0.0150292000   -0.0133320400
   0.0037462600    0.0107002500   -0.0155880700
  -0.0038230700   -0.0105256300   -0.0153638800
  -0.0051294300   -0.0088279300   -0.0120893200
  -0.0036948900   -0.0093504500   -0.0149546000
  -0.0032090400   -0.0106130400   -0.0149064400
  -0.0004960300   -0.0090312600   -0.0193423700
  -0.0047633400   -0.0107165000   -0.0145797400
  -0.0038520700   -0.0109248400   -0.0147139100
  -0.0060913200   -0.0094617600   -0.0138690500
   0.0163642600    0.0098716000    0.0179035300
   0.0172081100    0.0088936300    0.0178499600
   0.0168821900    0.0080806100    0.0174103400
   0.0169613600    0.0092851600    0.0180346900
   0.0159739000    0.0021961400    0.0191211600
   0.0157441600    0.0139685300    0.0180839400
   0.0163157900    0.0094847500    0.0186848300
   0.0163886300    0.0093705300    0.0156394400
  -0.0177228100   -0.0053980600    0.0174179800
  -0.0174515600   -0.0073770400    0.0182534600
  -0.0179068900   -0.0051590400    0.0172528400
  -0.0165235800   -0.0073629800    0.0181238200
  -0.0076752900    0.0106945300    0.0268698300
  -0.0168438900   -0.0079904100    0.0174938200
  -0.0193142700    0.0124206400    0.0145347800
  -0.0160697000   -0.0074079500    0.0169771200
  -0.0265908700    0.0305789700    0.0020950900
   0.0006843400    0.0009202000    0.0104675600
   0.0027368500    0.0048381200    0.0091941700
  -0.0038929800    0.0063158200    0.0113345600
  -0.0008528500    0.0008812300    0.0109551700
  -0.0005739600    0.0007974400    0.0103918700
  -0.0001253400    0.0011932400    0.0112298600
  -0.0007733400    0.0002933700    0.0102447000
  -0.0188752700    0.0167612100    0.0341501300
   0.0013449800    0.0014455200    0.0088131000
  -0.0000382600    0.0028181100    0.0066789900
   0.0003692600    0.0011691900    0.0081732300
   0.0001308600    0.0009904000    0.0075831100
   0.0004618300    0.0015645500    0.0085310400
   0.0003248200    0.0009566600    0.0082933100
   0.0006001700    0.0014182200    0.0084476500
   0.0005873100   -0.0017421000   -0.0075176100
   0.0005019500   -0.0008451700   -0.0077363000
   0.0007410400   -0.0000911200   -0.0070836500
   0.0006860000   -0.0008933300   -0.0079798700
   0.0118865300    0.0079195200   -0.0191750300
  -0.0007998500    0.0003078100   -0.0083519100
  -0.0012277200   -0.0036417700   -0.0113860600
   0.0011219200   -0.0007035100   -0.0075635900

17   
  0.0000302389021940  -0.0099999542487699  -0.0000007945452422
  -0.0008784400   -0.0004392700   -0.0045848900
   0.0002864500   -0.0006244200   -0.0053786100
   0.0011968700   -0.0008649600   -0.0061645200
   0.0004902800   -0.0013433600   -0.0060445100
  -0.0015090800    0.0011821000   -0.0120858200
  -0.0002614000   -0.0019957500   -0.0074737600
   0.0012435500   -0.0017119600   -0.0054000800
  -0.0001836300   -0.0015442900   -0.0056362600
   0.0075432000   -0.0018382100   -0.0261347900
   0.0179860300    0.0023855700   -0.0153178200
   0.0181741200   -0.0088890200   -0.0228153800
   0.0111066700    0.0006974000   -0.0203911700
   0.0115381300    0.0007976500   -0.0229150000
   0.0110604400   -0.0007233100   -0.0221647500
   0.0115397600    0.0009077000   -0.0216776500
   0.0118327000    0.0003470700   -0.0225864800
  -0.0442824100    0.1222734000   -0.0281852300
  -0.0119047000   -0.0028381700   -0.0219536800
  -0.0107820500   -0.0041030800   -0.0218428200
  -0.0122548200    0.0008554600   -0.0227011900
  -0.0115274600   -0.0011660900   -0.0232240100
  -0.0107843700   -0.0015738300   -0.0213349100
  -0.0101964100   -0.0003162000   -0.0208356300
  -0.0109546800   -0.0026367400   -0.0215692500
  -0.0021821800    0.0049230800    0.0157586300
   0.0006518500    0.0052872500    0.0168950000
  -0.0025418600    0.0050122000    0.0200747300
  -0.0005444800    0.0054497800    0.0177012300
  -0.0005994300    0.0031682600    0.0171589400
   0.0001445900    0.0056959000    0.0171687800
  -0.0003689300    0.0033361700    0.0160993500
   0.0008484100    0.0057666800    0.0163556000
   0.0057518300   -0.0075549500    0.0232802100
  -0.0019651800   -0.0077017900    0.0155062100
  -0.0010661100   -0.0063604400    0.0167243000
  -0.0013526000   -0.0063894900    0.0163518600
  -0.0017994000   -0.0070697700    0.0156810700
  -0.0012571100   -0.0065685100    0.0187734300
  -0.0018318300   -0.0064757400    0.0164024800
  -0.0014186800   -0.0064356500    0.0164411800
   0.0027356000    0.0118589200   -0.0137831500
   0.0041058800    0.0114413900   -0.0145018300
   0.0036737200    0.0073418700   -0.0153064100
   0.0046222600    0.0109708000   -0.0150251300
   0.0053989600    0.0108533200   -0.0109584100
   0.0037798700    0.0119433500   -0.0163895700
   0.0030768700    0.0064866100   -0.0169052300
   0.0045467700    0.0108786900   -0.0146214300
  -0.0038109400   -0.0095586200   -0.0138701900
  -0.0023526200   -0.0112907400   -0.0173385100
  -0.0039506500   -0.0107315700   -0.0143240900
  -0.0044721800   -0.0093665200   -0.0143186300
  -0.0072446000   -0.0109727500   -0.0098648100
  -0.0028931500   -0.0093009000   -0.0147026900
  -0.0037948000   -0.0091169300   -0.0145025600
  -0.0015536300   -0.0105685400   -0.0154004200
   0.0167933800    0.0078412700    0.0171407300
   0.0159332600    0.0087982500    0.0171976100
   0.0162522100    0.0096363800    0.0176426700
   0.0161660000    0.0084273200    0.0169902400
   0.0168573300    0.0156522700    0.0159354400
   0.0173525900    0.0036021900    0.0168724200
   0.0168330900    0.0082741500    0.0163767300
   0.0167278300    0.0083138100    0.0194357500
  -0.0170547600   -0.0094265300    0.0180380000
  -0.0173690900   -0.0074511000    0.0172358800
  -0.0168775100   -0.0096357100    0.0182174500
  -0.0182516000   -0.0074534000    0.0174153300
  -0.0271196300   -0.0264147200    0.0082262900
  -0.0179791700   -0.0068124000    0.0179705600
  -0.0154868700   -0.0263536500    0.0206044100
  -0.0186686900   -0.0073994200    0.0185436900
   0.0274296700   -0.0310344200    0.0194648800
  -0.0019533300    0.0008202700    0.0107385600
  -0.0038931000   -0.0030224900    0.0120036200
   0.0025698000   -0.0044476800    0.0098976500
  -0.0004215000    0.0008351700    0.0103036900
  -0.0006712500    0.0009161600    0.0108392500
  -0.0011325000    0.0005008100    0.0100441200
  -0.0005008300    0.0014212800    0.0109961900
   0.0191033900   -0.0133816600   -0.0159099400
  -0.0000386500    0.0013094600    0.0080798000
   0.0013887600   -0.0001276900    0.0102289400
   0.0009413000    0.0015353300    0.0087613900
   0.0011704800    0.0017300900    0.0093243200
   0.0008056600    0.0011445900    0.0083652500
   0.0009764600    0.0017626300    0.0085950600
   0.0006849600    0.0012729400    0.0084398500
   0.0007840900    0.0001171000   -0.0082602300
   0.0008950700   -0.0007533900   -0.0079946400
   0.0006454200   -0.0015094200   -0.0086679500
   0.0007035100   -0.0007003700   -0.0077918400
  -0.0095054200   -0.0089879600    0.0025097100
   0.0021870700   -0.0019210400   -0.0074271000
   0.0026209800    0.0020192400   -0.0043172000
   0.0002865900   -0.0008867100   -0.0082082500

17   
 -0.0000104209743628  -0.0000007752579061   0.0099999945401119
  -0.0016770100   -0.0027481400   -0.0040007400
   0.0015177700   -0.0025310100   -0.0047469900
  -0.0013224400   -0.0024846800   -0.0065782300
  -0.0000684500   -0.0005691700   -0.0062080800
   0.0009519700   -0.0005140000   -0.0054384200
  -0.0003881100   -0.0001200500   -0.0054914900
  -0.0004471700   -0.0015512600   -0.0058610300
   0.0003497900   -0.0013901400   -0.0062672200
   0.0054120500   -0.0033735200   -0.0225704600
   0.0072362900    0.0074038900   -0.0270032100
   0.0130208700    0.0000360100   -0.0216378600
   0.0119740800    0.0024890000   -0.0232624800
   0.0120804100   -0.0000573000   -0.0214007800
   0.0117611600    0.0007113300   -0.0224080300
   0.0120695900    0.0011994300   -0.0215179100
   0.0110889600    0.0002604300   -0.0225740800
   0.0445198800    0.0035904600   -0.1459847600
  -0.0096076800   -0.0019288900   -0.0229312500
  -0.0119283000   -0.0020478800   -0.0231835100
  -0.0115211900   -0.0011935100   -0.0220060400
  -0.0108571000   -0.0006909700   -0.0128122400
  -0.0117639800   -0.0025468500   -0.0223128400
  -0.0109903800   -0.0030599700   -0.0230436900
  -0.0108564600   -0.0023182500   -0.0213819100
  -0.0018336800    0.0073583200    0.0212600500
  -0.0002483300    0.0064606000    0.0170751700
   0.0029725600    0.0048094200    0.0196212400
   0.0016461600    0.0050559900    0.0167847100
   0.0010781700    0.0046520400    0.0177788000
   0.0004285400    0.0050462200    0.0160185800
   0.0008038400    0.0060901800    0.0178417000
   0.0000442500    0.0063877000    0.0159116000
   0.0021893000   -0.0047061100    0.0168474700
  -0.0037567300   -0.0135730300    0.0169705700
  -0.0025377400   -0.0055960600    0.0179260800
  -0.0016193500   -0.0065157300    0.0179457100
  -0.0008823600   -0.0088968800    0.0169555300
  -0.0003942300   -0.0053408400    0.0178075700
  -0.0016663900   -0.0057055300    0.0166668700
  -0.0015067200   -0.0058998000    0.0166702300
   0.0067785300    0.0080073600   -0.0026150000
   0.0009104100    0.0123235900   -0.0140189100
   0.0034042800    0.0111268900   -0.0134976100
   0.0043292600    0.0106641200   -0.0161397500
   0.0067273200    0.0087907300   -0.0035503700
   0.0064582300    0.0103184700   -0.0142592600
   0.0036692200    0.0105212200   -0.0137692000
   0.0046908000    0.0104278200   -0.0162809200
  -0.0033289300   -0.0096215800   -0.0145917500
  -0.0087474800   -0.0056272800   -0.0083257900
  -0.0042099900   -0.0105785600   -0.0147946100
  -0.0025033600   -0.0101895100   -0.0143071200
  -0.0076637500   -0.0129729500   -0.0086787700
  -0.0046974700   -0.0099908400   -0.0139621000
  -0.0036443400   -0.0097627600   -0.0144077900
  -0.0045635700   -0.0091593800   -0.0153085700
   0.0178887800    0.0092129800    0.0187454500
   0.0171385000    0.0089053200    0.0181944200
   0.0163896100    0.0085342500    0.0170541100
   0.0168422800    0.0093314500    0.0167866700
   0.0099938700    0.0107619600    0.0161523000
   0.0143722300    0.0097098200    0.0198395500
   0.0171135700    0.0097101300    0.0186228000
   0.0164140400    0.0070839100    0.0187498800
  -0.0174459000   -0.0074095200    0.0167378200
  -0.0181210500   -0.0075306700    0.0175141800
  -0.0175258700   -0.0077518700    0.0159349800
  -0.0164851800   -0.0080651300    0.0174252800
  -0.0144456200   -0.0027332600    0.0234412500
  -0.0158571500   -0.0066734000    0.0173054600
  -0.0152799300   -0.0156398300    0.0212084600
  -0.0171084300   -0.0067868000    0.0174851700
  -0.0001280000   -0.0050190100    0.0081886700
  -0.0023066100   -0.0002841900    0.0103411200
   0.0011481200    0.0014519800    0.0085425100
   0.0004133600   -0.0005127600    0.0093955400
  -0.0006996700    0.0005160500    0.0118566700
  -0.0001764600    0.0008471900    0.0103760800
  -0.0010415900    0.0010831300    0.0112011400
  -0.0007690300    0.0003888000    0.0113539800
  -0.0301889100    0.0227966800    0.0469310100
   0.0015404100    0.0010043500    0.0089082400
   0.0016062000    0.0012638100    0.0099111100
   0.0007427000    0.0008498600    0.0085101400
  -0.0005748100    0.0019940100    0.0081295400
   0.0001728900    0.0013806200    0.0083525800
   0.0009813500    0.0014504000    0.0091219200
   0.0010161400    0.0014786000    0.0086243000
   0.0015409300   -0.0018197500   -0.0078173800
   0.0011226800   -0.0000700900   -0.0080828600
   0.0011616200   -0.0007523500   -0.0079380500
   0.0005557000   -0.0007647500   -0.0078188100
  -0.0176399300   -0.0141026800    0.0108490300
   0.0027063400   -0.0018356700   -0.0064356200
   0.0006560700   -0.0020895500   -0.0076891900
   0.0013957300   -0.0003828000   -0.0069605500

17   
  0.0000104209743628   0.0000007752579061  -0.0099999945401119
   0.0018568800    0.0005476700   -0.0082518700
  -0.0012238500    0.0003026400   -0.0074451100
   0.0015455400    0.0003544200   -0.0056455600
   0.0003172600   -0.0016086400   -0.0060269500
  -0.0007925400   -0.0017178300   -0.0066522100
   0.0006583600   -0.0020484800   -0.0067618000
   0.0006907900   -0.0006258800   -0.0063941600
  -0.0000989000   -0.0007670100   -0.0059722100
   0.0178316200    0.0044279800   -0.0219077400
   0.0165524200   -0.0065384700   -0.0174053600
   0.0102637700    0.0011289700   -0.0228549600
   0.0114229800   -0.0012820700   -0.0212807200
   0.0112858700    0.0012147700   -0.0231810600
   0.0115913100    0.0004338400   -0.0221231500
   0.0112654000   -0.0000381800   -0.0230155200
   0.0122476900    0.0009012700   -0.0219785200
  -0.0656721600   -0.0093925400    0.1015492700
  -0.0121972000   -0.0020827100   -0.0208121000
  -0.0098806900   -0.0019446800   -0.0205227200
  -0.0102494300   -0.0028781900   -0.0217130200
  -0.0109718100   -0.0033643800   -0.0309740900
  -0.0100132300   -0.0014753400   -0.0214090100
  -0.0107925900   -0.0009830000   -0.0206902000
  -0.0109657800   -0.0016823500   -0.0223032800
   0.0027889700    0.0030526500    0.0120569600
   0.0012395600    0.0039933000    0.0161440400
  -0.0020720700    0.0053916200    0.0135605600
  -0.0006103000    0.0054187300    0.0164633900
  -0.0000844700    0.0058215700    0.0153750600
   0.0005659900    0.0053570900    0.0171905400
   0.0002286300    0.0043850500    0.0153340000
   0.0009114700    0.0040727500    0.0173563500
  -0.0054518100   -0.0078410600    0.0168661000
   0.0006179400    0.0007795600    0.0167746900
  -0.0006533100   -0.0070718000    0.0158648400
  -0.0015541700   -0.0061609300    0.0159139200
  -0.0022942000   -0.0037918400    0.0168594600
  -0.0027984800   -0.0073665700    0.0159381100
  -0.0014720300   -0.0069476800    0.0171315400
  -0.0016409900   -0.0067870800    0.0171943500
   0.0016111700    0.0135015600   -0.0265706700
   0.0073459200    0.0092375900   -0.0161710900
   0.0048831900    0.0105232100   -0.0166596400
   0.0039931900    0.0109218500   -0.0140678800
   0.0016503800    0.0128249600   -0.0277437400
   0.0018277900    0.0112503500   -0.0159047900
   0.0046359600    0.0109879000   -0.0164341600
   0.0036069900    0.0111776200   -0.0139198300
  -0.0043296600   -0.0104163900   -0.0146205300
   0.0011235100   -0.0144451900   -0.0209941900
  -0.0034463600   -0.0095100700   -0.0144867100
  -0.0051194400   -0.0098058300   -0.0149555600
  -0.0000058500   -0.0070574800   -0.0206740800
  -0.0030200300   -0.0100505100   -0.0152547400
  -0.0040029500   -0.0102880200   -0.0148573600
  -0.0031343900   -0.0108671700   -0.0139478000
   0.0152272200    0.0085282900    0.0163082100
   0.0160152700    0.0087830400    0.0168832900
   0.0167470800    0.0092150700    0.0180182900
   0.0162968300    0.0083967700    0.0182370300
   0.0230584500    0.0069103900    0.0189401200
   0.0186966300    0.0078689100    0.0149325500
   0.0160204500    0.0080031700    0.0164589900
   0.0166914800    0.0106103000    0.0163235000
  -0.0173506200   -0.0073701800    0.0187933000
  -0.0167232600   -0.0072659500    0.0179385900
  -0.0172382600   -0.0070601900    0.0196034300
  -0.0183001800   -0.0067555300    0.0180822600
  -0.0201786100   -0.0120694700    0.0120530400
  -0.0189625700   -0.0081633500    0.0182026300
  -0.0195548300    0.0011889100    0.0141773800
  -0.0177300100   -0.0080136400    0.0180239800
  -0.0011893500    0.0066141300    0.0131063300
   0.0010086600    0.0019695700    0.0109304600
  -0.0023583400    0.0002921800    0.0126428600
  -0.0016743000    0.0022963200    0.0118178800
  -0.0005408600    0.0012099400    0.0094007100
  -0.0010859500    0.0008712200    0.0108534800
  -0.0002188400    0.0005925900    0.0100374700
  -0.0005101000    0.0013400600    0.0098475700
   0.0293486600   -0.0186059100   -0.0279892500
  -0.0002282400    0.0016870600    0.0079621300
  -0.0003328100    0.0014302700    0.0069569900
   0.0005027200    0.0018680800    0.0083615200
   0.0018549100    0.0007219700    0.0087408100
   0.0010815400    0.0013258600    0.0085296800
   0.0003337200    0.0012782000    0.0077649400
   0.0002867500    0.0012064900    0.0082346500
  -0.0001137200    0.0002608700   -0.0078947400
   0.0002533900   -0.0015021000   -0.0076455200
   0.0002472900   -0.0008452900   -0.0078329200
   0.0008318200   -0.0008336000   -0.0079380700
   0.0203696200    0.0133876900   -0.0276688800
  -0.0013001200    0.0002001300   -0.0093260800
   0.0007285500    0.0004707000   -0.0080348000
  -0.0000219300   -0.0012144900   -0.0088229000

25   
  0.0099999933254870  -0.0000050271092071   0.0000104028067861
   0.0252817200   -0.0157468800   -0.0325348700
   0.0036763200   -0.0002285100   -0.0042503200
   0.0006696600   -0.0023378400   -0.0050537800
   0.0002740800   -0.0010872700   -0.0063882100
  -0.0001440500   -0.0008773900   -0.0047952100
   0.0000707300   -0.0007979100   -0.0057798200
   0.0002261800   -0.0009098600   -0.0059144200
  -0.0002189400   -0.0009337700   -0.0062379600
   0.0120559500    0.0000885600   -0.0213178300
   0.0123924200    0.0003458200   -0.0222199100
   0.0165018800   -0.0068237900   -0.0261840500
   0.0158332900    0.0011757100   -0.0200492100
   0.0118837100    0.0008278400   -0.0221752400
   0.0116070300    0.0004348400   -0.0223580600
   0.0119514300    0.0008236700   -0.0230049400
   0.0123179700    0.0002629600   -0.0234848200
  -0.0098021000    0.0006149100   -0.0241177700
  -0.0105741800   -0.0022173600   -0.0225895900
  -0.0107471300    0.0009015200   -0.0193852700
  -0.0098461100   -0.0009651700   -0.0207067300
  -0.0114545000   -0.0009506100   -0.0213142800
  -0.0111792700   -0.0016888000   -0.0219700500
  -0.0110248500   -0.0011980800   -0.0215759300
  -0.0111798100   -0.0023744100   -0.0223105500
  -0.1405403900   -0.0253981000    0.0765012200
  -0.0008787400    0.0044721500    0.0180087100
   0.0016462800    0.0051073500    0.0152806500
  -0.0003600100    0.0039712900    0.0158417100
   0.0010561100    0.0046886300    0.0168597000
   0.0005058200    0.0055454300    0.0162708900
  -0.0002450300    0.0055275800    0.0164848000
   0.0008122400    0.0052987200    0.0167946800
   0.0120663400   -0.0007739300    0.0220241400
   0.0035241800   -0.0116456900    0.0241852900
  -0.0013093900   -0.0070826400    0.0170917800
  -0.0005198000    0.0000140200    0.0156620100
  -0.0009305900   -0.0072566200    0.0166779300
  -0.0021195400   -0.0067699700    0.0169289300
  -0.0009288700   -0.0060087500    0.0174326500
  -0.0027252600   -0.0064172600    0.0163673300
   0.0026762500    0.0020458100   -0.0174811700
   0.0044633300    0.0107980300   -0.0165980700
   0.0030985400    0.0129819200   -0.0183416600
   0.0044316100    0.0088205900   -0.0148566700
   0.0038008200    0.0113558100   -0.0154659800
   0.0040947900    0.0105167600   -0.0144884100
   0.0035495700    0.0110184900   -0.0148300100
   0.0038099200    0.0092641800   -0.0160067200
  -0.0031851000   -0.0088694400   -0.0141940100
  -0.0031523900   -0.0098151000   -0.0142885500
  -0.0011777100   -0.0091238300   -0.0182239400
   0.0158186800   -0.0085768900   -0.0208300200
  -0.0034437500   -0.0103285100   -0.0145467800
  -0.0036593800   -0.0101940900   -0.0150632600
  -0.0029214000   -0.0105797200   -0.0138075400
  -0.0045739200   -0.0095371200   -0.0143787100
   0.0167532700    0.0086992100    0.0179487000
   0.0161336300    0.0087669600    0.0154501800
   0.0178242100    0.0087701600    0.0174991000
   0.0159140400    0.0090877100    0.0189216700
   0.0179226300    0.0118503500    0.0147549500
   0.0163828000    0.0078621800    0.0169617200
   0.0155007800    0.0085763100    0.0175610100
   0.0182176600    0.0071150200    0.0165844300
  -0.0194974000   -0.0062171100    0.0142880900
  -0.0157848300   -0.0073778800    0.0207247400
  -0.0178468000   -0.0070575300    0.0179723400
  -0.0173654200   -0.0076618200    0.0177393600
  -0.0182095400   -0.0082767700    0.0167268400
  -0.0152919800   -0.0070052300    0.0158567400
  -0.0177918100   -0.0064931600    0.0178949100
  -0.0173571400   -0.0078400100    0.0170147000
   0.0247867700    0.0204137100   -0.0229684700
   0.0019645000    0.0003336200    0.0119209500
  -0.0010931500    0.0012905000    0.0112604700
  -0.0010880700    0.0008702900    0.0115131700
  -0.0002733000    0.0015423100    0.0115969100
  -0.0005008800    0.0006156000    0.0098724100
  -0.0006034400    0.0000381300    0.0103684500
  -0.0003316300    0.0019569500    0.0107872600
  -0.0000727700   -0.0011201200    0.0084164500
   0.0033277500    0.0075047500    0.0075287000
   0.0237027700    0.0269888100    0.0124126200
   0.0043880900   -0.0007610200    0.0093257700
   0.0010865700    0.0013973900    0.0085642600
   0.0003265200    0.0013714300    0.0081716000
   0.0008398000    0.0009326800    0.0082766900
   0.0005282400    0.0009180600    0.0085738300
   0.0008849700   -0.0007166400   -0.0084637700
   0.0007290000   -0.0011877200   -0.0079748600
  -0.0014837400   -0.0035425700   -0.0032505900
   0.0005840000    0.0007452600   -0.0103335700
   0.0011822400   -0.0015336500   -0.0079704700
   0.0005039400   -0.0003329900   -0.0076637500
   0.0007822900   -0.0022252400   -0.0098313700
   0.0030708000    0.0023148200   -0.0033242600

25   
 -0.0099999933254870   0.0000050271092071  -0.0000104028067861
  -0.0258577600    0.0142522800    0.0214825900
  -0.0034082200   -0.0019575400   -0.0079360400
  -0.0004194700    0.0001518500   -0.0071672200
  -0.0000669900   -0.0011003200   -0.0058426500
   0.0003488800   -0.0012535700   -0.0073942600
   0.0001301200   -0.0013672900   -0.0064420600
  -0.0000111100   -0.0012506900   -0.0063296400
   0.0004242100   -0.0012656600   -0.0060151000
   0.0113107500    0.0010822800   -0.0232039900
   0.0109139500    0.0008062000   -0.0222996700
   0.0069808800    0.0078714500   -0.0185566700
   0.0074899800    0.0000032300   -0.0244344600
   0.0114717400    0.0003333300   -0.0223751200
   0.0117316700    0.0007393700   -0.0222208200
   0.0114013100    0.0003347400   -0.0215761900
   0.0109989300    0.0008754600   -0.0210655700
  -0.0119449900   -0.0046985600   -0.0195110400
  -0.0112511600   -0.0018333600   -0.0211281700
  -0.0110151400   -0.0050580100   -0.0244276800
  -0.0120153600   -0.0030574600   -0.0229923500
  -0.0103020200   -0.0030815500   -0.0224567700
  -0.0105912600   -0.0023271500   -0.0218004300
  -0.0107969700   -0.0028668000   -0.0221498700
  -0.0106369600   -0.0016586500   -0.0214282100
   0.1423292100    0.0359416400   -0.0431583100
   0.0018279300    0.0059285600    0.0152387000
  -0.0006881400    0.0052985100    0.0179552000
   0.0013216000    0.0064436800    0.0174084800
  -0.0000663600    0.0057452900    0.0163241000
   0.0004877400    0.0048859800    0.0169823800
   0.0011986700    0.0049555100    0.0167249900
   0.0001714100    0.0051659500    0.0164267700
  -0.0149166500   -0.0117211900    0.0117478400
  -0.0067745400   -0.0009276100    0.0095772900
  -0.0018322200   -0.0056041000    0.0166976000
  -0.0025222700   -0.0126521600    0.0181696200
  -0.0022360700   -0.0054289000    0.0171497400
  -0.0010376400   -0.0059678400    0.0168445500
  -0.0021999900   -0.0066761600    0.0163828300
  -0.0004108300   -0.0062853800    0.0174545800
   0.0056007800    0.0197014000   -0.0126587800
   0.0037889600    0.0107824600   -0.0135693100
   0.0049640400    0.0084822500   -0.0119289200
   0.0039224800    0.0128116900   -0.0153671400
   0.0044517200    0.0102380000   -0.0147201800
   0.0042490100    0.0110696600   -0.0157184800
   0.0047528300    0.0105482800   -0.0153436500
   0.0045127200    0.0123453600   -0.0141613200
  -0.0044138900   -0.0111989600   -0.0150930700
  -0.0045367200   -0.0102653300   -0.0149929100
  -0.0060641800   -0.0110730300   -0.0108389500
  -0.0238468600   -0.0115625200   -0.0082322800
  -0.0042108500   -0.0097393300   -0.0147271600
  -0.0040520300   -0.0098237800   -0.0141734800
  -0.0047394800   -0.0095065700   -0.0154373500
  -0.0030710200   -0.0105078100   -0.0149000400
   0.0164238300    0.0090246900    0.0171072100
   0.0169966100    0.0090388300    0.0196250800
   0.0153509700    0.0089792100    0.0175760600
   0.0171732100    0.0086236500    0.0161575300
   0.0151602400    0.0058230700    0.0203598100
   0.0167839600    0.0098303400    0.0181123400
   0.0176596200    0.0092286200    0.0175057400
   0.0149173700    0.0106142100    0.0184916700
  -0.0153797000   -0.0085524600    0.0213164800
  -0.0189943900   -0.0074105800    0.0147641000
  -0.0169775100   -0.0077685100    0.0174719700
  -0.0173794100   -0.0071641000    0.0177914500
  -0.0165596600   -0.0065315300    0.0188461100
  -0.0194159100   -0.0077590500    0.0196476100
  -0.0170062300   -0.0082892600    0.0176431900
  -0.0174206100   -0.0069582900    0.0185037500
  -0.0251728300   -0.0175940800    0.0425781300
  -0.0033148000    0.0013826900    0.0092596900
  -0.0001681800    0.0004231600    0.0099994200
  -0.0001596500    0.0008278900    0.0096953800
  -0.0009758200    0.0001903100    0.0096368200
  -0.0007608600    0.0010922100    0.0113685900
  -0.0006424100    0.0016729400    0.0108520800
  -0.0009264300   -0.0002600800    0.0104604100
   0.0014434700    0.0038674900    0.0085000300
  -0.0019760800   -0.0046135600    0.0093538300
  -0.0235387900   -0.0260904000    0.0044066900
  -0.0030075300    0.0034329800    0.0075582500
   0.0001931300    0.0012984400    0.0083078000
   0.0009722800    0.0013476000    0.0087089800
   0.0004448500    0.0017937200    0.0085969500
   0.0007505800    0.0017835500    0.0082978500
   0.0005001000   -0.0009045900   -0.0072861800
   0.0006804200   -0.0004042600   -0.0077797400
   0.0028935100    0.0019710000   -0.0124716100
   0.0007359200   -0.0024095400   -0.0052878700
   0.0002016300    0.0000159300   -0.0078329200
   0.0009011000   -0.0012353500   -0.0081252800
   0.0005528700    0.0006225200   -0.0059003200
  -0.0018032200   -0.0040165500   -0.0126090200

25   
 -0.0000302389021940   0.0099999542487699   0.0000007945452422
  -0.0190771500    0.0144563100    0.0158545800
   0.0010927400   -0.0006323500   -0.0057589700
   0.0018424800   -0.0022684600   -0.0033925000
  -0.0003545900   -0.0010272500   -0.0061206600
  -0.0000072800   -0.0015325800   -0.0059831900
   0.0001466900   -0.0010108000   -0.0065693600
   0.0002850900   -0.0005853600   -0.0066406800
  -0.0000238500   -0.0012456200   -0.0059699800
   0.0117212600    0.0006822900   -0.0230512200
   0.0123047300    0.0006698300   -0.0221193600
   0.0107582100    0.0018808800   -0.0237208900
   0.0196102100    0.0020841900   -0.0150663700
   0.0125259100    0.0007173800   -0.0228946300
   0.0112101500    0.0006826300   -0.0227020000
   0.0117652000    0.0012979900   -0.0197671100
   0.0116739600    0.0007860900   -0.0232937400
  -0.0128692400   -0.0017908300   -0.0197719000
  -0.0119670300   -0.0020907600   -0.0206410900
  -0.0128395100   -0.0019356400   -0.0223181000
  -0.0105576900   -0.0022549700   -0.0220140300
  -0.0115435500    0.0000130700   -0.0225030000
  -0.0105331900   -0.0024869900   -0.0220453100
  -0.0116388200   -0.0000901600   -0.0210205900
  -0.0116206700   -0.0025502600   -0.0207575500
  -0.0288199700   -0.1274086200    0.0058457300
  -0.0002679400    0.0051976500    0.0170269900
   0.0004225800    0.0065794300    0.0161680100
  -0.0007604500    0.0020858400    0.0159016500
  -0.0000462900    0.0045952000    0.0154313000
   0.0008421600    0.0044634800    0.0166220500
   0.0007597600    0.0034230600    0.0176321700
   0.0005682500    0.0059921500    0.0166799800
   0.0038643400   -0.0089954600    0.0236300600
  -0.0069265400   -0.0051098800    0.0122848100
  -0.0023080600   -0.0062839900    0.0181499400
   0.0047431500    0.0032580500    0.0168455100
  -0.0025154100   -0.0056255300    0.0176799900
  -0.0020006600   -0.0064293900    0.0161036300
  -0.0012642300   -0.0054037900    0.0162574200
  -0.0015929900   -0.0061508000    0.0170450500
   0.0068941700    0.0275714300   -0.0130193800
   0.0028616800    0.0114234000   -0.0145294300
  -0.0059390400    0.0297496700   -0.0259231300
   0.0036154600    0.0109741800   -0.0143337600
   0.0044900200    0.0124387000   -0.0146160900
   0.0025962100    0.0105520900   -0.0153065300
   0.0049303000    0.0123736400   -0.0141294700
   0.0042297400    0.0107072700   -0.0157412700
  -0.0031310700   -0.0094489000   -0.0131640200
  -0.0031764700   -0.0096746900   -0.0158015000
  -0.0028907200   -0.0055085000   -0.0149523500
  -0.0026079400   -0.0159262400   -0.0157311700
  -0.0042953200   -0.0094662500   -0.0145968700
  -0.0042163000   -0.0109591300   -0.0141924100
  -0.0047699000   -0.0093940700   -0.0150537500
  -0.0033683100   -0.0095728100   -0.0147593700
   0.0177185500    0.0087043800    0.0175814100
   0.0156253300    0.0093401000    0.0199187400
   0.0186414000    0.0094150400    0.0170602000
   0.0163604100    0.0081396800    0.0173848500
   0.0177402400    0.0105635200    0.0148474100
   0.0167651400    0.0077758000    0.0174327600
   0.0163067000    0.0078277900    0.0176038700
   0.0167488800    0.0095053500    0.0180111500
  -0.0159674500   -0.0087800900    0.0206524500
  -0.0176300900   -0.0083853700    0.0162077500
  -0.0181008500   -0.0033126000    0.0176255600
  -0.0171069800   -0.0079444300    0.0178920900
  -0.0185257000   -0.0078447400    0.0192450500
  -0.0176944000   -0.0085751700    0.0184742300
  -0.0178671900   -0.0037299800    0.0174193000
  -0.0167611600   -0.0070171700    0.0180620600
   0.0206537700    0.0167577800   -0.0162899800
  -0.0007866100    0.0017808300    0.0106842400
  -0.0003600200    0.0028119000    0.0121782000
  -0.0005349100    0.0006105000    0.0111126800
   0.0001410900    0.0008332600    0.0118575300
  -0.0005758800    0.0010150600    0.0104576700
  -0.0006993100    0.0005004600    0.0103552700
  -0.0008215500    0.0010398600    0.0103631500
  -0.0028536900    0.0061847800    0.0101974400
   0.0037925500    0.0065603300    0.0078035700
   0.0292534100    0.0347186000    0.0172000200
  -0.0012728500    0.0017585600    0.0084875800
  -0.0000482600    0.0019703500    0.0080075400
   0.0007849000    0.0005313900    0.0088229900
   0.0006619500    0.0018776000    0.0081217200
   0.0007632100    0.0012513100    0.0086561700
   0.0010805700   -0.0003827800   -0.0077095900
   0.0003506100   -0.0007378500   -0.0074186700
  -0.0018325900   -0.0034638700   -0.0159633000
   0.0004237300    0.0001384500   -0.0095273600
   0.0013445100   -0.0005719500   -0.0066944200
   0.0012952900   -0.0005923100   -0.0082600600
  -0.0003009000   -0.0013557900   -0.0063197800
   0.0014639100   -0.0007144000   -0.0067276100

25   
  0.0000302389021940  -0.0099999542487699  -0.0000007945452422
   0.0183943700   -0.0162844100   -0.0271508300
  -0.0008626800   -0.0015679300   -0.0064498600
  -0.0016456200    0.0001096000   -0.0089204700
   0.0005895400   -0.0010909300   -0.0061320000
   0.0002547100   -0.0006264200   -0.0062420900
   0.0000639100   -0.0011300600   -0.0057090500
  -0.0000723800   -0.0016416900   -0.0055713400
   0.0002380700   -0.0009719200   -0.0062639700
   0.0115872400    0.0005506200   -0.0215694700
   0.0110976100    0.0005222400   -0.0224456800
   0.0123253400   -0.0006317200   -0.0206481600
   0.0037994800   -0.0007755100   -0.0293796100
   0.0108356300    0.0004533300   -0.0216779300
   0.0121185600    0.0005121000   -0.0218422700
   0.0115320900   -0.0000983200   -0.0248298900
   0.0116610300    0.0003688600   -0.0213031500
  -0.0088639000   -0.0020300200   -0.0240782700
  -0.0098458100   -0.0019757500   -0.0231270000
  -0.0089390300   -0.0024436100   -0.0216729600
  -0.0112540300   -0.0017784300   -0.0216762700
  -0.0102123200   -0.0040396600   -0.0213085600
  -0.0112671700   -0.0015162800   -0.0217390600
  -0.0101149200   -0.0039581500   -0.0227316300
  -0.0101189400   -0.0014806000   -0.0230276900
   0.0317606500    0.1396202400    0.0274571700
   0.0012264900    0.0051723600    0.0162686300
   0.0005891700    0.0038736900    0.0170315300
   0.0017185700    0.0084228800    0.0173490200
   0.0010774700    0.0059315200    0.0178260100
   0.0001427800    0.0060405400    0.0166129900
   0.0001934700    0.0070352400    0.0155920700
   0.0004281800    0.0044517900    0.0165629400
  -0.0070326500   -0.0038926700    0.0102719800
   0.0037971500   -0.0076441800    0.0215278800
  -0.0008261300   -0.0063910600    0.0156458400
  -0.0078907700   -0.0159868100    0.0170143100
  -0.0006613800   -0.0070615700    0.0161900200
  -0.0012156700   -0.0062603700    0.0177320000
  -0.0019144400   -0.0073141500    0.0175478300
  -0.0015313500   -0.0065779200    0.0167728100
   0.0013163600   -0.0053037900   -0.0169073600
   0.0054138600    0.0101012100   -0.0156344500
   0.0143156700   -0.0090891300   -0.0038575300
   0.0046530700    0.0105820600   -0.0158747800
   0.0038157700    0.0091161400   -0.0155027200
   0.0056946900    0.0109872300   -0.0149478500
   0.0033516300    0.0091443300   -0.0160076200
   0.0040974100    0.0108331100   -0.0144037700
  -0.0044893900   -0.0106406900   -0.0161266100
  -0.0044676200   -0.0104050000   -0.0134236000
  -0.0046702500   -0.0146046800   -0.0142852900
  -0.0047775200   -0.0039133300   -0.0135743100
  -0.0033979000   -0.0105913900   -0.0146739300
  -0.0034083100   -0.0090080900   -0.0151034700
  -0.0028885200   -0.0106585700   -0.0141965200
  -0.0042829400   -0.0104425700   -0.0144513200
   0.0154401000    0.0090092000    0.0174764900
   0.0175618600    0.0084462700    0.0150433300
   0.0144686000    0.0083124200    0.0180206200
   0.0167372100    0.0095724000    0.0176620300
   0.0152232600    0.0070489400    0.0203321900
   0.0163638800    0.0098667800    0.0175713100
   0.0168637000    0.0099448300    0.0174463300
   0.0163875300    0.0081553900    0.0170348200
  -0.0188194700   -0.0059862700    0.0143898400
  -0.0171992600   -0.0063957700    0.0192420600
  -0.0167492300   -0.0115639700    0.0179712100
  -0.0176780100   -0.0069107800    0.0176152700
  -0.0162759100   -0.0069390600    0.0165167100
  -0.0170885800   -0.0062674400    0.0170037900
  -0.0168553200   -0.0110441300    0.0180003800
  -0.0180003700   -0.0077863200    0.0174460300
  -0.0208139500   -0.0144985700    0.0362851400
  -0.0004555500   -0.0000424900    0.0105783300
  -0.0009407800   -0.0011163900    0.0090387000
  -0.0007480200    0.0011196800    0.0100966400
  -0.0014221000    0.0008766300    0.0093584800
  -0.0006714300    0.0006894800    0.0107667100
  -0.0005615100    0.0012300900    0.0108802600
  -0.0004566000    0.0006650600    0.0108932500
   0.0040631300   -0.0033869800    0.0067434000
  -0.0024423200   -0.0036926100    0.0091173200
  -0.0302894900   -0.0343761000   -0.0006934300
   0.0026055900    0.0009748900    0.0084461000
   0.0013395200    0.0007649400    0.0088914700
   0.0005212600    0.0021776300    0.0081049300
   0.0006417800    0.0008289600    0.0087494500
   0.0005021500    0.0014737000    0.0082425400
   0.0003330800   -0.0012227200   -0.0079603100
   0.0010460300   -0.0008741000   -0.0083515400
   0.0033231200    0.0018567500    0.0003587000
   0.0009194900   -0.0017856100   -0.0061719200
   0.0000057300   -0.0009650600   -0.0090274900
   0.0000846500   -0.0009921400   -0.0075046200
   0.0017147700   -0.0002474600   -0.0094770500
  -0.0001168600   -0.0009217300   -0.0090721400

25   
 -0.0000104209743628  -0.0000007752579061   0.0099999945401119
  -0.0275340900    0.0166367600    0.0234389900
   0.0019720000    0.0004920000   -0.0051771100
  -0.0002400300   -0.0014047600   -0.0056829800
   0.0002802800   -0.0016360100   -0.0054679300
   0.0012378400   -0.0011471800   -0.0059290200
   0.0002022700   -0.0015983100   -0.0065660600
   0.0004586400   -0.0010867600   -0.0059670600
   0.0000006700   -0.0013545100   -0.0058782000
   0.0114874700    0.0004191000   -0.0212576300
   0.0106056800   -0.0000094400   -0.0212647100
   0.0094437700    0.0069350500   -0.0222624000
   0.0157092900   -0.0006627800   -0.0221038400
   0.0119329700    0.0000865500   -0.0225112300
   0.0111882800    0.0000698000   -0.0225227700
   0.0123478500   -0.0006363700   -0.0221753200
   0.0127610900    0.0024530300   -0.0213564300
  -0.0097343000   -0.0011036500   -0.0172465800
  -0.0089533800   -0.0022586900   -0.0214163200
  -0.0123274100   -0.0054320800   -0.0188605600
  -0.0117436700   -0.0031001300   -0.0216942500
  -0.0107776100   -0.0025484300   -0.0206378300
  -0.0109460800   -0.0025784600   -0.0224521700
  -0.0104566900   -0.0014605900   -0.0205723900
  -0.0107897200   -0.0017456100   -0.0225837000
   0.0602730900   -0.0061449900   -0.1168474400
   0.0018597400    0.0055955900    0.0147761200
  -0.0008541100    0.0048221900    0.0151047300
  -0.0003248500    0.0045182100    0.0168599900
   0.0007694400    0.0040367100    0.0266854800
   0.0001148500    0.0052750100    0.0164999900
   0.0003503900    0.0062049500    0.0154445700
   0.0006702600    0.0052487400    0.0174867700
  -0.0068842100   -0.0131813500    0.0127777900
  -0.0088181300   -0.0018294100    0.0157820800
  -0.0017764100   -0.0075962300    0.0160042100
  -0.0002828500   -0.0062489700    0.0178138000
  -0.0013317400   -0.0071050700    0.0173096300
  -0.0016181500   -0.0055249000    0.0172904500
  -0.0020964600   -0.0057068200    0.0169111900
  -0.0010222800   -0.0064886700    0.0172751700
   0.0078383800    0.0211097100   -0.0114106400
   0.0039789800    0.0100728800   -0.0155101600
   0.0074898600    0.0077801800   -0.0098274400
   0.0063368600    0.0101465500   -0.0152902900
   0.0041505100    0.0110375500   -0.0168000700
   0.0048609400    0.0114034900   -0.0157474600
   0.0040095300    0.0100678100   -0.0163619100
   0.0033976800    0.0112798300   -0.0156451600
  -0.0037382600   -0.0085669200   -0.0143523500
  -0.0034232700   -0.0106094000   -0.0136188100
  -0.0071042700   -0.0112190300   -0.0112758700
  -0.0101897900   -0.0119118200   -0.0171236100
  -0.0038594700   -0.0101476200   -0.0151266100
  -0.0039145800   -0.0097498100   -0.0154123400
  -0.0028459600   -0.0100923900   -0.0140933900
  -0.0033994800   -0.0101555600   -0.0145461600
   0.0155100300    0.0087734300    0.0174636400
   0.0166817900    0.0096430500    0.0201351600
   0.0159602000    0.0081702900    0.0173643400
   0.0167250900    0.0090709000    0.0174719900
   0.0120475900    0.0041715100    0.0231571000
   0.0173306800    0.0086658900    0.0186512300
   0.0178883500    0.0089521200    0.0175348100
   0.0160386900    0.0093908400    0.0170398100
  -0.0145743100   -0.0072244200    0.0313120700
  -0.0159538900   -0.0070645500    0.0185699200
  -0.0178455000   -0.0072934200    0.0189696400
  -0.0165447200   -0.0072707600    0.0171007000
  -0.0142304300   -0.0029287500    0.0320615200
  -0.0205333600   -0.0092512000    0.0189560800
  -0.0175174000   -0.0089382600    0.0190206100
  -0.0169207300   -0.0070617900    0.0165103800
  -0.0307221200   -0.0179175800    0.0465348300
   0.0002897300    0.0012325000    0.0110464500
   0.0003748200    0.0007432100    0.0121796500
  -0.0003144700    0.0010667800    0.0105903100
  -0.0021768500   -0.0000911900    0.0100783200
  -0.0011688400    0.0007778200    0.0103919300
  -0.0003948600    0.0008535500    0.0111762000
  -0.0005600900    0.0003808200    0.0107697100
   0.0027653100    0.0003287200    0.0059404700
   0.0015557400    0.0028238500    0.0073934200
   0.0016489900    0.0102801800    0.0077070200
  -0.0005747500    0.0025476100    0.0083505000
   0.0000035500    0.0010378000    0.0092895300
   0.0005232000    0.0020520500    0.0090378000
   0.0005552600    0.0017189500    0.0097383900
   0.0008837200    0.0014924900    0.0082468200
  -0.0005088800   -0.0003487700   -0.0077875100
   0.0005685900   -0.0000337500   -0.0081893000
   0.0030861500   -0.0021614900   -0.0053130800
   0.0001035500   -0.0018850400   -0.0074959100
  -0.0003183800    0.0014080900   -0.0089532000
   0.0001667800   -0.0012947800   -0.0077929500
  -0.0016568400    0.0005031000   -0.0054439900
   0.0030672600    0.0010312600   -0.0056991700

25   
  0.0000104209743628   0.0000007752579061  -0.0099999945401119
   0.0263914000   -0.0179150200   -0.0346983800
  -0.0017545600   -0.0027197700   -0.0070233300
   0.0004486900   -0.0007951200   -0.0065817400
  -0.0000718800   -0.0005411900   -0.0067739300
  -0.0010742200   -0.0009557000   -0.0063594300
  -0.0000072200   -0.0005536100   -0.0057129200
  -0.0002083800   -0.0011282300   -0.0062888800
   0.0002213400   -0.0008320300   -0.0063715200
   0.0119159500    0.0007704400   -0.0232997700
   0.0127848000    0.0011673300   -0.0232656300
   0.0139833300   -0.0058551300   -0.0222270100
   0.0077364900    0.0019586100   -0.0222748800
   0.0114432900    0.0010886000   -0.0220438300
   0.0121276600    0.0010758500   -0.0220102600
   0.0110404500    0.0018197200   -0.0222730200
   0.0105674300   -0.0012343600   -0.0232417400
  -0.0120217000   -0.0030823600   -0.0264436000
  -0.0129054500   -0.0017446400   -0.0223389300
  -0.0094596800    0.0013973300   -0.0248913400
  -0.0100953300   -0.0009307600   -0.0220132300
  -0.0110380100   -0.0014784200   -0.0230775300
  -0.0108413300   -0.0014805100   -0.0212771100
  -0.0113491100   -0.0025285700   -0.0231090900
  -0.0110032700   -0.0022904100   -0.0211274200
  -0.0599585700    0.0150138600    0.1509901900
  -0.0009028100    0.0048708900    0.0184887500
   0.0018250500    0.0056116700    0.0181462900
   0.0012324000    0.0059086600    0.0163593800
   0.0002917900    0.0064160100    0.0065300200
   0.0008430100    0.0052265800    0.0166962100
   0.0006228600    0.0042220800    0.0177964500
   0.0003139700    0.0051802600    0.0157313500
   0.0033564500    0.0001922200    0.0209521900
   0.0057947000   -0.0110027000    0.0180279500
  -0.0013882500   -0.0050472900    0.0178332500
  -0.0027869100   -0.0064215900    0.0160103500
  -0.0018152000   -0.0056022500    0.0165022300
  -0.0015894300   -0.0071804500    0.0165171500
  -0.0010391300   -0.0069701500    0.0169165000
  -0.0021344800   -0.0062126800    0.0165475800
   0.0004559800    0.0007178600   -0.0186727100
   0.0043296300    0.0114991700   -0.0146660500
   0.0006745100    0.0138588700   -0.0203703500
   0.0020079800    0.0114144500   -0.0149020800
   0.0041691400    0.0105282100   -0.0134224800
   0.0034219400    0.0101713500   -0.0144477800
   0.0043051300    0.0115264800   -0.0138347600
   0.0049137900    0.0102830800   -0.0145375100
  -0.0038824800   -0.0115315900   -0.0149280400
  -0.0042410000   -0.0094426100   -0.0156945500
  -0.0004843300   -0.0089698700   -0.0177699400
   0.0025303800   -0.0081925600   -0.0121278900
  -0.0037681900   -0.0099130800   -0.0141339100
  -0.0037836600   -0.0102948700   -0.0138527900
  -0.0047958100   -0.0099500400   -0.0152136500
  -0.0042379700   -0.0098817500   -0.0146967400
   0.0176692800    0.0089423200    0.0175514300
   0.0164496600    0.0080812300    0.0149869600
   0.0172349500    0.0095830700    0.0176912300
   0.0163629200    0.0086987300    0.0175750800
   0.0210767600    0.0135088000    0.0118989200
   0.0157888700    0.0090705400    0.0164012500
   0.0152599200    0.0087903800    0.0175057700
   0.0170952400    0.0082954200    0.0180375800
  -0.0202834900   -0.0075453100    0.0051757700
  -0.0188216400   -0.0077532700    0.0169026400
  -0.0169599000   -0.0075943300    0.0165457800
  -0.0182295900   -0.0075373300    0.0184026900
  -0.0206922800   -0.0120025300    0.0024022000
  -0.0142432900   -0.0055346600    0.0165496700
  -0.0172480700   -0.0058237500    0.0164321200
  -0.0178972600   -0.0077438100    0.0190176200
   0.0316063200    0.0210442900   -0.0273085500
  -0.0015345000    0.0004610000    0.0101668100
  -0.0016438000    0.0009534900    0.0090437800
  -0.0009127100    0.0006442400    0.0106313100
   0.0009564700    0.0017945900    0.0111559300
  -0.0000757100    0.0009392800    0.0108468600
  -0.0008921700    0.0008587200    0.0100639300
  -0.0007291200    0.0013380400    0.0104794300
  -0.0015222400    0.0024361000    0.0109921700
  -0.0002688100   -0.0000507400    0.0095003900
  -0.0002733200   -0.0076670500    0.0091182500
   0.0019078900    0.0001334800    0.0085213700
   0.0012977700    0.0016612100    0.0075964500
   0.0007487900    0.0006757600    0.0078484900
   0.0007252300    0.0010139000    0.0071412700
   0.0004061200    0.0012237300    0.0086258100
   0.0018839300   -0.0012572300   -0.0079639700
   0.0008369600   -0.0015520700   -0.0075737600
  -0.0016539700    0.0004800000   -0.0105799300
   0.0012408400    0.0002811800   -0.0082206300
   0.0016995300   -0.0029801500   -0.0067814100
   0.0012083400   -0.0003019400   -0.0079656700
   0.0030761400   -0.0021361200   -0.0103414100
  -0.0017612400   -0.0026695200   -0.0101236800

33   
  0.0099999933254870  -0.0000050271092071   0.0000104028067861
   0.0036267000   -0.0002294000   -0.0079394400
   0.0260508700   -0.0164353600    0.0215257200
   0.0002861000   -0.0010767000   -0.0058382900
   0.0006550500   -0.0023227100   -0.0071496400
   0.0000943700   -0.0008152900   -0.0064339500
  -0.0001358900   -0.0009267200   -0.0073791900
  -0.0002000200   -0.0009126900   -0.0060173500
   0.0002339100   -0.0009329500   -0.0063337400
   0.0118064900    0.0036388700   -0.0248288100
   0.0128080900    0.0016325800   -0.0233884600
   0.0127102900    0.0032707900   -0.0199158700
   0.0120321300    0.0004081300   -0.0215394500
   0.0115707300    0.0014413600   -0.0225742900
   0.0114030000    0.0002207600   -0.0218633400
   0.0110939400    0.0016634000   -0.0228833400
   0.0113805700    0.0009108100   -0.0222240500
  -0.0062178700   -0.0093107400   -0.0181178300
  -0.0067213300   -0.0014305400   -0.0240078500
  -0.0105339200   -0.0025116300   -0.0228073000
  -0.0101497500   -0.0022390600   -0.0218847900
  -0.0106266600   -0.0017755300   -0.0211827000
  -0.0102208600   -0.0023093400   -0.0206693600
  -0.0107039400   -0.0017598800   -0.0219693300
  -0.0109745400   -0.0021629900   -0.0218127700
   0.0138302200    0.0106321200    0.0114816700
   0.0056832500   -0.0001882700    0.0092935200
   0.0007474500    0.0044736800    0.0163989200
   0.0014290300    0.0115273500    0.0178751700
   0.0011557300    0.0043039900    0.0168551000
  -0.0000412800    0.0048439000    0.0165519600
   0.0011072400    0.0055779800    0.0160912100
  -0.0006821900    0.0051755700    0.0171705900
  -0.1433232100   -0.0370981000   -0.0431491200
  -0.0028989700   -0.0070511300    0.0155545900
  -0.0004015500   -0.0064214000    0.0182609300
  -0.0024143600   -0.0075643400    0.0177045300
  -0.0010215500   -0.0068751100    0.0166170000
  -0.0015934900   -0.0060204100    0.0172787500
  -0.0022844600   -0.0060696700    0.0170266600
  -0.0012517300   -0.0062817000    0.0167451500
   0.0063610000    0.0118243600   -0.0113076200
   0.0241430000    0.0123171100   -0.0086484100
   0.0047322300    0.0119552800   -0.0155488900
   0.0048531400    0.0110241900   -0.0154597400
   0.0050668300    0.0102544600   -0.0158938800
   0.0034109200    0.0112613400   -0.0153644300
   0.0045338000    0.0104993000   -0.0151833000
   0.0043732200    0.0105866900   -0.0146369600
  -0.0046504800   -0.0077228100   -0.0114874300
  -0.0035996600   -0.0120604700   -0.0149129600
  -0.0052719800   -0.0189156000   -0.0122071700
  -0.0034642700   -0.0099831800   -0.0131082800
  -0.0044245900   -0.0097597400   -0.0148799000
  -0.0041956300   -0.0115603200   -0.0136942000
  -0.0041336700   -0.0094784900   -0.0142572500
  -0.0039290800   -0.0103000800   -0.0152649700
   0.0145676800    0.0100042200    0.0210810900
   0.0181854700    0.0088645300    0.0145280400
   0.0161549600    0.0092295400    0.0172457100
   0.0165631900    0.0086299400    0.0175689000
   0.0157240400    0.0079813300    0.0186384500
   0.0185859900    0.0092187100    0.0194336300
   0.0161882900    0.0097556400    0.0174250100
   0.0165972400    0.0084129400    0.0182820000
  -0.0172623900   -0.0075585100    0.0173242200
  -0.0178418300   -0.0075679300    0.0198390900
  -0.0161780900   -0.0075156100    0.0177957000
  -0.0180027300   -0.0071687100    0.0163641200
  -0.0159912700   -0.0043658800    0.0205995200
  -0.0176164500   -0.0083731000    0.0183401000
  -0.0185030500   -0.0077486700    0.0177329700
  -0.0157559200   -0.0091449000    0.0187267500
   0.0238392000    0.0192974300    0.0426328400
   0.0020552100    0.0003277100    0.0092906100
  -0.0010943200    0.0012851400    0.0100012700
  -0.0010980700    0.0008886600    0.0096912300
  -0.0002962400    0.0015132500    0.0096354000
  -0.0004977600    0.0006276900    0.0113563600
  -0.0006106100    0.0000328000    0.0108604000
  -0.0003241000    0.0019695800    0.0104548800
   0.0043004600   -0.0007399100    0.0075788200
   0.0248668000    0.0288315700    0.0044694100
   0.0032621700    0.0073229900    0.0093745100
  -0.0001416000   -0.0011481200    0.0085070800
   0.0005388100    0.0009233600    0.0082922700
   0.0008529200    0.0009088000    0.0085962900
   0.0002990500    0.0013640900    0.0087196200
   0.0010856700    0.0013982800    0.0083127500
  -0.0015228500   -0.0035643600   -0.0124885100
   0.0006356500    0.0008124300   -0.0053005400
   0.0008855900   -0.0006844300   -0.0073030600
   0.0007077400   -0.0011922100   -0.0078044000
   0.0008363700   -0.0022279600   -0.0059012500
   0.0032056400    0.0024109500   -0.0126163200
   0.0011908100   -0.0015960200   -0.0078216200
   0.0004959800   -0.0003569400   -0.0081291500

33   
 -0.0099999933254870   0.0000050271092071  -0.0000104028067861
  -0.0034587900   -0.0019176600   -0.0042368000
  -0.0250055500    0.0135488100   -0.0325657500
  -0.0000277400   -0.0010950500   -0.0063896300
  -0.0004464100    0.0001644400   -0.0050904900
   0.0001581400   -0.0013564100   -0.0057875800
   0.0003611700   -0.0012902500   -0.0048070300
   0.0004458100   -0.0012324000   -0.0062149300
  -0.0000171900   -0.0012871600   -0.0058935800
   0.0115040400   -0.0023030700   -0.0197856500
   0.0106253100   -0.0004701800   -0.0210884900
   0.0105731400   -0.0020644400   -0.0245523700
   0.0113508700    0.0008015500   -0.0230151000
   0.0117922600   -0.0002433600   -0.0219804400
   0.0119467200    0.0009645000   -0.0227419700
   0.0122155400   -0.0004865500   -0.0217175800
   0.0119249800    0.0002729000   -0.0223669400
  -0.0157583800    0.0054311900   -0.0257612300
  -0.0150598000   -0.0026006900   -0.0196687400
  -0.0112525200   -0.0015168800   -0.0209368400
  -0.0116200700   -0.0017901200   -0.0218209000
  -0.0111475500   -0.0022711500   -0.0226192200
  -0.0115302000   -0.0017201700   -0.0230411300
  -0.0111118400   -0.0022440400   -0.0217626200
  -0.0108403700   -0.0018380600   -0.0219518800
  -0.0131589400   -0.0003505800    0.0217129600
  -0.0046090200    0.0105236600    0.0238798500
   0.0002005300    0.0059389300    0.0167770200
  -0.0005629700   -0.0011195300    0.0153406200
  -0.0001607000    0.0061368200    0.0163706000
   0.0010344700    0.0056640800    0.0166005200
  -0.0001377200    0.0049107300    0.0171440300
   0.0016313700    0.0052850400    0.0160799600
   0.1393486100    0.0243313500    0.0770990400
  -0.0001936400   -0.0055583200    0.0182919800
  -0.0027394300   -0.0062399100    0.0155634800
  -0.0007374700   -0.0051149400    0.0161390200
  -0.0021484400   -0.0058081900    0.0171536000
  -0.0016198300   -0.0066980400    0.0165522400
  -0.0008417400   -0.0066191800    0.0167889900
  -0.0018985500   -0.0064004100    0.0170760400
   0.0015036900    0.0099210900   -0.0186919200
  -0.0154636500    0.0093571700   -0.0213346800
   0.0035206600    0.0096232300   -0.0146312100
   0.0034829100    0.0105825300   -0.0147178700
   0.0032285300    0.0113135100   -0.0142625200
   0.0048805300    0.0102943700   -0.0148449400
   0.0037672700    0.0111149500   -0.0149894700
   0.0039698100    0.0109680000   -0.0155436300
  -0.0027942100   -0.0122230200   -0.0178726000
  -0.0040820300   -0.0080569200   -0.0144399300
  -0.0023701500   -0.0013082500   -0.0169992300
  -0.0041701300   -0.0100444900   -0.0161136800
  -0.0032123200   -0.0102612700   -0.0143779700
  -0.0035058400   -0.0085129900   -0.0155201300
  -0.0034912000   -0.0106098400   -0.0150011300
  -0.0037721700   -0.0097591000   -0.0140431800
   0.0186565500    0.0076920700    0.0140813200
   0.0149321000    0.0088042700    0.0205187800
   0.0170055400    0.0085359000    0.0177548300
   0.0165324200    0.0091344500    0.0175245400
   0.0174069000    0.0097304200    0.0164924500
   0.0144788400    0.0084768800    0.0156293700
   0.0169396400    0.0079591500    0.0176714300
   0.0165335500    0.0092804200    0.0167909300
  -0.0175531200   -0.0072546100    0.0181862100
  -0.0169122100   -0.0073132600    0.0156988200
  -0.0186430900   -0.0073190700    0.0176893300
  -0.0167545900   -0.0076180800    0.0191386400
  -0.0187300600   -0.0104167200    0.0149419600
  -0.0172152100   -0.0063873000    0.0171707000
  -0.0163195700   -0.0071120000    0.0178087600
  -0.0190280500   -0.0056533300    0.0168158500
  -0.0259671900   -0.0186943200   -0.0230318600
  -0.0032203100    0.0013756700    0.0119084200
  -0.0001629700    0.0004275700    0.0112603900
  -0.0001689200    0.0008377900    0.0115008000
  -0.0009962600    0.0001744900    0.0116072100
  -0.0007515500    0.0011025100    0.0098707200
  -0.0006559900    0.0016680500    0.0103722400
  -0.0009290800   -0.0002504600    0.0107866700
  -0.0031001600    0.0034762800    0.0093144000
  -0.0224466000   -0.0243239700    0.0123660100
  -0.0020334600   -0.0047974400    0.0075189800
   0.0013644600    0.0038356800    0.0084227600
   0.0007589100    0.0017913100    0.0085832100
   0.0004522900    0.0017787400    0.0082807900
   0.0009590200    0.0013472300    0.0081732700
   0.0002018100    0.0013094000    0.0085748400
   0.0028557800    0.0019435500   -0.0032525600
   0.0008124900   -0.0023436900   -0.0103276200
   0.0005054600   -0.0008804800   -0.0084618300
   0.0006605900   -0.0004154200   -0.0079691300
   0.0006061800    0.0006209400   -0.0098309700
  -0.0016849700   -0.0039157700   -0.0033297500
   0.0002034000   -0.0000702500   -0.0079768800
   0.0008876600   -0.0012728600   -0.0076630000

33   
 -0.0000302389021940   0.0099999542487699   0.0000007945452422
   0.0010880700   -0.0005702400   -0.0064657200
  -0.0181414200    0.0140918500   -0.0271990800
  -0.0003523600   -0.0010726100   -0.0061429600
   0.0018728000   -0.0022848400   -0.0089282600
   0.0001578700   -0.0010607300   -0.0057075100
  -0.0000039100   -0.0015366900   -0.0062480900
  -0.0000276100   -0.0012094800   -0.0062512800
   0.0002964800   -0.0005265300   -0.0055769000
   0.0096978100    0.0010373800   -0.0220666400
   0.0120495100    0.0003640000   -0.0220618000
   0.0096509000    0.0005858300   -0.0245073500
   0.0106443500    0.0005252800   -0.0235462700
   0.0109088000    0.0025005700   -0.0231342600
   0.0108931800    0.0000199700   -0.0234633100
   0.0109690600    0.0026295500   -0.0217230700
   0.0120437800    0.0001137300   -0.0221302000
  -0.0115719100   -0.0007504700   -0.0201992100
  -0.0030127800   -0.0006466600   -0.0289592900
  -0.0108265000   -0.0019990000   -0.0211492500
  -0.0103195400   -0.0019684100   -0.0220515500
  -0.0107402200   -0.0013500000   -0.0244514000
  -0.0109085500   -0.0017831300   -0.0208649900
  -0.0100383900   -0.0018753300   -0.0212671100
  -0.0113597600   -0.0019188900   -0.0214143200
   0.0059350700    0.0027545100    0.0099962300
  -0.0048923600    0.0065263100    0.0212080800
  -0.0002656800    0.0052646000    0.0153278200
   0.0067985500    0.0148817200    0.0167252700
  -0.0004157100    0.0059400700    0.0158706800
   0.0001356300    0.0051532000    0.0174451700
   0.0008154700    0.0062173900    0.0172582500
   0.0004209500    0.0054116300    0.0164819600
  -0.0329266000   -0.1407802600    0.0277035200
  -0.0022805700   -0.0062647600    0.0165665600
  -0.0016871200   -0.0050233600    0.0173194400
  -0.0027919900   -0.0095503600    0.0176072700
  -0.0021386700   -0.0070389100    0.0180938600
  -0.0012648500   -0.0071669000    0.0169006700
  -0.0012946000   -0.0081525900    0.0158933800
  -0.0015167900   -0.0055640500    0.0169043700
   0.0049654600    0.0153822400   -0.0147436100
   0.0051128100    0.0047057700   -0.0140081600
   0.0047993900    0.0113900400   -0.0165995200
   0.0047731800    0.0111403200   -0.0139046400
   0.0032186900    0.0114305900   -0.0146633500
   0.0045820600    0.0112004300   -0.0149386500
   0.0037209600    0.0113517700   -0.0151213600
   0.0037481700    0.0097870000   -0.0155440100
  -0.0140265300    0.0098622400   -0.0034112700
  -0.0043312100   -0.0098369400   -0.0154419700
  -0.0009975500    0.0060591500   -0.0164198200
  -0.0050680700   -0.0093343400   -0.0151987800
  -0.0030138300   -0.0084010700   -0.0155692000
  -0.0037713600   -0.0100577200   -0.0139211300
  -0.0035009600   -0.0083425100   -0.0150555500
  -0.0053945100   -0.0102330100   -0.0144829600
   0.0179947800    0.0074700400    0.0141918000
   0.0163612400    0.0078636700    0.0190216700
   0.0159178700    0.0130164100    0.0177255500
   0.0168858000    0.0083625000    0.0173762000
   0.0154765600    0.0083973400    0.0162836500
   0.0162512200    0.0077368200    0.0167898300
   0.0160221700    0.0124977500    0.0178028400
   0.0171690200    0.0092494000    0.0172365700
  -0.0162713700   -0.0075441100    0.0177219300
  -0.0183938500   -0.0069611900    0.0152939600
  -0.0152839800   -0.0068583800    0.0182320100
  -0.0175748300   -0.0081553700    0.0178526400
  -0.0160605400   -0.0056207900    0.0205571900
  -0.0171894100   -0.0084154800    0.0177761200
  -0.0176963700   -0.0084663000    0.0176880800
  -0.0172076500   -0.0066800100    0.0172842000
   0.0194950000    0.0162145800    0.0363236200
  -0.0008119800    0.0017609800    0.0105840900
  -0.0003065700    0.0028273000    0.0090472600
  -0.0005039100    0.0005873000    0.0100977000
   0.0001663900    0.0008277300    0.0093764900
  -0.0005768300    0.0010193600    0.0107606000
  -0.0007109900    0.0004841100    0.0108952900
  -0.0008083400    0.0010506200    0.0108801400
  -0.0013071100    0.0017152000    0.0084442600
   0.0316485600    0.0371429800   -0.0006416800
   0.0037347300    0.0063949200    0.0091300100
  -0.0027736400    0.0061020000    0.0067516300
   0.0007889800    0.0012395700    0.0082545600
   0.0006506800    0.0018853100    0.0087530800
   0.0007742500    0.0005309600    0.0080884500
  -0.0000474200    0.0019381500    0.0088847600
  -0.0019595300   -0.0034552000    0.0003429100
   0.0004658600    0.0001976300   -0.0061599000
   0.0010611200   -0.0003791100   -0.0079643900
   0.0003401900   -0.0007300800   -0.0083407300
  -0.0003312400   -0.0013552400   -0.0094692000
   0.0015107000   -0.0006815800   -0.0090956700
   0.0013763400   -0.0006307800   -0.0090193000
   0.0013070200   -0.0006063500   -0.0075270000

33   
  0.0000302389021940  -0.0099999542487699  -0.0000007945452422
  -0.0009099500   -0.0015871400   -0.0058022700
   0.0192734200   -0.0166718900    0.0158357700
   0.0005551900   -0.0011039800   -0.0061015500
  -0.0016135700    0.0001186400   -0.0033769100
   0.0000898300   -0.0011419400   -0.0065718700
   0.0002752700   -0.0006356400   -0.0059775400
   0.0002299200   -0.0009815700   -0.0059947100
  -0.0000678900   -0.0016091600   -0.0066711500
   0.0136486300    0.0004522500   -0.0226837500
   0.0113305100    0.0008237900   -0.0224544300
   0.0136453800    0.0003645000   -0.0201627100
   0.0127254800    0.0006740300   -0.0210440700
   0.0124110200   -0.0013096400   -0.0214318600
   0.0123920500    0.0011304100   -0.0211444000
   0.0123348600   -0.0015033700   -0.0229057800
   0.0112899100    0.0010295500   -0.0224533500
  -0.0099764700   -0.0033294100   -0.0233544100
  -0.0188785900   -0.0035095800   -0.0146645600
  -0.0109589100   -0.0020732900   -0.0226297900
  -0.0115213000   -0.0020674600   -0.0216750300
  -0.0110352300   -0.0026908500   -0.0193192600
  -0.0108532300   -0.0022016400   -0.0228572200
  -0.0117726500   -0.0021442100   -0.0225228000
  -0.0104318100   -0.0020940400   -0.0223143900
  -0.0049597400    0.0078766100    0.0233075200
   0.0058599400    0.0039695400    0.0119897200
   0.0012312200    0.0051872400    0.0178631800
  -0.0058616200   -0.0043655000    0.0165270700
   0.0014000300    0.0045264300    0.0174006300
   0.0009187000    0.0053233400    0.0157965600
   0.0001596000    0.0042408700    0.0159589300
   0.0005309800    0.0050062600    0.0167391400
   0.0278150100    0.1263842100    0.0061748600
  -0.0008366700   -0.0063626700    0.0173095700
  -0.0014824300   -0.0076816200    0.0165162100
  -0.0003417800   -0.0031711300    0.0162335000
  -0.0010429600   -0.0056949400    0.0157643100
  -0.0019244400   -0.0055633900    0.0169233000
  -0.0018534200   -0.0045218100    0.0178821600
  -0.0016561600   -0.0071054900    0.0169360700
   0.0032293800    0.0062660600   -0.0154192800
   0.0029296300    0.0167047400   -0.0162190000
   0.0034467400    0.0102151100   -0.0136176600
   0.0035048500    0.0104212200   -0.0162557200
   0.0050556500    0.0101394700   -0.0155065900
   0.0037056900    0.0103131700   -0.0152136600
   0.0046155600    0.0102450300   -0.0150581300
   0.0045634500    0.0117667900   -0.0146539200
   0.0063093700   -0.0289825500   -0.0254784400
  -0.0033089300   -0.0101861700   -0.0138553500
  -0.0065983200   -0.0268193000   -0.0125712200
  -0.0025525200   -0.0106698300   -0.0140557700
  -0.0046441400   -0.0116178400   -0.0136642300
  -0.0039010200   -0.0099546200   -0.0153208200
  -0.0041658800   -0.0116858300   -0.0141684100
  -0.0022804000   -0.0097817400   -0.0148580900
   0.0151629000    0.0102561300    0.0204408800
   0.0167987300    0.0098567900    0.0160139900
   0.0172813800    0.0047789700    0.0173974600
   0.0162495600    0.0094070000    0.0176729500
   0.0177053100    0.0093172500    0.0190545000
   0.0168699000    0.0100096900    0.0182587300
   0.0170563100    0.0052114800    0.0172188100
   0.0159372700    0.0085095900    0.0178544600
  -0.0185457300   -0.0072650500    0.0178129400
  -0.0164293700   -0.0079042600    0.0201781200
  -0.0194823600   -0.0079716200    0.0172843000
  -0.0171921300   -0.0066737400    0.0175970800
  -0.0185786600   -0.0091007300    0.0150612000
  -0.0175750400   -0.0063296000    0.0176523500
  -0.0171329300   -0.0063873200    0.0178315000
  -0.0175732300   -0.0080872600    0.0182789800
  -0.0218579100   -0.0150460300   -0.0163239700
  -0.0004625900   -0.0000639200    0.0107049600
  -0.0009130000   -0.0011064400    0.0121781900
  -0.0007267500    0.0011109700    0.0111208400
  -0.0014254200    0.0008728600    0.0118424000
  -0.0006947200    0.0007070600    0.0104570100
  -0.0005503700    0.0012233500    0.0103540600
  -0.0004196300    0.0006777500    0.0103641700
   0.0025674400    0.0009340200    0.0084752300
  -0.0280401700   -0.0320809200    0.0171296500
  -0.0024978800   -0.0038483600    0.0077877400
   0.0041492400   -0.0034496000    0.0101915300
   0.0005242800    0.0014674200    0.0086305600
   0.0006365200    0.0008324200    0.0080963500
   0.0004859000    0.0021818600    0.0088101300
   0.0013406900    0.0007361300    0.0079936700
   0.0032272200    0.0018695300   -0.0159441400
   0.0009669700   -0.0017478900   -0.0095017700
   0.0003071200   -0.0012174300   -0.0077046000
   0.0010453000   -0.0008671500   -0.0074181000
   0.0016797200   -0.0002614200   -0.0063100700
  -0.0000789000   -0.0008928400   -0.0067308500
   0.0000412400   -0.0010162100   -0.0066765100
   0.0000965500   -0.0010025000   -0.0082631100

33   
 -0.0000104209743628  -0.0000007752579061   0.0099999945401119
  -0.0017666200   -0.0026872200   -0.0051998600
   0.0277083600   -0.0188267200    0.0235021800
  -0.0000801300   -0.0005390700   -0.0054660600
   0.0004609100   -0.0007555600   -0.0056703600
   0.0000115400   -0.0005795800   -0.0065477100
  -0.0010338100   -0.0010251800   -0.0059173200
   0.0002213000   -0.0008254200   -0.0058791500
  -0.0002167400   -0.0011025300   -0.0059724600
   0.0131225900    0.0040075500   -0.0192695600
   0.0125271900    0.0016670400   -0.0220928400
   0.0104981800   -0.0003244400   -0.0176467000
   0.0097549900    0.0008339700   -0.0218319400
   0.0112232600    0.0000351700   -0.0209973900
   0.0115714200    0.0002943700   -0.0230093100
   0.0115490900    0.0011345600   -0.0210642300
   0.0117274000    0.0011527100   -0.0228754700
  -0.0086654400   -0.0083755500   -0.0218349200
  -0.0149658200   -0.0007674100   -0.0217115400
  -0.0107174000   -0.0018500300   -0.0208532900
  -0.0098523800   -0.0014267300   -0.0208276600
  -0.0115602600   -0.0008040200   -0.0217724600
  -0.0119880100   -0.0038791100   -0.0209500800
  -0.0111473600   -0.0015270000   -0.0221108700
  -0.0104247400   -0.0014914300   -0.0221212900
   0.0058079800    0.0120774900    0.0124875800
   0.0076921500    0.0006919400    0.0155012600
   0.0006936400    0.0064643600    0.0157083700
  -0.0008203200    0.0051309400    0.0175130000
   0.0002631200    0.0059876800    0.0170001800
   0.0005441400    0.0044096400    0.0170003300
   0.0010031600    0.0046024000    0.0166100000
  -0.0000822000    0.0053639700    0.0169985100
  -0.0610908000    0.0050650900   -0.1166827000
  -0.0029141700   -0.0067031000    0.0150829300
  -0.0002185800   -0.0059437700    0.0154189300
  -0.0007615600   -0.0056420000    0.0171537700
  -0.0018886800   -0.0051693000    0.0269720400
  -0.0012204000   -0.0063960800    0.0168059100
  -0.0014516700   -0.0073328300    0.0157341700
  -0.0017594500   -0.0063687800    0.0178062600
   0.0074202100    0.0119820700   -0.0117351900
   0.0104999400    0.0126840600   -0.0175653400
   0.0040710900    0.0093280200   -0.0148150600
   0.0037292000    0.0113690300   -0.0140818500
   0.0031697600    0.0108553000   -0.0145620900
   0.0037361800    0.0109102100   -0.0150045200
   0.0041904500    0.0109000300   -0.0155900600
   0.0042229900    0.0105088700   -0.0158837600
  -0.0071926800   -0.0070180900   -0.0093795300
  -0.0060118500   -0.0093909200   -0.0148318100
  -0.0075073200   -0.0203385200   -0.0109637900
  -0.0036335100   -0.0092866200   -0.0150375900
  -0.0036864700   -0.0092881300   -0.0159071100
  -0.0030731600   -0.0105142800   -0.0151810300
  -0.0038324400   -0.0102717600   -0.0163397900
  -0.0045445400   -0.0106274700   -0.0153037700
   0.0137194500    0.0086820900    0.0310779300
   0.0151393900    0.0085320100    0.0183376200
   0.0170104300    0.0087472900    0.0187420900
   0.0157180500    0.0087423700    0.0168696500
   0.0133753800    0.0043805700    0.0318575300
   0.0196991900    0.0107196100    0.0187348400
   0.0166992300    0.0103948000    0.0187998400
   0.0161066800    0.0085103500    0.0162924100
  -0.0163392200   -0.0073048000    0.0176963000
  -0.0175284900   -0.0081853400    0.0203526200
  -0.0167718300   -0.0067037800    0.0175913500
  -0.0175693700   -0.0076196900    0.0176795400
  -0.0128772900   -0.0027088500    0.0234046900
  -0.0181743700   -0.0071928800    0.0188686200
  -0.0187216100   -0.0074758800    0.0177555500
  -0.0168649400   -0.0079305100    0.0172724900
   0.0293754000    0.0196405500    0.0466029600
  -0.0015591900    0.0004874700    0.0110565700
  -0.0016435300    0.0009634500    0.0121785600
  -0.0009316900    0.0006539200    0.0105849900
   0.0009257500    0.0017994200    0.0100777600
  -0.0000828800    0.0009304700    0.0103845400
  -0.0008901700    0.0008719200    0.0111839000
  -0.0007082400    0.0013470800    0.0107662400
   0.0018816700    0.0001608900    0.0083526700
  -0.0003475600   -0.0076014100    0.0077146900
  -0.0002740600   -0.0001205400    0.0074186900
  -0.0014839100    0.0024084600    0.0059421400
   0.0004138600    0.0012183200    0.0082537300
   0.0007311800    0.0009906600    0.0097536600
   0.0007656300    0.0006569900    0.0090437700
   0.0012862200    0.0016607900    0.0092933900
  -0.0017164900    0.0005501700   -0.0053228400
   0.0012852400    0.0002856100   -0.0075154300
   0.0019049500   -0.0012462500   -0.0077977700
   0.0008388500   -0.0015643000   -0.0081919300
   0.0030326300   -0.0021160300   -0.0054347000
  -0.0016796700   -0.0026284200   -0.0057020900
   0.0017189600   -0.0030019200   -0.0089634600
   0.0012246400   -0.0003124700   -0.0078210700

33   
  0.0000104209743628   0.0000007752579061  -0.0099999945401119
   0.0019899300    0.0005188000   -0.0070403200
  -0.0261031600    0.0157508400   -0.0347557400
   0.0002798500   -0.0016405700   -0.0067595300
  -0.0002085800   -0.0013473700   -0.0065762400
   0.0002100800   -0.0016039000   -0.0057020700
   0.0012932400   -0.0012030300   -0.0063405400
  -0.0000042200   -0.0013563900   -0.0063721400
   0.0004316100   -0.0010718000   -0.0062982600
   0.0102421100   -0.0028352900   -0.0253158200
   0.0108625600   -0.0005200800   -0.0224077200
   0.0128021100    0.0016625600   -0.0268580600
   0.0136611500    0.0003336500   -0.0227437600
   0.0121248600    0.0010933800   -0.0235084000
   0.0117716600    0.0008775900   -0.0215511500
   0.0118159300    0.0000302500   -0.0234737400
   0.0116140200    0.0000506200   -0.0217004300
  -0.0132016000    0.0044432800   -0.0218109200
  -0.0069484600   -0.0033805700   -0.0218854800
  -0.0111204800   -0.0022010800   -0.0229086000
  -0.0120160200   -0.0025860300   -0.0228638700
  -0.0102539700   -0.0032473900   -0.0218707700
  -0.0098060100   -0.0001827100   -0.0227964000
  -0.0106558800   -0.0025126800   -0.0216419000
  -0.0113570200   -0.0024981700   -0.0215771500
  -0.0044574300   -0.0012875500    0.0206471800
  -0.0068732500    0.0098664800    0.0176941400
   0.0002985400    0.0039200400    0.0175237900
   0.0017044400    0.0053131500    0.0157026700
   0.0007501600    0.0044753800    0.0161856900
   0.0004689500    0.0060588800    0.0162347100
  -0.0000325100    0.0058595200    0.0166029900
   0.0010263500    0.0050836400    0.0162521700
   0.0585611400   -0.0161723400    0.1513961800
  -0.0001807300   -0.0059772200    0.0187842500
  -0.0029088800   -0.0067324000    0.0184439000
  -0.0023412200   -0.0070398200    0.0166748600
  -0.0013169800   -0.0075240000    0.0068452200
  -0.0019516700   -0.0063388400    0.0169913500
  -0.0017005700   -0.0053288900    0.0180790300
  -0.0014185400   -0.0063054200    0.0159953300
   0.0008057100    0.0097418700   -0.0182394700
  -0.0021990800    0.0089687400   -0.0126065300
   0.0042167100    0.0122969800   -0.0153625000
   0.0045512800    0.0101938800   -0.0161301400
   0.0051387100    0.0107290600   -0.0156522000
   0.0045334600    0.0106279000   -0.0151488600
   0.0041039900    0.0106823300   -0.0145892800
   0.0040916700    0.0110736000   -0.0143349700
  -0.0003549400   -0.0130991800   -0.0198892300
  -0.0016746600   -0.0106589100   -0.0144513700
  -0.0001481400    0.0000303200   -0.0182069000
  -0.0040126400   -0.0107137500   -0.0142004300
  -0.0039676100   -0.0107746800   -0.0133856700
  -0.0046128900   -0.0095313200   -0.0140534800
  -0.0038224600   -0.0097566400   -0.0129553700
  -0.0031329200   -0.0094190500   -0.0139769100
   0.0194742200    0.0090240800    0.0049831600
   0.0180049900    0.0092124400    0.0166698000
   0.0161268900    0.0090461000    0.0163321200
   0.0173924600    0.0089948900    0.0181850200
   0.0198976300    0.0134446900    0.0021584700
   0.0134093300    0.0070134500    0.0163387200
   0.0164269200    0.0072972500    0.0162116400
   0.0170637200    0.0092004000    0.0188002100
  -0.0184823100   -0.0074933500    0.0177694900
  -0.0172711400   -0.0066357100    0.0152371600
  -0.0180468400   -0.0081183900    0.0179187200
  -0.0171949300   -0.0072287300    0.0178035300
  -0.0218743600   -0.0120481000    0.0121299500
  -0.0166274300   -0.0075999000    0.0165920800
  -0.0160834000   -0.0073494100    0.0177408200
  -0.0179183700   -0.0068474200    0.0182541300
  -0.0327856800   -0.0193319400   -0.0273751500
   0.0002744900    0.0012388600    0.0101669500
   0.0003865100    0.0007723800    0.0090347600
  -0.0003441200    0.0010711900    0.0106309800
  -0.0022107400   -0.0000677200    0.0111447300
  -0.0011937200    0.0007814000    0.0108555100
  -0.0003595100    0.0008469500    0.0100568600
  -0.0005373900    0.0003634800    0.0104803800
  -0.0006223600    0.0025772200    0.0085130200
   0.0015826000    0.0103842600    0.0091287500
   0.0015522200    0.0027541900    0.0094905300
   0.0028209400    0.0002827700    0.0109904800
   0.0008797800    0.0014777600    0.0086220700
   0.0005725300    0.0016897800    0.0071342800
   0.0005294400    0.0020326100    0.0078469900
  -0.0000053700    0.0010524100    0.0075927700
   0.0030413500   -0.0020814500   -0.0105702600
   0.0001402800   -0.0018789900   -0.0082143800
  -0.0004982600   -0.0003403100   -0.0079644400
   0.0005495400   -0.0000475500   -0.0075818400
  -0.0016662400    0.0005305600   -0.0103489700
   0.0031526300    0.0010613700   -0.0101279100
  -0.0003044700    0.0013759000   -0.0067862900
   0.0001804700   -0.0012930800   -0.0079560100

41   
  0.0099999933254870  -0.0000050271092071   0.0000104028067861
   0.0245334500    0.0295451100   -0.0089615700
   0.0031969700   -0.0023165100   -0.0064676600
  -0.0001751600   -0.0032456100   -0.0062693500
   0.0024906100    0.0048162900   -0.0053885900
   0.0004727400   -0.0017904200   -0.0060938700
   0.0000010800   -0.0012502500   -0.0062797500
   0.0005075400   -0.0007870200   -0.0063682900
   0.0000618500   -0.0010661300   -0.0059140100
   0.0113548200    0.0005721200   -0.0227557300
   0.0126643700   -0.0007938300   -0.0173011200
   0.0128489600    0.0007453500   -0.0218618900
   0.0111831900    0.0012014900   -0.0235965400
   0.0131122900    0.0039709100   -0.0184759400
   0.0116667900   -0.0003303800   -0.0214431100
   0.0107583200    0.0005674800   -0.0224711700
   0.0127283500   -0.0016770200   -0.0216005400
  -0.0116972500   -0.0006530900   -0.0193435900
  -0.0088910600   -0.0019794900   -0.0250870300
  -0.0115356400   -0.0015141100   -0.0226017100
  -0.0108893400   -0.0024684200   -0.0216790700
  -0.0119129500   -0.0032695700   -0.0193171800
  -0.0086188300   -0.0016015300   -0.0195466900
  -0.0114831700   -0.0009834100   -0.0223623800
  -0.0108810700   -0.0024325100   -0.0213449700
  -0.0010200200    0.0080002500    0.0202888900
   0.0008460800    0.0039687500    0.0164250800
  -0.0004174300   -0.0049258600    0.0200328600
   0.0007086100    0.0047105200    0.0187800500
   0.0001607500    0.0055706800    0.0166153700
   0.0004260600    0.0037092200    0.0173347500
  -0.0001385900    0.0060338700    0.0164374000
   0.0001598400    0.0052851600    0.0158415600
   0.0010523900   -0.0055694600    0.0200810200
   0.0180708300   -0.0052287100    0.0231776500
  -0.0009122700   -0.0056424800    0.0168492900
  -0.0009257000   -0.0056940400    0.0165302900
  -0.0006722500   -0.0072839700    0.0159425800
  -0.0023071600   -0.0059160500    0.0165072800
  -0.0012041000   -0.0068039200    0.0169139900
  -0.0014025100   -0.0067568200    0.0169572800
  -0.1318499700   -0.0250300800   -0.0717112100
   0.0033655800    0.0097849100   -0.0165124600
   0.0050275300    0.0104405400   -0.0140111100
   0.0037394500    0.0100323600   -0.0143710900
   0.0042766100    0.0102300400   -0.0151686700
   0.0045661500    0.0110538600   -0.0147530700
   0.0034102700    0.0111117400   -0.0149396200
   0.0038190600    0.0107437600   -0.0156739000
   0.0108986400   -0.0028262600   -0.0196213200
  -0.0004645600   -0.0146725100   -0.0218722500
  -0.0032395300   -0.0109113900   -0.0149946600
  -0.0047077100   -0.0065382500   -0.0139679600
  -0.0034241400   -0.0107860400   -0.0145501100
  -0.0041317200   -0.0104619800   -0.0140957300
  -0.0031679800   -0.0103162200   -0.0150081600
  -0.0046742000   -0.0096470500   -0.0145858200
   0.0200865500    0.0015623100    0.0199641800
   0.0205700000    0.0087794500    0.0149726600
   0.0170398200    0.0078269200    0.0163186300
   0.0169578300    0.0087565200    0.0176070400
   0.0173684900    0.0089726000    0.0190026100
   0.0164616700    0.0085410300    0.0182976900
   0.0168320400    0.0092373200    0.0172501400
   0.0164457900    0.0086376000    0.0179002200
  -0.0171331100   -0.0053733500    0.0167162300
  -0.0165695200   -0.0067358400    0.0168189200
  -0.0161430200   -0.0049082800    0.0194623800
  -0.0165516400   -0.0076970600    0.0183945500
  -0.0173786300   -0.0065987200    0.0184684900
  -0.0179505800   -0.0083269500    0.0175730300
  -0.0174985400   -0.0066426700    0.0171289500
  -0.0178244000   -0.0069766200    0.0177125800
  -0.0029045700   -0.0014738100    0.0050962600
  -0.0002944900    0.0027072300    0.0135420200
  -0.0005886000    0.0008839000    0.0113509900
  -0.0005280600    0.0007342500    0.0106252700
  -0.0010970800   -0.0003107900    0.0128622600
   0.0012126200    0.0040060500    0.0067822400
   0.0002240400   -0.0000195900    0.0107049500
  -0.0009371300    0.0014358800    0.0105420800
   0.0211023700   -0.0089965100    0.0273019000
   0.0053289900    0.0022691000    0.0059546000
   0.0014289000    0.0001751600    0.0076498800
   0.0004689800    0.0013556500    0.0083778600
   0.0007561000    0.0016226900    0.0067242000
   0.0005831900    0.0017927300    0.0079363500
   0.0010190200    0.0017759200    0.0086719400
   0.0004737900    0.0014897000    0.0086881200
   0.0245838600    0.0176006800    0.0248069400
   0.0034100000   -0.0012763100   -0.0100231900
   0.0002543600   -0.0006275600   -0.0082007400
   0.0004492400   -0.0006496400   -0.0084822000
   0.0006725000   -0.0002598700   -0.0086464500
   0.0005747000   -0.0012830400   -0.0068825400
   0.0006850300   -0.0012963000   -0.0075616000
   0.0010446400    0.0003662100   -0.0077559200

41   
 -0.0099999933254870   0.0000050271092071  -0.0000104028067861
  -0.0251810900   -0.0331663200   -0.0032076700
  -0.0028949500    0.0000893700   -0.0057994400
   0.0004611700    0.0010645400   -0.0059404500
  -0.0021959200   -0.0068438800   -0.0068122700
  -0.0002177800   -0.0003919300   -0.0061079800
   0.0002444000   -0.0009232000   -0.0059095200
  -0.0002619700   -0.0013455600   -0.0059091900
   0.0001805000   -0.0010900600   -0.0063590800
   0.0120338800    0.0006062700   -0.0217604900
   0.0107291300    0.0019959100   -0.0271669000
   0.0104840100    0.0004654700   -0.0226534600
   0.0121556000   -0.0000594900   -0.0209646600
   0.0101575300   -0.0027849900   -0.0261074100
   0.0116976300    0.0015112400   -0.0231428300
   0.0126105500    0.0006427300   -0.0220806000
   0.0105875400    0.0028358600   -0.0230018300
  -0.0102045200   -0.0033865800   -0.0245199900
  -0.0129069200   -0.0020306400   -0.0186523500
  -0.0102837300   -0.0024725800   -0.0211212700
  -0.0109073100   -0.0015229900   -0.0220340700
  -0.0098671300   -0.0007522600   -0.0244435400
  -0.0131045400   -0.0023385400   -0.0241964000
  -0.0103050800   -0.0030971300   -0.0213836900
  -0.0108711600   -0.0016196200   -0.0224098800
   0.0018567100    0.0024162600    0.0129545900
   0.0001583700    0.0065101200    0.0167954100
   0.0014652700    0.0154088400    0.0131944200
   0.0001991500    0.0057340100    0.0144492600
   0.0008120500    0.0048681100    0.0165971400
   0.0005559400    0.0068084100    0.0159013800
   0.0010716900    0.0044249800    0.0167380600
   0.0008534700    0.0051858600    0.0173838800
  -0.0037816400   -0.0073096100    0.0134906200
  -0.0215491600   -0.0075276000    0.0104393500
  -0.0021427300   -0.0070220700    0.0169794500
  -0.0023004300   -0.0069902000    0.0173178900
  -0.0024919000   -0.0054473700    0.0178811500
  -0.0008336600   -0.0067942000    0.0173048900
  -0.0019449800   -0.0059059400    0.0168446400
  -0.0017831000   -0.0059283300    0.0168205200
   0.1408303800    0.0463133100    0.0416026900
   0.0049036900    0.0117369100   -0.0136594700
   0.0032569800    0.0111122800   -0.0161799400
   0.0045711100    0.0115521900   -0.0158000700
   0.0040115800    0.0113161800   -0.0149748800
   0.0037509100    0.0104806600   -0.0154485200
   0.0048717900    0.0104787400   -0.0152290500
   0.0044735500    0.0108049300   -0.0145218000
  -0.0181553700   -0.0169052300   -0.0095831000
  -0.0072756700   -0.0052707200   -0.0072850400
  -0.0043975400   -0.0091401100   -0.0143109600
  -0.0028685700   -0.0135364700   -0.0152758000
  -0.0042783900   -0.0092514300   -0.0147620700
  -0.0035346900   -0.0096249600   -0.0151783600
  -0.0044933000   -0.0097193500   -0.0142109000
  -0.0029480400   -0.0104185500   -0.0146762600
   0.0131865400    0.0160896400    0.0152373400
   0.0125113700    0.0089648700    0.0200110000
   0.0161158100    0.0098562500    0.0187346900
   0.0160917300    0.0089901900    0.0174528900
   0.0157517300    0.0086880100    0.0161022300
   0.0166725800    0.0091521800    0.0167442200
   0.0163117300    0.0085275900    0.0178342000
   0.0167282200    0.0090949000    0.0171664800
  -0.0176730200   -0.0095332200    0.0188626800
  -0.0182613500   -0.0080931400    0.0186680300
  -0.0185677800   -0.0099146600    0.0160289600
  -0.0182605700   -0.0071162400    0.0170919600
  -0.0173688700   -0.0082354700    0.0170548200
  -0.0168730500   -0.0064797400    0.0179385300
  -0.0172733900   -0.0081731000    0.0184036100
  -0.0169855000   -0.0078299200    0.0178276100
   0.0017049400    0.0031690800    0.0160845200
  -0.0010322800   -0.0010960800    0.0075505000
  -0.0006830700    0.0008115600    0.0098735600
  -0.0007146200    0.0009884700    0.0105851500
  -0.0002167500    0.0020118400    0.0083906300
  -0.0025776400   -0.0023837200    0.0145975600
  -0.0014720000    0.0017996500    0.0105946100
  -0.0003362000    0.0002886400    0.0107091600
  -0.0208404400    0.0124579100   -0.0118477700
  -0.0040116300    0.0004463000    0.0108868400
  -0.0001016300    0.0025219900    0.0092337800
   0.0007865500    0.0013426300    0.0084724800
   0.0005288800    0.0011741800    0.0101324000
   0.0006874800    0.0009259600    0.0089330700
   0.0002480800    0.0009535500    0.0082273700
   0.0007922800    0.0011800800    0.0082118000
  -0.0223934500   -0.0181386400   -0.0390010700
  -0.0021389600   -0.0003036600   -0.0056737000
   0.0011354900   -0.0009647900   -0.0075690800
   0.0009448900   -0.0009884800   -0.0072481400
   0.0007424000   -0.0013530100   -0.0071106900
   0.0008065100   -0.0003539200   -0.0088980900
   0.0007171500   -0.0002666900   -0.0081928400
   0.0003145400   -0.0019562000   -0.0080154100

41   
 -0.0000302389021940   0.0099999542487699   0.0000007945452422
   0.0335416900    0.0387413800   -0.0122304500
  -0.0011964100   -0.0005175900   -0.0064845400
  -0.0029415800    0.0026069300   -0.0075528000
   0.0032306100    0.0043818200   -0.0050119700
   0.0003546000   -0.0010202600   -0.0061229500
   0.0002083400   -0.0009487100   -0.0061621900
  -0.0002809800   -0.0005809700   -0.0056082700
   0.0001835900   -0.0015205500   -0.0064028500
   0.0126774100    0.0001369400   -0.0226695800
   0.0096623900    0.0018480200   -0.0265968800
   0.0129776700    0.0012635000   -0.0217642000
   0.0117603200   -0.0000503600   -0.0220411100
   0.0126844800    0.0015011300   -0.0193941200
   0.0121127000   -0.0001566000   -0.0223198800
   0.0113142600   -0.0002790600   -0.0225378500
   0.0116216600    0.0011335700   -0.0231611600
  -0.0096900000   -0.0030226500   -0.0244065500
  -0.0115431300   -0.0026996300   -0.0203048100
  -0.0114673100    0.0013710000   -0.0216026700
  -0.0105881700   -0.0022297100   -0.0220033500
  -0.0123224300   -0.0021236100   -0.0240467500
  -0.0112429400   -0.0031909500   -0.0223382000
  -0.0114182200    0.0022536000   -0.0220594200
  -0.0107304400   -0.0020911100   -0.0222495200
  -0.0082571700    0.0211977900    0.0266385400
   0.0005172000    0.0058979300    0.0158891800
   0.0027499800    0.0251133000    0.0133834700
  -0.0015417200    0.0054154500    0.0159711000
   0.0010740800    0.0069150600    0.0168214300
   0.0002158300    0.0050158300    0.0172285000
   0.0007466500    0.0068334100    0.0158681300
  -0.0010502000    0.0051446700    0.0171466100
  -0.0005650000   -0.0018664700    0.0179979700
  -0.0000028800   -0.0122445100    0.0187734500
  -0.0004108400   -0.0057611800    0.0154356700
  -0.0013675800   -0.0059832800    0.0175138500
  -0.0021242600   -0.0057282200    0.0169674000
  -0.0010909100   -0.0059075700    0.0170364300
  -0.0018918200   -0.0057776500    0.0170310200
  -0.0017926100   -0.0073228700    0.0166543500
  -0.0303209500   -0.1194147100   -0.0032392900
   0.0031972800    0.0100897100   -0.0155468300
   0.0038123100    0.0124215200   -0.0153346400
   0.0033923700    0.0084771900   -0.0148289900
   0.0036231500    0.0107847100   -0.0143799200
   0.0044362700    0.0105148000   -0.0151921100
   0.0044969800    0.0093999700   -0.0162755000
   0.0040985300    0.0113777900   -0.0151349000
   0.0032015400   -0.0131597000   -0.0209460700
  -0.0085476500   -0.0073876600   -0.0103039100
  -0.0047005800   -0.0098492000   -0.0162274200
  -0.0003453000   -0.0054077500   -0.0158048400
  -0.0046053100   -0.0092537500   -0.0150499400
  -0.0042641500   -0.0109732200   -0.0137542700
  -0.0041529900   -0.0101024000   -0.0139851100
  -0.0034459000   -0.0091961700   -0.0150047900
   0.0159112100    0.0103260400    0.0188491700
   0.0242593400    0.0104143800    0.0093948700
   0.0168081600    0.0087912600    0.0182374100
   0.0172523000    0.0091332300    0.0172907900
   0.0166065300    0.0093498800    0.0154471800
   0.0164615700    0.0093566300    0.0183152800
   0.0174962300    0.0090707100    0.0181058800
   0.0161128600    0.0091047800    0.0181353800
  -0.0205088700   -0.0093707200    0.0180001300
  -0.0175430200   -0.0071045800    0.0179690500
  -0.0203974000   -0.0066909900    0.0146824500
  -0.0187918000   -0.0076630400    0.0161057200
  -0.0184446500   -0.0057442700    0.0167653100
  -0.0176229700   -0.0080761300    0.0168756300
  -0.0184626400   -0.0055599300    0.0182874200
  -0.0170595000   -0.0078745400    0.0180330800
  -0.0019232400   -0.0010286300    0.0169916000
  -0.0014981100    0.0013481200    0.0114477700
   0.0002104200    0.0016609800    0.0099746100
  -0.0005725300    0.0013375600    0.0103048600
  -0.0016026800    0.0004745200    0.0088883400
  -0.0002102500    0.0006494100    0.0098506400
   0.0002215900    0.0006748300    0.0097022500
   0.0000003100    0.0012042600    0.0109140700
  -0.0143259200    0.0136100500   -0.0074876600
   0.0022689800    0.0024285000    0.0078900700
   0.0017810200   -0.0007451900    0.0065454800
   0.0002055100    0.0014985500    0.0086562900
   0.0004774200    0.0004564700    0.0086533600
   0.0008490800    0.0012897300    0.0085376200
   0.0007941900    0.0018763000    0.0096015500
   0.0007012200    0.0012838800    0.0081623900
   0.0204849200    0.0141046000    0.0157738000
   0.0001090600   -0.0002391700   -0.0074900600
   0.0013853200    0.0006680200   -0.0088149200
   0.0013866600   -0.0007318000   -0.0073550900
   0.0012756900   -0.0006015200   -0.0086676000
   0.0009152100   -0.0007592000   -0.0074742400
   0.0004606900   -0.0011187800   -0.0075506500
   0.0005356500   -0.0008731200   -0.0078257100

41   
  0.0000302389021940  -0.0099999542487699  -0.0000007945452422
  -0.0352623900   -0.0427515300    0.0003660200
   0.0014194100   -0.0016638400   -0.0057564500
   0.0031035200   -0.0047111900   -0.0047654900
  -0.0029573600   -0.0064753000   -0.0072679200
  -0.0000977500   -0.0011441000   -0.0061427000
   0.0000075900   -0.0012340300   -0.0060726800
   0.0004975000   -0.0015933700   -0.0065886700
   0.0000432800   -0.0006312600   -0.0058131800
   0.0106852500    0.0010751100   -0.0218802400
   0.0138089300   -0.0006382400   -0.0177794900
   0.0103455500   -0.0001218800   -0.0228175300
   0.0115638300    0.0011996000   -0.0224627800
   0.0104811000   -0.0004061900   -0.0253043300
   0.0112137800    0.0012663200   -0.0222275000
   0.0120097000    0.0015227400   -0.0220183500
   0.0117228700   -0.0000085000   -0.0214209700
  -0.0121533800   -0.0009357700   -0.0188931700
  -0.0102810200   -0.0013276600   -0.0234133800
  -0.0103189200   -0.0054930200   -0.0222352100
  -0.0112109000   -0.0018239100   -0.0217191800
  -0.0094181600   -0.0019147100   -0.0199862600
  -0.0105321100   -0.0008615600   -0.0213923400
  -0.0103052700   -0.0062845200   -0.0215921900
  -0.0110437900   -0.0019324300   -0.0214959400
   0.0093515600   -0.0115855800    0.0062820700
   0.0004480100    0.0045411800    0.0173279200
  -0.0017790500   -0.0138172300    0.0194925400
   0.0024577700    0.0050547000    0.0172588200
  -0.0000892700    0.0035338100    0.0163348200
   0.0007598100    0.0054451900    0.0160038900
   0.0002250000    0.0036496500    0.0173330200
   0.0020313000    0.0052814600    0.0161468900
  -0.0024734600   -0.0109566800    0.0157725600
  -0.0028503800   -0.0002417800    0.0150968500
  -0.0027067700   -0.0069423100    0.0184139700
  -0.0018194100   -0.0067239700    0.0163309900
  -0.0010312200   -0.0070189900    0.0168431300
  -0.0020498200   -0.0067797100    0.0167646800
  -0.0013151800   -0.0069164200    0.0167800300
  -0.0013723800   -0.0053528500    0.0172003800
   0.0403849900    0.1417102400   -0.0268187700
   0.0051173300    0.0114356700   -0.0146277200
   0.0044923000    0.0091189500   -0.0148591300
   0.0048995800    0.0131258300   -0.0153734400
   0.0046754000    0.0107451600   -0.0159011700
   0.0038672200    0.0110118000   -0.0150255700
   0.0038183500    0.0121346500   -0.0138709400
   0.0041913500    0.0101630700   -0.0151048300
  -0.0107780400   -0.0069443300   -0.0083811100
   0.0008949300   -0.0126671400   -0.0189000400
  -0.0029319400   -0.0101763600   -0.0130019700
  -0.0073494300   -0.0147550300   -0.0134780500
  -0.0030693400   -0.0107833600   -0.0142587100
  -0.0034168100   -0.0090340600   -0.0155480900
  -0.0035372400   -0.0099128400   -0.0152671900
  -0.0041748100   -0.0108083000   -0.0143047100
   0.0169655800    0.0074364500    0.0159981300
   0.0088345100    0.0074305600    0.0255983000
   0.0163195200    0.0089886100    0.0168602800
   0.0158913200    0.0086358500    0.0177403000
   0.0165421100    0.0083439200    0.0196007800
   0.0166954700    0.0083014400    0.0167187900
   0.0156159000    0.0086550200    0.0169847600
   0.0170645000    0.0085875600    0.0169311300
  -0.0142523600   -0.0056979200    0.0177554700
  -0.0172719900   -0.0077170400    0.0175452800
  -0.0143788900   -0.0078299400    0.0209322500
  -0.0159997600   -0.0071901200    0.0193787700
  -0.0162999800   -0.0091153400    0.0187269100
  -0.0171685700   -0.0066789500    0.0186308500
  -0.0162909700   -0.0091552400    0.0172770000
  -0.0177730900   -0.0068925400    0.0175183700
   0.0007762600    0.0027244200    0.0041098700
   0.0001765800    0.0002986300    0.0097026600
  -0.0014834300    0.0000836400    0.0111851200
  -0.0006526400    0.0004013600    0.0109284800
   0.0003484500    0.0012161500    0.0123842900
  -0.0010727600    0.0010630100    0.0114247500
  -0.0015173700    0.0011042100    0.0114842800
  -0.0012585800    0.0005141900    0.0103230300
   0.0145322800   -0.0103784000    0.0233329600
  -0.0010023900    0.0002809700    0.0089932000
  -0.0004959900    0.0034866100    0.0103969500
   0.0010744500    0.0012056300    0.0082432700
   0.0008071500    0.0022571700    0.0082313600
   0.0004668900    0.0014204400    0.0083530000
   0.0004835300    0.0008232900    0.0073084800
   0.0005780900    0.0014295100    0.0087343200
  -0.0180604400   -0.0151059800   -0.0302606100
   0.0013042700   -0.0013428600   -0.0082704000
  -0.0000066400   -0.0022658500   -0.0069191500
  -0.0000170500   -0.0008954300   -0.0083599000
   0.0001022200   -0.0010153400   -0.0070592800
   0.0004560000   -0.0008443400   -0.0082723400
   0.0009388300   -0.0004803900   -0.0082311100
   0.0008373600   -0.0007281500   -0.0079417700

41   
 -0.0000104209743628  -0.0000007752579061   0.0099999945401119
  -0.0027598200   -0.0109215300   -0.0083086300
   0.0013668000   -0.0018213000   -0.0069231800
  -0.0020406800   -0.0001038800   -0.0081570200
  -0.0003224800   -0.0022687300   -0.0073173100
   0.0002711500   -0.0011518500   -0.0052685600
  -0.0000303100   -0.0013007500   -0.0060354200
   0.0006748600   -0.0007743700   -0.0057511700
   0.0005368500   -0.0014736800   -0.0056218100
   0.0125338400    0.0013347900   -0.0222364100
   0.0141160400   -0.0020391900   -0.0159528200
   0.0123093300    0.0009026500   -0.0224058800
   0.0116070800    0.0008859000   -0.0219629600
   0.0166638400    0.0053547900   -0.0162551400
   0.0113870800    0.0005002700   -0.0216109200
   0.0101914600    0.0007109100   -0.0220604500
   0.0123824100   -0.0001759700   -0.0229711100
  -0.0134473600   -0.0034516600   -0.0104230400
  -0.0130599200   -0.0025950800   -0.0207664100
  -0.0104227900   -0.0017700100   -0.0202929500
  -0.0115310700   -0.0020625800   -0.0228904300
  -0.0147441400   -0.0060408300   -0.0092936500
  -0.0073478200   -0.0006910800   -0.0210484800
  -0.0109242600   -0.0002055200   -0.0205130000
  -0.0113280100   -0.0024919800   -0.0230665900
  -0.0019794800    0.0071857800    0.0202329100
  -0.0010200900    0.0057842600    0.0162022500
  -0.0027079200   -0.0056849300    0.0218405700
   0.0007378400    0.0060041400    0.0164359900
   0.0001350400    0.0056916900    0.0149331000
   0.0011262800    0.0050444800    0.0159467100
   0.0007219800    0.0061898800    0.0153776500
  -0.0004379300    0.0045436400    0.0160595800
   0.0021318800   -0.0060665200    0.0200586300
   0.0047677600   -0.0052324700    0.0144222400
  -0.0020096600   -0.0078509000    0.0171965500
  -0.0019426900   -0.0051756000    0.0179463900
  -0.0024017400   -0.0059318600    0.0174810500
  -0.0018312300   -0.0062124800    0.0169706800
  -0.0016801200   -0.0063915300    0.0163820600
  -0.0011274600   -0.0068027300    0.0161600600
  -0.0525240900    0.0215388100   -0.1399279000
   0.0027144000    0.0103314900   -0.0169185000
   0.0052350200    0.0105811400   -0.0165053500
   0.0048283000    0.0110373900   -0.0147617900
   0.0040804600    0.0115463500   -0.0049254500
   0.0044739700    0.0107016500   -0.0149373000
   0.0043048100    0.0095577100   -0.0161868900
   0.0035755500    0.0107666300   -0.0143518100
   0.0010261100   -0.0038700000   -0.0186688200
   0.0035343800   -0.0143853500   -0.0151181900
  -0.0035045000   -0.0083828500   -0.0158407100
  -0.0044281600   -0.0088794900   -0.0140278300
  -0.0039444900   -0.0096368100   -0.0148593000
  -0.0043859600   -0.0109083600   -0.0133996700
  -0.0034077700   -0.0106629200   -0.0148792700
  -0.0038696800   -0.0096704700   -0.0137969900
   0.0173241800    0.0021962900    0.0163872000
   0.0150997600    0.0109524800    0.0165265300
   0.0166236100    0.0088050600    0.0182118500
   0.0174297400    0.0092614000    0.0183514400
   0.0159712700    0.0095861400    0.0171562000
   0.0159970000    0.0071277000    0.0179551600
   0.0162823000    0.0090548100    0.0169562500
   0.0172533700    0.0090687000    0.0171951000
  -0.0155168100   -0.0035383600    0.0209533500
  -0.0169835200   -0.0064577000    0.0182071700
  -0.0192240000   -0.0083946700    0.0214383400
  -0.0190469700   -0.0073234600    0.0178051400
  -0.0182377200   -0.0078944900    0.0190884300
  -0.0174355500   -0.0079564800    0.0167664800
  -0.0177600600   -0.0069066500    0.0184421100
  -0.0170273700   -0.0069874100    0.0171224000
  -0.0028972300    0.0027180200    0.0130674400
  -0.0001959200    0.0024002100    0.0120524200
   0.0005400100    0.0002019700    0.0111177100
  -0.0008436100    0.0000756100    0.0105286100
   0.0017638800   -0.0003286700    0.0132071300
  -0.0030595300   -0.0010072500    0.0132605200
   0.0005331300   -0.0014968600    0.0097424400
  -0.0004184000    0.0017186000    0.0108637300
   0.0206379300   -0.0107280300    0.0287598700
  -0.0013870900    0.0003256700    0.0093889900
   0.0008486500    0.0004470600    0.0084077200
  -0.0000591200    0.0020205500    0.0092509000
  -0.0003308000    0.0009351900    0.0084728700
   0.0003359800    0.0021066900    0.0081516400
   0.0000544400    0.0013042300    0.0086463800
   0.0010592800    0.0015852200    0.0086860700
   0.0328526800    0.0191836300    0.0318074300
  -0.0007287100   -0.0012955800   -0.0071953500
  -0.0007266500   -0.0009997400   -0.0064577800
   0.0005124200   -0.0011406600   -0.0075402200
   0.0021708300    0.0000121000   -0.0072397800
   0.0014534900   -0.0004722100   -0.0082473000
   0.0005710800   -0.0006834400   -0.0070125200
   0.0002911300   -0.0005847800   -0.0076893900

41   
  0.0000104209743628   0.0000007752579061  -0.0099999945401119
   0.0030231100    0.0087577400   -0.0039200400
  -0.0010945100   -0.0004033200   -0.0053145800
   0.0022205100   -0.0020568500   -0.0041256600
   0.0005884100    0.0001706500   -0.0049328200
  -0.0000344400   -0.0009935000   -0.0069596800
   0.0002513000   -0.0008821600   -0.0061738200
  -0.0004416700   -0.0014089400   -0.0064934400
  -0.0003165900   -0.0006786900   -0.0066293900
   0.0108642900   -0.0001527200   -0.0222742300
   0.0092550200    0.0031998400   -0.0286445500
   0.0110426800    0.0002907200   -0.0221170300
   0.0117420600    0.0003091900   -0.0225772700
   0.0066836100   -0.0041532900   -0.0282657600
   0.0119540000    0.0006357500   -0.0229103900
   0.0131416400    0.0004810800   -0.0225014500
   0.0109616500    0.0013024700   -0.0216323900
  -0.0084531500   -0.0005871400   -0.0343710000
  -0.0087658900   -0.0014597400   -0.0229513200
  -0.0113930200   -0.0022932300   -0.0234508100
  -0.0102792300   -0.0019158100   -0.0208120100
  -0.0071978300    0.0018896800   -0.0334700000
  -0.0144095000   -0.0033286100   -0.0227025000
  -0.0108576400   -0.0037701900   -0.0231679400
  -0.0105005700   -0.0015293300   -0.0207242800
   0.0028358400    0.0033038300    0.0129751100
   0.0019905200    0.0046647700    0.0170569700
   0.0037172600    0.0164195600    0.0113407400
   0.0002224300    0.0044641500    0.0168119300
   0.0008564300    0.0047958900    0.0183172200
  -0.0001159800    0.0054154600    0.0172576500
   0.0002256000    0.0042993800    0.0178915700
   0.0014101400    0.0059301400    0.0171942800
  -0.0052425200   -0.0067680400    0.0135656400
  -0.0078933200   -0.0075009400    0.0193889400
  -0.0010969600   -0.0048649900    0.0166271500
  -0.0012186400   -0.0075280300    0.0159092500
  -0.0007664200   -0.0067962100    0.0163897900
  -0.0013154000   -0.0064729100    0.0168360400
  -0.0014710000   -0.0063196200    0.0173973400
  -0.0020213300   -0.0059006800    0.0176919500
   0.0602498800   -0.0018147400    0.1091416400
   0.0055432800    0.0112427100   -0.0132677600
   0.0030640300    0.0110151300   -0.0137130500
   0.0034168600    0.0105329600   -0.0154397200
   0.0042904400    0.0100143400   -0.0252388600
   0.0038069400    0.0108553400   -0.0152574600
   0.0040172900    0.0120002700   -0.0140025000
   0.0047205500    0.0107702200   -0.0158566800
  -0.0090648000   -0.0164443400   -0.0105004000
  -0.0110543000   -0.0057992200   -0.0141223200
  -0.0041506100   -0.0116014800   -0.0134545600
  -0.0031567600   -0.0112237100   -0.0152409800
  -0.0037240900   -0.0104194500   -0.0144048300
  -0.0032962000   -0.0091302800   -0.0159158400
  -0.0042451600   -0.0093718000   -0.0144109700
  -0.0037904000   -0.0103733500   -0.0154756700
   0.0159287900    0.0154301300    0.0185898200
   0.0181798000    0.0069039500    0.0183638200
   0.0165420400    0.0089425400    0.0168820800
   0.0157614400    0.0084982400    0.0166988400
   0.0171976700    0.0081328700    0.0178330200
   0.0171974800    0.0106126200    0.0171393900
   0.0168720700    0.0086925000    0.0181346300
   0.0158729600    0.0086503000    0.0178448100
  -0.0192940600   -0.0112366200    0.0145511000
  -0.0178481500   -0.0083583100    0.0172671600
  -0.0155359800   -0.0065563200    0.0140301600
  -0.0158020400   -0.0075102800    0.0177068300
  -0.0165621600   -0.0068761900    0.0163768600
  -0.0173761400   -0.0068422200    0.0187447700
  -0.0170661300   -0.0078775300    0.0170343300
  -0.0177893100   -0.0078446200    0.0184156200
   0.0017391100   -0.0010714700    0.0082891200
  -0.0011112100   -0.0007284200    0.0091503000
  -0.0018306900    0.0014936400    0.0101173000
  -0.0004076600    0.0016558300    0.0107119300
  -0.0029905800    0.0020306300    0.0080714900
   0.0017112200    0.0026847400    0.0080426900
  -0.0017540800    0.0031991000    0.0115040800
  -0.0008576400    0.0000082600    0.0103738300
  -0.0208281300    0.0143908000   -0.0130290700
   0.0026520400    0.0023525100    0.0074984700
   0.0004353200    0.0022391400    0.0084927800
   0.0013666100    0.0006773500    0.0076210300
   0.0015759300    0.0018481700    0.0084561400
   0.0009349900    0.0006236400    0.0087285300
   0.0012228900    0.0013895900    0.0082659300
   0.0002237700    0.0011158900    0.0082149000
  -0.0292896900   -0.0193949400   -0.0456088100
   0.0021176000   -0.0002977100   -0.0085577600
   0.0021433000   -0.0006296800   -0.0092963000
   0.0008713600   -0.0004597000   -0.0082111900
  -0.0007611600   -0.0016385600   -0.0085109400
  -0.0000521900   -0.0011251400   -0.0075062300
   0.0007998500   -0.0009157300   -0.0087310000
   0.0010829300   -0.0010269600   -0.0080697300

49   
  0.0099999933254870  -0.0000050271092071   0.0000104028067861
   0.0024302100    0.0046570600   -0.0068261000
  -0.0002377200   -0.0032655700   -0.0059683200
   0.0031075600   -0.0022645600   -0.0057869600
   0.0253866400    0.0309867200   -0.0031436300
   0.0000339300   -0.0010853100   -0.0063413100
   0.0004881800   -0.0008032300   -0.0058801900
  -0.0000149600   -0.0012495200   -0.0059370200
   0.0004645200   -0.0017981700   -0.0061381700
   0.0109938700    0.0019439800   -0.0249409800
   0.0136711100    0.0006025900   -0.0190375200
   0.0110586400    0.0010477700   -0.0214977400
   0.0116691800    0.0001057600   -0.0224451100
   0.0106418200   -0.0006814700   -0.0248475800
   0.0138712500    0.0009087500   -0.0246074800
   0.0110854400    0.0016765200   -0.0218313700
   0.0116564200    0.0001858600   -0.0228247200
  -0.0112537900   -0.0020263400   -0.0213463000
  -0.0099452100   -0.0034145000   -0.0267662400
  -0.0097230300   -0.0018873700   -0.0222540300
  -0.0113882700   -0.0013709400   -0.0205387600
  -0.0093873700    0.0013666100   -0.0257013900
  -0.0109302400   -0.0029308600   -0.0227293200
  -0.0118450900   -0.0020727500   -0.0216760400
  -0.0098110300   -0.0042693600   -0.0226033500
   0.0010635600    0.0059155000    0.0166818800
   0.0011869800    0.0058675000    0.0170215800
   0.0026913700    0.0061716600    0.0131962400
   0.0204930800    0.0064155500    0.0101725000
   0.0008566400    0.0047820100    0.0165488600
   0.0007126100    0.0048142000    0.0165304100
   0.0013981800    0.0043345000    0.0175877600
  -0.0002710800    0.0056804100    0.0170161100
  -0.0025394700   -0.0165364300    0.0134820800
  -0.0012863100   -0.0068455400    0.0147427700
  -0.0029176700   -0.0035180400    0.0132652900
  -0.0012665300   -0.0076453700    0.0170872000
  -0.0021533800   -0.0055366000    0.0170448000
  -0.0019496300   -0.0063019500    0.0176884100
  -0.0018974000   -0.0060045700    0.0169005800
  -0.0016427900   -0.0079220400    0.0161935300
   0.0184520700    0.0176622400   -0.0100281100
   0.0075770700    0.0060263900   -0.0077420900
   0.0047269000    0.0099051400   -0.0147667500
   0.0031756700    0.0143028100   -0.0157526000
   0.0046052900    0.0100219600   -0.0151940300
   0.0038550600    0.0103878300   -0.0156289400
   0.0048075000    0.0104715300   -0.0146737600
   0.0032701900    0.0111571000   -0.0151239400
  -0.1406185400   -0.0455339300    0.0417651000
  -0.0045897600   -0.0109772600   -0.0132200500
  -0.0029156000   -0.0103338800   -0.0157244200
  -0.0042498200   -0.0107764600   -0.0153478600
  -0.0036894600   -0.0105512600   -0.0145028300
  -0.0034463100   -0.0097186100   -0.0149829100
  -0.0045663900   -0.0097130000   -0.0147643500
  -0.0041668700   -0.0100375000   -0.0140630400
   0.0177801900    0.0113733300    0.0158069700
   0.0174442200    0.0085817700    0.0168782000
   0.0168417000    0.0109937000    0.0186338000
   0.0174291000    0.0095586500    0.0184507300
   0.0164313400    0.0096433500    0.0181925400
   0.0161566700    0.0093021400    0.0176057400
   0.0165768400    0.0096965100    0.0168364100
   0.0160435300    0.0079264100    0.0177354300
  -0.0169540200   -0.0084052900    0.0189479700
  -0.0169415300   -0.0075286300    0.0176679500
  -0.0140010300   -0.0146196600    0.0154605300
  -0.0133469000   -0.0075110600    0.0202354000
  -0.0171285100   -0.0070545700    0.0180738000
  -0.0175490500   -0.0076368300    0.0173972200
  -0.0165837100   -0.0072531400    0.0163333500
  -0.0174925800   -0.0076928200    0.0169765400
  -0.0005690200    0.0009058300    0.0098805700
  -0.0005551900    0.0007157800    0.0105980100
  -0.0029729900   -0.0014708900    0.0160884000
  -0.0002159500    0.0028033600    0.0075470500
   0.0002196500   -0.0001006600    0.0105720500
  -0.0009311200    0.0014266500    0.0107111700
  -0.0010337700   -0.0003044200    0.0083771700
   0.0013110100    0.0040950800    0.0146227800
   0.0052959300    0.0022856900    0.0108796400
   0.0221670400   -0.0097633700   -0.0118154100
   0.0004981100    0.0013731300    0.0084791600
   0.0013980700    0.0001997100    0.0092282400
   0.0006005400    0.0017823900    0.0089359800
   0.0007711300    0.0015452500    0.0101321900
   0.0004882400    0.0015106500    0.0082152500
   0.0010500100    0.0017610700    0.0082269400
   0.0238523000    0.0165491900   -0.0389421700
   0.0035240900   -0.0012947000   -0.0056741800
   0.0002664700   -0.0006263000   -0.0075771600
   0.0004418900   -0.0006114400   -0.0072520500
   0.0006561400   -0.0002621900   -0.0071053500
   0.0005711500   -0.0012556600   -0.0088915400
   0.0006699200   -0.0013253900   -0.0081908800
   0.0010628600    0.0003618000   -0.0080182100

49   
 -0.0099999933254870   0.0000050271092071  -0.0000104028067861
  -0.0022671500   -0.0069962100   -0.0054026600
   0.0003998200    0.0010582000   -0.0063110500
  -0.0029796300    0.0001242100   -0.0064655500
  -0.0243041200   -0.0316973500   -0.0090064300
   0.0001657000   -0.0011133200   -0.0058972700
  -0.0002748600   -0.0013627400   -0.0063374800
   0.0002360800   -0.0009270300   -0.0063050900
  -0.0002200400   -0.0003946100   -0.0061128000
   0.0124749600   -0.0008141500   -0.0197392000
   0.0096690600    0.0005370600   -0.0254534100
   0.0123253000    0.0001183500   -0.0229802800
   0.0116565400    0.0010614000   -0.0221015800
   0.0126635300    0.0018483600   -0.0197340000
   0.0093899600    0.0001856300   -0.0199745300
   0.0122492500   -0.0004799900   -0.0227809500
   0.0116624600    0.0009943700   -0.0217164700
  -0.0105688200   -0.0020171500   -0.0223389300
  -0.0119111600   -0.0006639800   -0.0168946300
  -0.0120951500   -0.0021442100   -0.0214588900
  -0.0104024500   -0.0026049000   -0.0231809800
  -0.0123579600   -0.0053812600   -0.0180619800
  -0.0108891900   -0.0010935200   -0.0210195100
  -0.0099665300   -0.0020001100   -0.0220546400
  -0.0119699100    0.0002377200   -0.0211468600
  -0.0001597900    0.0045372700    0.0165389800
  -0.0001718900    0.0045869700    0.0161960900
  -0.0021739800    0.0044335700    0.0197985500
  -0.0191553100    0.0040914400    0.0228238400
   0.0000945100    0.0056781500    0.0166248200
   0.0003216100    0.0056165400    0.0166764300
  -0.0004077900    0.0061612300    0.0156197600
   0.0012267800    0.0048081500    0.0162020000
  -0.0006827400    0.0037938000    0.0203175800
  -0.0018087300   -0.0058187900    0.0190637100
  -0.0000649000   -0.0090954300    0.0206168100
  -0.0019377500   -0.0051012600    0.0167216000
  -0.0009559200   -0.0071492000    0.0167561500
  -0.0012500500   -0.0064155000    0.0161440900
  -0.0012547400   -0.0066724300    0.0168844500
  -0.0015276700   -0.0048011800    0.0176089200
  -0.0105722700    0.0035969100   -0.0201284600
   0.0008087600    0.0154431800   -0.0223619500
   0.0035858300    0.0116820700   -0.0154125700
   0.0050175200    0.0073164900   -0.0144573000
   0.0037321700    0.0115506100   -0.0149997300
   0.0044361500    0.0112072700   -0.0145396900
   0.0034767700    0.0110914700   -0.0155097200
   0.0050122800    0.0104384300   -0.0150585200
   0.1322774100    0.0257754300   -0.0709726300
  -0.0030382100   -0.0090179800   -0.0160592700
  -0.0047205300   -0.0096806700   -0.0135504800
  -0.0034115300   -0.0092637000   -0.0139446400
  -0.0039809300   -0.0094957000   -0.0147167100
  -0.0042514800   -0.0103056000   -0.0143196500
  -0.0030705200   -0.0103549400   -0.0144856200
  -0.0035097500   -0.0099763700   -0.0152066600
   0.0153217500    0.0063603600    0.0192312800
   0.0157321300    0.0091762400    0.0181645200
   0.0162680200    0.0068549200    0.0164864200
   0.0157533900    0.0081798700    0.0165919400
   0.0166648600    0.0081015300    0.0169250900
   0.0169912400    0.0084121100    0.0174951400
   0.0165858900    0.0080796700    0.0182646400
   0.0171026600    0.0098071700    0.0173795000
  -0.0178456900   -0.0064080200    0.0165330200
  -0.0178038500   -0.0072935300    0.0178294300
  -0.0209103600   -0.0000829400    0.0201927200
  -0.0213771700   -0.0073117400    0.0151959200
  -0.0176592700   -0.0077453300    0.0174811900
  -0.0172612800   -0.0071779300    0.0181308300
  -0.0182019500   -0.0075471700    0.0192191400
  -0.0172847700   -0.0070923400    0.0185311800
  -0.0006697700    0.0008330800    0.0113318600
  -0.0007262400    0.0009795900    0.0106252500
   0.0016559100    0.0031602500    0.0051181100
  -0.0009562500   -0.0010061300    0.0135554700
  -0.0014998700    0.0017213200    0.0107042900
  -0.0003278500    0.0002734700    0.0105467000
  -0.0001755800    0.0020338200    0.0128492400
  -0.0024601900   -0.0022931700    0.0067685400
  -0.0040299400    0.0004453200    0.0059242200
  -0.0198504700    0.0117274100    0.0272534700
   0.0008140700    0.0013547300    0.0083947600
  -0.0001198200    0.0025369200    0.0076563000
   0.0007072300    0.0009058700    0.0079470300
   0.0005573000    0.0010786100    0.0067353300
   0.0008126500    0.0012197900    0.0086788400
   0.0002576500    0.0009393600    0.0086695300
  -0.0232849000   -0.0191905800    0.0247527100
  -0.0020258500   -0.0003166600   -0.0100179800
   0.0011373700   -0.0009644400   -0.0082019900
   0.0009496700   -0.0009517100   -0.0084894900
   0.0007147000   -0.0013616100   -0.0086480300
   0.0008225900   -0.0003290100   -0.0068840200
   0.0007010700   -0.0002901600   -0.0075606400
   0.0003519600   -0.0019539000   -0.0077565000

49   
 -0.0000302389021940   0.0099999542487699   0.0000007945452422
   0.0031977700    0.0043322800   -0.0072857400
  -0.0029000700    0.0025271800   -0.0047768900
  -0.0011882800   -0.0005250700   -0.0057528400
   0.0354526100    0.0405352200    0.0004511800
   0.0001869300   -0.0015609700   -0.0058019500
  -0.0002778400   -0.0005999600   -0.0065834000
   0.0002211800   -0.0009385100   -0.0060870200
   0.0003005900   -0.0010101200   -0.0061573200
   0.0129021100   -0.0004728500   -0.0193064200
   0.0110806700   -0.0001038000   -0.0238160100
   0.0111003200    0.0040612200   -0.0226160200
   0.0119869000    0.0004058800   -0.0221213100
   0.0101978300    0.0004908800   -0.0203916200
   0.0113024000   -0.0005656900   -0.0218060900
   0.0110941400    0.0048599700   -0.0220240000
   0.0118197000    0.0005015800   -0.0219419200
  -0.0099103300   -0.0025011000   -0.0214533200
  -0.0130443700   -0.0007995900   -0.0173884200
  -0.0095558200   -0.0013201000   -0.0224058700
  -0.0108213100   -0.0026120200   -0.0220438900
  -0.0097214100   -0.0010004800   -0.0249009900
  -0.0104577200   -0.0026740200   -0.0218059200
  -0.0112350600   -0.0029785000   -0.0216060700
  -0.0109283900   -0.0014412500   -0.0210282800
   0.0016158700    0.0058484800    0.0181106200
   0.0007216700    0.0055896700    0.0160213200
   0.0013944200    0.0098201300    0.0154485500
   0.0017645800   -0.0008617800    0.0148122200
   0.0002161000    0.0058065700    0.0165038800
   0.0002948000    0.0042398500    0.0169146000
  -0.0000499600    0.0058925400    0.0165304400
   0.0009532300    0.0056618300    0.0164534600
   0.0006668000    0.0126895000    0.0198025600
  -0.0035197200   -0.0061689700    0.0175628400
  -0.0104260700    0.0104742200    0.0065437400
  -0.0015582100   -0.0056638200    0.0176275200
  -0.0013083600   -0.0047493900    0.0176332300
  -0.0031119700   -0.0063948900    0.0164407300
  -0.0010004200   -0.0046716500    0.0166295000
  -0.0018762100   -0.0065747200    0.0162907200
   0.0110596300    0.0076922500   -0.0088334700
  -0.0005524800    0.0134260800   -0.0193680000
   0.0032584700    0.0109365700   -0.0134874600
   0.0076638200    0.0155327900   -0.0139273800
   0.0033960600    0.0115488000   -0.0147138500
   0.0037422900    0.0098149100   -0.0160190700
   0.0038650100    0.0106696600   -0.0157164800
   0.0044993100    0.0115439200   -0.0147633000
  -0.0400194200   -0.1409100600   -0.0264529800
  -0.0047861900   -0.0106864600   -0.0141941900
  -0.0041534400   -0.0083536400   -0.0144440700
  -0.0045871500   -0.0123474000   -0.0149112900
  -0.0043514900   -0.0099791400   -0.0154538000
  -0.0035495900   -0.0102554100   -0.0145636300
  -0.0035133400   -0.0113654800   -0.0133928400
  -0.0038798800   -0.0093858800   -0.0146295400
   0.0135547300    0.0093125100    0.0206873500
   0.0151792500    0.0086405800    0.0191415200
   0.0134418000    0.0071344100    0.0175301700
   0.0164199900    0.0091891200    0.0173470200
   0.0154488000    0.0106194300    0.0170745600
   0.0169549900    0.0083570100    0.0173109700
   0.0154643800    0.0105619000    0.0185155600
   0.0163442500    0.0081365200    0.0184182700
  -0.0171717700   -0.0075136800    0.0170724300
  -0.0167145000   -0.0071907800    0.0179620700
  -0.0177764300   -0.0059909300    0.0162259200
  -0.0096832100   -0.0059577600    0.0258508300
  -0.0164326100   -0.0071872400    0.0172232700
  -0.0178827200   -0.0071319300    0.0171634900
  -0.0173604600   -0.0068964900    0.0198544700
  -0.0175226100   -0.0068413700    0.0169495100
   0.0002096800    0.0016263300    0.0111903300
  -0.0005923700    0.0013089200    0.0109331600
  -0.0020214100   -0.0010084900    0.0041131800
  -0.0014310300    0.0014109800    0.0097003500
   0.0002499100    0.0006110300    0.0114955000
  -0.0000021000    0.0012030400    0.0103149400
  -0.0016111500    0.0004815100    0.0123930300
  -0.0001907400    0.0006502100    0.0114149400
   0.0022884600    0.0024288300    0.0090008300
  -0.0132768900    0.0130917000    0.0233206900
   0.0002217700    0.0015109200    0.0082517200
   0.0017860900   -0.0007781600    0.0104135300
   0.0008363000    0.0012963700    0.0083577400
   0.0004801700    0.0004524600    0.0082329300
   0.0007163200    0.0012820200    0.0087417300
   0.0008004200    0.0018806600    0.0073076200
   0.0194834200    0.0135055500   -0.0302274300
   0.0000868700   -0.0002445700   -0.0082769500
   0.0013960700    0.0006725100   -0.0069334500
   0.0014090000   -0.0007119700   -0.0083733500
   0.0012881000   -0.0005926500   -0.0070522400
   0.0009370500   -0.0007617000   -0.0082740100
   0.0004517700   -0.0011171200   -0.0082348700
   0.0005497000   -0.0008688900   -0.0079417500

49   
  0.0000302389021940  -0.0099999542487699  -0.0000007945452422
  -0.0029746200   -0.0065509700   -0.0049879500
   0.0031809300   -0.0047855900   -0.0075202000
   0.0013977400   -0.0016802800   -0.0064985400
  -0.0332908600   -0.0408994600   -0.0123085600
   0.0000137900   -0.0006396500   -0.0064339400
   0.0004950000   -0.0015945600   -0.0056469900
   0.0000226700   -0.0012393700   -0.0061534000
  -0.0000965000   -0.0011511900   -0.0060962200
   0.0104499700    0.0016160900   -0.0248150900
   0.0123017100    0.0012661800   -0.0207077500
   0.0122677300   -0.0028294700   -0.0220017600
   0.0113600200    0.0007826200   -0.0224122800
   0.0131043100    0.0006803900   -0.0244572500
   0.0120152900    0.0017771500   -0.0227427500
   0.0121880800   -0.0036741800   -0.0224739400
   0.0114903700    0.0006677600   -0.0226524000
  -0.0119017500   -0.0015237700   -0.0222696600
  -0.0088642100   -0.0032453400   -0.0261962900
  -0.0122024900   -0.0027139700   -0.0213382900
  -0.0109844100   -0.0013658000   -0.0216368700
  -0.0119131300   -0.0029356600   -0.0189887800
  -0.0113472200   -0.0012962100   -0.0218793800
  -0.0105350500   -0.0011389700   -0.0221316900
  -0.0108268300   -0.0025506700   -0.0227354000
  -0.0006833900    0.0046327000    0.0151439200
   0.0002694000    0.0048496200    0.0172078900
  -0.0005134400    0.0007430900    0.0176633400
  -0.0010928400    0.0111206900    0.0184696900
   0.0008032100    0.0046753700    0.0167271200
   0.0007020000    0.0061968000    0.0163444300
   0.0010405100    0.0046022700    0.0166716000
   0.0000094300    0.0047970300    0.0167333700
  -0.0038373900   -0.0262146000    0.0136967100
   0.0004381700   -0.0065166000    0.0162705000
   0.0071461100   -0.0223226400    0.0269183900
  -0.0015958400   -0.0070229200    0.0161827600
  -0.0018296600   -0.0079516400    0.0161601600
  -0.0000442900   -0.0062756800    0.0174339000
  -0.0021622400   -0.0080274600    0.0171242300
  -0.0013322200   -0.0061165300    0.0175059700
  -0.0028664500    0.0139341300   -0.0213968900
   0.0088444200    0.0081542800   -0.0107561100
   0.0050464700    0.0106119300   -0.0166807900
   0.0006587700    0.0061860100   -0.0162804900
   0.0049393900    0.0100308400   -0.0155113500
   0.0045921100    0.0117352100   -0.0142187800
   0.0044648700    0.0108823000   -0.0144401600
   0.0037707200    0.0099665600   -0.0154516900
   0.0305827000    0.1201747600   -0.0026900100
  -0.0028494900   -0.0093069900   -0.0151014500
  -0.0034906600   -0.0116822700   -0.0148554500
  -0.0030803000   -0.0077429900   -0.0143721600
  -0.0033188900   -0.0100608600   -0.0138986600
  -0.0041330600   -0.0097796700   -0.0147173200
  -0.0041563000   -0.0086233800   -0.0158297500
  -0.0038011800   -0.0106079500   -0.0146630400
   0.0195693700    0.0081481800    0.0144842300
   0.0179795700    0.0091136000    0.0159201800
   0.0196801900    0.0108392100    0.0177530900
   0.0167040500    0.0085572500    0.0177560500
   0.0176412800    0.0070461100    0.0180405600
   0.0162132000    0.0093418700    0.0177832800
   0.0176191600    0.0071788600    0.0165894000
   0.0167820900    0.0095642100    0.0166729800
  -0.0176248600   -0.0073296700    0.0184488100
  -0.0180806900   -0.0076751300    0.0175264400
  -0.0167447700   -0.0088676000    0.0190790200
  -0.0250698500   -0.0089383700    0.0096148500
  -0.0183416500   -0.0076341000    0.0183375000
  -0.0169218100   -0.0076644500    0.0183521100
  -0.0173993500   -0.0078931800    0.0156971400
  -0.0172832400   -0.0079078100    0.0185245800
  -0.0014679300    0.0000362800    0.0099539900
  -0.0006970200    0.0003810600    0.0102993700
   0.0006404600    0.0027327800    0.0169882700
   0.0002547000    0.0003586000    0.0114424400
  -0.0014761400    0.0010369400    0.0097000500
  -0.0012498900    0.0005047100    0.0109304300
   0.0003301300    0.0012255200    0.0088738700
  -0.0010485800    0.0010611700    0.0098472100
  -0.0009767800    0.0003001000    0.0078734700
   0.0156591900   -0.0109018600   -0.0074810600
   0.0010824600    0.0012098000    0.0086341500
  -0.0004837900    0.0034555000    0.0065258100
   0.0004397900    0.0014047600    0.0085318200
   0.0008069200    0.0022563500    0.0086582400
   0.0005909200    0.0014197800    0.0081533500
   0.0004929000    0.0008458700    0.0095818300
  -0.0191505100   -0.0157038900    0.0157354000
   0.0012846800   -0.0013524800   -0.0074847100
   0.0000028000   -0.0022541100   -0.0087904200
  -0.0000073000   -0.0008701900   -0.0073397900
   0.0001185400   -0.0009952500   -0.0086832500
   0.0004725000   -0.0008333700   -0.0074634300
   0.0009308200   -0.0004751000   -0.0075502700
   0.0008572400   -0.0007384800   -0.0078214700

49   
 -0.0000104209743628  -0.0000007752579061   0.0099999945401119
   0.0005580300    0.0001100500   -0.0073209500
   0.0022515000   -0.0020722600   -0.0081764200
  -0.0011486700   -0.0003712200   -0.0068975700
   0.0029899800    0.0087623800   -0.0083034400
  -0.0003047900   -0.0007093300   -0.0055936400
  -0.0004614200   -0.0013900300   -0.0057309000
   0.0002448300   -0.0008585500   -0.0060632900
  -0.0000496600   -0.0010233500   -0.0052888700
   0.0142040800    0.0020204600   -0.0108338500
   0.0138256800    0.0011506700   -0.0211612500
   0.0111908200    0.0003367700   -0.0206763200
   0.0123140100    0.0006422400   -0.0233027300
   0.0154877900    0.0046008100   -0.0097074200
   0.0081056000   -0.0007207800   -0.0214689300
   0.0116946700   -0.0012425400   -0.0209259000
   0.0120941400    0.0010523000   -0.0234800800
  -0.0117685400   -0.0027715800   -0.0218053600
  -0.0133339400    0.0006003800   -0.0155772100
  -0.0115519400   -0.0023034400   -0.0220158200
  -0.0108619900   -0.0022898600   -0.0215229700
  -0.0158880600   -0.0067887400   -0.0158753400
  -0.0106261800   -0.0019331400   -0.0211943300
  -0.0093975700   -0.0021215400   -0.0216394200
  -0.0115964500   -0.0012249200   -0.0225553100
   0.0009303700    0.0067520700    0.0168931400
   0.0008305100    0.0040321400    0.0176383200
  -0.0032448100    0.0049186500    0.0197591700
  -0.0058196300    0.0041361800    0.0141087600
   0.0006047700    0.0052670800    0.0160638200
   0.0000466100    0.0056639300    0.0158395800
   0.0013282400    0.0048201300    0.0171683500
   0.0007424000    0.0050952000    0.0166690100
   0.0015891900    0.0045333900    0.0221396500
  -0.0018125000   -0.0071151200    0.0167251400
   0.0009031900   -0.0082576600    0.0205338200
  -0.0000800100   -0.0068968500    0.0165000900
  -0.0018200800   -0.0073062800    0.0156559000
  -0.0006716900   -0.0056683100    0.0163365600
  -0.0012036100   -0.0067924700    0.0152239100
  -0.0022189700   -0.0061552000    0.0162184100
  -0.0006909000    0.0046283200   -0.0191268000
  -0.0031994300    0.0151333300   -0.0155819100
   0.0038634000    0.0091629500   -0.0162833200
   0.0047540300    0.0096754100   -0.0144756300
   0.0042630100    0.0103924000   -0.0153196300
   0.0047069200    0.0116806600   -0.0138533900
   0.0037331700    0.0114359700   -0.0153427700
   0.0041703300    0.0104321600   -0.0142831800
   0.0530717000   -0.0207683000   -0.1393180000
  -0.0023973200   -0.0095677100   -0.0164714300
  -0.0049010900   -0.0098396800   -0.0160509600
  -0.0045212700   -0.0102810600   -0.0142824900
  -0.0037715100   -0.0107795100   -0.0045007600
  -0.0041787200   -0.0099486100   -0.0144710300
  -0.0039906000   -0.0088195900   -0.0157354400
  -0.0032659800   -0.0100107100   -0.0139014700
   0.0183776200    0.0098624300    0.0212380000
   0.0182349200    0.0087736200    0.0175998900
   0.0146653400    0.0050135300    0.0207421500
   0.0161264600    0.0079459200    0.0179924900
   0.0169269700    0.0083392600    0.0182447700
   0.0161918700    0.0084592500    0.0169110800
   0.0174226200    0.0093831400    0.0188616000
   0.0166133800    0.0094212100    0.0165673200
  -0.0174403400   -0.0073623700    0.0184459500
  -0.0182469300   -0.0078239100    0.0185841500
  -0.0181190400   -0.0007549900    0.0166127900
  -0.0159144800   -0.0094935100    0.0167769200
  -0.0170764900   -0.0075990900    0.0171944500
  -0.0180795400   -0.0076094900    0.0174317600
  -0.0168254700   -0.0081366000    0.0173965200
  -0.0168238700   -0.0056776500    0.0181760500
  -0.0018002700    0.0015158300    0.0110988900
  -0.0004184800    0.0016316400    0.0105265300
   0.0016275900   -0.0010050300    0.0130821800
  -0.0010647500   -0.0007019500    0.0120533200
  -0.0017778500    0.0032103500    0.0097391000
  -0.0008341100   -0.0000089300    0.0108634500
  -0.0030275400    0.0020515300    0.0131952500
   0.0018154800    0.0027136800    0.0132590300
   0.0026809000    0.0023808300    0.0093665100
  -0.0193916800    0.0134437900    0.0287252400
   0.0013530600    0.0006846300    0.0092432000
   0.0004459800    0.0022630800    0.0084060900
   0.0009468100    0.0006085800    0.0081411300
   0.0016086300    0.0017719200    0.0084716700
   0.0002321100    0.0011097000    0.0086737300
   0.0012301700    0.0013957200    0.0086425000
  -0.0315466500   -0.0207807000    0.0317269100
   0.0021304900   -0.0002932000   -0.0071785500
   0.0021135700   -0.0006002200   -0.0064449600
   0.0008808200   -0.0004833700   -0.0075460300
  -0.0007923100   -0.0016253900   -0.0072433400
  -0.0000628200   -0.0011291100   -0.0082445300
   0.0008060600   -0.0009078100   -0.0070068400
   0.0010901500   -0.0009940300   -0.0076844900

49   
  0.0000104209743628   0.0000007752579061  -0.0099999945401119
  -0.0003686200   -0.0023127000   -0.0049754500
  -0.0020131600   -0.0001066000   -0.0041475500
   0.0013152400   -0.0018215800   -0.0052856400
  -0.0027947700   -0.0109710300   -0.0038991400
   0.0005642400   -0.0015389700   -0.0066134300
   0.0006814300   -0.0008018300   -0.0064642400
  -0.0000176500   -0.0012778400   -0.0061932100
   0.0002652100   -0.0011451700   -0.0069769800
   0.0092588500   -0.0008334400   -0.0347904000
   0.0095525700    0.0000268200   -0.0233102000
   0.0121568100    0.0008918000   -0.0238850300
   0.0110373300    0.0005092800   -0.0212278300
   0.0079828900   -0.0033124600   -0.0338789400
   0.0151677900    0.0019077500   -0.0231286700
   0.0116466500    0.0023503600   -0.0235424800
   0.0112664300    0.0001173500   -0.0211418800
  -0.0101168400   -0.0012983700   -0.0218151800
  -0.0084579900   -0.0046565500   -0.0282574600
  -0.0102664100   -0.0016921700   -0.0217296900
  -0.0109509500   -0.0017232500   -0.0222140700
  -0.0058874900    0.0027605300   -0.0278761300
  -0.0111772600   -0.0020331700   -0.0224860400
  -0.0123683000   -0.0019592600   -0.0220827700
  -0.0101955500   -0.0027787000   -0.0211953600
   0.0000015900    0.0037863900    0.0163072700
   0.0001462600    0.0064227400    0.0155882200
   0.0041501900    0.0055927800    0.0132959000
   0.0068055000    0.0063999800    0.0191418600
   0.0003961300    0.0052210100    0.0171510300
   0.0009195500    0.0047849700    0.0174345300
  -0.0003005400    0.0056852800    0.0160650400
   0.0001968300    0.0053614000    0.0165157000
  -0.0048037300   -0.0175448800    0.0116525400
  -0.0012719900   -0.0055687800    0.0171299500
  -0.0039053300   -0.0044437400    0.0132861800
  -0.0031169700   -0.0057859800    0.0173576700
  -0.0013008200   -0.0054024700    0.0181912100
  -0.0025168500   -0.0070549800    0.0174827700
  -0.0019233500   -0.0059223700    0.0186218000
  -0.0009973900   -0.0065471400    0.0175603900
   0.0093522300    0.0172334300   -0.0109442600
   0.0113934900    0.0065856300   -0.0145347600
   0.0044729400    0.0123585700   -0.0139467800
   0.0034815100    0.0119567300   -0.0156805300
   0.0040412600    0.0111576400   -0.0148622900
   0.0035984300    0.0098777100   -0.0164004100
   0.0045730900    0.0101509700   -0.0148597100
   0.0040758900    0.0111428400   -0.0159289300
  -0.0602033600    0.0025672100    0.1095396400
  -0.0052267500   -0.0105123100   -0.0128174100
  -0.0027362100   -0.0102398100   -0.0132691600
  -0.0030998800   -0.0097445800   -0.0150024000
  -0.0039173600   -0.0092429600   -0.0248230400
  -0.0034977900   -0.0101093100   -0.0148075900
  -0.0036853500   -0.0112311500   -0.0135415100
  -0.0044120000   -0.0099966600   -0.0153551000
   0.0147095700    0.0080661500    0.0137977900
   0.0149800500    0.0089843300    0.0174613400
   0.0184952300    0.0126465900    0.0143325200
   0.0169890800    0.0097775100    0.0170470900
   0.0162354200    0.0092972300    0.0167945300
   0.0169748100    0.0092792600    0.0181851400
   0.0157604600    0.0083333700    0.0161213500
   0.0165491700    0.0083207500    0.0185201200
  -0.0173879600   -0.0074346700    0.0170930300
  -0.0166008900   -0.0070347200    0.0169218800
  -0.0167155700   -0.0140046200    0.0187931400
  -0.0189871800   -0.0054386200    0.0185589200
  -0.0176824600   -0.0072244800    0.0183312700
  -0.0166849300   -0.0071949100    0.0180335200
  -0.0180441400   -0.0066779500    0.0180412400
  -0.0180322400   -0.0091366400    0.0173491100
   0.0005709600    0.0002159700    0.0101112100
  -0.0008547000    0.0000410300    0.0107189600
  -0.0029801200    0.0027945000    0.0082951900
  -0.0001482200    0.0024281400    0.0091444200
   0.0005108300   -0.0015003700    0.0115026500
  -0.0004109900    0.0017242800    0.0103852200
   0.0017468600   -0.0003318500    0.0080781300
  -0.0029966700   -0.0009695700    0.0080280300
  -0.0013653000    0.0003652600    0.0075058700
   0.0221501000   -0.0116823900   -0.0129611200
  -0.0000767600    0.0020467200    0.0076261100
   0.0008455800    0.0004764900    0.0084955100
   0.0003620000    0.0020842100    0.0087472100
  -0.0002881600    0.0008663300    0.0084514900
   0.0010675500    0.0015898000    0.0082596900
   0.0000670500    0.0013259700    0.0082766000
   0.0307508300    0.0178010200   -0.0455593800
  -0.0007475700   -0.0012861500   -0.0085764900
  -0.0007231800   -0.0009642600   -0.0092873000
   0.0005156600   -0.0011389900   -0.0082143200
   0.0021651600    0.0000295400   -0.0085104300
   0.0014297400   -0.0004802000   -0.0074973100
   0.0006005700   -0.0006629200   -0.0087467500
   0.0002806600   -0.0005700900   -0.0080852300

57   
  0.0099999933254870  -0.0000050271092071   0.0000104028067861
   0.0026104000   -0.0003543500   -0.0044979100
   0.0274938000   -0.0255932900   -0.0447180800
  -0.0002244600   -0.0010698600   -0.0056457500
  -0.0002606300   -0.0009728700   -0.0057196400
  -0.0001675800   -0.0005787900   -0.0070386900
   0.0000580700   -0.0014004800   -0.0057209600
   0.0002890500   -0.0020097500   -0.0063020800
   0.0000664300   -0.0003191300   -0.0065406400
   0.0107642500    0.0000577600   -0.0221133300
   0.0113337900    0.0014274600   -0.0231664400
   0.0108338500    0.0002700300   -0.0222003500
   0.0112161800    0.0005646000   -0.0215893600
   0.0112190800   -0.0012908000   -0.0244524400
   0.0118173500    0.0018742700   -0.0226022100
   0.0110673300    0.0102019400   -0.0250899600
   0.0117850000    0.0011614500   -0.0238363600
  -0.0115417500   -0.0022437700   -0.0205307900
  -0.0097291100   -0.0013501500   -0.0212850200
  -0.0109178500   -0.0016981300   -0.0220420500
  -0.0103674600   -0.0016052400   -0.0215750500
   0.0080983900   -0.0023765200   -0.0283109700
  -0.0064972600   -0.0027003600   -0.0239139000
  -0.0105990500   -0.0022867500   -0.0213078300
  -0.0100820800   -0.0021901500   -0.0220224700
   0.0006629000    0.0063886700    0.0155399300
   0.0000140000    0.0042348300    0.0167354300
   0.0016995200    0.0072974100    0.0159925800
  -0.0001491100    0.0049985400    0.0168134800
   0.0018765700    0.0064843800    0.0121286300
   0.0003100300    0.0054194300    0.0173673800
  -0.0006155600    0.0049707100    0.0179354700
   0.0021545100    0.0054144700    0.0160937900
  -0.0035784600   -0.0049196200    0.0140618300
   0.0000908900   -0.0065972700    0.0154798300
  -0.0019781400   -0.0070121300    0.0173848900
  -0.0015784200   -0.0060504700    0.0160628100
  -0.0024480300   -0.0075001500    0.0137195500
   0.0004733200   -0.0066699700    0.0200281900
  -0.0019790900   -0.0068615300    0.0170048500
  -0.0015313100   -0.0057450700    0.0164251300
   0.0075525900    0.0102719200   -0.0143501500
   0.0082203000    0.0185441800   -0.0167155500
   0.0045996500    0.0110337800   -0.0150734600
   0.0045871000    0.0114856600   -0.0142525900
   0.0049559100    0.0108116600   -0.0156921000
   0.0040434400    0.0106887800   -0.0156951000
   0.0043989700    0.0117184900   -0.0153990500
   0.0040111800    0.0103156100   -0.0144090900
  -0.0025897200   -0.0129512800   -0.0128351300
  -0.0030117200   -0.0114410800   -0.0129956500
  -0.0035028400   -0.0131229000   -0.0165476100
  -0.0030034600   -0.0101474700   -0.0150331900
  -0.0039377100   -0.0111104200   -0.0142915300
  -0.0042583000   -0.0096606700   -0.0150383800
  -0.0038227100   -0.0110872200   -0.0138058900
  -0.0043608700   -0.0102477400   -0.0146105400
  -0.1219874900    0.0425555500    0.0750838300
   0.0146807800    0.0097699400    0.0189063900
   0.0174404000    0.0085317400    0.0165906700
   0.0158418300    0.0101241700    0.0175747400
   0.0168460800    0.0094329000    0.0177671000
   0.0168076800    0.0089753800    0.0166207300
   0.0158733700    0.0082660500    0.0171655500
   0.0168099800    0.0088301500    0.0178577400
  -0.0135401600   -0.0033159400    0.0242279900
  -0.0045670200   -0.0125299700    0.0219655700
  -0.0158826400   -0.0132864500    0.0161030100
  -0.0178827000   -0.0071758800    0.0177305600
  -0.0175348700   -0.0073014800    0.0172880300
  -0.0163178700   -0.0068176500    0.0177236500
  -0.0177028900   -0.0073786400    0.0177750900
  -0.0166769300   -0.0077892400    0.0183585000
  -0.0002031900    0.0007117600    0.0126377600
  -0.0008473900    0.0003249800    0.0105941300
  -0.0002361900    0.0006448400    0.0108143800
  -0.0007387600    0.0008269700    0.0103628400
   0.0204106300    0.0155123400   -0.0116804300
   0.0041057000    0.0000488300    0.0129114900
   0.0001310300    0.0021408400    0.0116929700
  -0.0007780700    0.0008440500    0.0106355400
   0.0025132300   -0.0012369200    0.0123974700
   0.0003692400    0.0025681800    0.0064146000
   0.0005853700    0.0011826700    0.0084080300
   0.0009729100    0.0013109800    0.0084239300
   0.0002191500    0.0000213600    0.0060604100
  -0.0018051600    0.0041294800    0.0137171900
   0.0008006200    0.0010936900    0.0084879800
   0.0003836700    0.0015125500    0.0079809600
   0.0242936100   -0.0315278700   -0.0020680000
   0.0058516400    0.0016714400   -0.0069185000
   0.0008237300    0.0019016800   -0.0079846300
   0.0026527000   -0.0060452600   -0.0093190100
   0.0008842100   -0.0004394100   -0.0084393300
   0.0006129700   -0.0004477200   -0.0078041000
   0.0007417900   -0.0012795500   -0.0078333100
   0.0004778500   -0.0008311700   -0.0080379500

57   
 -0.0099999933254870   0.0000050271092071  -0.0000104028067861
  -0.0024513400   -0.0018374300   -0.0078002200
  -0.0267005300    0.0225324300    0.0311635300
   0.0004426900   -0.0011243000   -0.0066072400
   0.0004926600   -0.0011979600   -0.0065179900
   0.0004198900   -0.0015723400   -0.0051963700
   0.0001181700   -0.0008120600   -0.0065243800
  -0.0000609100   -0.0001285600   -0.0059355100
   0.0001608700   -0.0018830200   -0.0057333500
   0.0125972800    0.0011143100   -0.0224154200
   0.0120457100   -0.0002798800   -0.0213241800
   0.0124552000    0.0009133400   -0.0223280400
   0.0121748600    0.0006234100   -0.0229664900
   0.0119321700    0.0025867000   -0.0201762000
   0.0115686800   -0.0007389700   -0.0219789100
   0.0123640700   -0.0092469400   -0.0193546600
   0.0115018300    0.0000425400   -0.0207538100
  -0.0102556600   -0.0018170500   -0.0231901700
  -0.0120782300   -0.0026325700   -0.0223843300
  -0.0109077200   -0.0022968700   -0.0216804800
  -0.0114296300   -0.0024248900   -0.0221292600
  -0.0301882700   -0.0016336100   -0.0152839100
  -0.0148241000   -0.0011212800   -0.0196073700
  -0.0111743700   -0.0017777600   -0.0224262000
  -0.0116471700   -0.0018413400   -0.0217149300
   0.0003465200    0.0041126700    0.0176841400
   0.0009184000    0.0061679300    0.0165094300
  -0.0007520100    0.0031180700    0.0172493800
   0.0011309700    0.0053838200    0.0164347400
  -0.0008353300    0.0039652900    0.0211264400
   0.0006902900    0.0050200800    0.0158397300
   0.0015532200    0.0055292800    0.0153069100
  -0.0011498800    0.0050547600    0.0171616600
   0.0004946400   -0.0077805300    0.0198062500
  -0.0031604200   -0.0061567500    0.0183674300
  -0.0011255900   -0.0056586900    0.0164903100
  -0.0016029100   -0.0066331900    0.0177365200
  -0.0007939000   -0.0052542300    0.0202201900
  -0.0036183700   -0.0060494800    0.0137383600
  -0.0012091000   -0.0058329400    0.0167472200
  -0.0016198500   -0.0069995500    0.0174285300
   0.0006654100    0.0113046900   -0.0157872500
   0.0001773700    0.0031053900   -0.0136389000
   0.0036728600    0.0105792500   -0.0151490800
   0.0037113200    0.0101081000   -0.0159211100
   0.0033340300    0.0107625700   -0.0144611100
   0.0042604400    0.0109094900   -0.0145099700
   0.0039112900    0.0098233500   -0.0147722100
   0.0042960400    0.0112744400   -0.0158008300
  -0.0050252800   -0.0069475300   -0.0165185900
  -0.0047067100   -0.0086361500   -0.0162477300
  -0.0040743100   -0.0068857300   -0.0127426800
  -0.0046670100   -0.0098584000   -0.0141986200
  -0.0037079600   -0.0088796500   -0.0149712800
  -0.0034166400   -0.0103667400   -0.0142895200
  -0.0038000500   -0.0089512600   -0.0154637600
  -0.0033127600   -0.0098062800   -0.0146447800
   0.1560445300   -0.0247736400   -0.0402371700
   0.0184246800    0.0080180900    0.0161100500
   0.0157320300    0.0092066300    0.0184584900
   0.0172511900    0.0076242300    0.0175012900
   0.0162697600    0.0082670200    0.0172743700
   0.0163605300    0.0087621600    0.0184795900
   0.0172663400    0.0094896800    0.0178824000
   0.0163491100    0.0088559900    0.0171738000
  -0.0214103000   -0.0115951900    0.0111821700
  -0.0298984000   -0.0025346600    0.0134732600
  -0.0188028000   -0.0015810000    0.0194063800
  -0.0169066200   -0.0076489700    0.0177257000
  -0.0172427200   -0.0074921300    0.0181918700
  -0.0184973300   -0.0080028700    0.0177987600
  -0.0170890800   -0.0074158800    0.0176996500
  -0.0181115600   -0.0069978300    0.0171552200
  -0.0010748700    0.0009712900    0.0086110200
  -0.0004122900    0.0013827600    0.0106475000
  -0.0010393600    0.0010511200    0.0104314700
  -0.0005262700    0.0008976300    0.0108854900
  -0.0226239900   -0.0146343100    0.0343154000
  -0.0053069700    0.0016516400    0.0083981500
  -0.0014022900   -0.0003701800    0.0095706800
  -0.0005247500    0.0008801500    0.0106306800
  -0.0013260800    0.0040490300    0.0043540700
   0.0008732000    0.0001431400    0.0104829200
   0.0007075900    0.0014945100    0.0084864200
   0.0003230000    0.0013463300    0.0084361200
   0.0010070900    0.0027856600    0.0109667400
   0.0031267400   -0.0014537000    0.0031790800
   0.0005064700    0.0016101400    0.0084115500
   0.0008750500    0.0012196500    0.0089150300
  -0.0239488000    0.0317263400   -0.0138250000
  -0.0043463500   -0.0032226500   -0.0088477900
   0.0006166900   -0.0035232100   -0.0077271700
  -0.0011956300    0.0042876000   -0.0064490900
   0.0004767200   -0.0011924800   -0.0073701400
   0.0007721500   -0.0011547200   -0.0079728600
   0.0006445700   -0.0003283800   -0.0079506800
   0.0009181600   -0.0007669600   -0.0077193400

57   
 -0.0000302389021940   0.0099999542487699   0.0000007945452422
   0.0007055700   -0.0008663300   -0.0057575000
  -0.0210326600    0.0147193700    0.0207416500
   0.0000777800   -0.0011485500   -0.0062332700
  -0.0000273200   -0.0000395400   -0.0070912600
  -0.0002433100   -0.0006507700   -0.0062761300
  -0.0004528700   -0.0010325800   -0.0072269600
   0.0003084900   -0.0009809600   -0.0059298700
  -0.0002168300   -0.0013798200   -0.0061117400
   0.0111512900    0.0028495200   -0.0218883200
   0.0118980900    0.0006320400   -0.0215824300
   0.0110459900    0.0025687900   -0.0222445300
   0.0126530200    0.0006160100   -0.0221666700
   0.0201683700    0.0204775900   -0.0136479100
   0.0121862500    0.0005713500   -0.0228972400
   0.0100876900    0.0187290900   -0.0267744500
   0.0132760800   -0.0000041600   -0.0230304500
  -0.0114229700   -0.0009814600   -0.0214884900
  -0.0098627700   -0.0019557700   -0.0218077000
  -0.0103835200   -0.0027606500   -0.0221930800
  -0.0105482800   -0.0015835400   -0.0213915300
  -0.0108650700   -0.0088446600   -0.0199497900
  -0.0108285700    0.0032435600   -0.0208857200
  -0.0111056100   -0.0014115300   -0.0210218500
  -0.0113513200   -0.0014553400   -0.0236442800
   0.0003198000    0.0050776700    0.0165158800
   0.0002942300    0.0056895700    0.0174229600
   0.0003676200    0.0057827300    0.0158995500
   0.0007377400    0.0044794900    0.0168032800
   0.0035798300    0.0069526700    0.0118770300
  -0.0004670200    0.0041569500    0.0164014200
   0.0001671500    0.0042082400    0.0166674500
  -0.0012652600    0.0059051000    0.0171579100
  -0.0004085800   -0.0077439900    0.0169288900
  -0.0015223600   -0.0073125300    0.0165733300
  -0.0012039900   -0.0022263200    0.0167271000
  -0.0018035700   -0.0068418600    0.0167762000
  -0.0024579100   -0.0068041000    0.0121835600
  -0.0012358900   -0.0074959300    0.0187252700
  -0.0006968500   -0.0026566200    0.0184892800
  -0.0020357000   -0.0059574600    0.0165732300
  -0.0030954700    0.0121500100   -0.0216705400
   0.0038791700    0.0121895300   -0.0129515800
   0.0031792600    0.0106758600   -0.0151545200
   0.0040239400    0.0110168100   -0.0147188200
   0.0042865100    0.0113004300   -0.0143786600
   0.0038329600    0.0113133400   -0.0168548300
   0.0045026400    0.0109959500   -0.0149085000
   0.0039351400    0.0110446700   -0.0149137100
  -0.0013332900   -0.0092221900   -0.0138898400
  -0.0041374700   -0.0102606500   -0.0147460200
  -0.0017050400   -0.0119219700   -0.0185103700
  -0.0031511500   -0.0096962500   -0.0155651900
  -0.0030533500   -0.0081961800   -0.0151289300
  -0.0033787800   -0.0104969900   -0.0150719400
  -0.0030283800   -0.0083641600   -0.0141409200
  -0.0047793000   -0.0107327300   -0.0141066700
   0.0516804300   -0.1234138400    0.0273473300
   0.0174492600    0.0092223600    0.0171568100
   0.0162464000    0.0114893500    0.0174803400
   0.0177936400    0.0064842300    0.0183865800
   0.0171625100    0.0082449300    0.0183835000
   0.0166816600    0.0084956800    0.0171971700
   0.0159683800    0.0073426400    0.0169549100
   0.0165644600    0.0091797700    0.0173114000
  -0.0132853800   -0.0042828600    0.0215594500
  -0.0224209300   -0.0098571400    0.0109117700
  -0.0232475000    0.0018863600    0.0179309500
  -0.0171610000   -0.0074233600    0.0152343500
  -0.0173211400   -0.0078926400    0.0182532400
  -0.0168365600   -0.0063803200    0.0177506900
  -0.0173797300   -0.0074606800    0.0173882200
  -0.0177812300   -0.0070485000    0.0179049400
  -0.0006202600    0.0003557000    0.0107437200
  -0.0009656300    0.0008730500    0.0111604000
  -0.0005926600    0.0013473200    0.0110190700
  -0.0005955300    0.0009500900    0.0104519300
   0.0125969900    0.0112604200   -0.0026134500
  -0.0027319500    0.0025443000    0.0102275300
  -0.0020218500   -0.0020699100    0.0076252200
  -0.0001034800    0.0008329100    0.0111620800
   0.0001784600    0.0008837100    0.0073089000
   0.0018798300    0.0006774400    0.0061526800
   0.0004252200    0.0015364000    0.0086616800
   0.0005297200    0.0013773400    0.0075425900
   0.0009047800    0.0023550400    0.0096482500
   0.0026475500   -0.0014827500    0.0156022500
   0.0010969700    0.0017080000    0.0080127800
  -0.0003958000    0.0022556200    0.0081217100
  -0.0316099200    0.0367897700   -0.0173037300
   0.0023081300   -0.0005442300   -0.0078694000
   0.0044218600    0.0033415400   -0.0089545300
  -0.0020346600    0.0036648800   -0.0067684100
   0.0005816400   -0.0007135900   -0.0078154000
   0.0004771100   -0.0009107200   -0.0081505600
   0.0014788700   -0.0005759100   -0.0071960100
   0.0004671800   -0.0013631800   -0.0084327700

57   
  0.0000302389021940  -0.0099999542487699  -0.0000007945452422
  -0.0004936900   -0.0012927500   -0.0065139200
   0.0221863800   -0.0173353800   -0.0341118800
   0.0001398100   -0.0010472200   -0.0060328300
   0.0002374600   -0.0021535900   -0.0051460800
   0.0004919200   -0.0015477600   -0.0059519000
   0.0006829400   -0.0011577400   -0.0050338100
  -0.0000741800   -0.0011695200   -0.0063247500
   0.0004384600   -0.0007555900   -0.0061486500
   0.0121983400   -0.0016432500   -0.0225634100
   0.0115314700    0.0005224900   -0.0228973300
   0.0122859700   -0.0014151800   -0.0223022500
   0.0107099400    0.0005709800   -0.0224434600
   0.0032258500   -0.0183387500   -0.0305282300
   0.0111003200    0.0005929600   -0.0216903200
   0.0132717100   -0.0183367200   -0.0174009700
   0.0100103800    0.0011839500   -0.0215565100
  -0.0104034400   -0.0030162700   -0.0221585100
  -0.0119510900   -0.0020442900   -0.0219324900
  -0.0114093200   -0.0012149400   -0.0215579200
  -0.0112952300   -0.0024287300   -0.0223386000
  -0.0106262300    0.0046370200   -0.0238498700
  -0.0108460800   -0.0071244000   -0.0227329600
  -0.0106960500   -0.0026567500   -0.0227015000
  -0.0103881100   -0.0025054200   -0.0201236900
   0.0006383300    0.0054419700    0.0166580000
   0.0005657300    0.0047738900    0.0158842500
   0.0005796700    0.0046445700    0.0173194700
   0.0002518500    0.0059509500    0.0164364700
  -0.0024886400    0.0034477900    0.0212632500
   0.0014711200    0.0062663100    0.0168295400
   0.0008132000    0.0063059100    0.0165071200
   0.0022250300    0.0045226500    0.0160553100
  -0.0027279700   -0.0049477100    0.0172406900
  -0.0015139500   -0.0053344100    0.0172566200
  -0.0019107000   -0.0105007700    0.0170189700
  -0.0013326000   -0.0058256000    0.0170639600
  -0.0007051900   -0.0058816700    0.0212638500
  -0.0019632200   -0.0052254400    0.0150360100
  -0.0024595200   -0.0099570200    0.0153922200
  -0.0011533200   -0.0067157300    0.0172303500
   0.0114294500    0.0093122000   -0.0084201700
   0.0040896700    0.0092670500   -0.0170128300
   0.0051744500    0.0108500300   -0.0150333300
   0.0042804800    0.0105143000   -0.0154803000
   0.0039718500    0.0102637500   -0.0158010100
   0.0044304900    0.0102422600   -0.0133747600
   0.0038331500    0.0105782300   -0.0152700400
   0.0043663000    0.0105154200   -0.0153239700
  -0.0063315900   -0.0104236900   -0.0156819000
  -0.0035231800   -0.0098245300   -0.0145248800
  -0.0058442400   -0.0082344700   -0.0108841400
  -0.0045499900   -0.0103071100   -0.0136900100
  -0.0045796000   -0.0118041200   -0.0141675200
  -0.0042779100   -0.0095415100   -0.0142242700
  -0.0046333300   -0.0117587100   -0.0151484000
  -0.0029037800   -0.0092850600   -0.0151807600
  -0.0163580000    0.1396015600    0.0074203000
   0.0156714800    0.0085483600    0.0178938700
   0.0169283500    0.0061910500    0.0175656800
   0.0152901400    0.0112565100    0.0167211700
   0.0159888600    0.0094119600    0.0167762900
   0.0164912100    0.0091968700    0.0179013300
   0.0171824100    0.0104089200    0.0181122100
   0.0165885100    0.0085517900    0.0177775200
  -0.0215725500   -0.0104570000    0.0138903500
  -0.0123457000   -0.0048591600    0.0246697600
  -0.0115404800   -0.0166509200    0.0175627800
  -0.0176276000   -0.0073781000    0.0202309600
  -0.0174848600   -0.0069150100    0.0172869400
  -0.0180135200   -0.0084342400    0.0177764900
  -0.0174197900   -0.0073506100    0.0181727500
  -0.0170356200   -0.0077304800    0.0176028500
  -0.0006388700    0.0013708800    0.0105087500
  -0.0003015400    0.0008343700    0.0100727200
  -0.0006503000    0.0003767400    0.0102392500
  -0.0006659400    0.0007617800    0.0107908300
  -0.0148858700   -0.0100097500    0.0248048600
   0.0014585600   -0.0008142900    0.0110100700
   0.0007503900    0.0037843100    0.0135793500
  -0.0011725500    0.0008621100    0.0100903300
   0.0010706300    0.0018627000    0.0095180500
  -0.0005690700    0.0019860500    0.0106557100
   0.0008750500    0.0011567300    0.0082031900
   0.0007176000    0.0012746900    0.0093692000
   0.0003480900    0.0004019700    0.0073222100
  -0.0012436000    0.0041782800    0.0014049100
   0.0001923400    0.0009902400    0.0088958900
   0.0017122000    0.0004345100    0.0088639700
   0.0306830200   -0.0361523800    0.0012019300
  -0.0008937400   -0.0010778000   -0.0078684800
  -0.0031355600   -0.0050481100   -0.0067338300
   0.0034713100   -0.0053906100   -0.0089768200
   0.0008248100   -0.0008831700   -0.0079619400
   0.0008937300   -0.0006914500   -0.0076016300
  -0.0000858600   -0.0010143100   -0.0086022500
   0.0009527400   -0.0002378600   -0.0073434800

57   
 -0.0000104209743628  -0.0000007752579061   0.0099999945401119
   0.0010674700   -0.0011058100   -0.0056290800
  -0.0333953100    0.0227682300    0.0361990600
   0.0001015100   -0.0017623200   -0.0057026800
   0.0010674800   -0.0013343800   -0.0043903300
  -0.0004155000   -0.0009517000   -0.0062745200
  -0.0004586300   -0.0008384200   -0.0064255800
   0.0002560500   -0.0010180300   -0.0055561800
   0.0002509800   -0.0010355900   -0.0051590600
   0.0114216200    0.0010503000   -0.0241196700
   0.0109869900    0.0002204700   -0.0225875000
   0.0116866400    0.0009061600   -0.0233201200
   0.0122871200    0.0000998500   -0.0224810900
   0.0141813300    0.0036191800   -0.0187068700
   0.0128421600    0.0013668000   -0.0225403000
   0.0135914900   -0.0088805000   -0.0165192100
   0.0123588400    0.0008564900   -0.0227165700
  -0.0099954500   -0.0016491900   -0.0206260600
  -0.0096209100   -0.0016853500   -0.0212369800
  -0.0109716600   -0.0021434700   -0.0223586900
  -0.0109477000   -0.0014900100   -0.0225713000
  -0.0171210600   -0.0004126000   -0.0232693000
  -0.0120691000   -0.0013322400   -0.0192680200
  -0.0104576600   -0.0008549700   -0.0207856100
  -0.0107391100   -0.0038887200   -0.0206332400
   0.0009154200    0.0053053300    0.0165488200
  -0.0015842500    0.0076494500    0.0191459300
   0.0004299700    0.0047632200    0.0164528300
   0.0019053300    0.0050783400    0.0165581400
  -0.0022960200    0.0024781100    0.0222658500
  -0.0000688900    0.0051795800    0.0177379900
   0.0005150100    0.0052802100    0.0166491500
  -0.0004614500    0.0056878900    0.0161123900
   0.0018572600   -0.0094340900    0.0294899000
  -0.0045357100   -0.0048537500    0.0177381900
  -0.0018275000   -0.0061899300    0.0181008700
  -0.0015755700   -0.0064922700    0.0162604400
  -0.0005741700   -0.0077313200    0.0323244200
   0.0003151800   -0.0070798600    0.0180988300
  -0.0016977200   -0.0060171400    0.0182253400
  -0.0008431800   -0.0066545900    0.0156582200
   0.0065436600    0.0121346200   -0.0161348200
   0.0016355600    0.0026970700   -0.0159796700
   0.0029861700    0.0114511900   -0.0144349900
   0.0042369800    0.0105721800   -0.0143003100
   0.0056073800    0.0087046000   -0.0154240100
   0.0049451600    0.0115880400   -0.0146405000
   0.0038376900    0.0113303200   -0.0156680700
   0.0045209500    0.0113707500   -0.0154148300
  -0.0055563300   -0.0069372200   -0.0109512500
  -0.0044987500   -0.0084157700   -0.0145788200
  -0.0027364000   -0.0100339800   -0.0114156300
  -0.0029368500   -0.0102232900   -0.0141714800
  -0.0032116500   -0.0105251700   -0.0139202700
  -0.0037799300   -0.0102650500   -0.0152688700
  -0.0045459600   -0.0090486300   -0.0132691200
  -0.0036607700   -0.0091495700   -0.0156394000
   0.0743150600    0.0198129500   -0.1141353000
   0.0179525500    0.0084700000    0.0162145500
   0.0156441900    0.0088348200    0.0165137300
   0.0165836200    0.0097176800    0.0172875700
   0.0168199700    0.0096600000    0.0272132700
   0.0156240400    0.0085056900    0.0168302100
   0.0162035100    0.0082885400    0.0167241700
   0.0169169500    0.0086188700    0.0180273600
  -0.0238507600   -0.0111714700    0.0174042900
  -0.0217854900   -0.0004115000    0.0134188300
  -0.0157069900   -0.0075834000    0.0186030900
  -0.0174084700   -0.0049371000    0.0170876300
  -0.0169522400   -0.0078495500    0.0190312400
  -0.0173459400   -0.0073643200    0.0173926200
  -0.0174343800   -0.0070064600    0.0182011200
  -0.0179909700   -0.0075582100    0.0177354200
  -0.0004690600   -0.0004406700    0.0103326900
  -0.0004123000    0.0013463900    0.0104668800
  -0.0001456300    0.0006028700    0.0104495700
  -0.0008290500    0.0006986500    0.0106930400
  -0.0217091100   -0.0149105100    0.0324363700
   0.0009457400    0.0001350200    0.0118443100
  -0.0007787100   -0.0002186300    0.0107649000
  -0.0002319500    0.0012358800    0.0115969500
   0.0024440000    0.0000170300    0.0104822300
  -0.0015991200   -0.0003505300    0.0111865300
   0.0005636500    0.0017798900    0.0084198000
   0.0000779700   -0.0003033100    0.0071945600
  -0.0000084000    0.0026075700    0.0091986600
   0.0026185900    0.0034372400    0.0109982600
   0.0007859700    0.0006618400    0.0084024900
  -0.0001405800    0.0004676000    0.0079035800
   0.0029865700   -0.0092616200   -0.0101079000
  -0.0011804100   -0.0019992200   -0.0078689600
   0.0022629300   -0.0002222700   -0.0099085900
   0.0011473500   -0.0020799000   -0.0089411900
   0.0005417700   -0.0011168300   -0.0066413000
   0.0010771000   -0.0008566000   -0.0077023500
   0.0003165900   -0.0007062500   -0.0071537900
   0.0003832500   -0.0012736200   -0.0070729700

57   
  0.0000104209743628   0.0000007752579061  -0.0099999945401119
  -0.0008141100   -0.0010287300   -0.0066168500
   0.0354829800   -0.0262528200   -0.0500783500
   0.0001574400   -0.0003701800   -0.0065441500
  -0.0008787800   -0.0008256500   -0.0078544400
   0.0006862600   -0.0012056200   -0.0059784100
   0.0007143400   -0.0013453400   -0.0058466700
   0.0000055800   -0.0011615400   -0.0066634700
  -0.0000694900   -0.0011660900   -0.0070844200
   0.0119220100    0.0001027200   -0.0204504200
   0.0124172800    0.0009354900   -0.0219451500
   0.0116292300    0.0002867600   -0.0212755300
   0.0110383800    0.0010922700   -0.0220771600
   0.0090229700   -0.0024650200   -0.0257478200
   0.0105224800   -0.0001959300   -0.0220097300
   0.0097692100    0.0096835300   -0.0279074500
   0.0110143800    0.0003387400   -0.0217889700
  -0.0117603700   -0.0023979500   -0.0231140900
  -0.0121677400   -0.0023204000   -0.0225285800
  -0.0108266800   -0.0019148300   -0.0213860400
  -0.0108827500   -0.0025292700   -0.0211326300
  -0.0046007200   -0.0035572700   -0.0204606500
  -0.0096524400   -0.0025271200   -0.0241805100
  -0.0113305000   -0.0031545500   -0.0229496900
  -0.0110348800   -0.0000701200   -0.0230697100
   0.0000618400    0.0051648000    0.0166251200
   0.0025719700    0.0027886200    0.0140358900
   0.0005183200    0.0057552400    0.0167880700
  -0.0009106900    0.0053551200    0.0166722800
   0.0032980200    0.0079734400    0.0110087200
   0.0010683100    0.0052923000    0.0154588700
   0.0004590700    0.0051709500    0.0166142400
   0.0014414200    0.0046996000    0.0170946000
  -0.0051020200   -0.0031698600    0.0033796000
   0.0014293800   -0.0078527000    0.0160891100
  -0.0013115800   -0.0065593900    0.0156978700
  -0.0015893500   -0.0062057300    0.0175902500
  -0.0026574000   -0.0049794800    0.0026443700
  -0.0034694900   -0.0056309500    0.0157025500
  -0.0014474300   -0.0066179100    0.0156221400
  -0.0023321500   -0.0060266300    0.0181540900
   0.0018384000    0.0093163300   -0.0139069000
   0.0066817200    0.0189515400   -0.0141569700
   0.0053908100    0.0100794300   -0.0157271300
   0.0040874700    0.0109945300   -0.0159322300
   0.0027197400    0.0128362600   -0.0147426700
   0.0033746900    0.0099964600   -0.0154655300
   0.0044390800    0.0102352700   -0.0145016800
   0.0037712400    0.0102074300   -0.0147848500
  -0.0021286400   -0.0131167300   -0.0183669700
  -0.0032138300   -0.0116349000   -0.0146738500
  -0.0048765800   -0.0098311000   -0.0177948800
  -0.0047951100   -0.0098483100   -0.0150899000
  -0.0044605300   -0.0095651700   -0.0153044400
  -0.0038871100   -0.0097757700   -0.0139783500
  -0.0031388700   -0.0109857300   -0.0159683200
  -0.0039994800   -0.0108987400   -0.0136800800
  -0.0415861000   -0.0003970400    0.1493393600
   0.0151727800    0.0092303700    0.0188938500
   0.0174691000    0.0089144000    0.0185254100
   0.0165303000    0.0080330000    0.0177544900
   0.0163514600    0.0080730600    0.0078372400
   0.0175138400    0.0092122000    0.0182026000
   0.0169221000    0.0094585300    0.0183476400
   0.0162594500    0.0090984600    0.0170117700
  -0.0108123300   -0.0035204500    0.0180477100
  -0.0133428000   -0.0141423100    0.0220222500
  -0.0189943800   -0.0072087700    0.0168803600
  -0.0174081900   -0.0099074100    0.0184327400
  -0.0178488900   -0.0069274000    0.0164829400
  -0.0174610200   -0.0074191800    0.0180913100
  -0.0173267000   -0.0077931700    0.0172947300
  -0.0168258700   -0.0072589700    0.0177511700
  -0.0008200700    0.0020981100    0.0109001300
  -0.0008567800    0.0003528900    0.0107438800
  -0.0011246500    0.0011254300    0.0107753700
  -0.0004219000    0.0010106500    0.0105380800
   0.0190217700    0.0156520400   -0.0101203300
  -0.0022252100    0.0015809600    0.0093741100
  -0.0004724800    0.0019796500    0.0104659800
  -0.0010179100    0.0004700800    0.0096597200
  -0.0012424800    0.0027610500    0.0063288500
   0.0029283800    0.0030808400    0.0056256600
   0.0007191100    0.0009158700    0.0084219500
   0.0011917300    0.0029931900    0.0097010200
   0.0012675500    0.0000970300    0.0077109200
  -0.0012271600   -0.0006357900    0.0057457900
   0.0005150200    0.0020487300    0.0084590700
   0.0013909100    0.0022363600    0.0089915100
  -0.0015817800    0.0077042700   -0.0056576600
   0.0026280000    0.0004353500   -0.0078825300
  -0.0009324500   -0.0014079300   -0.0058065900
   0.0002439300    0.0004254800   -0.0067749400
   0.0008252900   -0.0004820800   -0.0091602700
   0.0002837200   -0.0007425300   -0.0080582100
   0.0010744900   -0.0008765300   -0.0086299900
   0.0010249600   -0.0003377300   -0.0086792500

65   
  0.0099999933254870  -0.0000050271092071   0.0000104028067861
   0.0268440400   -0.0247055100    0.0312010600
   0.0026697000   -0.0003664800   -0.0078046000
  -0.0002754600   -0.0009701300   -0.0065122900
  -0.0002263000   -0.0010510100   -0.0066082100
   0.0001038300   -0.0013753100   -0.0065116400
  -0.0002086400   -0.0005897600   -0.0051869100
   0.0000531800   -0.0002920900   -0.0057316700
   0.0002831500   -0.0020472300   -0.0059427100
   0.0117018600    0.0008793900   -0.0220801200
   0.0122331000    0.0009719800   -0.0225282300
   0.0110100200    0.0003918700   -0.0236101200
   0.0128636700    0.0012106100   -0.0228105200
   0.0119691700    0.0003316300   -0.0228270300
   0.0124026300    0.0004052200   -0.0221450300
   0.0309485700    0.0002203500   -0.0156602400
   0.0155903600   -0.0002910700   -0.0200101600
  -0.0116804900   -0.0023534500   -0.0218973800
  -0.0114133600   -0.0020620600   -0.0225721400
  -0.0118155200   -0.0025183400   -0.0220282100
  -0.0112791400   -0.0011415200   -0.0209197800
  -0.0115919400    0.0078071900   -0.0189458900
  -0.0107209000   -0.0014453200   -0.0203249000
  -0.0111628300   -0.0040287600   -0.0197631000
  -0.0107951900   -0.0006869200   -0.0215755200
  -0.0015793900    0.0066721200    0.0194893500
   0.0020635200    0.0050377200    0.0180569100
   0.0000375600    0.0045192800    0.0162008300
   0.0004919100    0.0055166500    0.0174540300
  -0.0002865600    0.0041435100    0.0199100500
   0.0025462500    0.0049527900    0.0134444300
   0.0001299700    0.0047138500    0.0164210200
   0.0005178500    0.0058395400    0.0171172500
  -0.0014557300   -0.0052355300    0.0179756100
  -0.0019996200   -0.0072845300    0.0168012300
  -0.0003269700   -0.0042461500    0.0175521000
  -0.0022176200   -0.0064911400    0.0167462500
  -0.0002382300   -0.0050721000    0.0214143400
  -0.0018069000   -0.0061462900    0.0161182800
  -0.0026507600   -0.0066455400    0.0155992300
   0.0000359300   -0.0061786700    0.0174535800
   0.0043867700    0.0076548100   -0.0132019800
   0.0050033300    0.0106512500   -0.0146212900
   0.0053585300    0.0076965700   -0.0169841600
   0.0050383600    0.0093836100   -0.0167119200
   0.0041292500    0.0096995600   -0.0159379000
   0.0036211500    0.0105581800   -0.0151331200
   0.0040540100    0.0096642000   -0.0154245100
   0.0037296400    0.0111426900   -0.0147426000
  -0.0033513400   -0.0098128000   -0.0146935300
  -0.0034029200   -0.0093599900   -0.0154357500
  -0.0003364100   -0.0105259000   -0.0153194300
   0.0001361600   -0.0023296800   -0.0131695100
  -0.0035774200   -0.0090620600   -0.0143386800
  -0.0039890800   -0.0105180700   -0.0153481700
  -0.0030188600   -0.0099984700   -0.0139895900
  -0.0039407900   -0.0101440700   -0.0140441700
   0.0206023000    0.0130705300    0.0109844900
   0.0290610600    0.0040169500    0.0132829600
   0.0179702500    0.0030240200    0.0191818600
   0.0160691300    0.0090966200    0.0175073600
   0.0164109500    0.0089265400    0.0179733900
   0.0176619700    0.0094497000    0.0175908100
   0.0162694500    0.0088980000    0.0174875300
   0.0172890300    0.0084913800    0.0169402100
  -0.1567648600    0.0262982200   -0.0402572800
  -0.0192468800   -0.0065375100    0.0163577000
  -0.0165539600   -0.0077579800    0.0186789400
  -0.0180627500   -0.0061976500    0.0177201500
  -0.0170851800   -0.0068193600    0.0175034000
  -0.0171887700   -0.0073018100    0.0186937400
  -0.0180984700   -0.0080246600    0.0181187100
  -0.0171906700   -0.0073999200    0.0174092400
  -0.0001834100    0.0007428000    0.0086166400
  -0.0008516800    0.0003312300    0.0106563300
  -0.0002234700    0.0006604400    0.0104386400
  -0.0007187500    0.0008245700    0.0108854800
   0.0213172600    0.0163355000    0.0343517200
   0.0040546700    0.0000577000    0.0083926700
   0.0001358400    0.0020875300    0.0095872900
  -0.0007400400    0.0008340200    0.0106264900
   0.0009707900    0.0013639700    0.0084373300
   0.0005808900    0.0012079500    0.0084907700
   0.0004208500    0.0025624100    0.0104995200
   0.0026283200   -0.0013335000    0.0043501500
   0.0004215300    0.0014969800    0.0089131400
   0.0007780200    0.0011009400    0.0084137100
  -0.0018314100    0.0041605000    0.0031714300
   0.0002821600   -0.0000833000    0.0109700600
   0.0007622100    0.0019183300   -0.0077329800
   0.0025848400   -0.0058883000   -0.0064528000
   0.0253703000   -0.0333491600   -0.0137959300
   0.0057380000    0.0016220900   -0.0088292100
   0.0007469700   -0.0012829300   -0.0079482900
   0.0004781500   -0.0008369500   -0.0077276800
   0.0009137900   -0.0004083000   -0.0073652700
   0.0006164200   -0.0004461900   -0.0079852200

65   
 -0.0099999933254870   0.0000050271092071  -0.0000104028067861
  -0.0271840300    0.0234144800   -0.0447494700
  -0.0023806800   -0.0018052500   -0.0044989600
   0.0004790900   -0.0012109700   -0.0057180200
   0.0004602700   -0.0010979400   -0.0056488400
   0.0001576200   -0.0007616900   -0.0057362700
   0.0003965200   -0.0015890800   -0.0070433500
   0.0001468800   -0.0018609000   -0.0065246400
  -0.0000623200   -0.0001696800   -0.0063000200
   0.0116973600    0.0002872500   -0.0224306900
   0.0111213600    0.0001893400   -0.0219961000
   0.0123058200    0.0007949100   -0.0209377400
   0.0104890900   -0.0000811100   -0.0217043800
   0.0113654500    0.0008494400   -0.0217335500
   0.0108579800    0.0007557300   -0.0224197100
  -0.0073061000    0.0009373700   -0.0287555300
   0.0072798700    0.0012854300   -0.0243263700
  -0.0100624000   -0.0016937800   -0.0217885700
  -0.0104458100   -0.0019801500   -0.0211656100
  -0.0099701400   -0.0014958600   -0.0217097000
  -0.0105399200   -0.0028589100   -0.0227459500
  -0.0102712800   -0.0116323800   -0.0246768900
  -0.0110115700   -0.0025937200   -0.0234265500
  -0.0104383000   -0.0001300600   -0.0240482300
  -0.0110605900   -0.0032967400   -0.0221716500
   0.0025024400    0.0038028300    0.0137732300
  -0.0011648500    0.0054736600    0.0151758400
   0.0009101200    0.0059077400    0.0170806100
   0.0004879400    0.0049249100    0.0157627600
   0.0013705900    0.0063839500    0.0134065300
  -0.0015735600    0.0055330700    0.0197208700
   0.0008759200    0.0057436100    0.0167077000
   0.0004588400    0.0046248500    0.0161196300
  -0.0017481300   -0.0074869200    0.0158452800
  -0.0011226400   -0.0053539000    0.0170337200
  -0.0027889300   -0.0084345900    0.0162846300
  -0.0009542800   -0.0061293000    0.0171006400
  -0.0029546500   -0.0076134800    0.0124079200
  -0.0013995100   -0.0065321200    0.0176564900
  -0.0004738600   -0.0060727900    0.0182264700
  -0.0032486900   -0.0065335700    0.0163944100
   0.0038437400    0.0138970500   -0.0169888800
   0.0033175100    0.0109228000   -0.0155101300
   0.0029248700    0.0137143300   -0.0132878100
   0.0033126400    0.0121939800   -0.0134606800
   0.0041358500    0.0118568600   -0.0142883600
   0.0046908600    0.0110065600   -0.0150634300
   0.0042497600    0.0118762700   -0.0147392600
   0.0045981600    0.0104433500   -0.0155069700
  -0.0042768600   -0.0102749300   -0.0146198300
  -0.0042723500   -0.0107224800   -0.0138002300
  -0.0072501700   -0.0095253700   -0.0138965000
  -0.0079058300   -0.0177738600   -0.0162675900
  -0.0040849300   -0.0109605000   -0.0149451700
  -0.0036975800   -0.0095429600   -0.0139459900
  -0.0046296900   -0.0100672500   -0.0152373500
  -0.0037411100   -0.0099385600   -0.0152396900
   0.0126848900    0.0047839000    0.0240066100
   0.0037389500    0.0139946700    0.0217213200
   0.0150573400    0.0147437500    0.0158724500
   0.0170672100    0.0086374700    0.0175208000
   0.0167289500    0.0087611200    0.0170652600
   0.0154795800    0.0082853200    0.0175012500
   0.0168592900    0.0088514900    0.0175722200
   0.0158420500    0.0092418800    0.0181186300
   0.1210717500   -0.0411378300    0.0755759100
  -0.0155156300   -0.0083096400    0.0191479100
  -0.0182591200   -0.0070821800    0.0168126400
  -0.0166853300   -0.0086599500    0.0177829200
  -0.0176761100   -0.0079954400    0.0179928000
  -0.0176289700   -0.0075161400    0.0168284300
  -0.0166909700   -0.0067845400    0.0173926100
  -0.0176241900   -0.0073828000    0.0180989900
  -0.0010678200    0.0010055300    0.0126511700
  -0.0004038100    0.0013888100    0.0106000400
  -0.0010274000    0.0010644100    0.0108101300
  -0.0005167900    0.0008916700    0.0103691900
  -0.0216246500   -0.0137832300   -0.0117313500
  -0.0053692200    0.0016637300    0.0129133900
  -0.0014061400   -0.0004308800    0.0116843900
  -0.0004790700    0.0008652000    0.0106442600
   0.0003238000    0.0014021100    0.0084296900
   0.0007099600    0.0015163500    0.0084016800
   0.0009216700    0.0001343600    0.0064134500
  -0.0012225800    0.0039543400    0.0123979400
   0.0009085600    0.0011922900    0.0079708000
   0.0004973300    0.0016190700    0.0084866900
   0.0030774500   -0.0014275600    0.0137172700
   0.0010784700    0.0026971500    0.0060544200
   0.0005570800   -0.0035012100   -0.0079858700
  -0.0012628500    0.0044341200   -0.0093278800
  -0.0229430500    0.0299624600   -0.0021032300
  -0.0044577000   -0.0032698400   -0.0069369500
   0.0006420400   -0.0003183700   -0.0078316100
   0.0009131500   -0.0007652000   -0.0080409000
   0.0005042800   -0.0011738200   -0.0084379900
   0.0007818800   -0.0011515300   -0.0078015600

65   
 -0.0000302389021940   0.0099999542487699   0.0000007945452422
  -0.0218969400    0.0151621600   -0.0341297600
   0.0007055300   -0.0008331700   -0.0064804800
  -0.0000120500   -0.0000537700   -0.0051451900
   0.0000913700   -0.0011412300   -0.0060493100
  -0.0004429800   -0.0010367100   -0.0050527100
  -0.0002457500   -0.0006561700   -0.0059714500
  -0.0002073800   -0.0013757700   -0.0061429600
   0.0003090800   -0.0009895600   -0.0063099900
   0.0122071200   -0.0001911500   -0.0219278100
   0.0120629000    0.0010169500   -0.0227216900
   0.0111583600    0.0015624600   -0.0225925400
   0.0127070600    0.0006045700   -0.0223321900
   0.0114557300    0.0011954000   -0.0231298600
   0.0111648500    0.0010617300   -0.0205499100
   0.0114092900   -0.0060489300   -0.0242433300
   0.0116482200    0.0057067600   -0.0231417300
  -0.0115384400    0.0000098100   -0.0218662900
  -0.0099425100   -0.0019671100   -0.0220073700
  -0.0114131500    0.0002119700   -0.0221895700
  -0.0107331700   -0.0019673400   -0.0225045700
  -0.0124749400    0.0168949000   -0.0170273300
  -0.0092586600   -0.0026044600   -0.0211448600
  -0.0024511900    0.0169367200   -0.0300802000
  -0.0103599300   -0.0020052400   -0.0212569900
   0.0016340800    0.0038465100    0.0169493500
   0.0004576800    0.0042186900    0.0169462400
   0.0008255200    0.0093573500    0.0167119000
   0.0002302100    0.0046863400    0.0167374500
  -0.0003853800    0.0047419100    0.0209376000
   0.0008681600    0.0040912300    0.0147466400
   0.0013844500    0.0088600200    0.0150971700
   0.0000462400    0.0055986900    0.0169562500
  -0.0017100400   -0.0065111600    0.0169750700
  -0.0016447200   -0.0058762400    0.0161724800
  -0.0016720200   -0.0058034300    0.0176023000
  -0.0013653800   -0.0070736000    0.0167091200
   0.0013806100   -0.0045747700    0.0215243200
  -0.0025721700   -0.0073964100    0.0171179500
  -0.0018914700   -0.0074111900    0.0168257300
  -0.0033068400   -0.0056330100    0.0163725800
   0.0061563700    0.0090171600   -0.0113148900
   0.0048460300    0.0110969700   -0.0141638900
   0.0066502400    0.0111793200   -0.0161533400
   0.0038430000    0.0105610600   -0.0149979400
   0.0049654400    0.0125105200   -0.0156232100
   0.0032363300    0.0100494400   -0.0156555900
   0.0049115400    0.0125707000   -0.0145994200
   0.0045804800    0.0102917700   -0.0146777700
  -0.0048458000   -0.0101179600   -0.0145737800
  -0.0039530600   -0.0097636600   -0.0150547900
  -0.0111292700   -0.0085404200   -0.0079724600
  -0.0037583800   -0.0084858800   -0.0165686600
  -0.0035091100   -0.0097822500   -0.0148225900
  -0.0040712300   -0.0097386200   -0.0148480400
  -0.0036746900   -0.0095400100   -0.0153473500
  -0.0041257900   -0.0094998000   -0.0129145100
   0.0207373000    0.0119416500    0.0136745000
   0.0115262100    0.0063139600    0.0244238700
   0.0107290700    0.0180967000    0.0173545600
   0.0168149800    0.0088482000    0.0200113600
   0.0166776100    0.0083785600    0.0170939300
   0.0171710800    0.0098964100    0.0175969600
   0.0165826300    0.0088146300    0.0179350400
   0.0161993000    0.0091907100    0.0173886200
   0.0155865700   -0.1381388500    0.0077268500
  -0.0165178500   -0.0070802700    0.0181424300
  -0.0177393100   -0.0047720300    0.0177810900
  -0.0161456100   -0.0098165000    0.0169282300
  -0.0168055600   -0.0079927500    0.0169860300
  -0.0172999200   -0.0077492000    0.0181244300
  -0.0180092800   -0.0089326100    0.0183498100
  -0.0174020200   -0.0070803700    0.0180151300
  -0.0006115000    0.0003266600    0.0105097100
  -0.0009290400    0.0008703000    0.0100783600
  -0.0006029400    0.0013430000    0.0102379900
  -0.0006051800    0.0009496700    0.0107853200
   0.0135691800    0.0117092200    0.0248252200
  -0.0027232000    0.0025400800    0.0109932600
  -0.0020085800   -0.0020876400    0.0135824400
  -0.0000821100    0.0008397800    0.0100950500
   0.0005649100    0.0014289700    0.0093721900
   0.0004103600    0.0015571600    0.0082056200
   0.0018473000    0.0007276700    0.0106498900
   0.0002099800    0.0008516800    0.0095129200
  -0.0004163100    0.0022821000    0.0088426700
   0.0011003000    0.0017179500    0.0088692100
   0.0025526900   -0.0014644500    0.0014044700
   0.0009436600    0.0022989300    0.0073092600
   0.0045240500    0.0034527900   -0.0067332400
  -0.0020761900    0.0037898700   -0.0089624000
  -0.0293510700    0.0346101300    0.0011661500
   0.0022763400   -0.0005194200   -0.0078714200
   0.0014756000   -0.0005808300   -0.0085907600
   0.0004334400   -0.0013519900   -0.0073461100
   0.0005571700   -0.0007174000   -0.0079639900
   0.0004924700   -0.0009145500   -0.0076005300

65   
  0.0000302389021940  -0.0099999542487699  -0.0000007945452422
   0.0211959500   -0.0169063800    0.0207670100
  -0.0004816900   -0.0013255300   -0.0057574100
   0.0002440200   -0.0021237100   -0.0070766800
   0.0001542400   -0.0010204800   -0.0062242100
   0.0006989900   -0.0011346300   -0.0072192600
   0.0004408800   -0.0015455300   -0.0062564300
   0.0004591400   -0.0007804000   -0.0061159100
  -0.0001005700   -0.0012044800   -0.0059339200
   0.0111435800    0.0013399100   -0.0226088200
   0.0113326300    0.0001552500   -0.0217868900
   0.0121770600   -0.0004240800   -0.0219119800
   0.0106425900    0.0005366100   -0.0221862300
   0.0118851400   -0.0000168900   -0.0214254300
   0.0121224600    0.0000411000   -0.0240755000
   0.0116387300    0.0074149100   -0.0203524800
   0.0116094900   -0.0046687400   -0.0213087200
  -0.0102796100   -0.0040162500   -0.0218305500
  -0.0118779400   -0.0020755300   -0.0217631600
  -0.0103749600   -0.0042603000   -0.0214684000
  -0.0111242500   -0.0020632600   -0.0211742900
  -0.0092914300   -0.0201518800   -0.0263562200
  -0.0125003500   -0.0014210200   -0.0226350000
  -0.0194226000   -0.0219306400   -0.0132628000
  -0.0114286600   -0.0020073900   -0.0224852500
  -0.0007005900    0.0066260600    0.0166334100
   0.0004438800    0.0062066300    0.0162746500
   0.0001055000    0.0010947100    0.0164303400
   0.0007216700    0.0057248500    0.0164925600
   0.0013783300    0.0056727600    0.0118967300
   0.0001338300    0.0063693800    0.0184384200
  -0.0003947700    0.0015593800    0.0182021300
   0.0009331500    0.0048550800    0.0162852300
  -0.0014097400   -0.0062149300    0.0168101500
  -0.0013788200   -0.0068053300    0.0177267900
  -0.0014598200   -0.0069071200    0.0162054600
  -0.0018227800   -0.0055841700    0.0171065100
  -0.0046568900   -0.0080793400    0.0121892700
  -0.0006214100   -0.0052997100    0.0167105500
  -0.0012436500   -0.0053081400    0.0169746200
   0.0001834200   -0.0070224800    0.0174657700
   0.0020088500    0.0126775700   -0.0189838100
   0.0034862200    0.0104593000   -0.0160184900
   0.0016312200    0.0099967700   -0.0143603200
   0.0044497600    0.0110225700   -0.0151861600
   0.0033440900    0.0091193800   -0.0145894400
   0.0050801200    0.0114930200   -0.0145593400
   0.0033768800    0.0089565000   -0.0155836700
   0.0036933700    0.0112604200   -0.0155522500
  -0.0028469300   -0.0099132100   -0.0146924900
  -0.0037072700   -0.0102586500   -0.0142708400
   0.0034378400   -0.0113833400   -0.0212025200
  -0.0035257900   -0.0114206500   -0.0125000600
  -0.0041819400   -0.0102317500   -0.0144495100
  -0.0036207000   -0.0102776000   -0.0144378000
  -0.0039618500   -0.0105274600   -0.0139032700
  -0.0035177100   -0.0105547100   -0.0163942900
   0.0124606500    0.0057315800    0.0213126500
   0.0216089800    0.0113061200    0.0106747200
   0.0224254400   -0.0004190400    0.0177115900
   0.0163400000    0.0088796600    0.0150026800
   0.0164957500    0.0093308000    0.0180095800
   0.0160092400    0.0078258400    0.0175352600
   0.0165437100    0.0089240700    0.0171430600
   0.0169603900    0.0084972100    0.0176696300
  -0.0525727500    0.1249160900    0.0275012900
  -0.0182804100   -0.0077578900    0.0173571800
  -0.0170797600   -0.0100181900    0.0176929900
  -0.0186166800   -0.0050092900    0.0185881000
  -0.0179674700   -0.0067836400    0.0185868700
  -0.0175113000   -0.0070087400    0.0174077200
  -0.0167883600   -0.0058742200    0.0171591100
  -0.0173864700   -0.0077094700    0.0175215900
  -0.0006400900    0.0013608100    0.0107456000
  -0.0002966600    0.0008438800    0.0111591800
  -0.0006609200    0.0003669600    0.0110227700
  -0.0006619600    0.0007723000    0.0104492500
  -0.0138325200   -0.0095514700   -0.0026303600
   0.0014759400   -0.0008339900    0.0102184300
   0.0007517200    0.0037922100    0.0076341900
  -0.0011550900    0.0008855000    0.0111486700
   0.0007627400    0.0013338900    0.0075602200
   0.0008661400    0.0011622700    0.0086763200
  -0.0005824200    0.0020222000    0.0061747700
   0.0011257900    0.0018511000    0.0073250700
   0.0016934000    0.0004696100    0.0081343700
   0.0001915900    0.0009973000    0.0080234600
  -0.0013731900    0.0041891300    0.0156021200
   0.0003854500    0.0003402000    0.0096618700
  -0.0030347600   -0.0049370200   -0.0089728800
   0.0034202900   -0.0052620100   -0.0067767800
   0.0330544800   -0.0384364600   -0.0172547400
  -0.0009138500   -0.0010608500   -0.0078695000
  -0.0000871100   -0.0010341300   -0.0071960700
   0.0009274300   -0.0002454600   -0.0084259400
   0.0008097300   -0.0008815100   -0.0078324800
   0.0009125900   -0.0006918100   -0.0081614200

65   
 -0.0000104209743628  -0.0000007752579061   0.0099999945401119
   0.0335269300   -0.0249385600    0.0362758400
  -0.0008305600   -0.0010647100   -0.0056250800
  -0.0008380000   -0.0008296700   -0.0044100300
   0.0001217100   -0.0004091100   -0.0057207600
   0.0006625400   -0.0013195000   -0.0064430600
   0.0006369500   -0.0012131000   -0.0062937600
  -0.0000415100   -0.0011639500   -0.0051491700
  -0.0000332100   -0.0011538400   -0.0055513200
   0.0117452000    0.0007128900   -0.0227521100
   0.0117275800    0.0000590000   -0.0229861900
   0.0107883300    0.0002030500   -0.0210342200
   0.0103867500    0.0002435300   -0.0216428000
   0.0112358500   -0.0005800600   -0.0212048200
   0.0115063800    0.0024398800   -0.0210536500
   0.0179036500   -0.0010201900   -0.0236811400
   0.0128427900   -0.0000815000   -0.0196867700
  -0.0109193300   -0.0023117500   -0.0229337000
  -0.0115285300   -0.0015259300   -0.0220600100
  -0.0106384800   -0.0024855600   -0.0236959000
  -0.0102119300   -0.0016459300   -0.0221679900
  -0.0128416200    0.0074523500   -0.0160959700
  -0.0115580400   -0.0022648900   -0.0223095900
  -0.0134127600   -0.0050545600   -0.0183160100
  -0.0120787400   -0.0028016400   -0.0221415200
  -0.0029853000    0.0082873500    0.0292128900
   0.0034346100    0.0037342200    0.0174574700
   0.0007284200    0.0050867600    0.0177965400
   0.0004673500    0.0053670100    0.0159704400
  -0.0005491500    0.0066281100    0.0320156700
  -0.0014117500    0.0059625900    0.0178082500
   0.0005961300    0.0048835100    0.0179340800
  -0.0002410300    0.0055265300    0.0153600200
  -0.0019798200   -0.0064117700    0.0168620300
   0.0004757200   -0.0087625500    0.0194778200
  -0.0015298700   -0.0058835800    0.0167552500
  -0.0029793400   -0.0062019800    0.0168653800
   0.0011943200   -0.0035841500    0.0225766800
  -0.0010058400   -0.0062831000    0.0180256200
  -0.0015975700   -0.0064098500    0.0169422000
  -0.0006254200   -0.0068235000    0.0164090900
   0.0030384300    0.0107946400   -0.0118580200
   0.0032588500    0.0109979500   -0.0146283000
   0.0058644900    0.0076916800   -0.0114094400
   0.0048109300    0.0091751300   -0.0150426400
   0.0048635000    0.0098163500   -0.0137379400
   0.0039830700    0.0099115600   -0.0160939100
   0.0035297900    0.0112822600   -0.0143678800
   0.0040932300    0.0110249900   -0.0157266900
  -0.0026506300   -0.0106896500   -0.0139791000
  -0.0039318200   -0.0098084700   -0.0138171500
  -0.0062255100   -0.0113797400   -0.0156752900
  -0.0013160300   -0.0019281000   -0.0155066300
  -0.0035220800   -0.0105740600   -0.0152005000
  -0.0041788900   -0.0106144200   -0.0149652300
  -0.0052739900   -0.0079324100   -0.0149670900
  -0.0046216200   -0.0108116600   -0.0141846600
   0.0230240000    0.0126247000    0.0171828900
   0.0209695600    0.0018931500    0.0131951300
   0.0148862500    0.0090501800    0.0183623100
   0.0165876700    0.0063787300    0.0168590600
   0.0161464300    0.0093310300    0.0187950400
   0.0165210300    0.0088364100    0.0171592600
   0.0165963100    0.0084519400    0.0179867800
   0.0171757700    0.0090089500    0.0175049200
  -0.0748470300   -0.0183308100   -0.1140206800
  -0.0187734200   -0.0070032500    0.0164176300
  -0.0164810000   -0.0073805100    0.0167371900
  -0.0173995200   -0.0082616800    0.0175036400
  -0.0176857100   -0.0082082900    0.0274268500
  -0.0164720300   -0.0070396500    0.0170603100
  -0.0170242400   -0.0068149700    0.0169435900
  -0.0177527200   -0.0071617500    0.0182378000
  -0.0007964100    0.0021516000    0.0103362400
  -0.0008399600    0.0003604400    0.0104684000
  -0.0011348100    0.0011076800    0.0104520800
  -0.0004273800    0.0010106100    0.0107110300
   0.0203939100    0.0166198200    0.0324785400
  -0.0022026900    0.0015852900    0.0118502900
  -0.0004777300    0.0019242700    0.0107534300
  -0.0010202800    0.0004733900    0.0115916800
   0.0012227300    0.0030094000    0.0071933700
   0.0007364200    0.0009215100    0.0084198900
   0.0028932900    0.0030585600    0.0111842800
  -0.0011549200    0.0027039400    0.0104780400
   0.0014274900    0.0022421700    0.0079030100
   0.0004969400    0.0020527200    0.0083982000
  -0.0013360500   -0.0007295200    0.0109923400
   0.0013026600    0.0000978200    0.0092055600
  -0.0008700200   -0.0013723000   -0.0099133400
   0.0002473800    0.0004731800   -0.0089458500
  -0.0016122200    0.0076605700   -0.0101279000
   0.0025705200    0.0003925200   -0.0078646900
   0.0010645800   -0.0009017900   -0.0071514600
   0.0010167200   -0.0003309100   -0.0070759400
   0.0008449800   -0.0004781400   -0.0066246700
   0.0003183800   -0.0007249300   -0.0076934800

65   
  0.0000104209743628   0.0000007752579061  -0.0099999945401119
  -0.0351496200    0.0240757900   -0.0501898000
   0.0010605400   -0.0011566600   -0.0066145600
   0.0010697400   -0.0013509600   -0.0078499300
   0.0000878400   -0.0017807300   -0.0065615800
  -0.0004901500   -0.0008501200   -0.0058331100
  -0.0004428500   -0.0009709500   -0.0059653400
   0.0002778100   -0.0010196300   -0.0070997200
   0.0002477000   -0.0010254400   -0.0066905200
   0.0116177300    0.0004785000   -0.0217982700
   0.0116185600    0.0010968900   -0.0215335700
   0.0125480800    0.0009663800   -0.0235116400
   0.0129693700    0.0009064000   -0.0229274900
   0.0121234300    0.0017547400   -0.0233672900
   0.0118343400   -0.0013133600   -0.0234741600
   0.0053623200    0.0021023500   -0.0209079200
   0.0104320600    0.0010395200   -0.0245873300
  -0.0108782400   -0.0017321600   -0.0208420000
  -0.0102650900   -0.0025146100   -0.0216666200
  -0.0111598800   -0.0014978000   -0.0200377500
  -0.0116427900   -0.0023757400   -0.0215184100
  -0.0089849700   -0.0111138100   -0.0275018800
  -0.0102641800   -0.0017680100   -0.0213926000
  -0.0082423400    0.0010667000   -0.0253496500
  -0.0097520900   -0.0012327400   -0.0216022100
   0.0040247100    0.0020672000    0.0030990700
  -0.0025321700    0.0067332500    0.0157992700
   0.0002105900    0.0054169200    0.0153946200
   0.0005105700    0.0050943500    0.0172771200
   0.0015883200    0.0038460000    0.0023363700
   0.0023623100    0.0045035800    0.0154281600
   0.0003467600    0.0055157500    0.0153352000
   0.0012501700    0.0049310700    0.0178639500
  -0.0011475800   -0.0063054100    0.0169363000
  -0.0036352700   -0.0039258000    0.0143251200
  -0.0015877300   -0.0068404700    0.0170961700
  -0.0001959100   -0.0064573000    0.0169698200
  -0.0043805200   -0.0091333400    0.0113091800
  -0.0021683200   -0.0063992000    0.0157958400
  -0.0015304500   -0.0062766100    0.0168979400
  -0.0025241600   -0.0058270800    0.0173894800
   0.0052027900    0.0105579900   -0.0182751700
   0.0050992200    0.0105822300   -0.0155660200
   0.0024591300    0.0139136900   -0.0188090800
   0.0035297900    0.0124075900   -0.0151357100
   0.0034442700    0.0117551400   -0.0164297000
   0.0043224100    0.0116439100   -0.0141191400
   0.0047856700    0.0103154800   -0.0157653600
   0.0042158700    0.0105295200   -0.0144444700
  -0.0050579600   -0.0093176700   -0.0152976300
  -0.0037422700   -0.0102131900   -0.0154990500
  -0.0015275100   -0.0085553200   -0.0134226900
  -0.0063646600   -0.0181872300   -0.0137191100
  -0.0041247000   -0.0094444500   -0.0140313400
  -0.0034637300   -0.0094178900   -0.0143141600
  -0.0023897100   -0.0120696000   -0.0142785700
  -0.0030572300   -0.0092348000   -0.0150028800
   0.0100035100    0.0049440300    0.0177982800
   0.0125430400    0.0155899900    0.0217795800
   0.0181772300    0.0087198300    0.0166668100
   0.0165771200    0.0113845600    0.0182133700
   0.0170468600    0.0083676400    0.0162689400
   0.0166289800    0.0088850800    0.0178840800
   0.0165171000    0.0092695700    0.0170746600
   0.0159902300    0.0087004700    0.0175375900
   0.0404830900    0.0018124200    0.1496505300
  -0.0160259700   -0.0077908000    0.0190865500
  -0.0183262100   -0.0074412600    0.0187630400
  -0.0173783600   -0.0065582600    0.0180003200
  -0.0171543900   -0.0066175900    0.0080774300
  -0.0183448700   -0.0077443500    0.0184221400
  -0.0177767400   -0.0079943200    0.0185558800
  -0.0170658100   -0.0076290500    0.0172478900
  -0.0004461300   -0.0004114900    0.0108884800
  -0.0003914600    0.0013463100    0.0107438100
  -0.0001345400    0.0005977900    0.0107870800
  -0.0008346000    0.0006872500    0.0105285700
  -0.0202408500   -0.0139387000   -0.0101500900
   0.0009596400    0.0001224400    0.0093919100
  -0.0007659800   -0.0002772500    0.0104853500
  -0.0002451900    0.0012416900    0.0096771300
   0.0000809400   -0.0002906400    0.0096837900
   0.0005773700    0.0017957700    0.0084356900
  -0.0016287900   -0.0003594200    0.0056184700
   0.0025290400   -0.0000501100    0.0063306600
  -0.0000816800    0.0004659800    0.0089909300
   0.0007922900    0.0006731000    0.0084474800
   0.0025094700    0.0033581800    0.0057395000
   0.0000001200    0.0026022600    0.0076952000
   0.0022983300   -0.0002045200   -0.0057860400
   0.0011162400   -0.0020082700   -0.0067983500
   0.0029965000   -0.0092983000   -0.0056412000
  -0.0012393200   -0.0020312200   -0.0079008200
   0.0003094200   -0.0007175000   -0.0086258500
   0.0003755000   -0.0012548500   -0.0086789000
   0.0005660800   -0.0010877700   -0.0091405400
   0.0011027900   -0.0008515900   -0.0080695400

73   
  0.0099999933254870  -0.0000050271092071   0.0000104028067861
   0.0015016800   -0.0011620900   -0.0074192800
   0.0015166500   -0.0011972900   -0.0048443100
   0.0003036100   -0.0006104200   -0.0063698200
   0.0003052000   -0.0006319600   -0.0058791500
   0.0014301500   -0.0007206400   -0.0053781000
   0.0014776100   -0.0007312200   -0.0068493500
   0.0005009700   -0.0014962900   -0.0060145000
   0.0004987600   -0.0015012500   -0.0062145200
   0.0117678700    0.0039115600   -0.0240182600
   0.0141946400   -0.0026403000   -0.0233203900
   0.0357353400   -0.0271309400   -0.0228484900
   0.0163539600    0.0019025400   -0.0206125100
   0.0118710400    0.0010877500   -0.0218560800
   0.0114276900    0.0004384700   -0.0221694400
   0.0119095800    0.0003752900   -0.0222066600
   0.0114999200    0.0006565600   -0.0227663900
   0.0124346400   -0.0282369300   -0.0213541800
  -0.0061724700   -0.0006631500   -0.0235164300
  -0.0108017000    0.0012768300   -0.0201225000
  -0.0084461700   -0.0052428800   -0.0208330500
  -0.0106553300   -0.0022206800   -0.0219451300
  -0.0110748100   -0.0019575400   -0.0214471400
  -0.0107099700   -0.0015233200   -0.0222944300
  -0.0111411000   -0.0021565100   -0.0220076500
   0.0251532800    0.0256305500   -0.0138368100
   0.0031386100    0.0050375900    0.0175482600
  -0.0000037800    0.0055131000    0.0176153600
   0.0000144600    0.0053260600    0.0169119100
   0.0008629800    0.0060383800    0.0150383000
   0.0006257100    0.0052751100    0.0160620500
   0.0005129600    0.0051576600    0.0168669300
   0.0007822400    0.0050388900    0.0167104000
   0.0236505000    0.0148168900    0.0486497400
   0.0010744600   -0.0064626300    0.0160115800
  -0.0020233000   -0.0060627100    0.0158806500
  -0.0020379700   -0.0062390400    0.0166262800
  -0.0012474700   -0.0055734700    0.0184764300
  -0.0014491900   -0.0062917400    0.0174709300
  -0.0015668500   -0.0064244900    0.0166454900
  -0.0012806700   -0.0065353900    0.0168409500
   0.0018288700    0.0094250000   -0.0174096800
   0.0044997000    0.0099494000   -0.0146230300
   0.0041875200    0.0115789600   -0.0139031600
   0.0042307300    0.0108347100   -0.0153197500
   0.0037312900    0.0098254400   -0.0127473300
   0.0060467600    0.0112244200   -0.0174772200
   0.0050263300    0.0116224900   -0.0139449700
   0.0038565500    0.0114026400   -0.0148934800
  -0.0037667700   -0.0091448200   -0.0158257000
  -0.0037352300   -0.0099985800   -0.0144258100
  -0.0061483900   -0.0113542500   -0.0123261100
  -0.0034313100   -0.0108335900   -0.0150955900
  -0.0029967000   -0.0091264000   -0.0157898300
  -0.0041454400   -0.0093877200   -0.0148513100
  -0.0042761700   -0.0110113600   -0.0170456100
  -0.0019425300   -0.0095776700   -0.0122228200
   0.0169972400    0.0088811500    0.0177405300
   0.0163495100    0.0085492200    0.0177465200
   0.0169736600    0.0089081900    0.0180297700
   0.0164609700    0.0089038900    0.0173345600
   0.0383848000    0.0230675300   -0.0033269400
   0.0212371100    0.0067673900    0.0191078100
   0.0173452200    0.0074367400    0.0173657900
   0.0164370500    0.0094005000    0.0179300700
  -0.0169535700   -0.0073835000    0.0176125100
  -0.0176277200   -0.0077295600    0.0175433600
  -0.0170037400   -0.0073875600    0.0172684400
  -0.0174833200   -0.0073954300    0.0179439600
   0.0037935000    0.0059512900    0.0375513400
  -0.0126487000   -0.0094675600    0.0161521300
  -0.0166366400   -0.0087349200    0.0178831500
  -0.0175154700   -0.0068839000    0.0173773400
  -0.1660857600   -0.0110162600    0.0105274500
  -0.0020046500    0.0007579000    0.0106174200
  -0.0000951300   -0.0003680300    0.0106286000
  -0.0005656800    0.0018002000    0.0106164600
  -0.0015064500   -0.0008375300    0.0105978500
  -0.0008109500    0.0012006100    0.0106141300
  -0.0014805600    0.0013308100    0.0106182600
  -0.0002098300    0.0007646700    0.0106283200
   0.0026947000   -0.0002062400    0.0092154900
   0.0022014100    0.0024095500    0.0102076200
   0.0021573600    0.0023197000    0.0067394500
   0.0027059600   -0.0002440800    0.0077469500
   0.0007823200    0.0012064300    0.0086566700
   0.0007663700    0.0010025800    0.0084270600
   0.0007572100    0.0009891000    0.0084892400
   0.0007820900    0.0012110400    0.0082364300
  -0.0000573700   -0.0008577100   -0.0071348700
   0.0009184700   -0.0006707000   -0.0084224800
  -0.0000564800   -0.0008610900   -0.0086637200
   0.0009263800   -0.0006487100   -0.0073672400
  -0.0064935300    0.0002336100   -0.0034526100
  -0.0009235500   -0.0010523900   -0.0083707700
  -0.0064910400    0.0002104200   -0.0123535100
  -0.0009201400   -0.0010563700   -0.0073919000

73   
 -0.0099999933254870   0.0000050271092071  -0.0000104028067861
  -0.0012953800   -0.0009449700   -0.0048430800
  -0.0012816500   -0.0010365800   -0.0074120700
  -0.0000799700   -0.0015392300   -0.0058818400
  -0.0000948300   -0.0015735700   -0.0063756900
  -0.0012583600   -0.0014386100   -0.0068617600
  -0.0012026800   -0.0014468600   -0.0053829900
  -0.0002733800   -0.0006871100   -0.0062175900
  -0.0002719200   -0.0006793600   -0.0060203000
   0.0115932500   -0.0027109000   -0.0205072400
   0.0092332400    0.0037838900   -0.0212251200
  -0.0116840400    0.0268541000   -0.0218206100
   0.0069425200   -0.0007284800   -0.0239461300
   0.0114843800    0.0000892000   -0.0227064200
   0.0118956700    0.0007265600   -0.0224417300
   0.0114303700    0.0007902900   -0.0223455400
   0.0118164600    0.0005476500   -0.0218553100
  -0.0349751200    0.0256685100   -0.0224510400
  -0.0155692600   -0.0033261200   -0.0202224800
  -0.0109721900   -0.0053287500   -0.0236306800
  -0.0134244600    0.0012026800   -0.0229263200
  -0.0111128600   -0.0017944900   -0.0217994500
  -0.0106979600   -0.0020808900   -0.0223379800
  -0.0110899400   -0.0025363100   -0.0214462500
  -0.0106616900   -0.0018761100   -0.0217431800
  -0.0248136700   -0.0159100400    0.0483084500
  -0.0021610900    0.0053615100    0.0157136000
   0.0009164400    0.0048951000    0.0155886500
   0.0009428100    0.0051114300    0.0163290700
   0.0001746800    0.0044654300    0.0181854500
   0.0003647300    0.0051772200    0.0171528800
   0.0004716200    0.0053130500    0.0163447500
   0.0001674900    0.0054086900    0.0165370700
  -0.0261717600   -0.0267255900   -0.0135761900
  -0.0041938400   -0.0061408200    0.0178428700
  -0.0010854300   -0.0066375700    0.0179272500
  -0.0011102300   -0.0064723400    0.0172273400
  -0.0019458100   -0.0071587600    0.0153310300
  -0.0017288200   -0.0064013500    0.0163381000
  -0.0015991000   -0.0062749400    0.0171695100
  -0.0018856300   -0.0061652300    0.0169900300
   0.0064408700    0.0121438900   -0.0127817100
   0.0037623200    0.0116218900   -0.0155348100
   0.0040981900    0.0098838800   -0.0162590400
   0.0040653500    0.0107521800   -0.0148700800
   0.0045941100    0.0117568000   -0.0175167900
   0.0022525700    0.0103473000   -0.0126913600
   0.0033307300    0.0099050300   -0.0162492400
   0.0044330900    0.0101457500   -0.0153314300
  -0.0038783800   -0.0108314200   -0.0134317900
  -0.0039022300   -0.0101087800   -0.0148619000
  -0.0014901500   -0.0086444100   -0.0169390800
  -0.0041864300   -0.0091577500   -0.0141521900
  -0.0046756500   -0.0108554400   -0.0135059900
  -0.0035428900   -0.0106410300   -0.0144222200
  -0.0034256900   -0.0090821200   -0.0122861900
  -0.0057136900   -0.0104534500   -0.0170188900
   0.0161223200    0.0088628700    0.0173696100
   0.0167784000    0.0092022800    0.0173042700
   0.0161715600    0.0088307700    0.0170566600
   0.0166508700    0.0088354800    0.0177382000
  -0.0046530200   -0.0045237600    0.0372906300
   0.0118170100    0.0109291000    0.0159333100
   0.0158170800    0.0102109200    0.0176306800
   0.0167080500    0.0083323600    0.0171353800
  -0.0178191100   -0.0073933300    0.0179631000
  -0.0171605900   -0.0070582900    0.0179858100
  -0.0177986100   -0.0074691100    0.0182480400
  -0.0172801400   -0.0074644300    0.0175622800
  -0.0391669800   -0.0216050100   -0.0031640100
  -0.0220872800   -0.0052949300    0.0193122500
  -0.0181750900   -0.0059721100    0.0175839300
  -0.0172650800   -0.0079427900    0.0181299800
   0.1648365300    0.0127463400    0.0108305100
   0.0007372800    0.0009670900    0.0106112500
  -0.0011570900    0.0020675300    0.0106213700
  -0.0006942400   -0.0000931600    0.0106214000
   0.0002394500    0.0025501700    0.0106121100
  -0.0004431500    0.0005065400    0.0106041800
   0.0002129400    0.0003857400    0.0106249200
  -0.0010485800    0.0009454400    0.0106202700
  -0.0014095800    0.0029554400    0.0077407400
  -0.0008611400    0.0003745200    0.0067310900
  -0.0009219700    0.0003015500    0.0101907900
  -0.0013956600    0.0029287900    0.0092233700
   0.0005144300    0.0014995000    0.0082448400
   0.0005341700    0.0017261200    0.0084906000
   0.0005168500    0.0016986400    0.0084115000
   0.0005054300    0.0014962400    0.0086585700
   0.0014466200   -0.0007403700   -0.0086624300
   0.0004559300   -0.0009408300   -0.0073567900
   0.0014529100   -0.0007420500   -0.0071175400
   0.0004659700   -0.0009295600   -0.0083956300
   0.0078812000   -0.0018150100   -0.0123328300
   0.0023161200   -0.0005471100   -0.0073797400
   0.0078740800   -0.0018341500   -0.0034494100
   0.0023274400   -0.0005500600   -0.0083796400

73   
 -0.0000302389021940   0.0099999542487699   0.0000007945452422
   0.0002446100   -0.0019172000   -0.0069522200
   0.0003462900   -0.0020517000   -0.0051947100
   0.0003643100   -0.0012789300   -0.0060756700
   0.0003796500   -0.0012671700   -0.0061606200
  -0.0000483900   -0.0010775400   -0.0067599400
  -0.0000179600   -0.0011664700   -0.0055355500
  -0.0002823300   -0.0012773600   -0.0067429300
  -0.0002961600   -0.0012477100   -0.0055210200
   0.0135025500    0.0045190300   -0.0228113800
   0.0054486200    0.0060018100   -0.0208738900
  -0.0159341900    0.0303710400   -0.0166741900
   0.0144491200    0.0006374500   -0.0211498100
   0.0111454700    0.0009313900   -0.0225309200
   0.0114967000    0.0000160900   -0.0218156800
   0.0123141500    0.0005991200   -0.0219571000
   0.0119807200    0.0005191600   -0.0222870000
  -0.0403880500    0.0298255000   -0.0278935900
  -0.0081643500   -0.0019732600   -0.0229962000
  -0.0090606200    0.0019317800   -0.0212778600
  -0.0170642600    0.0033308000   -0.0232565000
  -0.0102311900   -0.0019674000   -0.0222251900
  -0.0105852100   -0.0020659300   -0.0219078600
  -0.0114331400   -0.0016691000   -0.0216006800
  -0.0110596500   -0.0025704100   -0.0223782700
   0.0192396200    0.0207500000   -0.0025698200
  -0.0000712500    0.0061345300    0.0169987800
   0.0009164600    0.0072031300    0.0165165300
   0.0005110100    0.0049708200    0.0168381200
   0.0011525600    0.0052004200    0.0156888900
   0.0002618700    0.0053782200    0.0165500200
  -0.0003220200    0.0048726400    0.0165974300
   0.0016131400    0.0054216500    0.0161469500
   0.0175213500    0.0093858700    0.0364922800
  -0.0020639500   -0.0054444100    0.0165461500
  -0.0011258500   -0.0043861500    0.0170120400
  -0.0015608400   -0.0065771600    0.0167158300
  -0.0009259900   -0.0063747300    0.0178703800
  -0.0018250300   -0.0061757900    0.0170019000
  -0.0024029500   -0.0067253700    0.0169116300
  -0.0004576300   -0.0061518400    0.0174056600
   0.0018283100    0.0088865800   -0.0131976000
   0.0060537800    0.0113261100   -0.0135143200
   0.0041771300    0.0115949400   -0.0157498200
   0.0040179300    0.0112514800   -0.0158921500
   0.0029732300    0.0103886900   -0.0163179100
   0.0073367300    0.0105784800   -0.0169385800
   0.0032502400    0.0105956300   -0.0174107000
   0.0047222100    0.0111194800   -0.0142367100
  -0.0037832800   -0.0092522100   -0.0139729900
  -0.0039708800   -0.0095578800   -0.0138473600
  -0.0061462800   -0.0118883300   -0.0165627600
  -0.0019248600   -0.0094803000   -0.0161762700
  -0.0047664400   -0.0102396300   -0.0122603600
  -0.0032468100   -0.0096629500   -0.0155063400
  -0.0050133700   -0.0104022500   -0.0134418600
  -0.0006293600   -0.0102368200   -0.0128169000
   0.0164398000    0.0083641700    0.0162376900
   0.0160485000    0.0088761800    0.0180201800
   0.0163733900    0.0093595800    0.0172780700
   0.0165262400    0.0089605000    0.0173732900
   0.0317764800    0.0195480500    0.0021291800
   0.0157947300    0.0105307500    0.0168174700
   0.0178420900    0.0059708500    0.0164320700
   0.0165555300    0.0088271900    0.0179298400
  -0.0175248300   -0.0079115300    0.0190172800
  -0.0179291300   -0.0073822200    0.0172573300
  -0.0176029700   -0.0069447200    0.0180232300
  -0.0174248100   -0.0073287900    0.0178983500
  -0.0025657400    0.0031518800    0.0327645400
  -0.0182584600   -0.0057138700    0.0184996200
  -0.0161743300   -0.0103303800    0.0188558100
  -0.0174062600   -0.0074032300    0.0173969700
  -0.0120619900   -0.1591203300    0.0110100100
  -0.0007313500    0.0003615400    0.0106271200
  -0.0018493000   -0.0010029200    0.0106260200
   0.0003089600   -0.0011634300    0.0106204700
  -0.0023265800   -0.0000037200    0.0106180300
  -0.0002843500    0.0014521400    0.0106126100
  -0.0001614100    0.0007757500    0.0106282300
  -0.0007233300    0.0011574500    0.0106175500
  -0.0005864500    0.0021568200    0.0068724700
   0.0020831500    0.0022494900    0.0093524400
   0.0020177900    0.0021975400    0.0075791100
  -0.0004983100    0.0021078700    0.0100731400
   0.0007576400    0.0015534100    0.0087970800
   0.0009890300    0.0013556700    0.0083694800
   0.0009758300    0.0013799100    0.0085216800
   0.0007607000    0.0015642100    0.0080953400
   0.0004185300   -0.0011260800   -0.0073412700
   0.0008335400   -0.0010826400   -0.0087233600
   0.0004362100   -0.0011204500   -0.0084209300
   0.0008323300   -0.0010898600   -0.0070557800
   0.0021066000    0.0144964900   -0.0199881100
  -0.0001344100   -0.0008273300   -0.0069969400
   0.0020643900    0.0143189700    0.0040606600
  -0.0001429600   -0.0008207500   -0.0087873100

73   
  0.0000302389021940  -0.0099999542487699  -0.0000007945452422
  -0.0001282400   -0.0001012300   -0.0052031600
  -0.0000326600   -0.0002747600   -0.0069229400
  -0.0001450000   -0.0008997700   -0.0061699100
  -0.0001467900   -0.0009230300   -0.0061022500
   0.0002364400   -0.0010041000   -0.0055664400
   0.0003004600   -0.0010896400   -0.0067773600
   0.0005183800   -0.0009328200   -0.0055200700
   0.0005149100   -0.0009035800   -0.0067343600
   0.0098448000   -0.0033311100   -0.0216692000
   0.0178351600   -0.0047382900   -0.0236390900
   0.0412167000   -0.0313244000   -0.0282713700
   0.0089414700    0.0005259600   -0.0234039700
   0.0122040000    0.0002600400   -0.0220152100
   0.0118271100    0.0011633800   -0.0227941900
   0.0109999500    0.0005177100   -0.0226302800
   0.0113273300    0.0006338000   -0.0223239500
   0.0166144100   -0.0317569200   -0.0162043100
  -0.0136638100   -0.0020668600   -0.0207751600
  -0.0127194300   -0.0059153300   -0.0224199100
  -0.0046592900   -0.0074360500   -0.0204528600
  -0.0115272700   -0.0020290100   -0.0215329000
  -0.0111862900   -0.0019507800   -0.0218569100
  -0.0103586000   -0.0023642900   -0.0221263900
  -0.0107370300   -0.0014418100   -0.0214023500
  -0.0186663000   -0.0105095600    0.0361579000
   0.0009885300    0.0043034600    0.0162507200
   0.0000243200    0.0032500300    0.0167235500
   0.0004775900    0.0055034600    0.0164150700
  -0.0001578000    0.0052610500    0.0175768900
   0.0007187700    0.0050649500    0.0167023400
   0.0013208900    0.0056212900    0.0166178600
  -0.0006330100    0.0050248500    0.0170960100
  -0.0203139700   -0.0218680900   -0.0023043800
  -0.0009981700   -0.0072594300    0.0173160400
  -0.0019892600   -0.0083170100    0.0168292000
  -0.0016039100   -0.0060844400    0.0171361400
  -0.0022406300   -0.0063361100    0.0159907400
  -0.0013668200   -0.0064965100    0.0168348300
  -0.0007667200   -0.0059745300    0.0168875700
  -0.0026928700   -0.0065498400    0.0164285600
   0.0064546600    0.0126581500   -0.0170146000
   0.0022746600    0.0102625300   -0.0166209900
   0.0041043800    0.0100160900   -0.0144201600
   0.0042998300    0.0103153000   -0.0142923800
   0.0053106000    0.0111431800   -0.0139291700
   0.0009392400    0.0109786200   -0.0132948800
   0.0050914100    0.0110241000   -0.0126931300
   0.0035496800    0.0104445600   -0.0159692900
  -0.0038478000   -0.0108100500   -0.0152674900
  -0.0036889700   -0.0104966300   -0.0154480400
  -0.0015353900   -0.0081441200   -0.0127247700
  -0.0057457200   -0.0105672100   -0.0130524600
  -0.0029099200   -0.0098176400   -0.0169778200
  -0.0044067200   -0.0103413000   -0.0137820700
  -0.0026594400   -0.0096593700   -0.0158465100
  -0.0070036200   -0.0098332800   -0.0164720100
   0.0166905300    0.0093792200    0.0187876300
   0.0170996900    0.0088410000    0.0170305900
   0.0167702800    0.0084032800    0.0178116800
   0.0165732400    0.0087826400    0.0176813300
   0.0017342800   -0.0017418200    0.0325130000
   0.0174386100    0.0071630200    0.0182866700
   0.0153328200    0.0118293900    0.0186128400
   0.0165795500    0.0088650500    0.0171658200
  -0.0172378100   -0.0069017300    0.0164610600
  -0.0168403400   -0.0074205100    0.0182599700
  -0.0172043700   -0.0079040200    0.0174983500
  -0.0173664200   -0.0074956500    0.0175916700
  -0.0325538100   -0.0181200600    0.0023049200
  -0.0166462600   -0.0090938100    0.0170134600
  -0.0186831300   -0.0044809800    0.0166475800
  -0.0173646300   -0.0073477700    0.0181556300
   0.0108103800    0.1608421000    0.0110696900
  -0.0005287400    0.0013623300    0.0106270800
   0.0005920100    0.0027068300    0.0106199500
  -0.0015736500    0.0028763600    0.0106245000
   0.0010580700    0.0017045300    0.0106291500
  -0.0009779300    0.0002547900    0.0106100100
  -0.0010983800    0.0009432800    0.0106294800
  -0.0005305700    0.0005605900    0.0106274800
   0.0017872700    0.0006217900    0.0100841800
  -0.0007295400    0.0005065400    0.0075587900
  -0.0008000000    0.0004437200    0.0093417100
   0.0018821600    0.0005652700    0.0068786700
   0.0005361500    0.0011443800    0.0081059000
   0.0003188900    0.0013391900    0.0085219500
   0.0002911800    0.0013491600    0.0083542500
   0.0005372000    0.0011587700    0.0088104700
   0.0009525500   -0.0004786100   -0.0084349900
   0.0005533700   -0.0005264400   -0.0070506500
   0.0009730400   -0.0004642700   -0.0073272200
   0.0005596100   -0.0005085900   -0.0087019800
  -0.0007003000   -0.0158961500    0.0040527100
   0.0015222100   -0.0007700400   -0.0087879700
  -0.0006838900   -0.0161277000   -0.0200007100
   0.0015224200   -0.0007886900   -0.0070033600

73   
 -0.0000104209743628  -0.0000007752579061   0.0099999945401119
  -0.0005420500   -0.0010260600   -0.0040973400
   0.0007549000   -0.0011740900   -0.0040961900
   0.0001469700   -0.0014228200   -0.0068996300
   0.0000714400   -0.0007321400   -0.0069033200
   0.0016383000   -0.0016755600   -0.0042331500
  -0.0014162900   -0.0005048900   -0.0042305700
   0.0002688900   -0.0011372600   -0.0068710400
  -0.0000395800   -0.0010374500   -0.0068655500
   0.0114204400    0.0019883900   -0.0243822900
   0.0130606400   -0.0001377800   -0.0234475500
   0.0058902300    0.0093798700   -0.0246593200
   0.0103739400    0.0007332200   -0.0225573400
   0.0114012100   -0.0000056300   -0.0216967300
   0.0117197700    0.0009597900   -0.0215309400
   0.0117749900    0.0002616100   -0.0210577200
   0.0117940600    0.0007971400   -0.0225315500
  -0.0051278400   -0.0108131100   -0.0242377400
  -0.0096027000   -0.0021766800   -0.0221658300
  -0.0106331700   -0.0034018400   -0.0239679600
  -0.0122788400   -0.0012794700   -0.0230341800
  -0.0110048100   -0.0017048600   -0.0206418900
  -0.0110118300   -0.0022283600   -0.0221114100
  -0.0106402000   -0.0014194800   -0.0213037200
  -0.0109478300   -0.0023853700   -0.0211169300
  -0.0332355800   -0.0217837200    0.0543771200
   0.0017492000    0.0052926900    0.0170669100
   0.0011044600    0.0068031500    0.0181939000
   0.0013863000    0.0057561900    0.0165810100
   0.0014751400    0.0064741300    0.0160189200
  -0.0002603100    0.0050558500    0.0163879900
   0.0002434600    0.0049823500    0.0171660400
   0.0006551100    0.0049573900    0.0167695800
   0.0320563300    0.0206465700    0.0547486200
  -0.0028397200   -0.0064232600    0.0173612000
  -0.0021835600   -0.0079183000    0.0184933700
  -0.0024746400   -0.0068583800    0.0168761200
  -0.0025653200   -0.0076038000    0.0163197800
  -0.0008299800   -0.0061943500    0.0166892400
  -0.0013381600   -0.0060821400    0.0174618000
  -0.0017424700   -0.0060649200    0.0170635400
  -0.0013598400    0.0172170000   -0.0127063700
   0.0071693500    0.0116570800   -0.0136247700
   0.0048737300    0.0102142700   -0.0146134300
   0.0041620300    0.0104815100   -0.0152001900
   0.0063761100    0.0090227600   -0.0125151700
   0.0002680900    0.0099997700   -0.0125270000
   0.0042194100    0.0098661600   -0.0159773200
   0.0040765300    0.0110880700   -0.0148579400
  -0.0045488200   -0.0094343600   -0.0141622400
  -0.0038433900   -0.0097118800   -0.0147530300
   0.0016651700   -0.0164612900   -0.0122302200
  -0.0068455100   -0.0108996900   -0.0131677400
  -0.0038908800   -0.0090918800   -0.0155318700
  -0.0037579900   -0.0103153300   -0.0143881300
  -0.0060708400   -0.0082721700   -0.0120489400
   0.0000396200   -0.0092469400   -0.0120643700
   0.0185957700    0.0089927500    0.0172637500
   0.0165459800    0.0094023700    0.0173792000
   0.0167459800    0.0092861400    0.0173596500
   0.0163056000    0.0087059300    0.0176130700
  -0.0058085400   -0.0044806900    0.0382565400
   0.0188461900    0.0084652900    0.0187767900
   0.0176054700    0.0059094400    0.0176321500
   0.0165978000    0.0093740500    0.0185149100
  -0.0194088900   -0.0075485900    0.0174821700
  -0.0173620600   -0.0079565000    0.0175963900
  -0.0175822200   -0.0078031200    0.0175921100
  -0.0171432000   -0.0072254100    0.0178323200
   0.0049479400    0.0059130200    0.0385120500
  -0.0196703500   -0.0070044500    0.0189890900
  -0.0184440500   -0.0044333500    0.0178535800
  -0.0174171400   -0.0079085400    0.0187422900
  -0.0004609700    0.0008677600   -0.1405414600
  -0.0006330200    0.0008632400    0.0092945800
  -0.0006280000    0.0008518900    0.0112045100
  -0.0006296300    0.0008656000    0.0111220900
  -0.0006398500    0.0008528000    0.0117779100
  -0.0006248400    0.0008522300    0.0101314800
  -0.0006434400    0.0008637300    0.0101287200
  -0.0006255900    0.0008669800    0.0103879800
  -0.0010988200    0.0022418700    0.0100902200
  -0.0001188300    0.0000081800    0.0099172600
   0.0014077500    0.0026926700    0.0099355800
   0.0023908200    0.0004768400    0.0101020500
   0.0008243900    0.0011070800    0.0084991900
   0.0004082800    0.0017372200    0.0086960600
   0.0008822900    0.0009684300    0.0086898600
   0.0004747200    0.0016061400    0.0084905900
   0.0014607600   -0.0001259300   -0.0094254900
   0.0002180900   -0.0015341400   -0.0086993200
  -0.0000766800   -0.0014793600   -0.0094271000
   0.0011857400   -0.0000682500   -0.0086918500
   0.0048452700   -0.0127076300   -0.0038657700
   0.0002129600    0.0000960900   -0.0069401700
  -0.0034641300    0.0111060600   -0.0038873100
   0.0011748100   -0.0017075300   -0.0069521700

73   
  0.0000104209743628   0.0000007752579061  -0.0099999945401119
   0.0007295900   -0.0010910100   -0.0081343100
  -0.0005033500   -0.0010846800   -0.0081230500
   0.0000815700   -0.0007585800   -0.0053167000
   0.0001646600   -0.0014124500   -0.0053277200
  -0.0014405200   -0.0004552000   -0.0080448000
   0.0016792700   -0.0016948300   -0.0080367300
  -0.0000478000   -0.0010493700   -0.0053972200
   0.0002504800   -0.0011462500   -0.0053954900
   0.0119663700   -0.0008284400   -0.0202563900
   0.0103791600    0.0012751900   -0.0210297600
   0.0171726200   -0.0079279400   -0.0197267600
   0.0130414500    0.0004716600   -0.0219564900
   0.0119251300    0.0011650200   -0.0228700500
   0.0116208300    0.0002152900   -0.0230466300
   0.0115504200    0.0009395500   -0.0235147100
   0.0115293800    0.0003675500   -0.0220435300
  -0.0164196200    0.0065057800   -0.0192925300
  -0.0122655100   -0.0018851900   -0.0215444300
  -0.0111879800   -0.0006023800   -0.0198513700
  -0.0095950700   -0.0027278600   -0.0206181700
  -0.0107652200   -0.0023553500   -0.0231219700
  -0.0107442900   -0.0017922100   -0.0216429900
  -0.0111618000   -0.0026046300   -0.0224549200
  -0.0108468700   -0.0016403700   -0.0226456000
   0.0324686600    0.0310579900   -0.0194530500
  -0.0008877700    0.0051939000    0.0161754000
  -0.0001531700    0.0036327700    0.0150583000
  -0.0004405500    0.0047141000    0.0166321000
  -0.0004831200    0.0039770800    0.0170918800
   0.0012247400    0.0053817500    0.0168514500
   0.0007208600    0.0055110400    0.0160381300
   0.0003262400    0.0054674700    0.0164603000
  -0.0334991100   -0.0321442300   -0.0192296700
  -0.0001908900   -0.0062970100    0.0164728300
  -0.0009201600   -0.0047962800    0.0153536900
  -0.0006546700   -0.0058299200    0.0169178700
  -0.0005961000   -0.0051062600    0.0173895300
  -0.0023139400   -0.0064973800    0.0171499000
  -0.0018355000   -0.0066112200    0.0163483100
  -0.0014185800   -0.0065938500    0.0167781300
   0.0096005100    0.0043802600   -0.0174896900
   0.0011778400    0.0099216900   -0.0165458100
   0.0033825200    0.0113975800   -0.0156295700
   0.0041383100    0.0110749000   -0.0150134600
   0.0019045400    0.0125030400   -0.0176439200
   0.0081191500    0.0115874300   -0.0177380200
   0.0040873500    0.0116644000   -0.0142297900
   0.0042513700    0.0104827300   -0.0153389800
  -0.0030717400   -0.0106508200   -0.0151694100
  -0.0038057500   -0.0103518800   -0.0145742400
  -0.0092749600   -0.0035954100   -0.0170178200
  -0.0008502100   -0.0091313400   -0.0160766100
  -0.0037702200   -0.0108941500   -0.0137624600
  -0.0039192300   -0.0097096200   -0.0148627900
  -0.0015942100   -0.0117506600   -0.0171944500
  -0.0077872800   -0.0108342500   -0.0173046700
   0.0145671900    0.0087528300    0.0178272700
   0.0166003700    0.0083164600    0.0176569600
   0.0163986500    0.0084881100    0.0176948800
   0.0168206000    0.0090194200    0.0174612500
   0.0403066400    0.0231103200   -0.0042984100
   0.0143216600    0.0092403000    0.0163074100
   0.0155053000    0.0118324500    0.0173639300
   0.0166032700    0.0083141100    0.0165957100
  -0.0153956900   -0.0072837800    0.0180587300
  -0.0174320700   -0.0068518300    0.0178916600
  -0.0172252800   -0.0070371300    0.0179000700
  -0.0176496100   -0.0075705300    0.0176493300
  -0.0410774600   -0.0216364600   -0.0041294200
  -0.0151555000   -0.0077559700    0.0165293400
  -0.0163448200   -0.0103762000    0.0176047800
  -0.0174121100   -0.0068779200    0.0168533200
  -0.0007963500    0.0008481900    0.1606251900
  -0.0006300400    0.0008566500    0.0119279900
  -0.0006296800    0.0008559500    0.0101173600
  -0.0006338700    0.0008546500    0.0101342900
  -0.0006294100    0.0008599400    0.0094729500
  -0.0006321000    0.0008691000    0.0110900500
  -0.0006241600    0.0008464500    0.0111121700
  -0.0006226100    0.0008475000    0.0108650400
   0.0023296100    0.0005143600    0.0068483400
   0.0014367900    0.0027718800    0.0069720600
  -0.0001460900   -0.0000647600    0.0069656900
  -0.0010344600    0.0021927400    0.0068502500
   0.0004574700    0.0016035800    0.0083732300
   0.0008740200    0.0009572900    0.0082047900
   0.0004146000    0.0017473100    0.0082095900
   0.0008206900    0.0011123800    0.0083720900
  -0.0000889300   -0.0014979300   -0.0063094800
   0.0011738400   -0.0000821900   -0.0070337800
   0.0014748400   -0.0000949100   -0.0063230400
   0.0002089400   -0.0015211800   -0.0070597900
  -0.0035150200    0.0112020800   -0.0118637900
   0.0011663400   -0.0017231000   -0.0088734400
   0.0049240800   -0.0128003900   -0.0118450600
   0.0002225800    0.0001230500   -0.0088505700

81   
  0.0099999933254870  -0.0000050271092071   0.0000104028067861
  -0.0050672300   -0.0021741600   -0.0088999400
  -0.0012019500   -0.0010420200   -0.0057707500
  -0.0050626000   -0.0021754500   -0.0033449200
  -0.0012040600   -0.0009888700   -0.0064801400
  -0.0000761000   -0.0009613700   -0.0064683300
   0.0001466100   -0.0011647700   -0.0055008500
  -0.0000925900   -0.0009708600   -0.0057568100
   0.0001323300   -0.0011460700   -0.0067172600
   0.0137380900    0.0013352200   -0.0231650900
   0.0366809700   -0.0179176100    0.0068986300
   0.0110243200    0.0003129100   -0.0224025300
   0.0113436200   -0.0001312700   -0.0232095000
   0.0113158700    0.0004336300   -0.0218102100
   0.0116165900    0.0000416200   -0.0210798000
   0.0117975100    0.0005246500   -0.0226526000
   0.0114680100    0.0002676600   -0.0226430400
   0.0147445400   -0.0212913400   -0.0521437300
  -0.0088604000   -0.0013537700   -0.0210165200
  -0.0112060300   -0.0027076800   -0.0208812000
  -0.0115015400   -0.0023045000   -0.0217515300
  -0.0109720900   -0.0025223500   -0.0230866400
  -0.0112392800   -0.0021887100   -0.0223280200
  -0.0110831400   -0.0023567600   -0.0215435100
  -0.0107732200   -0.0020506700   -0.0215343800
  -0.0002992100    0.0017699700    0.0187620400
   0.0031496500    0.0083574400    0.0175461500
   0.0244378800    0.0357846700    0.0176187600
   0.0041734000    0.0033451500    0.0153692900
   0.0009480600    0.0045585600    0.0159790400
   0.0001667800    0.0053786800    0.0164975300
   0.0006856100    0.0052524100    0.0165232800
   0.0003828900    0.0053444600    0.0168637800
   0.0021338900   -0.0083238400    0.0181407700
   0.0217729700    0.0227836500    0.0160500800
   0.0010540100   -0.0032217200    0.0159892700
  -0.0023281700   -0.0097900200    0.0147846900
  -0.0016905600   -0.0062087900    0.0166971800
  -0.0013820000   -0.0063423100    0.0169899300
  -0.0019131200   -0.0062105700    0.0170147900
  -0.0011429200   -0.0070670000    0.0175622900
   0.0253935500   -0.0040223000    0.0062440200
   0.0087966900    0.0124519800   -0.0170492000
   0.0048961700    0.0119849400   -0.0148899900
   0.0039923300    0.0103500200   -0.0157878700
   0.0042548300    0.0106064900   -0.0160741300
   0.0040984600    0.0109690500   -0.0154019600
   0.0045662300    0.0109309400   -0.0156361100
   0.0039742100    0.0108525800   -0.0146675800
   0.0008835000   -0.0083950300   -0.0125784500
   0.0168666900   -0.0240141800   -0.0347881200
  -0.0039811400   -0.0104446000   -0.0139171000
  -0.0030647100   -0.0089059800   -0.0147920100
  -0.0038798600   -0.0098152600   -0.0143555100
  -0.0037107200   -0.0101879300   -0.0137125500
  -0.0039915900   -0.0099710100   -0.0150424100
  -0.0034560500   -0.0098662900   -0.0140406800
   0.0185236000    0.0084240900    0.0193690400
   0.0163226500    0.0100631700    0.0152697300
   0.0165246500    0.0086308300    0.0174629500
   0.0168940700    0.0087746600    0.0169523700
   0.0161609600    0.0091176200    0.0169031100
   0.0141314800    0.0108180500    0.0194693000
   0.0167125400    0.0093252600    0.0176736900
   0.0163247500    0.0078480400    0.0167626300
  -0.0171096700   -0.0074866000    0.0183003000
  -0.0174478400   -0.0076344200    0.0178281800
  -0.0176729600   -0.0061744500    0.0200328300
  -0.0154691700   -0.0078761100    0.0158886400
  -0.0176133800   -0.0085315200    0.0184973400
  -0.0172669500   -0.0069488900    0.0176059700
  -0.0198815300   -0.0054586900    0.0158454800
  -0.0177739800   -0.0071178600    0.0184141600
   0.0014579900   -0.0003677800    0.0088886300
   0.0008950700    0.0022465900    0.0098134800
   0.0009124200    0.0022868700    0.0113524800
   0.0013818500   -0.0002802500    0.0123196900
  -0.0004918700    0.0009569800    0.0107924100
  -0.0005141700    0.0011952700    0.0103898500
  -0.0005128200    0.0011912500    0.0108644700
  -0.0004943100    0.0009824400    0.0104429000
  -0.1618701300    0.0067739400    0.0082008600
  -0.0003197000    0.0012472500    0.0084625400
   0.0007087000    0.0027429700    0.0084460400
   0.0008052500    0.0005537600    0.0084520400
   0.0001361500    0.0028541300    0.0084561000
   0.0002752600    0.0010004900    0.0084458100
  -0.0000109900    0.0012776600    0.0084629500
   0.0013097300    0.0014819000    0.0084464200
   0.0021002300   -0.0009562700   -0.0076550500
   0.0020681700   -0.0009739500   -0.0081079700
   0.0012974400   -0.0003049500   -0.0080479300
   0.0012935900   -0.0003140700   -0.0077448000
   0.0022663800   -0.0011317400   -0.0093713300
   0.0022471100   -0.0011908900   -0.0064154700
   0.0011139400   -0.0012099900   -0.0081280100
   0.0011294800   -0.0012364500   -0.0076523900

81   
 -0.0099999933254870   0.0000050271092071  -0.0000104028067861
   0.0052637700   -0.0000081500   -0.0033438600
   0.0014564700   -0.0011585600   -0.0064897100
   0.0052700800   -0.0000109400   -0.0088713900
   0.0014483800   -0.0011656900   -0.0057566500
   0.0003108500   -0.0012035100   -0.0057449800
   0.0000789600   -0.0010250400   -0.0067161500
   0.0003264900   -0.0012052300   -0.0064890000
   0.0000917000   -0.0010221800   -0.0055354600
   0.0096422200   -0.0001049400   -0.0214040600
  -0.0139084100    0.0198476700   -0.0525913700
   0.0122778900    0.0008877500   -0.0221370500
   0.0119976000    0.0012978800   -0.0212721600
   0.0120262700    0.0007656000   -0.0227393400
   0.0117287500    0.0010867100   -0.0235109600
   0.0115443800    0.0006236300   -0.0219285200
   0.0118539600    0.0009086700   -0.0219571100
  -0.0359642700    0.0164988400    0.0072593300
  -0.0129768400   -0.0027420900   -0.0227415800
  -0.0105659100   -0.0012845500   -0.0228307400
  -0.0102766900   -0.0017359200   -0.0219706900
  -0.0108629000   -0.0014792900   -0.0206569900
  -0.0105293000   -0.0018277500   -0.0214325700
  -0.0107154200   -0.0016891800   -0.0221919700
  -0.0110030900   -0.0019479900   -0.0222385100
   0.0012373700    0.0086970900    0.0144665800
  -0.0021572100    0.0021111500    0.0156949300
  -0.0228100800   -0.0238778200    0.0156863400
  -0.0032372900    0.0071638700    0.0178404900
   0.0000609500    0.0059179900    0.0172449100
   0.0008221200    0.0050821200    0.0167291800
   0.0002884100    0.0052401400    0.0166868200
   0.0006074400    0.0050911400    0.0163905100
  -0.0052360600   -0.0044490100    0.0156464300
  -0.0255590100   -0.0369533800    0.0178851400
  -0.0042260000   -0.0094669800    0.0178274200
  -0.0008136300   -0.0028799700    0.0190534000
  -0.0014799100   -0.0064747900    0.0171503600
  -0.0017854600   -0.0063660400    0.0168112800
  -0.0012581700   -0.0064757300    0.0167888100
  -0.0020236100   -0.0056557400    0.0162666400
  -0.0165179100    0.0247594400   -0.0352959300
  -0.0005730900    0.0091583900   -0.0130414700
   0.0033900400    0.0097059700   -0.0152641700
   0.0043013700    0.0112257100   -0.0143655600
   0.0040414700    0.0109628300   -0.0141686500
   0.0041998600    0.0105997200   -0.0147951100
   0.0037704500    0.0106151200   -0.0145043600
   0.0043085400    0.0107254700   -0.0155328800
  -0.0084365500   -0.0117027100   -0.0166348300
  -0.0251588100    0.0047618100    0.0066760700
  -0.0036500500   -0.0095834900   -0.0153526400
  -0.0045793700   -0.0112101600   -0.0143922500
  -0.0037857300   -0.0102234800   -0.0149379300
  -0.0039505800   -0.0098589700   -0.0156085600
  -0.0036684100   -0.0100874600   -0.0142125700
  -0.0042447600   -0.0101863500   -0.0152219100
   0.0146632100    0.0093079600    0.0156759900
   0.0168271200    0.0076356500    0.0198065600
   0.0166451900    0.0090987800    0.0176185500
   0.0162562500    0.0089765000    0.0180892200
   0.0169429000    0.0085855100    0.0181958600
   0.0190419200    0.0069492800    0.0156387900
   0.0164221400    0.0084157500    0.0173973000
   0.0168086000    0.0099696300    0.0182950000
  -0.0177469300   -0.0073162500    0.0171751900
  -0.0173481900   -0.0071849600    0.0176686300
  -0.0171418300   -0.0086118600    0.0155244800
  -0.0193172400   -0.0069718500    0.0195818100
  -0.0171218600   -0.0063998300    0.0170065700
  -0.0175396600   -0.0078450100    0.0179116100
  -0.0149712700   -0.0093714800    0.0196864000
  -0.0169810700   -0.0076951300    0.0171316400
  -0.0026455400    0.0020040200    0.0123319200
  -0.0021761500   -0.0005734700    0.0113507800
  -0.0021654800   -0.0005379300    0.0098028000
  -0.0027123300    0.0020891800    0.0088803000
  -0.0007562400    0.0007419700    0.0104334100
  -0.0007487100    0.0005139100    0.0108538000
  -0.0007422400    0.0005241300    0.0103970800
  -0.0007675800    0.0007526400    0.0108095300
   0.1631633900   -0.0040473100    0.0085128100
   0.0016085900    0.0014572400    0.0084565400
   0.0005928700   -0.0000490900    0.0084254900
   0.0004917600    0.0021642800    0.0084582400
   0.0011601200   -0.0001409100    0.0084452500
   0.0010137400    0.0017075700    0.0084427000
   0.0012886700    0.0014421700    0.0084485100
  -0.0000282700    0.0012295100    0.0084410200
  -0.0006738400   -0.0006369400   -0.0081020300
  -0.0007179900   -0.0006624300   -0.0076710900
   0.0000964900   -0.0012756000   -0.0077379800
   0.0000975400   -0.0012687800   -0.0080459700
  -0.0008678700   -0.0003991400   -0.0064059800
  -0.0008737000   -0.0004725300   -0.0093790800
   0.0002521000   -0.0003845100   -0.0076529400
   0.0002801200   -0.0003923100   -0.0081237500

81   
 -0.0000302389021940   0.0099999542487699   0.0000007945452422
  -0.0006823200    0.0125685900   -0.0167441100
   0.0002894800   -0.0008851700   -0.0051307100
  -0.0007270700    0.0127481300    0.0046860400
   0.0002903100   -0.0009000400   -0.0071094800
   0.0000414100   -0.0018820200   -0.0055249000
   0.0002208100   -0.0014934500   -0.0068866400
   0.0000639000   -0.0018440900   -0.0067363200
   0.0002242400   -0.0014623800   -0.0053676400
   0.0122382200    0.0006509100   -0.0219194800
  -0.0097882300    0.0157943500   -0.0432574800
   0.0117072100    0.0004145900   -0.0217564100
   0.0117246100    0.0020283900   -0.0221618900
   0.0121894900    0.0007988000   -0.0223245100
   0.0113880500    0.0002042300   -0.0229516500
   0.0105868400    0.0006493200   -0.0224350900
   0.0122745500    0.0001839500   -0.0223922900
  -0.0320396900    0.0129106100   -0.0012638500
  -0.0103219700   -0.0019480200   -0.0221978900
  -0.0108745300   -0.0004963500   -0.0219660200
  -0.0108729400   -0.0021992000   -0.0223800700
  -0.0111886000   -0.0023814900   -0.0212602100
  -0.0103735500   -0.0017856400   -0.0218660900
  -0.0102727300   -0.0024203900   -0.0217988600
  -0.0119846100   -0.0019430100   -0.0217457600
  -0.0020148500    0.0100327000    0.0155009200
   0.0064858100    0.0103251000    0.0180378300
   0.0279875400    0.0408868700    0.0258446100
  -0.0016393000    0.0056193200    0.0178414900
   0.0005576600    0.0058480800    0.0162972300
   0.0005033700    0.0044022900    0.0173160200
   0.0000501200    0.0057831100    0.0169558600
   0.0000607300    0.0051292200    0.0167316000
  -0.0036832100   -0.0059800800    0.0156844400
   0.0239626400    0.0271139300    0.0081845200
   0.0045314100   -0.0011764600    0.0154715200
  -0.0040601900   -0.0015629800    0.0179405700
  -0.0020140600   -0.0064828900    0.0167851700
  -0.0020199700   -0.0058412100    0.0165494600
  -0.0015708400   -0.0071655300    0.0162181000
  -0.0015508000   -0.0057574500    0.0172072100
  -0.0064942000    0.0227095800   -0.0275149200
   0.0050965100    0.0118598800   -0.0160895000
   0.0029702400    0.0086535700   -0.0160021000
   0.0041383100    0.0109489500   -0.0144081500
   0.0043775400    0.0098816500   -0.0155438200
   0.0045788700    0.0107305500   -0.0143638400
   0.0045734700    0.0112861600   -0.0151165300
   0.0043043400    0.0107189500   -0.0148786000
  -0.0029706600   -0.0089589100   -0.0136373000
  -0.0147832000    0.0020519800   -0.0018067000
  -0.0038020700   -0.0098932200   -0.0153429300
  -0.0049919700   -0.0121266100   -0.0137321400
  -0.0034070000   -0.0100922200   -0.0153774900
  -0.0035908100   -0.0109180500   -0.0141820800
  -0.0036936200   -0.0100893200   -0.0148534400
  -0.0034339700   -0.0094897700   -0.0145958900
   0.0139153900    0.0083656100    0.0161688700
   0.0177867800    0.0082122100    0.0158444200
   0.0164256800    0.0090589600    0.0179724000
   0.0165507900    0.0089244500    0.0158637600
   0.0151865700    0.0098236300    0.0187912500
   0.0193814900    0.0060398100    0.0195902100
   0.0162990500    0.0092499000    0.0168671900
   0.0167184000    0.0097614700    0.0166492400
  -0.0174510300   -0.0073311000    0.0193691300
  -0.0175543600   -0.0072236400    0.0173367600
  -0.0161763500   -0.0080596000    0.0194814800
  -0.0200329000   -0.0079144300    0.0191290000
  -0.0172062900   -0.0064968800    0.0186603200
  -0.0176517200   -0.0070527100    0.0184580500
  -0.0146263100   -0.0102240900    0.0157290100
  -0.0187843700   -0.0064297500    0.0165121200
  -0.0021960400    0.0015976800    0.0114769900
   0.0003426400    0.0017159800    0.0092166400
   0.0004241100    0.0017529200    0.0119696200
  -0.0022465700    0.0016387300    0.0097383400
  -0.0007706700    0.0010621300    0.0103763600
  -0.0009954800    0.0008630800    0.0110039800
  -0.0009855300    0.0008633800    0.0102297600
  -0.0007898600    0.0010583100    0.0108745500
   0.0064374000   -0.1662175200    0.0080105600
   0.0005314300    0.0011864200    0.0084347600
   0.0020434300   -0.0005239300    0.0084330700
  -0.0001634300   -0.0002478000    0.0084404400
   0.0021468600    0.0002921000    0.0084359300
   0.0002987600    0.0021852700    0.0084352700
   0.0005516600    0.0013666200    0.0084339300
   0.0007714200    0.0018529600    0.0084425200
   0.0014071600   -0.0008109600   -0.0068101300
   0.0013421900   -0.0009186400   -0.0088525500
   0.0012077800   -0.0008440000   -0.0072598900
   0.0012288900   -0.0008179600   -0.0084710900
   0.0015641100    0.0000794500   -0.0081307500
   0.0014435900   -0.0000482700   -0.0077214700
   0.0005326700   -0.0007732100   -0.0077629600
   0.0005219100   -0.0007744000   -0.0079969100

81   
  0.0000302389021940  -0.0099999542487699  -0.0000007945452422
   0.0009152900   -0.0149479200    0.0046833300
  -0.0000510300   -0.0012827700   -0.0071237500
   0.0009162200   -0.0147345100   -0.0167379000
  -0.0000541700   -0.0012775100   -0.0051218400
   0.0001724300   -0.0003064500   -0.0067211500
   0.0000041400   -0.0006961000   -0.0053484800
   0.0001822900   -0.0003138200   -0.0055205100
   0.0000002100   -0.0007113900   -0.0068915200
   0.0110957800    0.0005043100   -0.0225953500
   0.0327488100   -0.0143492600   -0.0016562000
   0.0116383900    0.0007755200   -0.0227913900
   0.0116514500   -0.0009044500   -0.0223816700
   0.0111492600    0.0003765100   -0.0222838200
   0.0119590200    0.0009520000   -0.0216600000
   0.0127690600    0.0005225000   -0.0221371100
   0.0110433500    0.0009752100   -0.0222031000
   0.0106339600   -0.0172343600   -0.0428221700
  -0.0114680200   -0.0020638700   -0.0215059600
  -0.0109253000   -0.0034560100   -0.0217871100
  -0.0109512300   -0.0018389500   -0.0213446000
  -0.0106210600   -0.0016365100   -0.0225233600
  -0.0114060200   -0.0022329800   -0.0219188800
  -0.0115173100   -0.0016180500   -0.0219349200
  -0.0098006000   -0.0020766400   -0.0220118000
   0.0029736800    0.0004724200    0.0176473700
  -0.0056340300    0.0000547500    0.0151674400
  -0.0249558800   -0.0281650900    0.0078324100
   0.0025896100    0.0048424000    0.0153945200
   0.0004457000    0.0046319400    0.0169072400
   0.0004890600    0.0060507100    0.0159219400
   0.0009066000    0.0047198900    0.0162619300
   0.0009271800    0.0053656000    0.0164901600
   0.0005477300   -0.0067387900    0.0181402100
  -0.0291506600   -0.0420921600    0.0261009300
  -0.0075739500   -0.0114457000    0.0183320000
   0.0009188800   -0.0111547700    0.0158117200
  -0.0011513300   -0.0062523100    0.0170320100
  -0.0011253000   -0.0068939600    0.0172631200
  -0.0015992300   -0.0055251100    0.0176003500
  -0.0016337700   -0.0069602000    0.0165994000
   0.0150865300   -0.0012931500   -0.0022449700
   0.0032879000    0.0097261000   -0.0140992300
   0.0053238000    0.0128958100   -0.0141927600
   0.0041248600    0.0106609200   -0.0157821900
   0.0038893900    0.0116765800   -0.0146409400
   0.0037318300    0.0108568500   -0.0158214900
   0.0037281100    0.0102524100   -0.0150628000
   0.0040147900    0.0108669400   -0.0153343100
  -0.0047753000   -0.0111077200   -0.0156512500
   0.0068249700   -0.0219638900   -0.0270239400
  -0.0038067600   -0.0101691100   -0.0139714800
  -0.0026608000   -0.0078664500   -0.0155095200
  -0.0042564800   -0.0099699600   -0.0138879800
  -0.0040346900   -0.0091130300   -0.0150789100
  -0.0039877100   -0.0099673600   -0.0144023800
  -0.0042367100   -0.0105333600   -0.0146812200
   0.0192069300    0.0093702300    0.0189078900
   0.0153377300    0.0095193900    0.0192437500
   0.0167391400    0.0086535600    0.0171140300
   0.0165920000    0.0088053200    0.0191543500
   0.0179580700    0.0078946500    0.0162840100
   0.0138047000    0.0116886100    0.0154864700
   0.0168236800    0.0085261200    0.0182335000
   0.0164062400    0.0079339700    0.0184075300
  -0.0173799500   -0.0074302500    0.0160824300
  -0.0172416800   -0.0075971800    0.0181847400
  -0.0186036000   -0.0067556600    0.0160758600
  -0.0147487700   -0.0069029700    0.0163901800
  -0.0175509700   -0.0082980300    0.0168598200
  -0.0171389800   -0.0077738000    0.0170825000
  -0.0202216700   -0.0045686200    0.0197814000
  -0.0160114200   -0.0083844900    0.0190077700
   0.0009820900    0.0000769700    0.0097527100
  -0.0016936900   -0.0000349100    0.0119721600
  -0.0015969200   -0.0000060100    0.0092059000
   0.0009438000    0.0001067400    0.0114777600
  -0.0004727800    0.0006579800    0.0108636500
  -0.0002749300    0.0008443900    0.0102324600
  -0.0002745600    0.0008437600    0.0109972900
  -0.0004955000    0.0006558100    0.0103820600
  -0.0051540600    0.1689203600    0.0080099400
   0.0007540500    0.0015180800    0.0084310400
  -0.0007459000    0.0032322100    0.0084272100
   0.0014603900    0.0029744400    0.0084486900
  -0.0008499300    0.0024131500    0.0084383400
   0.0010018600    0.0005224600    0.0084427900
   0.0007212600    0.0013455400    0.0084338000
   0.0005257600    0.0008535600    0.0084487200
   0.0000444300   -0.0006834700   -0.0088524700
  -0.0000281800   -0.0007966800   -0.0068162500
   0.0001644100   -0.0007736000   -0.0084844500
   0.0001904700   -0.0007481100   -0.0072727400
  -0.0000456800   -0.0015526100   -0.0077253300
  -0.0001768400   -0.0016875000   -0.0081370300
   0.0008698100   -0.0008303800   -0.0079843700
   0.0008662800   -0.0008187200   -0.0077661700

81   
 -0.0000104209743628  -0.0000007752579061   0.0099999945401119
  -0.0028086500   -0.0119056700   -0.0023977600
   0.0006100500   -0.0000397300   -0.0051416100
   0.0030106400    0.0097206900   -0.0023806300
  -0.0003769800   -0.0021338100   -0.0051183100
  -0.0002172000   -0.0003661600   -0.0073142800
   0.0007428400   -0.0019066000   -0.0067292100
   0.0004471200   -0.0018092700   -0.0073299800
  -0.0005183900   -0.0002711400   -0.0067474300
   0.0103635300    0.0002080200   -0.0217978300
   0.0442729100   -0.0237315300    0.0144254600
   0.0112845000    0.0008801000   -0.0221663100
   0.0111095900    0.0023361100   -0.0207925800
   0.0128757600    0.0005148100   -0.0223612000
   0.0108074000    0.0014311100   -0.0225451000
   0.0118800700    0.0005875300   -0.0220632900
   0.0119743700    0.0007288700   -0.0215990300
  -0.0435798100    0.0222992400    0.0147796700
  -0.0095890700   -0.0016456100   -0.0213882800
  -0.0103337200   -0.0037452800   -0.0204022500
  -0.0105282800   -0.0023053500   -0.0217461900
  -0.0100364200   -0.0028737000   -0.0221277500
  -0.0121050900   -0.0019190000   -0.0219650400
  -0.0111961300   -0.0021671300   -0.0211813900
  -0.0111103000   -0.0020136100   -0.0216576000
   0.0004486400    0.0069603300    0.0141413000
  -0.0004182800    0.0045721800    0.0155577900
   0.0042949600    0.0139550200    0.0158558100
   0.0013719800    0.0052516000    0.0165394100
   0.0006240400    0.0047894700    0.0174565600
   0.0002175700    0.0055635800    0.0172314400
   0.0003393700    0.0049150500    0.0179022400
   0.0006290300    0.0054196300    0.0164262900
  -0.0024641800   -0.0063751800    0.0168252800
  -0.0053773600   -0.0150988600    0.0161440500
  -0.0006653700   -0.0056852600    0.0158654800
  -0.0015402300   -0.0080608900    0.0144351500
  -0.0017187700   -0.0065513800    0.0167233200
  -0.0014364900   -0.0060204500    0.0182111300
  -0.0013217900   -0.0066773800    0.0175056000
  -0.0016992000   -0.0059105200    0.0177727900
   0.0243524900   -0.0049970000    0.0063670000
   0.0016940400    0.0102283100   -0.0141317800
   0.0033487800    0.0088438500   -0.0151132800
   0.0041352600    0.0109741800   -0.0142829400
   0.0024780800    0.0109771000   -0.0150958000
   0.0036586500    0.0108774000   -0.0153883900
   0.0043824700    0.0119128300   -0.0148860300
   0.0044061700    0.0105198600   -0.0148862500
  -0.0013625200   -0.0094633700   -0.0136776800
  -0.0240986000    0.0057428300    0.0067914100
  -0.0038229200   -0.0102201400   -0.0138375200
  -0.0030166300   -0.0080548700   -0.0146430000
  -0.0033468800   -0.0101177100   -0.0149389500
  -0.0021582500   -0.0102153900   -0.0146259400
  -0.0040921200   -0.0097473700   -0.0144022300
  -0.0040569200   -0.0111603900   -0.0144420300
   0.0206422300    0.0077605800    0.0196552900
   0.0145435200    0.0066294600    0.0202418200
   0.0165195100    0.0090800000    0.0174948200
   0.0165602400    0.0079779400    0.0162852200
   0.0141480400    0.0099950800    0.0182775400
   0.0218219400    0.0159689100    0.0201558000
   0.0166047400    0.0084438300    0.0174978700
   0.0160647800    0.0084801800    0.0170187400
  -0.0173956400   -0.0065071800    0.0165128700
  -0.0173509800   -0.0076294900    0.0177156500
  -0.0153626200   -0.0051662800    0.0204948200
  -0.0214631300   -0.0063045500    0.0198449700
  -0.0168632300   -0.0070360700    0.0172380000
  -0.0174385600   -0.0069571000    0.0177141200
  -0.0226711400   -0.0145056400    0.0203540600
  -0.0149674500   -0.0085575000    0.0185187300
   0.0001254000   -0.0007661400    0.0122340000
   0.0010717700    0.0017288700    0.0120734500
  -0.0023301200   -0.0000157700    0.0120649100
  -0.0013871900    0.0024872900    0.0122179500
  -0.0004255400    0.0012243200    0.0106777200
  -0.0006702400    0.0007869300    0.0108642200
  -0.0005975600    0.0009242700    0.0108729400
  -0.0008329200    0.0004897500    0.0106881100
   0.0008168400    0.0013845300   -0.1420579700
   0.0006442300    0.0013513700    0.0075501900
   0.0006467600    0.0013415000    0.0092383700
   0.0006461800    0.0013601800    0.0089964600
   0.0006473800    0.0013586200    0.0095665000
   0.0006470700    0.0013516200    0.0081075600
   0.0006450400    0.0013576100    0.0076625100
   0.0006472600    0.0013547600    0.0084040200
   0.0019436100   -0.0005574300   -0.0062838000
  -0.0005621600   -0.0010602100   -0.0062948700
   0.0009205400   -0.0009517300   -0.0083243200
   0.0004691900   -0.0006334700   -0.0083275300
   0.0004737100    0.0001014400   -0.0065788200
   0.0009138800   -0.0016912600   -0.0065913200
   0.0005995100   -0.0002816400   -0.0087158900
   0.0007913700   -0.0013375600   -0.0087170600

81   
  0.0000104209743628   0.0000007752579061  -0.0099999945401119
   0.0029506000    0.0096161000   -0.0098638700
  -0.0003888400   -0.0021230800   -0.0070963700
  -0.0027228400   -0.0117846100   -0.0098610400
   0.0006184700   -0.0000478000   -0.0070958600
   0.0004343300   -0.0018072700   -0.0049422200
  -0.0005031500   -0.0002698300   -0.0055080600
  -0.0001982800   -0.0003632500   -0.0049527500
   0.0007312200   -0.0019077600   -0.0055134400
   0.0129604100    0.0009396900   -0.0227187500
  -0.0226571200    0.0261467400   -0.0606186200
   0.0120202100    0.0002877400   -0.0222957300
   0.0122500300   -0.0012180400   -0.0237361000
   0.0104260500    0.0006895800   -0.0222054300
   0.0125281800   -0.0002746600   -0.0219053100
   0.0114781500    0.0006033300   -0.0224615600
   0.0113824100    0.0004260000   -0.0229404700
   0.0235195400   -0.0275679800   -0.0601435000
  -0.0121832200   -0.0023631300   -0.0223144200
  -0.0114855900   -0.0002186600   -0.0233223900
  -0.0112461100   -0.0017190500   -0.0218924500
  -0.0117533700   -0.0011603100   -0.0214970200
  -0.0096563600   -0.0021205700   -0.0217914700
  -0.0105980900   -0.0018544100   -0.0225313400
  -0.0107004400   -0.0020236700   -0.0220466800
   0.0005472000    0.0034990500    0.0191934100
   0.0014386300    0.0059164300    0.0176372100
  -0.0036378800   -0.0038695800    0.0172451800
  -0.0003611200    0.0052026700    0.0166875600
   0.0003659300    0.0056694300    0.0157466900
   0.0007733700    0.0048451400    0.0160340600
   0.0006717200    0.0055424600    0.0152963600
   0.0003660100    0.0050386600    0.0167970600
  -0.0007245700   -0.0063242800    0.0169933600
   0.0025513800    0.0027657800    0.0175526400
  -0.0025298700   -0.0070315100    0.0179347600
  -0.0016418300   -0.0046206100    0.0194896500
  -0.0014562400   -0.0061653500    0.0170923200
  -0.0017629000   -0.0066594800    0.0155984200
  -0.0018664500   -0.0059628300    0.0163254400
  -0.0014511200   -0.0067890700    0.0160563400
  -0.0146861000    0.0256966100   -0.0354230600
   0.0066226900    0.0113567200   -0.0160442200
   0.0049281000    0.0127074000   -0.0150310500
   0.0042247800    0.0105853100   -0.0159318600
   0.0058724800    0.0105803000   -0.0151076500
   0.0046595400    0.0107037500   -0.0147815300
   0.0039307200    0.0096366600   -0.0152816300
   0.0039538400    0.0110892200   -0.0153336900
  -0.0063034500   -0.0105933400   -0.0155912200
   0.0150508100   -0.0249275900   -0.0349311100
  -0.0039034200   -0.0098201700   -0.0154662800
  -0.0046029900   -0.0119505800   -0.0145721800
  -0.0043435300   -0.0099440400   -0.0143272100
  -0.0055536600   -0.0098135900   -0.0146483700
  -0.0036264600   -0.0103134800   -0.0148830500
  -0.0036241700   -0.0088789200   -0.0148228200
   0.0126024800    0.0099344600    0.0154894200
   0.0186267500    0.0111233200    0.0147193700
   0.0166101100    0.0086188200    0.0175032100
   0.0165823700    0.0097953700    0.0187870500
   0.0190466400    0.0076980200    0.0167809000
   0.0112637600    0.0017580300    0.0148835400
   0.0165233800    0.0092954300    0.0175630600
   0.0169874600    0.0092213700    0.0181163500
  -0.0174075000   -0.0083342200    0.0190181700
  -0.0174462700   -0.0071538800    0.0177244000
  -0.0194419500   -0.0096605600    0.0149363600
  -0.0134199000   -0.0084813400    0.0157128700
  -0.0178179000   -0.0077591200    0.0183362200
  -0.0173407900   -0.0078359100    0.0177804200
  -0.0120995600   -0.0002900100    0.0151143400
  -0.0198697200   -0.0062392300    0.0170085900
  -0.0013458200    0.0024292300    0.0089797600
  -0.0023893700   -0.0000530400    0.0091162000
   0.0011519800    0.0017648700    0.0091241500
   0.0000979200   -0.0007312800    0.0089840300
  -0.0008451800    0.0005032600    0.0105703900
  -0.0006036700    0.0009474700    0.0103855600
  -0.0006641100    0.0007628900    0.0103935500
  -0.0004238400    0.0011997300    0.0105674200
   0.0004644800    0.0013359000    0.1600158500
   0.0006325500    0.0013570000    0.0093718600
   0.0006455200    0.0013527400    0.0075570500
   0.0006383700    0.0013495500    0.0078532100
   0.0006493400    0.0013551700    0.0072698700
   0.0006564500    0.0013576000    0.0087975600
   0.0006557800    0.0013548000    0.0092368800
   0.0006470200    0.0013484300    0.0084202500
  -0.0005445700   -0.0010351800   -0.0094640300
   0.0019393800   -0.0005542200   -0.0094519600
   0.0004595100   -0.0006496000   -0.0074453800
   0.0009208200   -0.0009481000   -0.0074476600
   0.0009424800   -0.0016370700   -0.0092016100
   0.0004492500    0.0000397400   -0.0092031400
   0.0007869300   -0.0013326700   -0.0070754800
   0.0005917600   -0.0002639900   -0.0070772800

89   
  0.0099999933254870  -0.0000050271092071   0.0000104028067861
   0.0013856500   -0.0001449600   -0.0050187600
   0.0018034300   -0.0021722700   -0.0060554500
   0.0017795100   -0.0021371900   -0.0062415700
   0.0014615400   -0.0000682400   -0.0072664900
   0.0000116600   -0.0013757300   -0.0061504400
   0.0000262200   -0.0012169700   -0.0060092200
   0.0000415700   -0.0012098000   -0.0062291900
   0.0000092900   -0.0013773700   -0.0060906000
   0.0120442500    0.0004893200   -0.0231487700
   0.0112407200    0.0003920700   -0.0227174900
   0.0120360000    0.0006336400   -0.0227138700
   0.0115344000    0.0005862000   -0.0221437500
   0.0325097900    0.0117469700   -0.0027161900
   0.0162678700   -0.0009176000   -0.0242669000
   0.0127416600   -0.0013744200   -0.0222313100
   0.0112227400    0.0010192800   -0.0229961600
  -0.0105474900   -0.0021299300   -0.0210685100
  -0.0113533600   -0.0022177700   -0.0214357700
  -0.0105442400   -0.0019616900   -0.0214319700
  -0.0110401700   -0.0020212600   -0.0219987200
   0.0093885200    0.0082919400   -0.0402500400
  -0.0061742200   -0.0034604600   -0.0198440300
  -0.0098330000   -0.0038978700   -0.0218808400
  -0.0113289400   -0.0016084700   -0.0211758200
   0.0006707600    0.0055836100    0.0154169100
   0.0004870500    0.0048788000    0.0164751200
  -0.0017147700    0.0026106100    0.0190026300
   0.0003768500    0.0049718600    0.0160619900
   0.0009963800    0.0058784400    0.0155952500
   0.0003067800    0.0058320100    0.0160973200
   0.0006049900    0.0042549900    0.0142884200
   0.0029312100    0.0060279700    0.0190122800
  -0.0037555800   -0.0089354600    0.0145232900
  -0.0016288800   -0.0065936700    0.0174874100
  -0.0013437300   -0.0059102600    0.0181157500
  -0.0015583900   -0.0067000400    0.0170578200
  -0.0014719600   -0.0073720700    0.0193063200
   0.0008512700   -0.0055508100    0.0144924200
  -0.0011161600   -0.0056686800    0.0179191700
  -0.0017717700   -0.0057375600    0.0174547100
   0.0273554600    0.0297662600    0.0154222000
   0.0069456200    0.0101621200   -0.0165132900
   0.0037116500    0.0114870500   -0.0165052600
   0.0038827300    0.0115000400   -0.0152779300
   0.0041236400    0.0113761200   -0.0136278400
   0.0040235000    0.0110057200   -0.0143692000
   0.0041249100    0.0105363800   -0.0151932200
   0.0045044400    0.0106404700   -0.0154963800
   0.0200261200    0.0097144700   -0.0463077100
  -0.0010818800   -0.0105905000   -0.0131986100
  -0.0042408400   -0.0093349100   -0.0132037500
  -0.0040730800   -0.0093080500   -0.0144406200
  -0.0038756000   -0.0094377400   -0.0161141600
  -0.0039469700   -0.0097753500   -0.0154001000
  -0.0038579700   -0.0102626200   -0.0145082900
  -0.0034696800   -0.0101790500   -0.0142360200
   0.0410526800   -0.0229728600    0.0198792900
   0.0216295300    0.0104679200    0.0156178200
   0.0166554200    0.0126551300    0.0191249900
   0.0184996100    0.0061324700    0.0180080500
   0.0167729000    0.0087152100    0.0173917300
   0.0165008100    0.0086467900    0.0179476200
   0.0166507000    0.0096711900    0.0171437600
   0.0163703700    0.0086144700    0.0172188700
  -0.0172930100   -0.0036461800    0.0161564300
  -0.0154917900   -0.0101530000    0.0173111400
   0.0064277900   -0.0378009300    0.0155351900
  -0.0122497100   -0.0057867300    0.0196527600
  -0.0173489300   -0.0066254900    0.0181333000
  -0.0176250700   -0.0076533300    0.0180789300
  -0.0172146300   -0.0075008200    0.0178821400
  -0.0174951700   -0.0076054900    0.0173854700
  -0.0013752900    0.0005971700    0.0114052800
  -0.0003989300    0.0009956500    0.0101417300
  -0.0013836600    0.0005886100    0.0098574400
  -0.0003951300    0.0010013600    0.0111003000
  -0.0078246700    0.0022049700    0.0148212300
  -0.0022504100    0.0000239100    0.0101370400
  -0.0078162500    0.0022245200    0.0064388700
  -0.0022594400    0.0000221900    0.0110927500
   0.0020375000    0.0020830100    0.0096826600
   0.0020404200    0.0020128000    0.0071914800
   0.0012497300    0.0018785500    0.0086848400
   0.0012487900    0.0018722600    0.0082060500
   0.0021903100    0.0021767300    0.0082180200
   0.0022239000    0.0021500800    0.0086905900
   0.0010745400    0.0011831100    0.0083466700
   0.0010634800    0.0011901100    0.0085403000
  -0.1610184700    0.0013751600   -0.0081195300
  -0.0006834200   -0.0007150800   -0.0078826000
   0.0014619800   -0.0023574500   -0.0078765200
   0.0013562700   -0.0002647000   -0.0078700500
   0.0002345200   -0.0021203200   -0.0078719900
   0.0003731700   -0.0003307800   -0.0078647000
   0.0004878700   -0.0008094200   -0.0078968200
   0.0008221200   -0.0008783300   -0.0078952900

89   
 -0.0099999933254870   0.0000050271092071  -0.0000104028067861
  -0.0012218800   -0.0020999200   -0.0072649300
  -0.0015587400   -0.0000353500   -0.0062541400
  -0.0015750000   -0.0000094800   -0.0060526500
  -0.0011615500   -0.0020319000   -0.0050158000
   0.0002009500   -0.0008030600   -0.0060843100
   0.0001772700   -0.0009614400   -0.0062192200
   0.0001850800   -0.0009581700   -0.0060211400
   0.0002129100   -0.0008039800   -0.0061606000
   0.0113229900    0.0006817000   -0.0214821000
   0.0121318700    0.0007740500   -0.0218307800
   0.0113070100    0.0005467100   -0.0218193100
   0.0118036500    0.0005996800   -0.0224202400
  -0.0085838600   -0.0097153400   -0.0406927800
   0.0069433100    0.0020254900   -0.0202617700
   0.0105995000    0.0024750500   -0.0223036000
   0.0121136200    0.0001840400   -0.0215679500
  -0.0112577200   -0.0019113800   -0.0227159500
  -0.0104662400   -0.0018161000   -0.0223042600
  -0.0112695300   -0.0020672800   -0.0223171700
  -0.0107614700   -0.0020095700   -0.0217275000
  -0.0317788900   -0.0131957100   -0.0023569600
  -0.0154938700   -0.0005138300   -0.0238679200
  -0.0119698800   -0.0000474300   -0.0218213700
  -0.0104455100   -0.0024464500   -0.0225777300
   0.0002743500    0.0048173700    0.0178182400
   0.0004566300    0.0055929300    0.0167609100
   0.0026635400    0.0077853200    0.0142355900
   0.0005448100    0.0054552900    0.0171829500
   0.0000240500    0.0045461200    0.0176005600
   0.0006982900    0.0046133000    0.0171539700
   0.0003786300    0.0062551400    0.0190083100
  -0.0019365300    0.0044308600    0.0141983300
   0.0006203700   -0.0037331500    0.0192949600
  -0.0014534900   -0.0060746700    0.0163558300
  -0.0017610300   -0.0066843500    0.0157150100
  -0.0015873500   -0.0060069400    0.0167655100
  -0.0016957000   -0.0053732500    0.0145841900
  -0.0040335500   -0.0071549800    0.0193015400
  -0.0020880300   -0.0070008800    0.0158971600
  -0.0013857200   -0.0069352600    0.0164087700
  -0.0196439300   -0.0089441000   -0.0468221600
   0.0013906200    0.0113459400   -0.0136676100
   0.0045776200    0.0101089900   -0.0136524000
   0.0043883500    0.0100904900   -0.0149159600
   0.0042105600    0.0102263100   -0.0165646500
   0.0042729000    0.0105503300   -0.0158527700
   0.0041708400    0.0110165900   -0.0149779300
   0.0037983000    0.0109403700   -0.0146952900
  -0.0271192100   -0.0290318300    0.0158168000
  -0.0066164400   -0.0094151000   -0.0160849700
  -0.0033861300   -0.0107147500   -0.0160411000
  -0.0035575700   -0.0107244300   -0.0148208000
  -0.0038220500   -0.0106236900   -0.0131582000
  -0.0037104900   -0.0102474400   -0.0138927100
  -0.0038122600   -0.0097786000   -0.0147373900
  -0.0041996500   -0.0098890400   -0.0150478800
  -0.0072275400    0.0392186600    0.0152621000
   0.0114281100    0.0072402200    0.0194159200
   0.0164525900    0.0051193900    0.0159285900
   0.0146757300    0.0116233500    0.0170848200
   0.0163647600    0.0089725500    0.0176740700
   0.0166578100    0.0090801500    0.0171650800
   0.0165334500    0.0080874100    0.0179085600
   0.0167986300    0.0091119800    0.0178575200
  -0.0174820200   -0.0111964400    0.0193405400
  -0.0193428600   -0.0046517500    0.0182190100
  -0.0418842000    0.0244608000    0.0200549200
  -0.0224471600   -0.0090197900    0.0158290800
  -0.0174538600   -0.0081963500    0.0173823800
  -0.0171773800   -0.0071539400    0.0174422300
  -0.0176023100   -0.0072753500    0.0176051200
  -0.0173218500   -0.0072043700    0.0181680200
   0.0001279200    0.0011317700    0.0098641300
  -0.0008572700    0.0007167800    0.0111121700
   0.0001140900    0.0011202800    0.0114054600
  -0.0008594200    0.0007307900    0.0101344600
   0.0065580300   -0.0005082000    0.0064485700
   0.0009885800    0.0016944700    0.0110890900
   0.0065534700   -0.0004924600    0.0148459200
   0.0009923700    0.0016873500    0.0101471600
  -0.0007411500    0.0006967900    0.0071891200
  -0.0007511800    0.0006335100    0.0096852700
   0.0000488500    0.0008343700    0.0082163500
   0.0000462900    0.0008224600    0.0086774500
  -0.0009323200    0.0005617100    0.0086850600
  -0.0008967700    0.0005262200    0.0082176200
   0.0002232300    0.0015180300    0.0085475500
   0.0002144800    0.0015292900    0.0083509600
   0.1624013100   -0.0029838800   -0.0078110300
   0.0020715900   -0.0008968400   -0.0078732500
  -0.0000810700    0.0007739800   -0.0078885200
   0.0000332900   -0.0013295100   -0.0078747400
   0.0011628000    0.0005240700   -0.0078766200
   0.0010156000   -0.0012669700   -0.0078712700
   0.0009093900   -0.0008099800   -0.0078917800
   0.0005712200   -0.0007338000   -0.0078937400

89   
 -0.0000302389021940   0.0099999542487699   0.0000007945452422
   0.0010024000   -0.0002878000   -0.0056947500
  -0.0010830200   -0.0003295200   -0.0059790900
  -0.0011706100   -0.0002921500   -0.0063565300
   0.0010584400   -0.0002341800   -0.0065761600
   0.0003830800   -0.0012399100   -0.0061229400
   0.0002517900   -0.0009969100   -0.0058167400
   0.0002627300   -0.0009891400   -0.0064248600
   0.0003898100   -0.0012637800   -0.0061088500
   0.0113765300   -0.0003299800   -0.0212286700
   0.0111209500    0.0005271500   -0.0229674000
   0.0114031600    0.0013044600   -0.0223160200
   0.0115470600    0.0004880300   -0.0222933000
   0.0253069900    0.0091305800   -0.0083858800
   0.0106323600    0.0016858700   -0.0212833800
   0.0130230100   -0.0022084800   -0.0209988500
   0.0114047300    0.0006665800   -0.0227273100
  -0.0111723300   -0.0029559500   -0.0228877000
  -0.0114975800   -0.0020579200   -0.0211489800
  -0.0111628200   -0.0013089300   -0.0218265000
  -0.0110421000   -0.0021161000   -0.0218245900
   0.0024497400    0.0063366600   -0.0353299800
  -0.0119710800   -0.0008817200   -0.0229156000
  -0.0095569600   -0.0048563400   -0.0231608000
  -0.0111352700   -0.0019135400   -0.0214874600
   0.0005648300    0.0056608300    0.0170640600
   0.0000843700    0.0052912400    0.0173783600
  -0.0022677000    0.0025341600    0.0153064600
   0.0020626200    0.0062029100    0.0155380900
  -0.0002594500    0.0054382400    0.0187739600
   0.0009519600    0.0054290300    0.0161362300
  -0.0009358400    0.0046963600    0.0179614300
   0.0036245300    0.0053479100    0.0184685600
  -0.0043430400   -0.0090115300    0.0182402400
   0.0000271800   -0.0053638000    0.0179981400
  -0.0014538400   -0.0059265500    0.0164498200
  -0.0019571700   -0.0062682100    0.0161586700
  -0.0029953500   -0.0069165700    0.0155936000
   0.0015776300   -0.0062576300    0.0150892600
  -0.0023593900   -0.0061735000    0.0147050700
  -0.0011259200   -0.0061520400    0.0174197800
   0.0217511300    0.0252637800    0.0039715500
   0.0036484600    0.0113459500   -0.0155686200
   0.0043146200    0.0122707800   -0.0152838400
   0.0043120000    0.0108627300   -0.0154270000
   0.0047083400    0.0109927500   -0.0142886300
   0.0036841600    0.0108222300   -0.0147970800
   0.0036494700    0.0104546500   -0.0149632700
   0.0053111600    0.0107108900   -0.0148866900
   0.0141567100    0.0047011500   -0.0339479600
  -0.0043042900   -0.0094832300   -0.0141410400
  -0.0036483300   -0.0085887900   -0.0144689500
  -0.0036400300   -0.0099305300   -0.0143024600
  -0.0032849300   -0.0098089000   -0.0154796400
  -0.0042975200   -0.0099777800   -0.0149762300
  -0.0043547800   -0.0103409600   -0.0147461700
  -0.0026871000   -0.0100855100   -0.0148665400
  -0.0140539200    0.0442171300    0.0092395300
   0.0190162300    0.0091528600    0.0163137000
   0.0192865600    0.0130489000    0.0180762600
   0.0113592800    0.0134349700    0.0162537400
   0.0169432500    0.0089097900    0.0172454200
   0.0169298400    0.0087396900    0.0174909000
   0.0161126500    0.0090931400    0.0176234600
   0.0165577200    0.0082996700    0.0170927800
  -0.0146960000   -0.0031996800    0.0171332300
  -0.0225296900   -0.0029392900    0.0189864400
  -0.0501832400    0.0302349500    0.0264183500
  -0.0149669700   -0.0071475300    0.0189408500
  -0.0178720600   -0.0071782800    0.0176761400
  -0.0174369500   -0.0079507700    0.0182336300
  -0.0170225900   -0.0073109100    0.0180826600
  -0.0170566000   -0.0075012200    0.0178347600
  -0.0006687200    0.0005251700    0.0113083500
  -0.0004949100    0.0005722300    0.0099062800
  -0.0006950400    0.0005372300    0.0099282300
  -0.0004870200    0.0005866400    0.0113342600
   0.0004314100    0.0159798700   -0.0012622900
  -0.0008834300    0.0008393600    0.0115343400
   0.0004127900    0.0161497500    0.0226870900
  -0.0008676100    0.0008318100    0.0097222800
   0.0004133600    0.0013712600    0.0086227700
   0.0005501800    0.0012092000    0.0081400700
   0.0011244300    0.0013120400    0.0082980800
   0.0011259000    0.0013195300    0.0085954700
   0.0002592200    0.0022360000    0.0093535000
   0.0003020900    0.0021118700    0.0076217900
   0.0002233900    0.0013663600    0.0089913900
   0.0002273800    0.0013922900    0.0079260800
   0.0033091600   -0.1659101600   -0.0083947600
   0.0007906300   -0.0007252900   -0.0078902400
  -0.0008802300   -0.0024922200   -0.0078928600
   0.0012212400   -0.0021655800   -0.0078819900
  -0.0006255300   -0.0016610400   -0.0078777900
   0.0011631400   -0.0000273600   -0.0078817300
   0.0007010100   -0.0008105500   -0.0078929500
   0.0006241300   -0.0000689400   -0.0078840300

89   
  0.0000302389021940  -0.0099999542487699  -0.0000007945452422
  -0.0008374600   -0.0019325000   -0.0065788900
   0.0013870600   -0.0018896500   -0.0063574300
   0.0013107100   -0.0018498900   -0.0059607800
  -0.0007629400   -0.0018765100   -0.0056911400
  -0.0001473200   -0.0009216500   -0.0060867300
  -0.0000268100   -0.0011693800   -0.0064044500
  -0.0000507500   -0.0011865000   -0.0058220900
  -0.0001556600   -0.0009376100   -0.0061249500
   0.0119573100    0.0015331300   -0.0233205200
   0.0122723100    0.0006320000   -0.0215603400
   0.0119193000   -0.0001034600   -0.0222273800
   0.0118150800    0.0006918600   -0.0222414200
  -0.0016348000   -0.0077588500   -0.0357401600
   0.0127364000   -0.0005481600   -0.0233168400
   0.0103287400    0.0034295400   -0.0235810100
   0.0119205600    0.0004946800   -0.0218954000
  -0.0106177200   -0.0011095600   -0.0208033500
  -0.0103395800   -0.0019612800   -0.0225821200
  -0.0106379600   -0.0027157700   -0.0219362500
  -0.0107657900   -0.0019209600   -0.0218904400
  -0.0245734500   -0.0105817000   -0.0080090400
  -0.0098605200   -0.0031096000   -0.0208636200
  -0.0122550700    0.0007910900   -0.0205764000
  -0.0106395400   -0.0020866900   -0.0223166100
   0.0003660800    0.0048375000    0.0161618000
   0.0008598800    0.0051466500    0.0158900000
   0.0032425400    0.0078620600    0.0179569700
  -0.0011035700    0.0042674800    0.0176921900
   0.0012718900    0.0050572600    0.0144052600
   0.0000333900    0.0050390800    0.0171173600
   0.0019054700    0.0058005300    0.0153050200
  -0.0026786400    0.0051187000    0.0148033600
   0.0011783800   -0.0036874400    0.0156197400
  -0.0031174300   -0.0073339300    0.0158552000
  -0.0016476900   -0.0067574200    0.0173695400
  -0.0012035100   -0.0063949800    0.0176755900
  -0.0001548600   -0.0057991600    0.0182594400
  -0.0047278500   -0.0064535700    0.0187513000
  -0.0008243500   -0.0065652100    0.0190771300
  -0.0020157900   -0.0065535100    0.0164486300
  -0.0138258000   -0.0039552900   -0.0344460000
   0.0046275200    0.0102269900   -0.0145717100
   0.0039874200    0.0093689300   -0.0149194200
   0.0039731100    0.0107043500   -0.0147590300
   0.0036015600    0.0105616200   -0.0159387900
   0.0046078900    0.0107452100   -0.0154474000
   0.0046580400    0.0111104400   -0.0152110700
   0.0029862600    0.0108428500   -0.0153171000
  -0.0214875000   -0.0245207700    0.0044012400
  -0.0033307300   -0.0106110100   -0.0151106900
  -0.0039890700   -0.0114971800   -0.0148157300
  -0.0039935400   -0.0100645600   -0.0149606700
  -0.0043784800   -0.0102183800   -0.0138511100
  -0.0033601700   -0.0100499400   -0.0143348200
  -0.0033329300   -0.0097051600   -0.0145002900
  -0.0049756800   -0.0099687300   -0.0144305500
   0.0493139400   -0.0287268200    0.0262405400
   0.0141504500    0.0085962900    0.0186891800
   0.0138595700    0.0046628500    0.0169127700
   0.0216852500    0.0043896600    0.0187801200
   0.0161847100    0.0087433700    0.0178571100
   0.0162383200    0.0089634400    0.0176043600
   0.0170787300    0.0086426300    0.0174299800
   0.0166167400    0.0094035000    0.0179921900
  -0.0201189000   -0.0115685100    0.0182811600
  -0.0121892500   -0.0119529900    0.0164699000
   0.0132918700   -0.0428220000    0.0095168100
  -0.0198273900   -0.0077113700    0.0165283100
  -0.0169208900   -0.0076244100    0.0178304800
  -0.0173904100   -0.0068522900    0.0172950300
  -0.0177947400   -0.0074475600    0.0174384800
  -0.0177568100   -0.0072663700    0.0177020700
  -0.0005559300    0.0011692600    0.0099199800
  -0.0007603000    0.0011315100    0.0113464200
  -0.0005898000    0.0011892500    0.0113025300
  -0.0007760800    0.0011426500    0.0098904600
  -0.0017150200   -0.0144399700    0.0226785700
  -0.0003965600    0.0008904400    0.0097072200
  -0.0016524300   -0.0142784200   -0.0012558600
  -0.0003626900    0.0008646300    0.0115333600
   0.0007398300    0.0014917900    0.0081432200
   0.0008753100    0.0013507800    0.0086414200
   0.0001622700    0.0013909300    0.0086074200
   0.0001696700    0.0013958700    0.0082876700
   0.0009832600    0.0006105500    0.0076205500
   0.0010290700    0.0004732700    0.0093562000
   0.0010693200    0.0013247900    0.0079454700
   0.0010610800    0.0013332300    0.0090025000
  -0.0019203300    0.1643046200   -0.0083616600
   0.0005996800   -0.0008838600   -0.0078746500
   0.0022736500    0.0009096200   -0.0078958100
   0.0001658900    0.0005708400   -0.0079039500
   0.0020134400    0.0000611800   -0.0078839500
   0.0002271900   -0.0015624500   -0.0078979700
   0.0006843300   -0.0007888600   -0.0078828900
   0.0007600400   -0.0015470500   -0.0078827400

89   
 -0.0000104209743628  -0.0000007752579061   0.0099999945401119
   0.0005439500   -0.0006329000   -0.0053053500
  -0.0010604700   -0.0004692100   -0.0053206500
   0.0012751400   -0.0017141300   -0.0052986000
  -0.0003137500   -0.0015231600   -0.0053062400
  -0.0000820900   -0.0007985500   -0.0060717100
   0.0000021700   -0.0009557100   -0.0060214700
   0.0002335400   -0.0012065000   -0.0060537900
   0.0003142900   -0.0013758300   -0.0060795500
   0.0099716700    0.0002428600   -0.0222373100
   0.0112039700    0.0004386300   -0.0224643900
   0.0114612700   -0.0002168400   -0.0222860500
   0.0117889200    0.0006743700   -0.0222064400
   0.0325735900    0.0119130400   -0.0024554200
   0.0093840200    0.0010540700   -0.0208589300
   0.0105376700    0.0041367500   -0.0220983900
   0.0115819200    0.0002646500   -0.0213801300
  -0.0092054000   -0.0016593900   -0.0217985700
  -0.0104057300   -0.0019004700   -0.0220767200
  -0.0106750400   -0.0012067000   -0.0219256500
  -0.0110488400   -0.0020736800   -0.0217674400
  -0.0318354000   -0.0133810900   -0.0021031100
  -0.0086319100   -0.0024599000   -0.0204266200
  -0.0097701000   -0.0055636000   -0.0216858100
  -0.0108075900   -0.0016803600   -0.0209570600
  -0.0001329000    0.0053819200    0.0167311200
   0.0003850100    0.0056705000    0.0162971500
   0.0050640400   -0.0029289100    0.0192488100
  -0.0019806100    0.0035830300    0.0169565500
   0.0004386600    0.0063791600    0.0155101600
   0.0007102100    0.0048485000    0.0166850600
  -0.0014685300    0.0068027900    0.0190523400
   0.0051792000    0.0064145800    0.0188617300
  -0.0061816500    0.0017723000    0.0195217900
   0.0009217600   -0.0046936700    0.0172524000
  -0.0009350500   -0.0064395500    0.0170081200
  -0.0014922600   -0.0068022800    0.0166267700
   0.0003869300   -0.0079124000    0.0193624700
  -0.0062921300   -0.0075526100    0.0191506200
  -0.0015100600   -0.0074807600    0.0158244100
  -0.0018088200   -0.0059657200    0.0169582400
   0.0350790200    0.0332754800    0.0227840900
   0.0019227700    0.0111656500   -0.0143890200
   0.0038288700    0.0098923500   -0.0136764500
   0.0035055800    0.0113137300   -0.0147737500
   0.0033930700    0.0099768700   -0.0144011500
   0.0051435200    0.0111763400   -0.0154901300
   0.0044686200    0.0111331800   -0.0142150800
   0.0042900600    0.0108381000   -0.0148884600
  -0.0348723700   -0.0325362500    0.0231687600
  -0.0015874400   -0.0104238500   -0.0139467300
  -0.0034876200   -0.0091408300   -0.0132408600
  -0.0031934100   -0.0105123900   -0.0142896800
  -0.0030688200   -0.0092178200   -0.0139554800
  -0.0048558700   -0.0104201900   -0.0150307400
  -0.0041392700   -0.0103731200   -0.0137559100
  -0.0039745300   -0.0100839400   -0.0144275300
   0.0222727200   -0.0001683800    0.0151952800
   0.0175760600    0.0088602700    0.0174866200
   0.0164335800    0.0077732500    0.0154945500
   0.0151625700    0.0099605900    0.0164375500
   0.0160249200    0.0088911400    0.0187735500
   0.0166563100    0.0085818200    0.0177366500
   0.0166150900    0.0095695600    0.0182695700
   0.0164130300    0.0083361000    0.0183327500
  -0.0172600200   -0.0062923400    0.0157044800
  -0.0159865000   -0.0084981000    0.0166626100
  -0.0231093900    0.0016263100    0.0154002500
  -0.0183849800   -0.0074176200    0.0177420300
  -0.0174368800   -0.0080963600    0.0184979800
  -0.0172457300   -0.0068690200    0.0185425900
  -0.0168506000   -0.0074508000    0.0189986500
  -0.0174863300   -0.0071331400    0.0179364500
   0.0001502700    0.0014164600    0.0090563300
  -0.0011397700    0.0000349900    0.0097897600
  -0.0014037700    0.0002947300    0.0090627500
  -0.0001034400    0.0016847600    0.0097928200
   0.0038275700   -0.0112027500    0.0146051200
  -0.0011198700    0.0017584200    0.0115915200
  -0.0051099300    0.0129194800    0.0146017500
  -0.0001398000   -0.0000533800    0.0115932400
   0.0008608900    0.0024128400    0.0100193100
   0.0004299300    0.0003106500    0.0100210300
   0.0004882400    0.0019486200    0.0080191300
   0.0008007000    0.0007336600    0.0080176800
  -0.0008568800    0.0011516400    0.0097721200
   0.0021420700    0.0015623600    0.0097734900
   0.0004094900    0.0014601400    0.0076352500
   0.0008860600    0.0012553300    0.0076323500
   0.0008532600   -0.0007991800   -0.1535009100
   0.0006962400   -0.0008038000   -0.0086333900
   0.0006899600   -0.0007956600   -0.0077124900
   0.0006897200   -0.0007986600   -0.0076232200
   0.0006896700   -0.0008017600   -0.0075254800
   0.0006994400   -0.0007961200   -0.0087909800
   0.0006913600   -0.0008091500   -0.0085457400
   0.0007029800   -0.0008034200   -0.0081972000

89   
  0.0000104209743628   0.0000007752579061  -0.0099999945401119
  -0.0003759900   -0.0016050500   -0.0069850000
   0.0013577300   -0.0017560500   -0.0069652800
  -0.0011395000   -0.0004355700   -0.0069660700
   0.0006187600   -0.0005775200   -0.0069550700
   0.0003424300   -0.0013735300   -0.0061723100
   0.0002437200   -0.0011989600   -0.0061834600
  -0.0000178100   -0.0009693300   -0.0061969300
  -0.0000942900   -0.0008071500   -0.0061768300
   0.0134154000    0.0009793100   -0.0223147800
   0.0121808800    0.0006994200   -0.0220256300
   0.0118749500    0.0013747600   -0.0222032200
   0.0115687700    0.0004748500   -0.0223191900
  -0.0079379100   -0.0098770900   -0.0410262200
   0.0139575800    0.0001192700   -0.0237388300
   0.0127719200   -0.0029268200   -0.0224335000
   0.0117983600    0.0008853400   -0.0232495400
  -0.0126467500   -0.0024187700   -0.0218744900
  -0.0113971100   -0.0021381400   -0.0216523300
  -0.0111205200   -0.0027757000   -0.0218121800
  -0.0107977700   -0.0018885000   -0.0219274400
   0.0087492200    0.0084802000   -0.0405896700
  -0.0131846500   -0.0015473600   -0.0233371800
  -0.0120018900    0.0015007500   -0.0220198400
  -0.0110226800   -0.0023253800   -0.0228320500
   0.0010407000    0.0051152800    0.0165415100
   0.0005526500    0.0047425700    0.0169341000
  -0.0041618600    0.0133625100    0.0139868800
   0.0030416000    0.0069393500    0.0162557200
   0.0005528400    0.0040547100    0.0177094500
   0.0002589100    0.0055809800    0.0165230700
   0.0024566800    0.0036540700    0.0141460600
  -0.0041160900    0.0040554400    0.0144311100
   0.0030645600   -0.0145320600    0.0142939900
  -0.0041015700   -0.0080441100    0.0165418000
  -0.0021220400   -0.0062106700    0.0168576000
  -0.0016611600   -0.0058577700    0.0172232000
  -0.0035452300   -0.0047706200    0.0144317900
   0.0030357300   -0.0051646800    0.0147519100
  -0.0016430500   -0.0051713500    0.0179837100
  -0.0013408700   -0.0067037300    0.0168302800
  -0.0286067200   -0.0129012000   -0.0546556000
   0.0062914500    0.0103908200   -0.0157549200
   0.0044630600    0.0117668100   -0.0165047300
   0.0047443300    0.0102793400   -0.0153952700
   0.0049238200    0.0115717500   -0.0156689100
   0.0031431400    0.0103558200   -0.0147363100
   0.0038409500    0.0104601900   -0.0159468000
   0.0040144300    0.0107188700   -0.0152820400
   0.0289865000    0.0136713500   -0.0540873500
  -0.0059664700   -0.0096500500   -0.0153240900
  -0.0041249000   -0.0109838900   -0.0160421200
  -0.0044261600   -0.0095032100   -0.0149558800
  -0.0046083800   -0.0108189600   -0.0152253000
  -0.0028173300   -0.0095961100   -0.0142751100
  -0.0035318500   -0.0097001300   -0.0154816700
  -0.0037016200   -0.0099517200   -0.0148140500
   0.0105715900    0.0182481600    0.0196524300
   0.0156576600    0.0088720500    0.0174886600
   0.0166878300    0.0099878100    0.0196324600
   0.0180236600    0.0077726100    0.0185795000
   0.0170995400    0.0087587700    0.0162785600
   0.0165106400    0.0091270300    0.0173487500
   0.0165140900    0.0081799400    0.0167884400
   0.0167334600    0.0094244600    0.0167289500
  -0.0175151200   -0.0085215900    0.0198459900
  -0.0188706100   -0.0063201200    0.0187779900
  -0.0113784900   -0.0168030600    0.0198950600
  -0.0164710200   -0.0074165200    0.0177092500
  -0.0173192400   -0.0067033100    0.0170116900
  -0.0175469200   -0.0079667100    0.0169582900
  -0.0179467600   -0.0073216500    0.0164783500
  -0.0173168100   -0.0076729500    0.0175794300
  -0.0014033000    0.0003140000    0.0121507100
  -0.0001024700    0.0016852600    0.0114547600
   0.0001372600    0.0013946700    0.0121625700
  -0.0011491800    0.0000018000    0.0114405900
  -0.0050260200    0.0128084800    0.0066337600
  -0.0001298300   -0.0000236600    0.0096801500
   0.0038086900   -0.0111239900    0.0066394100
  -0.0011508400    0.0017457300    0.0096651100
   0.0004066100    0.0003370000    0.0068338300
   0.0008861200    0.0023642500    0.0068545200
   0.0007801200    0.0007581200    0.0088849800
   0.0004871100    0.0019768800    0.0088829500
   0.0021198000    0.0015779200    0.0071542700
  -0.0008389500    0.0011310700    0.0071452900
   0.0008788100    0.0012458400    0.0092824900
   0.0004155700    0.0014620300    0.0092605000
   0.0005299400   -0.0008072700    0.1391716500
   0.0006792800   -0.0007798100   -0.0070640600
   0.0007174200   -0.0007917000   -0.0081474400
   0.0006864400   -0.0007962300   -0.0082012300
   0.0006922300   -0.0008022300   -0.0082827100
   0.0006855900   -0.0007984400   -0.0069424900
   0.0006935500   -0.0007777900   -0.0071646500
   0.0006836700   -0.0007994100   -0.0075837800
