256  
28   

1    
 -0.0040564153977520   0.0070817950687708   0.0057787258738250
   0.0807716200   -0.2011382200   -0.1469877900
   0.0000036900    0.0016516700    0.0050744700
  -0.0000214200    0.0016487800    0.0049173700
  -0.0000163200    0.0016864800    0.0049995900
   0.0000062800    0.0016384600    0.0049175200
  -0.0000161500    0.0017993500    0.0051049700
  -0.0001486800    0.0012734400    0.0048959900
   0.0000070800    0.0015881300    0.0051579500
  -0.0249165000    0.0355287600    0.0014376900
  -0.0061762400    0.0003366100   -0.0056726100
  -0.0060782800    0.0003379800   -0.0056982100
  -0.0061752800    0.0002710100   -0.0057724100
  -0.0061492400    0.0002667000   -0.0058034500
  -0.0061283600    0.0002459500   -0.0057928300
  -0.0060983800    0.0003270200   -0.0058756600
  -0.0061381000    0.0003018600   -0.0056513300
   0.0000749100    0.0056959000    0.0025467100
  -0.0039999000    0.0068750500    0.0111792500
   0.0001880500    0.0053345500    0.0027878300
   0.0001490400    0.0056546600    0.0026345900
   0.0001822800    0.0053347600    0.0027685900
   0.0001973000    0.0056228900    0.0026144500
   0.0002715100    0.0055414200    0.0027255900
   0.0001148100    0.0055348500    0.0027046000
  -0.0024478200    0.0046794900    0.0203066600
   0.0000940600   -0.0034059600    0.0054048300
   0.0000311700   -0.0033499900    0.0053618300
   0.0000954200   -0.0033118200    0.0054352400
   0.0001397200   -0.0033396600    0.0053691300
   0.0001145500   -0.0033227600    0.0053342400
  -0.0000132400   -0.0034248000    0.0053886800
   0.0000832500   -0.0033465900    0.0054055700
  -0.0074632500    0.0071353800    0.0067057600
  -0.0019959400   -0.0000712300    0.0000219100
  -0.0015503300    0.0003011300   -0.0001750700
  -0.0015312900    0.0003681500   -0.0001698300
  -0.0014435700    0.0002572800   -0.0002518200
  -0.0016683800    0.0003554100   -0.0001405400
  -0.0017834300    0.0007377800   -0.0000097700
  -0.0014430200    0.0002823300   -0.0002320800
   0.0030743200   -0.0000652200    0.0001209200
   0.0013554600    0.0001610400    0.0008878500
   0.0016608400    0.0000669000    0.0002562800
   0.0018350600    0.0002320600    0.0002471200
   0.0016469400    0.0002186600    0.0007348100
   0.0018480000    0.0001952100    0.0002594300
   0.0019833800    0.0003628100   -0.0000973800
   0.0017304800    0.0000566400    0.0003841100
  -0.0080872000    0.0016285400    0.0150449800
  -0.0058959400   -0.0004180500    0.0058261300
  -0.0060265400   -0.0003391200    0.0059911000
  -0.0060094800   -0.0003495200    0.0060250500
  -0.0060302800   -0.0003377400    0.0059988500
  -0.0059833700   -0.0004047000    0.0059165500
  -0.0058913400   -0.0002803100    0.0060303700
  -0.0059910500   -0.0003193600    0.0059536300
  -0.0001296000   -0.0001946300   -0.0000731700
  -0.0045310200    0.0822024500    0.0396370700
   0.0000722500   -0.0001932300    0.0000256400
   0.0000453000   -0.0001836500   -0.0000194600
   0.0000710500   -0.0002399200    0.0000105700
   0.0000957200   -0.0002485200    0.0000353200
   0.0002347700   -0.0001595100   -0.0003427800
   0.0001678300   -0.0002990700   -0.0001204500
   0.0071047000    0.0010359400    0.0056265500
   0.0059265800    0.0005768000    0.0057340900
   0.0058480200   -0.0001652000    0.0052743200
   0.0059311300    0.0004037200    0.0058120700
   0.0061341400   -0.0000131200    0.0063525600
   0.0056765700    0.0004560300    0.0058460000
   0.0059617600    0.0004209000    0.0058756200
   0.0059980000    0.0004386200    0.0059566300
  -0.0351493800    0.0159884200    0.0326269200
  -0.0013514600   -0.0003710200    0.0004531500
  -0.0015568700   -0.0002857700    0.0003189300
  -0.0015890200   -0.0004097100    0.0003536200
  -0.0015720600   -0.0002930700    0.0003384800
  -0.0015983000   -0.0004054500    0.0003271100
  -0.0022969500   -0.0001376000    0.0013975700
  -0.0015409000   -0.0002438200    0.0004052200
   0.0012360200    0.0001753300   -0.0000555600
   0.0012599200   -0.0003609400    0.0000761600
   0.0015596100   -0.0001782400    0.0002421300
   0.0047679500   -0.0030668900   -0.0007988500
   0.0012580700   -0.0001731100    0.0002402800
   0.0015058800   -0.0001718300   -0.0000758400
   0.0014163700    0.0000124000    0.0000484800
   0.0014118800   -0.0001966800    0.0001488900
  -0.0001562200    0.0071023000    0.0007724900
   0.0000847900    0.0034998200    0.0058630900
   0.0002658800    0.0036961900    0.0060241500
   0.0000461000    0.0035327800    0.0057050900
  -0.0007543100    0.0040221100    0.0058997700
   0.0000198400    0.0037427300    0.0058177300
   0.0000424700    0.0034512900    0.0057480300
   0.0000080800    0.0034309700    0.0058115000
   0.0002762900   -0.0046524200    0.0042183200
   0.0024323800   -0.0106636700   -0.0000515500
   0.0000164800   -0.0054728100    0.0027416500
   0.0000454800   -0.0056586400    0.0027180600
   0.0000239700   -0.0054835800    0.0028441200
   0.0000152300   -0.0056534300    0.0027230500
  -0.0001721200   -0.0050212600    0.0031086200
   0.0000238100   -0.0054948500    0.0028519000
   0.0071419900    0.0004981300   -0.0063561100
   0.0070107600   -0.0005437900   -0.0058632200
   0.0064495700   -0.0006147600   -0.0058765100
   0.0059012900   -0.0000505100   -0.0057797900
   0.0065211800   -0.0006451900   -0.0058602400
   0.0061384600   -0.0005551000   -0.0058026100
   0.0064831100   -0.0006034900   -0.0058820600
   0.0063986500   -0.0005885600   -0.0058338300
  -0.0001381900   -0.0010647300    0.0046038600
  -0.0003390200    0.0032957300    0.0025840600
  -0.0002804400   -0.0011255600    0.0046528500
  -0.0002764200   -0.0010831400    0.0046670900
  -0.0002561500   -0.0010345900    0.0045892400
  -0.0002937700   -0.0010597800    0.0045016000
  -0.0004285600   -0.0011123500    0.0045249200
  -0.0002824700   -0.0012143900    0.0046854200
   0.0002099100    0.0020062300   -0.0051785700
   0.0003190400    0.0010727800   -0.0045147900
  -0.0000179800    0.0017341200   -0.0039129500
   0.0003018600    0.0011883200   -0.0046443600
   0.0004434300    0.0015557400   -0.0044361000
   0.0002102800    0.0023375500   -0.0047742100
   0.0003004000    0.0011691200   -0.0046601100
   0.0003062900    0.0011139900   -0.0044522600
  -0.0077021200    0.0006335100    0.0057277600
  -0.0065545600    0.0006748400    0.0060184200
  -0.0068243800    0.0006175900    0.0058867900
  -0.0064310000    0.0005908000    0.0058554700
  -0.0093406800   -0.0026159000    0.0065510200
  -0.0062584500    0.0007588300    0.0058900300
  -0.0064529800    0.0005957900    0.0059128400
  -0.0063441800    0.0006800400    0.0058803100
  -0.0000486200    0.0053223700   -0.0025643100
  -0.0000179700    0.0056039200   -0.0027602700
  -0.0000867300    0.0054802600   -0.0048670600
  -0.0000631600    0.0054826600   -0.0028797800
  -0.0064264400    0.0050053500   -0.0069454000
   0.0000784700    0.0054546000   -0.0028064100
  -0.0000321700    0.0054638700   -0.0027873100
  -0.0000394700    0.0056054900   -0.0027733400
  -0.0000790100   -0.0035692100   -0.0057578800
  -0.0000046400   -0.0032004200   -0.0059160500
  -0.0000697900   -0.0034792800   -0.0057625900
   0.0001173900   -0.0034563800   -0.0052350000
  -0.0007533900   -0.0045594400   -0.0041265000
  -0.0001747500   -0.0035591700   -0.0050021100
  -0.0000678200   -0.0034952600   -0.0056964500
  -0.0000510200   -0.0035008900   -0.0057737800
  -0.0024846200   -0.0001938800    0.0003267000
  -0.0013216600    0.0000141600    0.0000332600
  -0.0015306200    0.0001647600    0.0000954900
  -0.0014042900    0.0001406100   -0.0001359900
  -0.0010403900    0.0002395100   -0.0005320100
  -0.0014197000    0.0000916000   -0.0000428100
  -0.0014948300    0.0002266700   -0.0003995400
  -0.0013470700    0.0002245200    0.0005149200
   0.0016146000    0.0003702700   -0.0003678000
   0.0017620700    0.0004169700   -0.0002679600
   0.0020052100    0.0006518200   -0.0002104700
   0.0008397900    0.0004499100   -0.0000722000
   0.0042604900    0.0032136000    0.0043568100
   0.0014701700    0.0003494500   -0.0003819500
   0.0015024000    0.0003200700   -0.0004279800
   0.0016052800    0.0004197900   -0.0003558900
  -0.0059272000   -0.0004581200   -0.0058026700
  -0.0064113400   -0.0001348400   -0.0056662000
  -0.0059362100   -0.0004236600   -0.0058327800
  -0.0058324700   -0.0002178100   -0.0057555100
  -0.0059559400   -0.0004728200   -0.0057480000
  -0.0059507300    0.0001429200   -0.0057604700
  -0.0069119800   -0.0005451400   -0.0059454000
  -0.0058696600   -0.0004102200   -0.0058150300
  -0.0000327000    0.0000247400    0.0004120700
  -0.0000884000    0.0002532500    0.0000626500
   0.0008014100   -0.0003549500   -0.0004990200
  -0.0000657400    0.0002429700    0.0000750000
  -0.0018729400   -0.0001459900   -0.0002262900
  -0.0003987200   -0.0003263900   -0.0005700300
  -0.0000820400    0.0001328700   -0.0000000700
  -0.0000633400    0.0002584700    0.0000668500
   0.0059528400    0.0004493600   -0.0059019100
   0.0059952300    0.0003067100   -0.0059765600
   0.0058832600    0.0003556200   -0.0059025300
   0.0060970300    0.0005646600   -0.0059382800
   0.0090167900    0.0207007700    0.0039382900
   0.0059713800    0.0003827100   -0.0059154500
   0.0060020200    0.0003474200   -0.0060012100
   0.0060162200    0.0003491500   -0.0059577500
  -0.0018769400   -0.0001137300   -0.0003057900
  -0.0017930900   -0.0004257900   -0.0001640000
  -0.0019743000   -0.0002981100   -0.0002146000
  -0.0018294000   -0.0001838400   -0.0002746900
  -0.0017687800   -0.0000946000   -0.0000574200
  -0.0057409100   -0.0022272300    0.0031945800
  -0.0016513900    0.0000891700   -0.0003548600
  -0.0018748200   -0.0002992100   -0.0002345300
   0.0015351600   -0.0002577900    0.0001795700
   0.0015459700   -0.0003895400    0.0001243100
   0.0017286900   -0.0006501800    0.0006705500
   0.0016141600   -0.0004265600    0.0002632500
  -0.0045953900    0.0125752800    0.0125732800
   0.0015610600   -0.0002791000    0.0001839300
   0.0015330900   -0.0002504500    0.0001892500
   0.0015449500   -0.0003517900    0.0001774900
  -0.0001139800    0.0034060300   -0.0054081100
  -0.0001144600    0.0034206000   -0.0054897300
  -0.0000801600    0.0031945400   -0.0053407900
  -0.0001577700    0.0033520200   -0.0053739500
   0.0024318800    0.0138701000   -0.0002827300
  -0.0000921100    0.0034262600   -0.0053575400
  -0.0000493100    0.0034082600   -0.0054192300
  -0.0000759800    0.0033323400   -0.0053922900
  -0.0000880800   -0.0052084900   -0.0026339600
  -0.0001447900   -0.0054709900   -0.0026527600
  -0.0003500700   -0.0059200200   -0.0025239000
  -0.0001518400   -0.0053398900   -0.0028210300
   0.0003533600   -0.0062850800   -0.0025044000
  -0.0000522300   -0.0055399600   -0.0030843600
  -0.0001088500   -0.0055182700   -0.0027761700
  -0.0001851300   -0.0054474300   -0.0026533200
   0.0061679800   -0.0002599100    0.0058108100
   0.0060891600   -0.0003319300    0.0058129700
   0.0060526200   -0.0001848700    0.0058249800
   0.0062362100   -0.0001946900    0.0057293400
   0.0093410300    0.0029968800    0.0096446800
   0.0061110200   -0.0003023100    0.0057622000
   0.0061496700   -0.0002546900    0.0058143800
   0.0061382800   -0.0002594100    0.0057898200
  -0.0000101800   -0.0016567100   -0.0050457200
  -0.0000579300   -0.0014847100   -0.0047240000
   0.0000296200   -0.0019610500   -0.0052103900
  -0.0001981200   -0.0016851700   -0.0047997300
  -0.0014735100   -0.0013687000   -0.0051709100
   0.0000383500   -0.0017444400   -0.0048935000
  -0.0000090000   -0.0016526900   -0.0050439800
   0.0000074900   -0.0016753600   -0.0049395300
  -0.0001417000    0.0006916400    0.0015495000
   0.0001011000   -0.0000942100    0.0012779100
   0.0000664000    0.0000329700    0.0016703300
  -0.0001104400    0.0005109200    0.0018947600
  -0.0000272000    0.0002166600    0.0016872400
   0.0000051400   -0.0000878700    0.0012810600
   0.0000253200    0.0000332400    0.0014228800
  -0.0000844500   -0.0001165200    0.0013190100
  -0.0002448700   -0.0000961700   -0.0009219000
   0.0000198400   -0.0001171800   -0.0014936100
  -0.0000116200    0.0000519600   -0.0013048300
   0.0000161100   -0.0000182300   -0.0014048900
   0.0001395700    0.0004319300   -0.0012340400
  -0.0000351200   -0.0000534600   -0.0014043400
   0.0002467700   -0.0000964800   -0.0009777200
  -0.0000324000   -0.0001044400   -0.0015014900

1    
  0.0040564153977520  -0.0070817950687708  -0.0057787258738250
  -0.0845722900    0.2019503900    0.1550240300
   0.0000481700    0.0012626000    0.0046374500
   0.0000740800    0.0012688600    0.0047910900
   0.0000688800    0.0012265800    0.0047088800
   0.0000463700    0.0012778500    0.0047905800
   0.0000687500    0.0011157000    0.0046033600
   0.0002006600    0.0016547500    0.0048235300
   0.0000436900    0.0013338900    0.0045542600
   0.0140458800   -0.0368350300   -0.0127666200
  -0.0059921700    0.0002860500   -0.0059653800
  -0.0060858300    0.0002918200   -0.0059355400
  -0.0059912400    0.0003559900   -0.0058596600
  -0.0060156900    0.0003600600   -0.0058294800
  -0.0060363200    0.0003805300   -0.0058398000
  -0.0060691500    0.0002916200   -0.0057546300
  -0.0060243200    0.0003245500   -0.0059785600
   0.0002354700    0.0047220600    0.0029151500
   0.0042912300    0.0038914900   -0.0055417900
   0.0001226900    0.0050784800    0.0026733400
   0.0001580700    0.0047611000    0.0028220100
   0.0001291700    0.0050778900    0.0026933500
   0.0001166100    0.0047923400    0.0028421600
   0.0000426000    0.0048778800    0.0027322100
   0.0001952000    0.0048806600    0.0027519700
   0.0027064100   -0.0113842600   -0.0093458300
   0.0001062900   -0.0033780900    0.0055546800
   0.0001754400   -0.0034378800    0.0055971200
   0.0001102600   -0.0034747800    0.0055254600
   0.0000648500   -0.0034480200    0.0055902500
   0.0000907700   -0.0034651500    0.0056254800
   0.0002202500   -0.0033545900    0.0055644900
   0.0001278900   -0.0034366100    0.0055553600
   0.0046730700   -0.0069000500   -0.0075603000
  -0.0008392500    0.0004894200   -0.0006934100
  -0.0013221800    0.0001158600   -0.0004778000
  -0.0013402600    0.0000478000   -0.0004827900
  -0.0014268800    0.0001588500   -0.0004019500
  -0.0012055100    0.0000613900   -0.0005117500
  -0.0010942700   -0.0003192800   -0.0006386500
  -0.0014269500    0.0001360800   -0.0004192700
   0.0005562400    0.0002397500    0.0008304400
   0.0022457200   -0.0000058300    0.0000855700
   0.0019339200    0.0000978700    0.0006984700
   0.0017738300   -0.0000724000    0.0007201200
   0.0019629800   -0.0000614100    0.0002246600
   0.0017603300   -0.0000352100    0.0007081800
   0.0016338100   -0.0001977400    0.0010616500
   0.0018761500    0.0001002000    0.0005873800
  -0.0036999400   -0.0024348600   -0.0031684100
  -0.0059231700   -0.0003514200    0.0061786100
  -0.0057882700   -0.0004356600    0.0060104800
  -0.0058037400   -0.0004258800    0.0059745700
  -0.0057852500   -0.0004376300    0.0060049400
  -0.0058317400   -0.0003736200    0.0060826000
  -0.0059244700   -0.0004930300    0.0059696100
  -0.0058223800   -0.0004488700    0.0060477200
   0.0003007100   -0.0002834600    0.0003712600
   0.0050435900   -0.0787962700   -0.0369993900
   0.0001057800   -0.0002814300    0.0002805000
   0.0001350000   -0.0002919500    0.0003280100
   0.0001065800   -0.0002352900    0.0002972300
   0.0000806100   -0.0002276500    0.0002729800
  -0.0000531100   -0.0003269900    0.0006384600
   0.0000105800   -0.0001728500    0.0004286700
   0.0046543600   -0.0001101800    0.0061560000
   0.0058303100    0.0003621900    0.0060646700
   0.0059188800    0.0011618700    0.0065361500
   0.0058240200    0.0005345900    0.0059866300
   0.0056216400    0.0009382700    0.0054364600
   0.0060769100    0.0004825000    0.0059513800
   0.0057939400    0.0005154300    0.0059227800
   0.0057606100    0.0004999100    0.0058455300
   0.0340203400   -0.0166097600   -0.0327772900
  -0.0018499800   -0.0002083500    0.0006194500
  -0.0016358800   -0.0002965200    0.0007516300
  -0.0016036300   -0.0001728100    0.0007204700
  -0.0016209700   -0.0002897300    0.0007342300
  -0.0015932000   -0.0001777800    0.0007461100
  -0.0008964700   -0.0004583200   -0.0003406800
  -0.0016493200   -0.0003326100    0.0006675800
   0.0014596000   -0.0000932600   -0.0001210100
   0.0014398100    0.0004254500   -0.0002479600
   0.0011454800    0.0002527200   -0.0004172200
  -0.0020740300    0.0031345200    0.0006156200
   0.0014384400    0.0002517800   -0.0004143700
   0.0012057800    0.0002531300   -0.0001002900
   0.0012857900    0.0000674700   -0.0002246600
   0.0012866600    0.0002717700   -0.0003253500
   0.0002697500    0.0000862400    0.0109264900
   0.0000185900    0.0036580900    0.0057836400
  -0.0001534500    0.0034513900    0.0055981000
   0.0000583600    0.0036284000    0.0059410600
   0.0008534000    0.0031236100    0.0057306100
   0.0000843600    0.0034249000    0.0058325300
   0.0000613900    0.0037055000    0.0058968600
   0.0000983600    0.0037274400    0.0058363100
  -0.0003270900   -0.0059246400    0.0013909200
  -0.0024278900    0.0001229000    0.0058056700
  -0.0001018800   -0.0050989900    0.0028663600
  -0.0001314700   -0.0049147600    0.0028928700
  -0.0001086300   -0.0050882900    0.0027666100
  -0.0000997400   -0.0049183100    0.0028858400
   0.0000786100   -0.0055506600    0.0025256200
  -0.0001093000   -0.0050796000    0.0027535900
   0.0057234000   -0.0018350800   -0.0055303300
   0.0058394000   -0.0007880000   -0.0060118100
   0.0063930900   -0.0007209700   -0.0059956900
   0.0069584400   -0.0012793400   -0.0060991700
   0.0063213700   -0.0006873200   -0.0060094500
   0.0066969600   -0.0007865900   -0.0060671700
   0.0063587000   -0.0007322100   -0.0059899300
   0.0064442100   -0.0007486700   -0.0060370200
  -0.0004537100   -0.0006213700    0.0043012800
  -0.0002642700   -0.0049803200    0.0063171600
  -0.0003141500   -0.0005627300    0.0042486200
  -0.0003221900   -0.0006134700    0.0042353400
  -0.0003388100   -0.0006530100    0.0043103200
  -0.0002984200   -0.0006312700    0.0044020200
  -0.0001671600   -0.0005743700    0.0043764700
  -0.0003128400   -0.0004767400    0.0042163400
   0.0003863800   -0.0003118500   -0.0037342200
   0.0002753600    0.0006177300   -0.0043796700
   0.0005865800   -0.0000555400   -0.0050018800
   0.0002928200    0.0005040800   -0.0042556200
   0.0001331100    0.0001197100   -0.0044400000
   0.0003839200   -0.0006311400   -0.0041241700
   0.0002939400    0.0005183600   -0.0042399400
   0.0002880900    0.0005769000   -0.0044433800
  -0.0051429700    0.0006940500    0.0061298800
  -0.0062901800    0.0006636400    0.0058582600
  -0.0060118700    0.0007022000    0.0059838200
  -0.0064101800    0.0007467400    0.0060161600
  -0.0035038800    0.0040003200    0.0053482400
  -0.0065805000    0.0005794000    0.0059811200
  -0.0063895500    0.0007400900    0.0059593500
  -0.0064992000    0.0006604400    0.0059923200
   0.0001334900    0.0052498500   -0.0030405500
   0.0001030600    0.0049682000   -0.0028489800
   0.0001610600    0.0050716200   -0.0007470600
   0.0001476900    0.0050911500   -0.0027282600
   0.0065089100    0.0055674700    0.0013299600
   0.0000071200    0.0051165100   -0.0028014200
   0.0001175500    0.0051096900   -0.0028204300
   0.0001247500    0.0049669400   -0.0028366600
  -0.0000243100   -0.0035899100   -0.0058862800
  -0.0001003700   -0.0039572000   -0.0057402200
  -0.0000343200   -0.0036807000   -0.0058818300
  -0.0002255100   -0.0037105800   -0.0063954200
   0.0006512200   -0.0026498100   -0.0075038900
   0.0000685200   -0.0036042600   -0.0066315700
  -0.0000369800   -0.0036639100   -0.0059485300
  -0.0000531100   -0.0036609900   -0.0058715800
  -0.0002474700    0.0001192100   -0.0001608300
  -0.0013759300   -0.0000920300    0.0001462700
  -0.0011700300   -0.0002402500    0.0000745400
  -0.0012973800   -0.0002160300    0.0003134400
  -0.0016549000   -0.0003062600    0.0006964500
  -0.0012802100   -0.0001672600    0.0002205900
  -0.0012120200   -0.0003004500    0.0005730100
  -0.0013447200   -0.0003033000   -0.0003286800
   0.0015782300    0.0002127300   -0.0007053700
   0.0014310200    0.0001653100   -0.0008053400
   0.0011910200   -0.0000685800   -0.0008555900
   0.0022832100    0.0001583500   -0.0010145400
  -0.0010856300   -0.0026540500   -0.0054703900
   0.0017204600    0.0002344000   -0.0006879900
   0.0016878800    0.0002616900   -0.0006458900
   0.0015869600    0.0001623900   -0.0007169100
  -0.0058296900   -0.0004785600   -0.0059962800
  -0.0053493900   -0.0007933700   -0.0061319500
  -0.0058204800   -0.0005130000   -0.0059661000
  -0.0059167100   -0.0007242400   -0.0060446500
  -0.0058007700   -0.0004620200   -0.0060479400
  -0.0058241300   -0.0010799700   -0.0060378200
  -0.0048636600   -0.0003762800   -0.0058636700
  -0.0058870800   -0.0005275100   -0.0059827300
  -0.0001437700    0.0004439200   -0.0007124100
  -0.0000897800    0.0002235700   -0.0003717400
  -0.0010018700    0.0008582300    0.0002182600
  -0.0001126800    0.0002282600   -0.0003848900
   0.0016989000    0.0006570100   -0.0000531400
   0.0002272600    0.0008097500    0.0002953300
  -0.0000957300    0.0003417400   -0.0003064600
  -0.0001144500    0.0002182200   -0.0003751600
   0.0058598500    0.0003288000   -0.0060997000
   0.0058183200    0.0004679300   -0.0060249500
   0.0059336700    0.0004124500   -0.0060982900
   0.0057205700    0.0002113500   -0.0060720600
   0.0026447400   -0.0200477000   -0.0157939100
   0.0058392400    0.0003919700   -0.0060846000
   0.0058116000    0.0004272400   -0.0060002600
   0.0057993200    0.0004259600   -0.0060430700
  -0.0017326800   -0.0000430300   -0.0006612300
  -0.0018127800    0.0002613000   -0.0007985200
  -0.0016388300    0.0001379000   -0.0007498000
  -0.0017830700    0.0000263800   -0.0006931900
  -0.0018364900   -0.0000625100   -0.0009034700
   0.0021247800    0.0020472300   -0.0041354100
  -0.0019518200   -0.0002426500   -0.0006133900
  -0.0017308200    0.0001395800   -0.0007314400
   0.0013378600   -0.0001581300    0.0004707700
   0.0013254100   -0.0000268300    0.0005285500
   0.0011354600    0.0002287600   -0.0000312800
   0.0012779200    0.0000112800    0.0003885100
   0.0076522000   -0.0128996400   -0.0117091000
   0.0013096600   -0.0001341500    0.0004687700
   0.0013397200   -0.0001658700    0.0004627100
   0.0013270900   -0.0000643400    0.0004763000
  -0.0000919300    0.0033821600   -0.0055518500
  -0.0000904700    0.0033671000   -0.0054766300
  -0.0001252000    0.0035902200   -0.0056189900
  -0.0000443600    0.0034342100   -0.0055848000
  -0.0026436900   -0.0071790000   -0.0107498200
  -0.0001210700    0.0033618000   -0.0055990100
  -0.0001558800    0.0033798900   -0.0055403700
  -0.0001298200    0.0034530300   -0.0055668700
  -0.0002245300   -0.0052063900   -0.0028263400
  -0.0001660000   -0.0049417700   -0.0028065100
   0.0000326100   -0.0045280800   -0.0029126300
  -0.0001594000   -0.0050734200   -0.0026421900
  -0.0006599900   -0.0041550800   -0.0029398700
  -0.0002604300   -0.0048621400   -0.0023989400
  -0.0002026000   -0.0048967100   -0.0026827100
  -0.0001265900   -0.0049656200   -0.0028062700
   0.0059979000   -0.0003665300    0.0058220500
   0.0060770100   -0.0002986600    0.0058169600
   0.0061148800   -0.0004398900    0.0058060000
   0.0059368900   -0.0004240200    0.0059080900
   0.0028259100   -0.0036165200    0.0019826100
   0.0060531700   -0.0003187900    0.0058694700
   0.0060169200   -0.0003724100    0.0058203000
   0.0060263000   -0.0003675400    0.0058412900
  -0.0000423200   -0.0012583500   -0.0046639700
   0.0000067800   -0.0014266600   -0.0049761400
  -0.0000821600   -0.0009593100   -0.0044994000
   0.0001452800   -0.0012202400   -0.0049116900
   0.0014233400   -0.0015688700   -0.0045393900
  -0.0000898100   -0.0011661600   -0.0048159400
  -0.0000429800   -0.0012629400   -0.0046657400
  -0.0000598600   -0.0012390200   -0.0047677600
   0.0001847100   -0.0006871200    0.0011775700
  -0.0000585500    0.0000831200    0.0014683700
  -0.0000146900   -0.0000495800    0.0010773400
   0.0001502100   -0.0005245600    0.0007890800
   0.0000533300   -0.0002378600    0.0010606100
   0.0000353300    0.0000808900    0.0014636100
   0.0000153200   -0.0000380600    0.0013223500
   0.0001230100    0.0001049300    0.0014279900
   0.0002110300    0.0001125900   -0.0018287900
  -0.0000599200    0.0001179300   -0.0012538600
  -0.0000290900   -0.0000457400   -0.0014386000
  -0.0000589500    0.0000250300   -0.0013458700
  -0.0001826200   -0.0004415000   -0.0014935800
  -0.0000032800    0.0000601300   -0.0013459000
  -0.0002939900    0.0001120200   -0.0017705100
  -0.0000084500    0.0001082000   -0.0012468300

1    
  0.0040564153977520  -0.0070817950687708   0.0057787258738250
  -0.0826964100    0.1466835700   -0.0741847300
   0.0001516000    0.0016630700    0.0046416500
   0.0000604700    0.0013227400    0.0048302000
   0.0000572100    0.0013344300    0.0048501500
   0.0000366900    0.0013339000    0.0048304000
   0.0000559100    0.0013124600    0.0048455900
   0.0001878500    0.0016529900    0.0048701300
  -0.0000852200    0.0017330400    0.0045590700
   0.0213629900   -0.0378336500    0.0024900900
  -0.0058938600    0.0001022600   -0.0059762000
  -0.0061658800    0.0002850300   -0.0059217300
  -0.0061012400    0.0003259100   -0.0058004500
  -0.0060519200    0.0003185400   -0.0058028400
  -0.0060068400    0.0002919500   -0.0058246700
  -0.0059948800    0.0003100500   -0.0057091100
  -0.0060191500    0.0002743600   -0.0059154400
   0.0004395200    0.0049603500    0.0029158100
   0.0043309600    0.0117643100   -0.0055010400
   0.0001477800    0.0051320800    0.0027810200
   0.0001749700    0.0050271300    0.0027685800
   0.0001539900    0.0051207200    0.0027763400
   0.0001552100    0.0050587000    0.0027884600
  -0.0001115600    0.0051134000    0.0027378300
   0.0002200100    0.0051495900    0.0026407300
   0.0027320800   -0.0204578600    0.0425487400
  -0.0000265800   -0.0033208800    0.0055023700
   0.0001684800   -0.0033274500    0.0055422500
   0.0001010200   -0.0034459100    0.0055228400
   0.0000550400   -0.0033389500    0.0055339600
   0.0000830200   -0.0034145700    0.0055558000
   0.0002123800   -0.0033833000    0.0054318800
   0.0002424400   -0.0033794800    0.0055029300
   0.0014316500   -0.0010143400   -0.0056712900
  -0.0001015500    0.0020254500   -0.0017571100
  -0.0013434900    0.0001417500   -0.0003861300
  -0.0014003900    0.0001261800   -0.0003372900
  -0.0014065600    0.0001536600   -0.0003635200
  -0.0014007300    0.0001250400   -0.0003618500
  -0.0014077100   -0.0001156200   -0.0003255200
  -0.0013873600    0.0002120700   -0.0003337200
   0.0004616100    0.0008012200    0.0008327600
   0.0015949600    0.0002279900    0.0011531800
   0.0014904900    0.0005698100   -0.0006001000
   0.0018353900    0.0000146800    0.0005715400
   0.0018273400   -0.0001176100    0.0005664200
   0.0018136000    0.0000305900    0.0006388400
   0.0017190400   -0.0000135100    0.0007700400
   0.0017300300   -0.0000039100    0.0007471300
  -0.0104110400    0.0035228400    0.0093744700
  -0.0061465100   -0.0001045500    0.0063353900
  -0.0058563500   -0.0004310300    0.0060268300
  -0.0058526700   -0.0003735800    0.0059575400
  -0.0058679800   -0.0004210200    0.0060210700
  -0.0059405300   -0.0005193300    0.0059751500
  -0.0058390300   -0.0003753300    0.0060411000
  -0.0059071400   -0.0002993500    0.0059256200
   0.0000499900   -0.0006522200    0.0001571500
   0.0048923700   -0.0398962700   -0.0117037700
   0.0000960800   -0.0002044200    0.0001291300
   0.0000865800   -0.0001852500    0.0001958700
   0.0000961100   -0.0002185000    0.0001425300
   0.0001069200   -0.0001191500    0.0001386700
   0.0001775100   -0.0006912600    0.0004238100
   0.0000013200   -0.0002028000    0.0002889700
   0.0050431300   -0.0003780700    0.0063367700
   0.0056344700    0.0006369200    0.0060685500
   0.0110253400   -0.0042516000    0.0086163300
   0.0058445000    0.0005182000    0.0059436800
   0.0059788600   -0.0000358500    0.0057924700
   0.0060006700    0.0005052700    0.0058459700
   0.0058388500    0.0004794300    0.0059039400
   0.0059105200    0.0004228000    0.0060026900
   0.0077124000   -0.0087617600    0.0032761400
  -0.0021081900   -0.0001646900    0.0003401900
  -0.0016198000   -0.0003126100    0.0006505200
  -0.0015929600   -0.0002453300    0.0006383600
  -0.0016314400   -0.0002809100    0.0006248800
  -0.0015960100   -0.0002783200    0.0006585000
  -0.0014644000   -0.0005549800   -0.0004786700
  -0.0016652100   -0.0002798500    0.0004710900
   0.0011013800    0.0003492700   -0.0000969400
   0.0013418100    0.0005392100   -0.0000102300
   0.0012172500    0.0001240500   -0.0002037000
   0.0032993600    0.0006465100    0.0042063200
   0.0013472300    0.0003173800   -0.0002462500
   0.0014303000    0.0001732600   -0.0002011100
   0.0014027400    0.0001945600   -0.0001365900
   0.0013131000    0.0001390600   -0.0001705400
   0.0002587700   -0.0010671600    0.0119524200
   0.0000542100    0.0034161900    0.0060482200
   0.0010903400    0.0038872400    0.0058394600
   0.0000503400    0.0035963800    0.0058828900
  -0.0003986200    0.0035625600    0.0059642300
   0.0000762200    0.0035507300    0.0058320300
   0.0000529100    0.0036309000    0.0058671900
   0.0000494300    0.0034855700    0.0061002800
   0.0004946500   -0.0066670500    0.0021237000
  -0.0024068100   -0.0091001400    0.0099473300
  -0.0000739800   -0.0052174600    0.0028570300
  -0.0001012100   -0.0051626500    0.0027718700
  -0.0000806400   -0.0052146700    0.0028308300
  -0.0000776300   -0.0051700800    0.0027646700
  -0.0006898900   -0.0062944200    0.0032521300
  -0.0000823800   -0.0051942700    0.0027371900
   0.0081495000   -0.0005649000   -0.0050980600
   0.0057708900   -0.0007116300   -0.0059645100
   0.0064239800   -0.0006886000   -0.0059540400
   0.0073812900   -0.0005597200   -0.0062470300
   0.0064167900   -0.0005878400   -0.0058809400
   0.0063132200   -0.0008068900   -0.0058261700
   0.0063199000   -0.0008608400   -0.0060123800
   0.0064552000   -0.0006555500   -0.0059585400
  -0.0002175800   -0.0006285300    0.0045473900
  -0.0002696800   -0.0042460500    0.0034811800
  -0.0003179300   -0.0007549000    0.0043963600
  -0.0002189300   -0.0005773800    0.0044797600
  -0.0003426000   -0.0008219200    0.0043632300
  -0.0004119900   -0.0005989000    0.0046505000
  -0.0004119700   -0.0005800300    0.0046231000
  -0.0003165200   -0.0007120700    0.0043826600
   0.0003963000   -0.0000350300   -0.0040304600
   0.0003757800    0.0008511200   -0.0041483600
  -0.0001495800   -0.0003898300   -0.0048347400
   0.0003026200    0.0007252500   -0.0043810300
   0.0009246900   -0.0002098200   -0.0043007000
   0.0003941700    0.0002737600   -0.0044195700
   0.0003038700    0.0007168100   -0.0043681000
   0.0002071500    0.0008063500   -0.0042126200
  -0.0055321400    0.0004213600    0.0063144400
  -0.0064364900    0.0005842200    0.0060222300
  -0.0063714600   -0.0002759000    0.0063422600
  -0.0064308800    0.0007295500    0.0059806800
  -0.0085713400   -0.0013766200    0.0074037400
  -0.0065041300    0.0006008700    0.0058830300
  -0.0064324400    0.0007032100    0.0059466000
  -0.0063039000    0.0009328700    0.0060025000
   0.0000994300    0.0052944600   -0.0029502100
   0.0000476000    0.0052108400   -0.0028868900
   0.0017988700    0.0046437900   -0.0019431800
   0.0001140900    0.0052120600   -0.0027720000
   0.0047823400    0.0051381400    0.0001358800
  -0.0000275000    0.0049813600   -0.0027091900
   0.0000845800    0.0051859800   -0.0027974200
   0.0001136900    0.0052076200   -0.0028718900
   0.0000031000   -0.0035292000   -0.0059353000
  -0.0000948000   -0.0040638900   -0.0058539300
  -0.0000300000   -0.0036095500   -0.0058285400
  -0.0003122800   -0.0038018500   -0.0052200200
   0.0006542300   -0.0032052700   -0.0075336600
   0.0001693800   -0.0037004800   -0.0054562200
  -0.0000548500   -0.0036033300   -0.0059982300
  -0.0000473300   -0.0036372800   -0.0058493900
  -0.0001203600    0.0006705800   -0.0001582000
  -0.0012029600   -0.0001982700    0.0003019700
  -0.0010012600   -0.0003026200    0.0004164400
  -0.0013308900   -0.0001312900    0.0001600800
  -0.0011819500    0.0001629300   -0.0006017400
  -0.0013076400   -0.0001023200    0.0001468600
  -0.0012684800   -0.0001195300    0.0002754800
  -0.0006674900   -0.0000721800    0.0007320400
   0.0015584300    0.0002318900   -0.0006132700
   0.0015876900    0.0002215800   -0.0006551300
   0.0014613100    0.0001280500   -0.0005461100
   0.0015094700    0.0016843500   -0.0020750700
   0.0020974300    0.0031699800   -0.0036483500
   0.0016400600    0.0003055800   -0.0006046000
   0.0016254000    0.0002506400   -0.0006086400
   0.0016075800    0.0002360500   -0.0005708500
  -0.0057882900   -0.0006096700   -0.0060154500
  -0.0052799700   -0.0007189700   -0.0060811300
  -0.0058513300   -0.0004837600   -0.0059201600
  -0.0055313300   -0.0007494000   -0.0057971300
  -0.0058949100   -0.0003658200   -0.0059155800
  -0.0062451700   -0.0003599000   -0.0061891600
  -0.0072904800    0.0008834200   -0.0054367900
  -0.0058970000   -0.0004370200   -0.0059002700
  -0.0001330100    0.0003371900   -0.0005977200
  -0.0000604900    0.0003129200   -0.0003009700
  -0.0000155000    0.0004865400    0.0000392100
  -0.0001024100    0.0001798200   -0.0001867200
   0.0007410700    0.0002815400   -0.0002286600
   0.0002348700    0.0000033800    0.0002666400
  -0.0000844600    0.0002717600   -0.0002291300
  -0.0001214800    0.0003079800   -0.0003063200
   0.0059360300    0.0003197400   -0.0060924500
   0.0057825300    0.0003789200   -0.0060173300
   0.0058531700    0.0004297500   -0.0060580300
   0.0056189300    0.0000252700   -0.0060890900
  -0.0046198700   -0.0208432500   -0.0004708300
   0.0058282300    0.0003405400   -0.0060283200
   0.0058428100    0.0003858200   -0.0059791000
   0.0059040600    0.0003951800   -0.0059903100
  -0.0018868600    0.0000718200   -0.0005842700
  -0.0017577100    0.0003617500   -0.0005716500
  -0.0017456300   -0.0000033800   -0.0005519900
  -0.0020495800   -0.0000631500   -0.0008097100
  -0.0017845200   -0.0000077200   -0.0007492600
  -0.0032673600   -0.0004422300   -0.0005808900
  -0.0016302900    0.0001875200   -0.0005994700
  -0.0017971200   -0.0000048300   -0.0005916700
   0.0013727400   -0.0001873300    0.0003776400
   0.0013776100   -0.0001396500    0.0004492900
   0.0017563300    0.0001201700   -0.0001650800
   0.0015863300    0.0000434000    0.0001153100
   0.0321597200   -0.0053775000    0.0232039300
   0.0013777400   -0.0000930500    0.0002783300
   0.0014010400   -0.0001690600    0.0003599200
   0.0013675500   -0.0001501300    0.0004004400
  -0.0001103500    0.0034255900   -0.0054529200
  -0.0000797200    0.0034629100   -0.0054317100
  -0.0001132900    0.0035561100   -0.0056234500
  -0.0000039400    0.0032754800   -0.0054999500
  -0.0026416300   -0.0045944800   -0.0090261400
  -0.0001380400    0.0032021200   -0.0055160100
  -0.0001147700    0.0034223300   -0.0054421600
  -0.0001192700    0.0033894600   -0.0054978200
  -0.0002464500   -0.0049077000   -0.0026402300
  -0.0001748300   -0.0050785000   -0.0027617400
  -0.0001435100   -0.0046892800   -0.0028594400
  -0.0001772900   -0.0050733100   -0.0028558900
  -0.0005214800   -0.0043232000   -0.0028862200
  -0.0002775500   -0.0053314000   -0.0032319300
  -0.0002225400   -0.0052174700   -0.0025905500
  -0.0001544600   -0.0051014200   -0.0027586500
   0.0060682600   -0.0003624500    0.0058343300
   0.0061868700   -0.0004461400    0.0057056400
   0.0060320400   -0.0003246800    0.0058744000
   0.0061615900   -0.0001816500    0.0060616200
   0.0095045700    0.0022849000    0.0143899500
   0.0061401000   -0.0001717200    0.0057438900
   0.0061003600   -0.0003593200    0.0058326300
   0.0060768300   -0.0003182100    0.0058200400
  -0.0000366000   -0.0014618800   -0.0047812700
   0.0000117900   -0.0015404600   -0.0045781300
  -0.0000761200   -0.0013656700   -0.0046946800
   0.0000142100   -0.0012676700   -0.0048267600
   0.0014266800   -0.0046914600   -0.0013022800
   0.0000526500   -0.0012109600   -0.0047308500
  -0.0000365200   -0.0014629100   -0.0047828700
  -0.0000540700   -0.0013805200   -0.0047530000
   0.0001806200   -0.0000237700    0.0004579300
  -0.0000187200   -0.0000496800    0.0013877300
  -0.0000181000    0.0001299200    0.0015735600
   0.0001491900   -0.0006734800   -0.0003098700
   0.0000497900   -0.0000610800    0.0015561100
   0.0000335700   -0.0000237400    0.0013730600
   0.0000136600    0.0000452000    0.0013737300
   0.0000792300   -0.0000278700    0.0013472100
   0.0002525500    0.0003692100   -0.0015862000
  -0.0000579400   -0.0000425400   -0.0012943700
  -0.0000274100    0.0000751000   -0.0013585400
  -0.0000526800   -0.0000463500   -0.0014673400
  -0.0001785000   -0.0004742600   -0.0014587200
  -0.0000056200   -0.0000114800   -0.0014677900
  -0.0003329200    0.0003681600   -0.0015301900
  -0.0000065700   -0.0000940300   -0.0014606500

1    
 -0.0040564153977520   0.0070817950687708  -0.0057787258738250
   0.0826724500   -0.1411440900    0.0866552000
  -0.0000997300    0.0012361800    0.0050595600
  -0.0000076600    0.0015815300    0.0048716500
  -0.0000036200    0.0015698000    0.0048518700
   0.0000175400    0.0015697800    0.0048711800
  -0.0000022100    0.0015928500    0.0048571100
  -0.0001346900    0.0012563100    0.0048355100
   0.0001396200    0.0011686900    0.0051422600
  -0.0319667600    0.0358894600   -0.0142598700
  -0.0062682700    0.0005239600   -0.0056521200
  -0.0059962100    0.0003428900   -0.0057114000
  -0.0060611800    0.0003032900   -0.0058330000
  -0.0061105000    0.0003102300   -0.0058312100
  -0.0061562100    0.0003367800   -0.0058087700
  -0.0061676200    0.0003157600   -0.0059225300
  -0.0061432900    0.0003558800   -0.0057186400
  -0.0001273400    0.0054470900    0.0025457500
  -0.0040222100   -0.0014310100    0.0111860300
   0.0001633300    0.0052715900    0.0026790700
   0.0001357700    0.0053778600    0.0026921900
   0.0001569500    0.0052830900    0.0026848700
   0.0001562900    0.0053443400    0.0026738600
   0.0004239300    0.0052926000    0.0027235800
   0.0000899800    0.0052552200    0.0028196800
  -0.0024068900    0.0143093900   -0.0340296100
   0.0002340400   -0.0034688200    0.0054592100
   0.0000373000   -0.0034592000    0.0054208800
   0.0001054800   -0.0033424900    0.0054404100
   0.0001526300   -0.0034485600    0.0054294400
   0.0001234900   -0.0033742600    0.0054083600
  -0.0000048800   -0.0034010300    0.0055304800
  -0.0000364700   -0.0034092900    0.0054584400
  -0.0043010000    0.0014141800    0.0050413300
  -0.0027952400   -0.0016451000    0.0010907700
  -0.0015248500    0.0002702400   -0.0002743100
  -0.0014682400    0.0002861800   -0.0003227700
  -0.0014618200    0.0002582900   -0.0002971600
  -0.0014682600    0.0002881800   -0.0002981600
  -0.0014641200    0.0005296300   -0.0003330400
  -0.0014823400    0.0001990800   -0.0003269700
   0.0031483500   -0.0006305000    0.0001307400
   0.0020099400   -0.0000773300   -0.0001768400
   0.0021171100   -0.0004079900    0.0015572300
   0.0017721400    0.0001401800    0.0004034400
   0.0017793900    0.0002698800    0.0004105500
   0.0017938200    0.0001236300    0.0003346500
   0.0018893800    0.0001709200    0.0002037700
   0.0018767100    0.0001581300    0.0002274200
  -0.0014128100   -0.0042504700    0.0026796400
  -0.0056621700   -0.0006751000    0.0056613500
  -0.0059550700   -0.0003464800    0.0059757800
  -0.0059582000   -0.0004029600    0.0060439600
  -0.0059424700   -0.0003564500    0.0059809600
  -0.0058704600   -0.0002566700    0.0060271800
  -0.0059707200   -0.0004026800    0.0059604900
  -0.0059031300   -0.0004779300    0.0060767800
   0.0001257400    0.0001820100    0.0001595200
  -0.0046755500    0.0393638900    0.0121247700
   0.0000826400   -0.0002717800    0.0001865200
   0.0000928100   -0.0002906900    0.0001156500
   0.0000823800   -0.0002576500    0.0001723900
   0.0000704100   -0.0003557800    0.0001731300
   0.0000013900    0.0002192300   -0.0001108800
   0.0001784800   -0.0002737700    0.0000269700
   0.0067089900    0.0013309300    0.0054542800
   0.0061188200    0.0003022600    0.0057322800
   0.0007938600    0.0051355900    0.0032165700
   0.0059089100    0.0004216200    0.0058575400
   0.0057708300    0.0009758500    0.0060066400
   0.0057508700    0.0004327800    0.0059552200
   0.0059146900    0.0004604000    0.0058967500
   0.0058438400    0.0005177800    0.0057996800
  -0.0113912200    0.0082680600   -0.0020206900
  -0.0010730500   -0.0004127600    0.0007426000
  -0.0015730500   -0.0002662200    0.0004317300
  -0.0016008700   -0.0003342600    0.0004425100
  -0.0015627800   -0.0002981500    0.0004566600
  -0.0015975100   -0.0003016100    0.0004221900
  -0.0017394700   -0.0000429600    0.0015520900
  -0.0015280400   -0.0002993800    0.0006111500
   0.0015965600   -0.0002674300   -0.0000872100
   0.0013592200   -0.0004702100   -0.0001748100
   0.0014831600   -0.0000438200    0.0000186400
  -0.0005958000   -0.0005488600   -0.0043612600
   0.0013533300   -0.0002389800    0.0000631100
   0.0012713800   -0.0000905500    0.0000145500
   0.0012965900   -0.0001135200   -0.0000486700
   0.0013872600   -0.0000590100   -0.0000146900
  -0.0001486000    0.0082808000   -0.0003588400
   0.0000530400    0.0037469300    0.0056000000
  -0.0009687800    0.0032645000    0.0058325400
   0.0000539200    0.0035653600    0.0057670400
   0.0005025200    0.0035973800    0.0056944200
   0.0000272400    0.0036125900    0.0058179500
   0.0000507300    0.0035305000    0.0057823100
   0.0000534900    0.0036764100    0.0055487700
  -0.0005737000   -0.0038862200    0.0034871100
   0.0023958000   -0.0013615700   -0.0043137200
  -0.0000141500   -0.0053444600    0.0027528300
   0.0000124400   -0.0053993900    0.0028372000
  -0.0000072200   -0.0053474900    0.0027797400
  -0.0000101300   -0.0053916300    0.0028434000
   0.0006073400   -0.0042560300    0.0023724300
  -0.0000055800   -0.0053679900    0.0028731400
   0.0046979500   -0.0007753700   -0.0067696900
   0.0070655800   -0.0006208400   -0.0059078800
   0.0064163400   -0.0006505400   -0.0059194800
   0.0054653700   -0.0007846400   -0.0056151600
   0.0064220000   -0.0007502900   -0.0059932000
   0.0065271900   -0.0005334000   -0.0060452800
   0.0065217200   -0.0004781000   -0.0058615800
   0.0063851100   -0.0006839900   -0.0059152400
  -0.0003760300   -0.0010553600    0.0043461200
  -0.0003348100    0.0025821100    0.0054374000
  -0.0002769000   -0.0009232600    0.0044955100
  -0.0003737200   -0.0011023100    0.0044086900
  -0.0002526500   -0.0008559600    0.0045278200
  -0.0001863700   -0.0010785500    0.0042454400
  -0.0001831400   -0.0011021400    0.0042713700
  -0.0002786400   -0.0009672600    0.0045109800
   0.0001984700    0.0017281200   -0.0048659200
   0.0002196600    0.0008278700   -0.0047427500
   0.0007637200    0.0020664700   -0.0040426400
   0.0002922300    0.0009535300   -0.0045111000
  -0.0003269800    0.0018930200   -0.0045929200
   0.0002010200    0.0014020400   -0.0044708800
   0.0002903900    0.0009620400   -0.0045237000
   0.0003872000    0.0008726100   -0.0046805800
  -0.0073070000    0.0009301200    0.0055465100
  -0.0064040700    0.0007554400    0.0058520700
  -0.0064629300    0.0016109700    0.0055287800
  -0.0064093500    0.0006098400    0.0058929600
  -0.0042491000    0.0027214900    0.0044497100
  -0.0063339200    0.0007387800    0.0059900300
  -0.0064082200    0.0006360200    0.0059269000
  -0.0065360800    0.0004062900    0.0058700800
  -0.0000118800    0.0052674200   -0.0026604900
   0.0000405400    0.0053515800   -0.0027225400
  -0.0017561300    0.0059262800   -0.0036559900
  -0.0000260200    0.0053501700   -0.0028388300
  -0.0047019600    0.0054484700   -0.0057291500
   0.0001145000    0.0055812400   -0.0029032800
   0.0000039300    0.0053766600   -0.0028123500
  -0.0000257700    0.0053547300   -0.0027374000
  -0.0001063600   -0.0036330400   -0.0057142500
  -0.0000115100   -0.0030950500   -0.0057941700
  -0.0000740400   -0.0035523200   -0.0058210300
   0.0002115400   -0.0033553800   -0.0064252400
  -0.0007620100   -0.0039708800   -0.0041239600
  -0.0002757600   -0.0034654100   -0.0061907200
  -0.0000487000   -0.0035601400   -0.0056520200
  -0.0000566900   -0.0035243900   -0.0057999800
  -0.0025911200   -0.0007618700    0.0003463900
  -0.0014966100    0.0001180200   -0.0001181600
  -0.0016904900    0.0002174900   -0.0002218000
  -0.0013687200    0.0000506300    0.0000249900
  -0.0015225400   -0.0002374900    0.0007886900
  -0.0013916200    0.0000212500    0.0000384700
  -0.0014300300    0.0000391200   -0.0000917100
  -0.0020281800   -0.0000107400   -0.0005443700
   0.0016349200    0.0003473400   -0.0004678100
   0.0016063800    0.0003586200   -0.0004261900
   0.0017327300    0.0004508800   -0.0005317900
   0.0016902000   -0.0011225700    0.0010040100
   0.0011263100   -0.0025449700    0.0026252900
   0.0015539200    0.0002731500   -0.0004763400
   0.0015678000    0.0003283200   -0.0004729200
   0.0015865400    0.0003432600   -0.0005097000
  -0.0059651200   -0.0003296900   -0.0057869600
  -0.0064679200   -0.0002077400   -0.0057152200
  -0.0059021000   -0.0004559200   -0.0058806000
  -0.0062219300   -0.0001918300   -0.0059994500
  -0.0058587700   -0.0005738400   -0.0058859500
  -0.0055158000   -0.0005863300   -0.0056080900
  -0.0044708900   -0.0018244000   -0.0063709800
  -0.0058562200   -0.0005033200   -0.0059010700
  -0.0000447300    0.0001417000    0.0002846300
  -0.0001181800    0.0001632400   -0.0000141400
  -0.0001672700   -0.0000109300   -0.0003487800
  -0.0000771900    0.0002969000   -0.0001272700
  -0.0009223200    0.0001958600   -0.0000725700
  -0.0004126700    0.0004770500   -0.0005779800
  -0.0000938500    0.0002047200   -0.0000872300
  -0.0000567400    0.0001675400   -0.0000079400
   0.0058748200    0.0004569400   -0.0059091700
   0.0060281700    0.0003978800   -0.0059850100
   0.0059568900    0.0003453000   -0.0059444700
   0.0061937700    0.0007520000   -0.0059111600
   0.0161281600    0.0212603500   -0.0116861500
   0.0059826900    0.0004374900   -0.0059752100
   0.0059679700    0.0003911100   -0.0060233500
   0.0059071200    0.0003823200   -0.0060122500
  -0.0017207000   -0.0002269000   -0.0003910600
  -0.0018524600   -0.0005251100   -0.0004022400
  -0.0018633200   -0.0001514700   -0.0004228600
  -0.0015649500   -0.0000917500   -0.0001726200
  -0.0018268800   -0.0001459500   -0.0002218200
  -0.0003148700    0.0003259700   -0.0003752300
  -0.0019781500   -0.0003404100   -0.0003748500
  -0.0018109800   -0.0001500000   -0.0003828900
   0.0014948300   -0.0002245600    0.0002841700
   0.0014906100   -0.0002725600    0.0002104900
   0.0011126200   -0.0005404600    0.0008178100
   0.0012766800   -0.0004548200    0.0005468500
  -0.0302373800    0.0045460800   -0.0232310400
   0.0014924200   -0.0003194000    0.0003815500
   0.0014678700   -0.0002423900    0.0002999600
   0.0015011300   -0.0002623700    0.0002596100
  -0.0000966600    0.0033620200   -0.0055106900
  -0.0001266100    0.0033263200   -0.0055303900
  -0.0000921900    0.0032318400   -0.0053413900
  -0.0002022300    0.0035118800   -0.0054623600
   0.0024157800    0.0112980500   -0.0019814600
  -0.0000699000    0.0035849600   -0.0054469600
  -0.0000913000    0.0033650500   -0.0055212500
  -0.0000875000    0.0033985500   -0.0054653400
  -0.0000662800   -0.0054956600   -0.0028252700
  -0.0001360900   -0.0053260400   -0.0026996700
  -0.0001643600   -0.0057201800   -0.0025998800
  -0.0001337100   -0.0053311900   -0.0026059100
   0.0002128700   -0.0060907400   -0.0025810300
  -0.0000322200   -0.0050757600   -0.0022364100
  -0.0000902200   -0.0051862700   -0.0028726900
  -0.0001568200   -0.0053030700   -0.0027026600
   0.0060944500   -0.0002667300    0.0057995200
   0.0059756100   -0.0001822600    0.0059286300
   0.0061309000   -0.0003046300    0.0057586200
   0.0060005900   -0.0004493700    0.0055685300
   0.0026266200   -0.0029416100   -0.0028420000
   0.0060210200   -0.0004589300    0.0058898400
   0.0060618900   -0.0002696700    0.0058002800
   0.0060849500   -0.0003098000    0.0058123800
  -0.0000167600   -0.0014424900   -0.0049202400
  -0.0000653300   -0.0013664900   -0.0051235400
   0.0000226000   -0.0015395600   -0.0050075000
  -0.0000688500   -0.0016364700   -0.0048738500
  -0.0014822600    0.0017960000   -0.0083840700
  -0.0001060800   -0.0016945100   -0.0049708800
  -0.0000167000   -0.0014413100   -0.0049188400
   0.0000007000   -0.0015245400   -0.0049484800
  -0.0001412800    0.0000141200    0.0023056600
   0.0000588400    0.0000444500    0.0013576900
   0.0000431000   -0.0001224700    0.0011754600
  -0.0001082500    0.0006568500    0.0030513600
  -0.0000022200    0.0000594300    0.0011916000
   0.0000073900    0.0000159300    0.0013736500
   0.0000271900   -0.0000519100    0.0013716100
  -0.0000378600    0.0000223600    0.0013985400
  -0.0002958700   -0.0003633800   -0.0011618900
   0.0000175800    0.0000514600   -0.0014517200
  -0.0000133500   -0.0000681000   -0.0013869900
   0.0000119000    0.0000528100   -0.0012788700
   0.0001394300    0.0004730200   -0.0012922400
  -0.0000348900    0.0000170500   -0.0012785500
   0.0002927800   -0.0003638500   -0.0012197900
  -0.0000341500    0.0001020000   -0.0012854500

9    
 -0.0040564153977520   0.0070817950687708   0.0057787258738250
  -0.0205674600    0.0403505000    0.0095208900
   0.0001530600    0.0018451500    0.0046975400
   0.0000774200    0.0015731500    0.0048825400
   0.0000441000    0.0014666500    0.0049003500
   0.0000412000    0.0014617000    0.0048513500
   0.0000437700    0.0014866000    0.0047928000
   0.0000856900    0.0014569900    0.0048584000
  -0.0000120200    0.0015848000    0.0048495600
   0.0395047700   -0.1207774100   -0.1220070700
  -0.0061041000    0.0003924600   -0.0058031100
  -0.0060873400    0.0003253000   -0.0058000400
  -0.0060664200    0.0003099900   -0.0057869700
  -0.0061082700    0.0003243000   -0.0058072200
  -0.0061312800    0.0003279200   -0.0058615300
  -0.0060785400    0.0003563800   -0.0058150600
  -0.0061335200    0.0004503400   -0.0058053900
   0.0001534900    0.0054254100    0.0024852300
   0.0007120000    0.0071340500    0.0051418800
   0.0002150900    0.0052301200    0.0027357000
   0.0001719600    0.0051144600    0.0027056100
   0.0001768500    0.0052132500    0.0027143900
   0.0001809800    0.0052151400    0.0027149700
   0.0003293300    0.0052799200    0.0025736700
   0.0002910300    0.0049824400    0.0028506000
   0.0019102400   -0.0007803200    0.0007451500
   0.0001357300   -0.0034581100    0.0054331200
   0.0001573900   -0.0036405900    0.0056782300
   0.0001191600   -0.0034079300    0.0054802600
   0.0000996400   -0.0033925800    0.0054741800
   0.0001003200   -0.0034015500    0.0053233600
   0.0001481800   -0.0034156200    0.0054751300
   0.0000842700   -0.0034029000    0.0054666200
  -0.0192584600    0.0142504000    0.0412806600
  -0.0016479600    0.0001951300    0.0000436900
  -0.0014059100    0.0002144400   -0.0003103900
  -0.0014854200    0.0002920400   -0.0003470400
  -0.0014269600    0.0001958600   -0.0002912900
  -0.0013495500    0.0001839400   -0.0003291100
  -0.0016471700   -0.0000824200   -0.0002881800
  -0.0014794500    0.0002584500   -0.0002633500
   0.0019480300    0.0000852400    0.0003861000
   0.0017552600   -0.0000979500    0.0004719800
   0.0038446500    0.0012980700    0.0036712500
   0.0018425700    0.0001074900    0.0004966700
   0.0017819100    0.0002075000    0.0002687100
   0.0018794000   -0.0000358000    0.0006424300
   0.0017101500    0.0001094400    0.0004945900
   0.0017944100    0.0000900300    0.0005873200
  -0.0066402400   -0.0049024000    0.0095736600
  -0.0058135400   -0.0004596200    0.0059696700
  -0.0058389500   -0.0003229300    0.0059686500
  -0.0057281800   -0.0003853900    0.0060990100
  -0.0058474800   -0.0003389700    0.0059938600
  -0.0057272000   -0.0003555300    0.0061531700
  -0.0057652200   -0.0004343700    0.0060646600
  -0.0058707300   -0.0004401500    0.0059872000
  -0.0001222200   -0.0006052800    0.0006796500
  -0.0018327500    0.0028603400    0.0011895000
   0.0000929000   -0.0002507200    0.0001517600
   0.0000320700   -0.0002858300    0.0002515600
   0.0000763000   -0.0002171200    0.0001357700
   0.0001035300   -0.0002428000    0.0001448200
   0.0000756500   -0.0003155500    0.0004645500
   0.0000585500   -0.0001958700    0.0001238200
   0.0058051000    0.0007538000    0.0061204700
   0.0057277000    0.0005437900    0.0060904300
   0.0051481100    0.0180456900    0.0325006500
   0.0058468800    0.0004649900    0.0058954800
   0.0060086700    0.0009115900    0.0062376600
   0.0057183200    0.0007063500    0.0060069900
   0.0058553700    0.0004802300    0.0059210600
   0.0059149300    0.0003467500    0.0058807500
  -0.0025947200    0.0048593700    0.0011720200
  -0.0016558500   -0.0003650000    0.0005077900
  -0.0015942800   -0.0003448500    0.0005473900
  -0.0016509000   -0.0003028500    0.0005883400
  -0.0016338100   -0.0003179900    0.0005417500
  -0.0016093200   -0.0002997600    0.0005504600
  -0.0014206000   -0.0003865200    0.0007217500
  -0.0016174800   -0.0002609700    0.0005025600
   0.0012721900    0.0002011100    0.0000270200
   0.0013330100    0.0002651400   -0.0000982000
   0.0013431700    0.0000578100    0.0000348100
   0.0046928200    0.0020925600    0.0063611900
   0.0008296500    0.0000403600    0.0002897700
   0.0012392800    0.0002859600    0.0002642900
   0.0013724100    0.0000879700   -0.0001114800
   0.0013727400    0.0000456600   -0.0000877300
  -0.0009957500    0.0036794700    0.0054281000
   0.0002510100    0.0035139700    0.0057140800
  -0.0032512000    0.0016307400    0.0026588800
   0.0000333100    0.0035898600    0.0058339900
   0.0002911100    0.0036810900    0.0056503800
   0.0000967800    0.0036224100    0.0058440700
   0.0000386700    0.0036044800    0.0058310800
  -0.0000733400    0.0034436100    0.0058686200
  -0.0014598600   -0.0045385500    0.0082893100
  -0.0001959000   -0.0047916700    0.0021832000
  -0.0000643300   -0.0052960700    0.0027981400
   0.0000343600   -0.0051467900    0.0029413000
  -0.0000698800   -0.0052894600    0.0027831500
  -0.0000594700   -0.0053029800    0.0028124500
  -0.0007211900   -0.0044478600    0.0034026500
  -0.0001016400   -0.0053358700    0.0028011600
   0.0074088400   -0.0003841400   -0.0054143200
   0.0064207300   -0.0007759700   -0.0059184600
   0.0064663000   -0.0006710200   -0.0059721700
   0.0073267800    0.0001377200   -0.0047141700
   0.0064047700   -0.0009312600   -0.0060369700
   0.0064485100   -0.0006603400   -0.0059448800
   0.0064440800   -0.0007097400   -0.0060011900
   0.0064508100   -0.0006424000   -0.0059368200
  -0.0005655800   -0.0005298800    0.0040722400
  -0.0001875900   -0.0011046100    0.0044100700
  -0.0003110200   -0.0008635800    0.0044640500
  -0.0017969500   -0.0003866500    0.0047470800
  -0.0003506000   -0.0009486800    0.0044896100
  -0.0003546200   -0.0008591400    0.0045053800
  -0.0002899300   -0.0006817600    0.0044511300
  -0.0002967800   -0.0008540100    0.0044385700
   0.0001811300    0.0007918600   -0.0044909800
   0.0005114300    0.0009092600   -0.0045489300
   0.0020069700    0.0017748100   -0.0019171600
   0.0003306500    0.0008379400   -0.0044524700
  -0.0005289800    0.0011431400   -0.0037991700
   0.0008275600    0.0021234700   -0.0043236200
   0.0003231300    0.0008493200   -0.0044688600
   0.0002616800    0.0009110400   -0.0043742000
  -0.0064502000    0.0003826600    0.0060134100
  -0.0065094000    0.0005779000    0.0058396300
  -0.0075633100    0.0010240800    0.0021205900
  -0.0064338200    0.0006928100    0.0059315000
  -0.0098613900    0.0017694800    0.0046745900
  -0.0062140300    0.0006208400    0.0061392600
  -0.0064486500    0.0006878700    0.0059351500
  -0.0063368300    0.0007132500    0.0058839900
   0.0000688000    0.0052708300   -0.0027742500
   0.0000545500    0.0053029900   -0.0028111900
   0.0004094100    0.0061894300   -0.0024713100
   0.0000602400    0.0053271700   -0.0027839700
   0.0003691900    0.0061044500   -0.0037580800
   0.0000033000    0.0050090000   -0.0026110700
   0.0001252900    0.0053070500   -0.0028071700
   0.0000532500    0.0052947300   -0.0028212000
  -0.0000904600   -0.0035264600   -0.0060555600
   0.0000778400   -0.0035606800   -0.0057400000
  -0.0000700400   -0.0036127500   -0.0058521200
   0.0002408300   -0.0032371100   -0.0046221700
   0.0022119800   -0.0022339000   -0.0020039200
  -0.0001390900   -0.0035541400   -0.0061387300
  -0.0000864600   -0.0036022500   -0.0059403200
  -0.0000415000   -0.0035581300   -0.0058397200
  -0.0012620800    0.0000523500    0.0000806200
  -0.0013693300   -0.0001862900    0.0001962600
  -0.0023694900   -0.0003100800   -0.0013228000
  -0.0013242300   -0.0000449200    0.0000733400
  -0.0012842100   -0.0003224300    0.0000394800
  -0.0013490900   -0.0001377500   -0.0000578700
  -0.0013138600   -0.0000574600   -0.0000179800
  -0.0011944300    0.0000129600    0.0005245400
   0.0016331800    0.0003130000   -0.0005663500
   0.0015597800    0.0002744700   -0.0004859100
   0.0022592000   -0.0000487800   -0.0008172300
   0.0016905400    0.0003862500   -0.0005217300
   0.0051663900   -0.0023318400   -0.0024529900
   0.0016094000    0.0003522100   -0.0005938400
   0.0016308100    0.0003405300   -0.0005516900
   0.0016062300    0.0003031600   -0.0005430000
  -0.0059480100   -0.0004936500   -0.0059360900
  -0.0058108700   -0.0003333000   -0.0060059000
  -0.0058463400   -0.0004481700   -0.0058956000
  -0.0060135300   -0.0001661700   -0.0056609600
  -0.0058558300   -0.0005350800   -0.0062209700
  -0.0056987400   -0.0005744800   -0.0058584100
  -0.0058125000   -0.0002040000   -0.0055725200
  -0.0058454400   -0.0004543300   -0.0058997300
  -0.0000882100    0.0001194400   -0.0000411100
  -0.0000679700    0.0002030000   -0.0001051200
  -0.0007639800   -0.0001614700   -0.0002537200
  -0.0000745400    0.0002653500   -0.0001626400
  -0.0001856300   -0.0000258800   -0.0004665900
  -0.0002422600    0.0005252100    0.0007331500
  -0.0000984900    0.0002960900   -0.0001532700
  -0.0000864000    0.0002273900   -0.0001789100
   0.0058653700    0.0004004200   -0.0059742400
   0.0059130500    0.0003935400   -0.0059894300
   0.0060465700    0.0005633700   -0.0059832800
   0.0058643900    0.0004156900   -0.0060263300
  -0.0075079200    0.0017294400    0.0030188300
   0.0058626200    0.0003825700   -0.0059857600
   0.0058907000    0.0004009000   -0.0059942100
   0.0058623100    0.0003771400   -0.0059961300
  -0.0018888200    0.0000221100   -0.0004927200
  -0.0018763700   -0.0000966600   -0.0003223100
  -0.0018534700   -0.0001200600   -0.0005046200
  -0.0024181700    0.0011008500   -0.0005666600
  -0.0016614300   -0.0006608800   -0.0007919700
  -0.0015794800   -0.0004597200   -0.0013674800
  -0.0018329600   -0.0000506800   -0.0005132300
  -0.0018427900   -0.0000921800   -0.0005040500
   0.0014607200   -0.0002034800    0.0002830900
   0.0013525900   -0.0002606700    0.0002747600
   0.0012836400   -0.0000148600   -0.0000998800
   0.0014167700   -0.0002873700    0.0002982900
  -0.0044226800    0.0007698300   -0.0033065100
   0.0015229700   -0.0001449000    0.0002319800
   0.0013626400   -0.0002501800    0.0003094100
   0.0014164700   -0.0002137000    0.0003139900
  -0.0000993100    0.0033793900   -0.0054695000
  -0.0001830300    0.0033145700   -0.0055035600
  -0.0001774800    0.0035612600   -0.0055208500
   0.0000137000    0.0033252300   -0.0053379200
   0.0110460000    0.0306129500    0.0082940800
  -0.0000914500    0.0034011900   -0.0054646800
  -0.0001021100    0.0034215100   -0.0054744200
  -0.0000893700    0.0033626500   -0.0054801500
  -0.0000478000   -0.0054934200   -0.0029083800
  -0.0001671300   -0.0052298600   -0.0027383800
   0.0001962000   -0.0048688400   -0.0027932100
  -0.0001543500   -0.0052470900   -0.0026852100
  -0.0003864800   -0.0050548200   -0.0025788300
   0.0001691300   -0.0053173600   -0.0039724300
  -0.0002775700   -0.0048640000   -0.0030697400
  -0.0001770300   -0.0052356200   -0.0027285000
   0.0061092300   -0.0003089300    0.0058106100
   0.0063472200   -0.0005978000    0.0055681100
   0.0060678400   -0.0004028400    0.0058788000
   0.0060493800   -0.0003361900    0.0058092600
   0.0038660800    0.0030428800    0.0081387000
   0.0061271500   -0.0003653600    0.0057769400
   0.0061258600   -0.0002966200    0.0059636500
   0.0061004500   -0.0003210800    0.0058123000
  -0.0000567400   -0.0014552600   -0.0048662700
  -0.0001237400   -0.0013753100   -0.0050382300
  -0.0000442800   -0.0014182900   -0.0047168500
  -0.0001399900   -0.0016845700   -0.0047008200
   0.0031311800   -0.0012028900    0.0025905800
  -0.0000062200   -0.0014910200   -0.0048511600
  -0.0000685900   -0.0014450600   -0.0048653500
  -0.0000337900   -0.0014555600   -0.0048490700
  -0.0000450200   -0.0001543500    0.0015979700
   0.0000316900   -0.0000354400    0.0014116800
  -0.0001001400   -0.0004818300    0.0001411600
   0.0000924100    0.0000299700    0.0015061000
  -0.0000084200   -0.0001182800    0.0013676500
   0.0000423100    0.0000018900    0.0013468400
   0.0000039400    0.0000091300    0.0013967500
   0.0000083000   -0.0000385300    0.0013653100
  -0.0000549800    0.0001746700   -0.0013550300
  -0.0000259400   -0.0000347600   -0.0013832400
   0.0001159300   -0.0000289800   -0.0014129600
  -0.0000656500   -0.0000183700   -0.0014075300
  -0.0004640800    0.0000496100   -0.0013980000
  -0.0000207500    0.0000057900   -0.0013945700
   0.0003108500   -0.0002064300   -0.0011771200
  -0.0000017500   -0.0000455500   -0.0014579700

9    
  0.0040564153977520  -0.0070817950687708  -0.0057787258738250
   0.0193575400   -0.0352130700   -0.0000896700
  -0.0001041400    0.0010500400    0.0050074600
  -0.0000241900    0.0013310000    0.0048192900
   0.0000096300    0.0014371100    0.0047999900
   0.0000124600    0.0014419700    0.0048499100
   0.0000096600    0.0014171100    0.0049072800
  -0.0000314200    0.0014478800    0.0048443400
   0.0000656900    0.0013179400    0.0048518300
  -0.0498031600    0.1205283500    0.1140738400
  -0.0060579700    0.0002358900   -0.0058293700
  -0.0060746600    0.0003044200   -0.0058341700
  -0.0060955900    0.0003193400   -0.0058467600
  -0.0060535500    0.0003052400   -0.0058268500
  -0.0060306000    0.0003011300   -0.0057726000
  -0.0060823300    0.0002723100   -0.0058182500
  -0.0060281200    0.0001781200   -0.0058272700
   0.0001635200    0.0049795900    0.0029767500
  -0.0004139400    0.0032399400    0.0003073200
   0.0000958900    0.0051729100    0.0027260800
   0.0001385500    0.0052897900    0.0027558200
   0.0001337800    0.0051903100    0.0027472100
   0.0001297800    0.0051878500    0.0027450000
  -0.0000170400    0.0051233300    0.0028870100
   0.0000186200    0.0054209400    0.0026107900
  -0.0016639500   -0.0060139000    0.0102013600
   0.0000719800   -0.0033278600    0.0055313800
   0.0000483100   -0.0031492300    0.0052850500
   0.0000874100   -0.0033796000    0.0054831200
   0.0001068500   -0.0033957100    0.0054897900
   0.0001072200   -0.0033868000    0.0056398400
   0.0000587400   -0.0033707000    0.0054880800
   0.0001216200   -0.0033858700    0.0054969500
   0.0169379100   -0.0141045400   -0.0445175200
  -0.0012276000    0.0002070100   -0.0007047800
  -0.0014618100    0.0001970100   -0.0003508200
  -0.0013825200    0.0001200700   -0.0003152700
  -0.0014410800    0.0002159900   -0.0003701600
  -0.0015184900    0.0002283700   -0.0003331000
  -0.0012227000    0.0004948500   -0.0003717700
  -0.0013894500    0.0001541100   -0.0003972300
   0.0016663300    0.0000689800    0.0005866100
   0.0018465700    0.0002495900    0.0005164500
  -0.0002119000   -0.0011635300   -0.0026735100
   0.0017655000    0.0000472100    0.0004788600
   0.0018259100   -0.0000543200    0.0007078700
   0.0017275600    0.0001902200    0.0003308400
   0.0018972400    0.0000446900    0.0004827700
   0.0018130800    0.0000636400    0.0003895900
  -0.0051495600    0.0041312600    0.0024367600
  -0.0059956400   -0.0003191700    0.0060320400
  -0.0059714600   -0.0004543900    0.0060339600
  -0.0060849700   -0.0003930300    0.0059038100
  -0.0059636100   -0.0004389500    0.0060085400
  -0.0060828200   -0.0004208000    0.0058495600
  -0.0060471700   -0.0003419100    0.0059378300
  -0.0059400300   -0.0003370600    0.0060164300
   0.0002798500    0.0001423700   -0.0003617400
   0.0019026000   -0.0032045300   -0.0009267400
   0.0000857400   -0.0002249300    0.0001642800
   0.0001446400   -0.0001860500    0.0000600300
   0.0001025200   -0.0002581000    0.0001802000
   0.0000748400   -0.0002344000    0.0001716000
   0.0001068000   -0.0001617100   -0.0001519400
   0.0001182600   -0.0002793600    0.0001911700
   0.0059469800    0.0001872400    0.0056770500
   0.0060249400    0.0003947200    0.0057121300
   0.0066375400   -0.0172394900   -0.0209243200
   0.0059064700    0.0004745300    0.0059058700
   0.0057399300    0.0000256500    0.0055645300
   0.0060312100    0.0002285200    0.0057930700
   0.0058977900    0.0004598500    0.0058801100
   0.0058384300    0.0005939200    0.0059212000
  -0.0007421700   -0.0057740200    0.0001417900
  -0.0015352500   -0.0002129700    0.0005750500
  -0.0015991000   -0.0002337500    0.0005342100
  -0.0015427100   -0.0002762300    0.0004931200
  -0.0015607300   -0.0002610700    0.0005396700
  -0.0015842300   -0.0002789300    0.0005314400
  -0.0017737000   -0.0001970000    0.0003560700
  -0.0015736300   -0.0003170200    0.0005822200
   0.0014272600   -0.0001142600   -0.0002142500
   0.0013653700   -0.0001880300   -0.0000870500
   0.0013559600    0.0000205100   -0.0002226300
  -0.0019850500   -0.0020037700   -0.0065299900
   0.0018685700    0.0000355100   -0.0004778600
   0.0014574600   -0.0002037600   -0.0004511600
   0.0013271300   -0.0000056100   -0.0000747000
   0.0013274000    0.0000349600   -0.0000983200
   0.0011036200    0.0034855200    0.0062307100
  -0.0001403100    0.0036517200    0.0059320800
   0.0033368600    0.0055197600    0.0090027900
   0.0000714600    0.0035721300    0.0058158200
  -0.0001852800    0.0034809800    0.0059987000
   0.0000072400    0.0035419500    0.0058072900
   0.0000654900    0.0035575400    0.0058189200
   0.0001768000    0.0037186700    0.0057817900
   0.0014427600   -0.0060328900   -0.0027452200
   0.0001354800   -0.0057524600    0.0034162100
  -0.0000240000   -0.0052651700    0.0028116600
  -0.0001206900   -0.0054139700    0.0026685700
  -0.0000182100   -0.0052716600    0.0028267800
  -0.0000286200   -0.0052584300    0.0027977000
   0.0006429900   -0.0061128500    0.0022201000
   0.0000132700   -0.0052262000    0.0028087100
   0.0054384900   -0.0009561800   -0.0064550600
   0.0064220200   -0.0005610000   -0.0059559700
   0.0063735300   -0.0006686200   -0.0059016600
   0.0055167100   -0.0014805000   -0.0071458000
   0.0064362600   -0.0004018900   -0.0058360800
   0.0063943900   -0.0006803400   -0.0059303300
   0.0063956200   -0.0006297800   -0.0058720400
   0.0063894000   -0.0006976000   -0.0059372300
  -0.0000176300   -0.0011586300    0.0048073500
  -0.0004088000   -0.0005711800    0.0044857000
  -0.0002839300   -0.0008138600    0.0044276400
   0.0012009800   -0.0012929300    0.0041581800
  -0.0002440500   -0.0007272400    0.0044023700
  -0.0002402700   -0.0008177900    0.0043847900
  -0.0003061700   -0.0009959100    0.0044410100
  -0.0002986100   -0.0008228600    0.0044528500
   0.0004141800    0.0008855000   -0.0044018000
   0.0000835300    0.0007700100   -0.0043456100
  -0.0013873800   -0.0000894600   -0.0069780600
   0.0002638500    0.0008395800   -0.0044391000
   0.0011291700    0.0005330200   -0.0050963300
  -0.0002343800   -0.0004515200   -0.0045657000
   0.0002713700    0.0008275900   -0.0044225000
   0.0003323700    0.0007668100   -0.0045174400
  -0.0063886900    0.0009547200    0.0058575100
  -0.0063295800    0.0007638900    0.0060309600
  -0.0052754000    0.0003311300    0.0097359100
  -0.0064061600    0.0006460500    0.0059422500
  -0.0030025900   -0.0004431900    0.0072175100
  -0.0066220200    0.0007205600    0.0057328500
  -0.0063913500    0.0006514100    0.0059384200
  -0.0065042700    0.0006284800    0.0059903100
   0.0000193900    0.0052899500   -0.0028354100
   0.0000352400    0.0052583000   -0.0027980400
  -0.0003450000    0.0043473900   -0.0031444300
   0.0000279800    0.0052339300   -0.0028259800
  -0.0002730000    0.0044582800   -0.0018458700
   0.0000888300    0.0055565000   -0.0030098500
  -0.0000363300    0.0052549400   -0.0028015500
   0.0000353900    0.0052665100   -0.0027893600
  -0.0000150600   -0.0036335900   -0.0055948800
  -0.0001814800   -0.0035995800   -0.0059104400
  -0.0000342300   -0.0035488300   -0.0057975300
  -0.0003337800   -0.0039160100   -0.0070216200
  -0.0023452600   -0.0049881000   -0.0096667600
   0.0000398600   -0.0036057700   -0.0055124100
  -0.0000176800   -0.0035582600   -0.0057101600
  -0.0000626200   -0.0036043400   -0.0058102700
  -0.0014390900   -0.0001340500    0.0001047500
  -0.0013328700    0.0001058000   -0.0000176800
  -0.0003326400    0.0002318100    0.0015097500
  -0.0013753000   -0.0000360600    0.0001125900
  -0.0014165000    0.0002402800    0.0001472900
  -0.0013499500    0.0000569700    0.0002440500
  -0.0013871100   -0.0000243100    0.0002029200
  -0.0014979400   -0.0000983000   -0.0003368800
   0.0015612000    0.0002662900   -0.0005152500
   0.0016337600    0.0003043400   -0.0005954100
   0.0009157500    0.0006326500   -0.0002635200
   0.0015001200    0.0001890400   -0.0005570000
  -0.0019605100    0.0028922000    0.0013838500
   0.0015850100    0.0002259300   -0.0004882500
   0.0015629000    0.0002382600   -0.0005296900
   0.0015872700    0.0002756900   -0.0005394700
  -0.0058052900   -0.0004467000   -0.0058656700
  -0.0059438200   -0.0006060200   -0.0057952300
  -0.0059068000   -0.0004918200   -0.0059053400
  -0.0057434900   -0.0007754500   -0.0061402500
  -0.0058967600   -0.0004069000   -0.0055775800
  -0.0060553400   -0.0003648600   -0.0059432200
  -0.0059477100   -0.0007321900   -0.0062312200
  -0.0059070100   -0.0004858000   -0.0059011400
  -0.0000903200    0.0003553900   -0.0002731200
  -0.0001119300    0.0002714600   -0.0002084900
   0.0005895400    0.0006419300   -0.0000524900
  -0.0001064900    0.0002101100   -0.0001531400
   0.0000055800    0.0005101700    0.0001558500
   0.0000818000   -0.0000117300   -0.0010162400
  -0.0000797500    0.0001784300   -0.0001619800
  -0.0000929500    0.0002491500   -0.0001366300
   0.0059443200    0.0003779800   -0.0060282400
   0.0058964900    0.0003847800   -0.0060132800
   0.0057678400    0.0002140900   -0.0060209300
   0.0059470600    0.0003616000   -0.0059761300
   0.0190415500   -0.0010198900   -0.0151173100
   0.0059477200    0.0003932900   -0.0060163100
   0.0059197300    0.0003758400   -0.0060084700
   0.0059482700    0.0004001700   -0.0060063700
  -0.0017177700   -0.0001794200   -0.0004820600
  -0.0017319600   -0.0000580100   -0.0006516500
  -0.0017544000   -0.0000335500   -0.0004706300
  -0.0011892300   -0.0012520300   -0.0004075600
  -0.0019558800    0.0005116600   -0.0001723300
  -0.0020325400    0.0003066000    0.0003926100
  -0.0017727900   -0.0001019100   -0.0004626500
  -0.0017637100   -0.0000614000   -0.0004726200
   0.0014077600   -0.0002086000    0.0003776700
   0.0015153700   -0.0001510900    0.0003846500
   0.0015863600   -0.0003990100    0.0007624100
   0.0014513900   -0.0001243700    0.0003624600
   0.0072542000   -0.0011963000    0.0039554700
   0.0013413500   -0.0002682700    0.0004318700
   0.0015069400   -0.0001603400    0.0003515300
   0.0014512800   -0.0001975000    0.0003467100
  -0.0001074400    0.0034087800   -0.0054951200
  -0.0000240100    0.0034727700   -0.0054612200
  -0.0000278000    0.0032242300   -0.0054416000
  -0.0002207000    0.0034622700   -0.0056258300
  -0.0120199000   -0.0243758200   -0.0198573600
  -0.0001152500    0.0033876300   -0.0054988700
  -0.0001048300    0.0033672000   -0.0054889600
  -0.0001170200    0.0034251300   -0.0054839800
  -0.0002622600   -0.0049111000   -0.0025560400
  -0.0001439500   -0.0051742600   -0.0027229200
  -0.0005105900   -0.0055399300   -0.0026699900
  -0.0001577700   -0.0051555600   -0.0027769000
   0.0000771800   -0.0053547800   -0.0028805500
  -0.0004933200   -0.0051002400   -0.0015040800
  -0.0000354400   -0.0055359800   -0.0023950800
  -0.0001344700   -0.0051675700   -0.0027320600
   0.0060530900   -0.0003201700    0.0058235800
   0.0058157800   -0.0000316600    0.0060665800
   0.0060954200   -0.0002254100    0.0057548200
   0.0061125200   -0.0002930700    0.0058237200
   0.0083161100   -0.0036822300    0.0035081500
   0.0060338800   -0.0002643000    0.0058581100
   0.0060349800   -0.0003327200    0.0056678000
   0.0060616000   -0.0003079200    0.0058211800
   0.0000030700   -0.0014471500   -0.0048342200
   0.0000689100   -0.0015266200   -0.0046642300
  -0.0000112300   -0.0014869400   -0.0049848000
   0.0000891700   -0.0012203300   -0.0050010100
  -0.0032125100   -0.0017294400   -0.0124109900
  -0.0000473700   -0.0014124800   -0.0048485100
   0.0000149900   -0.0014582400   -0.0048356400
  -0.0000190700   -0.0014468400   -0.0048517900
   0.0000871000    0.0001523500    0.0011427500
   0.0000094000    0.0000288800    0.0013350000
   0.0001656700    0.0004559900    0.0026214700
  -0.0000519800   -0.0000336900    0.0012432500
   0.0000497300    0.0001100800    0.0013778800
  -0.0000018600   -0.0000074000    0.0013995400
   0.0000364500   -0.0000160500    0.0013491900
   0.0000323700    0.0000309500    0.0013815800
   0.0000135200   -0.0001686100   -0.0013902100
  -0.0000150700    0.0000417100   -0.0013629700
  -0.0001565300    0.0000343800   -0.0013342200
   0.0000253800    0.0000272600   -0.0013373500
   0.0004374800   -0.0000139700   -0.0013722400
  -0.0000201400    0.0000022500   -0.0013512000
  -0.0003555700    0.0002172000   -0.0015710900
  -0.0000391600    0.0000533200   -0.0012839500

9    
  0.0040564153977520  -0.0070817950687708   0.0057787258738250
   0.0232573800   -0.0339519100    0.0155004800
  -0.0002061300    0.0012454100    0.0049905300
  -0.0000428300    0.0015024800    0.0048323700
   0.0000177100    0.0014636500    0.0048599300
   0.0000021300    0.0014347500    0.0048768800
   0.0000226000    0.0014499600    0.0049234300
   0.0002024200    0.0014469400    0.0048922100
  -0.0000366400    0.0014725600    0.0049172100
  -0.1161828100    0.1283729700   -0.1818640500
  -0.0060840500    0.0002458900   -0.0058338300
  -0.0061014800    0.0003285600   -0.0058481200
  -0.0060762800    0.0003379500   -0.0057959900
  -0.0060798700    0.0002991700   -0.0058179300
  -0.0060654400    0.0002375300   -0.0058076800
  -0.0059222600    0.0002704400   -0.0056993700
  -0.0059604300    0.0001045500   -0.0056686900
   0.0004965500    0.0050220200    0.0029438400
  -0.0003358900    0.0038292800    0.0011288600
   0.0001036800    0.0051904700    0.0027443100
   0.0001626700    0.0053084700    0.0026980400
   0.0001461500    0.0052355800    0.0027903600
   0.0001464900    0.0052549000    0.0027088200
   0.0001334600    0.0052912500    0.0026257200
   0.0000608400    0.0052858300    0.0024293400
   0.0033825600   -0.0093840300    0.0127122700
   0.0000971500   -0.0033489900    0.0055193100
  -0.0002628000   -0.0032758300    0.0050825700
   0.0001031000   -0.0033700200    0.0054872600
   0.0000927000   -0.0034018400    0.0054987700
   0.0002024800   -0.0034074900    0.0055681100
   0.0000225000   -0.0033664600    0.0054800300
   0.0001123900   -0.0033987700    0.0054886700
   0.0057520800   -0.0055314300    0.0186653500
  -0.0014790800    0.0000828500   -0.0004044200
  -0.0014429000    0.0002194400   -0.0003747100
  -0.0014870000    0.0002257500   -0.0002731000
  -0.0014539300    0.0001970800   -0.0003401500
  -0.0014689000    0.0002265700   -0.0003615800
  -0.0014358300    0.0004408700   -0.0001263600
  -0.0012578700    0.0001635100   -0.0003891500
   0.0017346400    0.0003267100    0.0003733600
   0.0018497900   -0.0000158900    0.0004399200
   0.0030016400   -0.0002236700    0.0026852500
   0.0018914400    0.0001008500    0.0004116100
   0.0015376000    0.0001008800    0.0006586100
   0.0016347200    0.0000088500    0.0001370800
   0.0019635900    0.0000731300    0.0002130900
   0.0017568800    0.0000641900    0.0004005500
  -0.0032190300   -0.0007428300    0.0141676000
  -0.0059150400   -0.0003337300    0.0059684700
  -0.0059114500   -0.0004640800    0.0059925900
  -0.0060881700   -0.0003101500    0.0060040500
  -0.0059881100   -0.0004416500    0.0059682100
  -0.0059306800   -0.0003629600    0.0059768900
  -0.0059515700   -0.0002550900    0.0058954700
  -0.0059114600   -0.0003482600    0.0059511900
  -0.0000764100    0.0001871600    0.0001706100
  -0.0017044900   -0.0005198600   -0.0005813200
   0.0000929000   -0.0001999300    0.0001171900
   0.0000643700   -0.0003354400    0.0001883000
   0.0000612400   -0.0002194500    0.0001280700
   0.0000632100   -0.0001986300    0.0000887200
   0.0000248000   -0.0005226000    0.0000689200
  -0.0000608000   -0.0002536600    0.0000761700
   0.0057869900    0.0001626100    0.0057469800
   0.0058943800    0.0003238500    0.0059122100
   0.0513876000   -0.0144655100    0.0676290200
   0.0059207400    0.0004332400    0.0059078600
   0.0056898900    0.0004024000    0.0066582300
   0.0057015600    0.0001119600    0.0058610700
   0.0059038500    0.0004654600    0.0058832500
   0.0059261400    0.0006007500    0.0059515700
  -0.0050658400   -0.0290128600    0.0284002100
  -0.0015573600   -0.0002223900    0.0005529700
  -0.0015128800   -0.0001706200    0.0005278100
  -0.0015504600   -0.0003125100    0.0004646900
  -0.0016157300   -0.0002628400    0.0005020100
  -0.0016292900   -0.0002984200    0.0005192000
  -0.0016322500   -0.0003177400    0.0003526700
  -0.0016034200   -0.0001795100    0.0005591700
   0.0011683800    0.0001114100    0.0000344200
   0.0013540000   -0.0001768700    0.0000304800
   0.0011501400   -0.0000586100   -0.0002604800
   0.0007103100    0.0009443800    0.0006092000
   0.0019797300   -0.0009030300   -0.0002121000
   0.0010759300   -0.0000792100   -0.0000175400
   0.0013583400   -0.0000013600   -0.0000435900
   0.0013192700   -0.0000178200   -0.0000618400
   0.0006545600    0.0036784400    0.0070642200
   0.0001033900    0.0037011900    0.0057416700
   0.0025292100    0.0049481900    0.0099322800
   0.0000701800    0.0035532900    0.0058090900
  -0.0002836200    0.0039140400    0.0058658200
  -0.0000356900    0.0034946100    0.0057379000
   0.0000444000    0.0035398600    0.0058262200
   0.0001169900    0.0035957700    0.0058449700
   0.0009530300   -0.0062490600   -0.0015438700
   0.0011865400   -0.0054970300    0.0026758400
  -0.0000301600   -0.0052801900    0.0028254200
  -0.0000601900   -0.0053170200    0.0025593600
  -0.0000226100   -0.0052665500    0.0028038600
  -0.0000254100   -0.0053666800    0.0027825700
  -0.0000475000   -0.0058784100    0.0026785400
  -0.0000257600   -0.0051811000    0.0028839100
   0.0066394200   -0.0016622800   -0.0057453700
   0.0063844400   -0.0005925900   -0.0059343100
   0.0064047100   -0.0006554200   -0.0059797200
   0.0062726700   -0.0013086100   -0.0064395700
   0.0063712400   -0.0005324600   -0.0061570000
   0.0062883300   -0.0006095100   -0.0059040900
   0.0063140300   -0.0006398500   -0.0058462500
   0.0063596300   -0.0006680400   -0.0058828200
   0.0000175700   -0.0015318000    0.0046589600
  -0.0006177700   -0.0007913900    0.0045376700
  -0.0002838100   -0.0008879500    0.0044776400
   0.0006936000   -0.0005858500    0.0045991900
  -0.0003398000   -0.0008098300    0.0045409400
  -0.0002890400   -0.0009637100    0.0043714600
  -0.0003124400   -0.0010309900    0.0046902000
  -0.0002627400   -0.0009125100    0.0045370800
   0.0004092500    0.0008879100   -0.0045102800
   0.0002275600    0.0009616300   -0.0043450000
   0.0003411700    0.0016273600   -0.0049213600
   0.0002522000    0.0008724700   -0.0044625900
   0.0003891400    0.0004976200   -0.0047409200
  -0.0001531200    0.0000861200   -0.0043941400
   0.0002681900    0.0009380400   -0.0044683100
   0.0003558000    0.0007933700   -0.0043610300
  -0.0062212900    0.0007109600    0.0058490500
  -0.0063924800    0.0007178600    0.0059155700
  -0.0048802200   -0.0000548000    0.0064796400
  -0.0064103600    0.0006390100    0.0059363300
  -0.0087307500   -0.0001818500    0.0039366000
  -0.0064157400    0.0007018800    0.0057229000
  -0.0063998400    0.0006481100    0.0059324400
  -0.0065349300    0.0006698800    0.0058737100
   0.0000298700    0.0052788500   -0.0028443400
   0.0000226500    0.0053245100   -0.0028257400
  -0.0004181500    0.0055225800   -0.0040061300
   0.0000309300    0.0052759800   -0.0028315500
  -0.0004498400    0.0045731100   -0.0017189800
   0.0001521700    0.0050710200   -0.0026807100
   0.0000114700    0.0052896600   -0.0028177300
   0.0000578400    0.0052967000   -0.0027724200
  -0.0000038300   -0.0034522500   -0.0056761600
  -0.0001571900   -0.0035178200   -0.0058423500
  -0.0000649100   -0.0035418000   -0.0057936500
  -0.0000312800   -0.0044638900   -0.0059512000
  -0.0043190500   -0.0046323100   -0.0103798500
  -0.0000342800   -0.0035275200   -0.0057002600
  -0.0000294900   -0.0035039300   -0.0057520500
  -0.0000565000   -0.0035928100   -0.0058074800
  -0.0014387800    0.0002447800    0.0002641100
  -0.0014045800    0.0001456900   -0.0001644800
  -0.0019037300   -0.0001682000    0.0008343400
  -0.0013273200   -0.0000111600    0.0000837100
  -0.0014024300    0.0001358500   -0.0000442700
  -0.0013895800    0.0000932000    0.0000851600
  -0.0013421300    0.0000034400    0.0001385300
  -0.0009474600   -0.0003164500   -0.0001400300
   0.0015775300    0.0002571800   -0.0005066900
   0.0017066400    0.0003469500   -0.0004771600
   0.0009212100    0.0005283300   -0.0003876100
   0.0013959500    0.0004533200   -0.0005244400
   0.0047122400    0.0008937000    0.0048045100
   0.0015818100    0.0002703800   -0.0005832700
   0.0015133600    0.0002591000   -0.0005419800
   0.0015620500    0.0002885700   -0.0005692300
  -0.0059439300   -0.0004814400   -0.0059232900
  -0.0060176500   -0.0005946800   -0.0060486500
  -0.0058730400   -0.0004809500   -0.0058601300
  -0.0055307400   -0.0008637900   -0.0054398600
  -0.0060670200   -0.0003166100   -0.0062330700
  -0.0060208300   -0.0003747800   -0.0060011300
  -0.0056202700   -0.0007446500   -0.0055251600
  -0.0059082400   -0.0004789900   -0.0058938800
  -0.0000696300    0.0002362500   -0.0001654600
  -0.0001029300    0.0002718100   -0.0001347800
   0.0007724300    0.0006636700   -0.0004218200
  -0.0001219500    0.0002089600   -0.0001226900
   0.0001330500    0.0004272900    0.0002486300
   0.0004388200   -0.0000165600    0.0001738700
  -0.0001111100    0.0001224300   -0.0001230600
  -0.0000759600    0.0002977700   -0.0002110600
   0.0059287800    0.0003849900   -0.0060155900
   0.0058517400    0.0004142700   -0.0059993100
   0.0058031900    0.0002184600   -0.0060237400
   0.0058951600    0.0004076500   -0.0059699600
   0.0183182600   -0.0052129600    0.0088261000
   0.0059308200    0.0003537900   -0.0060097200
   0.0059237700    0.0004044600   -0.0059954100
   0.0059792100    0.0003874300   -0.0060060700
  -0.0017753100   -0.0002182400   -0.0004835300
  -0.0018131300   -0.0001049000   -0.0004306000
  -0.0018422200   -0.0001098800   -0.0004075800
  -0.0024451900   -0.0009940900   -0.0008207800
  -0.0018399700    0.0002721700   -0.0000292900
  -0.0019870700    0.0002551400   -0.0000119600
  -0.0016855800   -0.0000819600   -0.0004626600
  -0.0018476200   -0.0000975400   -0.0004000800
   0.0014477800   -0.0002000300    0.0003444500
   0.0014664000   -0.0002265700    0.0003125900
   0.0019429400   -0.0002747600    0.0005623100
   0.0014408000   -0.0001643100    0.0003386900
   0.0092211300   -0.0016108300    0.0054266600
   0.0013928900   -0.0002115800    0.0001715100
   0.0014060400   -0.0002680300    0.0004466000
   0.0014766800   -0.0002078300    0.0002933600
  -0.0001036100    0.0034019600   -0.0054943800
  -0.0000952800    0.0033885700   -0.0054595100
  -0.0000776000    0.0032941600   -0.0054405900
  -0.0003104500    0.0034141600   -0.0057795300
   0.0089446500   -0.0111306200    0.0097521100
  -0.0001098700    0.0033813800   -0.0054975500
  -0.0000905900    0.0034184500   -0.0054843200
  -0.0000733200    0.0033792500   -0.0054538900
  -0.0001560900   -0.0049924200   -0.0027991000
  -0.0001528800   -0.0053244100   -0.0027060200
  -0.0008128300   -0.0056642200   -0.0025497600
  -0.0002045400   -0.0052142700   -0.0027360500
  -0.0000326200   -0.0054089500   -0.0028137200
  -0.0004732300   -0.0052965900   -0.0038233300
   0.0001819900   -0.0054423400   -0.0030671300
  -0.0001620800   -0.0052380500   -0.0027185200
   0.0060977000   -0.0003241400    0.0058465000
   0.0060258100   -0.0001079700    0.0058078600
   0.0059347400   -0.0003455500    0.0059115500
   0.0061448300   -0.0003887900    0.0059494300
   0.0062790900   -0.0030973800    0.0060114600
   0.0060631600   -0.0003364100    0.0058857600
   0.0061522400   -0.0001727200    0.0058518100
   0.0060948700   -0.0002692900    0.0057882600
  -0.0000111600   -0.0014739400   -0.0048228100
  -0.0000543300   -0.0015087200   -0.0047763800
   0.0000113200   -0.0015135600   -0.0049168000
  -0.0000455700   -0.0015714400   -0.0048451500
   0.0043278500   -0.0013451700    0.0000798000
  -0.0000452500   -0.0013955800   -0.0049745600
   0.0000068500   -0.0014785300   -0.0048231200
   0.0000451200   -0.0014338100   -0.0048740800
   0.0001941000    0.0003189200    0.0010568900
   0.0000354900    0.0000119600    0.0014271600
   0.0013122300   -0.0013517700    0.0011851900
  -0.0001458200    0.0000767300    0.0013702900
   0.0002844900    0.0003227400    0.0015070400
   0.0000983900    0.0000679400    0.0014832600
  -0.0000085800   -0.0000103800    0.0013493100
   0.0000285000    0.0000059700    0.0013471200
  -0.0000933800   -0.0002312900   -0.0011990400
  -0.0000668100    0.0000149000   -0.0013591800
   0.0000600200   -0.0000151700   -0.0013782100
   0.0000411500    0.0000680200   -0.0012665900
  -0.0023078600   -0.0032431600   -0.0002858800
  -0.0000456200    0.0000189500   -0.0014095100
  -0.0003930200    0.0002746400   -0.0015357100
  -0.0000041700   -0.0000100100   -0.0013874200

9    
 -0.0040564153977520   0.0070817950687708  -0.0057787258738250
  -0.0245625000    0.0391768600   -0.0058454400
   0.0002593800    0.0016564000    0.0047118600
   0.0000965500    0.0014008500    0.0048685800
   0.0000363300    0.0014394100    0.0048404200
   0.0000521400    0.0014685400    0.0048238200
   0.0000314000    0.0014536100    0.0047777700
  -0.0001500200    0.0014599100    0.0048137900
   0.0000902500    0.0014289700    0.0047844800
   0.1030634800   -0.1322197800    0.1690454400
  -0.0060787500    0.0003835100   -0.0058007000
  -0.0060603700    0.0003012700   -0.0057854900
  -0.0060864000    0.0002917900   -0.0058382500
  -0.0060821800    0.0003305400   -0.0058158600
  -0.0060966900    0.0003914900   -0.0058258400
  -0.0062410900    0.0003578900   -0.0059331700
  -0.0061991000    0.0005232300   -0.0059636300
  -0.0001852700    0.0053849900    0.0025150900
   0.0006585200    0.0065586400    0.0043020600
   0.0002082300    0.0052121100    0.0027167200
   0.0001484900    0.0050961900    0.0027663800
   0.0001653700    0.0051672300    0.0026710600
   0.0001655300    0.0051478300    0.0027512500
   0.0001785500    0.0051107600    0.0028360700
   0.0002516300    0.0051133700    0.0030326100
  -0.0032763300    0.0027788700   -0.0019364000
   0.0001095500   -0.0034375700    0.0054444500
   0.0004653100   -0.0035094000    0.0058773700
   0.0001036700   -0.0034175900    0.0054768500
   0.0001141100   -0.0033867200    0.0054650400
   0.0000044000   -0.0033793800    0.0053964700
   0.0001854800   -0.0034185200    0.0054822500
   0.0000943100   -0.0033902300    0.0054755400
  -0.0084841500    0.0059166300   -0.0192133400
  -0.0013822700    0.0003298800   -0.0002593700
  -0.0014244200    0.0001925100   -0.0002861600
  -0.0013787700    0.0001856800   -0.0003892000
  -0.0014134400    0.0002144400   -0.0003213000
  -0.0013989500    0.0001846800   -0.0002992800
  -0.0014309700   -0.0000295400   -0.0005359700
  -0.0016083300    0.0002482600   -0.0002724900
   0.0018794300   -0.0001770800    0.0006032200
   0.0017574700    0.0001712300    0.0005433000
   0.0006208600    0.0003629600   -0.0016829400
   0.0017167000    0.0000532200    0.0005648300
   0.0020705300    0.0000533100    0.0003158100
   0.0019728900    0.0001463500    0.0008375700
   0.0016393400    0.0000807200    0.0007639200
   0.0018500600    0.0000896900    0.0005764400
  -0.0085877300    0.0000450800   -0.0022932600
  -0.0058960900   -0.0004431100    0.0060349500
  -0.0058986100   -0.0003131600    0.0060102600
  -0.0057244400   -0.0004669700    0.0059974300
  -0.0058230800   -0.0003358800    0.0060355100
  -0.0058788800   -0.0004143600    0.0060252800
  -0.0058607300   -0.0005228600    0.0061078000
  -0.0058973000   -0.0004296100    0.0060513800
   0.0002452000   -0.0006603300    0.0001434500
   0.0018957100    0.0000395400    0.0008717000
   0.0000857600   -0.0002758100    0.0001990700
   0.0001144600   -0.0001305100    0.0001209700
   0.0001179300   -0.0002563600    0.0001883400
   0.0001149600   -0.0002783200    0.0002276800
   0.0001541200    0.0000442900    0.0002433200
   0.0002364800   -0.0002190800    0.0002372000
   0.0059659700    0.0007843200    0.0060520900
   0.0058584400    0.0006160000    0.0058884300
  -0.0378939700    0.0157874300   -0.0535870600
   0.0058314000    0.0005071000    0.0058932500
   0.0060614400    0.0005391000    0.0051395800
   0.0060489500    0.0008250000    0.0059390500
   0.0058490600    0.0004748600    0.0059187400
   0.0058269400    0.0003401700    0.0058503200
   0.0025235200    0.0299207800   -0.0285300800
  -0.0016387700   -0.0003563100    0.0005295200
  -0.0016801700   -0.0004074300    0.0005542600
  -0.0016436000   -0.0002668700    0.0006169900
  -0.0015790000   -0.0003163500    0.0005804900
  -0.0015643700   -0.0002805100    0.0005638800
  -0.0015616800   -0.0002643200    0.0007296900
  -0.0015902900   -0.0003980000    0.0005227000
   0.0015330100   -0.0000274100   -0.0002212700
   0.0013443100    0.0002583000   -0.0002173300
   0.0015497700    0.0001392300    0.0000745400
   0.0019617800   -0.0008574600   -0.0008435400
   0.0007146100    0.0009852200    0.0000240600
   0.0016238500    0.0001628200   -0.0001677800
   0.0013407400    0.0000833300   -0.0001411700
   0.0013813800    0.0000995900   -0.0001246300
  -0.0005573100    0.0034868700    0.0045741600
   0.0000015500    0.0034622300    0.0059065500
  -0.0023719800    0.0022195200    0.0018043100
   0.0000339500    0.0036093400    0.0058410700
   0.0003918200    0.0032431300    0.0057818200
   0.0001390300    0.0036699600    0.0059131300
   0.0000597300    0.0036233500    0.0058239300
  -0.0000117700    0.0035654200    0.0058061000
  -0.0010407100   -0.0042879800    0.0071939000
  -0.0013021300   -0.0050510500    0.0029458400
  -0.0000589900   -0.0052810500    0.0027837200
  -0.0000247800   -0.0052473100    0.0030522500
  -0.0000660800   -0.0052945100    0.0028063500
  -0.0000636500   -0.0051934100    0.0028276100
  -0.0000423700   -0.0046888200    0.0029412400
  -0.0000642800   -0.0053812600    0.0027270300
   0.0062042200    0.0003265000   -0.0061341200
   0.0064566400   -0.0007462300   -0.0059393300
   0.0064352500   -0.0006843300   -0.0058940600
   0.0065659200   -0.0000334600   -0.0054368600
   0.0064699200   -0.0007980800   -0.0057135800
   0.0065540700   -0.0007300300   -0.0059701900
   0.0065248900   -0.0006997700   -0.0060273200
   0.0064811700   -0.0006715100   -0.0059918900
  -0.0006099200   -0.0001496700    0.0042250000
   0.0000296000   -0.0008839800    0.0043599300
  -0.0003112500   -0.0007886300    0.0044136600
  -0.0012697100   -0.0010979600    0.0043273900
  -0.0002541000   -0.0008641800    0.0043498900
  -0.0003052400   -0.0007128500    0.0045203300
  -0.0002836700   -0.0006463700    0.0042033500
  -0.0003327800   -0.0007637700    0.0043528900
   0.0001847600    0.0007913600   -0.0043830500
   0.0003678800    0.0007155900   -0.0045501100
   0.0002443300    0.0000398300   -0.0039953900
   0.0003429100    0.0008044300   -0.0044287800
   0.0002027600    0.0011834300   -0.0041455100
   0.0007502400    0.0015943600   -0.0044971200
   0.0003271900    0.0007387200   -0.0044226200
   0.0002405300    0.0008837800   -0.0045283800
  -0.0066203800    0.0006282800    0.0060250600
  -0.0064487500    0.0006238300    0.0059574200
  -0.0079447700    0.0013868600    0.0054131700
  -0.0064297300    0.0007001900    0.0059377900
  -0.0040907900    0.0015380600    0.0079407800
  -0.0064231100    0.0006393600    0.0061508200
  -0.0064406500    0.0006912600    0.0059409700
  -0.0063067100    0.0006703500    0.0059998700
   0.0000587200    0.0052804000   -0.0027661500
   0.0000672700    0.0052360300   -0.0027830700
   0.0004882900    0.0050332400   -0.0015790600
   0.0000580000    0.0052851600   -0.0027780700
   0.0005428700    0.0059902100   -0.0039020400
  -0.0000650200    0.0054909700   -0.0029359300
   0.0000779300    0.0052715400   -0.0027917400
   0.0000312600    0.0052638800   -0.0028386400
  -0.0001021200   -0.0037092000   -0.0059747800
   0.0000557400   -0.0036438000   -0.0058082300
  -0.0000394300   -0.0036208300   -0.0058565100
  -0.0000623500   -0.0027116400   -0.0056941000
   0.0042162900   -0.0025808600   -0.0012895600
  -0.0000708300   -0.0036335200   -0.0059500800
  -0.0000742100   -0.0036556500   -0.0058958200
  -0.0000469000   -0.0035695000   -0.0058431200
  -0.0012561000   -0.0003304700   -0.0000782700
  -0.0012958400   -0.0002275400    0.0003482800
  -0.0007764100    0.0000790600   -0.0006280800
  -0.0013716900   -0.0000703700    0.0001024800
  -0.0012967100   -0.0002195300    0.0002325500
  -0.0013099200   -0.0001738200    0.0001004800
  -0.0013578900   -0.0000857500    0.0000462800
  -0.0017472900    0.0002322100    0.0003256800
   0.0016178100    0.0003224700   -0.0005756300
   0.0014889500    0.0002322900   -0.0006045000
   0.0022709200    0.0000499000   -0.0006999800
   0.0017949500    0.0001198100   -0.0005572400
  -0.0015870800   -0.0003260200   -0.0058804700
   0.0016127900    0.0003080000   -0.0005000300
   0.0016797300    0.0003198000   -0.0005405200
   0.0016322700    0.0002906100   -0.0005137500
  -0.0058095400   -0.0004578700   -0.0058761000
  -0.0057343500   -0.0003426500   -0.0057544700
  -0.0058792100   -0.0004590500   -0.0059410200
  -0.0062226900   -0.0000804300   -0.0063630500
  -0.0056854200   -0.0006260700   -0.0055679700
  -0.0057309400   -0.0005655400   -0.0057994500
  -0.0061355400   -0.0002110600   -0.0062732300
  -0.0058439600   -0.0004607500   -0.0059073000
  -0.0001099900    0.0002409800   -0.0001486300
  -0.0000768200    0.0002029000   -0.0001793300
  -0.0009961700   -0.0001978500    0.0000945900
  -0.0000573100    0.0002665400   -0.0001939400
  -0.0003104700    0.0000531500   -0.0005616200
  -0.0006097200    0.0005108700   -0.0004717500
  -0.0000673300    0.0003521500   -0.0001924300
  -0.0001035600    0.0001792900   -0.0001050900
   0.0058806400    0.0003922500   -0.0059869600
   0.0059585000    0.0003634300   -0.0060041200
   0.0060010800    0.0005547900   -0.0059790900
   0.0059121300    0.0003707000   -0.0060330900
  -0.0067351200    0.0060251100   -0.0207510900
   0.0058791600    0.0004231400   -0.0059917600
   0.0058862600    0.0003725400   -0.0060074200
   0.0058313200    0.0003898600   -0.0059969500
  -0.0018324700    0.0000631800   -0.0004916900
  -0.0017966400   -0.0000493400   -0.0005457900
  -0.0017659500   -0.0000437700   -0.0005689700
  -0.0011715400    0.0008405600   -0.0001606100
  -0.0017743400   -0.0004255200   -0.0009429200
  -0.0016154700   -0.0004131200   -0.0009726900
  -0.0019193400   -0.0000720500   -0.0005129100
  -0.0017589500   -0.0000566700   -0.0005782400
   0.0014192200   -0.0002111700    0.0003169900
   0.0014010500   -0.0001848700    0.0003469000
   0.0009106600   -0.0001404500    0.0000870400
   0.0014260000   -0.0002477800    0.0003228500
  -0.0064876700    0.0012995800   -0.0048522600
   0.0014731900   -0.0001992900    0.0004928700
   0.0014625600   -0.0001419500    0.0002143700
   0.0013906900   -0.0002031500    0.0003674900
  -0.0001033500    0.0033863600   -0.0054701300
  -0.0001111700    0.0033996100   -0.0055042700
  -0.0001288500    0.0034935000   -0.0055243900
   0.0000999200    0.0033702800   -0.0051918900
  -0.0089075700    0.0180675300   -0.0203941700
  -0.0000967100    0.0034073900   -0.0054659500
  -0.0001165400    0.0033703200   -0.0054799000
  -0.0001331500    0.0034086500   -0.0055098100
  -0.0001574500   -0.0054116100   -0.0026616800
  -0.0001585400   -0.0050785700   -0.0027549800
   0.0005229100   -0.0047245600   -0.0029257400
  -0.0001070500   -0.0051880800   -0.0027255800
  -0.0002784200   -0.0049995500   -0.0026457700
   0.0001557500   -0.0051130200   -0.0016594300
  -0.0004958000   -0.0049616300   -0.0023959400
  -0.0001495300   -0.0051637000   -0.0027420800
   0.0060646700   -0.0003050300    0.0057872300
   0.0061375200   -0.0005233600    0.0058269500
   0.0062294000   -0.0002845200    0.0057215300
   0.0060158400   -0.0002415500    0.0056843500
   0.0059115300    0.0024748200    0.0056591800
   0.0060991200   -0.0002919500    0.0057483800
   0.0060097500   -0.0004542300    0.0057812800
   0.0060668600   -0.0003601600    0.0058454000
  -0.0000430500   -0.0014284500   -0.0048783700
   0.0000012000   -0.0013939300   -0.0049232900
  -0.0000650800   -0.0013907400   -0.0047835600
  -0.0000137300   -0.0013378700   -0.0048593000
  -0.0043380400   -0.0016066700   -0.0098132100
  -0.0000075500   -0.0015075900   -0.0047239000
  -0.0000609500   -0.0014250300   -0.0048792000
  -0.0000987100   -0.0014681400   -0.0048274500
  -0.0001536500   -0.0003210000    0.0016886500
   0.0000057700   -0.0000193300    0.0013181500
  -0.0012301200    0.0013090800    0.0015602300
   0.0001856600   -0.0000809500    0.0013759700
  -0.0002475700   -0.0003336500    0.0012401900
  -0.0000568600   -0.0000740500    0.0012632100
   0.0000489300    0.0000042300    0.0013970000
   0.0000119800   -0.0000141300    0.0013988500
   0.0000513300    0.0002401500   -0.0015479600
   0.0000254800   -0.0000090200   -0.0013878900
  -0.0001012800    0.0000210400   -0.0013669800
  -0.0000816300   -0.0000601700   -0.0014786600
   0.0021966900    0.0031540900   -0.0024039000
   0.0000049100   -0.0000114200   -0.0013372100
   0.0003539600   -0.0002665400   -0.0012078100
  -0.0000365500    0.0000165000   -0.0013580400

9    
  0.0040564153977520   0.0070817950687708  -0.0057787258738250
  -0.0077133200    0.0210217700   -0.0007678000
   0.0001681100    0.0014443700    0.0047781400
   0.0000515900    0.0014259100    0.0048117600
   0.0000237800    0.0013910400    0.0047620500
   0.0000281100    0.0013996800    0.0047977200
  -0.0000073400    0.0013620900    0.0047980000
  -0.0001058800    0.0014268700    0.0048636000
   0.0000854800    0.0013585000    0.0047883100
  -0.0470384600   -0.1292774000    0.1259458400
  -0.0060640900    0.0003802100   -0.0058185800
  -0.0060127300    0.0003367300   -0.0058043900
  -0.0060627900    0.0003108600   -0.0058243300
  -0.0060546000    0.0003300100   -0.0058343500
  -0.0061288700    0.0003354800   -0.0058502300
  -0.0061212500    0.0003359100   -0.0058201300
  -0.0061411200    0.0004587600   -0.0059169900
  -0.0001747100    0.0051826200    0.0026828700
   0.0000924800    0.0049854300    0.0019705900
   0.0001969200    0.0051410900    0.0027795600
   0.0001374900    0.0049500700    0.0026305400
   0.0001380500    0.0051307200    0.0026922300
   0.0001311800    0.0051089200    0.0027525800
   0.0000680300    0.0051508500    0.0027646600
   0.0001883600    0.0050696100    0.0032259900
  -0.0045194200    0.0019485300    0.0009481400
   0.0000937700   -0.0033854900    0.0054961400
   0.0004176700   -0.0035847100    0.0056841200
   0.0000877200   -0.0034013200    0.0054674200
   0.0001170200   -0.0033734600    0.0055108600
  -0.0000653800   -0.0033792400    0.0055233000
   0.0001269600   -0.0033654900    0.0054534500
   0.0000990700   -0.0034182100    0.0055044000
   0.0081707000    0.0005122100   -0.0274892000
  -0.0014375000    0.0003311000   -0.0003263800
  -0.0014323200    0.0001845800   -0.0003698800
  -0.0014591200    0.0001242300   -0.0002980400
  -0.0014307900    0.0001998500   -0.0003799900
  -0.0014269900    0.0001709400   -0.0003278800
  -0.0013558600    0.0000334500   -0.0006942900
  -0.0015785200    0.0002112100   -0.0003767300
   0.0018370700   -0.0004174800    0.0006620800
   0.0017529400    0.0001295700    0.0005163800
  -0.0021654900   -0.0003283600   -0.0039473100
   0.0017102900    0.0000308800    0.0005693700
   0.0019785100   -0.0000747500    0.0004581000
   0.0018992500    0.0001683200    0.0008297500
   0.0017293700    0.0000850000    0.0004575200
   0.0017082800    0.0000507000    0.0007022200
  -0.0075024700    0.0013664400   -0.0036740700
  -0.0058982000   -0.0004636800    0.0060156500
  -0.0058959500   -0.0003940100    0.0060283500
  -0.0059102000   -0.0005636700    0.0060007800
  -0.0058200900   -0.0003777200    0.0059946600
  -0.0059273100   -0.0005004300    0.0059190200
  -0.0060670200   -0.0005102200    0.0060417700
  -0.0059004000   -0.0004840400    0.0059947400
   0.0003249800   -0.0001753300    0.0002494800
   0.0022240200    0.0013749100   -0.0000736900
   0.0001001100   -0.0002387300    0.0002359700
   0.0002150800   -0.0006138000    0.0003721700
   0.0000806200   -0.0002610100    0.0001864600
   0.0000959500   -0.0002689900    0.0002290400
  -0.0000078600   -0.0002661200   -0.0000070300
   0.0001574600   -0.0002271700    0.0002939700
   0.0061248800    0.0006816900    0.0058188300
   0.0059431000    0.0006641900    0.0057973600
   0.0048794900    0.0166783400   -0.0239881700
   0.0058598700    0.0005195800    0.0058980000
   0.0061022200    0.0003322100    0.0051086500
   0.0062100400    0.0007244500    0.0058262800
   0.0058758400    0.0005020500    0.0059296100
   0.0058595800    0.0003292700    0.0059118700
   0.0146921500    0.0416807800   -0.0352384000
  -0.0016009400   -0.0003152300    0.0005559100
  -0.0015839300   -0.0003317600    0.0005671200
  -0.0015406600   -0.0002398700    0.0006227700
  -0.0015975700   -0.0002817400    0.0006090200
  -0.0015933200   -0.0002672700    0.0005704200
  -0.0015258800   -0.0003499100    0.0004113900
  -0.0015621900   -0.0004714700    0.0005822500
   0.0016479700    0.0001247500   -0.0004430000
   0.0014364400    0.0001141600   -0.0002398400
   0.0014810900    0.0001373000   -0.0001306500
   0.0017180900   -0.0003611900   -0.0007755100
   0.0011177800    0.0010620100   -0.0000074800
   0.0017585500    0.0002399400   -0.0003792000
   0.0014199800    0.0001264800   -0.0001679600
   0.0013852600    0.0000946900   -0.0002042100
   0.0001933100    0.0038390800    0.0045770400
   0.0001420800    0.0036349600    0.0060321100
  -0.0004083300    0.0025166000    0.0021112500
   0.0000544500    0.0036196500    0.0058450300
   0.0002949700    0.0033343700    0.0059715700
   0.0001434500    0.0035616700    0.0059323200
   0.0000759900    0.0036571300    0.0058437700
   0.0001269200    0.0034928200    0.0057974500
  -0.0010190800   -0.0043245000    0.0022772900
  -0.0010029900   -0.0053451000    0.0026367300
  -0.0000497100   -0.0052258300    0.0028153800
  -0.0002601800   -0.0051838500    0.0030843900
  -0.0000371100   -0.0052325800    0.0028257300
  -0.0000553200   -0.0051542000    0.0028142900
  -0.0003193500   -0.0058227400    0.0034379700
  -0.0000561800   -0.0053046000    0.0027821300
   0.0059145900    0.0007534400   -0.0066656100
   0.0065722600   -0.0006653400   -0.0059114000
   0.0063949500   -0.0006766100   -0.0059130900
   0.0062748000    0.0002359400   -0.0062765200
   0.0064286200   -0.0008075500   -0.0056660200
   0.0064494900   -0.0007221400   -0.0059111100
   0.0064212000   -0.0006712900   -0.0059514600
   0.0064065000   -0.0006687600   -0.0059683000
  -0.0000206600   -0.0006575900    0.0039221700
  -0.0000337400   -0.0002019000    0.0043998800
  -0.0002861600   -0.0007529600    0.0043880800
  -0.0009656700   -0.0014894000    0.0026046800
  -0.0002784100   -0.0008133200    0.0042789500
  -0.0003230300   -0.0006210000    0.0045441200
  -0.0000491700   -0.0006045600    0.0044745000
  -0.0003235500   -0.0007828300    0.0043421800
   0.0002285100    0.0009473300   -0.0044323400
   0.0002461700    0.0006182400   -0.0046829500
   0.0032043200    0.0012989600   -0.0004069200
   0.0002979500    0.0007597700   -0.0043938200
   0.0003578800    0.0010031600   -0.0038890100
   0.0008094500    0.0003720400   -0.0042181900
   0.0002883600    0.0007099500   -0.0044037200
   0.0002602200    0.0008232000   -0.0044196300
  -0.0066290200    0.0007418600    0.0058752800
  -0.0063318800    0.0008097300    0.0059760000
  -0.0059110800    0.0019190400    0.0094427700
  -0.0063889300    0.0007001200    0.0059419200
  -0.0020923700    0.0011783800    0.0076683400
  -0.0064336400    0.0005061900    0.0060302000
  -0.0063992000    0.0007047500    0.0059416500
  -0.0061891500    0.0006741800    0.0060407800
   0.0000470200    0.0051945400   -0.0027825700
   0.0000886100    0.0051517000   -0.0027871700
   0.0021394800    0.0088058700   -0.0041384700
   0.0000369800    0.0052288900   -0.0027843900
   0.0013761600    0.0059366800   -0.0027136900
  -0.0003342100    0.0056558700   -0.0028649400
   0.0000521200    0.0052198900   -0.0028149000
   0.0000464600    0.0052461400   -0.0028622600
  -0.0002392300   -0.0037402600   -0.0059423500
   0.0000052600   -0.0035673300   -0.0058935000
  -0.0000250200   -0.0036223500   -0.0058663500
   0.0004681400   -0.0029882000   -0.0058315000
   0.0043253600   -0.0025449600   -0.0030455900
  -0.0001302500   -0.0036575200   -0.0057695700
  -0.0001282600   -0.0036196200   -0.0059075600
  -0.0000434400   -0.0035912800   -0.0058737400
  -0.0014872900   -0.0003050500    0.0002250300
  -0.0014778800   -0.0001372100   -0.0000228100
  -0.0000100000    0.0006164300   -0.0003955100
  -0.0013620300   -0.0000745600    0.0001682100
  -0.0014702800   -0.0001379500    0.0002949600
  -0.0013017200   -0.0000876800    0.0001277600
  -0.0013190100   -0.0001010600    0.0001332700
  -0.0018336800    0.0004688500    0.0006205900
   0.0016042400    0.0002788600   -0.0005716800
   0.0015175400    0.0003147500   -0.0007303400
   0.0016595800    0.0003431800   -0.0004728100
   0.0017969400    0.0001825400   -0.0005107000
   0.0029707300    0.0022574500   -0.0009885000
   0.0015596600    0.0002424400   -0.0005000400
   0.0015911100    0.0002787200   -0.0005943100
   0.0015700600    0.0002576400   -0.0005747700
  -0.0059060800   -0.0005899700   -0.0058528700
  -0.0060053000   -0.0003088300   -0.0058073100
  -0.0058687500   -0.0004825200   -0.0059181800
  -0.0059162300   -0.0001450000   -0.0061358100
  -0.0060110900   -0.0005606400   -0.0056874300
  -0.0058289900   -0.0005085800   -0.0058979300
  -0.0058326500   -0.0001052100   -0.0061280200
  -0.0058726800   -0.0004833000   -0.0059093100
  -0.0000700200    0.0002686100   -0.0001355400
  -0.0001193500    0.0001942900   -0.0001611000
  -0.0010532500   -0.0007966700   -0.0007053300
  -0.0001341700    0.0002313700   -0.0002435300
  -0.0000664600    0.0002564100   -0.0005311500
  -0.0005437000   -0.0000585300   -0.0000876200
  -0.0000754500    0.0002526600   -0.0001419700
  -0.0000909000    0.0002052200   -0.0001818900
   0.0058595200    0.0004212000   -0.0059908000
   0.0058516300    0.0003872200   -0.0059724100
   0.0057259900    0.0005765000   -0.0060087500
   0.0058999400    0.0004146900   -0.0060223100
   0.0186426000    0.0062401400   -0.0202590800
   0.0058663400    0.0004473000   -0.0059575400
   0.0058646200    0.0004190400   -0.0059972400
   0.0059193300    0.0004035700   -0.0060194300
  -0.0017402500   -0.0000832600   -0.0004724200
  -0.0017827900   -0.0000708400   -0.0005549500
  -0.0017682000   -0.0000227700   -0.0005378000
  -0.0007258200    0.0008836700    0.0002072300
  -0.0019769600   -0.0003845200   -0.0008926900
  -0.0020247000   -0.0001266200   -0.0004157400
  -0.0018465500   -0.0000180200   -0.0006343100
  -0.0018058400    0.0000041500   -0.0005455200
   0.0014236600   -0.0002055700    0.0003718100
   0.0014743800   -0.0001164800    0.0004118000
   0.0009039200   -0.0004111300    0.0006326900
   0.0014139100   -0.0001981800    0.0004457500
  -0.0010734500   -0.0044850700   -0.0005249100
   0.0016429200   -0.0001955600    0.0005371000
   0.0014166700   -0.0001581800    0.0003139600
   0.0014133400   -0.0001844500    0.0004016800
  -0.0001163800    0.0033888100   -0.0055111100
  -0.0001181800    0.0033828400   -0.0055714400
  -0.0001206700    0.0034025100   -0.0054921800
  -0.0000323200    0.0033700300   -0.0052972000
   0.0069797200    0.0273152600   -0.0051128200
  -0.0000821700    0.0034144600   -0.0055029800
  -0.0000920200    0.0034117000   -0.0054978900
  -0.0001186300    0.0033953500   -0.0055242700
  -0.0002717900   -0.0052563000   -0.0025993100
  -0.0001336300   -0.0050734400   -0.0027835900
   0.0007095500   -0.0045741900   -0.0026299000
  -0.0001212300   -0.0051367400   -0.0027552000
  -0.0003640600   -0.0049029400   -0.0026634100
   0.0009852500   -0.0050852300   -0.0011121200
  -0.0005533200   -0.0050057400   -0.0023551700
  -0.0001287100   -0.0051256700   -0.0027637300
   0.0060547100   -0.0003041600    0.0058185500
   0.0058433500   -0.0005072800    0.0059741400
   0.0061778900   -0.0002378700    0.0056070800
   0.0059997300   -0.0003062100    0.0057074000
   0.0085094000    0.0025800000    0.0042193900
   0.0060383900   -0.0002900900    0.0057685800
   0.0061031100   -0.0004163700    0.0058628000
   0.0060599400   -0.0003611400    0.0058688600
  -0.0000138600   -0.0013559400   -0.0048279300
   0.0000642600   -0.0014157000   -0.0048449400
  -0.0000564500   -0.0013745800   -0.0048411100
  -0.0001822500   -0.0013938000   -0.0046946800
  -0.0054060100   -0.0023077800   -0.0051045000
   0.0000408600   -0.0014975000   -0.0046626800
  -0.0000116400   -0.0013697400   -0.0048186900
  -0.0000579500   -0.0014109900   -0.0047911100
  -0.0000481300   -0.0002798000    0.0016164800
   0.0000120700   -0.0000203600    0.0014423700
  -0.0003468400    0.0006869700    0.0015156800
   0.0000679800   -0.0000117700    0.0013482400
  -0.0000733400   -0.0002336800    0.0013757200
  -0.0000424400   -0.0000798600    0.0012658900
   0.0000056500    0.0000079200    0.0013660700
  -0.0000026800   -0.0000405400    0.0013541700
  -0.0001050600   -0.0000175900   -0.0013018900
  -0.0000107800   -0.0000127200   -0.0013938400
  -0.0000906700    0.0000317400   -0.0013268700
  -0.0000166300    0.0000005900   -0.0014406400
   0.0009693600    0.0029862100   -0.0031310000
  -0.0000224900    0.0000067800   -0.0013793100
   0.0001755700   -0.0000840200   -0.0013125700
   0.0000305100    0.0000110600   -0.0013577000

9    
 -0.0040564153977520  -0.0070817950687708   0.0057787258738250
   0.0075041900   -0.0178898700    0.0105016000
  -0.0001145600    0.0014580500    0.0049231800
   0.0000022300    0.0014776500    0.0048894400
   0.0000302200    0.0015121600    0.0049389300
   0.0000260600    0.0015035100    0.0049034600
   0.0000611500    0.0015410800    0.0049034700
   0.0001590400    0.0014794400    0.0048413200
  -0.0000317700    0.0015439800    0.0049138500
   0.0346588800    0.1269597800   -0.1337740300
  -0.0060988100    0.0002491200   -0.0058155900
  -0.0061494000    0.0002929700   -0.0058292600
  -0.0060999200    0.0003190300   -0.0058096500
  -0.0061079600    0.0002994100   -0.0057996300
  -0.0060338600    0.0002935900   -0.0057833100
  -0.0060416200    0.0002918900   -0.0058127900
  -0.0060207100    0.0001694000   -0.0057156000
   0.0004848300    0.0052237600    0.0027788900
   0.0002287800    0.0053926200    0.0034649500
   0.0001149600    0.0052621200    0.0026820300
   0.0001739200    0.0054529100    0.0028316000
   0.0001737100    0.0052723700    0.0027687800
   0.0001807700    0.0052939700    0.0027077700
   0.0002433700    0.0052527200    0.0026949800
   0.0001252500    0.0053302200    0.0022366100
   0.0046631800   -0.0086370500    0.0099207300
   0.0001133600   -0.0034016400    0.0054669900
  -0.0002126300   -0.0032015700    0.0052800700
   0.0001192800   -0.0033867000    0.0054966700
   0.0000895300   -0.0034153000    0.0054530900
   0.0002718500   -0.0034083900    0.0054419000
   0.0000777300   -0.0034196600    0.0055082400
   0.0001072500   -0.0033701300    0.0054591400
  -0.0109243800   -0.0003664300    0.0260683400
  -0.0014270700    0.0000809600   -0.0003353100
  -0.0014347000    0.0002270200   -0.0002904000
  -0.0014067700    0.0002872800   -0.0003635800
  -0.0014364600    0.0002116900   -0.0002808100
  -0.0014404000    0.0002403500   -0.0003326300
  -0.0015087700    0.0003795300    0.0000348800
  -0.0012890500    0.0002002600   -0.0002843500
   0.0017747300    0.0005658300    0.0003152700
   0.0018554300    0.0000284300    0.0004675300
   0.0057756800    0.0004845600    0.0049478200
   0.0018980500    0.0001234200    0.0004066400
   0.0016241000    0.0002291000    0.0005177700
   0.0017088900   -0.0000116700    0.0001451600
   0.0018842600    0.0000677500    0.0005100000
   0.0018984600    0.0001050400    0.0002748600
  -0.0043359800   -0.0020902500    0.0155096500
  -0.0059125300   -0.0003132900    0.0059865300
  -0.0059140500   -0.0003831200    0.0059748300
  -0.0059000300   -0.0002127300    0.0060008100
  -0.0059916700   -0.0004004200    0.0060094400
  -0.0058825700   -0.0002773700    0.0060830400
  -0.0057444500   -0.0002674100    0.0059610900
  -0.0059093700   -0.0002940200    0.0060070400
  -0.0001509000   -0.0002968100    0.0000643500
  -0.0020334800   -0.0018546300    0.0003666100
   0.0000786100   -0.0002370200    0.0000794800
  -0.0000356900    0.0001414500   -0.0000588800
   0.0000982600   -0.0002149600    0.0001292400
   0.0000823900   -0.0002069400    0.0000867900
   0.0001870400   -0.0002118500    0.0003201900
   0.0000196400   -0.0002460200    0.0000206600
   0.0056273400    0.0002604900    0.0059780100
   0.0058097800    0.0002753800    0.0060037400
   0.0069046100   -0.0156062600    0.0355927700
   0.0058926700    0.0004206400    0.0059033800
   0.0056424900    0.0006079100    0.0066996000
   0.0055434400    0.0002104600    0.0059721800
   0.0058769000    0.0004378800    0.0058716200
   0.0058940400    0.0006120900    0.0058901400
  -0.0169289400   -0.0393075000    0.0337484200
  -0.0015943000   -0.0002639100    0.0005262400
  -0.0016097300   -0.0002473300    0.0005145700
  -0.0016535700   -0.0003391900    0.0004598600
  -0.0015969600   -0.0002981600    0.0004737100
  -0.0016007600   -0.0003119600    0.0005124400
  -0.0016685600   -0.0002305300    0.0006693300
  -0.0016310700   -0.0001062700    0.0005001800
   0.0010518100   -0.0000405500    0.0002559500
   0.0012627600   -0.0000333500    0.0000544100
   0.0012180900   -0.0000557000   -0.0000553200
   0.0009830100    0.0004489800    0.0005735800
   0.0015799500   -0.0009786400   -0.0001801400
   0.0009385500   -0.0001569400    0.0001961900
   0.0012788100   -0.0000443500   -0.0000175100
   0.0013126700   -0.0000132500    0.0000176600
  -0.0000853700    0.0033283000    0.0070704500
  -0.0000383600    0.0035275200    0.0056172400
   0.0005412800    0.0046544200    0.0095562800
   0.0000494400    0.0035427800    0.0058050800
  -0.0001897700    0.0038280500    0.0056733900
  -0.0000399000    0.0036006100    0.0057181200
   0.0000280900    0.0035053600    0.0058060600
  -0.0000213100    0.0036684500    0.0058519900
   0.0009137900   -0.0062250000    0.0033593300
   0.0009036300   -0.0052187200    0.0029778100
  -0.0000395600   -0.0053360700    0.0027942500
   0.0001722800   -0.0053800800    0.0025285600
  -0.0000517100   -0.0053290800    0.0027843700
  -0.0000337900   -0.0054066700    0.0027959900
   0.0002266700   -0.0047501300    0.0021759200
  -0.0000339200   -0.0052584400    0.0028287600
   0.0069365700   -0.0020955000   -0.0052157100
   0.0062691100   -0.0006728200   -0.0059615300
   0.0064453400   -0.0006631200   -0.0059602400
   0.0065674600   -0.0015710400   -0.0055940900
   0.0064137400   -0.0005222800   -0.0062049000
   0.0063917100   -0.0006179000   -0.0059625000
   0.0064177800   -0.0006654900   -0.0059224700
   0.0064319400   -0.0006721300   -0.0059045700
  -0.0005723200   -0.0010248900    0.0049639100
  -0.0005592900   -0.0014712100    0.0044963200
  -0.0003089600   -0.0009237800    0.0045034000
   0.0003794200   -0.0001873500    0.0062997600
  -0.0003152100   -0.0008622200    0.0046122900
  -0.0002702000   -0.0010565200    0.0043468800
  -0.0005434300   -0.0010736400    0.0044239200
  -0.0002709300   -0.0008957700    0.0045493600
   0.0003669500    0.0007298500   -0.0044608200
   0.0003496100    0.0010599100   -0.0042114500
  -0.0026201400    0.0003828800   -0.0084739600
   0.0002971900    0.0009176300   -0.0044978700
   0.0002373900    0.0006735800   -0.0049986400
  -0.0002124600    0.0012943400   -0.0046733400
   0.0003074300    0.0009673700   -0.0044877400
   0.0003356700    0.0008544700   -0.0044705300
  -0.0062100400    0.0005951200    0.0059975300
  -0.0065093400    0.0005318900    0.0058976800
  -0.0069294400   -0.0006029300    0.0024419400
  -0.0064512300    0.0006394300    0.0059317500
  -0.0108133800    0.0001762000    0.0042153800
  -0.0064083800    0.0008326600    0.0058438500
  -0.0064413700    0.0006345100    0.0059318100
  -0.0066525800    0.0006662700    0.0058328500
   0.0000415200    0.0053660400   -0.0028279500
   0.0000008600    0.0054092500   -0.0028225500
  -0.0020303400    0.0017653600   -0.0014857100
   0.0000522200    0.0053328900   -0.0028251600
  -0.0012728800    0.0046238600   -0.0028986000
   0.0004224700    0.0049114000   -0.0027537900
   0.0000370600    0.0053419100   -0.0027955400
   0.0000426900    0.0053148300   -0.0027485100
   0.0001344700   -0.0034199000   -0.0057070300
  -0.0001080400   -0.0035946000   -0.0057564000
  -0.0000792000   -0.0035400100   -0.0057838300
  -0.0005682500   -0.0041777600   -0.0058100100
  -0.0044311000   -0.0046757500   -0.0086467100
   0.0000276100   -0.0035051300   -0.0058808700
   0.0000221800   -0.0035407900   -0.0057410400
  -0.0000607600   -0.0035714000   -0.0057765900
  -0.0012167800    0.0002300500   -0.0000365100
  -0.0012226500    0.0000560400    0.0002074700
  -0.0026798100   -0.0007068900    0.0005865500
  -0.0013364700   -0.0000069100    0.0000178600
  -0.0012305500    0.0000592200   -0.0001121000
  -0.0013980600    0.0000082900    0.0000566700
  -0.0013805400    0.0000196700    0.0000521000
  -0.0008606600   -0.0005517900   -0.0004348500
   0.0015909300    0.0003006200   -0.0005102500
   0.0016777200    0.0002655900   -0.0003522600
   0.0015344700    0.0002360400   -0.0006132400
   0.0013988600    0.0003951300   -0.0005715900
   0.0002180600   -0.0017050000   -0.0000540300
   0.0016355300    0.0003368500   -0.0005823200
   0.0016031700    0.0003008700   -0.0004875400
   0.0016243700    0.0003215100   -0.0005077300
  -0.0058468000   -0.0003493400   -0.0059471200
  -0.0057487300   -0.0006288300   -0.0059954500
  -0.0058836800   -0.0004574300   -0.0058831700
  -0.0058363900   -0.0007941300   -0.0056635200
  -0.0057383800   -0.0003795300   -0.0061106200
  -0.0059255400   -0.0004300200   -0.0059034400
  -0.0059237100   -0.0008355300   -0.0056756100
  -0.0058801600   -0.0004571800   -0.0058920900
  -0.0001087600    0.0002101600   -0.0001802700
  -0.0000597200    0.0002808200   -0.0001535200
   0.0008543200    0.0012770300    0.0003965300
  -0.0000432500    0.0002434600   -0.0000729700
  -0.0001071300    0.0002261500    0.0002169700
   0.0003771200    0.0005610500   -0.0001931200
  -0.0001034600    0.0002229700   -0.0001741800
  -0.0000880900    0.0002718400   -0.0001343500
   0.0059502100    0.0003561600   -0.0060120900
   0.0059580400    0.0003904400   -0.0060300200
   0.0060840700    0.0001993200   -0.0059934700
   0.0059089600    0.0003627900   -0.0059801700
  -0.0072691400   -0.0053661800    0.0082692900
   0.0059439900    0.0003297700   -0.0060446800
   0.0059451500    0.0003577600   -0.0060054500
   0.0058905900    0.0003736000   -0.0059832400
  -0.0018676600   -0.0000715800   -0.0005021800
  -0.0018263000   -0.0000837300   -0.0004195600
  -0.0018406600   -0.0001321600   -0.0004383700
  -0.0028886600   -0.0010330500   -0.0011857600
  -0.0016366200    0.0002311400   -0.0000799900
  -0.0015871700   -0.0000321600   -0.0005620900
  -0.0017594300   -0.0001370100   -0.0003411700
  -0.0018024300   -0.0001590100   -0.0004311700
   0.0014435500   -0.0002056700    0.0002888700
   0.0013934700   -0.0002948500    0.0002483400
   0.0019486100   -0.0000080300    0.0000246500
   0.0014529300   -0.0002137700    0.0002151900
   0.0039626000    0.0040886900    0.0012187400
   0.0012227000   -0.0002159700    0.0001275300
   0.0014513700   -0.0002529000    0.0003467000
   0.0014539700   -0.0002268900    0.0002593800
  -0.0000906900    0.0033991500   -0.0054532100
  -0.0000884500    0.0034049700   -0.0053927500
  -0.0000867100    0.0033848400   -0.0054701000
  -0.0001758900    0.0034157100   -0.0056671000
  -0.0072198900   -0.0206410100   -0.0061326300
  -0.0001246300    0.0033731600   -0.0054607700
  -0.0001149400    0.0033764600   -0.0054658100
  -0.0000885400    0.0033925600   -0.0054394100
  -0.0000403200   -0.0051459100   -0.0028601400
  -0.0001785700   -0.0053296300   -0.0026774100
  -0.0010187900   -0.0058295900   -0.0028323900
  -0.0001899700   -0.0052667400   -0.0027056500
   0.0000503700   -0.0055024500   -0.0027957300
  -0.0013024300   -0.0053223200   -0.0043594500
   0.0002419400   -0.0053993000   -0.0030988000
  -0.0001830400   -0.0052769000   -0.0026969200
   0.0061082400   -0.0003247600    0.0058152100
   0.0063200400   -0.0001232400    0.0056604100
   0.0059891900   -0.0003911700    0.0060233000
   0.0061616100   -0.0003245800    0.0059262300
   0.0036699700   -0.0032154500    0.0074372800
   0.0061239600   -0.0003389600    0.0058657100
   0.0060574800   -0.0002130800    0.0057694900
   0.0061023000   -0.0002682600    0.0057647700
  -0.0000404600   -0.0015474300   -0.0048734400
  -0.0001177100   -0.0014889400   -0.0048548800
   0.0000016000   -0.0015289500   -0.0048612900
   0.0001205900   -0.0015149600   -0.0050036900
   0.0053956700   -0.0006155200   -0.0046123500
  -0.0000944300   -0.0014064100   -0.0050376000
  -0.0000425400   -0.0015338400   -0.0048828600
   0.0000034800   -0.0014926700   -0.0049106900
   0.0000890400    0.0002783400    0.0011243600
   0.0000289700    0.0000132300    0.0013037800
   0.0003784300   -0.0006867700    0.0012272200
  -0.0000269600    0.0000050900    0.0013966900
   0.0001079900    0.0002263800    0.0013721700
   0.0000834100    0.0000729800    0.0014810100
   0.0000349500   -0.0000141100    0.0013795400
   0.0000433000    0.0000332900    0.0013919800
   0.0000593900    0.0000203700   -0.0014396000
  -0.0000304000    0.0000190200   -0.0013530000
   0.0000499000   -0.0000248900   -0.0014181200
  -0.0000238800    0.0000065900   -0.0013058400
  -0.0010915000   -0.0031600200    0.0004854500
  -0.0000185000    0.0000003100   -0.0013675500
  -0.0002174800    0.0000936400   -0.0014333000
  -0.0000716100   -0.0000038800   -0.0013862000

17   
 -0.0040564153977520   0.0070817950687708   0.0057787258738250
  -0.0000071800    0.0017597500    0.0049355600
  -0.0041254000    0.0057482900    0.0096278800
   0.0000181000    0.0015399200    0.0049340300
  -0.0000423500    0.0016832000    0.0049882100
   0.0000128900    0.0015409500    0.0049150200
   0.0000474400    0.0016676300    0.0049801000
   0.0000099500    0.0015475700    0.0050613100
  -0.0000538900    0.0016566800    0.0049569400
  -0.0061519600    0.0003930000   -0.0059262900
  -0.0088145700    0.0017327600   -0.0050499700
  -0.0060954300    0.0002907700   -0.0057991000
  -0.0063015200    0.0000922300   -0.0058432500
  -0.0060861900    0.0002615500   -0.0057713800
  -0.0060987300    0.0002771600   -0.0057983000
  -0.0060432600    0.0002531600   -0.0058947200
  -0.0059523500    0.0003414800   -0.0060023300
   0.0915772200   -0.0719163600   -0.0357478400
   0.0001018700    0.0053886700    0.0027680900
   0.0002122000    0.0052713400    0.0027327000
   0.0001511800    0.0053504100    0.0026046400
   0.0000501400    0.0053802500    0.0027157800
   0.0001470000    0.0053917900    0.0026387000
  -0.0000154600    0.0053219300    0.0023691200
   0.0001459400    0.0053965800    0.0027279600
  -0.0001969500   -0.0032872000    0.0053867000
  -0.0008011900   -0.0047963100    0.0039110400
   0.0000332100   -0.0034165400    0.0055060700
  -0.0001527400   -0.0034090700    0.0054201400
   0.0000809100   -0.0034628200    0.0054622300
   0.0003706400   -0.0034296000    0.0054286100
   0.0001656300   -0.0033949700    0.0052520900
   0.0000719700   -0.0034286100    0.0054483300
  -0.0015753500    0.0050702500    0.0007095200
  -0.0017172300   -0.0004967200    0.0015101700
  -0.0015097600    0.0002814300   -0.0001974700
  -0.0015177400    0.0003139900   -0.0002190800
  -0.0015433300    0.0002328800   -0.0003185300
  -0.0015686100    0.0003380300   -0.0001860600
  -0.0015648900    0.0002111600   -0.0000236800
  -0.0015140500    0.0003027900   -0.0001937300
   0.0019939700    0.0002864900    0.0003185800
   0.0009095800   -0.0004164500    0.0014372500
   0.0018287800    0.0001406200    0.0003929600
  -0.0015677100    0.0029234300   -0.0012205500
   0.0018151200    0.0001401400    0.0003398800
   0.0014601900    0.0005531000    0.0007887600
   0.0018922800    0.0002096400    0.0002779400
   0.0018302000    0.0000785200    0.0003921400
  -0.0063346200    0.0004609800    0.0058696800
  -0.0067161400    0.0001840700    0.0047376700
  -0.0058571900   -0.0002589300    0.0058098000
  -0.0058962800   -0.0003610000    0.0059212100
  -0.0060217800   -0.0005845000    0.0058763400
  -0.0059292200   -0.0003811500    0.0059629900
  -0.0059310500   -0.0001965000    0.0059710800
  -0.0059181600   -0.0003613200    0.0059781300
   0.0006911400   -0.0009732000   -0.0137095000
   0.0001052600   -0.0001527300    0.0000767900
   0.0001624200   -0.0004754300    0.0001767000
   0.0000794100   -0.0002696000    0.0000490100
   0.0000236800   -0.0003725600   -0.0000066700
   0.0000881000   -0.0002506400    0.0000273500
   0.0000621000   -0.0003566800    0.0000797300
   0.0000406200   -0.0001089600    0.0001587000
   0.0059409500    0.0004209500    0.0058486600
   0.0059234400    0.0003370900    0.0063353400
   0.0059229500    0.0004748600    0.0058520000
  -0.0000025300    0.0037694900    0.0047729300
   0.0059485200    0.0004024700    0.0058974100
   0.0063486900    0.0020226200    0.0059547600
   0.0058726100    0.0004878200    0.0058812900
   0.0059366800    0.0004491000    0.0058702400
  -0.0019544500   -0.0004490800    0.0002534500
  -0.0022300000    0.0012538800    0.0029044100
  -0.0015540100   -0.0003597800    0.0004514700
  -0.0014923100   -0.0003231200    0.0005195000
  -0.0016003800   -0.0003397900    0.0004034500
  -0.0015873100   -0.0004260100    0.0003947200
  -0.0016474900   -0.0004181300    0.0002543300
  -0.0015898500   -0.0002914300    0.0005280900
   0.0014454900    0.0004223200    0.0002189800
   0.0014693600   -0.0000817500    0.0000400600
  -0.0416663800    0.0328363900    0.0019974800
   0.0013510800   -0.0000236600   -0.0000211500
   0.0007252000   -0.0004165800    0.0011975100
   0.0014767400   -0.0000724600    0.0000044500
   0.0013795800   -0.0000180800    0.0000354400
   0.0013792100   -0.0000957800    0.0000297900
   0.0000478900    0.0035663600    0.0057686200
   0.0002077700    0.0018953400    0.0063879400
   0.0000701200    0.0035344600    0.0058471900
  -0.0008103500    0.0044004800    0.0059200200
   0.0000492800    0.0034955000    0.0057922000
   0.0014151700    0.0044725100    0.0062750500
   0.0000382200    0.0036096900    0.0057388000
   0.0000712000    0.0035343700    0.0057597200
  -0.0078853500    0.0043404000    0.0055454800
  -0.0000600600   -0.0052780500    0.0027319000
  -0.0001351300   -0.0053295700    0.0027043800
   0.0000313400   -0.0054184900    0.0027485300
   0.0002011100   -0.0052852200    0.0029010200
   0.0000037900   -0.0054314600    0.0027029800
   0.0000589500   -0.0055073700    0.0028417700
   0.0001283200   -0.0054853100    0.0027105500
   0.0062400700    0.0001815100   -0.0061055000
   0.0065647300   -0.0006823300   -0.0060373100
   0.0098592900   -0.0011578200   -0.0053918000
   0.0064368500   -0.0006444000   -0.0059301200
   0.0052031500   -0.0007474600   -0.0060987300
   0.0064411300   -0.0006454400   -0.0059587000
   0.0064375500   -0.0006780500   -0.0059480100
   0.0064539500   -0.0006173000   -0.0058827300
   0.0020707300    0.0025376800    0.0122410600
  -0.0002752000   -0.0010762100    0.0045523900
   0.0002103900   -0.0003092700    0.0055680800
  -0.0002921300   -0.0009219900    0.0045255000
  -0.0007407700   -0.0005257500    0.0050062800
  -0.0002851200   -0.0009808700    0.0045673100
  -0.0002843400   -0.0010371900    0.0045163300
  -0.0002845900   -0.0010613900    0.0045514500
   0.0002736400    0.0010023700   -0.0046127100
   0.0003942400    0.0011138000   -0.0043207500
   0.0002846500    0.0009767100   -0.0044898500
  -0.0039750100    0.0043909600   -0.0053737900
   0.0002680800    0.0007044900   -0.0044356200
  -0.0018753300    0.0017193500   -0.0041904900
   0.0002995600    0.0009790900   -0.0046293400
   0.0002525600    0.0010140600   -0.0045471300
  -0.0064190600    0.0006893200    0.0059430100
  -0.0061874000    0.0007801300    0.0064284000
  -0.0064286000    0.0006335000    0.0059332400
  -0.0077033700    0.0012829100    0.0058794200
  -0.0064694300    0.0005927000    0.0059506100
  -0.0021432800    0.0025898300    0.0047614600
  -0.0064954700    0.0005976100    0.0058855700
  -0.0064472700    0.0006506700    0.0059188100
   0.0000199900    0.0053702100   -0.0027465900
  -0.0000697100    0.0055814000   -0.0027344700
   0.0000625300    0.0055041200   -0.0028089800
   0.0007180700    0.0055537800   -0.0035295400
  -0.0000694100    0.0055554900   -0.0027692000
  -0.0002530200    0.0055139100   -0.0029060100
  -0.0000146300    0.0053642900   -0.0027277000
   0.0000628900    0.0054838900   -0.0028311300
   0.0000290500   -0.0035861300   -0.0058698700
  -0.0000773200   -0.0035745400   -0.0057493600
   0.0013063200   -0.0061438400   -0.0045498500
  -0.0000455000   -0.0035469900   -0.0057905900
  -0.0047965200   -0.0064575700   -0.0048152200
  -0.0000835500   -0.0033714700   -0.0061243300
  -0.0000397800   -0.0035114100   -0.0057953500
  -0.0000230600   -0.0035952400   -0.0057458500
  -0.0014419100    0.0001025100   -0.0001046600
  -0.0002768000    0.0003288300    0.0003013600
  -0.0013717200    0.0000214800    0.0000077500
  -0.0014126500    0.0006068300    0.0001100300
  -0.0013784000    0.0000341400   -0.0000452500
   0.0010617900    0.0012124200    0.0001581000
  -0.0015613400    0.0000896600   -0.0002641300
  -0.0013613500    0.0000907500   -0.0000311900
   0.0016498600    0.0003799900   -0.0005177800
   0.0015607900    0.0003685200   -0.0004400900
   0.0030798700    0.0010018200   -0.0003865500
   0.0015458200    0.0003612200   -0.0004472600
   0.0016847800    0.0002699600   -0.0002079400
   0.0013692600    0.0006527700    0.0011161600
   0.0014149100    0.0003001200   -0.0004685900
   0.0016341200    0.0004012200   -0.0003840200
  -0.0059952400   -0.0002495500   -0.0068181900
  -0.0059292700   -0.0004245500   -0.0058408700
  -0.0043985300   -0.0010911200   -0.0055759800
  -0.0059126700   -0.0004525900   -0.0058810200
  -0.0093727200   -0.0023450200   -0.0050163700
  -0.0059365000   -0.0004512200   -0.0059124300
  -0.0059122600   -0.0005122300   -0.0058781700
  -0.0058012000   -0.0005513700   -0.0060342800
  -0.0000977000    0.0001831000   -0.0001043200
  -0.0000754200    0.0001329700   -0.0000883200
  -0.0000618500    0.0002589700   -0.0000522600
   0.0000521500   -0.0001828500    0.0001369300
  -0.0000071000    0.0002936800    0.0003332400
  -0.0005091300    0.0003920300   -0.0001092800
  -0.0000642300    0.0001692900   -0.0001114200
  -0.0001967100    0.0003070100    0.0000260400
   0.0059288500    0.0003402700   -0.0059569700
   0.0061295400    0.0001667400   -0.0060202500
   0.0059499700    0.0002740400   -0.0058835000
   0.0058311900    0.0005136800   -0.0061684100
   0.0059684000    0.0003780400   -0.0059865300
   0.0091734700    0.0020809200   -0.0052213100
   0.0059223400    0.0004250200   -0.0059883000
   0.0059495000    0.0003538000   -0.0059813600
  -0.0019003700    0.0002124100   -0.0003085800
  -0.0018161200   -0.0002049300   -0.0003491700
  -0.0017203800    0.0002008400    0.0014072900
  -0.0017939600   -0.0001225500   -0.0003629300
  -0.0290434300    0.0069401900    0.0216161600
  -0.0018822300   -0.0001691200   -0.0003604800
  -0.0018624700   -0.0001408500   -0.0003630200
  -0.0019427100   -0.0002430000   -0.0003501300
   0.0014633100   -0.0002412400    0.0002142100
   0.0014894200   -0.0002101300    0.0003341500
   0.0011833500   -0.0003838600    0.0000383300
   0.0015422000   -0.0001525700    0.0001370700
   0.0015394400   -0.0003235800    0.0001304400
   0.0029704800    0.0004377900   -0.0002725200
   0.0015234600   -0.0002742200    0.0002883500
   0.0015160500   -0.0003368700    0.0001755900
  -0.0000891300    0.0033982400   -0.0053633900
  -0.0000752900    0.0033500700   -0.0054244200
  -0.0003651200    0.0039654800   -0.0056247400
  -0.0001139700    0.0032958300   -0.0053536000
   0.0003497900    0.0031551400   -0.0054574500
   0.0001088100    0.0027713600   -0.0058078900
  -0.0000458900    0.0033908200   -0.0054380600
  -0.0001096900    0.0033420100   -0.0054276400
  -0.0001540200   -0.0053470400   -0.0027191100
  -0.0003542900   -0.0059841100   -0.0035221600
  -0.0001763100   -0.0054455400   -0.0026239000
  -0.0004346300   -0.0053019100   -0.0028624700
  -0.0002449700   -0.0049794800   -0.0019950200
  -0.0002646000   -0.0055371500   -0.0026936100
  -0.0001664900   -0.0053437600   -0.0027161300
  -0.0003951400   -0.0053278300   -0.0020782700
   0.0063186100   -0.0005021300    0.0056065300
   0.0060541900   -0.0002916100    0.0057344100
   0.0063334300   -0.0001591900    0.0059029700
   0.0061143300   -0.0003060700    0.0058173300
   0.0061971700    0.0001263700    0.0058549900
   0.0060779000   -0.0005687600    0.0045374200
   0.0061013200    0.0001154600    0.0054637200
   0.0060905500   -0.0003077000    0.0057893100
   0.0000758700   -0.0015890000   -0.0045719700
   0.0000176900   -0.0015905000   -0.0049149300
  -0.0001383300   -0.0019375400   -0.0048701500
   0.0000120400   -0.0015577400   -0.0049558700
   0.0004715300   -0.0022584300   -0.0049847900
   0.0001113000   -0.0014823900   -0.0055427400
   0.0000566200   -0.0016633400   -0.0049992800
  -0.0000196700   -0.0015724900   -0.0049063000
  -0.0000353300    0.0000666700    0.0014215600
   0.0000228500   -0.0002960600    0.0014873300
   0.0007541100    0.0018521900    0.0073691400
  -0.0002006200    0.0000554500    0.0011692700
   0.0000722100   -0.0000883600    0.0013918300
   0.0001704600   -0.0000224700    0.0011518200
   0.0000691800    0.0000886200    0.0013657700
   0.0000158000   -0.0000479600    0.0013812500
  -0.0000605800    0.0000123300   -0.0013289700
  -0.0000445900   -0.0001309900   -0.0013306500
  -0.0000577000   -0.0001023400   -0.0014493900
  -0.0000156700   -0.0000613900   -0.0013466400
   0.0000001100   -0.0001321600   -0.0015631900
  -0.0000099500    0.0002115000   -0.0016265000
  -0.0000190700    0.0000499000   -0.0013237800
   0.0000017000   -0.0001544500   -0.0013672200

17   
  0.0040564153977520  -0.0070817950687708  -0.0057787258738250
   0.0000566300    0.0011588500    0.0047785900
   0.0042493200   -0.0027466300   -0.0002843200
   0.0000354200    0.0013699100    0.0047716200
   0.0000953000    0.0012334800    0.0047214800
   0.0000409300    0.0013698600    0.0047911200
   0.0000070900    0.0012492100    0.0047304900
   0.0000444500    0.0013731600    0.0046528500
   0.0001080900    0.0012554300    0.0047512000
  -0.0060248400    0.0002385600   -0.0057099600
  -0.0033175200   -0.0010900100   -0.0065479500
  -0.0060712700    0.0003365700   -0.0058343700
  -0.0058670900    0.0005330300   -0.0057899200
  -0.0060800500    0.0003676700   -0.0058621800
  -0.0060666300    0.0003504900   -0.0058331200
  -0.0061218400    0.0003741800   -0.0057337100
  -0.0062142600    0.0002856500   -0.0056289900
  -0.0923686400    0.0828857500    0.0403637100
   0.0002119300    0.0050217000    0.0026948300
   0.0000994400    0.0051383600    0.0027300900
   0.0001617500    0.0050617600    0.0028538600
   0.0002620000    0.0050295900    0.0027470500
   0.0001657600    0.0050215500    0.0028194500
   0.0003290300    0.0051080100    0.0030749000
   0.0001677000    0.0050127800    0.0027350200
   0.0003983300   -0.0035005700    0.0055770700
   0.0010479000   -0.0019923600    0.0070477900
   0.0001732000   -0.0033707400    0.0054562200
   0.0003565400   -0.0033776900    0.0055398800
   0.0001258500   -0.0033254100    0.0054992800
  -0.0001587300   -0.0033568800    0.0055326100
   0.0000484400   -0.0033915900    0.0057070600
   0.0001343300   -0.0033562900    0.0055110000
  -0.0013492700   -0.0046344500   -0.0012605000
  -0.0011346900    0.0009313100   -0.0022173600
  -0.0013594100    0.0001302100   -0.0004576600
  -0.0013533800    0.0001031000   -0.0004335600
  -0.0013234100    0.0001785200   -0.0003366000
  -0.0013020400    0.0000794700   -0.0004655700
  -0.0013083700    0.0002096900   -0.0006216800
  -0.0013559300    0.0001082500   -0.0004615300
   0.0016157900   -0.0001297300    0.0006467600
   0.0026926500    0.0005791800   -0.0004632500
   0.0017793300    0.0000142200    0.0005787000
   0.0052026300   -0.0027649600    0.0022142300
   0.0017940000    0.0000158400    0.0006329400
   0.0021569700   -0.0003839800    0.0001698300
   0.0017191100   -0.0000489400    0.0006909300
   0.0017772300    0.0000773500    0.0005797400
  -0.0054689200   -0.0012237900    0.0061108100
  -0.0050809900   -0.0009843100    0.0072702700
  -0.0059507000   -0.0005183800    0.0061952400
  -0.0059163400   -0.0004142900    0.0060789100
  -0.0057901100   -0.0001913400    0.0061281200
  -0.0058828500   -0.0003943100    0.0060387400
  -0.0058807600   -0.0005707400    0.0060302900
  -0.0058958400   -0.0004142800    0.0060243800
  -0.0004538300   -0.0003397900    0.0145391800
   0.0000717000   -0.0003282900    0.0002302700
   0.0000156200    0.0000027000    0.0001282600
   0.0000986800   -0.0002064200    0.0002583900
   0.0001568200   -0.0000997200    0.0003132400
   0.0000900800   -0.0002259600    0.0002804300
   0.0001153000   -0.0001188200    0.0002237200
   0.0001382200   -0.0003712700    0.0001476200
   0.0058135600    0.0005162500    0.0059503000
   0.0058269500    0.0006045900    0.0054640100
   0.0058343700    0.0004620500    0.0059478200
   0.0118180800   -0.0028832000    0.0070263600
   0.0058059000    0.0005363900    0.0059029500
   0.0053953900   -0.0010971900    0.0058382500
   0.0058827700    0.0004497100    0.0059191400
   0.0058193800    0.0004887500    0.0059305800
  -0.0012335800   -0.0001341900    0.0008293200
  -0.0009328700   -0.0018710900   -0.0019317700
  -0.0016388400   -0.0002199200    0.0006259300
  -0.0017029100   -0.0002626000    0.0005531500
  -0.0015920200   -0.0002398500    0.0006745000
  -0.0016094300   -0.0001601800    0.0006772700
  -0.0015506800   -0.0001702300    0.0008149100
  -0.0015983800   -0.0002894100    0.0005504900
   0.0012520100   -0.0003368700   -0.0004029900
   0.0012292800    0.0001582300   -0.0002176800
   0.0452218600   -0.0328902300   -0.0014817800
   0.0013464300    0.0001056500   -0.0001586700
   0.0019694200    0.0004758300   -0.0013600700
   0.0012174500    0.0001549900   -0.0001840500
   0.0013186500    0.0000977600   -0.0002143400
   0.0013217500    0.0001725300   -0.0002066300
   0.0000592500    0.0035945600    0.0058774600
  -0.0001078100    0.0052530200    0.0052610100
   0.0000338200    0.0036272000    0.0058009600
   0.0009239900    0.0027453900    0.0057214700
   0.0000545700    0.0036688100    0.0058552900
  -0.0013136700    0.0026949400    0.0053579600
   0.0000634400    0.0035497300    0.0059094300
   0.0000322500    0.0036258300    0.0058855100
   0.0078152900   -0.0144614700    0.0000147500
  -0.0000229400   -0.0052912700    0.0028879400
   0.0000477100   -0.0052348000    0.0029074000
  -0.0001182100   -0.0051519000    0.0028576000
  -0.0002901700   -0.0052819100    0.0027129200
  -0.0000911700   -0.0051403700    0.0029044800
  -0.0001454500   -0.0050729700    0.0027601500
  -0.0002183800   -0.0050831400    0.0029057400
   0.0066090600   -0.0015177100   -0.0057741600
   0.0062787800   -0.0006546600   -0.0058358700
   0.0029608500   -0.0001737700   -0.0064867700
   0.0064073400   -0.0006934700   -0.0059433300
   0.0076264100   -0.0005895100   -0.0057706000
   0.0064025200   -0.0006923700   -0.0059140600
   0.0064066800   -0.0006604400   -0.0059247600
   0.0063887500   -0.0007200400   -0.0059895700
  -0.0026771700   -0.0041478500   -0.0033140300
  -0.0003207100   -0.0006098200    0.0043472100
  -0.0008067600   -0.0013935500    0.0033405000
  -0.0003036200   -0.0007622600    0.0043714900
   0.0001441800   -0.0011746500    0.0039083100
  -0.0003108400   -0.0007036200    0.0043290900
  -0.0003120900   -0.0006490500    0.0043816900
  -0.0003130800   -0.0006273400    0.0043493200
   0.0003230100    0.0006859100   -0.0042850300
   0.0002006400    0.0005734000   -0.0045752000
   0.0003124600    0.0007094500   -0.0044067100
   0.0046056200   -0.0027055300   -0.0035124400
   0.0003295200    0.0009895900   -0.0044619900
   0.0024879200   -0.0000409200   -0.0047110300
   0.0002960600    0.0007097300   -0.0042679800
   0.0003433700    0.0006710900   -0.0043506500
  -0.0064244100    0.0006476400    0.0059297600
  -0.0066553700    0.0005545200    0.0054428900
  -0.0064147000    0.0007052700    0.0059410000
  -0.0051157200    0.0000403300    0.0059886100
  -0.0063731500    0.0007449700    0.0059232700
  -0.0107252400   -0.0012552600    0.0070986700
  -0.0063464900    0.0007410300    0.0059864000
  -0.0063969500    0.0006866700    0.0059544600
   0.0000666200    0.0051964000   -0.0028650600
   0.0001558200    0.0049965100   -0.0028676000
   0.0000221900    0.0050710600   -0.0027976200
  -0.0006379300    0.0050099600   -0.0020797100
   0.0001580100    0.0050149700   -0.0028393000
   0.0003421000    0.0050563500   -0.0027140100
   0.0001010500    0.0052019100   -0.0028838700
   0.0000243800    0.0050927500   -0.0027741000
  -0.0001296800   -0.0035753200   -0.0057805600
  -0.0000266900   -0.0035861500   -0.0058963700
  -0.0014118900   -0.0010109500   -0.0071047200
  -0.0000582700   -0.0036144800   -0.0058557900
   0.0046382500   -0.0007089800   -0.0068134200
  -0.0000172000   -0.0037956500   -0.0055133700
  -0.0000636000   -0.0036480100   -0.0058509100
  -0.0000810800   -0.0035654100   -0.0059009400
  -0.0012594800   -0.0001783200    0.0002823900
  -0.0024134500   -0.0004071300   -0.0001043100
  -0.0013270800   -0.0001021000    0.0001725500
  -0.0012964400   -0.0006769400    0.0000536400
  -0.0013199600   -0.0001147600    0.0002264400
  -0.0037422700   -0.0012647600    0.0000261300
  -0.0011367300   -0.0001641600    0.0004475600
  -0.0013367400   -0.0001717400    0.0002109100
   0.0015407500    0.0001991000   -0.0005605900
   0.0016341600    0.0002161800   -0.0006353300
   0.0001133000   -0.0003948300   -0.0007286100
   0.0016487400    0.0002166700   -0.0006300400
   0.0015129300    0.0003186900   -0.0008531900
   0.0018285200   -0.0000906900   -0.0022315000
   0.0017763700    0.0002801100   -0.0006107700
   0.0015607100    0.0001843300   -0.0006901300
  -0.0057584500   -0.0006782800   -0.0049924500
  -0.0058252400   -0.0005128400   -0.0059587100
  -0.0073541200    0.0001535700   -0.0062252900
  -0.0058429700   -0.0004852500   -0.0059200500
  -0.0023925600    0.0013977300   -0.0067697300
  -0.0058183100   -0.0004870500   -0.0058879800
  -0.0058421300   -0.0004277000   -0.0059253300
  -0.0059602400   -0.0003803300   -0.0057640300
  -0.0000803900    0.0002930400   -0.0002072900
  -0.0001012200    0.0003385600   -0.0002146100
  -0.0001158200    0.0002183400   -0.0002547200
  -0.0002619000    0.0006674600   -0.0004434300
  -0.0001757600    0.0001810100   -0.0006382700
   0.0003581300    0.0000832900   -0.0001929500
  -0.0001135300    0.0003066300   -0.0002001800
   0.0000184600    0.0001682300   -0.0003305800
   0.0058845700    0.0004365300   -0.0060454700
   0.0056871900    0.0006056600   -0.0059814300
   0.0058622800    0.0004985700   -0.0061212900
   0.0059803500    0.0002608600   -0.0058343300
   0.0058412100    0.0003981700   -0.0060155200
   0.0025614900   -0.0013154300   -0.0067932900
   0.0058907400    0.0003505500   -0.0060144700
   0.0058626000    0.0004211800   -0.0060192200
  -0.0017096000   -0.0003582300   -0.0006632600
  -0.0017951000    0.0000450600   -0.0006197300
  -0.0018937400   -0.0003756100   -0.0023656400
  -0.0018149400   -0.0000333900   -0.0006090500
   0.0255112200   -0.0072380200   -0.0227618300
  -0.0017247900    0.0000135600   -0.0006126200
  -0.0017449100   -0.0000149500   -0.0006095700
  -0.0016662900    0.0000849300   -0.0006198800
   0.0014054600   -0.0001712600    0.0004420000
   0.0013824100   -0.0002076800    0.0003181300
   0.0016914800   -0.0000356800    0.0006144900
   0.0013225200   -0.0002604700    0.0005175900
   0.0013343400   -0.0000972500    0.0005195100
  -0.0001466100   -0.0008836100    0.0009520300
   0.0013457300   -0.0001375500    0.0003668400
   0.0013579600   -0.0000820600    0.0004737800
  -0.0001177000    0.0033896800   -0.0055970500
  -0.0001308200    0.0034369600   -0.0055359800
   0.0001595700    0.0028179100   -0.0053354400
  -0.0000929700    0.0034908700   -0.0056099600
  -0.0005721200    0.0036410900   -0.0054983300
  -0.0003377900    0.0040256200   -0.0051313600
  -0.0001600200    0.0033948600   -0.0055213100
  -0.0000964500    0.0034451700   -0.0055325400
  -0.0001582900   -0.0050614700   -0.0027425100
   0.0000431200   -0.0044364700   -0.0019332300
  -0.0001363300   -0.0049721300   -0.0028329200
   0.0001220000   -0.0051089100   -0.0026018900
  -0.0000627500   -0.0054378100   -0.0034732400
  -0.0000461100   -0.0048722000   -0.0027724600
  -0.0001460400   -0.0050646000   -0.0027455500
   0.0000838700   -0.0050950200   -0.0033782800
   0.0058460800   -0.0001233200    0.0060271000
   0.0061111700   -0.0003360400    0.0058962000
   0.0058417800   -0.0004575500    0.0057204700
   0.0060520500   -0.0003218400    0.0058158300
   0.0059723100   -0.0007518700    0.0057787800
   0.0060888200   -0.0000517200    0.0071110900
   0.0060670300   -0.0007425600    0.0061723100
   0.0060751100   -0.0003201200    0.0058436500
  -0.0001304300   -0.0013242100   -0.0051348900
  -0.0000713900   -0.0013238100   -0.0047940900
   0.0000810800   -0.0009803900   -0.0048402900
  -0.0000655600   -0.0013541900   -0.0047486400
  -0.0005244000   -0.0006811800   -0.0047296200
  -0.0001673900   -0.0014273700   -0.0041429000
  -0.0001098200   -0.0012452700   -0.0047069900
  -0.0000343700   -0.0013416400   -0.0048026000
   0.0000762500   -0.0000728200    0.0013220400
   0.0000179700    0.0002909900    0.0012549500
  -0.0006656000   -0.0018060200   -0.0044589600
   0.0002468800   -0.0000672000    0.0015763800
  -0.0000321600    0.0000820900    0.0013553900
  -0.0001348200    0.0000112400    0.0015923600
  -0.0000293800   -0.0000971700    0.0013794500
   0.0000248200    0.0000413400    0.0013658900
   0.0000210800   -0.0000082400   -0.0014188700
   0.0000053800    0.0001392000   -0.0014139400
   0.0000151800    0.0001097300   -0.0012978200
  -0.0000252100    0.0000689000   -0.0014005000
  -0.0000402000    0.0001390500   -0.0011830000
  -0.0000318400   -0.0002164500   -0.0011163300
  -0.0000225300   -0.0000434200   -0.0014249600
  -0.0000437400    0.0001627100   -0.0013769800

17   
  0.0040564153977520  -0.0070817950687708   0.0057787258738250
   0.0003077700    0.0010031100    0.0047781600
   0.0041856000    0.0109395900   -0.0000670100
   0.0000322200    0.0013732900    0.0048741300
   0.0000586500    0.0011068400    0.0046655400
   0.0000371700    0.0013606600    0.0048700000
   0.0000341400    0.0011238600    0.0046715000
  -0.0002129000    0.0012176900    0.0046545200
   0.0001034800    0.0013020500    0.0046344600
  -0.0057883600    0.0000010700   -0.0057468100
  -0.0066783000    0.0002768800   -0.0057494500
  -0.0059813300    0.0003813700   -0.0058175300
  -0.0060544700    0.0004343700   -0.0058474700
  -0.0060506800    0.0003228500   -0.0058201200
  -0.0060650000    0.0003581200   -0.0058702400
  -0.0062174800    0.0002724800   -0.0059897700
  -0.0059367300    0.0007890100   -0.0058117800
  -0.0945616900    0.1801644500   -0.1549949000
   0.0001567200    0.0051888800    0.0025225400
   0.0000744700    0.0052415400    0.0025837200
   0.0001660000    0.0049955300    0.0026903300
   0.0002925400    0.0051368700    0.0026022800
   0.0001708400    0.0049624300    0.0027152200
   0.0003289000    0.0044427500    0.0031955500
   0.0002293100    0.0051853000    0.0025592600
   0.0002691700   -0.0035225800    0.0052972500
   0.0010269000   -0.0058807700    0.0026858400
   0.0001787100   -0.0032397500    0.0055091200
   0.0002688000   -0.0034523000    0.0054708300
   0.0001317500   -0.0033684400    0.0055580000
  -0.0000702300   -0.0034317600    0.0054645100
   0.0001883600   -0.0034149500    0.0054264400
   0.0001380900   -0.0034954900    0.0055626100
  -0.0025133100   -0.0016749100   -0.0012143300
  -0.0005847800    0.0009686100   -0.0001872500
  -0.0014501400    0.0003174600   -0.0004565800
  -0.0013449200    0.0001020300   -0.0004336500
  -0.0014348300    0.0002888700   -0.0002635700
  -0.0013659200    0.0001125200   -0.0004238500
  -0.0014662000    0.0001710300   -0.0007042200
  -0.0013999000    0.0004261700   -0.0003462200
   0.0017965400   -0.0000841900    0.0005779800
   0.0021274100    0.0000996100    0.0005999600
   0.0018928700    0.0001484500    0.0004865700
   0.0081717400   -0.0050415100    0.0044189500
   0.0018828000    0.0001484400    0.0004569300
   0.0014989500   -0.0008948600    0.0013230400
   0.0017277900   -0.0000948000    0.0006570200
   0.0018212200    0.0002669700    0.0004589900
  -0.0058749500   -0.0011908400    0.0062387700
  -0.0058603700   -0.0006496500    0.0049468200
  -0.0060188000   -0.0004889400    0.0055250600
  -0.0058750200   -0.0004603900    0.0060906700
  -0.0058781300   -0.0002254000    0.0058777500
  -0.0058539800   -0.0004175500    0.0060482500
  -0.0058609700   -0.0003916900    0.0060939200
  -0.0058562600   -0.0003945000    0.0060618200
  -0.0000948600   -0.1046573400    0.1175301900
   0.0002456400   -0.0002588300    0.0002630000
   0.0003189300    0.0001578800   -0.0000392000
   0.0001014000   -0.0002751200    0.0003317200
  -0.0001420200    0.0000627400    0.0001359500
   0.0000928000   -0.0002369200    0.0003209400
   0.0001198200   -0.0001653300    0.0005268500
  -0.0000290200   -0.0003049900    0.0001796100
   0.0058105700    0.0005056800    0.0059196300
   0.0059267700    0.0004848500    0.0057897100
   0.0058028800    0.0004718200    0.0059305000
   0.0081296000   -0.0020512800    0.0061036200
   0.0057837600    0.0004903400    0.0058918300
   0.0070955600   -0.0003917200    0.0059764200
   0.0058499500    0.0005091200    0.0059331200
   0.0058113000    0.0004538600    0.0059225900
  -0.0009600600    0.0001617400    0.0009425700
  -0.0040854100   -0.0001961500   -0.0011091200
  -0.0017277600   -0.0004090300    0.0005700000
  -0.0016939900   -0.0002015300    0.0006471000
  -0.0016712400   -0.0003780300    0.0005376900
  -0.0015586000   -0.0001831000    0.0007239000
  -0.0013116700   -0.0001152300    0.0008414200
  -0.0019209900   -0.0002563600    0.0004878300
   0.0012599400    0.0002176300   -0.0000032300
   0.0013926100    0.0001227300   -0.0002076900
   0.0706847400   -0.0393312800    0.0342341700
   0.0014299000   -0.0000517800   -0.0000795200
   0.0019980900    0.0018617000   -0.0000656100
   0.0014302100   -0.0000164500   -0.0000304700
   0.0013802900   -0.0000777900   -0.0001150000
   0.0013080600    0.0001660500   -0.0002067600
   0.0001000900    0.0036378200    0.0058427800
  -0.0001095100    0.0030380500    0.0058337600
   0.0000314200    0.0034908000    0.0058899300
  -0.0000573400    0.0031930500    0.0073139900
   0.0000515100    0.0035316400    0.0058955600
  -0.0003466300    0.0031257300    0.0069476500
   0.0000166400    0.0035948800    0.0058716300
   0.0000300100    0.0035450500    0.0058952400
   0.0078125600   -0.0202642900   -0.0015481100
  -0.0003124600   -0.0055207600    0.0026018400
   0.0000595000   -0.0053271900    0.0026278900
  -0.0001318900   -0.0051548900    0.0027469600
  -0.0003300300   -0.0053734400    0.0024308000
  -0.0001054900   -0.0051078100    0.0027446200
  -0.0001605400   -0.0051140700    0.0027901600
   0.0000387500   -0.0053157200    0.0026198500
   0.0070488400   -0.0008773600   -0.0065145500
   0.0062388200   -0.0009906800   -0.0059375100
   0.0099634600   -0.0042355000   -0.0052956800
   0.0063687700   -0.0006934300   -0.0059235400
   0.0069314300   -0.0015894400   -0.0052976000
   0.0063815400   -0.0006913900   -0.0059329800
   0.0063332900   -0.0006349600   -0.0058440300
   0.0064144600   -0.0007295400   -0.0059987700
  -0.0026244000    0.0040344100    0.0008418600
  -0.0003199800   -0.0005806900    0.0042294900
   0.0008133800   -0.0021952300    0.0040591100
  -0.0002959300   -0.0006845700    0.0043670000
  -0.0014559800   -0.0019816700    0.0046327500
  -0.0003053000   -0.0007267000    0.0043990600
  -0.0003035800   -0.0007522800    0.0043648200
  -0.0002963300   -0.0005983700    0.0042328100
   0.0003083500    0.0005969200   -0.0043259900
   0.0002086500    0.0006524400   -0.0044848000
   0.0003182800    0.0007071300   -0.0043885300
   0.0016081800    0.0014326600   -0.0047633400
   0.0003355500    0.0006791600   -0.0043719600
   0.0054790400    0.0040636200   -0.0059515700
   0.0003222900    0.0006211300   -0.0043105900
   0.0003483800    0.0007598700   -0.0043956800
  -0.0063907800    0.0007118300    0.0059453700
  -0.0067531100    0.0004442800    0.0057692900
  -0.0063833700    0.0007175200    0.0059254200
  -0.0068221000    0.0007616400    0.0061282000
  -0.0063514500    0.0007022200    0.0059146600
  -0.0070850700   -0.0004558800    0.0062082900
  -0.0063447000    0.0007319500    0.0059564600
  -0.0063879600    0.0006565900    0.0059485600
   0.0000929500    0.0052799500   -0.0026417200
   0.0001554300    0.0050027800   -0.0027982500
   0.0000250300    0.0050553300   -0.0028818400
   0.0002700600    0.0051130600   -0.0028018400
   0.0001572900    0.0049735000   -0.0027705700
  -0.0005606700    0.0051498200   -0.0034355900
   0.0000762500    0.0052849100   -0.0026590500
   0.0000242800    0.0050423900   -0.0028595100
  -0.0001341600   -0.0034256700   -0.0057143500
  -0.0000533600   -0.0036215700   -0.0059222300
   0.0022801600   -0.0026529900   -0.0055949900
  -0.0000620100   -0.0035238800   -0.0058958500
   0.0009629900   -0.0023655600   -0.0052928300
  -0.0000216800   -0.0035886200   -0.0059475900
  -0.0000682700   -0.0035072800   -0.0058766400
  -0.0000610700   -0.0036014800   -0.0059268100
  -0.0012830800   -0.0002107300    0.0002613600
  -0.0018586600   -0.0008627700    0.0009540400
  -0.0014560400    0.0000429600    0.0000884500
  -0.0006717200   -0.0011640300    0.0012194000
  -0.0014241000    0.0000300500    0.0000577600
  -0.0067845500   -0.0035096600    0.0022281100
  -0.0013290100   -0.0001124800    0.0003824500
  -0.0013934600    0.0000311900    0.0000993900
   0.0016796700    0.0003209700   -0.0004982300
   0.0016473800    0.0002238200   -0.0006447500
   0.0013145400    0.0025804700   -0.0006669500
   0.0017123000    0.0005447400   -0.0005312300
   0.0016968600    0.0002954100   -0.0009490200
   0.0012951400   -0.0000111800   -0.0002206300
   0.0018910900    0.0004791100   -0.0006212800
   0.0016485700    0.0002292100   -0.0006606900
  -0.0061956200   -0.0000439500   -0.0057422100
  -0.0058496400   -0.0005253900   -0.0059738000
  -0.0066594400   -0.0008441100   -0.0057591300
  -0.0058015800   -0.0004871100   -0.0059047900
  -0.0093988400   -0.0026601100   -0.0056178400
  -0.0057946300   -0.0004877000   -0.0059110400
  -0.0057654100   -0.0004026900   -0.0058483800
  -0.0059135500   -0.0007207300   -0.0058720000
  -0.0001004500    0.0002239200   -0.0002108400
  -0.0001029100    0.0004247200   -0.0004083500
  -0.0001161100    0.0001778600   -0.0003663900
   0.0002884700    0.0003174200   -0.0002878000
  -0.0001714800    0.0000343800   -0.0005369900
  -0.0001849100   -0.0002646700   -0.0000337300
  -0.0000958300    0.0002362200   -0.0002055700
   0.0000171900    0.0003830100   -0.0005344300
   0.0058466100    0.0003948400   -0.0060032000
   0.0058709400    0.0005065300   -0.0060419000
   0.0056220300    0.0002631000   -0.0061569600
   0.0056964800    0.0007683800   -0.0060231600
   0.0059346400    0.0002990000   -0.0062741300
   0.0059291100    0.0000647100   -0.0059579400
   0.0057983400    0.0003937000   -0.0059986500
   0.0058563900    0.0004322700   -0.0060573900
  -0.0017192900    0.0001858300   -0.0002780200
  -0.0017903100    0.0000260600   -0.0006302000
  -0.0019169200    0.0010003900   -0.0010844900
  -0.0019038600   -0.0002039600   -0.0005372900
   0.0020691500   -0.0128473400    0.0127544400
  -0.0019397700   -0.0001650600   -0.0004706100
  -0.0018154000   -0.0002025300   -0.0005177000
  -0.0018377700    0.0000375100   -0.0006180800
   0.0014805000   -0.0003141700    0.0003114300
   0.0013774800   -0.0001537400    0.0004188800
   0.0014123300    0.0002568300    0.0007365300
   0.0016480200   -0.0002352800    0.0004594800
   0.0010941300   -0.0000461900    0.0005522700
   0.0029997600    0.0007735200    0.0016928600
   0.0014386400   -0.0003316300    0.0003153200
   0.0013060400   -0.0001129000    0.0005297100
  -0.0001187700    0.0033939500   -0.0055177800
  -0.0001165200    0.0033699200   -0.0055630300
   0.0001872100    0.0023814300   -0.0049859900
  -0.0000936100    0.0031383600   -0.0053449100
  -0.0005964000    0.0031898500   -0.0051485200
  -0.0003263400    0.0032058700   -0.0055672500
  -0.0001593500    0.0033126300   -0.0055052300
  -0.0001087100    0.0033784400   -0.0055597800
  -0.0001410600   -0.0051869900   -0.0025534300
   0.0000527300   -0.0045899600   -0.0033183200
  -0.0001266700   -0.0047969600   -0.0028323400
   0.0003712200   -0.0053895300   -0.0023335000
  -0.0000590900   -0.0048938300   -0.0026456100
  -0.0002754900   -0.0051596400   -0.0024973000
  -0.0001411700   -0.0051914800   -0.0025587700
   0.0000979000   -0.0042677600   -0.0030840100
   0.0059312400   -0.0001587700    0.0057912300
   0.0060701700   -0.0003853900    0.0059138000
   0.0062462600   -0.0004252800    0.0058477100
   0.0060087400   -0.0003056600    0.0058571500
   0.0059486900   -0.0005760900    0.0058462400
   0.0068566400    0.0002568300    0.0047844400
   0.0061209800   -0.0007179800    0.0055006000
   0.0060421800   -0.0003456500    0.0058551800
  -0.0001427900   -0.0013190800   -0.0049481500
  -0.0000849100   -0.0012398900   -0.0047470000
   0.0001011400   -0.0007122400   -0.0047804700
  -0.0000769500   -0.0013286000   -0.0049583100
  -0.0005698700   -0.0004026800   -0.0046666200
  -0.0001737100   -0.0013137200   -0.0049922800
  -0.0001206500   -0.0014011000   -0.0046137600
  -0.0000408700   -0.0012558100   -0.0047521200
   0.0000065000   -0.0000073200    0.0013305300
   0.0000184400   -0.0001093600    0.0015843200
  -0.0007065300    0.0015308600    0.0031332000
  -0.0000229200   -0.0000346600    0.0014356800
  -0.0000277100   -0.0000308100    0.0013142400
   0.0001372100    0.0000506000    0.0014596700
   0.0000414700   -0.0000300700    0.0013850700
   0.0000248800    0.0000087400    0.0013897800
   0.0000202100    0.0000584300   -0.0013887300
  -0.0001192900   -0.0000574200   -0.0013609000
  -0.0000325400   -0.0000413900   -0.0015344700
  -0.0000211300   -0.0000816200   -0.0012726800
   0.0000083000   -0.0000168100   -0.0014275800
  -0.0000368600    0.0001273200   -0.0013311500
  -0.0000226900   -0.0000247800   -0.0013877300
   0.0000801200   -0.0000358400   -0.0013214700

17   
 -0.0040564153977520   0.0070817950687708  -0.0057787258738250
  -0.0002601900    0.0019177100    0.0049333300
  -0.0041816800   -0.0078205600    0.0098096400
   0.0000221200    0.0015370600    0.0048199500
  -0.0000042500    0.0018143900    0.0050431200
   0.0000162900    0.0015489300    0.0048270500
   0.0000188500    0.0017894500    0.0050340400
   0.0002697900    0.0017050700    0.0050551800
  -0.0000503800    0.0016003800    0.0050663000
  -0.0063890700    0.0006350800   -0.0059003600
  -0.0055265300    0.0003744200   -0.0059121700
  -0.0061836600    0.0002481600   -0.0058195200
  -0.0061050300    0.0001987100   -0.0057823000
  -0.0061176300    0.0003060300   -0.0058158400
  -0.0061004300    0.0002727900   -0.0057630300
  -0.0059384300    0.0003503300   -0.0056271200
  -0.0062247700   -0.0001579600   -0.0058217900
   0.0894204700   -0.1736723000    0.1650272100
   0.0001557300    0.0052176300    0.0029401100
   0.0002355500    0.0051612000    0.0028762600
   0.0001460800    0.0054119400    0.0027760700
   0.0000212600    0.0052713900    0.0028564400
   0.0001408300    0.0054455300    0.0027493800
  -0.0000196400    0.0060016000    0.0022497300
   0.0000828800    0.0052212600    0.0029048000
  -0.0000663800   -0.0032595600    0.0056732200
  -0.0008305200   -0.0009250900    0.0082749500
   0.0000278700   -0.0035416100    0.0054505700
  -0.0000773500   -0.0033440700    0.0054840800
   0.0000745800   -0.0034140000    0.0054034400
   0.0002785500   -0.0033588600    0.0054940600
   0.0000255500   -0.0033709900    0.0055416700
   0.0000663900   -0.0032895300    0.0054030300
  -0.0003192100    0.0021040300    0.0006503000
  -0.0022869600   -0.0005581300   -0.0004704600
  -0.0014097800    0.0000880100   -0.0002111600
  -0.0015244400    0.0003125300   -0.0002259500
  -0.0014297300    0.0001213500   -0.0004040900
  -0.0014991000    0.0003000100   -0.0002344600
  -0.0014045200    0.0002392100    0.0000584100
  -0.0014667100   -0.0000243000   -0.0003128100
   0.0018143200    0.0002421900    0.0003899200
   0.0014993700    0.0000664200    0.0003646500
   0.0017127800    0.0000044600    0.0004892700
  -0.0045975800    0.0051043900   -0.0033897600
   0.0017244500    0.0000051000    0.0005179000
   0.0021297400    0.0010416000   -0.0003450700
   0.0018816300    0.0002520300    0.0003142900
   0.0017845200   -0.0001196200    0.0005152500
  -0.0059172400    0.0004246300    0.0057492500
  -0.0059477500   -0.0001245200    0.0070550700
  -0.0058169000   -0.0002920900    0.0064916000
  -0.0059350900   -0.0003119300    0.0059069800
  -0.0059327100   -0.0005474600    0.0061220000
  -0.0059550700   -0.0003575000    0.0059500800
  -0.0059567800   -0.0003770700    0.0059075400
  -0.0059587900   -0.0003830300    0.0059443300
   0.0010645300    0.1088046300   -0.1227542200
  -0.0000705100   -0.0002217700    0.0000458600
  -0.0001467900   -0.0006520100    0.0003648900
   0.0000766300   -0.0001945200   -0.0000171800
   0.0003214900   -0.0005423800    0.0001756200
   0.0000851700   -0.0002353700   -0.0000090200
   0.0000598100   -0.0002976400   -0.0002360600
   0.0002092600   -0.0001760300    0.0001309800
   0.0059475900    0.0004318900    0.0058821000
   0.0058165700    0.0004553000    0.0060101700
   0.0059514800    0.0004671400    0.0058695600
   0.0035448000    0.0029947700    0.0056085000
   0.0059743400    0.0004471500    0.0059103800
   0.0046708000    0.0013134200    0.0058260200
   0.0059034600    0.0004296200    0.0058651700
   0.0059434300    0.0004857000    0.0058780500
  -0.0022579300   -0.0007527800    0.0001377100
   0.0008829600   -0.0003993300    0.0021771200
  -0.0014547400   -0.0001608300    0.0005082000
  -0.0014972200   -0.0003726600    0.0004295700
  -0.0015229800   -0.0001959400    0.0005429800
  -0.0016411900   -0.0003970400    0.0003548900
  -0.0018871800   -0.0004768400    0.0002323200
  -0.0012555900   -0.0003102300    0.0006039200
   0.0014427400   -0.0001381100   -0.0001858900
   0.0013062000   -0.0000431900    0.0000249600
  -0.0637190900    0.0377744500   -0.0331810100
   0.0012660000    0.0001350800   -0.0001038200
   0.0007348400   -0.0017967200   -0.0000853900
   0.0012672000    0.0000991600   -0.0001539300
   0.0013143300    0.0001617800   -0.0000692400
   0.0013888300   -0.0000865000    0.0000225600
   0.0000024000    0.0035208800    0.0058041200
   0.0002134600    0.0041211400    0.0058445100
   0.0000729300    0.0036756600    0.0057560000
   0.0001478900    0.0039820000    0.0043606700
   0.0000517200    0.0036321200    0.0057512100
   0.0004521200    0.0040371300    0.0047124500
   0.0000898000    0.0035639400    0.0057752100
   0.0000734500    0.0036175700    0.0057513500
  -0.0078628600    0.0100582200    0.0070559200
   0.0002351500   -0.0050424200    0.0030184100
  -0.0001484400   -0.0052405700    0.0030063500
   0.0000444400   -0.0054083300    0.0028645300
   0.0002428600   -0.0051888900    0.0031922800
   0.0000180500   -0.0054563800    0.0028666700
   0.0000732100   -0.0054605100    0.0028095300
  -0.0001339800   -0.0052504800    0.0029962800
   0.0057930200   -0.0004685400   -0.0053535500
   0.0065997000   -0.0003499500   -0.0059328900
   0.0028510100    0.0028962900   -0.0065123000
   0.0064750200   -0.0006446300   -0.0059518400
   0.0059230000    0.0002422600   -0.0065599200
   0.0064613600   -0.0006475300   -0.0059406100
   0.0065107000   -0.0007045700   -0.0060301000
   0.0064290400   -0.0006075800   -0.0058754200
   0.0021151500   -0.0056899500    0.0079941400
  -0.0002763700   -0.0011031900    0.0046659800
  -0.0013860300    0.0004886400    0.0048161100
  -0.0002995600   -0.0010015500    0.0045296400
   0.0008395900    0.0002812600    0.0042604500
  -0.0002904200   -0.0009578500    0.0044968800
  -0.0002911000   -0.0009251700    0.0045316800
  -0.0002985900   -0.0010864500    0.0046637500
   0.0002872800    0.0010863500   -0.0045710700
   0.0003897700    0.0010322300   -0.0044145100
   0.0002776900    0.0009772300   -0.0045074100
  -0.0010689400    0.0003698900   -0.0042075300
   0.0002603100    0.0009976800   -0.0045192200
  -0.0048040000   -0.0023259800   -0.0030105300
   0.0002733400    0.0010633600   -0.0045879100
   0.0002447700    0.0009201300   -0.0045022000
  -0.0064512800    0.0006270000    0.0059263700
  -0.0060730400    0.0009010100    0.0061032400
  -0.0064606900    0.0006215800    0.0059503600
  -0.0060381600    0.0005964700    0.0057493000
  -0.0064933000    0.0006356800    0.0059580400
  -0.0057399500    0.0017703800    0.0056229100
  -0.0065006600    0.0006050100    0.0059184000
  -0.0064552200    0.0006832400    0.0059255000
  -0.0000059400    0.0052822500   -0.0029764100
  -0.0000713100    0.0055695700   -0.0028072900
   0.0000613200    0.0055128600   -0.0027205600
  -0.0001720000    0.0054453400   -0.0028376200
  -0.0000696400    0.0055955800   -0.0028349400
   0.0006412400    0.0054019900   -0.0022080600
   0.0000121900    0.0052779000   -0.0029577100
   0.0000653200    0.0055315400   -0.0027478100
   0.0000336000   -0.0037277000   -0.0059430400
  -0.0000509800   -0.0035396200   -0.0057255700
  -0.0024001400   -0.0043993000   -0.0060557100
  -0.0000421000   -0.0036413000   -0.0057504100
  -0.0010478000   -0.0047364300   -0.0063039600
  -0.0000817500   -0.0035718500   -0.0057055900
  -0.0000349100   -0.0036571800   -0.0057710700
  -0.0000420500   -0.0035600900   -0.0057207600
  -0.0014172800    0.0001315300   -0.0000818000
  -0.0008613600    0.0008157300   -0.0008008600
  -0.0012408500   -0.0001253800    0.0000962300
  -0.0020769400    0.0010927200   -0.0010330200
  -0.0012727400   -0.0001124800    0.0001265200
   0.0040580700    0.0034014400   -0.0020401200
  -0.0013728700    0.0000335500   -0.0002085100
  -0.0012971100   -0.0001202700    0.0000838300
   0.0015120000    0.0002574700   -0.0005876300
   0.0015453600    0.0003569600   -0.0004359500
   0.0018135800   -0.0019705000   -0.0003992400
   0.0014743100    0.0000229500   -0.0005536700
   0.0015026100    0.0002918700   -0.0001170200
   0.0019054000    0.0006043000   -0.0008624800
   0.0012968000    0.0000943500   -0.0004672500
   0.0015408900    0.0003518500   -0.0004209500
  -0.0055544400   -0.0009045100   -0.0060692400
  -0.0059066400   -0.0004121500   -0.0058275100
  -0.0051178500   -0.0000941800   -0.0060360900
  -0.0059527600   -0.0004513400   -0.0058964600
  -0.0023844900    0.0017172800   -0.0061669600
  -0.0059618600   -0.0004516100   -0.0058921600
  -0.0059895300   -0.0005365900   -0.0059537100
  -0.0058322200   -0.0002214300   -0.0059250900
  -0.0000780800    0.0002545100   -0.0000984300
  -0.0000756000    0.0000246800    0.0001223200
  -0.0000621200    0.0002961800    0.0000541000
  -0.0005406200    0.0001840200   -0.0000406900
  -0.0000040400    0.0004495900    0.0002391500
   0.0000918600    0.0007567400   -0.0002842700
  -0.0000824100    0.0002411800   -0.0001052600
  -0.0001954600    0.0000727000    0.0002440100
   0.0059640500    0.0003830200   -0.0060000900
   0.0059351600    0.0002728400   -0.0059578500
   0.0061968800    0.0005128200   -0.0058562800
   0.0061082500    0.0000143800   -0.0059955800
   0.0058684900    0.0004760200   -0.0057184000
   0.0058988100    0.0007308900   -0.0060469200
   0.0060177500    0.0003813100   -0.0060082400
   0.0059555700    0.0003467300   -0.0059440100
  -0.0018891900   -0.0003420000   -0.0007085700
  -0.0018160800   -0.0001821700   -0.0003446500
  -0.0017162700   -0.0011734300    0.0001252200
  -0.0017014900    0.0000509500   -0.0004369600
  -0.0050346300    0.0127217500   -0.0137135600
  -0.0016681000    0.0000104000   -0.0005039600
  -0.0017935900    0.0000513100   -0.0004577200
  -0.0017706700   -0.0001945800   -0.0003565300
   0.0013839900   -0.0000924800    0.0003491000
   0.0014959500   -0.0002577500    0.0002370000
   0.0014872000   -0.0006790300   -0.0000843400
   0.0012049700   -0.0001675700    0.0002069900
   0.0017793500   -0.0003764900    0.0000996700
  -0.0001366500   -0.0012212000   -0.0010872600
   0.0014262900   -0.0000731800    0.0003406100
   0.0015659200   -0.0002988900    0.0001244100
  -0.0000896000    0.0033872500   -0.0054503800
  -0.0000897500    0.0034206600   -0.0053978900
  -0.0003989600    0.0044232100   -0.0059747000
  -0.0001142600    0.0036447400   -0.0056173800
   0.0003830000    0.0035976600   -0.0058093800
   0.0001211500    0.0035590100   -0.0053926600
  -0.0000465100    0.0034736200   -0.0054585000
  -0.0000973300    0.0034139400   -0.0054018200
  -0.0001710700   -0.0052192200   -0.0029110800
  -0.0003723700   -0.0057973300   -0.0021653600
  -0.0001853500   -0.0056168100   -0.0026294800
  -0.0006873100   -0.0050056700   -0.0031319900
  -0.0002548200   -0.0055153400   -0.0028096200
  -0.0000340400   -0.0052406600   -0.0029686400
  -0.0001707700   -0.0052151100   -0.0029075000
  -0.0004029600   -0.0061482000   -0.0023795400
   0.0062279400   -0.0004629100    0.0058604200
   0.0060946300   -0.0002417400    0.0057185500
   0.0059134600   -0.0001917400    0.0057774800
   0.0061564900   -0.0003243000    0.0057775200
   0.0062243300   -0.0000522100    0.0057887000
   0.0053023700   -0.0008958800    0.0068433900
   0.0060520700    0.0000836400    0.0061378100
   0.0061191800   -0.0002816300    0.0057737800
   0.0000842700   -0.0015777100   -0.0047625500
   0.0000310200   -0.0016670700   -0.0049593700
  -0.0001637300   -0.0022243600   -0.0049394600
   0.0000223200   -0.0015776000   -0.0047366800
   0.0005147300   -0.0025328400   -0.0050519600
   0.0001224500   -0.0016117300   -0.0047106600
   0.0000649000   -0.0015015300   -0.0050946400
  -0.0000139300   -0.0016499100   -0.0049526500
   0.0000404600   -0.0000080100    0.0014222800
   0.0000226100    0.0001013000    0.0011761800
   0.0007109500   -0.0014542400   -0.0004013600
   0.0000626300    0.0000094000    0.0012882700
   0.0000764100    0.0000392600    0.0014404300
  -0.0000924500   -0.0000618000    0.0012781400
  -0.0000071300    0.0000152500    0.0013635400
   0.0000151900   -0.0000157800    0.0013550400
  -0.0000609700   -0.0000620100   -0.0013610000
   0.0000711300    0.0000667300   -0.0013862000
  -0.0000036500    0.0000693100   -0.0011918300
  -0.0000102200    0.0000731400   -0.0014781300
  -0.0000514700    0.0000346000   -0.0013132800
  -0.0000143500   -0.0001389400   -0.0014304500
  -0.0000181000    0.0000301000   -0.0013540200
  -0.0001133800    0.0000422300   -0.0014203700

25   
 -0.0040564153977520   0.0070817950687708   0.0057787258738250
  -0.0024761400    0.0045813600    0.0257954400
   0.0000806900    0.0013651400    0.0049057200
   0.0000431100    0.0014163200    0.0048924500
   0.0000368300    0.0014900400    0.0048701300
   0.0000094100    0.0013504600    0.0048933200
   0.0000544000    0.0014139000    0.0048484500
  -0.0000747000    0.0014212400    0.0047703400
  -0.0000231500    0.0014450700    0.0048185600
  -0.0040979900    0.0013203000   -0.0084515700
  -0.0059892400    0.0002647500   -0.0058447100
  -0.0062629600    0.0001507800   -0.0058887100
  -0.0060652800    0.0002975400   -0.0058144400
  -0.0060377900    0.0003312900   -0.0058107700
  -0.0059557000    0.0003194400   -0.0058991800
  -0.0060257100    0.0002830000   -0.0058049400
  -0.0060877200    0.0003073800   -0.0058257500
  -0.0001371500    0.0053242400    0.0026219300
  -0.0007574700    0.0062412200   -0.0018366900
   0.0000988900    0.0051218700    0.0028338700
   0.0001648900    0.0053252700    0.0026843700
   0.0001459800    0.0051259200    0.0027299200
   0.0001840000    0.0050742700    0.0026222200
   0.0002348000    0.0051942100    0.0025266100
   0.0001383100    0.0051984600    0.0026674700
   0.0643352000   -0.2057333200   -0.0865576200
   0.0000212500   -0.0032772500    0.0056190300
   0.0001267900   -0.0034017300    0.0055234700
   0.0001070100   -0.0034350100    0.0054795000
   0.0000524200   -0.0033748600    0.0055424000
   0.0001036000   -0.0035054300    0.0053703200
   0.0000645900   -0.0035094900    0.0055165000
   0.0001742300   -0.0032989700    0.0055392900
  -0.0062292400    0.0088567700   -0.0023405600
  -0.0014024500    0.0005752100   -0.0006508400
  -0.0013842900    0.0001558100   -0.0003633000
  -0.0014453400    0.0002205800   -0.0003459100
  -0.0014320100    0.0001692200   -0.0003486300
  -0.0014828900    0.0001836100   -0.0002475400
  -0.0016566400    0.0002854600   -0.0005261700
  -0.0013458900    0.0001735800   -0.0004269700
   0.0018901700    0.0059812300    0.0015335100
   0.0015338300    0.0001323500    0.0003183800
   0.0020197500   -0.0000995800    0.0007302800
   0.0017489900    0.0000612500    0.0005079500
   0.0018125700    0.0001028700    0.0005015600
   0.0017558400    0.0000449200    0.0005910100
   0.0018334900    0.0000886500    0.0005102900
   0.0017274400   -0.0001168300    0.0002568500
  -0.0322176800    0.0353523300    0.0346349100
  -0.0057620700   -0.0002422700    0.0058638000
  -0.0058718800   -0.0004036500    0.0059967900
  -0.0058916400   -0.0004159800    0.0060013000
  -0.0059425400   -0.0003614200    0.0060383000
  -0.0058402100   -0.0005007400    0.0059220100
  -0.0058523700   -0.0003416300    0.0060247100
  -0.0058927300   -0.0003616500    0.0059976300
   0.0003176700   -0.0002516900   -0.0001082100
   0.0010864200   -0.0000402700    0.0060293600
   0.0000947300   -0.0003181900    0.0001452800
   0.0000070000   -0.0000736300    0.0000572400
   0.0000939700   -0.0003127500    0.0002433900
   0.0002049500   -0.0000238300    0.0000302000
  -0.0000061100   -0.0001978600    0.0003449600
   0.0002194000   -0.0003038400    0.0001968700
   0.0045432800    0.0008962700    0.0060218500
   0.0059970500    0.0004928200    0.0057440700
   0.0057629400    0.0006870600    0.0066554900
   0.0058745700    0.0005064000    0.0058928900
   0.0060569400    0.0004989400    0.0057820700
   0.0057765300    0.0005315100    0.0058754800
   0.0058660300    0.0004639500    0.0059085100
   0.0058637400    0.0004897300    0.0058516500
  -0.0115428000    0.0159510300   -0.0037655100
  -0.0015614600   -0.0002525300    0.0005718400
  -0.0015911700   -0.0003058400    0.0005544600
  -0.0016042000   -0.0002918800    0.0005516400
  -0.0015325800   -0.0002725100    0.0006042600
  -0.0015402200   -0.0002468200    0.0005326200
  -0.0018029600   -0.0000813100    0.0003377000
  -0.0017656900   -0.0002771200    0.0005226900
   0.0015051700   -0.0001075900   -0.0003405200
   0.0009853900    0.0002949700    0.0009919400
   0.0014943800    0.0000523100   -0.0000564700
   0.0016397600   -0.0002823500   -0.0005414900
   0.0012786700   -0.0000313000   -0.0001325900
   0.0015336900    0.0000504700    0.0002482800
   0.0012382900    0.0000076600    0.0000151500
   0.0013724600    0.0000358900   -0.0000671000
  -0.0103278300    0.0830862800    0.0209653500
  -0.0000061200    0.0036652000    0.0058151900
  -0.0002578500    0.0035038400    0.0057905100
   0.0000371100    0.0035850300    0.0058134600
   0.0001297500    0.0035627400    0.0057916800
   0.0001335900    0.0036369800    0.0057519700
   0.0000627000    0.0035609700    0.0058380800
  -0.0001161600    0.0035888800    0.0059975700
   0.0000029500   -0.0038672600    0.0029878800
   0.0001099400   -0.0060933000    0.0044613800
  -0.0000282900   -0.0052442500    0.0029351200
   0.0000044200   -0.0052469800    0.0027766800
  -0.0000469400   -0.0052602200    0.0029093400
  -0.0001162500   -0.0052693200    0.0027434000
   0.0004050400   -0.0045804300    0.0036667200
  -0.0000270900   -0.0052348900    0.0028594100
   0.0054778900    0.0016712500   -0.0054384300
   0.0063582100    0.0004496200   -0.0057794000
   0.0064226800   -0.0006524500   -0.0059247900
   0.0064231500   -0.0007973400   -0.0059725800
   0.0063186000   -0.0007490200   -0.0059510400
   0.0063011700   -0.0007757000   -0.0058476100
   0.0064161200   -0.0008687100   -0.0062985200
   0.0064349800   -0.0006327300   -0.0059246800
  -0.0002021600   -0.0007463600    0.0047232000
  -0.0004881600    0.0078769200    0.0057066200
  -0.0002924800   -0.0008060400    0.0044408800
  -0.0003186700   -0.0007571000    0.0047478600
  -0.0003199300   -0.0007465300    0.0043736100
  -0.0002689400   -0.0007298100    0.0047195900
  -0.0009629100   -0.0008761700    0.0038577800
  -0.0002979600   -0.0008876000    0.0044833000
  -0.0004112900   -0.0012070900   -0.0041114100
   0.0002540400    0.0007531800   -0.0045196900
   0.0005748800    0.0009904700   -0.0037711600
   0.0002955400    0.0008804700   -0.0044511200
   0.0000643600    0.0007674700   -0.0038392600
   0.0003429200    0.0012988000   -0.0044470800
   0.0002773200    0.0008826100   -0.0044661100
   0.0002923400    0.0007716700   -0.0045021000
  -0.0052032200   -0.0027378600    0.0046537700
  -0.0063576300    0.0007513400    0.0058771100
  -0.0065442300    0.0007955300    0.0057673300
  -0.0064257800    0.0006976200    0.0059316200
  -0.0068437300    0.0004264300    0.0069035300
  -0.0062750500    0.0006264100    0.0059264000
  -0.0064276800    0.0006587000    0.0059211100
  -0.0064074200    0.0008223600    0.0057873100
   0.0000073300    0.0054757600   -0.0031441900
   0.0000640000    0.0052212900   -0.0027859300
  -0.0015641100    0.0037827100   -0.0023314700
   0.0000532000    0.0052542000   -0.0029044700
  -0.0017289000    0.0024170800    0.0002877800
   0.0001230800    0.0052758000   -0.0028575500
   0.0000483300    0.0052352400   -0.0028809300
   0.0000217800    0.0052391700   -0.0028025500
   0.0000626400   -0.0040270700   -0.0058521200
  -0.0001788100   -0.0030974400   -0.0055834300
  -0.0000494800   -0.0035817100   -0.0058432300
   0.0000755800   -0.0037955100   -0.0058684200
  -0.0001784300   -0.0029597300   -0.0054188700
  -0.0002423100   -0.0038573000   -0.0057222400
   0.0001061300   -0.0039577500   -0.0057972400
  -0.0000493600   -0.0035672500   -0.0058250200
  -0.0005593900    0.0014012700    0.0013591000
  -0.0012459200    0.0000588900    0.0000249500
  -0.0014298400    0.0000162100   -0.0000789400
  -0.0013184900   -0.0000594500    0.0001201100
  -0.0014515400   -0.0001904800    0.0000559800
  -0.0013241000   -0.0000792100    0.0001322300
  -0.0013093900    0.0000039500    0.0001138200
  -0.0010081200    0.0001690500    0.0006864400
   0.0015215400    0.0002307400   -0.0006014100
   0.0016042600    0.0002476100   -0.0004777200
   0.0017338000    0.0003375100   -0.0006930500
   0.0014873600    0.0007106000   -0.0008780600
   0.0033887900    0.0046452600   -0.0027585100
   0.0015522700    0.0003116100   -0.0005842900
   0.0015834700    0.0002732300   -0.0005726800
   0.0016200400    0.0002889300   -0.0005613400
  -0.0057752000   -0.0003965500   -0.0061967800
  -0.0065540500    0.0001291500   -0.0054368700
  -0.0058944300   -0.0004622800   -0.0058918700
  -0.0058899900   -0.0006027500   -0.0057720300
  -0.0057730900   -0.0004709700   -0.0058899600
  -0.0060156800   -0.0004355300   -0.0061124500
  -0.0068786300   -0.0002426800   -0.0048048200
  -0.0059023900   -0.0004264300   -0.0058769100
  -0.0001006800    0.0001807500   -0.0006121000
  -0.0000970000    0.0001347600   -0.0001675000
   0.0001207000   -0.0001998500   -0.0000602900
  -0.0001328400    0.0002961500   -0.0001375100
  -0.0001339500   -0.0006574700   -0.0008036400
  -0.0005797100    0.0001251300   -0.0014867400
  -0.0000779000    0.0003222400   -0.0001805200
  -0.0000851100    0.0001616500   -0.0001723700
   0.0061330700    0.0004346300   -0.0062912000
   0.0058461000    0.0002926800   -0.0060170300
   0.0059071300    0.0003938200   -0.0060152000
   0.0058268000    0.0003480400   -0.0060114900
   0.0052003100   -0.0001994500   -0.0050308600
   0.0059049000    0.0003648600   -0.0060168800
   0.0058571400    0.0004075500   -0.0060053800
   0.0059033700    0.0003677600   -0.0059881700
  -0.0016873900   -0.0001378100   -0.0005449400
  -0.0017296300   -0.0011847400    0.0002108000
  -0.0018916800   -0.0000744800   -0.0004358900
  -0.0019163800    0.0000257200   -0.0001917200
  -0.0018543900   -0.0001340000   -0.0005081000
  -0.0025252800   -0.0001787100   -0.0002025200
  -0.0017684300    0.0000223100   -0.0006291600
  -0.0017871800   -0.0000914200   -0.0004370800
   0.0014186300   -0.0002209200    0.0003585600
   0.0013967800   -0.0002045300    0.0003295400
   0.0013892500   -0.0004637700    0.0003496400
   0.0014150600   -0.0001356900    0.0003129300
  -0.0161784100    0.0057829400    0.0071309000
   0.0015478500   -0.0002261600    0.0004255200
   0.0013990700   -0.0002028600    0.0003790700
   0.0014224700   -0.0002052000    0.0003444700
  -0.0001737700    0.0035118300   -0.0053822000
   0.0000314000    0.0034082100   -0.0057474900
  -0.0000457400    0.0034233100   -0.0054896500
  -0.0001294000    0.0033025900   -0.0054662700
  -0.0019074100    0.0039910200   -0.0024165900
  -0.0001011400    0.0032926400   -0.0054747100
  -0.0000738300    0.0034898600   -0.0054262000
  -0.0001079800    0.0034229000   -0.0054744100
  -0.0001510200   -0.0051456500   -0.0026847800
  -0.0001640200   -0.0051709400   -0.0027913300
  -0.0006603500   -0.0048013600   -0.0028354200
  -0.0001735600   -0.0051309300   -0.0028142300
   0.0005313900   -0.0052292000   -0.0028114500
   0.0000601500   -0.0055238000   -0.0034265300
  -0.0001074900   -0.0051407700   -0.0027717100
  -0.0001433700   -0.0051577300   -0.0027819200
   0.0060604200   -0.0003288100    0.0058116100
   0.0060227600   -0.0003780200    0.0057905700
   0.0060194300   -0.0002205900    0.0058768700
   0.0060690600   -0.0002808100    0.0057437400
   0.0170579500    0.0256893700    0.0208530000
   0.0060538600   -0.0003120500    0.0058121400
   0.0060922600   -0.0002996700    0.0058464000
   0.0060514800   -0.0003460700    0.0057882900
  -0.0000347000   -0.0014467300   -0.0047666600
  -0.0000621200   -0.0015068100   -0.0047749300
  -0.0000283500   -0.0015281000   -0.0048771600
   0.0000010400   -0.0013010000   -0.0049204500
   0.0024897800    0.0112151200   -0.0024538900
  -0.0001469800   -0.0013573300   -0.0048991200
  -0.0000251500   -0.0014677700   -0.0047882800
  -0.0000238000   -0.0014476100   -0.0048588000
   0.0000930800   -0.0020951100    0.0006576700
   0.0000435700    0.0000048100    0.0013816200
   0.0001190000   -0.0000424800    0.0014350300
  -0.0000263400   -0.0002113800    0.0010586400
   0.0001028400    0.0000803200    0.0013668900
   0.0000418000   -0.0000825600    0.0013277100
   0.0000269200   -0.0000692100    0.0013791000
   0.0000379900    0.0000482500    0.0014346500
   0.0002264900   -0.0007351000   -0.0013046200
  -0.0000562400    0.0000230800   -0.0013665800
  -0.0000169100    0.0000819700   -0.0014098500
  -0.0000462200   -0.0000712200   -0.0013981700
  -0.0000575200    0.0001993700   -0.0013221000
  -0.0000034900   -0.0000734200   -0.0014281200
  -0.0005210500   -0.0001627500   -0.0014949500
  -0.0000086800    0.0000223800   -0.0014696500

25   
  0.0040564153977520  -0.0070817950687708  -0.0057787258738250
   0.0026480600   -0.0017167100   -0.0158487300
  -0.0000290200    0.0015401400    0.0047897700
   0.0000112000    0.0014866600    0.0048102100
   0.0000168600    0.0014129000    0.0048308000
   0.0000423300    0.0015522300    0.0048100700
  -0.0000006000    0.0014884400    0.0048519700
   0.0001285900    0.0014841100    0.0049340500
   0.0000765400    0.0014586900    0.0048800600
  -0.0080262300   -0.0006763200   -0.0032109200
  -0.0061707400    0.0003626300   -0.0057894700
  -0.0059029500    0.0004745900   -0.0057472100
  -0.0060967100    0.0003321700   -0.0058190600
  -0.0061232300    0.0002974300   -0.0058225400
  -0.0062064300    0.0003095800   -0.0057333900
  -0.0061347100    0.0003457500   -0.0058275300
  -0.0060749000    0.0003208100   -0.0058082200
   0.0004500400    0.0050801300    0.0028442900
   0.0010641400    0.0041466900    0.0072832200
   0.0002121500    0.0052808300    0.0026266000
   0.0001464000    0.0050747900    0.0027791300
   0.0001655900    0.0052775700    0.0027317500
   0.0001265500    0.0053232100    0.0028416500
   0.0000772900    0.0052092500    0.0029388800
   0.0001730200    0.0052037800    0.0027928400
  -0.0662954100    0.1998956600    0.1005378100
   0.0001851000   -0.0035091000    0.0053431600
   0.0000803900   -0.0033857200    0.0054418000
   0.0000997400   -0.0033535500    0.0054842600
   0.0001536600   -0.0034130700    0.0054222400
   0.0001030100   -0.0032832900    0.0055944100
   0.0001408200   -0.0032777100    0.0054449400
   0.0000323600   -0.0034873800    0.0054241900
   0.0034363200   -0.0086222200    0.0016847200
  -0.0014654600   -0.0001587300   -0.0000203100
  -0.0014813300    0.0002548300   -0.0002977600
  -0.0014230700    0.0001906500   -0.0003147100
  -0.0014360000    0.0002423700   -0.0003124300
  -0.0013846100    0.0002268500   -0.0004131100
  -0.0012129500    0.0001243700   -0.0001334800
  -0.0015218900    0.0002383900   -0.0002356000
   0.0016786800   -0.0057648400   -0.0005639600
   0.0020768500    0.0000180300    0.0006612300
   0.0015832300    0.0002589900    0.0002426200
   0.0018589800    0.0000931000    0.0004684600
   0.0017941200    0.0000530600    0.0004712700
   0.0018517300    0.0001099700    0.0003849100
   0.0017729700    0.0000673300    0.0004619000
   0.0018806900    0.0002689900    0.0007220800
   0.0224213000   -0.0387510900   -0.0247067600
  -0.0060495100   -0.0005380300    0.0061380700
  -0.0059376900   -0.0003740500    0.0060060400
  -0.0059181300   -0.0003615200    0.0060008500
  -0.0058685200   -0.0004160900    0.0059653900
  -0.0059708700   -0.0002765200    0.0060803600
  -0.0059569200   -0.0004351400    0.0059771300
  -0.0059168500   -0.0004156300    0.0060044100
  -0.0001467000   -0.0002157600    0.0004209900
  -0.0008810800   -0.0006080600   -0.0058217600
   0.0000842200   -0.0001585600    0.0001715000
   0.0001726200   -0.0004012700    0.0002560900
   0.0000848400   -0.0001639000    0.0000720400
  -0.0000248900   -0.0004506100    0.0002813800
   0.0001921300   -0.0002753700   -0.0000347500
  -0.0000390600   -0.0001737300    0.0001194000
   0.0072053000    0.0000535700    0.0057681700
   0.0057549700    0.0004448000    0.0060589000
   0.0059948000    0.0002640900    0.0051361200
   0.0058780800    0.0004339800    0.0059083100
   0.0056942900    0.0004366300    0.0060184100
   0.0059770400    0.0004073200    0.0059265400
   0.0058877600    0.0004770400    0.0058921000
   0.0058894000    0.0004507400    0.0059507800
   0.0085859400   -0.0166657200    0.0050129000
  -0.0016316800   -0.0003248100    0.0005103000
  -0.0016007300   -0.0002734100    0.0005293800
  -0.0015896500   -0.0002873500    0.0005310100
  -0.0016597000   -0.0003066800    0.0004785300
  -0.0016534100   -0.0003325800    0.0005501100
  -0.0013869900   -0.0004987100    0.0007368000
  -0.0014275400   -0.0002993100    0.0005591600
   0.0011910300    0.0001933000    0.0001606500
   0.0017059700   -0.0001996100   -0.0011753800
   0.0012052800    0.0000294200   -0.0001269900
   0.0010588600    0.0003713200    0.0003635700
   0.0014207200    0.0001122300   -0.0000527800
   0.0011622600    0.0000313700   -0.0004291400
   0.0014612400    0.0000752900   -0.0002033800
   0.0013282500    0.0000460300   -0.0001189700
   0.0107059900   -0.0729625100   -0.0097259100
   0.0001185700    0.0034968100    0.0058288800
   0.0003669000    0.0036560800    0.0058552800
   0.0000670400    0.0035765900    0.0058372900
  -0.0000294300    0.0035974800    0.0058545300
  -0.0000295600    0.0035236800    0.0058999600
   0.0000417000    0.0035988400    0.0058115800
   0.0002190900    0.0035730700    0.0056500500
  -0.0000850100   -0.0066944900    0.0026248500
  -0.0002035900   -0.0044801500    0.0011834900
  -0.0000606700   -0.0053165500    0.0026750400
  -0.0000934100   -0.0053147600    0.0028342800
  -0.0000418100   -0.0053003400    0.0027012500
   0.0000261600   -0.0052926400    0.0028667300
  -0.0004952100   -0.0059652100    0.0019440700
  -0.0000614000   -0.0053261500    0.0027505600
   0.0074049000   -0.0031007600   -0.0064575300
   0.0064750700   -0.0017680500   -0.0060852700
   0.0064179100   -0.0006874200   -0.0059495100
   0.0064228600   -0.0005418800   -0.0059028800
   0.0065221900   -0.0005904400   -0.0059203100
   0.0065383100   -0.0005693500   -0.0060271300
   0.0064239600   -0.0004679500   -0.0055722900
   0.0064048400   -0.0007067400   -0.0059488500
  -0.0003821200   -0.0009416600    0.0041503300
  -0.0000834200   -0.0094559200    0.0031916300
  -0.0003022500   -0.0008708400    0.0044504000
  -0.0002772500   -0.0009191600    0.0041428100
  -0.0002751200   -0.0009323500    0.0045192100
  -0.0003225600   -0.0009444400    0.0041734000
   0.0003686500   -0.0008034900    0.0050333300
  -0.0002971100   -0.0007905000    0.0044097500
   0.0010010500    0.0028869500   -0.0047857800
   0.0003415200    0.0009255900   -0.0043722500
   0.0000109000    0.0006841500   -0.0051291600
   0.0002995200    0.0007966800   -0.0044398500
   0.0005349600    0.0009118300   -0.0050605400
   0.0002522200    0.0003798800   -0.0044486900
   0.0003180400    0.0007942000   -0.0044252000
   0.0003023000    0.0009054500   -0.0043890000
  -0.0076348100    0.0040438900    0.0072016800
  -0.0064818600    0.0005861900    0.0059970000
  -0.0062922100    0.0005388100    0.0061078900
  -0.0064145100    0.0006423700    0.0059425700
  -0.0060025500    0.0009219900    0.0049660700
  -0.0065669500    0.0007123200    0.0059492200
  -0.0064126900    0.0006811500    0.0059521000
  -0.0064324500    0.0005168400    0.0060871400
   0.0000813100    0.0050860800   -0.0024692300
   0.0000247700    0.0053397700   -0.0028241100
   0.0016560500    0.0067865400   -0.0033050200
   0.0000349500    0.0053078500   -0.0027068900
   0.0017737000    0.0081337400   -0.0058992100
  -0.0000320400    0.0052858100   -0.0027517400
   0.0000400300    0.0053259800   -0.0027293800
   0.0000667400    0.0053214500   -0.0028076900
  -0.0001714000   -0.0031310000   -0.0057950700
   0.0000709000   -0.0040826500   -0.0060716700
  -0.0000546500   -0.0035801000   -0.0058071700
  -0.0001826900   -0.0033685800   -0.0057766100
   0.0000704300   -0.0042085000   -0.0062286300
   0.0001408000   -0.0033074300   -0.0059247100
  -0.0002114300   -0.0032029200   -0.0058550200
  -0.0000549400   -0.0035944700   -0.0058252100
  -0.0021410000   -0.0014907500   -0.0011719600
  -0.0014553700   -0.0001484000    0.0001607500
  -0.0012701300   -0.0000982900    0.0002644300
  -0.0013808000   -0.0000216900    0.0000664900
  -0.0012432500    0.0001125900    0.0001255700
  -0.0013765000   -0.0000008100    0.0000539000
  -0.0013932500   -0.0000824300    0.0000713200
  -0.0016902700   -0.0002522700   -0.0004986100
   0.0016705300    0.0003474400   -0.0004810000
   0.0015895000    0.0003311800   -0.0006050000
   0.0014590500    0.0002407700   -0.0003886400
   0.0017072600   -0.0001266400   -0.0002128300
  -0.0001903900   -0.0040483700    0.0016264200
   0.0016414400    0.0002688200   -0.0004989300
   0.0016105700    0.0003056200   -0.0005096500
   0.0015752800    0.0002900900   -0.0005206200
  -0.0059826100   -0.0005442700   -0.0056009100
  -0.0051908400   -0.0010503300   -0.0063566300
  -0.0058586400   -0.0004777500   -0.0059093900
  -0.0058605300   -0.0003381400   -0.0060296900
  -0.0059799700   -0.0004684500   -0.0059093000
  -0.0057465300   -0.0005040300   -0.0056865200
  -0.0048666100   -0.0006989900   -0.0070024900
  -0.0058503300   -0.0005140100   -0.0059234000
  -0.0000804600    0.0002992800    0.0002939300
  -0.0000816500    0.0003395600   -0.0001473000
  -0.0003020400    0.0006790500   -0.0002485100
  -0.0000463300    0.0001806700   -0.0001780900
  -0.0000556000    0.0011407900    0.0004999300
   0.0003981600    0.0003183200    0.0011800900
  -0.0001006400    0.0001549600   -0.0001359000
  -0.0000937000    0.0003134300   -0.0001433600
   0.0056782400    0.0003418500   -0.0057152800
   0.0059630600    0.0004861600   -0.0059843000
   0.0059040200    0.0003842000   -0.0059861400
   0.0059806900    0.0004282400   -0.0059915600
   0.0066063600    0.0010242100   -0.0069748200
   0.0059057200    0.0004123600   -0.0059868700
   0.0059524200    0.0003694800   -0.0059970600
   0.0059067900    0.0004095000   -0.0060141100
  -0.0019204700   -0.0000147500   -0.0004310900
  -0.0018746800    0.0010262400   -0.0011799500
  -0.0017168600   -0.0000791700   -0.0005392400
  -0.0016889700   -0.0001788100   -0.0007855100
  -0.0017527100   -0.0000203000   -0.0004693700
  -0.0010758300    0.0000353100   -0.0007665200
  -0.0018395200   -0.0001755300   -0.0003468700
  -0.0018194600   -0.0000616900   -0.0005385200
   0.0014475400   -0.0001905900    0.0003036700
   0.0014712600   -0.0002077100    0.0003317500
   0.0014758900    0.0000520100    0.0003092300
   0.0014510600   -0.0002750200    0.0003481700
   0.0190892300   -0.0061623300   -0.0066158500
   0.0013194800   -0.0001845400    0.0002343400
   0.0014683700   -0.0002090100    0.0002827500
   0.0014451800   -0.0002065000    0.0003169800
  -0.0000324400    0.0032761100   -0.0055827800
  -0.0002381900    0.0033860800   -0.0052169200
  -0.0001613600    0.0033654100   -0.0054746500
  -0.0000772900    0.0034825100   -0.0054979500
   0.0017006800    0.0028383900   -0.0085517000
  -0.0001066400    0.0034912100   -0.0054897200
  -0.0001332800    0.0032977200   -0.0055380800
  -0.0000987000    0.0033651600   -0.0054895000
  -0.0001597200   -0.0052578700   -0.0027774300
  -0.0001471500   -0.0052325200   -0.0026701300
   0.0003524700   -0.0056126900   -0.0026154700
  -0.0001365900   -0.0052708000   -0.0026489600
  -0.0008421200   -0.0051794100   -0.0026346400
  -0.0003690700   -0.0048584000   -0.0020167200
  -0.0002036800   -0.0052623900   -0.0026883700
  -0.0001673700   -0.0052454400   -0.0026790800
   0.0061013700   -0.0003007500    0.0058221200
   0.0061402200   -0.0002517000    0.0058428300
   0.0061428000   -0.0004091500    0.0057557300
   0.0060923000   -0.0003495200    0.0058889100
  -0.0054988100   -0.0270137600   -0.0097388900
   0.0061077400   -0.0003172300    0.0058221800
   0.0060699200   -0.0003299300    0.0057886200
   0.0061102000   -0.0002838500    0.0058454100
  -0.0000193500   -0.0014556000   -0.0049336000
   0.0000083000   -0.0013996200   -0.0049261800
  -0.0000253500   -0.0013761100   -0.0048231200
  -0.0000566300   -0.0016018200   -0.0047820900
  -0.0025444600   -0.0143823700   -0.0073179000
   0.0000899900   -0.0015441600   -0.0048039800
  -0.0000286600   -0.0014352800   -0.0049117500
  -0.0000301700   -0.0014554600   -0.0048426100
  -0.0000471400    0.0020848300    0.0021099700
  -0.0000053600   -0.0000090000    0.0013667100
  -0.0000757600    0.0000351500    0.0013098700
   0.0000669500    0.0001975600    0.0016768800
  -0.0000659800   -0.0000894700    0.0013799100
  -0.0000010800    0.0000754300    0.0014185800
   0.0000134400    0.0000610400    0.0013666700
   0.0000053400   -0.0000530400    0.0013130500
  -0.0002829500    0.0007373500   -0.0014393600
   0.0000149100   -0.0000122400   -0.0013749600
  -0.0000239900   -0.0000740600   -0.0013368600
   0.0000051300    0.0000774400   -0.0013482500
   0.0000183900   -0.0001955700   -0.0014203900
  -0.0000367400    0.0000798700   -0.0013186400
   0.0004795000    0.0001629000   -0.0012576600
  -0.0000316100   -0.0000140600   -0.0012742400

25   
  0.0040564153977520  -0.0070817950687708   0.0057787258738250
   0.0025665200   -0.0211976000    0.0381838800
  -0.0000257600    0.0014640100    0.0047376000
   0.0000270000    0.0013498300    0.0047526700
   0.0000202200    0.0013442800    0.0048272400
   0.0000332500    0.0014142900    0.0047512100
   0.0000026100    0.0013121600    0.0047809300
   0.0001309900    0.0014548400    0.0047967100
   0.0000791600    0.0013813000    0.0048282200
  -0.0039576000   -0.0083185900   -0.0005215700
  -0.0060968700    0.0003357300   -0.0058005100
  -0.0061792900    0.0007997300   -0.0059469800
  -0.0061104900    0.0003189800   -0.0058154600
  -0.0060583400    0.0003146500   -0.0058133500
  -0.0060259500    0.0002139500   -0.0058058800
  -0.0061765000    0.0003180700   -0.0058353100
  -0.0060334500    0.0003274700   -0.0058171100
   0.0002570000    0.0050449500    0.0025606200
   0.0010657000    0.0051517200    0.0029311700
   0.0002033800    0.0052724000    0.0026814000
   0.0001498500    0.0050334900    0.0027135600
   0.0001560700    0.0051939900    0.0027905500
   0.0001040200    0.0052822800    0.0027749800
   0.0002517200    0.0051720700    0.0026524200
   0.0001645900    0.0051082400    0.0028421700
  -0.0666290800    0.2076484000   -0.1005346200
   0.0000776500   -0.0034934000    0.0055243800
   0.0001148100   -0.0033775600    0.0055376000
   0.0001072800   -0.0033845900    0.0055233500
   0.0001336600   -0.0034044100    0.0055176700
   0.0001094300   -0.0034052700    0.0055251300
   0.0001487500   -0.0032336900    0.0054690100
   0.0001550000   -0.0034711500    0.0056056900
   0.0018808300   -0.0089132600   -0.0011486700
  -0.0016707800    0.0000820700   -0.0002828300
  -0.0014098000    0.0001779700   -0.0003311100
  -0.0013870600    0.0001365100   -0.0003826400
  -0.0014153400    0.0001951200   -0.0003610300
  -0.0013596000    0.0001755700   -0.0004011000
  -0.0013082800    0.0001395300   -0.0005129300
  -0.0014767100    0.0002228800   -0.0002937400
   0.0032733900   -0.0033436000    0.0002711900
   0.0011394400    0.0000423600    0.0012152400
   0.0018408300   -0.0000330200    0.0004268000
   0.0018063200    0.0000411700    0.0005596300
   0.0019087000    0.0000084500    0.0004573800
   0.0018197900    0.0000145800    0.0004890400
   0.0016363600    0.0000814800    0.0004204100
   0.0019468100    0.0005281300    0.0005135100
  -0.0007311100   -0.0255051800    0.0054162500
  -0.0058960200   -0.0002690800    0.0059834300
  -0.0058806100   -0.0003877200    0.0060039100
  -0.0058992700   -0.0003949600    0.0060277400
  -0.0058447800   -0.0004228300    0.0059662700
  -0.0058768100   -0.0003659800    0.0060776400
  -0.0060039800   -0.0004775800    0.0059763800
  -0.0058639800   -0.0004196200    0.0060024200
  -0.0000112700   -0.0001999200    0.0008213600
  -0.0008940700    0.0046438100    0.0024102300
   0.0000910000   -0.0001613800    0.0001530700
   0.0000967400   -0.0002486400    0.0002129800
   0.0000905600   -0.0001694900    0.0001069900
   0.0000638500   -0.0002975100    0.0002398600
   0.0000671000   -0.0002586000    0.0003662000
  -0.0000353400   -0.0001606800    0.0002880700
   0.0047250100   -0.0053177300    0.0050491900
   0.0058038000    0.0007317600    0.0059758800
   0.0058003700   -0.0007195400    0.0062107500
   0.0058391200    0.0004864400    0.0059109200
   0.0059566100    0.0006499600    0.0058284500
   0.0058597600    0.0003957700    0.0059930200
   0.0058771000    0.0005337600    0.0058951300
   0.0058749500    0.0006133000    0.0059073600
   0.0265999400   -0.0264957300    0.0176126700
  -0.0015339300   -0.0003221500    0.0005193600
  -0.0016290300   -0.0002896200    0.0005768800
  -0.0015686900   -0.0002408400    0.0006126200
  -0.0016291100   -0.0002837000    0.0005537300
  -0.0016426800   -0.0002765300    0.0005909900
  -0.0010087900   -0.0005726900    0.0006304100
  -0.0015928100   -0.0003477200    0.0006976800
   0.0011424000    0.0002514800   -0.0001454500
   0.0011136200   -0.0005737900    0.0002425200
   0.0013164200    0.0000941300   -0.0000772600
   0.0018382300   -0.0000355700    0.0000174900
   0.0016052100    0.0000855000   -0.0002033100
   0.0013460600    0.0001950400   -0.0002739800
   0.0014068900    0.0000084900   -0.0002436600
   0.0013071900    0.0000726200   -0.0001783200
   0.0107094500   -0.0733047500    0.0208826300
   0.0001160300    0.0037606200    0.0060968800
   0.0001107000    0.0037345500    0.0061228200
   0.0000687000    0.0036107600    0.0058599100
   0.0002332500    0.0036735600    0.0061209700
  -0.0000270800    0.0035553700    0.0057946400
   0.0000436900    0.0035712200    0.0058062900
   0.0002225800    0.0038367200    0.0059152300
  -0.0006186600   -0.0058575500    0.0042035300
  -0.0002259700   -0.0049465500    0.0017397600
  -0.0000818100   -0.0052786200    0.0027670500
  -0.0000704600   -0.0052288700    0.0028013900
  -0.0000621800   -0.0052127200    0.0027434300
  -0.0000372000   -0.0052048600    0.0028340800
  -0.0000046700   -0.0051311100    0.0035207500
  -0.0000821400   -0.0052123000    0.0027614100
   0.0069066900    0.0025695000   -0.0055436100
   0.0064849200   -0.0004374200   -0.0052384200
   0.0064165800   -0.0007116800   -0.0059503100
   0.0062475200   -0.0006242000   -0.0060876700
   0.0064995500   -0.0006937600   -0.0059829600
   0.0065582000   -0.0005812100   -0.0059575100
   0.0061583400   -0.0004499100   -0.0056976500
   0.0063823000   -0.0007291900   -0.0059364600
  -0.0001972400   -0.0010037200    0.0043763200
  -0.0000885500   -0.0003447500    0.0042435600
  -0.0002970200   -0.0007318100    0.0043907500
  -0.0001950400   -0.0007354000    0.0044092200
  -0.0002708800   -0.0009207700    0.0045183700
  -0.0003933400   -0.0007574900    0.0044388900
   0.0001908000   -0.0008689700    0.0052518900
  -0.0002911500   -0.0006956800    0.0043768700
   0.0010031300    0.0001390500   -0.0048021300
   0.0004298400    0.0007293000   -0.0044173400
   0.0003471300    0.0005138600   -0.0039446400
   0.0002987800    0.0007342100   -0.0044162900
   0.0001977900    0.0007390500   -0.0038737100
   0.0002526600    0.0004273300   -0.0045691400
   0.0003180900    0.0007435100   -0.0043677500
   0.0002148500    0.0007088400   -0.0044312100
  -0.0051584800   -0.0013310000    0.0064899700
  -0.0064687400    0.0007522400    0.0059515900
  -0.0065581700    0.0007551700    0.0059145600
  -0.0063764000    0.0006975500    0.0059426300
  -0.0058056900   -0.0000509600    0.0060354300
  -0.0064504100    0.0007024600    0.0060128900
  -0.0064032100    0.0007403800    0.0059531000
  -0.0064823200    0.0008049600    0.0060031900
   0.0000953300    0.0052360100   -0.0028983100
   0.0000461800    0.0051966200   -0.0028508000
   0.0012786800    0.0061539100   -0.0017782700
   0.0000509500    0.0052405000   -0.0027333600
   0.0022162000    0.0075161700   -0.0043936700
  -0.0000178400    0.0054139000   -0.0026859400
   0.0000557900    0.0052415600   -0.0027732400
   0.0000766400    0.0051789200   -0.0028349200
  -0.0000909600   -0.0034134900   -0.0061463900
   0.0000678900   -0.0042167500   -0.0054369100
  -0.0000585900   -0.0036196300   -0.0058614100
   0.0000253800   -0.0034598700   -0.0058413600
   0.0000662100   -0.0040803100   -0.0055995300
  -0.0000745100   -0.0033979700   -0.0059882400
  -0.0002967600   -0.0034843400   -0.0062013100
  -0.0000591500   -0.0036062400   -0.0058796800
  -0.0037458100    0.0009448600   -0.0003419400
  -0.0015421600    0.0001220600   -0.0000391100
  -0.0014028700   -0.0001368600    0.0002568700
  -0.0013470700   -0.0000670700    0.0001646900
  -0.0015214500   -0.0001728600    0.0003189600
  -0.0013636700   -0.0000893600    0.0001634500
  -0.0012780600   -0.0000601000    0.0000371900
  -0.0007740900   -0.0002235000    0.0000587400
   0.0016319100    0.0002800900   -0.0005217400
   0.0015957900    0.0002909700   -0.0005998300
   0.0015866600    0.0002664700   -0.0007738700
   0.0019482500    0.0001226900   -0.0004794100
   0.0013733800   -0.0043269400   -0.0012050500
   0.0016280300    0.0002610700   -0.0005651400
   0.0016215200    0.0002677100   -0.0005637800
   0.0015703800    0.0002445900   -0.0005962700
  -0.0057134400   -0.0005253200   -0.0057328500
  -0.0051994900    0.0002817400   -0.0055152400
  -0.0058549300   -0.0005011400   -0.0059149400
  -0.0058766800   -0.0003494800   -0.0059650100
  -0.0059542800   -0.0005689600   -0.0059767700
  -0.0055669100   -0.0005862300   -0.0058775200
  -0.0044012200    0.0049061500   -0.0061298900
  -0.0058257700   -0.0005358100   -0.0059151900
  -0.0000845000    0.0003413200   -0.0004065800
  -0.0000759500    0.0003631800   -0.0002394200
  -0.0007417600    0.0004444400   -0.0008071000
  -0.0000525300    0.0001790500   -0.0002315200
   0.0003777500    0.0009099200   -0.0000558100
   0.0003976500    0.0001263000    0.0003566400
  -0.0001068400    0.0001869100   -0.0002397200
  -0.0001114200    0.0003374700   -0.0002354400
   0.0059533700    0.0006676800   -0.0059136100
   0.0057817200    0.0003898200   -0.0060561400
   0.0059450100    0.0003578800   -0.0059917200
   0.0059060000    0.0004021000   -0.0060014400
   0.0025532100   -0.0065607000   -0.0043295900
   0.0058643100    0.0004197900   -0.0059929500
   0.0058862700    0.0003882100   -0.0059872600
   0.0059196600    0.0003978000   -0.0060091100
  -0.0018541100   -0.0000823700   -0.0004715300
  -0.0012686800    0.0006546200    0.0002340700
  -0.0018161300   -0.0000146500   -0.0004888200
  -0.0018613400   -0.0000168900   -0.0006269600
  -0.0019249000   -0.0000482300   -0.0006187400
  -0.0018460500   -0.0003755400   -0.0011171900
  -0.0017774100   -0.0001168000   -0.0006504600
  -0.0017860300   -0.0000356300   -0.0005979300
   0.0014528100   -0.0002045700    0.0003526800
   0.0014365900   -0.0001479500    0.0003713300
   0.0010738500   -0.0000188600    0.0001983900
   0.0013288500   -0.0002701000    0.0003584900
   0.0020355200   -0.0153772600    0.0056444300
   0.0014610000   -0.0002277700    0.0003739000
   0.0014137900   -0.0001829900    0.0003572500
   0.0014008100   -0.0001565800    0.0003984100
  -0.0001010200    0.0033569500   -0.0055294900
  -0.0002420200    0.0033569300   -0.0057173400
  -0.0001671300    0.0033527100   -0.0054785500
  -0.0000946400    0.0034654000   -0.0054564100
   0.0016959400    0.0032126600   -0.0028670700
  -0.0000986400    0.0034745100   -0.0054478400
  -0.0000750400    0.0033789000   -0.0054851500
  -0.0001037400    0.0034016900   -0.0055227500
  -0.0001473800   -0.0051282300   -0.0026935600
  -0.0001386000   -0.0051147300   -0.0026964700
   0.0006074200   -0.0059934600   -0.0022669000
  -0.0001225500   -0.0052692200   -0.0023836200
  -0.0010677600   -0.0055602500   -0.0022881800
  -0.0003569600   -0.0050644000   -0.0024531000
  -0.0001900300   -0.0052024100   -0.0026707200
  -0.0001482300   -0.0051268700   -0.0027052900
   0.0060429400   -0.0003138300    0.0058229900
   0.0060448100   -0.0003413600    0.0058444600
   0.0061874500   -0.0004518000    0.0057583700
   0.0059359000   -0.0000819700    0.0057375100
   0.0170751500   -0.0145892800    0.0197266300
   0.0060541600   -0.0003207200    0.0058229700
   0.0060439400   -0.0003372300    0.0057931700
   0.0060897900   -0.0003168200    0.0058754800
  -0.0000426000   -0.0014343300   -0.0048334900
   0.0000006800   -0.0014479000   -0.0048839400
  -0.0000333000   -0.0011519100   -0.0048251600
  -0.0000451400   -0.0014949600   -0.0046970600
  -0.0025355800   -0.0071047000   -0.0056015300
   0.0000627700   -0.0014361900   -0.0047176900
  -0.0000221000   -0.0014148800   -0.0048122700
  -0.0000382200   -0.0013756500   -0.0047711400
  -0.0000310500   -0.0022389800    0.0081446300
   0.0000257700   -0.0000667400    0.0013758500
  -0.0003788600    0.0001981600    0.0012552300
   0.0000684300    0.0001627500    0.0016011700
   0.0002391000    0.0000737000    0.0013247400
  -0.0000001200    0.0000486700    0.0013997400
   0.0000144300    0.0000737500    0.0013740000
  -0.0000236600   -0.0001106400    0.0013220500
  -0.0001807900    0.0006421300   -0.0013213800
   0.0000137900   -0.0001446800   -0.0014536000
  -0.0000251800   -0.0000274600   -0.0013745800
   0.0000128700    0.0000485300   -0.0013971400
   0.0000171600    0.0003580900   -0.0018160200
  -0.0000468900    0.0000510800   -0.0013674900
   0.0003730700    0.0000692700   -0.0011382300
  -0.0000329100   -0.0000664500   -0.0013409900

25   
 -0.0040564153977520   0.0070817950687708  -0.0057787258738250
  -0.0025628200    0.0233613200   -0.0264011900
   0.0000760000    0.0014420500    0.0049603800
   0.0000279000    0.0015528400    0.0049489100
   0.0000336500    0.0015586700    0.0048745000
   0.0000184900    0.0014887500    0.0049511600
   0.0000511200    0.0015919600    0.0049213400
  -0.0000771200    0.0014522200    0.0049074900
  -0.0000243900    0.0015240800    0.0048721500
  -0.0081149200    0.0087169700   -0.0109549900
  -0.0060635500    0.0002942600   -0.0058323500
  -0.0059826400   -0.0001745500   -0.0056869100
  -0.0060522200    0.0003105500   -0.0058183900
  -0.0061032600    0.0003141500   -0.0058197000
  -0.0061357200    0.0004156400   -0.0058268300
  -0.0059863000    0.0003106000   -0.0057975300
  -0.0061294300    0.0003018700   -0.0058174300
   0.0000568200    0.0053593900    0.0029044500
  -0.0007372800    0.0052554700    0.0025365900
   0.0001081200    0.0051308600    0.0027802400
   0.0001623000    0.0053675100    0.0027516500
   0.0001552200    0.0052094900    0.0026711600
   0.0002068500    0.0051201800    0.0026889800
   0.0000599100    0.0052341600    0.0028101500
   0.0001466300    0.0052939300    0.0026197900
   0.0639888000   -0.2156699700    0.1082751600
   0.0001295400   -0.0032936100    0.0054392100
   0.0000920700   -0.0034098000    0.0054273100
   0.0000993800   -0.0034034300    0.0054407300
   0.0000725100   -0.0033833500    0.0054466900
   0.0000968300   -0.0033818900    0.0054390800
   0.0000573600   -0.0035514600    0.0054922000
   0.0000509800   -0.0033155400    0.0053581900
  -0.0046678400    0.0091554800    0.0005265500
  -0.0011960500    0.0003350600   -0.0003826000
  -0.0014570300    0.0002339000   -0.0003302800
  -0.0014813100    0.0002749200   -0.0002778800
  -0.0014527300    0.0002159900   -0.0002999200
  -0.0015091100    0.0002350300   -0.0002590000
  -0.0015599800    0.0002684500   -0.0001477100
  -0.0013901400    0.0001900000   -0.0003688800
   0.0003411300    0.0034950600    0.0007091500
   0.0024664400    0.0001139300   -0.0002323000
   0.0017647200    0.0001891300    0.0005495000
   0.0018019900    0.0001134500    0.0004163000
   0.0016991900    0.0001451100    0.0005176800
   0.0017878800    0.0001399700    0.0004867100
   0.0019669800    0.0000738400    0.0005520300
   0.0016619700   -0.0003761400    0.0004626800
  -0.0109250400    0.0247408100    0.0064436700
  -0.0059134000   -0.0005101100    0.0060161300
  -0.0059292400   -0.0003899400    0.0059991700
  -0.0059105900   -0.0003821700    0.0059747400
  -0.0059659200   -0.0003544400    0.0060363100
  -0.0059339100   -0.0004112700    0.0059250800
  -0.0058076100   -0.0003016000    0.0060260600
  -0.0059430600   -0.0003588500    0.0059989200
   0.0001815900   -0.0002726800   -0.0005074400
   0.0010598000   -0.0051707800   -0.0021572600
   0.0000876300   -0.0003143600    0.0001630900
   0.0000821700   -0.0002253500    0.0000998500
   0.0000879300   -0.0003066700    0.0002087500
   0.0001146300   -0.0001770000    0.0000726700
   0.0001146300   -0.0002185500   -0.0000554400
   0.0002109300   -0.0003152600    0.0000287000
   0.0070223000    0.0063484400    0.0067337600
   0.0059478600    0.0002091200    0.0058264400
   0.0059491200    0.0016440900    0.0055883400
   0.0059136000    0.0004537400    0.0058904700
   0.0057955900    0.0002903800    0.0059709100
   0.0058928900    0.0005442000    0.0058087400
   0.0058766700    0.0004082300    0.0059057900
   0.0058788900    0.0003264000    0.0058952000
  -0.0277028400    0.0246968900   -0.0155607700
  -0.0016589100   -0.0002579700    0.0005633600
  -0.0015638400   -0.0002897700    0.0005058100
  -0.0016253700   -0.0003386100    0.0004698300
  -0.0015644400   -0.0002952300    0.0005292900
  -0.0015510900   -0.0003035100    0.0004911600
  -0.0021756600   -0.0000117800    0.0004423400
  -0.0016027600   -0.0002306500    0.0003832800
   0.0015555800   -0.0001676800   -0.0000412400
   0.0015795700    0.0006685800   -0.0004344300
   0.0013833600   -0.0000125900   -0.0001070200
   0.0008640100    0.0001170100   -0.0001968600
   0.0010933100   -0.0000044900    0.0000173900
   0.0013542300   -0.0001130800    0.0000877000
   0.0012934300    0.0000736300    0.0000583900
   0.0013936000    0.0000083100   -0.0000074800
  -0.0103300700    0.0834896600   -0.0088963200
  -0.0000103300    0.0034014800    0.0055531500
  -0.0000029200    0.0034254500    0.0055322200
   0.0000355600    0.0035510500    0.0057903100
  -0.0001272700    0.0034869500    0.0055311800
   0.0001316000    0.0036065100    0.0058558800
   0.0000606700    0.0035898200    0.0058434300
  -0.0001202000    0.0033252100    0.0057327000
   0.0005379100   -0.0047010300    0.0014173200
   0.0001330700   -0.0056365400    0.0039006800
  -0.0000070300   -0.0052835600    0.0028425100
  -0.0000170900   -0.0053339000    0.0028092000
  -0.0000263400   -0.0053488500    0.0028674100
  -0.0000521400   -0.0053576600    0.0027758200
  -0.0000870200   -0.0054189300    0.0020922100
  -0.0000064600   -0.0053483300    0.0028485300
   0.0059400000   -0.0039056600   -0.0063198600
   0.0063551800   -0.0009013500   -0.0066305500
   0.0064240400   -0.0006283800   -0.0059237500
   0.0065924200   -0.0007162800   -0.0057869700
   0.0063374400   -0.0006448100   -0.0058889300
   0.0062837900   -0.0007585900   -0.0059149100
   0.0066830700   -0.0008878900   -0.0061723200
   0.0064576400   -0.0006103700   -0.0059369100
  -0.0003949600   -0.0006797200    0.0045140400
  -0.0005043600   -0.0013415600    0.0046055000
  -0.0002978800   -0.0009450300    0.0045009800
  -0.0003984000   -0.0009425900    0.0044843400
  -0.0003250500   -0.0007546000    0.0043731900
  -0.0002028800   -0.0009197500    0.0044546700
  -0.0007887800   -0.0008134200    0.0036389800
  -0.0003036900   -0.0009813000    0.0045158200
  -0.0004089100    0.0015824400   -0.0041003600
   0.0001654000    0.0009483500   -0.0044739800
   0.0002449400    0.0011645100   -0.0049487200
   0.0002962000    0.0009425900   -0.0044748700
   0.0003963800    0.0009407100   -0.0050119000
   0.0003433600    0.0012541900   -0.0043274200
   0.0002772200    0.0009340400   -0.0045235700
   0.0003813400    0.0009686000   -0.0044573300
  -0.0076858700    0.0027044000    0.0053784300
  -0.0063721400    0.0005874300    0.0059227400
  -0.0062817200    0.0005846100    0.0059587100
  -0.0064638600    0.0006421700    0.0059314800
  -0.0070325400    0.0013877800    0.0058393300
  -0.0063895500    0.0006358100    0.0058617400
  -0.0064374600    0.0006003700    0.0059204600
  -0.0063579900    0.0005338200    0.0058714200
  -0.0000073400    0.0053233300   -0.0027105700
   0.0000427600    0.0053646700   -0.0027590900
  -0.0011853900    0.0044129700   -0.0038053600
   0.0000376700    0.0053222200   -0.0028774400
  -0.0021041100    0.0030581500   -0.0012163100
   0.0001053400    0.0051477300   -0.0029253300
   0.0000325900    0.0053202300   -0.0028362300
   0.0000121600    0.0053820800   -0.0027754800
  -0.0000130700   -0.0037465800   -0.0055063200
  -0.0001719200   -0.0029563400   -0.0062214400
  -0.0000455100   -0.0035424600   -0.0057889300
  -0.0001297200   -0.0037035000   -0.0058072800
  -0.0001739700   -0.0030837500   -0.0060648300
  -0.0000296500   -0.0037651000   -0.0056617700
   0.0001942100   -0.0036753100   -0.0054457900
  -0.0000451300   -0.0035557000   -0.0057711400
   0.0010242100   -0.0010827600    0.0005126600
  -0.0011569400   -0.0002055400    0.0002257200
  -0.0012972300    0.0000545500   -0.0000695100
  -0.0013523400   -0.0000139500    0.0000213800
  -0.0011785800    0.0000916800   -0.0001327300
  -0.0013367000    0.0000094400    0.0000212400
  -0.0014207000   -0.0000199000    0.0001470000
  -0.0019218000    0.0001406700    0.0001270800
   0.0015622200    0.0002993900   -0.0005605400
   0.0015988500    0.0002876600   -0.0004819000
   0.0016054700    0.0003103100   -0.0003090600
   0.0012468100    0.0004601100   -0.0006043800
   0.0017744800    0.0049349900    0.0001317100
   0.0015649800    0.0003185700   -0.0005188300
   0.0015717900    0.0003110400   -0.0005182300
   0.0016239600    0.0003344100   -0.0004852400
  -0.0060398400   -0.0004143200   -0.0060668600
  -0.0065545100   -0.0012233200   -0.0062840200
  -0.0058981400   -0.0004391100   -0.0058861200
  -0.0058753600   -0.0005895100   -0.0058358800
  -0.0057954800   -0.0003677400   -0.0058229400
  -0.0061845700   -0.0003546800   -0.0059221000
  -0.0073852400   -0.0058887600   -0.0057219000
  -0.0059271500   -0.0004046800   -0.0058854100
  -0.0000934000    0.0001408200    0.0000935600
  -0.0001028400    0.0001126300   -0.0000753500
   0.0005545900    0.0000264000    0.0004886100
  -0.0001265500    0.0002974400   -0.0000837100
  -0.0005483600   -0.0004293400   -0.0002532200
  -0.0005703300    0.0003392300   -0.0006776600
  -0.0000717600    0.0002888800   -0.0000768800
  -0.0000672900    0.0001392600   -0.0000805700
   0.0058536400    0.0001063700   -0.0060909400
   0.0060276400    0.0003873200   -0.0059452300
   0.0058648300    0.0004186900   -0.0060088800
   0.0059020700    0.0003758500   -0.0060000700
   0.0092298900    0.0072517000   -0.0075873700
   0.0059469200    0.0003574900   -0.0060097200
   0.0059232100    0.0003891300   -0.0060151200
   0.0058910700    0.0003798800   -0.0059934100
  -0.0017546900   -0.0000715000   -0.0005042700
  -0.0023359500   -0.0008075600   -0.0012187200
  -0.0017928300   -0.0001392500   -0.0004861100
  -0.0017448000   -0.0001379700   -0.0003488600
  -0.0016807400   -0.0001079200   -0.0003585100
  -0.0017625900    0.0002158000    0.0001316400
  -0.0018271900   -0.0000363200   -0.0003221100
  -0.0018221100   -0.0001182200   -0.0003777900
   0.0014147300   -0.0002075900    0.0003086100
   0.0014311200   -0.0002646000    0.0002896700
   0.0017851200   -0.0003985500    0.0004453700
   0.0015364400   -0.0001430300    0.0003036600
   0.0009439500    0.0151328000   -0.0049801500
   0.0014084900   -0.0001831600    0.0002858300
   0.0014540300   -0.0002285600    0.0003044400
   0.0014672500   -0.0002552700    0.0002625300
  -0.0001063600    0.0034302700   -0.0054356200
   0.0000358400    0.0034340900   -0.0052483700
  -0.0000402200    0.0034359000   -0.0054866300
  -0.0001133400    0.0033219500   -0.0055093100
  -0.0019030200    0.0036265500   -0.0080904200
  -0.0001072600    0.0033122200   -0.0055172100
  -0.0001308100    0.0034086800   -0.0054789300
  -0.0001029100    0.0033864100   -0.0054412700
  -0.0001637400   -0.0052760800   -0.0027670600
  -0.0001723500   -0.0052886300   -0.0027640000
  -0.0009041000   -0.0044246200   -0.0031861700
  -0.0001887100   -0.0051329400   -0.0030777000
   0.0007442400   -0.0048529500   -0.0031666500
   0.0000445900   -0.0053362800   -0.0030119400
  -0.0001210700   -0.0052024800   -0.0027904600
  -0.0001629700   -0.0052758800   -0.0027549900
   0.0061190700   -0.0003154700    0.0058111100
   0.0061181700   -0.0002873100    0.0057898000
   0.0059762500   -0.0001805300    0.0058749500
   0.0062227900   -0.0005499800    0.0058920300
  -0.0047707000    0.0143158000   -0.0079746900
   0.0061054500   -0.0003090300    0.0058103300
   0.0061182600   -0.0002926600    0.0058408100
   0.0060722700   -0.0003129300    0.0057586100
  -0.0000113600   -0.0014690300   -0.0048682100
  -0.0000542000   -0.0014550900   -0.0048184300
  -0.0000199900   -0.0017518700   -0.0048754900
  -0.0000122600   -0.0014111800   -0.0050088100
   0.0025182000    0.0042133200   -0.0041608000
  -0.0001154800   -0.0014692000   -0.0049853500
  -0.0000313500   -0.0014890900   -0.0048891700
  -0.0000157400   -0.0015276500   -0.0049295500
   0.0001083900    0.0023014400   -0.0056460300
   0.0000135800    0.0000603000    0.0013708400
   0.0004197000   -0.0002037100    0.0014926600
  -0.0000268100   -0.0001718200    0.0011437600
  -0.0002003400   -0.0000811900    0.0014242800
   0.0000409000   -0.0000563100    0.0013459800
   0.0000258300   -0.0000804100    0.0013724100
   0.0000660300    0.0001039200    0.0014243400
   0.0001283100   -0.0006379400   -0.0014194300
  -0.0000546900    0.0001541900   -0.0012900400
  -0.0000158100    0.0000350600   -0.0013714000
  -0.0000538500   -0.0000423700   -0.0013494200
  -0.0000559800   -0.0003511400   -0.0009261400
   0.0000062700   -0.0000445600   -0.0013792300
  -0.0004225300   -0.0000644100   -0.0016072800
  -0.0000077700    0.0000728300   -0.0014060200

33   
 -0.0040564153977520   0.0070817950687708   0.0057787258738250
  -0.0068694700    0.0094554500    0.0105118400
  -0.0001699500    0.0015743600    0.0050025600
   0.0000096900    0.0016695700    0.0049268300
   0.0000021600    0.0016692200    0.0050000100
   0.0000145900    0.0015552200    0.0048654300
   0.0000631000    0.0017587800    0.0050409400
  -0.0000503500    0.0020829200    0.0052540800
   0.0000189100    0.0015411400    0.0049350900
  -0.0249243900    0.0168216900    0.0353116900
  -0.0061008400    0.0005871000   -0.0056496600
  -0.0061464600    0.0002909100   -0.0058223900
  -0.0060325100    0.0003437700   -0.0056930900
  -0.0061291800    0.0002989200   -0.0058086700
  -0.0061015900    0.0002608900   -0.0058484500
  -0.0061816100   -0.0000119000   -0.0056464600
  -0.0062055900    0.0004049700   -0.0058525600
  -0.0032697000    0.0070746600    0.0050302000
   0.0007532100    0.0058451600    0.0035736100
  -0.0000214600    0.0052018000    0.0028901500
   0.0001158700    0.0054253900    0.0027300000
   0.0002451900    0.0052312100    0.0028825800
   0.0001510900    0.0054690100    0.0027984600
   0.0001796300    0.0055527600    0.0027185100
   0.0000877900    0.0051942300    0.0030091200
  -0.0054502100    0.0042519700    0.0044232600
   0.0000713000   -0.0033871600    0.0055667600
   0.0000410000   -0.0034609700    0.0053906100
   0.0000689200   -0.0033387100    0.0053997400
   0.0000833100   -0.0034090300    0.0054192300
   0.0000277000   -0.0033329200    0.0054458100
   0.0000399700   -0.0032600900    0.0053357600
   0.0001873100   -0.0034601800    0.0054247600
   0.1500145300   -0.1751851100   -0.1385852700
  -0.0016416800    0.0004725200   -0.0002893100
  -0.0014173000    0.0001436500   -0.0003474300
  -0.0014780400    0.0003037600   -0.0001727400
  -0.0013728400    0.0001493700   -0.0003558000
  -0.0015475700    0.0003546300   -0.0001741100
  -0.0019662800    0.0012906400   -0.0000361300
  -0.0012861800    0.0002360300   -0.0003027500
   0.0019644700    0.0007549500    0.0002374100
   0.0021148900    0.0005890700   -0.0015285500
   0.0013002800    0.0002094100   -0.0000249100
   0.0019943400    0.0003098500    0.0002893900
   0.0018716600    0.0000135700    0.0004358000
   0.0020643100    0.0007396700    0.0003005600
   0.0020284300    0.0002979200    0.0002909500
   0.0015624000    0.0000345600    0.0006914800
  -0.0171798000    0.0128990800    0.0040552000
  -0.0059133300   -0.0004488000    0.0060641100
  -0.0059619500   -0.0003721800    0.0059630600
  -0.0059995800   -0.0003071800    0.0059629500
  -0.0060440400   -0.0004093000    0.0060663100
  -0.0059197000   -0.0003602600    0.0059662900
  -0.0056371500   -0.0003572800    0.0059733700
  -0.0059935800   -0.0004538000    0.0059798800
  -0.0035840400    0.0090611400    0.0062640200
  -0.0019435300    0.0006412800    0.0009877600
   0.0001340300   -0.0001738100    0.0000126700
   0.0001070700   -0.0003488300    0.0000520600
   0.0000363500   -0.0002468900    0.0001532500
   0.0000812900   -0.0001574400   -0.0000848400
  -0.0001592900   -0.0000077100   -0.0002728300
   0.0001966500   -0.0002617400   -0.0000739700
   0.0058975700    0.0002933400    0.0059428600
   0.0059014500    0.0003735600    0.0060296600
   0.0062698000    0.0008445000    0.0068755400
   0.0056172200    0.0004420800    0.0057158700
   0.0061407900    0.0005957600    0.0058801100
   0.0061588800    0.0002414300    0.0056049200
   0.0059092300    0.0003998800    0.0057864900
   0.0060778900    0.0002996900    0.0059214300
  -0.0097891500    0.0482914700    0.0218612400
  -0.0015628600   -0.0003894400    0.0004121600
  -0.0014577300   -0.0001921900    0.0004986300
  -0.0015849300   -0.0003541500    0.0003008700
  -0.0014836200   -0.0002149600    0.0005478900
  -0.0015877800   -0.0004219100    0.0003805000
  -0.0015629500   -0.0007165000   -0.0001138300
  -0.0015862100   -0.0001954800    0.0001838500
   0.0005851700   -0.0001233200    0.0000205300
   0.0013985300   -0.0001770200    0.0002255400
   0.0014995000    0.0002621400    0.0013245700
   0.0009709900    0.0006836700    0.0007477900
   0.0013047600    0.0006811500   -0.0000021600
   0.0012389000    0.0002679600   -0.0000501100
   0.0013957500    0.0002508300   -0.0001741800
   0.0013274400   -0.0000983100    0.0000921200
  -0.0009956900    0.0031484600    0.0065388900
  -0.0004930400    0.0034139500    0.0061475600
   0.0002853500    0.0035091600    0.0055968200
   0.0000572700    0.0035004400    0.0058327900
   0.0001491800    0.0035753300    0.0058077200
  -0.0000112000    0.0035456300    0.0058131800
   0.0000403500    0.0034910600    0.0057542200
   0.0001978800    0.0033236800    0.0058504400
  -0.0703921100    0.0328053800    0.0316636000
   0.0000355800   -0.0053588100    0.0026648700
   0.0000014000   -0.0053180800    0.0029746100
  -0.0000386000   -0.0055834800    0.0028886700
   0.0000406300   -0.0053727100    0.0030553000
   0.0000200900   -0.0055711600    0.0028026900
  -0.0000379800   -0.0066737700    0.0025925000
  -0.0000021800   -0.0053636100    0.0029837700
   0.0069578100   -0.0032652300   -0.0031963200
   0.0062674200   -0.0004626000   -0.0058847000
   0.0066019400   -0.0006670900   -0.0059814400
   0.0066549500   -0.0005029300   -0.0060439200
   0.0063089400   -0.0001174600   -0.0051800400
   0.0064378900   -0.0005774000   -0.0059138300
   0.0065771400   -0.0005468700   -0.0059338200
   0.0064739600   -0.0005987800   -0.0058876000
  -0.0027919500   -0.0025409100    0.0096957200
  -0.0003898200   -0.0014046800    0.0045096700
  -0.0002146300   -0.0012716500    0.0046999000
  -0.0003018500   -0.0010293100    0.0040937900
  -0.0002031400   -0.0012479300    0.0044992000
  -0.0003160000   -0.0010654400    0.0044919600
  -0.0002643100   -0.0011050500    0.0045647300
  -0.0002773900   -0.0012049800    0.0046574300
   0.0003283600    0.0011053300   -0.0045700000
  -0.0000849800    0.0011024500   -0.0038504600
  -0.0001633200    0.0005827300   -0.0052622700
   0.0003816600    0.0014484900   -0.0047708800
  -0.0001163600    0.0011547400   -0.0042259800
   0.0007791700    0.0011910200   -0.0047923800
   0.0002582200    0.0011391100   -0.0046258900
   0.0002286100    0.0010906500   -0.0042749400
  -0.0063724400    0.0006125500    0.0058210600
  -0.0063814400    0.0006421000    0.0063640400
  -0.0063120700    0.0004142300    0.0059121200
  -0.0065171400    0.0006239700    0.0059045000
  -0.0065143400    0.0015383300    0.0052879000
  -0.0065041300    0.0005282500    0.0057813700
  -0.0064786600    0.0006051800    0.0059261800
  -0.0059908000    0.0005810100    0.0058147500
  -0.0000273000    0.0053584000   -0.0030040900
  -0.0000905500    0.0057183900   -0.0029303100
   0.0021824600    0.0075412300   -0.0013741200
  -0.0001403400    0.0053333800   -0.0029923900
  -0.0005643000    0.0065710400   -0.0016815000
  -0.0012025800    0.0050697100   -0.0017799400
  -0.0000037100    0.0053366700   -0.0029727600
  -0.0000158900    0.0056842500   -0.0027930300
   0.0004004200   -0.0033109100   -0.0052204300
  -0.0000954500   -0.0035979700   -0.0056901300
  -0.0000392600   -0.0035612800   -0.0057945700
  -0.0002143500   -0.0035949000   -0.0056314700
   0.0044350400   -0.0024123900   -0.0074541500
  -0.0002443300   -0.0034664700   -0.0058332400
  -0.0001711600   -0.0037914500   -0.0060962500
  -0.0000478900   -0.0035644000   -0.0057138100
  -0.0015773900    0.0000303700   -0.0003576900
  -0.0008625300    0.0004778400    0.0000230500
  -0.0013129800   -0.0001916400    0.0001272300
  -0.0015099900    0.0001980700   -0.0002014200
  -0.0013398300   -0.0002226600    0.0001095100
  -0.0017018200    0.0001541000   -0.0001129800
  -0.0014559000    0.0002212900   -0.0002180000
  -0.0017472000    0.0009444100    0.0012093900
   0.0014238800    0.0002155000   -0.0005115400
   0.0015109000    0.0003685900   -0.0004696200
   0.0008797800    0.0004492300   -0.0015336300
   0.0014605500    0.0001357100   -0.0004550300
  -0.0018102400    0.0030014200   -0.0012899100
   0.0013260500    0.0003331500   -0.0006099900
   0.0014594600    0.0002105100   -0.0005231900
   0.0015476500    0.0003930000   -0.0003920400
  -0.0055361600   -0.0003434500   -0.0060826900
  -0.0058757200   -0.0005205800   -0.0057281000
  -0.0058801400   -0.0004331100   -0.0057866600
  -0.0060537400   -0.0003689300   -0.0059424900
  -0.0057868000   -0.0006199800   -0.0057186200
  -0.0057885800   -0.0004267400   -0.0058534300
  -0.0058781000    0.0004834700   -0.0058298900
  -0.0058910900   -0.0004099600   -0.0058082200
  -0.0000508800    0.0002264900   -0.0000812800
  -0.0000494500    0.0002745000   -0.0000125400
   0.0003773000    0.0009140300    0.0003782700
  -0.0012123000    0.0002145000    0.0000782000
  -0.0001557700    0.0001072300    0.0000837900
   0.0032260000   -0.0019939000    0.0022872300
  -0.0000723300    0.0001902100   -0.0000415100
  -0.0000447700    0.0001724000    0.0000749100
   0.0060383100    0.0003799900   -0.0060126200
   0.0059218600    0.0002964300   -0.0058900600
   0.0058080900    0.0003643700   -0.0061242900
   0.0060030900    0.0003740500   -0.0060254800
  -0.0021249000    0.0005148400   -0.0031164600
   0.0058314400    0.0004803700   -0.0058588400
   0.0059598000    0.0003751800   -0.0059997200
   0.0060222300    0.0003498700   -0.0060194500
  -0.0018716300   -0.0000899000   -0.0007324100
  -0.0017149000   -0.0001505800   -0.0004221500
  -0.0019574900   -0.0003446400    0.0000164500
  -0.0015421500   -0.0000666100   -0.0006569100
  -0.0015576500   -0.0007370300   -0.0005246400
  -0.0018714600   -0.0002396900   -0.0009192900
  -0.0017505600    0.0002276900   -0.0004456700
  -0.0018357600   -0.0002044200   -0.0002892700
   0.0014350400   -0.0001750400    0.0003545500
   0.0014825900   -0.0003560800    0.0002232300
   0.0018166100   -0.0003290000    0.0001321300
   0.0013536700   -0.0000920300    0.0003587700
   0.0035313900    0.0000361300    0.0009312200
   0.0023079400    0.0000471600    0.0000621300
   0.0013893600   -0.0001413700    0.0003042400
   0.0015377000   -0.0003422900    0.0001890100
  -0.0001016800    0.0033992200   -0.0054645300
  -0.0000464000    0.0033919300   -0.0054106400
   0.0000373600    0.0032060600   -0.0054271900
  -0.0000707400    0.0034357400   -0.0054280200
  -0.0128362500    0.0125098100    0.0009394300
  -0.0001663500    0.0033543600   -0.0054863300
  -0.0000490900    0.0034285900   -0.0054070300
  -0.0000986500    0.0033432300   -0.0053924200
  -0.0002259600   -0.0052387700   -0.0029174300
  -0.0001713100   -0.0053107900   -0.0026475600
  -0.0004999200   -0.0059563000   -0.0023861000
  -0.0000678400   -0.0052060600   -0.0028734300
  -0.0002509800   -0.0057111700   -0.0025915000
   0.0031690800   -0.0042711800   -0.0024563700
  -0.0001779100   -0.0052199900   -0.0029142800
  -0.0001635600   -0.0055260800   -0.0027058400
   0.0061254800   -0.0003192600    0.0057909000
   0.0061524100   -0.0002738600    0.0057507300
   0.0062337500   -0.0001692400    0.0056603600
   0.0062201300   -0.0003061400    0.0057843400
   0.0014649300   -0.0013856500    0.0055661000
   0.0060303500   -0.0003227400    0.0057029900
   0.0061641500   -0.0003022800    0.0058342400
   0.0061122200   -0.0002738000    0.0057739300
   0.0000046000   -0.0015975500   -0.0049352200
   0.0000482300   -0.0017188400   -0.0049851000
   0.0006194100   -0.0011325100   -0.0052258000
   0.0002501700   -0.0014716900   -0.0050876300
  -0.0024801800    0.0120261900    0.0088117100
   0.0001387700   -0.0015440700   -0.0049487000
  -0.0000101200   -0.0015926600   -0.0049329800
  -0.0000070100   -0.0016871000   -0.0049624500
  -0.0001795200    0.0002714500    0.0015179300
   0.0000004700   -0.0000423400    0.0014301800
  -0.0002242100    0.0003751600    0.0003256900
  -0.0000360000    0.0000479500    0.0014330400
  -0.0001566500    0.0000912500    0.0015444800
   0.0001233100   -0.0000375000    0.0012869800
   0.0000209200   -0.0000015400    0.0013575500
   0.0000096100   -0.0000116600    0.0012860300
   0.0003654100    0.0004968400   -0.0017311200
  -0.0000768000   -0.0000091300   -0.0012948600
   0.0000115700   -0.0000127300   -0.0013564500
  -0.0000606100   -0.0000248900   -0.0013707200
  -0.0003423800   -0.0003445200   -0.0008850100
   0.0000041300    0.0000322000   -0.0014185300
   0.0001173700   -0.0000931900   -0.0013630400
   0.0001559100   -0.0001488500   -0.0018470600

33   
  0.0040564153977520  -0.0070817950687708  -0.0057787258738250
   0.0067506600   -0.0062850000   -0.0006242900
   0.0001635100    0.0013240300    0.0047021300
   0.0000426900    0.0012448700    0.0047799500
   0.0000501900    0.0012485200    0.0047090600
   0.0000379600    0.0013579000    0.0048406600
  -0.0000101800    0.0011585900    0.0046679900
   0.0001012600    0.0008509700    0.0044611100
   0.0000326400    0.0013712400    0.0047747400
   0.0121298600   -0.0158355300   -0.0446122200
  -0.0060602500    0.0000355700   -0.0059742700
  -0.0060212800    0.0003360600   -0.0058123300
  -0.0061347600    0.0002810700   -0.0059392300
  -0.0060369800    0.0003288800   -0.0058249300
  -0.0060648300    0.0003664800   -0.0057829600
  -0.0059884500    0.0006354200   -0.0059782900
  -0.0059617800    0.0002217000   -0.0057817200
   0.0036475300    0.0032941300    0.0004977900
  -0.0004529500    0.0045722600    0.0019006200
   0.0003298400    0.0052043800    0.0025825800
   0.0001930200    0.0049881500    0.0027318500
   0.0000695100    0.0051757200    0.0025882900
   0.0001608800    0.0049457700    0.0026632400
   0.0001285400    0.0048775000    0.0027304000
   0.0002222400    0.0052119600    0.0024646200
   0.0055545900   -0.0109032700    0.0065409700
   0.0001315000   -0.0033942100    0.0053928400
   0.0001641600   -0.0033281700    0.0055693800
   0.0001362300   -0.0034476800    0.0055594400
   0.0001219100   -0.0033804700    0.0055400200
   0.0001763300   -0.0034523700    0.0055149700
   0.0001618300   -0.0035232700    0.0056275400
   0.0000159600   -0.0033255500    0.0055338400
  -0.1568865800    0.1734378000    0.1354377900
  -0.0012324300   -0.0000656700   -0.0003690200
  -0.0014513900    0.0002673700   -0.0003095200
  -0.0013922100    0.0001111600   -0.0004821900
  -0.0014954400    0.0002621300   -0.0003023100
  -0.0013242600    0.0000616100   -0.0004804500
  -0.0009219900   -0.0008529700   -0.0005883800
  -0.0015813100    0.0001744700   -0.0003529200
   0.0016437800   -0.0005864000    0.0007237800
   0.0014725400   -0.0004365200    0.0025065800
   0.0022977600   -0.0000591900    0.0009922800
   0.0016187300   -0.0001448900    0.0006750100
   0.0017354100    0.0001371700    0.0005363200
   0.0015489400   -0.0005747000    0.0006646500
   0.0015859200   -0.0001332400    0.0006721300
   0.0020405900    0.0001142400    0.0002850800
   0.0055080400   -0.0137094400    0.0079686800
  -0.0059029800   -0.0003222800    0.0059371400
  -0.0058535700   -0.0004036000    0.0060396400
  -0.0058158800   -0.0004678200    0.0060377100
  -0.0057718100   -0.0003654800    0.0059373900
  -0.0058943200   -0.0004151100    0.0060341700
  -0.0061778800   -0.0004082500    0.0060235000
  -0.0058216100   -0.0003189000    0.0060207800
   0.0038076700   -0.0094707700   -0.0060318200
   0.0021137000   -0.0011192700   -0.0006752800
   0.0000456300   -0.0003014900    0.0002950100
   0.0000712100   -0.0001271400    0.0002550000
   0.0001398400   -0.0002278600    0.0001541600
   0.0000966900   -0.0003172800    0.0003909600
   0.0003415900   -0.0004778400    0.0005594200
  -0.0000195600   -0.0002132800    0.0003789700
   0.0058593500    0.0006424600    0.0058529500
   0.0058497600    0.0005621600    0.0057807300
   0.0054895700    0.0001058000    0.0049397400
   0.0061315900    0.0004924400    0.0060759300
   0.0056148300    0.0003404300    0.0059200200
   0.0056041500    0.0006969200    0.0061931700
   0.0058466000    0.0005360500    0.0060115100
   0.0056790600    0.0006394100    0.0058786400
   0.0066482700   -0.0459342900   -0.0198139000
  -0.0016221000   -0.0001804900    0.0006769900
  -0.0017294400   -0.0003844000    0.0005791500
  -0.0016057100   -0.0002295200    0.0007751500
  -0.0017046200   -0.0003621600    0.0005306700
  -0.0016040500   -0.0001601300    0.0006941200
  -0.0016422700    0.0001239600    0.0011692000
  -0.0016009200   -0.0003739300    0.0008991000
   0.0021094500    0.0002197500   -0.0002036900
   0.0013034600    0.0002532000   -0.0004014800
   0.0012051100   -0.0002072400   -0.0014707800
   0.0017169700   -0.0005947200   -0.0009280900
   0.0014005900   -0.0005958600   -0.0001666800
   0.0014533100   -0.0001811500   -0.0001351700
   0.0013021900   -0.0001610500   -0.0000066200
   0.0013726500    0.0001735400   -0.0002688300
   0.0011035000    0.0040184000    0.0051066700
   0.0006060400    0.0037328300    0.0054801000
  -0.0001790600    0.0036500100    0.0060433900
   0.0000474900    0.0036584500    0.0058134000
  -0.0000436600    0.0035867100    0.0058370900
   0.0001169600    0.0036132700    0.0058316800
   0.0000636300    0.0036676200    0.0058902100
  -0.0000947500    0.0038376300    0.0057932300
   0.0744193200   -0.0449950700   -0.0273841900
  -0.0001043200   -0.0052053600    0.0029569600
  -0.0000862900   -0.0052506800    0.0026406600
  -0.0000462000   -0.0049897700    0.0027257900
  -0.0001249000   -0.0051962900    0.0025607900
  -0.0001047300   -0.0050017300    0.0028090200
  -0.0000337900   -0.0039329200    0.0029995700
  -0.0000816600   -0.0052049700    0.0026305200
   0.0059051700    0.0018980900   -0.0086595000
   0.0065766500   -0.0008733900   -0.0059868400
   0.0062416700   -0.0006696700   -0.0058924300
   0.0061908900   -0.0008319900   -0.0058292200
   0.0065304400   -0.0012170400   -0.0066813000
   0.0064076300   -0.0007617100   -0.0059609300
   0.0062668600   -0.0007898800   -0.0059373900
   0.0063685500   -0.0007390000   -0.0059842600
   0.0022306200    0.0008830300   -0.0007986700
  -0.0002064500   -0.0003010300    0.0043980000
  -0.0003779600   -0.0004249900    0.0042023500
  -0.0002942800   -0.0006621400    0.0047943600
  -0.0003942300   -0.0004480800    0.0044053600
  -0.0002778900   -0.0006225400    0.0044019500
  -0.0003305500   -0.0005806200    0.0043343300
  -0.0003171700   -0.0004908100    0.0042454200
   0.0002665400    0.0005871400   -0.0043317700
   0.0006781800    0.0005922300   -0.0050435700
   0.0007517800    0.0010990100   -0.0036513800
   0.0002132500    0.0002572700   -0.0041383000
   0.0007087400    0.0005316700   -0.0046732200
  -0.0001908500    0.0004885500   -0.0041237600
   0.0003364900    0.0005521500   -0.0042751100
   0.0003661300    0.0005969200   -0.0046198400
  -0.0064708300    0.0007239200    0.0060502300
  -0.0064629000    0.0006977000    0.0055067800
  -0.0065300700    0.0009185800    0.0059599400
  -0.0063280700    0.0007110200    0.0059675500
  -0.0063361000   -0.0001998700    0.0065984400
  -0.0063374300    0.0008020700    0.0060891200
  -0.0063639500    0.0007304000    0.0059460300
  -0.0068580900    0.0007595800    0.0060593000
   0.0001117300    0.0052092700   -0.0026120600
   0.0001783800    0.0048570000   -0.0026811300
  -0.0020589900    0.0030423100   -0.0042125800
   0.0002255700    0.0052366800   -0.0026212000
   0.0006567300    0.0039934000   -0.0039290000
   0.0013127300    0.0054906900   -0.0038642500
   0.0000887700    0.0052311000   -0.0026428400
   0.0001008900    0.0048921600   -0.0028172400
  -0.0005072100   -0.0038438600   -0.0064281300
  -0.0000088600   -0.0035645200   -0.0059552200
  -0.0000653600   -0.0035920000   -0.0058495100
   0.0001067300   -0.0035635600   -0.0060125300
  -0.0045023800   -0.0047642600   -0.0041942400
   0.0001406300   -0.0036929300   -0.0058127300
   0.0000685600   -0.0033678900   -0.0055496700
  -0.0000562000   -0.0035972300   -0.0059303100
  -0.0011310400   -0.0001021900    0.0005261000
  -0.0018155000   -0.0005571100    0.0001600500
  -0.0013836800    0.0001043200    0.0000541500
  -0.0011953000   -0.0002678500    0.0003728400
  -0.0013562900    0.0001379300    0.0000734000
  -0.0010022200   -0.0002214100    0.0002807700
  -0.0012545200   -0.0002920800    0.0003899400
  -0.0009389600   -0.0010405600   -0.0010431500
   0.0017643800    0.0003618100   -0.0005667700
   0.0016783000    0.0002130100   -0.0006065200
   0.0022194100    0.0002568300    0.0005640300
   0.0017216000    0.0004445800   -0.0006213700
   0.0050318900   -0.0024318100    0.0002563400
   0.0018640600    0.0002454000   -0.0004720400
   0.0017279100    0.0003658900   -0.0005539100
   0.0016430300    0.0001890300   -0.0006828400
  -0.0062149500   -0.0005885100   -0.0057177100
  -0.0058804200   -0.0004152400   -0.0060700400
  -0.0058748800   -0.0005027800   -0.0060080900
  -0.0057056900   -0.0005681000   -0.0058614200
  -0.0059736500   -0.0003132200   -0.0060784300
  -0.0059698400   -0.0005131200   -0.0059467100
  -0.0058694500   -0.0014289200   -0.0059845400
  -0.0058648600   -0.0005268200   -0.0059897400
  -0.0001268700    0.0002489100   -0.0002271500
  -0.0001307800    0.0001938900   -0.0002850600
  -0.0005597600   -0.0004307200   -0.0006677900
   0.0010071600    0.0002537600   -0.0003836800
  -0.0000246600    0.0003851900   -0.0003721900
  -0.0033433900    0.0025600900   -0.0025143200
  -0.0001051800    0.0002850600   -0.0002662400
  -0.0001332200    0.0003001100   -0.0003788800
   0.0057774300    0.0003956000   -0.0059902900
   0.0058936500    0.0004785500   -0.0061104000
   0.0060093200    0.0004165400   -0.0058715200
   0.0058121600    0.0004012500   -0.0059771200
   0.0138517500    0.0002789900   -0.0087921800
   0.0059804800    0.0002975600   -0.0061446300
   0.0058562100    0.0003999500   -0.0060032000
   0.0057915600    0.0004248800   -0.0059810200
  -0.0017387700   -0.0000620500   -0.0002389700
  -0.0018926500   -0.0000109400   -0.0005434200
  -0.0016583100    0.0001776700   -0.0009749300
  -0.0020576700   -0.0000860500   -0.0003211800
  -0.0020648700    0.0005397000   -0.0004182900
  -0.0017271200    0.0000885300   -0.0000552300
  -0.0018538200   -0.0003775700   -0.0005285900
  -0.0017693100    0.0000449700   -0.0006786600
   0.0014340600   -0.0002364000    0.0003028200
   0.0013888300   -0.0000599900    0.0004294500
   0.0010655100   -0.0001025000    0.0005073500
   0.0015169800   -0.0003199600    0.0002959100
  -0.0005969800   -0.0004822800   -0.0003081000
   0.0005534700   -0.0004727300    0.0005903400
   0.0014790700   -0.0002694800    0.0003522100
   0.0013352700   -0.0000737100    0.0004643900
  -0.0001042400    0.0033908200   -0.0054940400
  -0.0001590800    0.0033954000   -0.0055480200
  -0.0002484200    0.0035519800   -0.0055208300
  -0.0001351700    0.0033515300   -0.0055308400
   0.0128369100   -0.0056989400   -0.0118659900
  -0.0000401600    0.0034334400   -0.0054745800
  -0.0001566900    0.0033605600   -0.0055517400
  -0.0001067700    0.0034439700   -0.0055666500
  -0.0000865800   -0.0051683700   -0.0025517900
  -0.0001395100   -0.0051070300   -0.0028130700
   0.0001898200   -0.0044730900   -0.0030735700
  -0.0002409300   -0.0051986900   -0.0026014800
  -0.0000553000   -0.0047222200   -0.0028558500
  -0.0035365500   -0.0061466600   -0.0030720100
  -0.0001341100   -0.0051868100   -0.0025535800
  -0.0001477300   -0.0048898200   -0.0027532100
   0.0060413300   -0.0003076700    0.0058430600
   0.0060141800   -0.0003535800    0.0058812900
   0.0059249900   -0.0004423100    0.0059569200
   0.0059460100   -0.0003214000    0.0058502600
   0.0107454400    0.0008058900    0.0060505500
   0.0061304100   -0.0003078400    0.0059310700
   0.0060037500   -0.0003254800    0.0058009400
   0.0060533100   -0.0003532600    0.0058580600
  -0.0000572600   -0.0013158900   -0.0047715000
  -0.0001001800   -0.0011978700   -0.0047235900
  -0.0006884500   -0.0018132100   -0.0045168400
  -0.0003037700   -0.0014380700   -0.0046193300
   0.0027793900   -0.0150049900   -0.0184691000
  -0.0001917900   -0.0013685800   -0.0047563300
  -0.0000421900   -0.0013212800   -0.0047746800
  -0.0000455400   -0.0012290300   -0.0047462900
   0.0002175700   -0.0002703800    0.0012214400
   0.0000398000    0.0000354100    0.0013142100
   0.0002638900   -0.0003798500    0.0024277100
   0.0000752200   -0.0000550300    0.0013117200
   0.0001932000   -0.0001031600    0.0012083900
  -0.0000813700    0.0000301700    0.0014580800
   0.0000200000   -0.0000022500    0.0013845100
   0.0000315100    0.0000055000    0.0014595400
  -0.0003991100   -0.0004803900   -0.0010223200
   0.0000366200    0.0000163700   -0.0014514800
  -0.0000517300    0.0000171500   -0.0013846200
   0.0000197100    0.0000305800   -0.0013744600
   0.0002993000    0.0003441700   -0.0018469800
  -0.0000442000   -0.0000252900   -0.0013279400
  -0.0001615800    0.0001077600   -0.0013875800
  -0.0001989300    0.0001574000   -0.0008950200

33   
  0.0040564153977520  -0.0070817950687708   0.0057787258738250
   0.0036602100    0.0019496700    0.0010571500
   0.0003161900    0.0028649800    0.0036282000
   0.0000368100    0.0014057800    0.0048732700
   0.0000540200    0.0013787600    0.0048548900
   0.0000583500    0.0014535800    0.0048807900
   0.0000730400    0.0013780600    0.0048184500
   0.0000870100    0.0010837200    0.0047744600
   0.0000882800    0.0014772700    0.0048618600
   0.0012620700   -0.0027990400    0.0160791400
  -0.0061586600    0.0003482200   -0.0056750600
  -0.0061394500    0.0003214900   -0.0058361900
  -0.0060041600    0.0002971900   -0.0058977900
  -0.0061200400    0.0003212100   -0.0057949900
  -0.0061045000    0.0003705000   -0.0058128700
  -0.0062141900    0.0003755700   -0.0057345600
  -0.0061087100    0.0002396500   -0.0057722500
   0.0024893700    0.0042394400    0.0005267600
  -0.0007000700    0.0058239400    0.0039033700
   0.0002675800    0.0053712200    0.0025882600
   0.0002000700    0.0051592400    0.0027348700
   0.0001057300    0.0051450300    0.0026644100
   0.0001998800    0.0051545300    0.0027076500
   0.0001823800    0.0054514800    0.0026534000
   0.0001816500    0.0053086100    0.0025783400
   0.0052960900   -0.0120012500    0.0036833500
   0.0001059300   -0.0037111000    0.0051271300
   0.0001232800   -0.0033785100    0.0055379300
   0.0001274700   -0.0034236100    0.0054929900
   0.0000992700   -0.0033831300    0.0054933200
   0.0001481400   -0.0033442600    0.0055275600
   0.0002242100   -0.0035023700    0.0052486000
   0.0000916100   -0.0033923100    0.0054777300
  -0.1266323700    0.1462558000   -0.0838195400
  -0.0011537700    0.0000960400   -0.0004324800
  -0.0014052800    0.0002030800   -0.0002390400
  -0.0014305700    0.0002104600   -0.0003259800
  -0.0014173100    0.0001875500   -0.0002120400
  -0.0013653000    0.0001407600   -0.0003066900
  -0.0010404100   -0.0001361100   -0.0010242500
  -0.0015090100    0.0002129200   -0.0003015300
   0.0017474800   -0.0004306500    0.0006600000
   0.0024846100   -0.0010405200   -0.0015368200
   0.0025547500    0.0005922200    0.0009853300
   0.0016891200    0.0000662900    0.0006399300
   0.0018256500    0.0000825900    0.0004646500
   0.0017577400   -0.0003799700    0.0006054200
   0.0016485500    0.0000813000    0.0006312100
   0.0019543900    0.0000272400    0.0005476500
   0.0133999600   -0.0399325200    0.0357790200
  -0.0059873300   -0.0003271300    0.0059179500
  -0.0058928000   -0.0003527300    0.0060051300
  -0.0058229900   -0.0003685600    0.0060130600
  -0.0057896900   -0.0003413400    0.0059330400
  -0.0059014200   -0.0003889600    0.0060248200
  -0.0057251800   -0.0003690700    0.0060236500
  -0.0058586000   -0.0003408300    0.0060040200
   0.0019001400   -0.0041786500   -0.0010631800
   0.0011604400   -0.0019120000    0.0000518700
   0.0000443700   -0.0002033600    0.0001479200
   0.0000617800   -0.0001011500    0.0000954200
   0.0000966000   -0.0002382100    0.0000060400
   0.0000947500   -0.0002456300    0.0001722700
   0.0000975700   -0.0004593700    0.0000527700
   0.0000227600   -0.0001922500    0.0002504700
   0.0058531200    0.0002287300    0.0056583200
   0.0058125000    0.0005636100    0.0057026000
   0.0022727400    0.0011482600    0.0103105400
   0.0056980900    0.0005102600    0.0058069200
   0.0058180100    0.0005394200    0.0058716300
   0.0056813100    0.0006334200    0.0059787100
   0.0058568400    0.0004576500    0.0059441000
   0.0058596000    0.0003818700    0.0058890600
   0.0039612200   -0.0269920700   -0.0011849500
  -0.0018115200   -0.0003280200    0.0003515400
  -0.0016288500   -0.0003434900    0.0005560200
  -0.0016859300   -0.0002538900    0.0004772300
  -0.0016675300   -0.0003609900    0.0005078100
  -0.0016120700   -0.0002597200    0.0005981000
  -0.0018332400   -0.0001659800    0.0004818900
  -0.0015190300   -0.0003109600    0.0005762100
   0.0006128700   -0.0010149400    0.0009316500
   0.0012998400   -0.0000251400   -0.0001823100
   0.0018131900    0.0001206100    0.0012195700
   0.0012258900   -0.0000824200    0.0002148100
   0.0015010600   -0.0002518600    0.0002838900
   0.0013211900    0.0000697500    0.0000310200
   0.0014640800    0.0000482100    0.0001614800
   0.0013480800    0.0000918100   -0.0000605600
   0.0016392800    0.0037429600    0.0065234600
  -0.0004597000    0.0036099300    0.0051305000
  -0.0003507100    0.0037342200    0.0057334300
   0.0000033600    0.0036392500    0.0058605100
   0.0001819400    0.0035211000    0.0057914300
   0.0000709100    0.0035496600    0.0056750700
   0.0000121600    0.0035698500    0.0058260600
  -0.0000507500    0.0034583300    0.0059449500
   0.0436236900   -0.0349130300    0.0084052800
   0.0001041700   -0.0052873200    0.0033355300
  -0.0001424300   -0.0053496900    0.0027072200
  -0.0000285100   -0.0052060100    0.0027203800
  -0.0001461800   -0.0052627100    0.0026957400
  -0.0001047900   -0.0052175600    0.0027926900
  -0.0008741300   -0.0054621100    0.0042739900
  -0.0000496000   -0.0053355700    0.0027159000
   0.0058338900   -0.0027902700   -0.0015330400
   0.0065986100   -0.0007372200   -0.0058762700
   0.0065259900   -0.0007331600   -0.0059422200
   0.0064943600   -0.0006365900   -0.0055905700
   0.0065700800   -0.0015946200   -0.0064261200
   0.0064331600   -0.0006761400   -0.0059379300
   0.0065633600   -0.0008355900   -0.0055167900
   0.0064735800   -0.0006376900   -0.0059561800
  -0.0040465800    0.0013456500    0.0027794000
  -0.0004355800   -0.0004973700    0.0046373500
  -0.0003117500   -0.0007438200    0.0044144100
  -0.0004460500   -0.0007762800    0.0048207600
  -0.0005510000   -0.0009206300    0.0045699700
  -0.0003489600   -0.0008123100    0.0044924900
  -0.0006249200   -0.0008483800    0.0042360400
  -0.0003424000   -0.0007689800    0.0043988900
   0.0004156400    0.0008175700   -0.0044137900
   0.0007188200    0.0007914300   -0.0040021700
   0.0002082200    0.0007205500   -0.0049576700
   0.0003630300    0.0008801200   -0.0044424900
   0.0003717600    0.0005903500   -0.0043547900
   0.0006807700    0.0005798300   -0.0041282400
   0.0003688100    0.0008051200   -0.0044383600
   0.0004424100    0.0008535400   -0.0044699200
  -0.0065001200    0.0008097900    0.0059032100
  -0.0068752800   -0.0000916400    0.0057161400
  -0.0066139700    0.0007901100    0.0057794900
  -0.0064435300    0.0007630300    0.0059146300
  -0.0066631900    0.0013453300    0.0059229300
  -0.0067622500    0.0006984000    0.0062605900
  -0.0064479900    0.0006766400    0.0059299900
  -0.0063186400    0.0007590600    0.0059215400
   0.0000898600    0.0053058900   -0.0027830800
  -0.0001250900    0.0052285600   -0.0027495800
   0.0004112000    0.0061665200   -0.0020397100
   0.0001509700    0.0053237300   -0.0027343600
   0.0002111200    0.0046690500   -0.0027732000
   0.0002017700    0.0054379500   -0.0027764000
   0.0000675200    0.0053082300   -0.0027299400
   0.0000883900    0.0051968000   -0.0028472900
   0.0005794300   -0.0037374300   -0.0058683100
  -0.0000977000   -0.0035972900   -0.0058444100
  -0.0000656000   -0.0036706800   -0.0058852400
  -0.0002899700   -0.0035912600   -0.0058228200
  -0.0042149300   -0.0059904900   -0.0033642800
  -0.0001230300   -0.0035810900   -0.0058213900
   0.0003020600   -0.0032986200   -0.0057506200
  -0.0000444700   -0.0035632100   -0.0058310900
  -0.0011633000   -0.0001508900    0.0001409900
  -0.0014329400   -0.0008432500    0.0018366500
  -0.0013546500   -0.0000256300   -0.0000451700
  -0.0012933300   -0.0000746800    0.0001398800
  -0.0013292800   -0.0000274900   -0.0000271000
  -0.0011715700    0.0000333000   -0.0001059000
  -0.0013121000   -0.0000854900    0.0001574000
  -0.0012621000    0.0002245500    0.0006389500
   0.0017125200    0.0003502500   -0.0005596900
   0.0016510600    0.0002084600   -0.0005164100
   0.0063680000    0.0009820700   -0.0054728800
   0.0014120600    0.0004494000   -0.0006154000
   0.0045852800    0.0001533900   -0.0042344800
   0.0016482400    0.0004383600   -0.0004657800
   0.0016772500    0.0003790800   -0.0005443000
   0.0016509900    0.0002775700   -0.0005817700
  -0.0054312600    0.0000734200   -0.0061128800
  -0.0058954000   -0.0004941400   -0.0058474700
  -0.0058309900   -0.0004439700   -0.0059467400
  -0.0058775700   -0.0004235700   -0.0058590200
  -0.0059024800    0.0002739500   -0.0059343500
  -0.0059428400   -0.0005181600   -0.0059476700
  -0.0053564300   -0.0019211800   -0.0063923100
  -0.0058222600   -0.0004650100   -0.0059160600
  -0.0001175000    0.0002515000   -0.0001840400
   0.0001023500    0.0004667300   -0.0003308800
  -0.0003481900    0.0000591200   -0.0002215700
   0.0005575200    0.0002850000   -0.0001713200
   0.0000212500    0.0002835500   -0.0001233400
  -0.0021882200    0.0014340600    0.0004203000
  -0.0000992900    0.0002864500   -0.0002085400
  -0.0001207600    0.0002891700   -0.0002252000
   0.0058532700    0.0003486000   -0.0060059800
   0.0060696000    0.0003826100   -0.0059981300
   0.0056861700    0.0002547600   -0.0059974300
   0.0058108300    0.0003988300   -0.0060776000
   0.0069614100   -0.0016897400   -0.0054209800
   0.0059135300    0.0003427700   -0.0061150000
   0.0058475800    0.0003627200   -0.0060004500
   0.0058771100    0.0004042000   -0.0060166100
  -0.0018506200    0.0005649100   -0.0004364200
  -0.0018936400   -0.0001468200   -0.0006194000
  -0.0018925600   -0.0001180200   -0.0005511600
  -0.0018681000   -0.0003248900   -0.0004236300
  -0.0022960000   -0.0010704500   -0.0027077300
  -0.0016077300    0.0002808100   -0.0002540400
  -0.0019131500   -0.0001315800   -0.0006352300
  -0.0018350800   -0.0000992100   -0.0005424800
   0.0013955700   -0.0002166500    0.0003056700
   0.0014002400   -0.0003568600    0.0006001100
   0.0006517000   -0.0004639600    0.0003094500
   0.0015157700   -0.0002704000    0.0003025400
   0.0009581600   -0.0021310900    0.0040742600
   0.0015236400   -0.0001596900    0.0003662600
   0.0014549100   -0.0002773100    0.0002998500
   0.0013847000   -0.0001797900    0.0003602200
  -0.0001097100    0.0033926800   -0.0054466400
  -0.0001568500    0.0033627900   -0.0055097800
  -0.0005470000    0.0035075300   -0.0056266500
  -0.0000509500    0.0033639900   -0.0055230900
  -0.0033346800   -0.0135983700    0.0002404500
  -0.0001875000    0.0033910600   -0.0053365700
  -0.0001226500    0.0033978200   -0.0054792200
  -0.0000964800    0.0034061400   -0.0054868700
  -0.0001276800   -0.0052675100   -0.0026817900
  -0.0001895000   -0.0051986900   -0.0027149600
   0.0001785200   -0.0050395700   -0.0029506300
   0.0000052000   -0.0053138700   -0.0026620400
  -0.0001895400   -0.0051293800   -0.0028284000
   0.0007821800   -0.0053107200   -0.0022638200
  -0.0002136000   -0.0052517900   -0.0026030100
  -0.0001457300   -0.0051706700   -0.0026999800
   0.0061185400   -0.0003132200    0.0058095900
   0.0061053800   -0.0003327100    0.0058101200
   0.0067009600   -0.0005506900    0.0057674100
   0.0061197500   -0.0002544700    0.0058256800
   0.0167112500   -0.0028467800    0.0075372100
   0.0061939800   -0.0002218800    0.0056702600
   0.0061442600   -0.0003566000    0.0058959400
   0.0061009200   -0.0003098700    0.0058051900
  -0.0001278000   -0.0015083500   -0.0048676000
  -0.0000785900   -0.0014414300   -0.0048037800
   0.0000832900   -0.0006694800   -0.0046455900
  -0.0003028700   -0.0013105800   -0.0048947100
   0.0314254000   -0.0073559500    0.0165422100
  -0.0001428200   -0.0014102800   -0.0049498400
  -0.0000980600   -0.0014840100   -0.0048785700
  -0.0000635800   -0.0014129500   -0.0048229300
   0.0000193700    0.0001982700    0.0011895000
   0.0000157900   -0.0000250600    0.0013296800
   0.0003719000    0.0000195900    0.0013013400
   0.0000167400   -0.0000959100    0.0012243200
   0.0001482900   -0.0000343600    0.0013247800
  -0.0000089300    0.0000184100    0.0014099500
  -0.0000257600   -0.0000262700    0.0014464900
   0.0000421500   -0.0000499500    0.0013654000
  -0.0002940400   -0.0006080200   -0.0011637300
  -0.0000091700   -0.0000301300   -0.0014007600
  -0.0000216600    0.0000273700   -0.0013560900
   0.0000082200    0.0000077000   -0.0014258500
  -0.0004533000    0.0000299200   -0.0012186200
  -0.0000553500   -0.0000214100   -0.0013981000
  -0.0005058500    0.0003184200   -0.0014290900
   0.0000067700   -0.0000491100   -0.0013340500

33   
 -0.0040564153977520   0.0070817950687708  -0.0057787258738250
  -0.0035708000    0.0009658300    0.0086393700
  -0.0002827200    0.0000554300    0.0060609900
   0.0000170600    0.0014995700    0.0048290700
   0.0000008200    0.0015290800    0.0048472300
  -0.0000042900    0.0014515800    0.0048216200
  -0.0000199200    0.0015279300    0.0048836900
  -0.0000309300    0.0018275100    0.0049307400
  -0.0000344300    0.0014263400    0.0048415800
  -0.0134626700    0.0035757100   -0.0276731700
  -0.0060054200    0.0002817600   -0.0059538500
  -0.0060253300    0.0003082200   -0.0057980500
  -0.0061606400    0.0003323000   -0.0057359100
  -0.0060441000    0.0003078200   -0.0058387000
  -0.0060592700    0.0002577500   -0.0058200000
  -0.0059521300    0.0002550200   -0.0058959800
  -0.0060547600    0.0003890300   -0.0058602700
  -0.0021812300    0.0061779000    0.0049550100
   0.0010085900    0.0045743400    0.0015659200
   0.0000456000    0.0050302400    0.0028811200
   0.0001111900    0.0052453600    0.0027263700
   0.0002083300    0.0052587500    0.0028001400
   0.0001119100    0.0052504400    0.0027529200
   0.0001287500    0.0049563400    0.0028065100
   0.0001306400    0.0050930000    0.0028884500
  -0.0051974400    0.0053646200    0.0072660200
   0.0001016800   -0.0030760700    0.0058317000
   0.0000827000   -0.0034111400    0.0054255300
   0.0000787400   -0.0033640200    0.0054692200
   0.0001076500   -0.0034050900    0.0054698200
   0.0000569400   -0.0034429200    0.0054349100
  -0.0000179100   -0.0032856600    0.0057146400
   0.0001142600   -0.0033946500    0.0054848500
   0.1253985900   -0.1493426800    0.0867114300
  -0.0017134700    0.0003146400   -0.0002261600
  -0.0014612900    0.0002073800   -0.0004211700
  -0.0014374700    0.0002020400   -0.0003334700
  -0.0014496100    0.0002230000   -0.0004488600
  -0.0015020900    0.0002714700   -0.0003532400
  -0.0018337700    0.0005574300    0.0003769900
  -0.0013579100    0.0001975200   -0.0003583800
   0.0018590500    0.0005874600    0.0003120500
   0.0011234300    0.0012112800    0.0025382100
   0.0010480000   -0.0004455600   -0.0000107300
   0.0019204500    0.0000915400    0.0003347700
   0.0017833200    0.0000696700    0.0005115700
   0.0018521600    0.0005334600    0.0003667400
   0.0019627000    0.0000754600    0.0003409200
   0.0016518800    0.0001259100    0.0004312200
  -0.0264435600    0.0421581900   -0.0261361900
  -0.0058237500   -0.0004492300    0.0060823700
  -0.0059175500   -0.0004243300    0.0059975300
  -0.0059887500   -0.0004088400    0.0059892400
  -0.0060213100   -0.0004345100    0.0060703900
  -0.0059082900   -0.0003882800    0.0059770700
  -0.0060841600   -0.0004011100    0.0059769800
  -0.0059522900   -0.0004359500    0.0059979600
  -0.0017261600    0.0037595400    0.0013513500
  -0.0009632300    0.0014377800    0.0002544700
   0.0001349300   -0.0002734700    0.0001667900
   0.0001163100   -0.0003748900    0.0002184500
   0.0000817900   -0.0002373800    0.0003082500
   0.0000839600   -0.0002306300    0.0001419400
   0.0000859600   -0.0000191600    0.0002516800
   0.0001549800   -0.0002835700    0.0000623400
   0.0059005800    0.0007091300    0.0061394800
   0.0059327500    0.0003800900    0.0061029100
   0.0095078900   -0.0001811000    0.0015416900
   0.0060481100    0.0004296500    0.0059897500
   0.0059346900    0.0003979400    0.0059276700
   0.0060702600    0.0003052700    0.0058220100
   0.0058959700    0.0004812900    0.0058560000
   0.0058934100    0.0005587300    0.0059126700
  -0.0070850900    0.0269356500    0.0025237700
  -0.0013846200   -0.0002479500    0.0007305500
  -0.0015637800   -0.0002345800    0.0005263600
  -0.0015075200   -0.0003273700    0.0006054300
  -0.0015253400   -0.0002172200    0.0005741400
  -0.0015823700   -0.0003200900    0.0004833500
  -0.0013638500   -0.0004162200    0.0005935900
  -0.0016724400   -0.0002646100    0.0005087800
   0.0020899500    0.0011204100   -0.0011356600
   0.0013993600    0.0001058900   -0.0000019800
   0.0008959200   -0.0000420100   -0.0013749800
   0.0014706300    0.0001714900   -0.0003986500
   0.0011952600    0.0003309500   -0.0004674900
   0.0013738700    0.0000140200   -0.0002190200
   0.0012309900    0.0000375900   -0.0003491600
   0.0013509600   -0.0000117800   -0.0001232200
  -0.0015338800    0.0034332300    0.0051266600
   0.0005692800    0.0035518100    0.0065019800
   0.0004526300    0.0034275100    0.0059115000
   0.0001002500    0.0035223200    0.0057894100
  -0.0000781800    0.0036404000    0.0058581700
   0.0000333800    0.0036108900    0.0059733600
   0.0000912800    0.0035921100    0.0058231200
   0.0001555100    0.0037030400    0.0057029300
  -0.0428979200    0.0241299400   -0.0033909900
  -0.0001952000   -0.0052725900    0.0022745500
   0.0000543200   -0.0052132500    0.0029043400
  -0.0000598800   -0.0053571800    0.0028909200
   0.0000571000   -0.0052994900    0.0029164000
   0.0000160200   -0.0053462000    0.0028176000
   0.0007948100   -0.0051162600    0.0013162900
  -0.0000385800   -0.0052267200    0.0028952900
   0.0070472700    0.0014449600   -0.0103995400
   0.0062415500   -0.0006019400   -0.0059954700
   0.0063165100   -0.0006066700   -0.0059321100
   0.0063471600   -0.0007010600   -0.0062827000
   0.0062683000    0.0002537300   -0.0054391300
   0.0064099400   -0.0006640200   -0.0059369000
   0.0062744100   -0.0005025700   -0.0063583900
   0.0063672900   -0.0007018000   -0.0059170100
   0.0034272100   -0.0030470200    0.0061190100
  -0.0001590400   -0.0011897900    0.0042581400
  -0.0002828300   -0.0009380900    0.0044797400
  -0.0001502500   -0.0009047000    0.0040687200
  -0.0000455100   -0.0007585900    0.0043244800
  -0.0002455300   -0.0008664800    0.0043975600
   0.0000321300   -0.0008274700    0.0046608900
  -0.0002527900   -0.0009127200    0.0044951400
   0.0001804900    0.0008629500   -0.0044806700
  -0.0001251500    0.0008934900   -0.0049119500
   0.0003856200    0.0009549800   -0.0039363800
   0.0002346600    0.0008076700   -0.0044541900
   0.0002253700    0.0010880400   -0.0045443400
  -0.0000830100    0.0010991200   -0.0047703000
   0.0002267300    0.0008747200   -0.0044555100
   0.0001527700    0.0008254000   -0.0044200600
  -0.0063403200    0.0005288300    0.0059699300
  -0.0059757500    0.0014382000    0.0061509800
  -0.0062279300    0.0005503100    0.0060941900
  -0.0063996700    0.0005765500    0.0059589300
  -0.0061727700   -0.0000108600    0.0059621600
  -0.0060799200    0.0006379600    0.0056124600
  -0.0063930000    0.0006620000    0.0059432900
  -0.0065262500    0.0005813000    0.0059524800
  -0.0000010800    0.0052556600   -0.0028288600
   0.0002201700    0.0053336800   -0.0028606200
  -0.0003311700    0.0043673700   -0.0036020000
  -0.0000630400    0.0052392100   -0.0028772400
  -0.0001247400    0.0058959200   -0.0028333100
  -0.0001051300    0.0051198500   -0.0028486800
   0.0000209800    0.0052538300   -0.0028819000
   0.0000008200    0.0053682200   -0.0027625500
  -0.0006984900   -0.0034126600   -0.0057853600
  -0.0000060400   -0.0035661100   -0.0058050000
  -0.0000399600   -0.0034900300   -0.0057645000
   0.0001848600   -0.0035698400   -0.0058260100
   0.0041028000   -0.0012069500   -0.0083005900
   0.0000204200   -0.0035794700   -0.0058283600
  -0.0004080400   -0.0038627000   -0.0059017800
  -0.0000597600   -0.0035989900   -0.0058177700
  -0.0015402000    0.0000722500    0.0000400000
  -0.0012622000    0.0007558100   -0.0016533500
  -0.0013442800   -0.0000574400    0.0002297800
  -0.0014065800   -0.0000027700    0.0000430000
  -0.0013677400   -0.0000559800    0.0002140200
  -0.0015319900   -0.0001098100    0.0002846900
  -0.0013906400    0.0000070400    0.0000255100
  -0.0014307300   -0.0003136200   -0.0004635200
   0.0014819600    0.0002284800   -0.0005229400
   0.0015429900    0.0003723500   -0.0005649400
  -0.0032142900   -0.0003277700    0.0043862600
   0.0017833000    0.0001283600   -0.0004671100
  -0.0013695300    0.0004281700    0.0031483100
   0.0015462400    0.0001410400   -0.0006178500
   0.0015160300    0.0001991100   -0.0005376100
   0.0015430600    0.0003029000   -0.0004995800
  -0.0063237600   -0.0010089000   -0.0056792900
  -0.0058571500   -0.0004453500   -0.0059530800
  -0.0059211200   -0.0004944800   -0.0058522600
  -0.0058767700   -0.0005166400   -0.0059445300
  -0.0058514100   -0.0012119100   -0.0058688200
  -0.0058109400   -0.0004224700   -0.0058534500
  -0.0064025000    0.0009876200   -0.0054160600
  -0.0059300600   -0.0004749600   -0.0058840800
  -0.0000612400    0.0002237500   -0.0001303300
  -0.0002859300   -0.0000008600    0.0000300700
   0.0001649400    0.0004171800   -0.0000872100
  -0.0007511500    0.0001880800   -0.0001421000
  -0.0002008800    0.0001988400   -0.0001823300
   0.0020648200   -0.0009007100   -0.0006764300
  -0.0000786900    0.0001891400   -0.0001048900
  -0.0000579200    0.0001849300   -0.0000881900
   0.0059577100    0.0004284400   -0.0059967900
   0.0057405200    0.0003972600   -0.0060041900
   0.0061296000    0.0005250900   -0.0060002800
   0.0059995800    0.0003781300   -0.0059254400
   0.0048766800    0.0024240600   -0.0065824300
   0.0058954900    0.0004333700   -0.0058882000
   0.0059634500    0.0004144500   -0.0060027400
   0.0059333300    0.0003714700   -0.0059848000
  -0.0017587700   -0.0007203400   -0.0005296100
  -0.0017146700   -0.0000102600   -0.0003542400
  -0.0017187100   -0.0000401400   -0.0004203100
  -0.0017370900    0.0001717900   -0.0005557900
  -0.0013189600    0.0008759300    0.0017253200
  -0.0019968000   -0.0004335900   -0.0007231300
  -0.0016944600   -0.0000205100   -0.0003410500
  -0.0017728100   -0.0000566900   -0.0004326500
   0.0014712800   -0.0001945200    0.0003543700
   0.0014683700   -0.0000545200    0.0000547700
   0.0022246800    0.0000551100    0.0003475300
   0.0013499700   -0.0001403400    0.0003578000
   0.0019467500    0.0016942000   -0.0034215000
   0.0013431800   -0.0002547900    0.0002899000
   0.0014118100   -0.0001332100    0.0003607700
   0.0014835700   -0.0002323500    0.0002980000
  -0.0000981100    0.0033974600   -0.0055160200
  -0.0000493700    0.0034247100   -0.0054518200
   0.0003348200    0.0032687300   -0.0053267300
  -0.0001564000    0.0034243800   -0.0054398600
   0.0030527000    0.0204264600   -0.0113260900
  -0.0000194200    0.0033964200   -0.0056276200
  -0.0000844600    0.0033905700   -0.0054836200
  -0.0001100000    0.0033813800   -0.0054759700
  -0.0001842100   -0.0051354600   -0.0027820000
  -0.0001226400   -0.0052106000   -0.0027475900
  -0.0004905100   -0.0053708200   -0.0025082600
  -0.0003164600   -0.0050882400   -0.0028058900
  -0.0001210900   -0.0052801000   -0.0026279400
  -0.0011241300   -0.0051001500   -0.0032048000
  -0.0000991500   -0.0051510500   -0.0028599600
  -0.0001654600   -0.0052351400   -0.0027599500
   0.0060454200   -0.0003153200    0.0058245000
   0.0060596100   -0.0002967000    0.0058237200
   0.0054663000   -0.0000706100    0.0058579500
   0.0060428400   -0.0003749700    0.0058080500
  -0.0047300800    0.0023105900    0.0040354100
   0.0059682500   -0.0004078800    0.0059633900
   0.0060204300   -0.0002723500    0.0057390800
   0.0060626900   -0.0003198200    0.0058278700
   0.0000733500   -0.0013962200   -0.0048334500
   0.0000239000   -0.0014638000   -0.0048997000
  -0.0001445900   -0.0022427700   -0.0050732300
   0.0002484600   -0.0015954600   -0.0048060300
  -0.0324749300    0.0041551700   -0.0268919100
   0.0000876500   -0.0014947200   -0.0047539700
   0.0000436800   -0.0014203200   -0.0048232000
   0.0000094900   -0.0014923400   -0.0048809500
   0.0000242500   -0.0002122100    0.0015567400
   0.0000246400    0.0000180900    0.0014181900
  -0.0002787000   -0.0000745900    0.0014861000
   0.0000228300    0.0000899500    0.0015233200
  -0.0001063700    0.0000235300    0.0014231100
   0.0000503200   -0.0000240700    0.0013366800
   0.0000665000    0.0000197900    0.0012981200
  -0.0000010400    0.0000436600    0.0013811300
   0.0002604900    0.0006267700   -0.0015846500
  -0.0000327100    0.0000374300   -0.0013448400
  -0.0000187800   -0.0000224500   -0.0013884400
  -0.0000482900   -0.0000009900   -0.0013180700
   0.0004092000   -0.0000264300   -0.0015212900
   0.0000143800    0.0000293800   -0.0013485000
   0.0004626600   -0.0003095300   -0.0013205600
  -0.0000478300    0.0000566300   -0.0014098900

33   
  0.0040564153977520   0.0070817950687708  -0.0057787258738250
  -0.0002384600   -0.0022675300    0.0063943300
   0.0009506900   -0.0003448600    0.0066010000
   0.0000419000    0.0013960400    0.0048123100
   0.0000163200    0.0014630300    0.0048041600
   0.0000252200    0.0014476500    0.0048348500
  -0.0000222700    0.0013738600    0.0047448800
  -0.0001664400    0.0015355900    0.0047066600
   0.0000276900    0.0014308100    0.0048691300
   0.0030804200   -0.0012160700   -0.0350268200
  -0.0060587600    0.0001585900   -0.0061370300
  -0.0060329300    0.0003246600   -0.0057850600
  -0.0062409400    0.0002877500   -0.0058097100
  -0.0060608600    0.0003132900   -0.0058479500
  -0.0060873500    0.0003102200   -0.0057854300
  -0.0058760500    0.0001770200   -0.0060483700
  -0.0060241000    0.0002807000   -0.0057692200
  -0.0036330100    0.0059375900    0.0041176800
   0.0014787400    0.0041882700    0.0019555700
   0.0002503000    0.0051171900    0.0028116600
   0.0001778100    0.0051852300    0.0027316700
   0.0002149800    0.0052012300    0.0027213400
   0.0001580200    0.0051621300    0.0027062500
   0.0001201400    0.0048959000    0.0026931800
   0.0002106500    0.0050751500    0.0028551300
  -0.0020919700    0.0024168700    0.0061748300
   0.0001996600   -0.0028668600    0.0056875300
   0.0001267100   -0.0033710600    0.0054764000
   0.0000859500   -0.0033932800    0.0054948600
   0.0001358400   -0.0033984000    0.0054844000
   0.0001162800   -0.0034797000    0.0054536300
   0.0000847300   -0.0034258000    0.0056480200
   0.0000886800   -0.0033343600    0.0055165300
  -0.0914176700   -0.1130091800    0.1034979700
  -0.0015658300    0.0001216400   -0.0001737900
  -0.0014474900    0.0002095200   -0.0003896800
  -0.0014264500    0.0001813200   -0.0003613300
  -0.0014694100    0.0002375100   -0.0003942700
  -0.0014178600    0.0002164800   -0.0003838600
  -0.0009678900    0.0005251100    0.0002878800
  -0.0015631600    0.0002081400   -0.0003085900
   0.0018108000    0.0004254000    0.0004749900
   0.0019148800    0.0009544400    0.0032474900
   0.0015943800   -0.0000410800    0.0001865000
   0.0016567100    0.0000259300    0.0003994900
   0.0018662500   -0.0000092800    0.0005932200
   0.0018081800    0.0004317100    0.0004607100
   0.0016944000    0.0000416400    0.0004054700
   0.0019786400    0.0001559100    0.0003847000
  -0.0143061100    0.0329762800   -0.0222957900
  -0.0057761900   -0.0004718400    0.0061084800
  -0.0059162600   -0.0004182700    0.0060410400
  -0.0058654500   -0.0004250300    0.0059988400
  -0.0059054900   -0.0004583000    0.0060150700
  -0.0059186200   -0.0003977600    0.0060139000
  -0.0060313300   -0.0005598100    0.0058816800
  -0.0058962400   -0.0004153100    0.0060155400
   0.0002170100    0.0015405900   -0.0008392900
  -0.0007276600    0.0015779600   -0.0000139000
   0.0001057900   -0.0003158400    0.0002436600
   0.0001077700   -0.0002769600    0.0002145000
   0.0001464900   -0.0002192200    0.0002414100
   0.0000857600   -0.0002883100    0.0002370100
   0.0002754700   -0.0001482900    0.0001732400
  -0.0000455400   -0.0001926000    0.0001791500
   0.0058229900    0.0006155500    0.0060756300
   0.0059257600    0.0004373000    0.0061063300
   0.0067100500    0.0009247500    0.0037829100
   0.0061267900    0.0005327500    0.0060411000
   0.0058396100    0.0003152200    0.0057304600
   0.0060226300    0.0002121200    0.0058734000
   0.0058857300    0.0005176000    0.0059459700
   0.0057471100    0.0006227500    0.0058766400
   0.0035131300    0.0287215300    0.0045603400
  -0.0011974000   -0.0003015500    0.0007285500
  -0.0016266600   -0.0002851000    0.0005560300
  -0.0015615100   -0.0003376300    0.0007190200
  -0.0015891000   -0.0002618900    0.0005574500
  -0.0016487600   -0.0002783200    0.0005458900
  -0.0016596300   -0.0003854300    0.0007911000
  -0.0014811300   -0.0004951900    0.0006967500
   0.0023633500    0.0011496500   -0.0008259000
   0.0013108600    0.0001313400   -0.0000422700
   0.0013674900    0.0000696900   -0.0018497000
   0.0017531200    0.0003338400    0.0006116700
   0.0015450400    0.0004340200   -0.0005788900
   0.0013792500   -0.0000064800   -0.0003735300
   0.0012358400    0.0000117700   -0.0002956600
   0.0014162000    0.0000336400   -0.0001486400
  -0.0012486200    0.0035353800    0.0055589100
   0.0009958100    0.0037006100    0.0059694100
   0.0002583700    0.0035373700    0.0059639300
   0.0000370100    0.0036037200    0.0057262000
  -0.0000875100    0.0035542400    0.0059113900
   0.0001504100    0.0035071800    0.0058590400
   0.0000493800    0.0036195200    0.0058525200
   0.0000746500    0.0037801800    0.0055884000
   0.0273179900    0.0013271400   -0.0196508000
  -0.0002335000   -0.0051276800    0.0022724400
  -0.0000013000   -0.0052284600    0.0028420800
  -0.0000807900   -0.0052641000    0.0027746200
  -0.0000376200   -0.0052615000    0.0027678700
  -0.0000424600   -0.0052789800    0.0028241000
   0.0012894500   -0.0054873900    0.0013135200
  -0.0000475000   -0.0051740100    0.0028515200
   0.0067709700    0.0035559800   -0.0123125500
   0.0063248100   -0.0005704200   -0.0059967500
   0.0062374800   -0.0005467000   -0.0057951500
   0.0064535300   -0.0005859200   -0.0061089200
   0.0066632400   -0.0001946600   -0.0055287400
   0.0064798000   -0.0006222500   -0.0059675500
   0.0064016700   -0.0003392300   -0.0060933200
   0.0063624900   -0.0006766200   -0.0059197800
   0.0039143100   -0.0018956800    0.0022973700
  -0.0001180600   -0.0011593900    0.0042836900
  -0.0003688500   -0.0007360900    0.0043888400
  -0.0002308900   -0.0008193000    0.0042832500
  -0.0000404400   -0.0007515000    0.0043515500
  -0.0002837500   -0.0008264700    0.0042751200
  -0.0001376600   -0.0008346200    0.0044628500
  -0.0002866100   -0.0008207900    0.0044345200
   0.0002403800    0.0007846400   -0.0044276900
   0.0003557400    0.0007284600   -0.0053500000
   0.0002484300    0.0009080500   -0.0042392400
   0.0002367400    0.0006307700   -0.0043767700
   0.0005956500    0.0009532800   -0.0046221100
  -0.0001804300   -0.0003490000   -0.0048156700
   0.0002865700    0.0008159900   -0.0043970200
   0.0002347300    0.0007557900   -0.0045089600
  -0.0063244100    0.0005693700    0.0060051000
  -0.0060505600    0.0012539700    0.0057725900
  -0.0063928100    0.0005289900    0.0060893200
  -0.0063548600    0.0006257200    0.0059331400
  -0.0054024500    0.0001853100    0.0070738200
  -0.0063008300    0.0006188300    0.0056222800
  -0.0063749000    0.0006811900    0.0059158200
  -0.0066990900    0.0005073000    0.0060087400
   0.0000604700    0.0052419700   -0.0027689200
   0.0002843700    0.0051688100   -0.0027375000
   0.0007036200    0.0093744900   -0.0014809500
  -0.0000361300    0.0052014300   -0.0028506400
   0.0003162300    0.0056389600   -0.0033054200
  -0.0002468600    0.0058714900   -0.0032567200
   0.0000596600    0.0052499900   -0.0028037300
   0.0000475700    0.0052306600   -0.0027586100
  -0.0007606700   -0.0035968400   -0.0064468300
   0.0000148000   -0.0035439700   -0.0058346500
  -0.0001119700   -0.0035616600   -0.0058645600
   0.0000706900   -0.0036093500   -0.0056509700
   0.0031856000    0.0000567200   -0.0071848200
   0.0000924300   -0.0035679200   -0.0057545000
  -0.0004379800   -0.0037215400   -0.0058592000
  -0.0000381500   -0.0035824100   -0.0058612800
  -0.0012029000   -0.0000674400    0.0001935400
  -0.0015978600    0.0002623900   -0.0014053200
  -0.0013320800   -0.0000876200    0.0002397700
  -0.0013159700   -0.0000642100    0.0001088100
  -0.0013562600   -0.0000554200    0.0002201500
  -0.0011940300   -0.0001855000    0.0003307400
  -0.0013027300   -0.0000915600    0.0001310200
  -0.0017621300   -0.0002125600   -0.0007038800
   0.0015995700    0.0002604300   -0.0005302300
   0.0016217200    0.0003802400   -0.0005889300
   0.0054877700   -0.0022352300    0.0014661200
   0.0018510400    0.0002448800   -0.0003618100
   0.0076046400   -0.0010940700    0.0034138200
   0.0016148200    0.0000447600   -0.0004409500
   0.0016325900    0.0002677000   -0.0005455400
   0.0016066400    0.0002979700   -0.0005494100
  -0.0067157500   -0.0010163100   -0.0056615200
  -0.0058398100   -0.0004223200   -0.0060114000
  -0.0059161200   -0.0004892200   -0.0059159300
  -0.0057985400   -0.0004778200   -0.0058840500
  -0.0060494600   -0.0011970800   -0.0057903600
  -0.0057139400   -0.0004141500   -0.0058950500
  -0.0059443000    0.0007108700   -0.0062939900
  -0.0059706100   -0.0004561800   -0.0059448600
  -0.0000900600    0.0002210700   -0.0001617000
  -0.0002827200   -0.0000322100    0.0000468800
   0.0000422600    0.0004532900   -0.0003781800
  -0.0001384500    0.0002707200   -0.0002228100
  -0.0000586500    0.0002745200   -0.0001555500
   0.0021487200    0.0017221100    0.0017412700
  -0.0000729900    0.0002115800   -0.0001667700
  -0.0000634700    0.0002061400   -0.0001554800
   0.0058514000    0.0004278100   -0.0059654300
   0.0057530700    0.0004779400   -0.0060588600
   0.0054977800    0.0001186700   -0.0060010600
   0.0059304200    0.0004080300   -0.0059260700
   0.0093285800   -0.0003710400   -0.0112552800
   0.0058800000    0.0002801400   -0.0058177000
   0.0059339700    0.0004048100   -0.0060164500
   0.0058544000    0.0003973900   -0.0059697800
  -0.0018355900   -0.0005202000   -0.0004651900
  -0.0019219800    0.0000120700   -0.0003717800
  -0.0017685100    0.0000314800   -0.0006046000
  -0.0018177800    0.0001356400   -0.0006137400
  -0.0020943200    0.0009003600    0.0015444800
  -0.0020705100   -0.0003693500   -0.0008193300
  -0.0017773300   -0.0001540000   -0.0002263100
  -0.0017900800   -0.0000391300   -0.0004961300
   0.0014271000   -0.0001981400    0.0003282800
   0.0014810100   -0.0000016000    0.0000662500
   0.0015557200    0.0003381400    0.0000599700
   0.0013887300   -0.0002133100    0.0003588500
   0.0026035600    0.0035389200   -0.0023188700
   0.0010394700    0.0000230500    0.0009703600
   0.0014175500   -0.0001684900    0.0003443400
   0.0014164000   -0.0001845800    0.0003352100
  -0.0000991600    0.0033773100   -0.0055125000
  -0.0000795300    0.0033846600   -0.0054767000
   0.0005789800    0.0035878000   -0.0056085500
  -0.0001843300    0.0034573800   -0.0055253100
   0.0295677600    0.0252990400   -0.0227406900
   0.0000248900    0.0034722900   -0.0055284900
  -0.0001236700    0.0033598100   -0.0055221300
  -0.0001022500    0.0033983600   -0.0055074200
  -0.0001591200   -0.0051321500   -0.0027269300
  -0.0002305300   -0.0052064200   -0.0027517500
   0.0001775500   -0.0051121400   -0.0027162300
  -0.0003803000   -0.0051889100   -0.0025710900
  -0.0001233000   -0.0050248600   -0.0027973200
  -0.0019730800   -0.0055947900   -0.0010032400
  -0.0001795100   -0.0051503500   -0.0027926500
  -0.0002050700   -0.0051376600   -0.0027958600
   0.0060495500   -0.0003059800    0.0058533200
   0.0061321100   -0.0003201000    0.0057893900
   0.0054585800   -0.0004566200    0.0061177900
   0.0060304900   -0.0003960500    0.0058011500
   0.0007128600   -0.0025363300    0.0054747500
   0.0061386200   -0.0002354400    0.0059982400
   0.0059753000   -0.0003236600    0.0056691800
   0.0060849400   -0.0003410800    0.0058460900
   0.0000162000   -0.0013382000   -0.0048074100
  -0.0000050900   -0.0013849000   -0.0048612200
   0.0003430800   -0.0019798300   -0.0046347900
  -0.0000872800   -0.0017792000   -0.0045777000
   0.0089791900    0.0063317000   -0.0088486800
  -0.0000098100   -0.0014455100   -0.0047052500
   0.0000036700   -0.0013691300   -0.0047790000
  -0.0000256300   -0.0014118900   -0.0048504800
   0.0004083100   -0.0002860800    0.0015791600
   0.0000485000    0.0000686400    0.0013365300
  -0.0002863700   -0.0005987900    0.0025736100
   0.0001311900    0.0000320300    0.0015018500
   0.0002182700   -0.0000207700    0.0012803600
  -0.0000573400   -0.0000063200    0.0014101900
   0.0000605400    0.0000431900    0.0012886900
   0.0000017600    0.0000246400    0.0014273100
   0.0000058500    0.0005772200   -0.0014988600
   0.0000151600    0.0000522200   -0.0014053800
  -0.0000445600   -0.0000220600   -0.0013433300
  -0.0000015100   -0.0000017700   -0.0013580200
   0.0005963600    0.0001108100   -0.0021688400
  -0.0000469700   -0.0000014200   -0.0012925800
   0.0003003000   -0.0001316900   -0.0013745100
  -0.0001431200    0.0001143400   -0.0011303800

33   
 -0.0040564153977520  -0.0070817950687708   0.0057787258738250
   0.0003421900    0.0051409500    0.0033073900
  -0.0009069800    0.0032632800    0.0030895100
   0.0000117000    0.0015083300    0.0048894400
   0.0000376000    0.0014428800    0.0048984200
   0.0000282800    0.0014568800    0.0048670500
   0.0000755600    0.0015307600    0.0049572600
   0.0002216000    0.0013737900    0.0049946900
   0.0000253000    0.0014737700    0.0048341400
  -0.0155256300    0.0022087700    0.0241482000
  -0.0061047700    0.0004717400   -0.0054952300
  -0.0061310300    0.0003045400   -0.0058494100
  -0.0059239200    0.0003415200   -0.0058233800
  -0.0061020400    0.0003153300   -0.0057857100
  -0.0060760600    0.0003184800   -0.0058477700
  -0.0062861800    0.0004531000   -0.0055855500
  -0.0061390600    0.0003486800   -0.0058640100
   0.0038924400    0.0045052300    0.0013880300
  -0.0011715400    0.0062071400    0.0035070500
   0.0000630400    0.0052868300    0.0026526400
   0.0001326900    0.0052194100    0.0027294500
   0.0000972200    0.0052018900    0.0027435500
   0.0001534300    0.0052422700    0.0027545200
   0.0001902300    0.0055121200    0.0027633100
   0.0000999900    0.0053270800    0.0026090700
   0.0022835900   -0.0091657600    0.0047793700
   0.0000078600   -0.0039221900    0.0052719600
   0.0000795000   -0.0034172000    0.0054875000
   0.0001198900   -0.0033946200    0.0054680700
   0.0000703500   -0.0033900300    0.0054788100
   0.0000884000   -0.0033072800    0.0055102800
   0.0001223500   -0.0033612600    0.0053166800
   0.0001175300   -0.0034529300    0.0054466200
   0.0922888000    0.1120284400   -0.1055254600
  -0.0013020200    0.0002885400   -0.0004857400
  -0.0014200100    0.0002014500   -0.0002707700
  -0.0014414200    0.0002304000   -0.0002983500
  -0.0013979800    0.0001727800   -0.0002661800
  -0.0014500000    0.0001953000   -0.0002765000
  -0.0019028200   -0.0001058400   -0.0009373700
  -0.0013056200    0.0002019900   -0.0003528000
   0.0017960800   -0.0002726400    0.0004990800
   0.0016958300   -0.0007921200   -0.0022686300
   0.0020122800    0.0001941300    0.0007884200
   0.0019491000    0.0001311600    0.0005754900
   0.0017403900    0.0001618900    0.0003830300
   0.0018000000   -0.0002852500    0.0005146500
   0.0019143100    0.0001135400    0.0005675300
   0.0016267800   -0.0000026500    0.0005916200
   0.0014705500   -0.0320140600    0.0329618200
  -0.0060354900   -0.0003047700    0.0058920700
  -0.0058942400   -0.0003589900    0.0059617900
  -0.0059449400   -0.0003521600    0.0060037200
  -0.0059047400   -0.0003181300    0.0059867300
  -0.0058917300   -0.0003793300    0.0059883700
  -0.0057814400   -0.0002137800    0.0061190900
  -0.0059146400   -0.0003621700    0.0059863700
  -0.0000439500   -0.0020060800    0.0011006000
   0.0009254100   -0.0020658600    0.0003102700
   0.0000731300   -0.0001598800    0.0000706400
   0.0000708000   -0.0001983100    0.0000993900
   0.0000323000   -0.0002559200    0.0000719900
   0.0000925100   -0.0001876800    0.0000774800
  -0.0000983700   -0.0003333200    0.0001355500
   0.0002236700   -0.0002828800    0.0001353100
   0.0059313000    0.0003219200    0.0057222300
   0.0058250400    0.0005031100    0.0057026100
   0.0050448100    0.0000211700    0.0080267300
   0.0056209600    0.0004093800    0.0057570300
   0.0059126000    0.0006233200    0.0060732400
   0.0057299100    0.0007310800    0.0059277400
   0.0058674100    0.0004219700    0.0058547400
   0.0060065300    0.0003187600    0.0059257600
  -0.0068682700   -0.0287137600   -0.0030587200
  -0.0019976800   -0.0002758900    0.0003535600
  -0.0015661400   -0.0002931800    0.0005259600
  -0.0016312800   -0.0002421500    0.0003640600
  -0.0016037200   -0.0003167900    0.0005243600
  -0.0015451000   -0.0003007500    0.0005360700
  -0.0015354800   -0.0001943600    0.0002882200
  -0.0017089100   -0.0000822500    0.0003872900
   0.0003252000   -0.0010556200    0.0006201600
   0.0013886100   -0.0000511100   -0.0001435800
   0.0013468800    0.0000170100    0.0016810500
   0.0009464400   -0.0002499300   -0.0007933100
   0.0011514200   -0.0003535200    0.0004002800
   0.0013171400    0.0000904200    0.0001872000
   0.0014631700    0.0000718800    0.0001101900
   0.0012836300    0.0000469100   -0.0000363600
   0.0013631300    0.0036354600    0.0060918900
  -0.0008869500    0.0034596800    0.0056635900
  -0.0001530700    0.0036254900    0.0056846100
   0.0000657200    0.0035583200    0.0059233700
   0.0001910200    0.0036092300    0.0057372100
  -0.0000430200    0.0036546300    0.0057912300
   0.0000549800    0.0035420100    0.0057967900
   0.0000306500    0.0033791500    0.0060615000
  -0.0275300400   -0.0120972900    0.0254578100
   0.0001469800   -0.0054334900    0.0033410100
  -0.0000866400   -0.0053341900    0.0027693400
  -0.0000073000   -0.0052987400    0.0028359700
  -0.0000514700   -0.0053001800    0.0028428700
  -0.0000456800   -0.0052840200    0.0027866700
  -0.0013747000   -0.0050847700    0.0042862800
  -0.0000394300   -0.0053880200    0.0027595600
   0.0060907700   -0.0049032000    0.0003810000
   0.0065166700   -0.0007700700   -0.0058757300
   0.0066036000   -0.0007929800   -0.0060777100
   0.0063874100   -0.0007518300   -0.0057650200
   0.0061761300   -0.0011605000   -0.0063384800
   0.0063618000   -0.0007173300   -0.0059074900
   0.0064373400   -0.0009997500   -0.0057793400
   0.0064778600   -0.0006630800   -0.0059538600
  -0.0044969000    0.0001694800    0.0065827200
  -0.0004760800   -0.0005243800    0.0046116800
  -0.0002256800   -0.0009434300    0.0045048900
  -0.0003643200   -0.0008603500    0.0046085700
  -0.0005601800   -0.0009288300    0.0045442800
  -0.0003111600   -0.0008518200    0.0046158900
  -0.0004573700   -0.0008450800    0.0044356000
  -0.0003083200   -0.0008593400    0.0044584200
   0.0003555000    0.0008952800   -0.0044656500
   0.0002398500    0.0009558000   -0.0035496500
   0.0003450200    0.0007681400   -0.0046562200
   0.0003602100    0.0010519400   -0.0045186400
  -0.0000019200    0.0007243300   -0.0042723100
   0.0007867200    0.0020396600   -0.0040778500
   0.0003087700    0.0008631300   -0.0044959300
   0.0003620700    0.0009228800   -0.0043805200
  -0.0065161800    0.0007709000    0.0058679400
  -0.0067895300    0.0000873800    0.0060991700
  -0.0064476200    0.0008088300    0.0057849200
  -0.0064861600    0.0007146300    0.0059401500
  -0.0074504100    0.0011603600    0.0048017900
  -0.0065412000    0.0007138900    0.0062541900
  -0.0064657100    0.0006577200    0.0059577600
  -0.0061427100    0.0008320500    0.0058636900
   0.0000279500    0.0053194500   -0.0028422200
  -0.0001933700    0.0053962700   -0.0028773900
  -0.0005977700    0.0011866300   -0.0041235400
   0.0001237800    0.0053606800   -0.0027602700
  -0.0002345300    0.0049288600   -0.0023008200
   0.0003299200    0.0046896700   -0.0023581000
   0.0000282900    0.0053122000   -0.0028073900
   0.0000407600    0.0053329700   -0.0028517500
   0.0006589500   -0.0035502700   -0.0052041700
  -0.0001181900   -0.0036187000   -0.0058155000
   0.0000070300   -0.0035982400   -0.0057853700
  -0.0001767900   -0.0035523200   -0.0059971400
  -0.0033406000   -0.0073103300   -0.0044482400
  -0.0001962200   -0.0035924000   -0.0058955500
   0.0003333700   -0.0034387200   -0.0057903300
  -0.0000662700   -0.0035798400   -0.0057881300
  -0.0014977400   -0.0000120100   -0.0000096200
  -0.0010968900   -0.0003430000    0.0015825100
  -0.0013665400    0.0000044300   -0.0000547400
  -0.0013848100   -0.0000148500    0.0000744200
  -0.0013412300   -0.0000267500   -0.0000349200
  -0.0015102500    0.0001074900   -0.0001531500
  -0.0013995200    0.0000120000    0.0000522800
  -0.0009318600    0.0001326500    0.0008933300
   0.0015936100    0.0003184600   -0.0005520000
   0.0015719700    0.0001996900   -0.0004924200
  -0.0023244600    0.0028342000   -0.0025117000
   0.0013402900    0.0003339200   -0.0007206500
  -0.0044327200    0.0016632100   -0.0045004300
   0.0015764100    0.0005350500   -0.0006404300
   0.0015598300    0.0003106800   -0.0005368900
   0.0015865500    0.0002815000   -0.0005318800
  -0.0050281100    0.0000816200   -0.0061494200
  -0.0059135300   -0.0005161000   -0.0057895600
  -0.0058363800   -0.0004501300   -0.0058839200
  -0.0059548100   -0.0004618100   -0.0059176700
  -0.0057083600    0.0002709100   -0.0060150100
  -0.0060403800   -0.0005264400   -0.0059057800
  -0.0058010800   -0.0016574200   -0.0055118500
  -0.0057819800   -0.0004839400   -0.0058556700
  -0.0000887100    0.0002547300   -0.0001535500
   0.0001021700    0.0005037400   -0.0003549400
  -0.0002296900    0.0000229600    0.0000718800
  -0.0000481800    0.0002029400   -0.0000919900
  -0.0001214200    0.0002045800   -0.0001540200
  -0.0023017100   -0.0012154000   -0.0020180400
  -0.0001055400    0.0002642700   -0.0001480100
  -0.0001145700    0.0002696300   -0.0001587900
   0.0059584400    0.0003491400   -0.0060366800
   0.0060562300    0.0002997900   -0.0059439500
   0.0063111300    0.0006596200   -0.0059986300
   0.0058801600    0.0003695600   -0.0060772600
   0.0023911100    0.0011464500   -0.0006640600
   0.0059306900    0.0004978300   -0.0061840700
   0.0058769000    0.0003720700   -0.0059862400
   0.0059561100    0.0003794700   -0.0060324100
  -0.0017756800    0.0003622700   -0.0005047700
  -0.0016866900   -0.0001677400   -0.0006023800
  -0.0018410800   -0.0001892200   -0.0003689800
  -0.0017880900   -0.0002895900   -0.0003639000
  -0.0015168100   -0.0010987500   -0.0025282800
  -0.0015318500    0.0002163300   -0.0001590500
  -0.0018291600    0.0000029200   -0.0007501800
  -0.0018169100   -0.0001158500   -0.0004793100
   0.0014404500   -0.0002132000    0.0003319900
   0.0013869300   -0.0004115900    0.0005935000
   0.0013317300   -0.0007394500    0.0005987300
   0.0014792200   -0.0001980000    0.0003018200
   0.0002954600   -0.0039730600    0.0029730800
   0.0018336200   -0.0004318800   -0.0003115100
   0.0014501800   -0.0002425300    0.0003160700
   0.0014522500   -0.0002274800    0.0003246600
  -0.0001092400    0.0034117200   -0.0054495500
  -0.0001276000    0.0034025600   -0.0054861600
  -0.0007828500    0.0031938100   -0.0053483900
  -0.0000223300    0.0033310500   -0.0054375200
  -0.0322398200   -0.0196349000    0.0128331100
  -0.0002322800    0.0033151300   -0.0054345900
  -0.0000831600    0.0034287800   -0.0054408000
  -0.0001041400    0.0033892300   -0.0054557200
  -0.0001522800   -0.0052706000   -0.0027350600
  -0.0000801000   -0.0051992500   -0.0027109700
  -0.0004838100   -0.0052948500   -0.0027492100
   0.0000687200   -0.0052137400   -0.0028924300
  -0.0001881500   -0.0053821100   -0.0026607100
   0.0016641100   -0.0048029100   -0.0044519500
  -0.0001321900   -0.0052532400   -0.0026690800
  -0.0001054600   -0.0052669200   -0.0026643100
   0.0061140200   -0.0003228000    0.0057811800
   0.0060316700   -0.0003091800    0.0058441800
   0.0067056200   -0.0001649500    0.0055151500
   0.0061316700   -0.0002333600    0.0058326700
   0.0114809700    0.0018799600    0.0061468800
   0.0060244500   -0.0003941700    0.0056339700
   0.0061903900   -0.0003053500    0.0059670300
   0.0060778700   -0.0002878900    0.0057874900
  -0.0000702000   -0.0015676700   -0.0048944500
  -0.0000489700   -0.0015201500   -0.0048409100
  -0.0004017600   -0.0009349900   -0.0050755800
   0.0000302500   -0.0011265700   -0.0051198300
  -0.0086739800   -0.0091446900   -0.0006138400
  -0.0000427000   -0.0014577100   -0.0049972200
  -0.0000573600   -0.0015357400   -0.0049233100
  -0.0000280000   -0.0014934500   -0.0048517300
  -0.0003616800    0.0002743100    0.0011654100
  -0.0000079100   -0.0000761200    0.0014099700
   0.0003469500    0.0005853800    0.0001829300
  -0.0000909600   -0.0000391700    0.0012433000
  -0.0001682900    0.0000135100    0.0014654600
   0.0000984900   -0.0000002100    0.0013359900
  -0.0000191900   -0.0000483700    0.0014566200
   0.0000391700   -0.0000319100    0.0013186200
  -0.0000386000   -0.0005517300   -0.0012498700
  -0.0000562700   -0.0000459700   -0.0013411600
   0.0000035100    0.0000286500   -0.0014016800
  -0.0000392100    0.0000080600   -0.0013879400
  -0.0006464400   -0.0001050600   -0.0005673100
   0.0000058000    0.0000085200   -0.0014543800
  -0.0003452600    0.0001430700   -0.0013734400
   0.0001025600   -0.0001084200   -0.0016162200

57   
 -0.0040564153977520   0.0070817950687708   0.0057787258738250
  -0.0001451300    0.0015380500    0.0046023700
  -0.0049456200    0.0800278300    0.0421347600
   0.0000284300    0.0014244500    0.0048246800
   0.0000117800    0.0013701900    0.0048661100
   0.0000277600    0.0013970000    0.0047868000
   0.0000430300    0.0013598100    0.0048397600
   0.0001685700    0.0014764900    0.0044331900
   0.0001204300    0.0012460000    0.0047649700
  -0.0056151000    0.0003831400   -0.0053816000
  -0.0057490200    0.0028452500   -0.0026871300
  -0.0060293200    0.0003329400   -0.0058277600
  -0.0063731300    0.0002080800   -0.0058176900
  -0.0060671200    0.0003220700   -0.0058052800
  -0.0060623200    0.0003138700   -0.0058323700
  -0.0064483500    0.0003582600   -0.0058971500
  -0.0060086000    0.0003707900   -0.0057973900
   0.0007070200    0.0038541900   -0.0100444500
   0.0002312200    0.0052641800    0.0027281600
   0.0001146500    0.0049938100    0.0026318100
   0.0001427700    0.0050912400    0.0027205000
   0.0001984600    0.0049045400    0.0028421100
   0.0001510300    0.0050762100    0.0027403900
   0.0001249300    0.0049250200    0.0028492700
   0.0000407300    0.0052047300    0.0028445700
   0.0005448900   -0.0036457700    0.0056383400
   0.0010553000   -0.0041735900    0.0127314900
   0.0001123000   -0.0034715400    0.0054688200
   0.0001479600   -0.0033195900    0.0055797500
   0.0001126700   -0.0034051600    0.0054936300
   0.0000997200   -0.0033858600    0.0055224800
  -0.0001979700   -0.0035242700    0.0057386900
   0.0002351700   -0.0034980300    0.0055703400
  -0.0059494500    0.0088586900    0.0059926800
  -0.0016126900    0.0026118600   -0.0001086000
  -0.0014027100    0.0001597400   -0.0003447800
  -0.0013485500    0.0001031600   -0.0003924500
  -0.0014986700    0.0002436400   -0.0003972100
  -0.0014182200    0.0001602100   -0.0003966800
  -0.0017036700    0.0002230300   -0.0004889000
  -0.0011743700    0.0001396200   -0.0003993700
   0.0018557100   -0.0002095500    0.0002115400
   0.0012193500   -0.0004954000    0.0022498400
   0.0017481400    0.0000157900    0.0005053100
   0.0016453200    0.0005794100    0.0003295400
   0.0018091600    0.0000541000    0.0004981800
   0.0016974600   -0.0000679800    0.0006497200
   0.0017523400   -0.0000357200    0.0005637600
   0.0013840200   -0.0003042900    0.0007283100
  -0.0047799200   -0.0018277700    0.0058990600
  -0.0057317700   -0.0001986900    0.0067147600
  -0.0058570400   -0.0003416300    0.0059711200
  -0.0058976400   -0.0004089600    0.0060364800
  -0.0059673800   -0.0003699500    0.0059826100
  -0.0058866200   -0.0004280000    0.0059954400
  -0.0062351400   -0.0008114700    0.0060395400
  -0.0058097300   -0.0004222200    0.0060056300
   0.0166044400   -0.2483069600   -0.1625175600
   0.0000340700    0.0000561300    0.0005855100
   0.0001184800   -0.0002747000    0.0001232000
   0.0000897200   -0.0003552800    0.0002976800
   0.0000158000   -0.0002645900    0.0001829200
   0.0000832200   -0.0003118800    0.0002580900
  -0.0000143000   -0.0004312800    0.0001053500
   0.0001024200    0.0000621100    0.0005234300
   0.0059196900    0.0004110500    0.0059316700
   0.0066126800   -0.0001176000    0.0063626200
   0.0060075800    0.0005017600    0.0059652800
   0.0058785700   -0.0004450600    0.0056379100
   0.0058454800    0.0003756800    0.0060175500
   0.0056039400    0.0006026900    0.0059504200
   0.0057958700    0.0004659800    0.0058264200
   0.0059130200    0.0005076400    0.0059209800
  -0.0013628900    0.0004471700    0.0011259500
  -0.0056344900    0.0026500300    0.0017677700
  -0.0016021500   -0.0002845500    0.0005642500
  -0.0016085300   -0.0003188500    0.0007559400
  -0.0015829800   -0.0002741800    0.0005580400
  -0.0015895400   -0.0002347300    0.0006054400
  -0.0017815000   -0.0002665000    0.0006147800
  -0.0019354400   -0.0005461100    0.0004981900
   0.0015809800    0.0019269300    0.0004375700
   0.0014759400   -0.0000458000   -0.0001832400
  -0.0000045000    0.0044463100   -0.0015708700
   0.0013081100    0.0000190100   -0.0002190000
   0.0012332800    0.0003636300   -0.0004327900
   0.0014144100   -0.0000104800   -0.0001682600
   0.0014771600    0.0001228000   -0.0001474200
   0.0012681900    0.0001026800   -0.0002373800
   0.0001339900    0.0037932600    0.0056801000
   0.0010443100   -0.0002143700    0.0067718200
   0.0000588500    0.0034990200    0.0058155600
  -0.0001536500    0.0037058100    0.0060537500
   0.0000592800    0.0034482200    0.0058427900
   0.0003974600    0.0038221400    0.0059663800
   0.0000091000    0.0037263500    0.0057384700
   0.0001834800    0.0035397900    0.0058993900
   0.0010770600    0.1049855700    0.1241917400
   0.0001721600   -0.0055176000    0.0027297500
  -0.0000851600   -0.0051434100    0.0028395200
  -0.0000592300   -0.0051737300    0.0028855000
  -0.0000451500   -0.0052038800    0.0027196400
  -0.0000507200   -0.0051801500    0.0028335700
  -0.0000777200   -0.0051981800    0.0029932400
  -0.0002672600   -0.0056186200    0.0025174800
   0.0081090200    0.0012610500   -0.0087691700
   0.0057862200   -0.0010257100   -0.0058046300
   0.0067307100   -0.0010852000   -0.0058212300
   0.0064223400   -0.0007067300   -0.0059663600
   0.0064087400   -0.0007450700   -0.0056264700
   0.0064404900   -0.0006638700   -0.0059948100
   0.0064159800   -0.0006970800   -0.0060667100
   0.0064395000   -0.0007146300   -0.0059974500
  -0.0049506300    0.0388663600   -0.0074710600
  -0.0003939400   -0.0008111100    0.0043051300
  -0.0000865800   -0.0003729700    0.0044819500
  -0.0002933800   -0.0008051100    0.0043248200
  -0.0005405900   -0.0004369400    0.0046534800
  -0.0002937200   -0.0008075800    0.0043597500
  -0.0001959600   -0.0007338100    0.0043955100
  -0.0001952300   -0.0008197300    0.0043311500
   0.0002888700    0.0006616300   -0.0044732800
  -0.0000326900    0.0010327700   -0.0039646000
   0.0002833400    0.0006893700   -0.0043665900
  -0.0001454700    0.0011193300   -0.0046467900
   0.0003328800    0.0002895900   -0.0043234900
  -0.0001744900    0.0001471300   -0.0039770300
   0.0002899000    0.0006875800   -0.0044610500
   0.0003010000    0.0007785000   -0.0043184600
  -0.0063544900    0.0006625300    0.0058707700
  -0.0072141900    0.0004438400    0.0066567400
  -0.0065430000    0.0006953500    0.0059724200
  -0.0063877000    0.0008405700    0.0060723700
  -0.0064283600    0.0005626200    0.0060681000
  -0.0063384600    0.0006928100    0.0058135500
  -0.0064212500    0.0006138900    0.0059707100
  -0.0063782700    0.0007232800    0.0059417000
   0.0000617300    0.0052187500   -0.0027593900
   0.0001333800    0.0050660300   -0.0026640900
  -0.0000608700    0.0050148700   -0.0030472200
  -0.0007637800    0.0052720900   -0.0027097900
   0.0000644600    0.0050001700   -0.0029651000
   0.0005957700    0.0052498700   -0.0023151700
   0.0000494000    0.0052282500   -0.0027731500
   0.0000757200    0.0052039900   -0.0028381900
  -0.0005456200   -0.0028012100   -0.0061153400
  -0.0000835600   -0.0037083600   -0.0058854200
  -0.0000959900   -0.0039278800   -0.0058067200
  -0.0000452400   -0.0035317300   -0.0058937600
   0.0001509100   -0.0043266400   -0.0061055600
  -0.0000669600   -0.0035756000   -0.0061946100
  -0.0000989200   -0.0035538500   -0.0058479700
  -0.0000323000   -0.0036949700   -0.0058765400
  -0.0013173200   -0.0001807000    0.0001759000
  -0.0008874100   -0.0037332500    0.0026446100
  -0.0013273400   -0.0001077400    0.0001139100
  -0.0014089500   -0.0001565500    0.0002827900
  -0.0013515900   -0.0000721600    0.0001083600
  -0.0010976600    0.0001302400    0.0000890400
  -0.0014288400   -0.0002266200   -0.0000223700
  -0.0015630400    0.0002526400    0.0000148000
   0.0016217600    0.0003392600   -0.0006296000
   0.0015457000    0.0002192200   -0.0006013700
   0.0040689300    0.0069034600    0.0045683700
   0.0015626200    0.0002180300   -0.0005716000
   0.0016955500    0.0002846900   -0.0008662200
   0.0015671500    0.0011076000   -0.0009906800
   0.0016196900    0.0002873800   -0.0005469600
   0.0016046900    0.0002485900   -0.0006004500
  -0.0078956200    0.0015886000   -0.0061596900
  -0.0058763600   -0.0005049900   -0.0059579200
  -0.0057051100   -0.0006118000   -0.0055390600
  -0.0058926600   -0.0005017000   -0.0059404400
  -0.0062754800   -0.0008742900   -0.0055414800
  -0.0058582000   -0.0004785200   -0.0059336800
  -0.0057915800   -0.0004757500   -0.0059078100
  -0.0053383400   -0.0007892100   -0.0057168600
  -0.0001024000    0.0001428000   -0.0001544400
  -0.0000975500    0.0003755500   -0.0000854200
  -0.0000705900    0.0004710500   -0.0001212000
  -0.0003675000   -0.0003783700   -0.0009970700
  -0.0000934300    0.0010892100    0.0007835900
  -0.0006328900   -0.0003816700   -0.0008035100
  -0.0001020100    0.0001424900   -0.0001531900
  -0.0000721500    0.0003476800   -0.0002752200
   0.0059373300    0.0003827900   -0.0060141000
   0.0061017000    0.0003221200   -0.0060546600
   0.0053857500    0.0004967500   -0.0058292500
   0.0059196700    0.0004665900   -0.0060998400
   0.0064446000    0.0003624900   -0.0061378700
   0.0052589100    0.0030960400   -0.0054209100
   0.0058469100    0.0004141800   -0.0060025300
   0.0059123800    0.0003995800   -0.0060197300
  -0.0022507500    0.0001784100    0.0007134300
  -0.0016999100   -0.0000096200   -0.0006327100
  -0.0018556000    0.0002198900   -0.0006651600
  -0.0017103400   -0.0000531100   -0.0006148600
  -0.0023620700    0.0023521800   -0.0005459200
  -0.0019094700   -0.0001157700   -0.0005346000
  -0.0017137200   -0.0000013300   -0.0005748600
  -0.0018983200   -0.0001318300   -0.0005739800
   0.0014241200   -0.0002027200    0.0003518500
   0.0014191600   -0.0001390300    0.0003917700
   0.0013228200    0.0001818400    0.0007834800
   0.0011454800    0.0001969100    0.0006127100
   0.0014506300   -0.0001551100    0.0003827000
   0.0053722200   -0.0004146100    0.0007135800
   0.0014081000   -0.0002105100    0.0003600200
   0.0014079100   -0.0001811800    0.0003971600
  -0.0001174300    0.0032253900   -0.0058118900
  -0.0000900200    0.0033239200   -0.0055159500
  -0.0009525100    0.0026330900   -0.0057399100
  -0.0001499100    0.0034862900   -0.0055077500
   0.0009103300    0.0030245500   -0.0060446100
  -0.0005907200    0.0026446200   -0.0060157600
  -0.0000962700    0.0034808100   -0.0055108300
  -0.0001288500    0.0033102200   -0.0055074500
  -0.0001596500   -0.0051804700   -0.0027682800
  -0.0001404700   -0.0052203200   -0.0027730200
  -0.0001247500   -0.0050336900   -0.0028079200
   0.0000384600   -0.0050915700   -0.0030632900
  -0.0000679100   -0.0047113900   -0.0027772800
  -0.0006246300   -0.0050913000   -0.0026609700
  -0.0001285900   -0.0051891800   -0.0027828000
  -0.0002584800   -0.0050110400   -0.0026970200
   0.0060947700   -0.0003076100    0.0057896100
   0.0061082000   -0.0003312700    0.0058513400
   0.0050060300   -0.0008207300    0.0055724100
   0.0060542800   -0.0003319800    0.0058376800
   0.0061572000   -0.0006949800    0.0057727700
   0.0058202500    0.0002079200    0.0062932200
   0.0060322400   -0.0002703900    0.0058118000
   0.0060427800   -0.0003557600    0.0058043700
   0.0000090600   -0.0011997900   -0.0048609900
  -0.0000250700   -0.0013265100   -0.0047706600
  -0.0001327800   -0.0024017700   -0.0055038600
  -0.0000229500   -0.0013220400   -0.0047868000
  -0.0008729300   -0.0013968300   -0.0048188600
  -0.0003582300   -0.0019649500   -0.0053441600
  -0.0000397000   -0.0014374600   -0.0048560300
  -0.0000428000   -0.0013525500   -0.0047582300
   0.0000388100    0.0001798800    0.0012834100
   0.0000086400   -0.0005739200    0.0018301200
   0.0001927400   -0.0008493900    0.0032067500
  -0.0002093300    0.0002553300    0.0013494100
  -0.0000194800   -0.0001594900    0.0014509700
   0.0003024700    0.0003000100    0.0013137200
   0.0000534800    0.0002240600    0.0013179600
   0.0000125300   -0.0000982900    0.0013501200
  -0.0000117300    0.0003178600   -0.0014224700
  -0.0002047700   -0.0003562500   -0.0012738300
   0.0000337200   -0.0001489400   -0.0012198000
  -0.0000213300    0.0000685000   -0.0013798100
  -0.0000719300   -0.0001507200   -0.0011315200
  -0.0000129300    0.0002741200   -0.0016661900
  -0.0000216400    0.0002404000   -0.0013099000
   0.0001948800   -0.0003581100   -0.0014965600

57   
  0.0040564153977520  -0.0070817950687708  -0.0057787258738250
   0.0002027600    0.0013547900    0.0051050600
   0.0045944800   -0.0811306800   -0.0343377500
   0.0000242700    0.0014788100    0.0048785400
   0.0000405300    0.0015359300    0.0048351900
   0.0000246700    0.0015078400    0.0049163600
   0.0000093900    0.0015461300    0.0048618500
  -0.0001129700    0.0014268500    0.0052746500
  -0.0000725200    0.0016609000    0.0049355200
  -0.0065351100    0.0002170600   -0.0062311900
  -0.0064028100   -0.0023368200   -0.0089661700
  -0.0061328800    0.0002961500   -0.0058062400
  -0.0057895300    0.0004212100   -0.0058175300
  -0.0060940900    0.0003068300   -0.0058297400
  -0.0060991200    0.0003140800   -0.0058012700
  -0.0057108700    0.0002794900   -0.0057329200
  -0.0061546000    0.0002579500   -0.0058384800
  -0.0004337100    0.0069975100    0.0151257200
   0.0000738600    0.0051381300    0.0027341400
   0.0001925200    0.0054064300    0.0028212000
   0.0001673700    0.0053118000    0.0027407000
   0.0001137000    0.0055038500    0.0026088200
   0.0001591300    0.0053275500    0.0027199400
   0.0001852500    0.0054821700    0.0026067800
   0.0002723300    0.0051973800    0.0026150700
  -0.0003409000   -0.0031522200    0.0053113800
  -0.0009198800   -0.0025300200   -0.0018363500
   0.0000943300   -0.0033168900    0.0054959000
   0.0000601900   -0.0034696100    0.0053830900
   0.0000938300   -0.0033824800    0.0054701000
   0.0001061400   -0.0034047600    0.0054396800
   0.0004064800   -0.0032628400    0.0052287400
  -0.0000320400   -0.0032900100    0.0053912200
   0.0029280900   -0.0084472500   -0.0067605900
  -0.0012592300   -0.0022721000   -0.0005431400
  -0.0014664300    0.0002531200   -0.0003161400
  -0.0015219300    0.0003100200   -0.0002678900
  -0.0013708500    0.0001691000   -0.0002646200
  -0.0014504500    0.0002532900   -0.0002643000
  -0.0011732100    0.0001831500   -0.0001635500
  -0.0016987500    0.0002704000   -0.0002637600
   0.0017473100    0.0003661500    0.0007737500
   0.0024303600    0.0006312000   -0.0012232100
   0.0018571200    0.0001377000    0.0004691900
   0.0019812400   -0.0004290600    0.0006494800
   0.0017974600    0.0001000900    0.0004766900
   0.0019080100    0.0002223800    0.0003259000
   0.0018559500    0.0001905300    0.0004124000
   0.0022285400    0.0004611100    0.0002455300
  -0.0070442600    0.0010722800    0.0060873800
  -0.0061170600   -0.0005600700    0.0052668400
  -0.0059526800   -0.0004372800    0.0060313300
  -0.0059153500   -0.0003688900    0.0059666600
  -0.0058455500   -0.0004072700    0.0060160600
  -0.0059248000   -0.0003497500    0.0060076200
  -0.0055842500    0.0000424800    0.0059662600
  -0.0060047100   -0.0003554900    0.0059971700
  -0.0171308100    0.2463467900    0.1598206300
   0.0001474600   -0.0005319000   -0.0002770400
   0.0000615300   -0.0002006300    0.0001922300
   0.0000890400   -0.0001205500    0.0000160300
   0.0001605600   -0.0002094900    0.0001322400
   0.0000955900   -0.0001643800    0.0000564500
   0.0001947300   -0.0000463100    0.0002130200
   0.0000763800   -0.0005445100   -0.0002166900
   0.0058324200    0.0005307300    0.0058677400
   0.0051366800    0.0010391400    0.0054279800
   0.0057493300    0.0004404400    0.0058387600
   0.0058973900    0.0013951100    0.0061788700
   0.0059083200    0.0005658000    0.0057812400
   0.0061470500    0.0003393600    0.0058463800
   0.0059591600    0.0004746900    0.0059756400
   0.0058410400    0.0004320400    0.0058796500
  -0.0017837300   -0.0010131800   -0.0000603300
   0.0025620000   -0.0031722300   -0.0006142900
  -0.0015909900   -0.0002950500    0.0005180400
  -0.0015847400   -0.0002599100    0.0003208100
  -0.0016097700   -0.0003050600    0.0005226800
  -0.0016036800   -0.0003456400    0.0004728700
  -0.0014122700   -0.0003081600    0.0004654100
  -0.0012470100   -0.0000183600    0.0005850500
   0.0011157800   -0.0018235600   -0.0006067100
   0.0012204700    0.0001308400   -0.0000027100
   0.0026000200   -0.0043686600    0.0012836300
   0.0013957100    0.0000613400    0.0000330400
   0.0014669600   -0.0002844800    0.0002526900
   0.0012844600    0.0000929700   -0.0000182400
   0.0012183800   -0.0000421300   -0.0000396100
   0.0014339000   -0.0000217800    0.0000526900
  -0.0000278400    0.0033655100    0.0059730800
  -0.0009282800    0.0073908700    0.0049290500
   0.0000448900    0.0036625500    0.0058339700
   0.0002579800    0.0034468100    0.0055902200
   0.0000451700    0.0037166400    0.0058088100
  -0.0002883600    0.0033303600    0.0056867800
   0.0000975300    0.0034328500    0.0059133200
  -0.0000783500    0.0036203800    0.0057510300
  -0.0000829000   -0.1109633400   -0.1130262800
  -0.0002588100   -0.0050208800    0.0028942200
  -0.0000005800   -0.0054172100    0.0027704700
  -0.0000283400   -0.0053897700    0.0027228800
  -0.0000407300   -0.0053553300    0.0028904500
  -0.0000367200   -0.0053828500    0.0027759600
  -0.0000092500   -0.0053662000    0.0026153200
   0.0001791100   -0.0049339900    0.0031073500
   0.0047481000   -0.0025530200   -0.0031703200
   0.0070723000   -0.0003053200   -0.0060739200
   0.0061073600   -0.0002567200   -0.0060555200
   0.0064165600   -0.0006326100   -0.0059072200
   0.0064237400   -0.0005928500   -0.0062450200
   0.0063990100   -0.0006749600   -0.0058775600
   0.0064225000   -0.0006448300   -0.0058085200
   0.0063989000   -0.0006240500   -0.0058748300
   0.0045916700   -0.0402269000    0.0161857200
  -0.0001980900   -0.0008665400    0.0045901900
  -0.0005065800   -0.0013142700    0.0044082100
  -0.0003008100   -0.0008706300    0.0045667900
  -0.0000587400   -0.0012470600    0.0042412700
  -0.0002998300   -0.0008674500    0.0045314400
  -0.0003965500   -0.0009436500    0.0044967600
  -0.0003996900   -0.0008557600    0.0045628000
   0.0003053000    0.0010167000   -0.0044145400
   0.0006309600    0.0006422800   -0.0049310800
   0.0003104300    0.0009896000   -0.0045258400
   0.0007481100    0.0005328200   -0.0042357000
   0.0002604500    0.0013969400   -0.0045686200
   0.0007793500    0.0015326900   -0.0049199700
   0.0003047400    0.0009910300   -0.0044283600
   0.0002925800    0.0008973300   -0.0045717900
  -0.0064862600    0.0006778900    0.0060048500
  -0.0056063300    0.0008896900    0.0052231500
  -0.0062971900    0.0006443300    0.0058993300
  -0.0064419600    0.0004914500    0.0057988400
  -0.0064093000    0.0007770400    0.0058084900
  -0.0064924100    0.0006696000    0.0060726800
  -0.0064176100    0.0007267900    0.0059029200
  -0.0064603500    0.0006160600    0.0059325400
   0.0000252700    0.0053432200   -0.0028514900
  -0.0000466200    0.0054939800   -0.0029401700
   0.0001432300    0.0055466600   -0.0025606900
   0.0008788700    0.0052925600   -0.0029063600
   0.0000282800    0.0055571700   -0.0026458700
  -0.0005019100    0.0052928800   -0.0033165100
   0.0000380800    0.0053336100   -0.0028371100
   0.0000112900    0.0053581300   -0.0027712400
   0.0004413600   -0.0043370200   -0.0055547700
  -0.0000201000   -0.0034512800   -0.0057637000
   0.0000011000   -0.0032275900   -0.0058415900
  -0.0000599500   -0.0036306100   -0.0057564500
  -0.0002762000   -0.0028464700   -0.0055380800
  -0.0000374700   -0.0035974100   -0.0054468800
  -0.0000064200   -0.0036079600   -0.0058018900
  -0.0000729800   -0.0034648400   -0.0057723100
  -0.0013836500    0.0001007700    0.0000117800
  -0.0018572600    0.0036831900   -0.0024554000
  -0.0013738000    0.0000266700    0.0000716200
  -0.0012891900    0.0000736300   -0.0000963000
  -0.0013477400   -0.0000086400    0.0000785000
  -0.0016264100   -0.0002087100    0.0001126800
  -0.0012706800    0.0001490300    0.0002143700
  -0.0011391000   -0.0003287400    0.0001716500
   0.0015716100    0.0002388700   -0.0004504600
   0.0016492600    0.0003617700   -0.0004791900
  -0.0009754900   -0.0063368300   -0.0055688200
   0.0016345400    0.0003598400   -0.0005100600
   0.0014990400    0.0002944600   -0.0002123900
   0.0016332900   -0.0005295500   -0.0000853900
   0.0015717800    0.0002899100   -0.0005332400
   0.0015877400    0.0003312700   -0.0004801900
  -0.0038816200   -0.0025197500   -0.0056993500
  -0.0058763500   -0.0004352200   -0.0058413900
  -0.0060516900   -0.0003272500   -0.0062626400
  -0.0058620600   -0.0004380500   -0.0058602700
  -0.0054993200   -0.0000822500   -0.0062742100
  -0.0058950000   -0.0004609200   -0.0058655100
  -0.0059617200   -0.0004644000   -0.0058921500
  -0.0064255500   -0.0001432200   -0.0060913400
  -0.0000763200    0.0003352000   -0.0001626400
  -0.0000829700    0.0000901500   -0.0002216000
  -0.0001077500    0.0000041400   -0.0001918100
   0.0001707500    0.0008657500    0.0007028000
  -0.0000801500   -0.0006229500   -0.0011002700
   0.0004840100    0.0008591800    0.0004907000
  -0.0000764400    0.0003347600   -0.0001632700
  -0.0001072700    0.0001300100   -0.0000432100
   0.0058737200    0.0003939900   -0.0059897600
   0.0057056400    0.0004562700   -0.0059493800
   0.0064459000    0.0002885200   -0.0061788700
   0.0058913800    0.0003100500   -0.0058988000
   0.0053691000    0.0004151700   -0.0058726000
   0.0065578800   -0.0023843800   -0.0065589000
   0.0059656800    0.0003629100   -0.0059999000
   0.0058986000    0.0003773500   -0.0059824500
  -0.0013518600   -0.0003209700   -0.0016839700
  -0.0019085700   -0.0001445100   -0.0003408800
  -0.0017453500   -0.0003771000   -0.0003146800
  -0.0018982100   -0.0000994400   -0.0003609100
  -0.0011232300   -0.0024008900   -0.0003336800
  -0.0016958600   -0.0000379800   -0.0004385300
  -0.0018911800   -0.0001536300   -0.0003998200
  -0.0017053500   -0.0000196700   -0.0004008700
   0.0014444800   -0.0002094800    0.0003094500
   0.0014514000   -0.0002734300    0.0002648700
   0.0015551900   -0.0006022900   -0.0001279500
   0.0017247400   -0.0006138500    0.0000413600
   0.0014170200   -0.0002558700    0.0002758000
  -0.0025903600    0.0000561200   -0.0000636600
   0.0014622500   -0.0002020300    0.0003023000
   0.0014616700   -0.0002321200    0.0002621100
  -0.0000877700    0.0035590500   -0.0051630400
  -0.0001169800    0.0034653200   -0.0054478000
   0.0007466300    0.0041416300   -0.0052105000
  -0.0000552200    0.0033007900   -0.0054567400
  -0.0011200700    0.0037550400   -0.0049125200
   0.0003949700    0.0041523800   -0.0049542600
  -0.0001101300    0.0033065800   -0.0054514600
  -0.0000767800    0.0034787600   -0.0054564500
  -0.0001498500   -0.0052216000   -0.0026913400
  -0.0001704100   -0.0051874600   -0.0026904300
  -0.0001849900   -0.0053708200   -0.0026512400
  -0.0003519400   -0.0053081700   -0.0023897300
  -0.0002445100   -0.0056932100   -0.0026891200
   0.0003067400   -0.0053242400   -0.0027924300
  -0.0001819200   -0.0052127100   -0.0026772300
  -0.0000519500   -0.0053926600   -0.0027620100
   0.0060675700   -0.0003200800    0.0058443700
   0.0060543500   -0.0002973700    0.0057833800
   0.0071477900    0.0002158500    0.0060411300
   0.0061080600   -0.0002969800    0.0057967800
   0.0060020300    0.0000740700    0.0058664900
   0.0063503800   -0.0008641600    0.0053442200
   0.0061266000   -0.0003581000    0.0058195000
   0.0061192100   -0.0002738400    0.0058312000
  -0.0000619700   -0.0016948900   -0.0048371000
  -0.0000281800   -0.0015787800   -0.0049337000
   0.0000489600   -0.0005183100   -0.0042145900
  -0.0000291700   -0.0015827900   -0.0049167500
   0.0007962200   -0.0014887900   -0.0048844800
   0.0003065700   -0.0009199000   -0.0043397700
  -0.0000119700   -0.0014653500   -0.0048433500
  -0.0000096900   -0.0015524900   -0.0049456400
   0.0000069000   -0.0001922800    0.0014589300
   0.0000320800    0.0005823300    0.0009051500
  -0.0001475800    0.0008303800   -0.0005076200
   0.0002578300   -0.0002678200    0.0014035800
   0.0000596200    0.0001495800    0.0012945000
  -0.0002689400   -0.0003130100    0.0014364000
  -0.0000187300   -0.0002376000    0.0014253900
   0.0000286400    0.0000942300    0.0013966500
  -0.0000266800   -0.0003192100   -0.0013322600
   0.0001705000    0.0003752000   -0.0014751900
  -0.0000758100    0.0001541700   -0.0015308400
  -0.0000197000   -0.0000615300   -0.0013624600
   0.0000321500    0.0001523600   -0.0016172100
  -0.0000281100   -0.0002739800   -0.0010677300
  -0.0000199300   -0.0002359300   -0.0014411000
  -0.0002409100    0.0003727500   -0.0012487600

241  
 -0.0040564153977520   0.0070817950687708   0.0057787258738250
  -0.0001348700    0.0022613400    0.0048943100
   0.0000269700    0.0013518700    0.0047124600
   0.0002061100    0.0015285300    0.0052002200
  -0.0000997400    0.0029520000    0.0041977600
  -0.0001452900    0.0015693800    0.0052063400
   0.0000140700    0.0013826200    0.0047413100
   0.0000341200    0.0014656000    0.0049281300
   0.0000076300    0.0014318200    0.0047427200
  -0.0061473200    0.0003298400   -0.0057968800
  -0.0059967900    0.0003336900   -0.0057899100
  -0.0071327000    0.0001205800   -0.0080417200
  -0.0059802300    0.0003362000   -0.0056524400
  -0.0059874700    0.0001752800   -0.0057036900
  -0.0060914000    0.0002359200   -0.0057636000
  -0.0060779900    0.0003423900   -0.0057980500
  -0.0061290700    0.0002777700   -0.0058479300
   0.0001346300    0.0052738700    0.0028006800
   0.0001594500    0.0050717700    0.0026447700
   0.0008541800    0.0070358100    0.0085306400
   0.0000411100    0.0051156100    0.0027833700
   0.0002095100    0.0052106500    0.0026342400
   0.0002015200    0.0050524500    0.0025947500
   0.0001750800    0.0052558700    0.0027495800
   0.0001524400    0.0051695400    0.0027230800
   0.0001755700   -0.0064061900    0.0058796200
   0.0002001200   -0.0033068200    0.0054412300
   0.0002527500   -0.0034960900    0.0056586100
   0.0000572700   -0.0037983500    0.0054189800
   0.0001356000   -0.0033154500    0.0054458900
   0.0001250200   -0.0034889800    0.0054562500
   0.0001097700   -0.0034627200    0.0054926200
   0.0000476500   -0.0033187000    0.0054619800
  -0.0016733700    0.0002913300    0.0000120900
  -0.0014588800    0.0002286400   -0.0003526100
  -0.0011234900    0.0003192100   -0.0006753300
  -0.0015521200    0.0003107900   -0.0003799600
  -0.0017356300    0.0002701300   -0.0002133300
  -0.0013116300    0.0001602700   -0.0003883000
  -0.0014176100    0.0001774800   -0.0002985700
  -0.0014181400    0.0002106900   -0.0004158300
   0.0011248200    0.0001792900    0.0012707200
   0.0020404600    0.0009064100    0.0004594900
   0.0017537600    0.0000474900    0.0004803900
   0.0020009000    0.0001663600    0.0003240400
   0.0019017000    0.0000733400    0.0004552600
   0.0017243000    0.0000694800    0.0005588600
   0.0018499500    0.0000414900    0.0004869300
   0.0016908600    0.0000834700    0.0004573000
  -0.0046522800    0.0005828000    0.0036417900
  -0.0060194300   -0.0004544900    0.0060670400
  -0.0057816300   -0.0003098500    0.0060213900
  -0.0059347200   -0.0004192000    0.0059241600
  -0.0059021200   -0.0002808000    0.0060386600
  -0.0058805500   -0.0004267000    0.0059689600
  -0.0059488900   -0.0003688100    0.0060235100
  -0.0058789400   -0.0003976700    0.0059729600
   0.0001772100    0.0000741300   -0.0000328000
   0.0000764900   -0.0008181200    0.0006188900
   0.0002574300   -0.0010732800    0.0020162200
   0.0001295400    0.0000965800    0.0002338000
   0.0000489300   -0.0003925200    0.0002360000
   0.0001001300   -0.0000585300    0.0000578800
   0.0000508800   -0.0000795400    0.0001413400
   0.0000805200   -0.0003342300    0.0001342900
   0.0060506000    0.0029951000    0.0093698700
   0.0063459400    0.0004792300    0.0060743100
   0.0058177400    0.0004869800    0.0059056200
   0.0058473200    0.0004988500    0.0058757600
   0.0058436100    0.0004828500    0.0058704000
   0.0058935200    0.0004564900    0.0059368300
   0.0058902900    0.0004844600    0.0058326100
   0.0057325000    0.0003652400    0.0058953300
  -0.0013480700   -0.0004490300    0.0003935400
  -0.0015910600   -0.0003049600    0.0004934400
  -0.0014827100    0.0001579500    0.0004233500
  -0.0017986500   -0.0003899500    0.0002645500
  -0.0016305800   -0.0002710200    0.0005271100
  -0.0015911500   -0.0002587000    0.0005190600
  -0.0016158300   -0.0002898800    0.0005700900
  -0.0015794700   -0.0002642600    0.0005020400
   0.0000999900    0.0000248500   -0.0009013000
   0.0010807300   -0.0001691500   -0.0004754200
   0.0012600200   -0.0000093300   -0.0001328000
   0.0014419500    0.0000456700   -0.0000566600
   0.0013670800    0.0000349300   -0.0000845300
   0.0013010800    0.0000714500   -0.0001012800
   0.0012514700    0.0000453600   -0.0000912500
   0.0013810900    0.0000914900   -0.0000640300
   0.0001299800    0.0068098700    0.0116739300
   0.0003006500    0.0033858500    0.0055914100
   0.0000728200    0.0036203800    0.0058752900
   0.0000053500    0.0036157900    0.0058080300
   0.0000723400    0.0036081600    0.0058546100
   0.0000734600    0.0035448600    0.0058317900
   0.0000586900    0.0035077600    0.0058214000
  -0.0000155700    0.0035662900    0.0058027400
  -0.0001349900   -0.0051269100    0.0026239600
  -0.0000404900   -0.0053395700    0.0032099500
   0.0006619200   -0.0068004000    0.0046245800
   0.0000148800   -0.0052412700    0.0027375300
   0.0000096100   -0.0053391300    0.0028563400
  -0.0001068600   -0.0052596800    0.0027893300
  -0.0000219800   -0.0051890400    0.0028099800
  -0.0000474100   -0.0053055300    0.0028370500
   0.0054467100    0.0000116600   -0.0051455600
   0.0064534300   -0.0010357000   -0.0060418900
   0.0065596000   -0.0007360800   -0.0059722300
   0.0063275300   -0.0007382600   -0.0058712000
   0.0064063500   -0.0006386600   -0.0059058100
   0.0064355300   -0.0006839800   -0.0059401100
   0.0063219100   -0.0008064800   -0.0059216200
   0.0064663100   -0.0006548700   -0.0059553900
  -0.0001447100   -0.0008526200    0.0045928100
  -0.0004579700   -0.0009366100    0.0036601000
  -0.0004249200   -0.0011624200    0.0039708800
  -0.0003542900   -0.0008825500    0.0045038800
  -0.0003087500   -0.0008344800    0.0044640000
  -0.0002574000   -0.0008020800    0.0044735900
  -0.0004438500   -0.0008146700    0.0045861700
  -0.0002885100   -0.0008660700    0.0044195400
   0.0004568800    0.0012132800   -0.0043961000
   0.0002748500    0.0002017800   -0.0045019500
   0.0003368000    0.0008226500   -0.0044646600
   0.0002830200    0.0008505500   -0.0044282500
   0.0002743000    0.0007944300   -0.0044627400
   0.0003343500    0.0008841700   -0.0043654700
   0.0003036700    0.0008063300   -0.0044790000
   0.0003585000    0.0005115600   -0.0044704900
  -0.0053707700    0.0028238000    0.0074674900
  -0.0061008800    0.0002635500    0.0059039400
  -0.0063603000    0.0006834200    0.0058889400
  -0.0064579600    0.0006582100    0.0059366300
  -0.0064258000    0.0007102800    0.0059533000
  -0.0064003700    0.0006532400    0.0059371100
  -0.0064438300    0.0006463600    0.0060214500
  -0.0067378500    0.0007438400    0.0060358800
   0.0000534600    0.0054478300   -0.0031203900
   0.0000347600    0.0052564400   -0.0026160700
  -0.0000215700    0.0052462600   -0.0028115200
   0.0000434600    0.0052902800   -0.0028005800
   0.0000889900    0.0052503400   -0.0028471300
   0.0000014000    0.0052318500   -0.0028333600
   0.0000472700    0.0053182700   -0.0026516200
   0.0000469800    0.0052149800   -0.0026994000
  -0.0008059600   -0.0037237400   -0.0057439600
  -0.0000910000   -0.0038604200   -0.0063592400
  -0.0000408800   -0.0034837200   -0.0058264900
  -0.0000759400   -0.0036440300   -0.0058351300
  -0.0000873100   -0.0035321400   -0.0057831500
  -0.0000379700   -0.0036146900   -0.0058286600
   0.0004589100   -0.0041007300   -0.0056723100
  -0.0000485300   -0.0035120800   -0.0058728500
  -0.0008673800   -0.0001104000    0.0003410100
  -0.0010785200   -0.0002955600   -0.0001788200
  -0.0013888300   -0.0000408200    0.0000518200
  -0.0014529900    0.0000189400    0.0000720300
  -0.0013501900   -0.0000550200    0.0000770200
  -0.0013189700   -0.0000338700    0.0001318900
  -0.0013725400   -0.0000786300    0.0001127500
  -0.0013329900    0.0005644000    0.0001370000
   0.0012808900    0.0000821700   -0.0008250400
   0.0015838800    0.0002592700   -0.0005459600
   0.0015880600    0.0002854800   -0.0005390800
   0.0015992100    0.0003190700   -0.0005786900
   0.0014568000    0.0004836300   -0.0003350800
   0.0015792400    0.0002787800   -0.0006178100
   0.0015795900    0.0003673600   -0.0004544500
   0.0016080700    0.0004270100   -0.0006303800
  -0.0059529400   -0.0006761700   -0.0060517000
  -0.0060152000   -0.0009162800   -0.0060837400
  -0.0058972700   -0.0004682300   -0.0058710100
  -0.0058766000   -0.0005051200   -0.0059015200
  -0.0058766700   -0.0004631900   -0.0059401400
  -0.0057900600   -0.0005377200   -0.0058536600
  -0.0057987000   -0.0000570800   -0.0059066600
  -0.0058792800   -0.0004735900   -0.0058882700
  -0.0000809900    0.0006386100   -0.0003029900
  -0.0002328600   -0.0001257000   -0.0000273900
  -0.0000251000    0.0000862400    0.0000040300
  -0.0000891200    0.0003594900   -0.0002353100
  -0.0001489800    0.0000859700    0.0000794400
  -0.0000808900    0.0004315000   -0.0003570500
  -0.0000893200    0.0004200000   -0.0000236300
   0.0000864800   -0.0001277000   -0.0003114400
   0.0060367400   -0.0000950600   -0.0074159400
   0.0059016600    0.0002869900   -0.0058786400
   0.0059462200    0.0003983900   -0.0060139200
   0.0058151900    0.0004092600   -0.0059553300
   0.0058674200    0.0003252700   -0.0059055000
   0.0059686300    0.0003314600   -0.0060344500
   0.0056344500    0.0001809600   -0.0057220200
   0.0059221400    0.0004779400   -0.0059017700
  -0.0020243500   -0.0000626900   -0.0004549600
  -0.0019191900   -0.0001769700   -0.0007288700
  -0.0018221400   -0.0000949900   -0.0004882000
  -0.0017568100   -0.0000623700   -0.0005053500
  -0.0017137600   -0.0000683800   -0.0005320400
  -0.0019181600   -0.0000664100   -0.0004363300
  -0.0005518400   -0.0004035600   -0.0013510200
  -0.0018282800   -0.0000029200   -0.0004283800
   0.0015762500    0.0000081000    0.0001434100
   0.0013805600   -0.0001626700    0.0003433300
   0.0014782500   -0.0002103700    0.0003414400
   0.0013821800   -0.0002090500    0.0002946500
   0.0009963500   -0.0005399300    0.0007162400
   0.0014778500   -0.0001784400    0.0003015100
   0.0016298800   -0.0004524200    0.0005615900
   0.0017321100   -0.0003366600   -0.0000853800
   0.0001386700    0.0027394500   -0.0055176900
  -0.0001387100    0.0035121700   -0.0056007100
  -0.0000992200    0.0034344900   -0.0054723000
  -0.0001306900    0.0033348400   -0.0055268200
  -0.0001417700    0.0035164500   -0.0053393200
  -0.0000838500    0.0033058100   -0.0055206500
  -0.0005925100    0.0031076500   -0.0054455500
  -0.0000912200    0.0033849500   -0.0055456400
  -0.0001971900   -0.0052027400   -0.0026715400
  -0.0002048100   -0.0052741000   -0.0027814400
  -0.0002717900   -0.0052481900   -0.0029352900
  -0.0001520100   -0.0052269300   -0.0027531500
  -0.0000575700   -0.0052521400   -0.0029709100
  -0.0001460600   -0.0052869300   -0.0026202100
  -0.0001540400   -0.0051369200   -0.0027016800
  -0.0001113600   -0.0052329800   -0.0028664000
   0.0061107300   -0.0001704400    0.0059113500
   0.0060913700   -0.0003556700    0.0058210100
   0.0061129700   -0.0003326600    0.0056885000
   0.0061290200   -0.0003571000    0.0058721000
   0.0060473600    0.0003365400    0.0053401900
   0.0060808800   -0.0003227900    0.0058075000
   0.0062544500   -0.0005111400    0.0058841800
   0.0060424500   -0.0003851400    0.0057158700
  -0.0000493600   -0.0012823200   -0.0045859400
   0.0000097900   -0.0015689600   -0.0049725700
  -0.0000210400   -0.0014418000   -0.0047365800
  -0.0000498000   -0.0014438100   -0.0049580700
   0.0001310000   -0.0009103800   -0.0048487900
   0.0000112500   -0.0014149000   -0.0049555500
   0.0000325200   -0.0015931400   -0.0045529300
  -0.0000418400   -0.0014728200   -0.0050832800
   0.0010408700   -0.0038534200   -0.0109584400
  -0.0001952300    0.0004075800    0.0016985200
   0.0000405800    0.0000916900    0.0011448200
   0.0000094300   -0.0000681100    0.0016579000
  -0.0000061500   -0.0000165900    0.0013104200
   0.0000350400    0.0000007600    0.0013971500
  -0.0001583000   -0.0002491100    0.0013217000
   0.0002296700    0.0003001300    0.0015333200
  -0.0002102900   -0.0007747100   -0.0020910200
  -0.0001170100    0.0003575000   -0.0010921300
   0.0000595300    0.0000593500   -0.0015665600
  -0.0000956800   -0.0000303400   -0.0012212800
  -0.0001175500    0.0000778100   -0.0014360100
   0.0000517300   -0.0000305400   -0.0013246600
  -0.0020037900   -0.0007804800   -0.0008298500
   0.0000587100    0.0002686700   -0.0013092600

241  
  0.0040564153977520  -0.0070817950687708  -0.0057787258738250
   0.0001869500    0.0006458800    0.0048091000
   0.0000268200    0.0015512800    0.0049877700
  -0.0001476400    0.0013722000    0.0045061500
   0.0001579800   -0.0000542100    0.0055051000
   0.0001985200    0.0013338200    0.0044960800
   0.0000396800    0.0015200100    0.0049592300
   0.0000197700    0.0014369000    0.0047723500
   0.0000466300    0.0014703800    0.0049576000
  -0.0060139600    0.0002985500   -0.0058371800
  -0.0061647100    0.0002963600   -0.0058442300
  -0.0050394900    0.0005133300   -0.0036100300
  -0.0061829000    0.0002939200   -0.0059822200
  -0.0061759500    0.0004536200   -0.0059279000
  -0.0060707400    0.0003936200   -0.0058700200
  -0.0060842700    0.0002871900   -0.0058361100
  -0.0060331800    0.0003514700   -0.0057862800
   0.0001770000    0.0051284500    0.0026599800
   0.0001521900    0.0053300500    0.0028135500
  -0.0005710300    0.0033125400   -0.0032220400
   0.0002697800    0.0052858400    0.0026779700
   0.0001011400    0.0051920600    0.0028265500
   0.0001095700    0.0053483500    0.0028638000
   0.0001359800    0.0051466200    0.0027113700
   0.0001587700    0.0052326800    0.0027379100
   0.0000351100   -0.0003688100    0.0050558400
   0.0000068100   -0.0034814500    0.0055222200
  -0.0000465500   -0.0032912500    0.0053040300
   0.0001507100   -0.0029881800    0.0055457900
   0.0000720100   -0.0034721500    0.0055166200
   0.0000817600   -0.0032991400    0.0055080300
   0.0000970400   -0.0033251700    0.0054716700
   0.0001587200   -0.0034693500    0.0055018000
  -0.0011929900    0.0001177400   -0.0006772400
  -0.0014083600    0.0001825800   -0.0003092200
  -0.0017351700    0.0000947300    0.0000039700
  -0.0013151800    0.0001004900   -0.0002815300
  -0.0011328100    0.0001389700   -0.0004492200
  -0.0015558600    0.0002505900   -0.0002730400
  -0.0014496800    0.0002339300   -0.0003635900
  -0.0014490700    0.0002004400   -0.0002459200
   0.0024768900   -0.0000176600   -0.0002786500
   0.0015700200   -0.0007672800    0.0005154600
   0.0018537600    0.0001064300    0.0004962000
   0.0016075400   -0.0000122100    0.0006513800
   0.0017064400    0.0000806000    0.0005216200
   0.0018839300    0.0000844400    0.0004178600
   0.0017579200    0.0001128600    0.0004894800
   0.0019164100    0.0000679600    0.0005174600
  -0.0071593200   -0.0013662600    0.0083744500
  -0.0057897300   -0.0003216400    0.0059352500
  -0.0060315100   -0.0004671000    0.0059842000
  -0.0058745600   -0.0003587500    0.0060788300
  -0.0059066400   -0.0004950700    0.0059636500
  -0.0059295100   -0.0003505600    0.0060338200
  -0.0058606700   -0.0004087500    0.0059784900
  -0.0059310000   -0.0003797600    0.0060296500
   0.0000008000   -0.0005508000    0.0003513000
   0.0001021300    0.0003382700   -0.0003047900
  -0.0000799300    0.0006080900   -0.0016980500
   0.0000493500   -0.0005719500    0.0000820400
   0.0001299800   -0.0000830500    0.0000804200
   0.0000790900   -0.0004182300    0.0002564900
   0.0001277500   -0.0003953900    0.0001748700
   0.0000981600   -0.0001420700    0.0001822300
   0.0056747800   -0.0019268500    0.0025447800
   0.0053996100    0.0004637100    0.0057294800
   0.0059350000    0.0004531200    0.0058958300
   0.0059051000    0.0004411500    0.0059252700
   0.0059091800    0.0004570500    0.0059310700
   0.0058590100    0.0004833400    0.0058645700
   0.0058627600    0.0004556000    0.0059682100
   0.0060203500    0.0005728700    0.0059060000
  -0.0018453400   -0.0001246000    0.0006838300
  -0.0016029100   -0.0002738600    0.0005893300
  -0.0017095600   -0.0007347400    0.0006568500
  -0.0013954100   -0.0001888400    0.0008175900
  -0.0015629100   -0.0003071500    0.0005551300
  -0.0016032000   -0.0003202100    0.0005642000
  -0.0015787500   -0.0002888500    0.0005126600
  -0.0016152300   -0.0003145300    0.0005810400
   0.0026298200    0.0000353200    0.0007061500
   0.0016226200    0.0002403000    0.0002824700
   0.0014393300    0.0000905500   -0.0000533800
   0.0012575000    0.0000365600   -0.0001297600
   0.0013321200    0.0000467100   -0.0001021500
   0.0013982000    0.0000105200   -0.0000849700
   0.0014492000    0.0000379800   -0.0000939100
   0.0013182400   -0.0000096500   -0.0001220200
  -0.0000105000    0.0004125200    0.0001639600
  -0.0001952300    0.0037748500    0.0060598800
   0.0000309300    0.0035418200    0.0057755200
   0.0000988600    0.0035485400    0.0058430200
   0.0000319500    0.0035542300    0.0057958800
   0.0000306400    0.0036173500    0.0058185800
   0.0000453300    0.0036543300    0.0058288300
   0.0001167200    0.0035939500    0.0058464400
   0.0000453500   -0.0054346100    0.0029888500
  -0.0000488700   -0.0052213700    0.0024010000
  -0.0007613000   -0.0037526400    0.0010166100
  -0.0001033600   -0.0053188700    0.0028722800
  -0.0000984400   -0.0052215400    0.0027536900
   0.0000176000   -0.0053005200    0.0028210700
  -0.0000663600   -0.0053712000    0.0027998100
  -0.0000415500   -0.0052547500    0.0027732400
   0.0074160800   -0.0013839400   -0.0067224800
   0.0063893100   -0.0002966700   -0.0058250600
   0.0062806400   -0.0006041400   -0.0059008200
   0.0065127000   -0.0006015100   -0.0060029000
   0.0064341400   -0.0007009200   -0.0059679100
   0.0064043000   -0.0006556200   -0.0059338000
   0.0065190600   -0.0005347500   -0.0059544900
   0.0063740100   -0.0006846700   -0.0059184200
  -0.0004534500   -0.0008202300    0.0042925300
  -0.0001404400   -0.0007357600    0.0052199000
  -0.0001703000   -0.0005213500    0.0049174100
  -0.0002411500   -0.0007936500    0.0043873200
  -0.0002863500   -0.0008417700    0.0044268900
  -0.0003377900   -0.0008737300    0.0044177200
  -0.0001506400   -0.0008606200    0.0043023200
  -0.0003066500   -0.0008104800    0.0044715000
   0.0001402600    0.0004740300   -0.0044878200
   0.0003201900    0.0014788200   -0.0043896600
   0.0002584800    0.0008535200   -0.0044257700
   0.0003123200    0.0008254200   -0.0044632000
   0.0003208400    0.0008821000   -0.0044279600
   0.0002607100    0.0007915200   -0.0045252300
   0.0002916800    0.0008707500   -0.0044118900
   0.0002386600    0.0011663300   -0.0044213300
  -0.0074401300   -0.0014325700    0.0044373600
  -0.0067432600    0.0010783900    0.0059712200
  -0.0064800100    0.0006562400    0.0059851800
  -0.0063823300    0.0006816800    0.0059370300
  -0.0064139200    0.0006295300    0.0059206800
  -0.0064396000    0.0006864000    0.0059369000
  -0.0063963700    0.0006933900    0.0058531500
  -0.0061008600    0.0005964400    0.0058400700
   0.0000363400    0.0051154700   -0.0024908400
   0.0000543100    0.0053035500   -0.0029956300
   0.0001107400    0.0053133800   -0.0027979200
   0.0000454000    0.0052699300   -0.0028092900
  -0.0000010100    0.0053093600   -0.0027624100
   0.0000880800    0.0053289000   -0.0027768300
   0.0000422800    0.0052417300   -0.0029578900
   0.0000418300    0.0053448600   -0.0029106000
   0.0007043300   -0.0034331100   -0.0059064200
  -0.0000150500   -0.0033007100   -0.0052871600
  -0.0000633300   -0.0036785800   -0.0058240400
  -0.0000281000   -0.0035184300   -0.0058152300
  -0.0000165300   -0.0036301200   -0.0058672300
  -0.0000663900   -0.0035477600   -0.0058216000
  -0.0005601500   -0.0030609200   -0.0059771800
  -0.0000554800   -0.0036504100   -0.0057774000
  -0.0018335500    0.0000315600   -0.0001512200
  -0.0016231800    0.0002142700    0.0003659800
  -0.0013105200   -0.0000408700    0.0001348100
  -0.0012475800   -0.0001006600    0.0001128600
  -0.0013493500   -0.0000266000    0.0001099200
  -0.0013799700   -0.0000479400    0.0000549200
  -0.0013270000   -0.0000026800    0.0000736200
  -0.0013700500   -0.0006499800    0.0000483500
   0.0019080100    0.0004975700   -0.0002630600
   0.0016102800    0.0003195200   -0.0005371300
   0.0016063400    0.0002937800   -0.0005442900
   0.0015946800    0.0002601200   -0.0005046800
   0.0017395500    0.0000938200   -0.0007466000
   0.0016146600    0.0003002000   -0.0004658700
   0.0016165000    0.0002122000   -0.0006276200
   0.0015866000    0.0001512300   -0.0004526400
  -0.0057995800   -0.0002649900   -0.0057511200
  -0.0057410800   -0.0000207100   -0.0057139900
  -0.0058547100   -0.0004718900   -0.0059294200
  -0.0058756400   -0.0004350300   -0.0058998000
  -0.0058759000   -0.0004765400   -0.0058611100
  -0.0059628200   -0.0004020800   -0.0059478600
  -0.0059523900   -0.0008839800   -0.0058847700
  -0.0058732600   -0.0004661800   -0.0059131100
  -0.0000981400   -0.0001615000   -0.0000145600
   0.0000541900    0.0006047700   -0.0002895900
  -0.0001537200    0.0003892000   -0.0003200300
  -0.0000896100    0.0001162400   -0.0000808200
  -0.0000296000    0.0003889700   -0.0003952400
  -0.0000982300    0.0000451600    0.0000416100
  -0.0000894000    0.0000558500   -0.0002935600
  -0.0002653900    0.0006029400   -0.0000044900
   0.0057581900    0.0008665900   -0.0045824000
   0.0059079300    0.0004917000   -0.0061250200
   0.0058633400    0.0003793100   -0.0059888100
   0.0059942100    0.0003685100   -0.0060474800
   0.0059417900    0.0004482500   -0.0060972300
   0.0058412100    0.0004458600   -0.0059684300
   0.0061717200    0.0005965400   -0.0062792400
   0.0058864100    0.0002984700   -0.0061010200
  -0.0015825400   -0.0000923600   -0.0005212500
  -0.0016984500    0.0000167900   -0.0002514400
  -0.0017853900   -0.0000597500   -0.0004887100
  -0.0018509900   -0.0000913500   -0.0004711500
  -0.0018944800   -0.0000857900   -0.0004450700
  -0.0016897800   -0.0000870600   -0.0005404600
  -0.0030638700    0.0002483200    0.0003729000
  -0.0017798200   -0.0001509000   -0.0005480300
   0.0012912300   -0.0004223200    0.0005188300
   0.0014868300   -0.0002486800    0.0003186100
   0.0013889700   -0.0002008900    0.0003202200
   0.0014858700   -0.0002022700    0.0003669700
   0.0018738200    0.0001295000   -0.0000564600
   0.0013896400   -0.0002324300    0.0003600100
   0.0012380500    0.0000407100    0.0001001200
   0.0011343600   -0.0000734200    0.0007489200
  -0.0003533500    0.0040531700   -0.0054460600
  -0.0000689700    0.0032749800   -0.0053624700
  -0.0001077900    0.0033535600   -0.0054921600
  -0.0000760600    0.0034530100   -0.0054372700
  -0.0000663700    0.0032710100   -0.0056210700
  -0.0001229300    0.0034821100   -0.0054435100
   0.0003885400    0.0036730200   -0.0055158900
  -0.0001158400    0.0034030700   -0.0054181600
  -0.0001145000   -0.0052000100   -0.0027891900
  -0.0001062300   -0.0051280200   -0.0026784600
  -0.0000401400   -0.0051552400   -0.0025261400
  -0.0001593000   -0.0051755600   -0.0027085200
  -0.0002536200   -0.0051516300   -0.0024909000
  -0.0001651200   -0.0051171500   -0.0028403700
  -0.0001571800   -0.0052655000   -0.0027594300
  -0.0001994900   -0.0051699200   -0.0025946900
   0.0060540700   -0.0004603800    0.0057229600
   0.0060704200   -0.0002741000    0.0058128400
   0.0060485600   -0.0002966800    0.0059467600
   0.0060323100   -0.0002716300    0.0057617800
   0.0061129500   -0.0009498300    0.0062776300
   0.0060812500   -0.0003065900    0.0058266100
   0.0059076800   -0.0001170900    0.0057507900
   0.0061203800   -0.0002438900    0.0059188300
  -0.0000041000   -0.0016164600   -0.0051156800
  -0.0000636000   -0.0013339900   -0.0047281800
  -0.0000333100   -0.0014600300   -0.0049639800
  -0.0000046200   -0.0014588300   -0.0047433400
  -0.0001854900   -0.0019923200   -0.0048485100
  -0.0000646900   -0.0014868400   -0.0047455300
  -0.0000849300   -0.0013061200   -0.0051447800
  -0.0000121800   -0.0014297200   -0.0046167000
  -0.0009571500    0.0036755600    0.0135312500
   0.0002361500   -0.0004155100    0.0010476800
  -0.0000001300   -0.0000985200    0.0016014000
   0.0000313900    0.0000613600    0.0010881500
   0.0000474200    0.0000096000    0.0014357200
   0.0000057100   -0.0000076100    0.0013491600
   0.0001998600    0.0002421700    0.0014247500
  -0.0001886600   -0.0003065800    0.0012139500
   0.0001554800    0.0007837300   -0.0006578800
   0.0000770600   -0.0003512900   -0.0016541900
  -0.0000998600   -0.0000526000   -0.0011801600
   0.0000548800    0.0000378500   -0.0015254900
   0.0000763900   -0.0000706200   -0.0013110800
  -0.0000925500    0.0000376800   -0.0014216600
   0.0019504000    0.0007778700   -0.0019157900
  -0.0001005800   -0.0002624500   -0.0014369400
