# Tetrahedron method
       -7.4305683545        0.0000000000        0.0000000000        0.0000000000        0.0000000000        0.0000000000        0.0000000000        0.0000000000        0.0000000000        0.0000000000        0.0000000000        0.0000000000        0.0000000000        0.0000000000        0.0000000000        0.0000000000        0.0000000000        0.0000000000        0.0000000000        0.0000000000        0.0000000000        0.0000000000        0.0000000000        0.0000000000        0.0000000000        0.0000000000        0.0000000000        0.0000000000        0.0000000000        0.0000000000        0.0000000000        0.0000000000        0.0000000000
       -7.1995272417        0.0000000000        0.0000000000        0.0000000000        0.0000000000        0.0000000000        0.0000000000        0.0000000000        0.0000000000        0.0000000000        0.0000000000        0.0000000000        0.0000000000        0.0000000000        0.0000000000        0.0000000000        0.0000000000        0.0000000000        0.0000000000        0.0000000000        0.0000000000        0.0000000000        0.0000000000        0.0000000000        0.0000000000        0.0000000000        0.0000000000        0.0000000000        0.0000000000        0.0000000000        0.0000000000        0.0000000000        0.0000000000
       -6.9684861289        0.0000000000        0.0000000000        0.0000000000        0.0000000000        0.0000000000        0.0000000000        0.0000000000        0.0000000000        0.0000000000        0.0000000000        0.0000000000        0.0000000000        0.0000000000        0.0000000000        0.0000000000        0.0000000000        0.0000000000        0.0000000000        0.0000000000        0.0000000000        0.0000000000        0.0000000000        0.0000000000        0.0000000000        0.0000000000        0.0000000000        0.0000000000        0.0000000000        0.0000000000        0.0000000000        0.0000000000        0.0000000000
       -6.7374450161        0.0000000000        0.0000000000        0.0000000000        0.0000000000        0.0000000000        0.0000000000        0.0000000000        0.0000000000        0.0000000000        0.0000000000        0.0000000000        0.0000000000        0.0000000000        0.0000000000        0.0000000000        0.0000000000        0.0000000000        0.0000000000        0.0000000000        0.0000000000        0.0000000000        0.0000000000        0.0000000000        0.0000000000        0.0000000000        0.0000000000        0.0000000000        0.0000000000        0.0000000000        0.0000000000        0.0000000000        0.0000000000
       -6.5064039033        0.0000000000        0.0000000000        0.0000000000        0.0000000000        0.0000000000        0.0000000000        0.0000000000        0.0000000000        0.0000000000        0.0000000000        0.0000000000        0.0000000000        0.0000000000        0.0000000000        0.0000000000        0.0000000000        0.0000000000        0.0000000000        0.0000000000        0.0000000000        0.0000000000        0.0000000000        0.0000000000        0.0000000000        0.0000000000        0.0000000000        0.0000000000        0.0000000000        0.0000000000        0.0000000000        0.0000000000        0.0000000000
       -6.2753627905        0.0000000000        0.0000000000        0.0000000000        0.0000000000        0.0000000000        0.0000000000        0.0000000000        0.0000000000        0.0000000000        0.0000000000        0.0000000000        0.0000000000        0.0000000000        0.0000000000        0.0000000000        0.0000000000        0.0000000000        0.0000000000        0.0000000000        0.0000000000        0.0000000000        0.0000000000        0.0000000000        0.0000000000        0.0000000000        0.0000000000        0.0000000000        0.0000000000        0.0000000000        0.0000000000        0.0000000000        0.0000000000
       -6.0443216777        0.0000000000        0.0000000000        0.0000000000        0.0000000000        0.0000000000        0.0000000000        0.0000000000        0.0000000000        0.0000000000        0.0000000000        0.0000000000        0.0000000000        0.0000000000        0.0000000000        0.0000000000        0.0000000000        0.0000000000        0.0000000000        0.0000000000        0.0000000000        0.0000000000        0.0000000000        0.0000000000        0.0000000000        0.0000000000        0.0000000000        0.0000000000        0.0000000000        0.0000000000        0.0000000000        0.0000000000        0.0000000000
       -5.8132805649        0.0000000000        0.0000000000        0.0000000000        0.0000000000        0.0000000000        0.0000000000        0.0000000000        0.0000000000        0.0000000000        0.0000000000        0.0000000000        0.0000000000        0.0000000000        0.0000000000        0.0000000000        0.0000000000        0.0000000000        0.0000000000        0.0000000000        0.0000000000        0.0000000000        0.0000000000        0.0000000000        0.0000000000        0.0000000000        0.0000000000        0.0000000000        0.0000000000        0.0000000000        0.0000000000        0.0000000000        0.0000000000
       -5.5822394521        0.0000000000        0.0000000000        0.0000000000        0.0000000000        0.0000000000        0.0000000000        0.0000000000        0.0000000000        0.0000000000        0.0000000000        0.0000000000        0.0000000000        0.0000000000        0.0000000000        0.0000000000        0.0000000000        0.0000000000        0.0000000000        0.0000000000        0.0000000000        0.0000000000        0.0000000000        0.0000000000        0.0000000000        0.0000000000        0.0000000000        0.0000000000        0.0000000000        0.0000000000        0.0000000000        0.0000000000        0.0000000000
       -5.3511983393        0.0000000000        0.0000000000        0.0000000000        0.0000000000        0.0000000000        0.0000000000        0.0000000000        0.0000000000        0.0000000000        0.0000000000        0.0000000000        0.0000000000        0.0000000000        0.0000000000        0.0000000000        0.0000000000        0.0000000000        0.0000000000        0.0000000000        0.0000000000        0.0000000000        0.0000000000        0.0000000000        0.0000000000        0.0000000000        0.0000000000        0.0000000000        0.0000000000        0.0000000000        0.0000000000        0.0000000000        0.0000000000
       -5.1201572265        0.0000000000        0.0000000000        0.0000000000        0.0000000000        0.0000000000        0.0000000000        0.0000000000        0.0000000000        0.0000000000        0.0000000000        0.0000000000        0.0000000000        0.0000000000        0.0000000000        0.0000000000        0.0000000000        0.0000000000        0.0000000000        0.0000000000        0.0000000000        0.0000000000        0.0000000000        0.0000000000        0.0000000000        0.0000000000        0.0000000000        0.0000000000        0.0000000000        0.0000000000        0.0000000000        0.0000000000        0.0000000000
       -4.8891161137        0.0000000000        0.0000000000        0.0000000000        0.0000000000        0.0000000000        0.0000000000        0.0000000000        0.0000000000        0.0000000000        0.0000000000        0.0000000000        0.0000000000        0.0000000000        0.0000000000        0.0000000000        0.0000000000        0.0000000000        0.0000000000        0.0000000000        0.0000000000        0.0000000000        0.0000000000        0.0000000000        0.0000000000        0.0000000000        0.0000000000        0.0000000000        0.0000000000        0.0000000000        0.0000000000        0.0000000000        0.0000000000
       -4.6580750009        0.0000000000        0.0000000000        0.0000000000        0.0000000000        0.0000000000        0.0000000000        0.0000000000        0.0000000000        0.0000000000        0.0000000000        0.0000000000        0.0000000000        0.0000000000        0.0000000000        0.0000000000        0.0000000000        0.0000000000        0.0000000000        0.0000000000        0.0000000000        0.0000000000        0.0000000000        0.0000000000        0.0000000000        0.0000000000        0.0000000000        0.0000000000        0.0000000000        0.0000000000        0.0000000000        0.0000000000        0.0000000000
       -4.4270338881        0.0000000000        0.0000000000        0.0000000000        0.0000000000        0.0000000000        0.0000000000        0.0000000000        0.0000000000        0.0000000000        0.0000000000        0.0000000000        0.0000000000        0.0000000000        0.0000000000        0.0000000000        0.0000000000        0.0000000000        0.0000000000        0.0000000000        0.0000000000        0.0000000000        0.0000000000        0.0000000000        0.0000000000        0.0000000000        0.0000000000        0.0000000000        0.0000000000        0.0000000000        0.0000000000        0.0000000000        0.0000000000
       -4.1959927753        0.0000000000        0.0000000000        0.0000000000        0.0000000000        0.0000000000        0.0000000000        0.0000000000        0.0000000000        0.0000000000        0.0000000000        0.0000000000        0.0000000000        0.0000000000        0.0000000000        0.0000000000        0.0000000000        0.0000000000        0.0000000000        0.0000000000        0.0000000000        0.0000000000        0.0000000000        0.0000000000        0.0000000000        0.0000000000        0.0000000000        0.0000000000        0.0000000000        0.0000000000        0.0000000000        0.0000000000        0.0000000000
       -3.9649516625        0.0000000000        0.0000000000        0.0000000000        0.0000000000        0.0000000000        0.0000000000        0.0000000000        0.0000000000        0.0000000000        0.0000000000        0.0000000000        0.0000000000        0.0000000000        0.0000000000        0.0000000000        0.0000000000        0.0000000000        0.0000000000        0.0000000000        0.0000000000        0.0000000000        0.0000000000        0.0000000000        0.0000000000        0.0000000000        0.0000000000        0.0000000000        0.0000000000        0.0000000000        0.0000000000        0.0000000000        0.0000000000
       -3.7339105497        0.0000000000        0.0000000000        0.0000000000        0.0000000000        0.0000000000        0.0000000000        0.0000000000        0.0000000000        0.0000000000        0.0000000000        0.0000000000        0.0000000000        0.0000000000        0.0000000000        0.0000000000        0.0000000000        0.0000000000        0.0000000000        0.0000000000        0.0000000000        0.0000000000        0.0000000000        0.0000000000        0.0000000000        0.0000000000        0.0000000000        0.0000000000        0.0000000000        0.0000000000        0.0000000000        0.0000000000        0.0000000000
       -3.5028694369        0.0002073982        0.0002258766        0.0002956635        0.0001512706        0.0001964359        0.0001963399        0.0002258873        0.0003029818        0.0002259138        0.0001964144        0.0001964161        0.0001512547        0.0002957432        0.0002258076        0.0002073509        0.0002073509        0.0002258076        0.0002957432        0.0001512547        0.0001964161        0.0001964144        0.0002259138        0.0003029818        0.0002258873        0.0001963399        0.0001964359        0.0001512706        0.0002956635        0.0002258766        0.0002073982        0.2776168955        0.2776168955
       -3.2718283241        0.0000638300        0.0000831270        0.0001226312        0.0000480543        0.0000650476        0.0000650165        0.0000831283        0.0001148273        0.0000831351        0.0000650400        0.0000650292        0.0000480476        0.0001226388        0.0000831214        0.0000638101        0.0000638101        0.0000831214        0.0001226388        0.0000480476        0.0000650292        0.0000650400        0.0000831351        0.0001148273        0.0000831283        0.0000650165        0.0000650476        0.0000480543        0.0001226312        0.0000831270        0.0000638300        0.2764534290        0.2764534290
       -3.0407872113        0.0000361922        0.0000486058        0.0000831147        0.0000268742        0.0000370379        0.0000370331        0.0000486002        0.0000804146        0.0000486155        0.0000370384        0.0000370379        0.0000268737        0.0000830891        0.0000486071        0.0000361909        0.0000361909        0.0000486071        0.0000830891        0.0000268737        0.0000370379        0.0000370384        0.0000486155        0.0000804146        0.0000486002        0.0000370331        0.0000370379        0.0000268742        0.0000831147        0.0000486058        0.0000361922        0.1768672316        0.1768672316
       -2.8097460985        0.0000246855        0.0000356809        0.0000679817        0.0000196529        0.0000259770        0.0000259859        0.0000356763        0.0000649432        0.0000356878        0.0000259744        0.0000259756        0.0000196574        0.0000679550        0.0000356886        0.0000246948        0.0000246948        0.0000356886        0.0000679550        0.0000196574        0.0000259756        0.0000259744        0.0000356878        0.0000649432        0.0000356763        0.0000259859        0.0000259770        0.0000196529        0.0000679817        0.0000356809        0.0000246855        0.1397834689        0.1397834689
       -2.5787049857        0.0000237504        0.0000338999        0.0000700647        0.0000191715        0.0000246236        0.0000246192        0.0000339036        0.0000671616        0.0000338954        0.0000246238        0.0000246242        0.0000191692        0.0000700824        0.0000338960        0.0000237466        0.0000237466        0.0000338960        0.0000700824        0.0000191692        0.0000246242        0.0000246238        0.0000338954        0.0000671616        0.0000339036        0.0000246192        0.0000246236        0.0000191715        0.0000700647        0.0000338999        0.0000237504        0.1288952243        0.1288952243
       -2.3476638729        0.0000177331        0.0000256027        0.0000556022        0.0000151202        0.0000183502        0.0000183603        0.0000256012        0.0000524272        0.0000256080        0.0000183441        0.0000183469        0.0000151255        0.0000555632        0.0000256154        0.0000177398        0.0000177398        0.0000256154        0.0000555632        0.0000151255        0.0000183469        0.0000183441        0.0000256080        0.0000524272        0.0000256012        0.0000183603        0.0000183502        0.0000151202        0.0000556022        0.0000256027        0.0000177331        0.0940811284        0.0940811284
       -2.1166227601        0.0000184524        0.0000266685        0.0000596493        0.0000165394        0.0000189430        0.0000189374        0.0000266704        0.0000553325        0.0000266673        0.0000189437        0.0000189439        0.0000165369        0.0000596614        0.0000266645        0.0000184492        0.0000184492        0.0000266645        0.0000596614        0.0000165369        0.0000189439        0.0000189437        0.0000266673        0.0000553325        0.0000266704        0.0000189374        0.0000189430        0.0000165394        0.0000596493        0.0000266685        0.0000184524        0.0936115763        0.0936115763
       -1.8855816473        0.0000132521        0.0000200649        0.0000454264        0.0000132286        0.0000139836        0.0000139958        0.0000200651        0.0000410357        0.0000200655        0.0000139773        0.0000139776        0.0000132343        0.0000454125        0.0000200735        0.0000132587        0.0000132587        0.0000200735        0.0000454125        0.0000132343        0.0000139776        0.0000139773        0.0000200655        0.0000410357        0.0000200651        0.0000139958        0.0000139836        0.0000132286        0.0000454264        0.0000200649        0.0000132521        0.0681589764        0.0681589764
       -1.6545405345        0.0000130573        0.0000186693        0.0000426788        0.0000126654        0.0000131233        0.0000131306        0.0000186723        0.0000382112        0.0000186715        0.0000131145        0.0000131163        0.0000126698        0.0000426587        0.0000186798        0.0000130611        0.0000130611        0.0000186798        0.0000426587        0.0000126698        0.0000131163        0.0000131145        0.0000186715        0.0000382112        0.0000186723        0.0000131306        0.0000131233        0.0000126654        0.0000426788        0.0000186693        0.0000130573        0.0591517446        0.0591517446
       -1.4234994217        0.0000137523        0.0000196029        0.0000447632        0.0000138253        0.0000136985        0.0000136949        0.0000196033        0.0000394102        0.0000196034        0.0000137003        0.0000137010        0.0000138238        0.0000447672        0.0000196003        0.0000137509        0.0000137509        0.0000196003        0.0000447672        0.0000138238        0.0000137010        0.0000137003        0.0000196034        0.0000394102        0.0000196033        0.0000136949        0.0000136985        0.0000138253        0.0000447632        0.0000196029        0.0000137523        0.0591287376        0.0591287376
       -1.1924583089        0.0000122278        0.0000180062        0.0000405222        0.0000132652        0.0000124541        0.0000124398        0.0000180040        0.0000354833        0.0000180027        0.0000124672        0.0000124642        0.0000132573        0.0000405555        0.0000179907        0.0000122200        0.0000122200        0.0000179907        0.0000405555        0.0000132573        0.0000124642        0.0000124672        0.0000180027        0.0000354833        0.0000180040        0.0000124398        0.0000124541        0.0000132652        0.0000405222        0.0000180062        0.0000122278        0.0520190453        0.0520190453
       -0.9614171961        0.0000061063        0.0000094612        0.0000210663        0.0000073162        0.0000065318        0.0000065322        0.0000094605        0.0000181431        0.0000094623        0.0000065359        0.0000065383        0.0000073174        0.0000210660        0.0000094604        0.0000061077        0.0000061077        0.0000094604        0.0000210660        0.0000073174        0.0000065383        0.0000065359        0.0000094623        0.0000181431        0.0000094605        0.0000065322        0.0000065318        0.0000073162        0.0000210663        0.0000094612        0.0000061063        0.0268180715        0.0268180715
       -0.7303760833        0.0000055869        0.0000080075        0.0000179601        0.0000061358        0.0000055546        0.0000055562        0.0000080087        0.0000152996        0.0000080092        0.0000055552        0.0000055580        0.0000061383        0.0000179530        0.0000080109        0.0000055886        0.0000055886        0.0000080109        0.0000179530        0.0000061383        0.0000055580        0.0000055552        0.0000080092        0.0000152996        0.0000080087        0.0000055562        0.0000055546        0.0000061358        0.0000179601        0.0000080075        0.0000055869        0.0217400775        0.0217400775
       -0.4993349705        0.0000057531        0.0000082197        0.0000182898        0.0000064052        0.0000056980        0.0000056992        0.0000082205        0.0000154413        0.0000082208        0.0000056984        0.0000057005        0.0000064071        0.0000182848        0.0000082220        0.0000057543        0.0000057543        0.0000082220        0.0000182848        0.0000064071        0.0000057005        0.0000056984        0.0000082208        0.0000154413        0.0000082205        0.0000056992        0.0000056980        0.0000064052        0.0000182898        0.0000082197        0.0000057531        0.0217369836        0.0217369836
       -0.2682938577        0.0000059192        0.0000084318        0.0000186196        0.0000066747        0.0000058414        0.0000058421        0.0000084322        0.0000155830        0.0000084325        0.0000058417        0.0000058429        0.0000066758        0.0000186166        0.0000084332        0.0000059199        0.0000059199        0.0000084332        0.0000186166        0.0000066758        0.0000058429        0.0000058417        0.0000084325        0.0000155830        0.0000084322        0.0000058421        0.0000058414        0.0000066747        0.0000186196        0.0000084318        0.0000059192        0.0217338957        0.0217338957
       -0.0372527449        0.0000060853        0.0000086439        0.0000189494        0.0000069441        0.0000059848        0.0000059851        0.0000086440        0.0000157247        0.0000086441        0.0000059849        0.0000059854        0.0000069446        0.0000189484        0.0000086443        0.0000060856        0.0000060856        0.0000086443        0.0000189484        0.0000069446        0.0000059854        0.0000059849        0.0000086441        0.0000157247        0.0000086440        0.0000059851        0.0000059848        0.0000069441        0.0000189494        0.0000086439        0.0000060853        0.0217308139        0.0217308139
        0.1937883679        0.0000062514        0.0000088559        0.0000192791        0.0000072135        0.0000061283        0.0000061280        0.0000088557        0.0000158664        0.0000088557        0.0000061281        0.0000061278        0.0000072132        0.0000192801        0.0000088554        0.0000062512        0.0000062512        0.0000088554        0.0000192801        0.0000072132        0.0000061278        0.0000061281        0.0000088557        0.0000158664        0.0000088557        0.0000061280        0.0000061283        0.0000072135        0.0000192791        0.0000088559        0.0000062514        0.0217277381        0.0217277381
        0.4248294807        0.0000494913        0.0000521690        0.0000626118        0.0000505435        0.0000493198        0.0000493153        0.0000521746        0.0000589088        0.0000521667        0.0000493153        0.0000493148        0.0000505380        0.0000626116        0.0000521729        0.0000494906        0.0000494906        0.0000521729        0.0000626116        0.0000505380        0.0000493148        0.0000493153        0.0000521667        0.0000589088        0.0000521746        0.0000493153        0.0000493198        0.0000505435        0.0000626118        0.0000521690        0.0000494913        0.0217534167        0.0217534167
        0.6558705935        0.0001477719        0.0001506072        0.0001608546        0.0001488974        0.0001474976        0.0001474778        0.0001506572        0.0001567569        0.0001506050        0.0001474394        0.0001474696        0.0001488936        0.0001608231        0.0001506745        0.0001477752        0.0001477752        0.0001506745        0.0001608231        0.0001488936        0.0001474696        0.0001474394        0.0001506050        0.0001567569        0.0001506572        0.0001474778        0.0001474976        0.0001488974        0.0001608546        0.0001506072        0.0001477719        0.0218191169        0.0218191169
        0.8869117063        0.0003116889        0.0003149950        0.0003244334        0.0003128506        0.0003111690        0.0003111189        0.0003151106        0.0003197559        0.0003149761        0.0003110218        0.0003110602        0.0003128342        0.0003243559        0.0003151327        0.0003116906        0.0003116906        0.0003151327        0.0003243559        0.0003128342        0.0003110602        0.0003110218        0.0003149761        0.0003197559        0.0003151106        0.0003111189        0.0003111690        0.0003128506        0.0003244334        0.0003149950        0.0003116889        0.0219376714        0.0219376714
        1.1179528191        0.0005569400        0.0005619024        0.0005726994        0.0005582301        0.0005547885        0.0005547992        0.0005621301        0.0005643698        0.0005619355        0.0005546550        0.0005548114        0.0005582362        0.0005725884        0.0005622262        0.0005570099        0.0005570099        0.0005622262        0.0005725884        0.0005582362        0.0005548114        0.0005546550        0.0005619355        0.0005643698        0.0005621301        0.0005547992        0.0005547885        0.0005582301        0.0005726994        0.0005619024        0.0005569400        0.0297434804        0.0297434804
        1.3489939319        0.0008146939        0.0008255979        0.0008450587        0.0008185215        0.0008108693        0.0008109847        0.0008259753        0.0008275021        0.0008257540        0.0008105257        0.0008109063        0.0008186566        0.0008445255        0.0008262970        0.0008149408        0.0008149408        0.0008262970        0.0008445255        0.0008186566        0.0008109063        0.0008105257        0.0008257540        0.0008275021        0.0008259753        0.0008109847        0.0008108693        0.0008185215        0.0008450587        0.0008255979        0.0008146939        0.0572255000        0.0572255000
        1.5800350447        0.0011712394        0.0011875608        0.0011984961        0.0011776767        0.0011649061        0.0011649862        0.0011879010        0.0011728012        0.0011877105        0.0011645193        0.0011649788        0.0011777383        0.0011982670        0.0011881843        0.0011714648        0.0011714648        0.0011881843        0.0011982670        0.0011777383        0.0011649788        0.0011645193        0.0011877105        0.0011728012        0.0011879010        0.0011649862        0.0011649061        0.0011776767        0.0011984961        0.0011875608        0.0011712394        0.0616984847        0.0616984847
        1.8110761575        0.0015561479        0.0015791090        0.0015726685        0.0015642566        0.0015447588        0.0015447486        0.0015796691        0.0015362642        0.0015791928        0.0015441730        0.0015445414        0.0015643280        0.0015723175        0.0015801331        0.0015563228        0.0015563228        0.0015801331        0.0015723175        0.0015643280        0.0015445414        0.0015441730        0.0015791928        0.0015362642        0.0015796691        0.0015447486        0.0015447588        0.0015642566        0.0015726685        0.0015791090        0.0015561479        0.0625192449        0.0625192449
        2.0421172703        0.0020584113        0.0020958665        0.0020654931        0.0020754735        0.0020332312        0.0020333548        0.0020967568        0.0019969173        0.0020959186        0.0020324087        0.0020330546        0.0020757712        0.0020650230        0.0020976996        0.0020588544        0.0020586602        0.0020975881        0.0020648548        0.0020757004        0.0020330378        0.0020324605        0.0020960682        0.0019967213        0.0020969064        0.0020334066        0.0020332144        0.0020754027        0.0020653249        0.0020957550        0.0020582171        0.0943869646        0.0945491695
        2.2731583831        0.0026741690        0.0027341202        0.0026258019        0.0027095741        0.0026272191        0.0026282465        0.0027345965        0.0025172534        0.0027348962        0.0026266708        0.0026284419        0.0027102670        0.0026260454        0.0027369260        0.0026754659        0.0026747841        0.0027364800        0.0026255192        0.0027099741        0.0026283115        0.0026267758        0.0027353858        0.0025166897        0.0027350861        0.0026283515        0.0026270887        0.0027092812        0.0026252756        0.0027336741        0.0026734871        0.1130117210        0.1137276842
        2.5041994959        0.0046764082        0.0048221226        0.0034494188        0.0046836769        0.0043391651        0.0043396209        0.0048240831        0.0032043381        0.0048226438        0.0043395127        0.0043400390        0.0046840016        0.0034510739        0.0048255384        0.0046772788        0.0046765805        0.0048250418        0.0034506128        0.0046836297        0.0043398440        0.0043395621        0.0048231398        0.0032039425        0.0048245791        0.0043396703        0.0043389701        0.0046833050        0.0034489577        0.0048216260        0.0046757098        0.1425943468        0.1435841077
        2.7352406087        0.0061965976        0.0064524274        0.0042389580        0.0064348626        0.0055174456        0.0055177325        0.0064531618        0.0038505279        0.0064533714        0.0055167042        0.0055165901        0.0064342084        0.0042386165        0.0064538757        0.0061975467        0.0061982382        0.0064545200        0.0042390299        0.0064346930        0.0055169411        0.0055167676        0.0064529663        0.0038506860        0.0064527567        0.0055177960        0.0055177966        0.0064353472        0.0042393714        0.0064530716        0.0061972891        0.3365119185        0.3350513748
        2.9662817215        0.0071747636        0.0077930229        0.0054589979        0.0080907977        0.0063610086        0.0063520763        0.0077911630        0.0049527000        0.0077815168        0.0063614370        0.0063508696        0.0080817943        0.0054610987        0.0077769131        0.0071649309        0.0071648393        0.0077769592        0.0054609703        0.0080818523        0.0063509724        0.0063615438        0.0077816359        0.0049524131        0.0077912821        0.0063521832        0.0063611114        0.0080908556        0.0054588694        0.0077930689        0.0071746720        0.7185661546        0.7182777844
        3.1973228343        0.0058946710        0.0064627177        0.0057007833        0.0064409064        0.0054322756        0.0054303726        0.0064582969        0.0046346761        0.0064616780        0.0054348357        0.0054327209        0.0064393788        0.0057044302        0.0064569330        0.0058947802        0.0058947802        0.0064569330        0.0057044302        0.0064393788        0.0054327209        0.0054348357        0.0064616780        0.0046346761        0.0064582969        0.0054303726        0.0054322756        0.0064409064        0.0057007833        0.0064627177        0.0058946710        0.6526264305        0.6526264305
        3.4283639471        0.0056018029        0.0060245064        0.0060910969        0.0057739337        0.0055199587        0.0055117541        0.0060257782        0.0049825842        0.0060202550        0.0055155421        0.0055103249        0.0057691399        0.0060992147        0.0060249273        0.0055981063        0.0055981063        0.0060249273        0.0060992147        0.0057691399        0.0055103249        0.0055155421        0.0060202550        0.0049825842        0.0060257782        0.0055117541        0.0055199587        0.0057739337        0.0060910969        0.0060245064        0.0056018029        0.3771440769        0.3771440769
        3.6594050599        0.0077727340        0.0085954971        0.0090399268        0.0081842185        0.0077304164        0.0077368643        0.0085835420        0.0064892389        0.0085855753        0.0077291085        0.0077374601        0.0081918432        0.0090056947        0.0086053369        0.0077785309        0.0077780454        0.0086037492        0.0090119117        0.0081964233        0.0077425314        0.0077352347        0.0085929373        0.0064905488        0.0085909040        0.0077429905        0.0077354877        0.0081887987        0.0090461439        0.0085939093        0.0077722485        0.6008673097        0.6033488980
        3.8904461727        0.0080401228        0.0089602262        0.0094672077        0.0083987277        0.0081256986        0.0081357454        0.0089723907        0.0068736778        0.0089782523        0.0081226696        0.0081360849        0.0084140887        0.0094523209        0.0089762726        0.0080528280        0.0080528689        0.0089778121        0.0094498812        0.0084121160        0.0081356935        0.0081216755        0.0089761046        0.0068732723        0.0089702430        0.0081347513        0.0081253072        0.0083967550        0.0094647680        0.0089617657        0.0080401637        0.5271369372        0.5262336223
        4.1214872855        0.0077547535        0.0087298618        0.0091600952        0.0079864839        0.0079041671        0.0079007147        0.0087275295        0.0065689969        0.0087264436        0.0079034948        0.0079008345        0.0079868485        0.0091637104        0.0087264565        0.0077525779        0.0077525779        0.0087264565        0.0091637104        0.0079868485        0.0079008345        0.0079034948        0.0087264436        0.0065689969        0.0087275295        0.0079007147        0.0079041671        0.0079864839        0.0091600952        0.0087298618        0.0077547535        0.4576984796        0.4576984803
        4.3525283983        0.0083713405        0.0092423288        0.0098859789        0.0086126055        0.0084655506        0.0084862652        0.0092421421        0.0079634930        0.0092542791        0.0084642765        0.0084843270        0.0086292349        0.0098599657        0.0092541946        0.0083821757        0.0083821757        0.0092541946        0.0098599657        0.0086292349        0.0084843270        0.0084642765        0.0092542791        0.0079634930        0.0092421421        0.0084862652        0.0084655506        0.0086126055        0.0098859789        0.0092423288        0.0083713405        0.4977872652        0.4977872652
        4.5835695111        0.0087318328        0.0093627808        0.0100101867        0.0086179532        0.0087635109        0.0087873593        0.0093694641        0.0097886410        0.0093756987        0.0087557098        0.0087751673        0.0086296267        0.0099798752        0.0093730587        0.0087415738        0.0087415738        0.0093730587        0.0099798752        0.0086296267        0.0087751673        0.0087557098        0.0093756987        0.0097886410        0.0093694641        0.0087873593        0.0087635109        0.0086179532        0.0100101867        0.0093627808        0.0087318328        0.5188357218        0.5188357218
        4.8146106239        0.0109754739        0.0114830219        0.0122612671        0.0102830549        0.0109762037        0.0109882633        0.0114958069        0.0136615511        0.0114885261        0.0109744833        0.0109882570        0.0102887827        0.0122457362        0.0115006557        0.0109800798        0.0109800798        0.0115006557        0.0122457362        0.0102887827        0.0109882570        0.0109744833        0.0114885261        0.0136615511        0.0114958069        0.0109882633        0.0109762037        0.0102830549        0.0122612671        0.0114830219        0.0109754739        0.6973642468        0.6973642468
        5.0456517367        0.0126496876        0.0131671803        0.0130149898        0.0120196850        0.0125700940        0.0126116566        0.0131793584        0.0127667232        0.0131920948        0.0125645994        0.0126099769        0.0120469578        0.0129377396        0.0132124912        0.0126808092        0.0126808092        0.0132124912        0.0129377396        0.0120469578        0.0126099769        0.0125645994        0.0131920948        0.0127667232        0.0131793584        0.0126116566        0.0125700940        0.0120196850        0.0130149898        0.0131671803        0.0126496876        0.2999803077        0.2999803077
        5.2766928495        0.0151572794        0.0157500551        0.0153073624        0.0143353490        0.0150867246        0.0151003015        0.0157639609        0.0151211485        0.0157623367        0.0150841247        0.0150970637        0.0143434900        0.0152806363        0.0157779586        0.0151650508        0.0151650508        0.0157779586        0.0152806363        0.0143434900        0.0150970637        0.0150841247        0.0157623367        0.0151211485        0.0157639609        0.0151003015        0.0150867246        0.0143353490        0.0153073624        0.0157500551        0.0151572794        0.1593056074        0.1593056074
        5.5077339623        0.0175045123        0.0182791584        0.0176495094        0.0167741842        0.0175301148        0.0175618206        0.0182928876        0.0172150065        0.0183023053        0.0175282517        0.0175574937        0.0167904654        0.0176084162        0.0183177369        0.0175213957        0.0175213957        0.0183177369        0.0176084162        0.0167904654        0.0175574937        0.0175282517        0.0183023053        0.0172150065        0.0182928876        0.0175618206        0.0175301148        0.0167741842        0.0176495094        0.0182791584        0.0175045123        0.0977253851        0.0977253851
        5.7387750751        0.0234850813        0.0250893173        0.0239419205        0.0224763307        0.0241670900        0.0241195015        0.0251064143        0.0205041285        0.0250726999        0.0241766585        0.0241251579        0.0224672720        0.0239713448        0.0250857266        0.0234402807        0.0234402807        0.0250857266        0.0239713448        0.0224672720        0.0241251579        0.0241766585        0.0250726999        0.0205041285        0.0251064143        0.0241195015        0.0241670900        0.0224763307        0.0239419205        0.0250893173        0.0234850813        0.0703279636        0.0703279636
        5.9698161879        0.0236776779        0.0256787676        0.0246759069        0.0231768810        0.0243664727        0.0244250348        0.0256756531        0.0209839517        0.0256909213        0.0243621001        0.0244137750        0.0231899861        0.0246415276        0.0257047268        0.0237302074        0.0237302074        0.0257047268        0.0246415276        0.0231899861        0.0244137750        0.0243621001        0.0256909213        0.0209839517        0.0256756531        0.0244250348        0.0243664727        0.0231768810        0.0246759069        0.0256787676        0.0236776779        0.0506787862        0.0506787862
        6.2008573007        0.0263937951        0.0285271998        0.0279971544        0.0260794835        0.0265503033        0.0265396029        0.0285350909        0.0247802733        0.0285334353        0.0265498948        0.0265463338        0.0260695006        0.0279567840        0.0285350693        0.0263842245        0.0263842245        0.0285350693        0.0279567840        0.0260695006        0.0265463338        0.0265498948        0.0285334353        0.0247802733        0.0285350909        0.0265396029        0.0265503033        0.0260794835        0.0279971544        0.0285271998        0.0263937951        0.0444045315        0.0444045315
        6.4318984135        0.0275389929        0.0298538151        0.0292573842        0.0273338391        0.0275771403        0.0275170233        0.0298664177        0.0284005662        0.0298154380        0.0275677201        0.0275023144        0.0272914324        0.0293022783        0.0298277699        0.0274885080        0.0274885080        0.0298277699        0.0293022783        0.0272914324        0.0275023144        0.0275677201        0.0298154380        0.0284005662        0.0298664177        0.0275170233        0.0275771403        0.0273338391        0.0292573842        0.0298538151        0.0275389929        0.0446064006        0.0446064006
        6.6629395263        0.0302387481        0.0329804855        0.0327584927        0.0305246978        0.0302376642        0.0302371662        0.0329930643        0.0350900185        0.0329682832        0.0302330652        0.0302193930        0.0305319685        0.0327527917        0.0329916647        0.0302408200        0.0302408201        0.0329916651        0.0327527923        0.0305319684        0.0302193932        0.0302330654        0.0329682834        0.0350900189        0.0329930645        0.0302371665        0.0302376644        0.0305246977        0.0327584933        0.0329804859        0.0302387482        0.0543674327        0.0543674362
        6.8939806391        0.0403900971        0.0441880082        0.0453899679        0.0416377703        0.0391494720        0.0392194471        0.0441315103        0.0498469041        0.0441971254        0.0390833801        0.0391335901        0.0416930202        0.0453125266        0.0442031277        0.0404589392        0.0404580293        0.0442151115        0.0453136532        0.0416912722        0.0391455867        0.0390947892        0.0442089432        0.0498476742        0.0441433281        0.0392308562        0.0391614687        0.0416360224        0.0453910945        0.0441999920        0.0403891872        0.0848600860        0.0848654818
        7.1250217519        0.0415038888        0.0495543150        0.0596561035        0.0438050337        0.0418197451        0.0417820295        0.0493328197        0.0654388791        0.0495384342        0.0414064841        0.0414498221        0.0437906505        0.0596956932        0.0493566134        0.0415080626        0.0414944890        0.0493007689        0.0596749158        0.0437809777        0.0414158594        0.0413666083        0.0494947398        0.0654218242        0.0492891252        0.0417421537        0.0417857824        0.0437953608        0.0596353261        0.0494984705        0.0414903151        0.1299111882        0.1297688341
        7.3560628647        0.0306302564        0.0331554350        0.0424604187        0.0272815034        0.0278250243        0.0278221428        0.0332742824        0.0686936712        0.0331438687        0.0282377795        0.0282553052        0.0272843054        0.0423544302        0.0333139561        0.0306093530        0.0306103534        0.0333034534        0.0423558119        0.0272850831        0.0282370364        0.0282199561        0.0331325165        0.0686947076        0.0332629301        0.0278043194        0.0278067554        0.0272822810        0.0424618004        0.0331449322        0.0306312568        0.1084361678        0.1084460618
        7.5871039775        0.0496812783        0.0546850666        0.0818039916        0.0427496458        0.0490791475        0.0490095429        0.0546402133        0.1441047648        0.0546239440        0.0489960132        0.0489421403        0.0427018699        0.0818879682        0.0545744505        0.0496008721        0.0496236070        0.0546001184        0.0818838466        0.0426966432        0.0489512729        0.0490089314        0.0546198934        0.1442927187        0.0546361627        0.0490224611        0.0490882801        0.0427444191        0.0817998701        0.0547107345        0.0497040133        0.5776284512        0.5775600177
        7.8181450903        0.0307316645        0.0330954130        0.0399990999        0.0325486576        0.0295522246        0.0296824759        0.0330979315        0.0763744029        0.0331940781        0.0296601766        0.0297695477        0.0327575085        0.0401561775        0.0333076583        0.0309156980        0.0307379244        0.0333125288        0.0399936762        0.0326158912        0.0298355011        0.0296778672        0.0332508954        0.0753507977        0.0331547489        0.0297001666        0.0296181781        0.0324070403        0.0398365985        0.0331002835        0.0305538909        0.4156645291        0.4160599817
        8.0491862031        0.0364024796        0.0402992797        0.0315729806        0.0368672739        0.0326588911        0.0326807286        0.0402171714        0.1193160334        0.0403046155        0.0327364448        0.0326669183        0.0368353537        0.0316216491        0.0402070860        0.0364888073        0.0364811879        0.0402017690        0.0316144455        0.0368287910        0.0326622366        0.0327297474        0.0403009233        0.1192733316        0.0402134792        0.0326740312        0.0326542094        0.0368607112        0.0315657769        0.0402939627        0.0363948601        0.3703283010        0.3703467472
        8.2802273159        0.0429695518        0.0578933863        0.0401308368        0.0369122443        0.0450390012        0.0449556784        0.0578169826        0.1701400190        0.0578357825        0.0450976961        0.0449082503        0.0368500750        0.0402544459        0.0577290766        0.0428706037        0.0428486130        0.0577163683        0.0402331083        0.0368490495        0.0449085145        0.0451014091        0.0578511554        0.1700586800        0.0578323555        0.0449593915        0.0450392654        0.0369112187        0.0401094992        0.0578806781        0.0429475611        0.3840923360        0.3840690124
        8.5112684287        0.0405777974        0.0442887610        0.0403424009        0.0375556844        0.0434332255        0.0436060574        0.0441267657        0.2158034967        0.0442321991        0.0435152592        0.0436413773        0.0376678951        0.0401533453        0.0442699643        0.0406311021        0.0406592030        0.0442144978        0.0401848461        0.0376628767        0.0435775712        0.0434406797        0.0441385713        0.2160242285        0.0440331379        0.0435314779        0.0433694195        0.0375506659        0.0403739017        0.0442332945        0.0406058983        0.3250491286        0.3249404300
        8.7423095415        0.0532638745        0.0604890396        0.0638952688        0.0497314256        0.0636582808        0.0636554935        0.0608198881        0.3926417828        0.0606939393        0.0637177416        0.0640129321        0.0497438032        0.0638255641        0.0607736373        0.0534345158        0.0534345158        0.0607736373        0.0638255641        0.0497438032        0.0640129321        0.0637177416        0.0606939393        0.3926417828        0.0608198881        0.0636554935        0.0636582808        0.0497314256        0.0638952688        0.0604890396        0.0532638745        0.3804986750        0.3804986750
        8.9733506543        0.0768264862        0.0848797888        0.0658676275        0.0747358080        0.0799716996        0.0789224709        0.0845602350        0.6302148902        0.0842404964        0.0794816263        0.0789132840        0.0743135914        0.0659233703        0.0844526205        0.0769813033        0.0770929357        0.0842927027        0.0652345407        0.0744899190        0.0786640020        0.0796653748        0.0844730195        0.6267605666        0.0847927580        0.0791062194        0.0797224176        0.0749121356        0.0651787980        0.0847198709        0.0769381186        0.5283492662        0.5348347099
        9.2043917671        0.0541084484        0.0544490845        0.0412512868        0.0522135819        0.0476002685        0.0475579019        0.0543208936        0.3205959390        0.0543628246        0.0475111735        0.0474587910        0.0522029375        0.0412047953        0.0543245548        0.0541669272        0.0541812206        0.0543539735        0.0411896727        0.0521962546        0.0474836993        0.0475457035        0.0543734941        0.3205826029        0.0543315631        0.0475924319        0.0476251768        0.0522068990        0.0412361643        0.0544785032        0.0541227419        0.1081886578        0.1084655439
        9.4354328799        0.0467666972        0.0498781879        0.0568927109        0.0508653028        0.0496478744        0.0496510332        0.0499169014        0.3489609739        0.0499432830        0.0495358385        0.0496353960        0.0508820086        0.0569489169        0.0499458922        0.0467332572        0.0467336948        0.0499301247        0.0569502734        0.0508817557        0.0496150853        0.0495152198        0.0499269469        0.3489781284        0.0499005654        0.0496304144        0.0496275638        0.0508650499        0.0568940673        0.0498624204        0.0467671348        0.0376892084        0.0376899507
        9.6664739927        0.0422992440        0.0533188725        0.0601305263        0.0455060200        0.0501123537        0.0500168513        0.0528997899        0.3712341238        0.0532256947        0.0501758953        0.0500398128        0.0454350247        0.0602045856        0.0528725541        0.0422428982        0.0422433787        0.0528831646        0.0602059577        0.0454352900        0.0500525234        0.0501882803        0.0532361029        0.3712583229        0.0529101981        0.0500292363        0.0501250643        0.0455062853        0.0601318984        0.0533294830        0.0422997246        0.0247897299        0.0247892173
        9.8975151055        0.0496601940        0.0700595548        0.0818236665        0.0760929102        0.0763216472        0.0757701908        0.0699114475        0.5505003326        0.0696019186        0.0763097151        0.0759647951        0.0756994550        0.0820963476        0.0693516828        0.0494001530        0.0493999199        0.0693612461        0.0820956507        0.0756993671        0.0759763140        0.0763213954        0.0696116029        0.5504887671        0.0699211319        0.0757818711        0.0763331662        0.0760928223        0.0818229697        0.0700691181        0.0496599609        0.0222065177        0.0222067470
       10.1285562183        0.0628077289        0.0803012497        0.1199711292        0.0968410649        0.0941500373        0.0942475923        0.0807655637        0.2629753938        0.0802214813        0.0942475562        0.0938026524        0.0966517041        0.1199334440        0.0804834304        0.0625588506        0.0625588506        0.0804834304        0.1199334440        0.0966517041        0.0938026524        0.0942475562        0.0802214813        0.2629753938        0.0807655637        0.0942475923        0.0941500373        0.0968410649        0.1199711292        0.0803012497        0.0628077289        0.0262281530        0.0262281530
       10.3595973311        0.0614232650        0.0609533536        0.1097424930        0.0604935576        0.0645697124        0.0645201788        0.0608715950        0.2099675844        0.0609944479        0.0642769994        0.0644122146        0.0605041878        0.1098155108        0.0607851656        0.0613459030        0.0613212954        0.0607996822        0.1097969816        0.0605290727        0.0644899645        0.0643595424        0.0610922404        0.2098818971        0.0609693876        0.0646027218        0.0646474624        0.0605184425        0.1097239637        0.0609678701        0.0613986574        0.0216757421        0.0216242486
       10.5906384439        0.0750034589        0.0700565642        0.1428197874        0.0632634207        0.0826420086        0.0825424308        0.0709994091        0.2480119015        0.0700493361        0.0827211469        0.0825551135        0.0633248137        0.1432890890        0.0708737133        0.0748536866        0.0748529927        0.0708650392        0.1432900200        0.0633254620        0.0825452497        0.0827109768        0.0700426930        0.2480227614        0.0709927661        0.0825322607        0.0826321449        0.0632640691        0.1428207184        0.0700478901        0.0750027650        0.0213063046        0.0213027793
       10.8216795567        0.0898723539        0.0824425798        0.1759514957        0.0780923921        0.0944501660        0.0945994186        0.0815297180        0.2583934249        0.0825960675        0.0943911784        0.0952625081        0.0783741879        0.1755095615        0.0817992281        0.0902332912        0.0902102529        0.0817710424        0.1754719639        0.0783748122        0.0952476300        0.0943904955        0.0826453683        0.2583060312        0.0815790188        0.0945987357        0.0944352879        0.0780930164        0.1759138981        0.0824143941        0.0898493156        0.0206460510        0.0206312076
       11.0527206695        0.0497741650        0.0436013057        0.0959240650        0.0538220786        0.0604207361        0.0609389624        0.0434301553        0.1450748495        0.0439529690        0.0604073747        0.0607504072        0.0542360504        0.0955751726        0.0441302654        0.0501904284        0.0501905991        0.0441496032        0.0955753383        0.0542362123        0.0607400434        0.0603972093        0.0439730748        0.1450744758        0.0434502611        0.0609287970        0.0604103723        0.0538222404        0.0959242307        0.0436206435        0.0497743357        0.0117101248        0.0117100234
       11.2837617823        0.0849494856        0.0641044200        0.1406622313        0.0738792316        0.0815568819        0.0814411019        0.0641547343        0.1399087738        0.0641344413        0.0814388300        0.0817591806        0.0741029665        0.1407631674        0.0642692569        0.0849258327        0.0849302366        0.0642504227        0.1407536207        0.0741192947        0.0817569889        0.0814533750        0.0641312388        0.1398978434        0.0641515318        0.0814556469        0.0815546902        0.0738955598        0.1406526846        0.0640855858        0.0849538895        0.0113105964        0.0113038524
       11.5148028951        0.0796836582        0.0550837447        0.1307339644        0.0674954358        0.0736446978        0.0731073150        0.0550149868        0.1294468704        0.0551541705        0.0735749989        0.0734348927        0.0670216579        0.1306743969        0.0546778283        0.0790959544        0.0790782639        0.0546846328        0.1307043201        0.0669925247        0.0734456279        0.0735627181        0.0551475664        0.1294656524        0.0550083827        0.0730950342        0.0736554331        0.0674663026        0.1307638876        0.0550905492        0.0796659677        0.0072958720        0.0073089202
       11.7458440079        0.0840480122        0.0530429342        0.1839793812        0.0756693430        0.0818461368        0.0819634328        0.0528929328        0.2580315680        0.0529058490        0.0820069333        0.0818031341        0.0754202946        0.1842713521        0.0529113622        0.0836244745        0.0834220203        0.0527855685        0.1841995418        0.0754065877        0.0819695641        0.0818391424        0.0530305930        0.2579004396        0.0530176767        0.0817956419        0.0820125668        0.0756556361        0.1839075710        0.0529171405        0.0838455581        0.0201880415        0.0201580226
       11.9768851207        0.0665713043        0.0431209012        0.1261000423        0.0506742828        0.0688178717        0.0687372162        0.0431069557        0.1262059960        0.0432061681        0.0684815194        0.0689538974        0.0506949344        0.1261003556        0.0431037320        0.0667158403        0.0667700729        0.0431265624        0.1260992398        0.0507073818        0.0689048399        0.0685212768        0.0431729268        0.1262259332        0.0430737144        0.0687769736        0.0687688142        0.0506867301        0.1260989265        0.0431437316        0.0666255369        0.0080427354        0.0080444400
       12.2079262335        0.0615878835        0.0364203214        0.1180999724        0.0487073347        0.0641433337        0.0641309662        0.0362413680        0.0890090055        0.0365070006        0.0640437083        0.0639856405        0.0487145329        0.1179642699        0.0362077040        0.0615538310        0.0615570334        0.0362214806        0.1179630986        0.0487144724        0.0639656536        0.0640311810        0.0365187782        0.0890092987        0.0362531456        0.0641184390        0.0641233467        0.0487072742        0.1180988011        0.0364340980        0.0615910859        0.0062027233        0.0062027488
       12.4389673463        0.0415131430        0.0297945798        0.1406409148        0.0324854873        0.0492893850        0.0495432039        0.0295138319        0.0712333853        0.0297736800        0.0491680625        0.0496388369        0.0326151535        0.1405450564        0.0298516394        0.0417385680        0.0417385680        0.0298516394        0.1405450564        0.0326151535        0.0496388369        0.0491680625        0.0297736800        0.0712333853        0.0295138319        0.0495432039        0.0492893850        0.0324854873        0.1406409148        0.0297945798        0.0415131430        0.0050762003        0.0050762003
       12.6700084591        0.0645943676        0.0399199695        0.2731529634        0.0363524857        0.0583238816        0.0584875313        0.0402005326        0.1687775293        0.0401686997        0.0582418845        0.0584066751        0.0363158713        0.2719181223        0.0402642195        0.0651234527        0.0650998039        0.0402743157        0.2718850822        0.0363245530        0.0584042952        0.0582443626        0.0401589092        0.1688079352        0.0401907421        0.0584900095        0.0583215016        0.0363611673        0.2731199233        0.0399300657        0.0645707187        0.0143970401        0.0143784411
       12.9010495719        0.0609861083        0.0365358030        0.2215965581        0.0372802732        0.0598862525        0.0596288719        0.0365842473        0.1478798911        0.0364887329        0.0595204810        0.0595986617        0.0372859923        0.2231849171        0.0365292541        0.0606956932        0.0606683896        0.0365356256        0.2231526297        0.0372910349        0.0595950418        0.0595204766        0.0364779869        0.1479139902        0.0365735013        0.0596288675        0.0598826326        0.0372853157        0.2215642707        0.0365421745        0.0609588047        0.0145774418        0.0145590139
       13.1320906847        0.0729188204        0.0398841719        0.2134757541        0.0510138688        0.0643694220        0.0645257333        0.0396806176        0.1209853349        0.0397750970        0.0642805351        0.0641710238        0.0510116107        0.2130946093        0.0396498630        0.0728360591        0.0728362927        0.0396266491        0.2130957750        0.0510094799        0.0641403343        0.0642483749        0.0397523847        0.1209844827        0.0396579053        0.0644935731        0.0643387325        0.0510117380        0.2134769199        0.0398609579        0.0729190540        0.0141951921        0.0141969844
       13.3631317975        0.0422379644        0.0229386869        0.1143128005        0.0294552180        0.0342365847        0.0343002058        0.0228466621        0.0707219604        0.0228634771        0.0341944277        0.0342020158        0.0294301329        0.1142427110        0.0228851734        0.0421431349        0.0421431349        0.0228851734        0.1142427110        0.0294301329        0.0342020158        0.0341944277        0.0228634771        0.0707219604        0.0228466621        0.0343002058        0.0342365847        0.0294552180        0.1143128005        0.0229386869        0.0422379644        0.0066913710        0.0066913710
       13.5941729103        0.0282680818        0.0169424459        0.0900987995        0.0246092135        0.0238580324        0.0239720429        0.0169317765        0.0537195950        0.0169504845        0.0239225862        0.0239990092        0.0246046001        0.0896363736        0.0169803583        0.0282326747        0.0282326747        0.0169803583        0.0896363736        0.0246046001        0.0239990092        0.0239225862        0.0169504845        0.0537195950        0.0169317765        0.0239720429        0.0238580324        0.0246092135        0.0900987995        0.0169424459        0.0282680818        0.0043713819        0.0043713819
       13.8252140231        0.0731676076        0.0394268794        0.4655555338        0.0709519923        0.0690678694        0.0691669082        0.0393851254        0.1250402699        0.0394356610        0.0692370837        0.0693499117        0.0709885511        0.4650929448        0.0392779009        0.0732192625        0.0732192625        0.0392779009        0.4650929448        0.0709885511        0.0693499117        0.0692370837        0.0394356610        0.1250402699        0.0393851254        0.0691669082        0.0690678694        0.0709519923        0.4655555338        0.0394268794        0.0731676076        0.0213505675        0.0213505675
       14.0562551359        0.0897459751        0.0485809369        0.5247800965        0.0895992527        0.0678440971        0.0678319677        0.0487176094        0.1645648497        0.0488209730        0.0680030708        0.0677895361        0.0893368145        0.5260353920        0.0484998077        0.0898789115        0.0898521761        0.0484903265        0.5261121870        0.0893404103        0.0678064273        0.0679914676        0.0488441769        0.1645159169        0.0487408133        0.0678203645        0.0678609883        0.0896028484        0.5248568916        0.0485714557        0.0897192397        0.0191606557        0.0191605678
       14.2872962487        0.0891835895        0.0489661449        0.3610827695        0.0715638910        0.0627836452        0.0624816369        0.0489562456        0.1333961523        0.0491438877        0.0623764827        0.0626533298        0.0715341233        0.3618766489        0.0487601155        0.0891140764        0.0894730057        0.0490436494        0.3609563856        0.0715614657        0.0624952178        0.0625874876        0.0489586842        0.1341452901        0.0487710421        0.0626926418        0.0626255332        0.0715912334        0.3601625062        0.0492496788        0.0895425188        0.0112296357        0.0112268979
       14.5183373615        0.0781879983        0.0481298013        0.2648039906        0.0638309483        0.0683593059        0.0688589760        0.0482261476        0.1045948612        0.0479300309        0.0685972171        0.0686835995        0.0638025522        0.2657664467        0.0483529249        0.0781189994        0.0781263064        0.0483509149        0.2657895214        0.0638145438        0.0686847920        0.0686008791        0.0479347647        0.1046297701        0.0482308814        0.0688626380        0.0683604985        0.0638429398        0.2648270652        0.0481277913        0.0781953052        0.0057593180        0.0057592144
       14.7493784743        0.1287201589        0.0842059786        0.3963537971        0.0934556289        0.0829816825        0.0829000428        0.0832861899        0.1328038453        0.0841542483        0.0829055431        0.0832185380        0.0935685368        0.3966931985        0.0833800163        0.1288947650        0.1288948619        0.0833818628        0.3966934907        0.0935689012        0.0832257912        0.0829128602        0.0841562615        0.1328042851        0.0832882032        0.0829073599        0.0829889357        0.0934559932        0.3963540893        0.0842078251        0.1287202559        0.0124674439        0.0124674423
       14.9804195871        0.0663982801        0.0577894792        0.2420083141        0.0496517391        0.0552670907        0.0553129119        0.0584852102        0.0571900133        0.0578551926        0.0553316645        0.0556075756        0.0495831754        0.2418701564        0.0584049484        0.0664236980        0.0664236980        0.0584049484        0.2418701564        0.0495831754        0.0556075756        0.0553316645        0.0578551926        0.0571900133        0.0584852102        0.0553129119        0.0552670907        0.0496517391        0.2420083141        0.0577894792        0.0663982801        0.0081950730        0.0081950730
       15.2114606999        0.0447940966        0.0508430716        0.1928616197        0.0390646885        0.0536181972        0.0534722018        0.0507429745        0.0459472707        0.0507473199        0.0534142254        0.0536985831        0.0390572045        0.1927926895        0.0507952224        0.0447916354        0.0447916375        0.0507952874        0.1927927956        0.0390572105        0.0536986321        0.0534142243        0.0507473795        0.0459472812        0.0507430342        0.0534722007        0.0536182462        0.0390646946        0.1928617258        0.0508431366        0.0447940986        0.0047550142        0.0047550108
       15.4425018127        0.0419715659        0.0668561226        0.2276202857        0.0635041850        0.0580508055        0.0582773947        0.0662164437        0.0416280649        0.0667860792        0.0583290740        0.0583595869        0.0633986505        0.2296169820        0.0662267922        0.0422495206        0.0422513872        0.0662107008        0.2295951852        0.0634006338        0.0583556432        0.0583308507        0.0667751353        0.0416298001        0.0662054998        0.0582791713        0.0580468617        0.0635061684        0.2275984888        0.0668400312        0.0419734325        0.0047835175        0.0047822226
       15.6735429255        0.0617030198        0.1135490760        0.2320782014        0.0788433569        0.0822614625        0.0820059829        0.1133710844        0.0411254277        0.1143248877        0.0818702397        0.0818870460        0.0786292974        0.2320178988        0.1126198715        0.0611627742        0.0611543931        0.1124890941        0.2320339156        0.0786440423        0.0819047560        0.0818730872        0.1141846180        0.0411153707        0.1132308147        0.0820088304        0.0822791726        0.0788581018        0.2320942182        0.1134182986        0.0616946387        0.0042133984        0.0042136386
       15.9045840383        0.0547083053        0.1546687848        0.2732647371        0.1300741176        0.1029366108        0.1027817817        0.1570774206        0.0392845537        0.1546662124        0.1025410681        0.1027011652        0.1299720241        0.2735846655        0.1571162467        0.0546299681        0.0546299681        0.1571162467        0.2735846655        0.1299720241        0.1027011652        0.1025410681        0.1546662124        0.0392845537        0.1570774206        0.1027817817        0.1029366108        0.1300741176        0.2732647371        0.1546687848        0.0547083053        0.0045034411        0.0045034411
       16.1356251511        0.0700043022        0.1539420886        0.2372164774        0.1324840605        0.1062579298        0.1059981108        0.1535942247        0.0343855616        0.1532140927        0.1062779523        0.1058818683        0.1323267876        0.2378418759        0.1539098730        0.0698609357        0.0697965887        0.1538974607        0.2379536022        0.1323474688        0.1059097506        0.1062534517        0.1532309236        0.0343700689        0.1536110556        0.1059736102        0.1062858120        0.1325047416        0.2373282037        0.1539296764        0.0699399552        0.0037551037        0.0037613448
       16.3666662639        0.0944873027        0.1899991183        0.2477206890        0.1404801000        0.1241921567        0.1242367116        0.1903146273        0.0328087102        0.1906797615        0.1238835223        0.1240253941        0.1403036658        0.2473121957        0.1900533530        0.0943961615        0.0943961615        0.1900533530        0.2473121957        0.1403036658        0.1240253941        0.1238835223        0.1906797615        0.0328087102        0.1903146273        0.1242367116        0.1241921567        0.1404801000        0.2477206890        0.1899991183        0.0944873027        0.0039948131        0.0039948131
       16.5977073767        0.0724187076        0.1760260595        0.1727527619        0.1510039200        0.0981862821        0.0979780453        0.1743991156        0.0318327127        0.1762273279        0.0986105646        0.0984461533        0.1507989233        0.1727282813        0.1741443780        0.0723196917        0.0723196917        0.1741443780        0.1727282813        0.1507989233        0.0984461533        0.0986105646        0.1762273279        0.0318327127        0.1743991156        0.0979780453        0.0981862821        0.1510039200        0.1727527619        0.1760260595        0.0724187076        0.0036218871        0.0036218871
       16.8287484895        0.0794118938        0.1443291832        0.1746342246        0.1974833390        0.1407415631        0.1412237734        0.1433479775        0.0284979027        0.1442645997        0.1414460783        0.1406400759        0.1977990261        0.1748274435        0.1440161198        0.0796918375        0.0796918375        0.1440161198        0.1748274435        0.1977990261        0.1406400759        0.1414460783        0.1442645997        0.0284979027        0.1433479775        0.1412237734        0.1407415631        0.1974833390        0.1746342246        0.1443291832        0.0794118938        0.0032378479        0.0032378479
       17.0597896023        0.0717555030        0.1519481566        0.1074669008        0.2012234314        0.1288769229        0.1258283961        0.1516201628        0.0260842275        0.1504074871        0.1288398074        0.1255998495        0.1984932276        0.1098645190        0.1509023434        0.0712601775        0.0712609740        0.1508540982        0.1098806836        0.1985520260        0.1255655527        0.1287774707        0.1503309440        0.0260853279        0.1515436197        0.1257660594        0.1288426261        0.2012822298        0.1074830655        0.1518999114        0.0717562995        0.0018693516        0.0018699175
       17.2908307151        0.0794769393        0.2000420766        0.1036088224        0.1771071011        0.1350080660        0.1353947110        0.1983454624        0.0467828559        0.2015783322        0.1353683321        0.1351536322        0.1777897020        0.1038103876        0.1984516033        0.0796317721        0.0796317721        0.1984516033        0.1038103876        0.1777897020        0.1351536322        0.1353683321        0.2015783322        0.0467828559        0.1983454624        0.1353947110        0.1350080660        0.1771071011        0.1036088224        0.2000420766        0.0794769393        0.0022567648        0.0022567648
       17.5218718279        0.0707777322        0.1555629748        0.0656719800        0.0959879556        0.1029120447        0.1030730079        0.1562247661        0.0192503906        0.1559939010        0.1030744271        0.1029291914        0.0956140648        0.0658563583        0.1558313940        0.0708028991        0.0708104317        0.1558431872        0.0658576025        0.0956111936        0.1029425882        0.1030844090        0.1560044391        0.0192504510        0.1562353042        0.1030829898        0.1029254415        0.0959850845        0.0656732242        0.1555747680        0.0707852648        0.0017361728        0.0017361488
       17.7529129407        0.1396533992        0.2732415430        0.1092168967        0.2142439197        0.1818379205        0.1809679395        0.2697898720        0.0288797211        0.2725590331        0.1806192052        0.1813400120        0.2127249673        0.1092221552        0.2695110942        0.1395918045        0.1395523125        0.2694298411        0.1092275034        0.2126984604        0.1813690716        0.1806127749        0.2725508281        0.0288744939        0.2697816670        0.1809615092        0.1818669801        0.2142174128        0.1092222449        0.2731602898        0.1396139073        0.0018021059        0.0018023288
       17.9839540535        0.1083240791        0.2598977847        0.1009653894        0.1923719694        0.2151218506        0.2154033349        0.2641811816        0.0262672668        0.2601646993        0.2157086828        0.2149160284        0.1923862513        0.1006872855        0.2636339679        0.1080168239        0.1080477912        0.2636345201        0.1006669739        0.1924158095        0.2149399011        0.2157012841        0.2601602329        0.0262665391        0.2641767153        0.2153959362        0.2151457233        0.1924015277        0.1009450778        0.2598983369        0.1083550464        0.0023019657        0.0023018090
       18.2149951663        0.1655530540        0.2676849335        0.0992757240        0.2759177177        0.2501822185        0.2503503550        0.2696639288        0.0322898982        0.2674073554        0.2524159541        0.2528379253        0.2755997414        0.0988601590        0.2693061480        0.1657638618        0.1657141547        0.2693347799        0.0989190651        0.2755025862        0.2527791180        0.2524684547        0.2673941186        0.0322922326        0.2696506920        0.2504028556        0.2501234112        0.2758205624        0.0993346302        0.2677135654        0.1655033469        0.0041194361        0.0041203227
       18.4460362791        0.1665915009        0.2211137268        0.0981555479        0.2182259734        0.1937135234        0.1933964688        0.2216132674        0.0317720842        0.2212294920        0.1943118041        0.1927023398        0.2177605160        0.0983698866        0.2209673129        0.1662757486        0.1662599998        0.2209918699        0.0983977361        0.2177098587        0.1927468482        0.1942445151        0.2211724159        0.0317690866        0.2215561914        0.1933291798        0.1937580318        0.2181753161        0.0981833975        0.2211382837        0.1665757521        0.0023138478        0.0023146777
       18.6770773919        0.1825952420        0.2215292259        0.0808830702        0.2167753845        0.1740785720        0.1742353471        0.2235655955        0.0278727087        0.2219028663        0.1752106256        0.1745584319        0.2163656173        0.0811037241        0.2238037279        0.1831577697        0.1831577697        0.2238037279        0.0811037241        0.2163656173        0.1745584319        0.1752106256        0.2219028663        0.0278727087        0.2235655955        0.1742353471        0.1740785720        0.2167753845        0.0808830702        0.2215292259        0.1825952420        0.0016064865        0.0016064865
       18.9081185047        0.2089700111        0.1971464444        0.0595304823        0.1486545170        0.1338034626        0.1343944440        0.1976826446        0.0221829691        0.1976631662        0.1337397565        0.1342906396        0.1487275654        0.0593355724        0.1980281780        0.2100026271        0.2100120564        0.1980184453        0.0593395614        0.1487331152        0.1342635429        0.1337063848        0.1976539303        0.0221836058        0.1976734086        0.1343610722        0.1337763660        0.1486600669        0.0595344713        0.1971367116        0.2089794405        0.0015537263        0.0015535570
       19.1391596175        0.0828779101        0.1223455097        0.0454604478        0.0980977039        0.0583168385        0.0584429072        0.1221362789        0.0152589396        0.1223603912        0.0582908852        0.0583519893        0.0982086038        0.0455046856        0.1222240410        0.0829146579        0.0829165888        0.1222352533        0.0455022734        0.0982111941        0.0583466535        0.0582851591        0.1223711260        0.0152585133        0.1221470138        0.0584371811        0.0583115028        0.0981002942        0.0454580356        0.1223567220        0.0828798411        0.0010698344        0.0010700790
       19.3702007303        0.1039742264        0.1952862549        0.0627725348        0.1389544593        0.0691679382        0.0693734534        0.1952598329        0.0225709295        0.1952615917        0.0694883143        0.0691103102        0.1386571309        0.0628789151        0.1950114322        0.1038821714        0.1038821714        0.1950114322        0.0628789151        0.1386571309        0.0691103102        0.0694883143        0.1952615917        0.0225709295        0.1952598329        0.0693734534        0.0691679382        0.1389544593        0.0627725348        0.1952862549        0.1039742264        0.0015865006        0.0015865006
       19.6012418431        0.0744107741        0.1227398691        0.0341671273        0.1007689960        0.0368528442        0.0370346795        0.1267907339        0.0116991046        0.1234903449        0.0370503577        0.0364897894        0.0997169006        0.0341477752        0.1244168433        0.0739668740        0.0746233734        0.1253277690        0.0346920654        0.1003666807        0.0368106699        0.0367340051        0.1225951174        0.0116333762        0.1258955064        0.0367183268        0.0371737248        0.1014187761        0.0347114175        0.1236507947        0.0750672734        0.0011169052        0.0011094745
       19.8322829559        0.1356700130        0.2693241996        0.0870679489        0.2241508290        0.0629635675        0.0630673708        0.2695720143        0.0165022261        0.2699661780        0.0630929886        0.0631019048        0.2245237087        0.0868097744        0.2686374787        0.1358723146        0.1358659933        0.2686281792        0.0868003355        0.2245131485        0.0630916201        0.0631034222        0.2699767094        0.0165057625        0.2695825457        0.0630778044        0.0629532828        0.2241402688        0.0870585100        0.2693149002        0.1356636917        0.0035144023        0.0035148310
       20.0633240687        0.1975091462        0.3959944656        0.1141659974        0.2824622169        0.1075452435        0.1075009012        0.3945687670        0.0193213263        0.3964899414        0.1074492663        0.1082227617        0.2829916071        0.1142416746        0.3952566349        0.1977441772        0.1977678431        0.3951803469        0.1142381192        0.2829950294        0.1082086565        0.1074458159        0.3963715774        0.0193248911        0.3944504030        0.1074974508        0.1075311383        0.2824656392        0.1141624421        0.3959181776        0.1975328121        0.0044883416        0.0044880110
       20.2943651815        0.1104802069        0.2277019551        0.0699394391        0.1988185061        0.0801499256        0.0800008019        0.2277958556        0.0138935498        0.2286348736        0.0797784214        0.0799455948        0.1991042777        0.0699378898        0.2273812990        0.1103470769        0.1103476646        0.2273598746        0.0699387352        0.1991034574        0.0799392671        0.0797712126        0.2286117632        0.0138941099        0.2277727452        0.0799935931        0.0801435979        0.1988176858        0.0699402845        0.2276805307        0.1104807946        0.0021377986        0.0021378636
       20.5254062943        0.0902646048        0.1804761236        0.0476084594        0.2472555926        0.0900602796        0.0900882983        0.1794401804        0.0183240928        0.1803963808        0.0909165011        0.0906176252        0.2476341040        0.0474031130        0.1797511375        0.0906806407        0.0906811361        0.1797900077        0.0474012802        0.2476508097        0.0906055074        0.0909074519        0.1804363028        0.0183124166        0.1794801025        0.0900792490        0.0900481618        0.2472722983        0.0476066266        0.1805149939        0.0902651001        0.0016110127        0.0016103024
       20.7564474071        0.0657132157        0.1395734551        0.0363173376        0.2145897361        0.0930329955        0.0927685086        0.1387996744        0.0102868338        0.1392226049        0.0944566319        0.0942114623        0.2145251506        0.0364074437        0.1382067406        0.0656384829        0.0656384829        0.1382067406        0.0364074437        0.2145251506        0.0942114623        0.0944566319        0.1392226049        0.0102868338        0.1387996744        0.0927685086        0.0930329955        0.2145897361        0.0363173376        0.1395734551        0.0657132157        0.0011188819        0.0011188819
       20.9874885199        0.1181423288        0.1702381146        0.0335457633        0.3038838555        0.1488667361        0.1476462989        0.1709965331        0.0195645889        0.1698923916        0.1484618782        0.1494804713        0.3031046994        0.0335009424        0.1705249952        0.1179846203        0.1179575193        0.1706113295        0.0335012417        0.3031418972        0.1494690271        0.1484735624        0.1698067977        0.0195470682        0.1709109391        0.1476579831        0.1488552919        0.3039210533        0.0335460626        0.1703244489        0.1181152278        0.0010975822        0.0010965318
       21.2185296327        0.0723394667        0.1666979427        0.0412173959        0.2225733322        0.1131796855        0.1126436848        0.1670708283        0.0131096317        0.1671653404        0.1127422279        0.1133732669        0.2227538854        0.0412703992        0.1665698814        0.0724419152        0.0724419152        0.1665698814        0.0412703992        0.2227538854        0.1133732669        0.1127422279        0.1671653404        0.0131096317        0.1670708283        0.1126436848        0.1131796855        0.2225733322        0.0412173959        0.1666979427        0.0723394667        0.0012388587        0.0012388587
       21.4495707455        0.2451310585        0.3116591175        0.0767666386        0.4701966601        0.3306343614        0.3344660182        0.3149248555        0.0215262245        0.3113833308        0.3282320062        0.3322226738        0.4720297511        0.0769976735        0.3128784300        0.2478040920        0.2478149495        0.3129042928        0.0769852943        0.4720017800        0.3321982726        0.3282411393        0.3113563775        0.0215319867        0.3148979022        0.3344751513        0.3306099602        0.4701686890        0.0767542595        0.3116849803        0.2451419160        0.0024347489        0.0024342417
       21.6806118583        0.1832234061        0.1574493951        0.0617913044        0.2606923577        0.2091680097        0.2082702619        0.1586927249        0.0152995252        0.1572673300        0.2082269665        0.2070167334        0.2598042944        0.0620525729        0.1589096261        0.1830548965        0.1829787666        0.1589377353        0.0619331425        0.2599087768        0.2070025791        0.2082390295        0.1572246841        0.0153015028        0.1586500790        0.2082823249        0.2091538553        0.2607968401        0.0616718740        0.1574775043        0.1831472763        0.0012090218        0.0012076438
       21.9116529711        0.1151749387        0.1490226098        0.0438031753        0.2106665365        0.1198671794        0.1208310073        0.1500521107        0.0079867680        0.1491941968        0.1194733469        0.1186630644        0.2113425256        0.0438071579        0.1506238341        0.1147441869        0.1147520551        0.1506179492        0.0438219984        0.2113333969        0.1186654937        0.1194712603        0.1492048099        0.0079870344        0.1500627238        0.1208289207        0.1198696087        0.2106574078        0.0438180158        0.1490167249        0.1151828069        0.0008885862        0.0008889689
       22.1426940839        0.2299685772        0.2625569631        0.0638315197        0.1718579625        0.1710049931        0.1712801471        0.2623464347        0.0128463795        0.2614119957        0.1722040464        0.1731104694        0.1718734347        0.0635598904        0.2609506359        0.2290113861        0.2290194769        0.2609491680        0.0635644055        0.1718725141        0.1731263289        0.1722168982        0.2614128310        0.0128459278        0.2623472700        0.1712929988        0.1710208526        0.1718570419        0.0638360348        0.2625554952        0.2299766680        0.0018667974        0.0018670058
       22.3737351967        0.3547573969        0.3556225376        0.1269382675        0.1839067037        0.3620426738        0.3633486437        0.3556172223        0.0134208201        0.3557843511        0.3628035178        0.3627757903        0.1837396718        0.1265598192        0.3559047936        0.3552054450        0.3552081144        0.3558754793        0.1265478155        0.1837952948        0.3627730117        0.3627950684        0.3557856321        0.0134168490        0.3556185033        0.3633401942        0.3620398952        0.1839623267        0.1269262638        0.3555932233        0.3547600663        0.0024578911        0.0024582072
       22.6047763095        0.2286779592        0.2011401884        0.0444206741        0.1890434324        0.1693131882        0.1683945693        0.2010679920        0.0124673468        0.2005321823        0.1695332142        0.1694932359        0.1888596658        0.0444654199        0.2004588240        0.2285120720        0.2285154254        0.2004613433        0.0444651886        0.1888557087        0.1694972281        0.1695371080        0.2005335736        0.0124671168        0.2010693833        0.1683984631        0.1693171804        0.1890394753        0.0444204427        0.2011427076        0.2286813127        0.0011897156        0.0011896975
       22.8358174223        0.5849275693        0.3138430106        0.0646307967        0.4239711165        0.2177200390        0.2190066084        0.3111757750        0.0130731381        0.3121325660        0.2169630507        0.2176636851        0.4202444313        0.0643958676        0.3103876918        0.5781144289        0.5781165685        0.3104137322        0.0643894751        0.4202859596        0.2177357760        0.2169753324        0.3121906263        0.0130742311        0.3112338353        0.2190188901        0.2177921299        0.4240126448        0.0646244042        0.3138690510        0.5849297088        0.0019782900        0.0019788469
       23.0668585351        0.3123749347        0.1332362092        0.0534554221        0.1582536740        0.1386501751        0.1385339186        0.1337270852        0.0165987029        0.1331588637        0.1409619694        0.1408589223        0.1576522063        0.0535225941        0.1335110845        0.3110107137        0.3110107137        0.1335110845        0.0535225941        0.1576522063        0.1408589223        0.1409619694        0.1331588637        0.0165987029        0.1337270852        0.1385339186        0.1386501751        0.1582536740        0.0534554221        0.1332362092        0.3123749347        0.0006015451        0.0006015451
       23.2978996479        0.3009021008        0.2368321695        0.0931747282        0.4073686509        0.3387461183        0.3365244829        0.2362672896        0.0177648310        0.2368283002        0.3374553013        0.3369250817        0.4064999182        0.0930148405        0.2352439618        0.3012685521        0.3012719305        0.2353149058        0.0929983969        0.4067202688        0.3371895843        0.3377184180        0.2369014945        0.0177320100        0.2363404839        0.3367875996        0.3390106209        0.4075890015        0.0931582846        0.2369031135        0.3009054792        0.0009011154        0.0009021685
       23.5289407607        0.2500453387        0.3237084668        0.1295587278        0.3240349658        0.4930485325        0.4944196525        0.3241884354        0.0172341455        0.3259130821        0.4918457863        0.4966594925        0.3238212299        0.1287355986        0.3257660156        0.2490469314        0.2492853697        0.3257055077        0.1287532756        0.3236971979        0.4967623529        0.4917478665        0.3259907239        0.0172191067        0.3242660772        0.4943217327        0.4931513929        0.3239109338        0.1295764048        0.3236479589        0.2502837771        0.0008870023        0.0008879084
       23.7599818735        0.1707387843        0.1411731508        0.0670432651        0.1597293217        0.1447748505        0.1458656386        0.1412606978        0.0156750621        0.1409815634        0.1456186711        0.1460615614        0.1594643673        0.0670978463        0.1418571183        0.1699924165        0.1700525269        0.1418466706        0.0670960811        0.1593800722        0.1460513575        0.1456026508        0.1409477108        0.0156692705        0.1412268451        0.1458496183        0.1447646466        0.1596450265        0.0670414999        0.1411627031        0.1707988947        0.0004168941        0.0004172840
       23.9910229863        0.1101637981        0.0849684776        0.0423811820        0.1280324158        0.0675275875        0.0675267242        0.0860144847        0.0089885795        0.0852180444        0.0678734247        0.0678105213        0.1278203775        0.0425193803        0.0858541980        0.1096583684        0.1096583684        0.0858541980        0.0425193803        0.1278203775        0.0678105213        0.0678734247        0.0852180444        0.0089885795        0.0860144847        0.0675267242        0.0675275875        0.1280324158        0.0423811820        0.0849684776        0.1101637981        0.0001202524        0.0001202524
       24.2220640991        0.0858099827        0.0610694117        0.0232510514        0.0890068043        0.0541134261        0.0541816734        0.0612980817        0.0085725343        0.0610921046        0.0541526717        0.0541730372        0.0889634429        0.0232810986        0.0613309322        0.0856798661        0.0856798661        0.0613309322        0.0232810986        0.0889634429        0.0541730372        0.0541526717        0.0610921046        0.0085725343        0.0612980817        0.0541816734        0.0541134261        0.0890068043        0.0232510514        0.0610694117        0.0858099827        0.0001468099        0.0001468099
       24.4531052119        0.2046477741        0.1254633721        0.0468898926        0.1611493588        0.1080117497        0.1084281499        0.1256768501        0.0214966425        0.1255825590        0.1078448967        0.1077605108        0.1616838094        0.0469302062        0.1254988764        0.2047996890        0.2050312432        0.1256634068        0.0470856735        0.1614018584        0.1077629039        0.1077444577        0.1254843603        0.0215354915        0.1255786514        0.1083277109        0.1080141428        0.1608674078        0.0470453599        0.1256279025        0.2048793284        0.0002841541        0.0002841011
       24.6841463247        0.1536162408        0.1106826316        0.0277066107        0.1728486920        0.1272956902        0.1276582096        0.1107245978        0.0159945493        0.1106282648        0.1272129397        0.1274838294        0.1729883291        0.0277455995        0.1107581843        0.1538233580        0.1538233580        0.1107581843        0.0277455995        0.1729883291        0.1274838294        0.1272129397        0.1106282648        0.0159945493        0.1107245978        0.1276582096        0.1272956902        0.1728486920        0.0277066107        0.1106826316        0.1536162408        0.0001827416        0.0001827416
       24.9151874375        0.2015055759        0.0899850536        0.0262584489        0.0887460992        0.1224400943        0.1229329405        0.0897797720        0.0112683039        0.0899991296        0.1229983661        0.1225853567        0.0888807641        0.0261686304        0.0898673489        0.2016672520        0.2016746265        0.0898637100        0.0261703842        0.0888946200        0.1225784769        0.1229950940        0.0900004983        0.0112705551        0.0897811408        0.1229296684        0.1224332146        0.0887599551        0.0262602027        0.0899814146        0.2015129504        0.0001866484        0.0001866627
       25.1462285503        0.6080468020        0.1948081025        0.0401306632        0.1039018483        0.4124304436        0.4116638411        0.1934950660        0.0327646141        0.1948036209        0.4119781986        0.4130147739        0.1037058770        0.0401756039        0.1932612359        0.6076956114        0.6090115945        0.1932985497        0.0405133271        0.1037139943        0.4124709352        0.4126624174        0.1947759803        0.0327355214        0.1934674254        0.4123480600        0.4118866049        0.1039099657        0.0404683864        0.1948454163        0.6093627851        0.0001395139        0.0001397375
       25.3772696631        0.5284857505        0.1602664494        0.0219629803        0.0724191326        0.4281731222        0.4285044588        0.1599578383        0.0259826642        0.1601910201        0.4277714317        0.4281673185        0.0722492383        0.0219832769        0.1601860490        0.5288170250        0.5299141104        0.1603134099        0.0219637100        0.0721740308        0.4273304691        0.4285706225        0.1601368532        0.0259136442        0.1599036714        0.4293036495        0.4273362728        0.0723439251        0.0219434134        0.1603938103        0.5295828359        0.0001008654        0.0001010867
       25.6083107759        0.1451471021        0.0707234700        0.0204653434        0.0555986471        0.1297288880        0.1297032542        0.0707008635        0.0278142298        0.0706338153        0.1296712163        0.1294313344        0.0557612172        0.0204911680        0.0705948784        0.1449473750        0.1452629933        0.0706946641        0.0206240812        0.0558265692        0.1293473648        0.1296818796        0.0706327369        0.0278595465        0.0706997851        0.1297139175        0.1296449184        0.0556639992        0.0205982566        0.0708232556        0.1454627204        0.0001767041        0.0001768016
       25.8393518887        0.0752465636        0.0248434108        0.0194890056        0.0175758250        0.0311114446        0.0310020264        0.0247384917        0.0070981600        0.0248923396        0.0314038235        0.0315131807        0.0175709303        0.0194591529        0.0247019107        0.0754296102        0.0752776371        0.0246994388        0.0193044959        0.0174536619        0.0314083237        0.0314931404        0.0249651557        0.0070549570        0.0248113078        0.0310913433        0.0310065876        0.0174585565        0.0193343486        0.0248409388        0.0750945906        0.0000485112        0.0000479908
       26.0703930015        0.1130682216        0.0308673720        0.0306940004        0.0253764609        0.0482232389        0.0484276069        0.0308618952        0.0143833050        0.0309175595        0.0482039345        0.0484039489        0.0254096527        0.0306178975        0.0309026615        0.1134904640        0.1134904640        0.0309026615        0.0306178975        0.0254096527        0.0484039489        0.0482039345        0.0309175595        0.0143833050        0.0308618952        0.0484276069        0.0482232389        0.0253764609        0.0306940004        0.0308673720        0.1130682216        0.0001433362        0.0001433362
       26.3014341143        0.0981022593        0.0234114647        0.0247847103        0.0218830455        0.0379208046        0.0377840531        0.0234192472        0.0118258936        0.0233778234        0.0378718480        0.0377516319        0.0218578874        0.0248281329        0.0233909295        0.0978271224        0.0978271224        0.0233909295        0.0248281329        0.0218578874        0.0377516319        0.0378718480        0.0233778234        0.0118258936        0.0234192472        0.0377840531        0.0379208046        0.0218830455        0.0247847103        0.0234114647        0.0981022593        0.0001267593        0.0001267593
       26.5324752271        0.3558650024        0.0451894348        0.0418916868        0.0151357533        0.1238224538        0.1235964042        0.0452460035        0.0650212869        0.0451056652        0.1236685318        0.1234659780        0.0151434699        0.0419223315        0.0451534881        0.3555764806        0.3555764806        0.0451534881        0.0419223315        0.0151434699        0.1234659780        0.1236685318        0.0451056652        0.0650212869        0.0452460035        0.1235964042        0.1238224538        0.0151357533        0.0418916868        0.0451894348        0.3558650024        0.0002866761        0.0002866761
       26.7635163399        0.4197635196        0.0448402259        0.0488508453        0.0143227497        0.0811157163        0.0812545551        0.0447877736        0.0222242847        0.0447921664        0.0807679326        0.0811511041        0.0143608603        0.0487619704        0.0449590817        0.4200454584        0.4177358596        0.0446113407        0.0485136991        0.0143616840        0.0811270088        0.0804117366        0.0449143236        0.0221027834        0.0449099309        0.0808983591        0.0810916209        0.0143235734        0.0486025739        0.0444924848        0.4174539208        0.0000691365        0.0000691061
       26.9945574527        0.2635404541        0.0229302478        0.0308380889        0.0052421036        0.0411501252        0.0414729573        0.0229109875        0.0043008382        0.0231105810        0.0412906217        0.0415548059        0.0052412044        0.0302572959        0.0231100150        0.2660267876        0.2660267876        0.0231100150        0.0302572959        0.0052412044        0.0415548059        0.0412906217        0.0231105810        0.0043008382        0.0229109875        0.0414729573        0.0411501252        0.0052421036        0.0308380889        0.0229302478        0.2635404541        0.0000383354        0.0000383354
       27.2255985655        0.0000000000        0.0000000000        0.0000000000        0.0000000000        0.0000000000        0.0000000000        0.0000000000        0.0000000000        0.0000000000        0.0000000000        0.0000000000        0.0000000000        0.0000000000        0.0000000000        0.0000000000        0.0000000000        0.0000000000        0.0000000000        0.0000000000        0.0000000000        0.0000000000        0.0000000000        0.0000000000        0.0000000000        0.0000000000        0.0000000000        0.0000000000        0.0000000000        0.0000000000        0.0000000000        0.0000000000        0.0000000000
       27.4566396783        0.0062982108        0.0007564740        0.0002711439        0.0007433639        0.0240982090        0.0241739335        0.0007696308        0.0115028898        0.0007501029        0.0240842400        0.0241600324        0.0007435672        0.0002694152        0.0007532092        0.0062976449        0.0062976449        0.0007532092        0.0002694152        0.0007435672        0.0241600324        0.0240842400        0.0007501029        0.0115028898        0.0007696308        0.0241739335        0.0240982090        0.0007433639        0.0002711439        0.0007564740        0.0062982108        0.0000161311        0.0000161311
       27.6876807911        0.0721746401        0.0131663950        0.0032316582        0.0077096885        0.1614928180        0.1614704284        0.0131864346        0.0650367281        0.0131741145        0.1614587078        0.1614648849        0.0077070335        0.0032320018        0.0131804836        0.0721911281        0.0721911281        0.0131804836        0.0032320018        0.0077070335        0.1614648849        0.1614587078        0.0131741145        0.0650367281        0.0131864346        0.1614704284        0.1614928180        0.0077096885        0.0032316582        0.0131663950        0.0721746401        0.0000583751        0.0000583751
       27.9187219039        0.1605626052        0.0433745419        0.0100386742        0.0138670078        0.2265830474        0.2235005454        0.0431367592        0.0521841045        0.0428265567        0.2281403206        0.2218199985        0.0136295612        0.0102020903        0.0430900681        0.1576154556        0.1574927194        0.0430967389        0.0101285178        0.0135285838        0.2235991632        0.2263404420        0.0428087674        0.0530952737        0.0431189698        0.2217006668        0.2283622121        0.0137660304        0.0099651017        0.0433812127        0.1604398690        0.0000659046        0.0000670874
       28.1497630167        0.0553795048        0.0117059968        0.0246440624        0.0074035985        0.1412780773        0.1412273981        0.0117150003        0.0264709715        0.0116956718        0.1414007793        0.1412279471        0.0073988672        0.0246539918        0.0117034311        0.0553312288        0.0553312288        0.0117034311        0.0246539918        0.0073988672        0.1412279471        0.1414007793        0.0116956718        0.0264709715        0.0117150003        0.1412273981        0.1412780773        0.0074035985        0.0246440624        0.0117059968        0.0553795048        0.0000609881        0.0000609881
       28.3808041295        0.0689630151        0.0170233424        0.0310163902        0.0135087303        0.1749118601        0.1746801196        0.0170384672        0.0288054293        0.0170340326        0.1746444605        0.1749057969        0.0135123838        0.0310194918        0.0170142089        0.0689504972        0.0689504972        0.0170142089        0.0310194918        0.0135123838        0.1749057969        0.1746444605        0.0170340326        0.0288054293        0.0170384672        0.1746801196        0.1749118601        0.0135087303        0.0310163902        0.0170233424        0.0689630151        0.0000483190        0.0000483190
       28.6118452423        0.0669255859        0.0264293907        0.0462036713        0.0165316046        0.2047149216        0.2047336828        0.0264297288        0.0286872006        0.0264392404        0.2046481982        0.2047705246        0.0165327241        0.0461954997        0.0264291057        0.0669632738        0.0669632738        0.0264291057        0.0461954997        0.0165327241        0.2047705246        0.2046481982        0.0264392404        0.0286872006        0.0264297288        0.2047336828        0.2047149216        0.0165316046        0.0462036713        0.0264293907        0.0669255859        0.0000328268        0.0000328268
       28.8428863551        0.0445902718        0.0210658320        0.0281461715        0.0121145915        0.1366401444        0.1366770848        0.0210684407        0.0217077400        0.0210626054        0.1366975157        0.1366347189        0.0121145916        0.0281477020        0.0210700411        0.0445860377        0.0445871634        0.0210707230        0.0281455114        0.0121153996        0.1366251617        0.1367065169        0.0210620537        0.0217082307        0.0210678890        0.1366860860        0.1366305872        0.0121153995        0.0281439809        0.0210665140        0.0445913975        0.0000129489        0.0000129470
       29.0739274679        0.0367719528        0.0226691906        0.0212045769        0.0106969766        0.1162628909        0.1163566187        0.0226622308        0.0180221785        0.0226599084        0.1163714812        0.1162745151        0.0106972739        0.0212041980        0.0226704506        0.0367716489        0.0367716489        0.0226704506        0.0212041980        0.0106972739        0.1162745151        0.1163714812        0.0226599084        0.0180221785        0.0226622308        0.1163566187        0.1162628909        0.0106969766        0.0212045769        0.0226691906        0.0367719528        0.0000093280        0.0000093280
       29.3049685807        0.0000000000        0.0000000000        0.0000000000        0.0000000000        0.0000000000        0.0000000000        0.0000000000        0.0000000000        0.0000000000        0.0000000000        0.0000000000        0.0000000000        0.0000000000        0.0000000000        0.0000000000        0.0000000000        0.0000000000        0.0000000000        0.0000000000        0.0000000000        0.0000000000        0.0000000000        0.0000000000        0.0000000000        0.0000000000        0.0000000000        0.0000000000        0.0000000000        0.0000000000        0.0000000000        0.0000000000        0.0000000000
       29.5360096935        0.0049877641        0.0979813994        0.0035514686        0.1120680899        0.0100083616        0.0099757356        0.0982317164        0.0066284513        0.0979995485        0.0099907313        0.0099917449        0.1120827980        0.0035514186        0.0982185473        0.0049777136        0.0049777136        0.0982185473        0.0035514186        0.1120827980        0.0099917449        0.0099907313        0.0979995485        0.0066284513        0.0982317164        0.0099757356        0.0100083616        0.1120680899        0.0035514686        0.0979813994        0.0049877641        0.0001096490        0.0001096490
       29.7670508063        0.0068680933        0.1869056278        0.0433796780        0.1411890637        0.0561538604        0.0559069339        0.1865268957        0.0041863841        0.1870778573        0.0559528908        0.0561059462        0.1412042016        0.0435152626        0.1865285164        0.0068840009        0.0069074864        0.1865546724        0.0430399598        0.1421575749        0.0559355496        0.0566367707        0.1863520371        0.0041961245        0.1858010754        0.0565908138        0.0559834638        0.1421424370        0.0429043752        0.1869317838        0.0068915788        0.0002303262        0.0002290184
       29.9980919191        0.0188823396        0.1766848065        0.2148584460        0.0420061849        0.2277457963        0.2282410134        0.1772016672        0.0030989256        0.1769255270        0.2274058594        0.2287709002        0.0420888984        0.2134998872        0.1773860062        0.0191507013        0.0191507013        0.1773860062        0.2134998872        0.0420888984        0.2287709002        0.2274058594        0.1769255270        0.0030989256        0.1772016672        0.2282410134        0.2277457963        0.0420061849        0.2148584460        0.1766848065        0.0188823396        0.0002642094        0.0002642094
       30.2291330319        0.0155538010        0.4514292252        0.1706813170        0.0549154684        0.1590319064        0.1581771536        0.4459053784        0.0082490393        0.4512967567        0.1587980596        0.1580707330        0.0548001276        0.1716232755        0.4459957580        0.0154572829        0.0154602695        0.4464700030        0.1718806188        0.0547790332        0.1583225605        0.1587603819        0.4519794700        0.0082407573        0.4465880918        0.1581394759        0.1592837339        0.0548943740        0.1709386603        0.4519034702        0.0155567875        0.0004777715        0.0004759830
       30.4601741447        0.0108657394        0.2585497198        0.1653053377        0.1037170574        0.1888858713        0.1895437481        0.2580674679        0.0032072432        0.2585202606        0.1902529584        0.1891661800        0.1038638854        0.1652653331        0.2579022671        0.0108918270        0.0108882497        0.2581180180        0.1659151930        0.1031606323        0.1899977894        0.1896060140        0.2587143232        0.0032021229        0.2582615306        0.1888968037        0.1897174806        0.1030138043        0.1659551976        0.2587654707        0.0108621621        0.0003971485        0.0003965065
       30.6912152575        0.0087264040        0.0862443796        0.1557193811        0.0886212592        0.1474963534        0.1475373091        0.0865113180        0.0014596062        0.0862520683        0.1475650905        0.1476523256        0.0886362962        0.1556617723        0.0865502088        0.0087225224        0.0087225224        0.0865502088        0.1556617723        0.0886362962        0.1476523256        0.1475650905        0.0862520683        0.0014596062        0.0865113180        0.1475373091        0.1474963534        0.0886212592        0.1557193811        0.0862443796        0.0087264040        0.0002063100        0.0002063100
       30.9222563703        0.0181676345        0.1532424097        0.2312201731        0.4919636688        0.2231427592        0.2218264221        0.1517042935        0.0042737358        0.1528598783        0.2235289943        0.2223704651        0.4919229288        0.2321745985        0.1516548979        0.0180186743        0.0180186743        0.1516548979        0.2321745985        0.4919229288        0.2223704651        0.2235289943        0.1528598783        0.0042737358        0.1517042935        0.2218264221        0.2231427592        0.4919636688        0.2312201731        0.1532424097        0.0181676345        0.0006809697        0.0006809697
       31.1532974831        0.0189822955        0.1964928709        0.1664428793        0.4326237341        0.1794129614        0.1801267973        0.1969312952        0.0048508245        0.1965899079        0.1794088815        0.1801123498        0.4327306080        0.1658383747        0.1970612639        0.0190323627        0.0190323627        0.1970612639        0.1658383747        0.4327306080        0.1801123498        0.1794088815        0.1965899079        0.0048508245        0.1969312952        0.1801267973        0.1794129614        0.4326237341        0.1664428793        0.1964928709        0.0189822955        0.0008536799        0.0008536799
       31.3843385959        0.0055359311        0.0265605301        0.0373781076        0.0068368268        0.0406766894        0.0407097152        0.0265633216        0.0001094820        0.0265730143        0.0406828923        0.0406981787        0.0068399192        0.0373566616        0.0265582724        0.0055383090        0.0055383090        0.0265582724        0.0373566616        0.0068399192        0.0406981787        0.0406828923        0.0265730143        0.0001094820        0.0265633216        0.0407097152        0.0406766894        0.0068368268        0.0373781076        0.0265605301        0.0055359311        0.0000021669        0.0000021669
       31.6153797087        0.0000000000        0.0000000000        0.0000000000        0.0000000000        0.0000000000        0.0000000000        0.0000000000        0.0000000000        0.0000000000        0.0000000000        0.0000000000        0.0000000000        0.0000000000        0.0000000000        0.0000000000        0.0000000000        0.0000000000        0.0000000000        0.0000000000        0.0000000000        0.0000000000        0.0000000000        0.0000000000        0.0000000000        0.0000000000        0.0000000000        0.0000000000        0.0000000000        0.0000000000        0.0000000000        0.0000000000        0.0000000000
       31.8464208215        0.0000000000        0.0000000000        0.0000000000        0.0000000000        0.0000000000        0.0000000000        0.0000000000        0.0000000000        0.0000000000        0.0000000000        0.0000000000        0.0000000000        0.0000000000        0.0000000000        0.0000000000        0.0000000000        0.0000000000        0.0000000000        0.0000000000        0.0000000000        0.0000000000        0.0000000000        0.0000000000        0.0000000000        0.0000000000        0.0000000000        0.0000000000        0.0000000000        0.0000000000        0.0000000000        0.0000000000        0.0000000000
       32.0774619343        0.0000000000        0.0000000000        0.0000000000        0.0000000000        0.0000000000        0.0000000000        0.0000000000        0.0000000000        0.0000000000        0.0000000000        0.0000000000        0.0000000000        0.0000000000        0.0000000000        0.0000000000        0.0000000000        0.0000000000        0.0000000000        0.0000000000        0.0000000000        0.0000000000        0.0000000000        0.0000000000        0.0000000000        0.0000000000        0.0000000000        0.0000000000        0.0000000000        0.0000000000        0.0000000000        0.0000000000        0.0000000000
       32.3085030471        0.0000000000        0.0000000000        0.0000000000        0.0000000000        0.0000000000        0.0000000000        0.0000000000        0.0000000000        0.0000000000        0.0000000000        0.0000000000        0.0000000000        0.0000000000        0.0000000000        0.0000000000        0.0000000000        0.0000000000        0.0000000000        0.0000000000        0.0000000000        0.0000000000        0.0000000000        0.0000000000        0.0000000000        0.0000000000        0.0000000000        0.0000000000        0.0000000000        0.0000000000        0.0000000000        0.0000000000        0.0000000000
       32.5395441599        0.0000000000        0.0000000000        0.0000000000        0.0000000000        0.0000000000        0.0000000000        0.0000000000        0.0000000000        0.0000000000        0.0000000000        0.0000000000        0.0000000000        0.0000000000        0.0000000000        0.0000000000        0.0000000000        0.0000000000        0.0000000000        0.0000000000        0.0000000000        0.0000000000        0.0000000000        0.0000000000        0.0000000000        0.0000000000        0.0000000000        0.0000000000        0.0000000000        0.0000000000        0.0000000000        0.0000000000        0.0000000000
       32.7705852727        0.0000000000        0.0000000000        0.0000000000        0.0000000000        0.0000000000        0.0000000000        0.0000000000        0.0000000000        0.0000000000        0.0000000000        0.0000000000        0.0000000000        0.0000000000        0.0000000000        0.0000000000        0.0000000000        0.0000000000        0.0000000000        0.0000000000        0.0000000000        0.0000000000        0.0000000000        0.0000000000        0.0000000000        0.0000000000        0.0000000000        0.0000000000        0.0000000000        0.0000000000        0.0000000000        0.0000000000        0.0000000000
       33.0016263855        0.0000000000        0.0000000000        0.0000000000        0.0000000000        0.0000000000        0.0000000000        0.0000000000        0.0000000000        0.0000000000        0.0000000000        0.0000000000        0.0000000000        0.0000000000        0.0000000000        0.0000000000        0.0000000000        0.0000000000        0.0000000000        0.0000000000        0.0000000000        0.0000000000        0.0000000000        0.0000000000        0.0000000000        0.0000000000        0.0000000000        0.0000000000        0.0000000000        0.0000000000        0.0000000000        0.0000000000        0.0000000000
       33.2326674983        0.0957515552        0.0060620237        0.8984511688        0.0124077634        0.0682835617        0.0682544512        0.0060564104        1.7076684804        0.0060592942        0.0681611460        0.0681804853        0.0124148558        0.8986393546        0.0060550972        0.0957120793        0.0957120793        0.0060550972        0.8986393546        0.0124148558        0.0681804853        0.0681611460        0.0060592942        1.7076684804        0.0060564104        0.0682544512        0.0682835617        0.0124077634        0.8984511688        0.0060620237        0.0957515552        0.0001228667        0.0001228667
       33.4637086111        0.0000000000        0.0000000000        0.0000000000        0.0000000000        0.0000000000        0.0000000000        0.0000000000        0.0000000000        0.0000000000        0.0000000000        0.0000000000        0.0000000000        0.0000000000        0.0000000000        0.0000000000        0.0000000000        0.0000000000        0.0000000000        0.0000000000        0.0000000000        0.0000000000        0.0000000000        0.0000000000        0.0000000000        0.0000000000        0.0000000000        0.0000000000        0.0000000000        0.0000000000        0.0000000000        0.0000000000        0.0000000000
       33.6947497239        0.0000000000        0.0000000000        0.0000000000        0.0000000000        0.0000000000        0.0000000000        0.0000000000        0.0000000000        0.0000000000        0.0000000000        0.0000000000        0.0000000000        0.0000000000        0.0000000000        0.0000000000        0.0000000000        0.0000000000        0.0000000000        0.0000000000        0.0000000000        0.0000000000        0.0000000000        0.0000000000        0.0000000000        0.0000000000        0.0000000000        0.0000000000        0.0000000000        0.0000000000        0.0000000000        0.0000000000        0.0000000000
       33.9257908367        0.0000000000        0.0000000000        0.0000000000        0.0000000000        0.0000000000        0.0000000000        0.0000000000        0.0000000000        0.0000000000        0.0000000000        0.0000000000        0.0000000000        0.0000000000        0.0000000000        0.0000000000        0.0000000000        0.0000000000        0.0000000000        0.0000000000        0.0000000000        0.0000000000        0.0000000000        0.0000000000        0.0000000000        0.0000000000        0.0000000000        0.0000000000        0.0000000000        0.0000000000        0.0000000000        0.0000000000        0.0000000000
       34.1568319495        0.0000000000        0.0000000000        0.0000000000        0.0000000000        0.0000000000        0.0000000000        0.0000000000        0.0000000000        0.0000000000        0.0000000000        0.0000000000        0.0000000000        0.0000000000        0.0000000000        0.0000000000        0.0000000000        0.0000000000        0.0000000000        0.0000000000        0.0000000000        0.0000000000        0.0000000000        0.0000000000        0.0000000000        0.0000000000        0.0000000000        0.0000000000        0.0000000000        0.0000000000        0.0000000000        0.0000000000        0.0000000000
       34.3878730623        0.0000000000        0.0000000000        0.0000000000        0.0000000000        0.0000000000        0.0000000000        0.0000000000        0.0000000000        0.0000000000        0.0000000000        0.0000000000        0.0000000000        0.0000000000        0.0000000000        0.0000000000        0.0000000000        0.0000000000        0.0000000000        0.0000000000        0.0000000000        0.0000000000        0.0000000000        0.0000000000        0.0000000000        0.0000000000        0.0000000000        0.0000000000        0.0000000000        0.0000000000        0.0000000000        0.0000000000        0.0000000000
       34.6189141751        0.1907915641        0.0027689748        0.2641900047        0.0026175353        0.0070308690        0.0070375997        0.0027794756        1.2271012044        0.0027731955        0.0072603612        0.0072668353        0.0026084707        0.2640989671        0.0027816087        0.1908139699        0.1908139699        0.0027816087        0.2640989671        0.0026084707        0.0072668353        0.0072603612        0.0027731955        1.2271012044        0.0027794756        0.0070375997        0.0070308690        0.0026175353        0.2641900047        0.0027689748        0.1907915641        0.0000306574        0.0000306574
       34.8499552879        0.1327341826        0.0022892887        0.1873991275        0.0019540370        0.0071956791        0.0071977398        0.0022929025        0.8356161413        0.0022867626        0.0072002151        0.0071994775        0.0019410544        0.1872513074        0.0022890532        0.1327565329        0.1327565329        0.0022890532        0.1872513074        0.0019410544        0.0071994775        0.0072002151        0.0022867626        0.8356161413        0.0022929025        0.0071977398        0.0071956791        0.0019540370        0.1873991275        0.0022892887        0.1327341826        0.0000756909        0.0000756909
       35.0809964007        0.0000000000        0.0000000000        0.0000000000        0.0000000000        0.0000000000        0.0000000000        0.0000000000        0.0000000000        0.0000000000        0.0000000000        0.0000000000        0.0000000000        0.0000000000        0.0000000000        0.0000000000        0.0000000000        0.0000000000        0.0000000000        0.0000000000        0.0000000000        0.0000000000        0.0000000000        0.0000000000        0.0000000000        0.0000000000        0.0000000000        0.0000000000        0.0000000000        0.0000000000        0.0000000000        0.0000000000        0.0000000000
       35.3120375135        0.0000000000        0.0000000000        0.0000000000        0.0000000000        0.0000000000        0.0000000000        0.0000000000        0.0000000000        0.0000000000        0.0000000000        0.0000000000        0.0000000000        0.0000000000        0.0000000000        0.0000000000        0.0000000000        0.0000000000        0.0000000000        0.0000000000        0.0000000000        0.0000000000        0.0000000000        0.0000000000        0.0000000000        0.0000000000        0.0000000000        0.0000000000        0.0000000000        0.0000000000        0.0000000000        0.0000000000        0.0000000000
       35.5430786263        0.0000000000        0.0000000000        0.0000000000        0.0000000000        0.0000000000        0.0000000000        0.0000000000        0.0000000000        0.0000000000        0.0000000000        0.0000000000        0.0000000000        0.0000000000        0.0000000000        0.0000000000        0.0000000000        0.0000000000        0.0000000000        0.0000000000        0.0000000000        0.0000000000        0.0000000000        0.0000000000        0.0000000000        0.0000000000        0.0000000000        0.0000000000        0.0000000000        0.0000000000        0.0000000000        0.0000000000        0.0000000000
       35.7741197391        0.0000000000        0.0000000000        0.0000000000        0.0000000000        0.0000000000        0.0000000000        0.0000000000        0.0000000000        0.0000000000        0.0000000000        0.0000000000        0.0000000000        0.0000000000        0.0000000000        0.0000000000        0.0000000000        0.0000000000        0.0000000000        0.0000000000        0.0000000000        0.0000000000        0.0000000000        0.0000000000        0.0000000000        0.0000000000        0.0000000000        0.0000000000        0.0000000000        0.0000000000        0.0000000000        0.0000000000        0.0000000000
       36.0051608519        0.0000000000        0.0000000000        0.0000000000        0.0000000000        0.0000000000        0.0000000000        0.0000000000        0.0000000000        0.0000000000        0.0000000000        0.0000000000        0.0000000000        0.0000000000        0.0000000000        0.0000000000        0.0000000000        0.0000000000        0.0000000000        0.0000000000        0.0000000000        0.0000000000        0.0000000000        0.0000000000        0.0000000000        0.0000000000        0.0000000000        0.0000000000        0.0000000000        0.0000000000        0.0000000000        0.0000000000        0.0000000000
       36.2362019647        0.0000000000        0.0000000000        0.0000000000        0.0000000000        0.0000000000        0.0000000000        0.0000000000        0.0000000000        0.0000000000        0.0000000000        0.0000000000        0.0000000000        0.0000000000        0.0000000000        0.0000000000        0.0000000000        0.0000000000        0.0000000000        0.0000000000        0.0000000000        0.0000000000        0.0000000000        0.0000000000        0.0000000000        0.0000000000        0.0000000000        0.0000000000        0.0000000000        0.0000000000        0.0000000000        0.0000000000        0.0000000000
       36.4672430775        0.0000000000        0.0000000000        0.0000000000        0.0000000000        0.0000000000        0.0000000000        0.0000000000        0.0000000000        0.0000000000        0.0000000000        0.0000000000        0.0000000000        0.0000000000        0.0000000000        0.0000000000        0.0000000000        0.0000000000        0.0000000000        0.0000000000        0.0000000000        0.0000000000        0.0000000000        0.0000000000        0.0000000000        0.0000000000        0.0000000000        0.0000000000        0.0000000000        0.0000000000        0.0000000000        0.0000000000        0.0000000000
       36.6982841903        0.0000000000        0.0000000000        0.0000000000        0.0000000000        0.0000000000        0.0000000000        0.0000000000        0.0000000000        0.0000000000        0.0000000000        0.0000000000        0.0000000000        0.0000000000        0.0000000000        0.0000000000        0.0000000000        0.0000000000        0.0000000000        0.0000000000        0.0000000000        0.0000000000        0.0000000000        0.0000000000        0.0000000000        0.0000000000        0.0000000000        0.0000000000        0.0000000000        0.0000000000        0.0000000000        0.0000000000        0.0000000000
       36.9293253031        0.0000000000        0.0000000000        0.0000000000        0.0000000000        0.0000000000        0.0000000000        0.0000000000        0.0000000000        0.0000000000        0.0000000000        0.0000000000        0.0000000000        0.0000000000        0.0000000000        0.0000000000        0.0000000000        0.0000000000        0.0000000000        0.0000000000        0.0000000000        0.0000000000        0.0000000000        0.0000000000        0.0000000000        0.0000000000        0.0000000000        0.0000000000        0.0000000000        0.0000000000        0.0000000000        0.0000000000        0.0000000000
       37.1603664159        0.0000000000        0.0000000000        0.0000000000        0.0000000000        0.0000000000        0.0000000000        0.0000000000        0.0000000000        0.0000000000        0.0000000000        0.0000000000        0.0000000000        0.0000000000        0.0000000000        0.0000000000        0.0000000000        0.0000000000        0.0000000000        0.0000000000        0.0000000000        0.0000000000        0.0000000000        0.0000000000        0.0000000000        0.0000000000        0.0000000000        0.0000000000        0.0000000000        0.0000000000        0.0000000000        0.0000000000        0.0000000000
       37.3914075287        0.0000000000        0.0000000000        0.0000000000        0.0000000000        0.0000000000        0.0000000000        0.0000000000        0.0000000000        0.0000000000        0.0000000000        0.0000000000        0.0000000000        0.0000000000        0.0000000000        0.0000000000        0.0000000000        0.0000000000        0.0000000000        0.0000000000        0.0000000000        0.0000000000        0.0000000000        0.0000000000        0.0000000000        0.0000000000        0.0000000000        0.0000000000        0.0000000000        0.0000000000        0.0000000000        0.0000000000        0.0000000000
       37.6224486415        0.0000000000        0.0000000000        0.0000000000        0.0000000000        0.0000000000        0.0000000000        0.0000000000        0.0000000000        0.0000000000        0.0000000000        0.0000000000        0.0000000000        0.0000000000        0.0000000000        0.0000000000        0.0000000000        0.0000000000        0.0000000000        0.0000000000        0.0000000000        0.0000000000        0.0000000000        0.0000000000        0.0000000000        0.0000000000        0.0000000000        0.0000000000        0.0000000000        0.0000000000        0.0000000000        0.0000000000        0.0000000000
       37.8534897543        0.0000000000        0.0000000000        0.0000000000        0.0000000000        0.0000000000        0.0000000000        0.0000000000        0.0000000000        0.0000000000        0.0000000000        0.0000000000        0.0000000000        0.0000000000        0.0000000000        0.0000000000        0.0000000000        0.0000000000        0.0000000000        0.0000000000        0.0000000000        0.0000000000        0.0000000000        0.0000000000        0.0000000000        0.0000000000        0.0000000000        0.0000000000        0.0000000000        0.0000000000        0.0000000000        0.0000000000        0.0000000000
       38.0845308671        0.0000000000        0.0000000000        0.0000000000        0.0000000000        0.0000000000        0.0000000000        0.0000000000        0.0000000000        0.0000000000        0.0000000000        0.0000000000        0.0000000000        0.0000000000        0.0000000000        0.0000000000        0.0000000000        0.0000000000        0.0000000000        0.0000000000        0.0000000000        0.0000000000        0.0000000000        0.0000000000        0.0000000000        0.0000000000        0.0000000000        0.0000000000        0.0000000000        0.0000000000        0.0000000000        0.0000000000        0.0000000000
       38.3155719799        0.0000000000        0.0000000000        0.0000000000        0.0000000000        0.0000000000        0.0000000000        0.0000000000        0.0000000000        0.0000000000        0.0000000000        0.0000000000        0.0000000000        0.0000000000        0.0000000000        0.0000000000        0.0000000000        0.0000000000        0.0000000000        0.0000000000        0.0000000000        0.0000000000        0.0000000000        0.0000000000        0.0000000000        0.0000000000        0.0000000000        0.0000000000        0.0000000000        0.0000000000        0.0000000000        0.0000000000        0.0000000000
       38.5466130927        0.0000000000        0.0000000000        0.0000000000        0.0000000000        0.0000000000        0.0000000000        0.0000000000        0.0000000000        0.0000000000        0.0000000000        0.0000000000        0.0000000000        0.0000000000        0.0000000000        0.0000000000        0.0000000000        0.0000000000        0.0000000000        0.0000000000        0.0000000000        0.0000000000        0.0000000000        0.0000000000        0.0000000000        0.0000000000        0.0000000000        0.0000000000        0.0000000000        0.0000000000        0.0000000000        0.0000000000        0.0000000000
       38.7776542055        0.0000000000        0.0000000000        0.0000000000        0.0000000000        0.0000000000        0.0000000000        0.0000000000        0.0000000000        0.0000000000        0.0000000000        0.0000000000        0.0000000000        0.0000000000        0.0000000000        0.0000000000        0.0000000000        0.0000000000        0.0000000000        0.0000000000        0.0000000000        0.0000000000        0.0000000000        0.0000000000        0.0000000000        0.0000000000        0.0000000000        0.0000000000        0.0000000000        0.0000000000        0.0000000000        0.0000000000        0.0000000000
