96   
24   

1    
  0.0085355427116908   0.0026019690238905   0.0045137864167035
  -0.0704991300   -0.0183375700   -0.0676802100
  -0.0001374200   -0.0000653200   -0.0166594900
   0.0009599800   -0.0006370600   -0.0171252000
  -0.0002245100   -0.0000675300   -0.0166427700
   0.0009589600    0.0007805600   -0.0163089700
  -0.0002256900    0.0000642100   -0.0165701800
   0.0020759200   -0.0004758400   -0.0163370400
   0.0001496800   -0.0000329200   -0.0165424800
   0.0001498200    0.0000731600    0.0001850300
   0.0002127800    0.0000724700    0.0003311700
  -0.0002061300   -0.0000297900    0.0005534600
  -0.0001903100    0.0003126200    0.0002455900
  -0.0000813100    0.0000639800    0.0003650800
  -0.0003101500   -0.0002751300    0.0000605800
  -0.0014602100    0.0000575000   -0.0008426500
  -0.0004202000    0.0000563000    0.0010675200
   0.0000476000   -0.0115698200    0.0054257200
   0.0000531900   -0.0120254300    0.0061649200
   0.0001749200   -0.0117945200    0.0057579900
  -0.0001688200   -0.0115788900    0.0056631400
   0.0011257900   -0.0121658900    0.0056275900
   0.0007658700   -0.0115737200    0.0058836100
  -0.0001868100   -0.0115983000    0.0057349300
  -0.0002046800   -0.0115312400    0.0057913800
   0.0016425000   -0.0126429500    0.0060785400
   0.0000693200   -0.0113258400    0.0001828900
   0.0000561800   -0.0103902700    0.0001502300
   0.0000074700   -0.0113219000    0.0001609700
   0.0037941800   -0.0105218700    0.0016407900
   0.0000206800   -0.0113020400    0.0002161700
   0.0000686700   -0.0103887800    0.0003013800
   0.0000231200   -0.0113271000    0.0001975600
   0.0001128200    0.0115234600    0.0053532000
  -0.0000164000    0.0119797200    0.0060950900
   0.0012349000    0.0122581100    0.0055641200
   0.0006550400    0.0116592300    0.0058225800
  -0.0001172200    0.0117832900    0.0057049300
   0.0001264700    0.0115709900    0.0056120100
  -0.0001853200    0.0116218000    0.0057405900
  -0.0002015600    0.0115542200    0.0058001800
   0.0016698700    0.0171172600    0.0114475900
   0.0000689800    0.0113677700    0.0001898900
   0.0037988100    0.0121835300    0.0025235200
   0.0000259200    0.0113083800    0.0002652200
   0.0000500600    0.0110404200   -0.0000242200
   0.0000016500    0.0113313500    0.0001239200
   0.0000702200    0.0109755000    0.0000685000
   0.0000249200    0.0113100300    0.0001626300
   0.0242929700    0.0008468100    0.0126756900
   0.0111441300   -0.0000202400    0.0017483000
   0.0106007100    0.0001976700    0.0017913100
   0.0112289800   -0.0000963400    0.0016067100
   0.0109518500    0.0002955800    0.0014788200
   0.0112023900    0.0000809000    0.0016335000
   0.0106253800    0.0000995400    0.0017175300
   0.0109477100   -0.0000283200    0.0015940000
  -0.0107026800   -0.0000258200    0.0016010600
  -0.0047394600    0.0008624600   -0.0014822500
  -0.0108125800   -0.0000174900    0.0015007900
  -0.0098846600    0.0007325500    0.0022201800
  -0.0107879600    0.0000008600    0.0015214000
  -0.0102338900   -0.0002439300    0.0019067500
  -0.0109448400   -0.0000228400    0.0016157700
  -0.0108931300    0.0001010700    0.0012963100
  -0.0117816000   -0.0002461200    0.0051668800
  -0.0118354600    0.0000131900    0.0031881200
  -0.0079993200    0.0031847000    0.0081457000
  -0.0118391000    0.0001017800    0.0037797000
  -0.0099462000   -0.0000928900    0.0071347200
  -0.0119179500   -0.0000722600    0.0038106500
  -0.0104363000    0.0000162600    0.0077439300
  -0.0120837500   -0.0000990500    0.0034801600
   0.0120504700    0.0000178100    0.0047430200
   0.0128645800   -0.0002413500    0.0071406600
   0.0118431700   -0.0002044900    0.0039924000
   0.0117864100   -0.0014127900    0.0030315200
   0.0119185200    0.0002298500    0.0040313700
   0.0135386300    0.0041740300    0.0020536100
   0.0121083500   -0.0001049000    0.0043644900
   0.0111608300    0.0000128000    0.0047441400
   0.0067238000    0.0000401900   -0.0047219900
   0.0003769200    0.0000351700   -0.0034889200
   0.0021620500    0.0027402200   -0.0005224000
  -0.0010154900    0.0000799300   -0.0030942300
   0.0014123300   -0.0020597500   -0.0009209000
  -0.0009519700   -0.0000509300   -0.0031691100
  -0.0005727300    0.0004465500   -0.0057229700
  -0.0007692300    0.0002049900   -0.0031959500
   0.0012086300    0.0000405600   -0.0030927900
   0.0085152400    0.0000516300    0.0040831700
   0.0006062800   -0.0001252300   -0.0035241700
   0.0010425200   -0.0011517600   -0.0039911300
   0.0005526800    0.0001567000   -0.0035989900
   0.0017853700    0.0018235700   -0.0043761500
   0.0011601700    0.0002072500   -0.0034409200
   0.0009767800    0.0004357000   -0.0017264500

1    
 -0.0085355427116908  -0.0026019690238905  -0.0045137864167035
   0.0699398400    0.0184279400    0.0339604600
   0.0001434400    0.0000684300   -0.0166769200
  -0.0009597000    0.0006374400   -0.0162016900
   0.0002253000    0.0000661900   -0.0166932700
  -0.0009597500   -0.0007805600   -0.0170239700
   0.0002228100   -0.0000623000   -0.0167719700
  -0.0020784000    0.0004679600   -0.0170017300
  -0.0001537900    0.0000276900   -0.0167972100
  -0.0001539200   -0.0000646800    0.0002905900
  -0.0002152300   -0.0000653600    0.0001395400
   0.0002082400    0.0000348000   -0.0000806800
   0.0001849200   -0.0003066800    0.0002283600
   0.0000855800   -0.0000701700    0.0001054500
   0.0003095800    0.0002747800    0.0004138800
   0.0014384600   -0.0000632000    0.0013002800
   0.0004166600   -0.0000645200   -0.0005961400
  -0.0000472000   -0.0118085800    0.0060499800
  -0.0000581900   -0.0113458500    0.0053013500
  -0.0001769500   -0.0115907800    0.0057248600
   0.0001653400   -0.0118051400    0.0058158400
  -0.0010962300   -0.0112295300    0.0058675100
  -0.0007789500   -0.0118200300    0.0056050000
   0.0001856300   -0.0117883000    0.0057568500
   0.0002035000   -0.0118605900    0.0056941900
  -0.0015971600   -0.0100263900   -0.0055958600
  -0.0000699400   -0.0113398300    0.0002556100
  -0.0000465500   -0.0122721600    0.0002817500
  -0.0000026500   -0.0113443200    0.0002714000
  -0.0037844300   -0.0121251200   -0.0012029000
  -0.0000274100   -0.0113625000    0.0002264800
  -0.0000689400   -0.0122774300    0.0001329800
  -0.0000280900   -0.0113394400    0.0002348500
  -0.0001164000    0.0118579500    0.0061266100
   0.0000084200    0.0113951300    0.0053812600
  -0.0012029000    0.0111406800    0.0059234800
  -0.0006693300    0.0117272100    0.0056619300
   0.0001167300    0.0116020700    0.0057830000
  -0.0001297900    0.0118170700    0.0058772800
   0.0001887500    0.0117611800    0.0057416600
   0.0002031200    0.0118336500    0.0056815900
  -0.0015661800    0.0053452400   -0.0113531000
  -0.0000698600    0.0112964600    0.0002470100
  -0.0037817500    0.0105822100   -0.0018884100
  -0.0000235000    0.0113526300    0.0001733900
  -0.0000498400    0.0116328200    0.0004548100
  -0.0000072000    0.0113377600    0.0003134700
  -0.0000692000    0.0116823400    0.0003760500
  -0.0000266100    0.0113578400    0.0002725300
  -0.0011799600   -0.0008701100   -0.0086320000
   0.0108632200    0.0000222600    0.0014671100
   0.0114076200   -0.0001940300    0.0014271700
   0.0107797000    0.0000932800    0.0016045100
   0.0110564500   -0.0002999800    0.0017433300
   0.0108075900   -0.0000766400    0.0015796600
   0.0113857200   -0.0000960600    0.0015005200
   0.0110588700    0.0000266200    0.0016193800
  -0.0112933500    0.0000179500    0.0016163300
  -0.0174118400   -0.0008514900    0.0048433400
  -0.0111925800    0.0000105100    0.0017156200
  -0.0121311800   -0.0007495500    0.0009858600
  -0.0112220300    0.0000046000    0.0016866100
  -0.0117767600    0.0002509400    0.0013067600
  -0.0110591100    0.0000308700    0.0015961400
  -0.0111184300   -0.0000991000    0.0019189900
  -0.0120645600    0.0002455300    0.0028117500
  -0.0120133700   -0.0000161300    0.0047764200
  -0.0156977200   -0.0029481300   -0.0001438900
  -0.0120206100   -0.0001098700    0.0041810900
  -0.0139445400    0.0001874300    0.0008156700
  -0.0119381600    0.0000817400    0.0041477400
  -0.0134190500   -0.0000182300    0.0002468200
  -0.0117758600    0.0001016100    0.0044778700
   0.0118026700   -0.0000126600    0.0032140600
   0.0109798900    0.0002447000    0.0008180800
   0.0120203200    0.0001997100    0.0039604900
   0.0120838100    0.0014185600    0.0049386900
   0.0119321500   -0.0002318300    0.0039344400
   0.0101462400   -0.0045100100    0.0059266000
   0.0117610700    0.0000972400    0.0035872300
   0.0127038900   -0.0000163000    0.0031982200
  -0.0086104100   -0.0000530600   -0.0020345400
  -0.0025588100   -0.0000362200   -0.0031674200
  -0.0042679300   -0.0027032600   -0.0061076800
  -0.0011201800   -0.0000793600   -0.0035666600
  -0.0035299900    0.0020400500   -0.0057349100
  -0.0011753600    0.0000498300   -0.0034884100
  -0.0015515800   -0.0004322200   -0.0009633000
  -0.0013592200   -0.0002107200   -0.0034683800
   0.0009335100   -0.0000310000   -0.0035726800
  -0.0071881800   -0.0000360700   -0.0111983700
   0.0015225600    0.0001291100   -0.0031386000
   0.0010971200    0.0011380400   -0.0026971700
   0.0015787400   -0.0001562900   -0.0030616000
   0.0003516400   -0.0018098600   -0.0023049400
   0.0009750800   -0.0002078100   -0.0032109500
   0.0011426700   -0.0004485700   -0.0049423600

9    
  0.0085355427116908   0.0026019690238905   0.0045137864167035
   0.0001446900    0.0000680800   -0.0167070000
   0.0002199700    0.0000693300   -0.0165891300
  -0.0001693700   -0.0000229100   -0.0164308700
  -0.0002235700    0.0003791100   -0.0166249800
  -0.0000651800    0.0000581800   -0.0165704300
  -0.0003312500   -0.0003458000   -0.0167661300
  -0.0014239100    0.0000598300   -0.0177520200
  -0.0004288300    0.0000615000   -0.0158086400
  -0.0793178500   -0.0258966800   -0.0700379300
  -0.0001359600   -0.0000115600    0.0002805000
   0.0003991700   -0.0007644200   -0.0010454400
  -0.0001153600   -0.0000310200    0.0002572800
   0.0003988100    0.0006567200   -0.0002265700
  -0.0001158900    0.0000186600    0.0002855200
   0.0010947400   -0.0001968000    0.0001922500
   0.0000241900   -0.0000025600    0.0002890200
  -0.0003115100   -0.0015719500    0.0243693800
   0.0000057700   -0.0116937700    0.0057261700
   0.0020296500   -0.0057344600    0.0172690300
   0.0000353600   -0.0117052600    0.0057569200
   0.0000823600   -0.0117223200    0.0058151900
   0.0000009400   -0.0116914300    0.0056928200
   0.0000625200   -0.0117602400    0.0058247300
   0.0000099200   -0.0117051700    0.0056847900
   0.0001336700   -0.0115061800   -0.0002539500
   0.0000050000   -0.0110601300    0.0006810600
   0.0010230800   -0.0107583400    0.0001023300
   0.0005714300   -0.0115877200    0.0002300400
  -0.0000997200   -0.0112743000    0.0002161400
   0.0002022100   -0.0113812300    0.0000639800
  -0.0001285300   -0.0113293800    0.0002470400
  -0.0001054600   -0.0114281000    0.0002830800
  -0.0002699700    0.0072063300    0.0147929900
   0.0000047500    0.0117132300    0.0056967100
   0.0000798400    0.0121441300    0.0058684600
   0.0000002200    0.0116881600    0.0057092900
   0.0020105900    0.0094640400    0.0114290000
   0.0000356200    0.0116990200    0.0057268800
   0.0000641900    0.0120805000    0.0058992800
   0.0000111200    0.0116842700    0.0057018700
   0.0000585900    0.0114776100   -0.0001626100
   0.0000806500    0.0110303200    0.0007751500
   0.0001794600    0.0112799100    0.0003262000
  -0.0000777100    0.0113851800    0.0001759200
   0.0009469300    0.0107801700    0.0001494400
   0.0006465300    0.0116108400    0.0002785100
  -0.0001050200    0.0113400200    0.0002565900
  -0.0001290500    0.0114392600    0.0002940200
   0.0107529900    0.0001190700    0.0016782200
   0.0109049400   -0.0000077900    0.0016163800
   0.0110198700    0.0001911200    0.0016215600
   0.0111150800    0.0000316300    0.0015930000
   0.0108882100    0.0000638300    0.0018248700
   0.0111438800   -0.0000397700    0.0015719900
   0.0282624300    0.0003218400    0.0160243600
   0.0110531800   -0.0000178300    0.0016990200
  -0.0110102800    0.0001211300    0.0012469200
  -0.0109707300   -0.0000091000    0.0015862300
  -0.0105427100   -0.0001832300    0.0017565800
  -0.0108548000   -0.0000107400    0.0015850900
  -0.0104114200    0.0004386200    0.0019592600
  -0.0108848300    0.0000028900    0.0015635600
  -0.0023142700    0.0002882600   -0.0048833200
  -0.0108765900   -0.0000170900    0.0015439600
  -0.0035783600   -0.0000915900    0.0009699200
  -0.0102342400   -0.0000251300    0.0034454100
  -0.0096974600    0.0018586700    0.0060724600
  -0.0119452300    0.0001445900    0.0040603800
  -0.0101590700   -0.0013429000    0.0056755400
  -0.0119371100   -0.0001716800    0.0040301200
  -0.0116690900    0.0004647100    0.0022188900
  -0.0117264700    0.0000449400    0.0041475300
   0.0248759000   -0.0001111600    0.0138100900
   0.0125026900   -0.0000265400    0.0042353300
   0.0120697500   -0.0006344600    0.0036822200
   0.0114464100   -0.0002608600    0.0038414500
   0.0125361100    0.0011532500    0.0032769400
   0.0114367500    0.0002337600    0.0038123200
   0.0119014000    0.0004730600    0.0051395400
   0.0119218000    0.0000434400    0.0037480800
  -0.0011300400   -0.0001303200   -0.0025665500
  -0.0012115500    0.0000276300   -0.0039123000
   0.0056501800    0.0091074200   -0.0007989500
  -0.0010429600    0.0001582300   -0.0033421800
   0.0018115400   -0.0029029300   -0.0011709900
  -0.0011255300   -0.0000611800   -0.0033044600
  -0.0000296500    0.0000058200   -0.0004481400
  -0.0010206300   -0.0000140000   -0.0035413300
   0.0018962500   -0.0001308800   -0.0011395300
   0.0011179700    0.0000283000   -0.0027128200
   0.0026416400   -0.0037145400   -0.0039484300
   0.0010681700   -0.0001445700   -0.0033209700
   0.0066798800    0.0102775100   -0.0043271900
   0.0011558300    0.0002454800   -0.0032830700
   0.0002643500    0.0000043000   -0.0026001900
   0.0012479900   -0.0000139200   -0.0031087900

9    
 -0.0085355427116908  -0.0026019690238905  -0.0045137864167035
  -0.0001434200   -0.0000660400   -0.0166263100
  -0.0002192800   -0.0000711400   -0.0167465700
   0.0001625900    0.0000206900   -0.0168991600
   0.0002248900   -0.0003810300   -0.0167087300
   0.0000612600   -0.0000547400   -0.0167601700
   0.0003299500    0.0003451200   -0.0165747700
   0.0014458400   -0.0000648000   -0.0155614700
   0.0004352900   -0.0000562500   -0.0175203600
   0.0797105800    0.0258473300    0.0708127700
   0.0001370700    0.0000130400    0.0001936900
  -0.0004080500    0.0007570500    0.0015119700
   0.0001213400    0.0000329900    0.0002193200
  -0.0004056000   -0.0006500200    0.0006976000
   0.0001186200   -0.0000210900    0.0001911300
  -0.0010959200    0.0001929500    0.0002839800
  -0.0000193300    0.0000013800    0.0001891400
   0.0001536600   -0.0216341800   -0.0125843700
  -0.0000023100   -0.0116927700    0.0057600600
  -0.0019690900   -0.0177777700   -0.0060042900
  -0.0000311700   -0.0116794900    0.0057247200
  -0.0000798400   -0.0116689300    0.0056777400
  -0.0000006000   -0.0116957900    0.0057914300
  -0.0000714000   -0.0116166900    0.0056539000
  -0.0000054800   -0.0116851000    0.0058037800
  -0.0001311400   -0.0111486200    0.0006893800
  -0.0000017800   -0.0115984700   -0.0002372900
  -0.0010366100   -0.0119093500    0.0003313600
  -0.0005697400   -0.0110766500    0.0002069100
   0.0001035500   -0.0113804200    0.0002191900
  -0.0002039800   -0.0112888700    0.0003719400
   0.0001279500   -0.0113291600    0.0001774900
   0.0001116000   -0.0112321700    0.0001551400
   0.0001927700    0.0161926400   -0.0034010100
  -0.0000010300    0.0116737700    0.0057909200
  -0.0000860600    0.0112389300    0.0056180200
   0.0000030200    0.0116981300    0.0057740200
  -0.0019857900    0.0139032100    0.0001329900
  -0.0000352800    0.0116866000    0.0057556600
  -0.0000690200    0.0112967600    0.0055785300
  -0.0000065400    0.0117054000    0.0057852500
  -0.0000571300    0.0111772400    0.0005884100
  -0.0000762300    0.0116240100   -0.0003263500
  -0.0001785700    0.0113814600    0.0001078500
   0.0000743100    0.0112767300    0.0002636700
  -0.0009578700    0.0118811500    0.0002817800
  -0.0006463200    0.0110613000    0.0001574700
   0.0001058400    0.0113194400    0.0001733800
   0.0001346400    0.0112248100    0.0001428900
   0.0112694300   -0.0001204300    0.0015420400
   0.0111052200    0.0000036000    0.0015949500
   0.0110062200   -0.0001845200    0.0015948300
   0.0108935600   -0.0000321900    0.0016229800
   0.0111407200   -0.0000701700    0.0013979800
   0.0108658800    0.0000400200    0.0016392800
  -0.0071992200   -0.0002773200   -0.0135462400
   0.0109559400    0.0000225100    0.0015123900
  -0.0109978800   -0.0001240300    0.0019647900
  -0.0110542300    0.0000093800    0.0016376700
  -0.0114701400    0.0001901200    0.0014496100
  -0.0111628000    0.0000077800    0.0016381700
  -0.0116025300   -0.0004442600    0.0012451400
  -0.0111389200    0.0000005200    0.0016640100
  -0.0196184400   -0.0003066100    0.0079686000
  -0.0111515600    0.0000160800    0.0016778400
  -0.0204464000    0.0001098400    0.0070861100
  -0.0135957000    0.0000280900    0.0045086300
  -0.0141493900   -0.0018703700    0.0018690000
  -0.0119028000   -0.0001444100    0.0038913500
  -0.0136740600    0.0013505300    0.0022785000
  -0.0119180100    0.0001700800    0.0039240300
  -0.0121808500   -0.0004737500    0.0057519100
  -0.0121173900   -0.0000448400    0.0038170600
  -0.0002500000    0.0000884000   -0.0054370100
   0.0113443900    0.0000185500    0.0037199700
   0.0117776600    0.0006480400    0.0042998300
   0.0124010500    0.0002657700    0.0041136100
   0.0113145500   -0.0011651500    0.0046983300
   0.0123999100   -0.0002400000    0.0041396000
   0.0119526700   -0.0004632200    0.0028027000
   0.0119200000   -0.0000382200    0.0042127400
  -0.0009953100    0.0001379300   -0.0041099800
  -0.0009344600   -0.0000278300   -0.0027475400
  -0.0079214600   -0.0094054800   -0.0058661200
  -0.0010905000   -0.0001551200   -0.0033229200
  -0.0038742500    0.0028404800   -0.0054797300
  -0.0010092300    0.0000554700   -0.0033621300
  -0.0020933500   -0.0000111300   -0.0062275900
  -0.0011121800    0.0000142800   -0.0031140600
   0.0002310200    0.0001271000   -0.0055352500
   0.0010030300   -0.0000248600   -0.0039564700
  -0.0005484700    0.0037295400   -0.0027248500
   0.0010582600    0.0001480100   -0.0033466200
  -0.0043899000   -0.0099365600   -0.0023540500
   0.0009683800   -0.0002436700   -0.0033837000
   0.0018636000   -0.0000022200   -0.0040512000
   0.0008677500    0.0000116700   -0.0035608000

17   
  0.0085355427116908   0.0026019690238905   0.0045137864167035
  -0.0000731200   -0.0000740200   -0.0166389700
   0.0001790700    0.0001528900   -0.0167471500
  -0.0000047500    0.0005140400   -0.0166719800
   0.0000157100   -0.0004417300   -0.0167639600
   0.0007726700   -0.0000794800   -0.0163954300
   0.0011152900    0.0002787800   -0.0172371500
  -0.0002183200    0.0000086200   -0.0165635000
  -0.0001673900    0.0000012500   -0.0165878400
  -0.0001564700    0.0108182700    0.0180576200
   0.0000042800    0.0000364600    0.0002023500
   0.0019586500    0.0071597400    0.0113702500
   0.0000351300    0.0000237100    0.0002304900
   0.0000793300    0.0001699600    0.0001994300
   0.0000010600   -0.0000173800    0.0001967100
   0.0000618000    0.0000934200    0.0002268100
   0.0000086000   -0.0000265200    0.0001877400
  -0.0858418000   -0.0608473200   -0.0522003500
  -0.0000916000   -0.0116557900    0.0058018100
   0.0004390200   -0.0124213800    0.0044319700
  -0.0000253100   -0.0117051100    0.0057329400
   0.0009156400   -0.0116444900    0.0056364800
   0.0000574100   -0.0116586700    0.0058377600
   0.0005724400   -0.0124917500    0.0060774800
  -0.0000387000   -0.0116858500    0.0057749100
   0.0004767200   -0.0112259400    0.0001849300
   0.0008631100   -0.0115482300    0.0004791000
  -0.0000161700   -0.0111660700    0.0005873700
   0.0001482800   -0.0116084800   -0.0001539100
   0.0001835200   -0.0113856700    0.0000974300
  -0.0000970800   -0.0113913300    0.0003736300
  -0.0001249900   -0.0112177100    0.0002120000
  -0.0001435200   -0.0112917700    0.0002422900
  -0.0001700200    0.0222643800    0.0063525200
   0.0000837200    0.0116933400    0.0058110300
   0.0001592200    0.0115870800    0.0062170000
   0.0000069200    0.0116729900    0.0057687300
   0.0001584300    0.0116862000    0.0062750200
   0.0000069000    0.0117025500    0.0057847400
   0.0025647800    0.0173293900    0.0067581500
   0.0000528900    0.0116749400    0.0057737500
  -0.0001206200    0.0112623800    0.0003505100
  -0.0000750100    0.0114299500    0.0002829500
   0.0001078900    0.0113682200    0.0002998900
   0.0000325500    0.0112399400    0.0002733700
  -0.0000619000    0.0114135100    0.0000198000
   0.0000295200    0.0114037200    0.0002610500
  -0.0003728100    0.0118487700    0.0006377400
  -0.0011161400    0.0105794500   -0.0002104900
   0.0110457900   -0.0003719000    0.0015379600
   0.0110860200   -0.0000103300    0.0015673700
   0.0114575700    0.0002424700    0.0015902300
   0.0111125200   -0.0000356000    0.0015625600
   0.0213410000   -0.0064657600   -0.0013293000
   0.0112429000   -0.0000139300    0.0015455400
   0.0115920700    0.0001188100    0.0020825700
   0.0110291200   -0.0000480800    0.0016463900
  -0.0112237100    0.0000512200    0.0017601200
  -0.0110889600    0.0000160000    0.0016003800
  -0.0109467700   -0.0001044600    0.0017371700
  -0.0109040100   -0.0000155200    0.0016466700
   0.0103913700    0.0147171700    0.0096926500
  -0.0108900000    0.0000814700    0.0016292300
  -0.0110703200    0.0000740400    0.0017853600
  -0.0109697800    0.0000203900    0.0015096900
  -0.0000588700    0.0076560500    0.0081277900
  -0.0113883900    0.0000566000    0.0039011500
  -0.0119578300   -0.0001072700    0.0031591200
  -0.0123448800   -0.0000613500    0.0038691300
  -0.0118343100    0.0008699500    0.0047418900
  -0.0118916100   -0.0001500100    0.0038221700
  -0.0114883100   -0.0014674300    0.0046500300
  -0.0123528300   -0.0002150600    0.0040113700
   0.0202757600   -0.0022937700    0.0028045000
   0.0135648800   -0.0001859500    0.0039669000
   0.0141114800    0.0007485400    0.0065246800
   0.0119048100    0.0000159100    0.0041328400
   0.0124194300   -0.0016566700    0.0034502800
   0.0121155300    0.0001946100    0.0041019600
   0.0138267400    0.0022396500    0.0037250900
   0.0121695500    0.0000143100    0.0040151700
   0.0007197200    0.0011936600   -0.0058446200
  -0.0011522800    0.0000739700   -0.0033367600
  -0.0002517700    0.0022681900   -0.0023037200
  -0.0009067700    0.0005890600   -0.0030175100
   0.0049872400   -0.0060731000    0.0046650800
  -0.0009839200   -0.0000495300   -0.0030879400
  -0.0019069900    0.0008365700   -0.0030492900
  -0.0008935100    0.0001203500   -0.0032781400
   0.0075241700   -0.0019430200    0.0053823700
   0.0009862900   -0.0002504700   -0.0033786900
   0.0007863100    0.0007564800   -0.0031346300
   0.0009120700   -0.0004556100   -0.0036680400
   0.0038594600    0.0031809200   -0.0042767700
   0.0010072400   -0.0001863900   -0.0035179300
   0.0019031000    0.0022931200   -0.0020491700
   0.0009588800   -0.0000975400   -0.0035099100

17   
 -0.0085355427116908  -0.0026019690238905  -0.0045137864167035
   0.0000748800    0.0000687000   -0.0166903200
  -0.0001757500   -0.0001500800   -0.0165863400
   0.0000002500   -0.0005410700   -0.0166588000
  -0.0000121400    0.0004395400   -0.0165652900
  -0.0007894400    0.0000891200   -0.0169410200
  -0.0010884400   -0.0002749600   -0.0161051900
   0.0002153100   -0.0000061000   -0.0167708700
   0.0001717400   -0.0000019500   -0.0167374500
   0.0003070100   -0.0109861700   -0.0178865200
  -0.0000046000   -0.0000391300    0.0002706200
  -0.0020345800   -0.0070328700   -0.0106677900
  -0.0000312400   -0.0000179700    0.0002428700
  -0.0000836900   -0.0001555500    0.0002723500
   0.0000019400    0.0000104400    0.0002807700
  -0.0000720600   -0.0001003700    0.0002470000
  -0.0000037700    0.0000289200    0.0002929600
   0.0853502500    0.0370244200    0.0635815700
   0.0000920900   -0.0117286400    0.0056868900
  -0.0004464900   -0.0109663700    0.0070584900
   0.0000276600   -0.0116742400    0.0057464600
  -0.0009200000   -0.0117425300    0.0058456400
  -0.0000579900   -0.0117274200    0.0056431600
  -0.0005812900   -0.0108837600    0.0054056000
   0.0000453400   -0.0117077800    0.0057134600
  -0.0004731800   -0.0114310500    0.0002438600
  -0.0008535800   -0.0111192100   -0.0000391200
   0.0000210000   -0.0114977400   -0.0001623800
  -0.0001494900   -0.0110555500    0.0005803100
  -0.0001829300   -0.0112660800    0.0003325000
   0.0000937600   -0.0112744500    0.0000611400
   0.0001204900   -0.0114461400    0.0002155800
   0.0001516300   -0.0113658700    0.0001882300
   0.0002414000    0.0012189600    0.0051721400
  -0.0000832900    0.0116902800    0.0056740400
  -0.0001635400    0.0117996300    0.0052630500
  -0.0000049300    0.0117103000    0.0057162800
  -0.0001631400    0.0117027800    0.0052189500
  -0.0000064500    0.0116796600    0.0056916900
  -0.0025944100    0.0059832400    0.0047108900
  -0.0000470500    0.0117189300    0.0057149300
   0.0001211900    0.0113894900    0.0000773000
   0.0000767100    0.0112289400    0.0001520000
  -0.0001050800    0.0112872900    0.0001411600
  -0.0000298300    0.0114232000    0.0001575000
   0.0000621000    0.0112441900    0.0003983600
  -0.0000321400    0.0112606500    0.0001724700
   0.0003672300    0.0108146400   -0.0002126000
   0.0011129800    0.0120742700    0.0006381600
   0.0109779700    0.0003796400    0.0016857800
   0.0109298700    0.0000093700    0.0016494100
   0.0105668500   -0.0002384400    0.0016287200
   0.0109017800    0.0000301900    0.0016543800
   0.0005906000    0.0065893300    0.0046520000
   0.0107809800    0.0000193600    0.0016679900
   0.0104303100   -0.0001224300    0.0011395800
   0.0109872800    0.0000487000    0.0015652000
  -0.0107873800   -0.0000521700    0.0014538500
  -0.0109383200   -0.0000144400    0.0016311000
  -0.0110727600    0.0001201200    0.0014766600
  -0.0111184000    0.0000034900    0.0015746600
  -0.0313449400   -0.0140078900   -0.0061645500
  -0.0111394000   -0.0000696600    0.0015988200
  -0.0109460500   -0.0000721800    0.0014403000
  -0.0110537900   -0.0000208100    0.0017063000
  -0.0245384800   -0.0080059300   -0.0003693500
  -0.0124616200   -0.0000576900    0.0040563700
  -0.0118671800    0.0001030100    0.0047775100
  -0.0115032900    0.0000617400    0.0040865900
  -0.0120105400   -0.0008589600    0.0032006100
  -0.0119465500    0.0001553200    0.0041266500
  -0.0123552400    0.0014613800    0.0033101800
  -0.0114951600    0.0002211400    0.0039443200
   0.0037399000    0.0022565800    0.0050942000
   0.0102499200    0.0001794500    0.0039903300
   0.0097447600   -0.0007490300    0.0014401100
   0.0119335000   -0.0000084400    0.0038261700
   0.0114396200    0.0016440800    0.0045103000
   0.0117254200   -0.0002058100    0.0038532800
   0.0100287100   -0.0022500700    0.0042312000
   0.0116703900   -0.0000045100    0.0039475000
  -0.0027942500   -0.0011769300   -0.0008315400
  -0.0009798500   -0.0000758400   -0.0033176700
  -0.0018729800   -0.0022610800   -0.0043497600
  -0.0012219400   -0.0005959600   -0.0036414400
  -0.0072670800    0.0062565900   -0.0116027600
  -0.0011515500    0.0000538600   -0.0035719400
  -0.0002198800   -0.0008452100   -0.0036182200
  -0.0012279400   -0.0001186600   -0.0033802800
  -0.0052512200    0.0018066600   -0.0118043000
   0.0011259400    0.0002499300   -0.0032904300
   0.0013441900   -0.0007434900   -0.0035246200
   0.0012139800    0.0004489200   -0.0029917800
  -0.0017707100   -0.0032423700   -0.0023170700
   0.0011070700    0.0001972000   -0.0031477600
   0.0002242800   -0.0022946900   -0.0046135800
   0.0011587700    0.0001020700   -0.0031676700

17   
  0.0000000000000000  -0.0049941446136905   0.0086636320084331
  -0.0005192700    0.0001709400   -0.0165214700
   0.0005192700    0.0001709400   -0.0165214700
   0.0001124000    0.0001056900   -0.0167936600
  -0.0001124000    0.0001056900   -0.0167936600
   0.0000466100    0.0000126400   -0.0164676200
  -0.0000466100    0.0000126400   -0.0164676200
  -0.0000095900   -0.0000409700   -0.0167500500
   0.0000095900   -0.0000409700   -0.0167500500
   0.0000000000    0.0101508900    0.0185613200
   0.0000000000    0.0000280800    0.0001860700
   0.0000000000    0.0064343300    0.0123707300
   0.0000000000    0.0000602200    0.0002450800
   0.0000000000   -0.0005019200    0.0006868900
   0.0000000000   -0.0000287600    0.0001567400
   0.0000000000   -0.0004261300    0.0007259100
   0.0000000000   -0.0000062300    0.0001424600
   0.0000000000    0.0387143900   -0.0801493800
   0.0000000000   -0.0116520500    0.0057923400
   0.0000000000   -0.0129086200    0.0047265800
   0.0000000000   -0.0117764900    0.0057935000
   0.0000000000   -0.0114685600    0.0053553500
   0.0000000000   -0.0116977500    0.0058910200
   0.0000000000   -0.0100534300    0.0063336500
   0.0000000000   -0.0116276800    0.0057554600
  -0.0001157100   -0.0114289000    0.0002423200
   0.0001157100   -0.0114289000    0.0002423200
  -0.0001025100   -0.0114947700    0.0001301500
   0.0001025100   -0.0114947700    0.0001301500
   0.0004699800   -0.0115680600    0.0001377300
  -0.0004699800   -0.0115680600    0.0001377300
   0.0000004900   -0.0113727200    0.0003227700
  -0.0000004900   -0.0113727200    0.0003227700
   0.0000000000   -0.0103544300    0.0058292300
   0.0000000000    0.0116417300    0.0058419300
   0.0000000000    0.0113986100    0.0065777100
   0.0000000000    0.0117001800    0.0058447900
   0.0000000000    0.0115775500    0.0064692700
   0.0000000000    0.0117546800    0.0058065300
   0.0000000000   -0.0011257900    0.0065596500
   0.0000000000    0.0116345100    0.0057509700
   0.0000612500    0.0114542700    0.0002951800
  -0.0000612500    0.0114542700    0.0002951800
   0.0000167100    0.0113451400    0.0004228400
  -0.0000167100    0.0113451400    0.0004228400
   0.0000321000    0.0113478600    0.0001053900
  -0.0000321000    0.0113478600    0.0001053900
  -0.0000149700    0.0113271900    0.0004462800
   0.0000149700    0.0113271900    0.0004462800
   0.0110341400   -0.0002218500    0.0019382500
   0.0110626300    0.0000578900    0.0015049500
   0.0108070300   -0.0005786000    0.0018017300
   0.0110787700   -0.0000065300    0.0016027200
   0.0112256400   -0.0007036800    0.0026449100
   0.0110083700    0.0000761100    0.0015077400
   0.0112626200    0.0000063600    0.0021772200
   0.0110295700   -0.0000346400    0.0015750900
  -0.0110341400   -0.0002218500    0.0019382500
  -0.0110626300    0.0000578900    0.0015049500
  -0.0108070300   -0.0005786000    0.0018017300
  -0.0110787700   -0.0000065300    0.0016027200
  -0.0112256400   -0.0007036800    0.0026449100
  -0.0110083700    0.0000761100    0.0015077400
  -0.0112626200    0.0000063600    0.0021772200
  -0.0110295700   -0.0000346400    0.0015750900
  -0.0118817200   -0.0000354100    0.0041074000
  -0.0117486200    0.0000229000    0.0039428000
  -0.0129337300   -0.0000271100    0.0052705400
  -0.0117681100    0.0000038000    0.0041609100
  -0.0120085200   -0.0005333600    0.0052205800
  -0.0118787600    0.0000423300    0.0040575600
  -0.0109482000   -0.0014528700    0.0047309000
  -0.0121556500   -0.0001030700    0.0039673800
   0.0118817200   -0.0000354100    0.0041074000
   0.0117486200    0.0000229000    0.0039428000
   0.0129337300   -0.0000271100    0.0052705400
   0.0117681100    0.0000038000    0.0041609100
   0.0120085200   -0.0005333600    0.0052205800
   0.0118787600    0.0000423300    0.0040575600
   0.0109482000   -0.0014528700    0.0047309000
   0.0121556500   -0.0001030700    0.0039673800
  -0.0080583900   -0.0049862600    0.0074508100
  -0.0011939000   -0.0002116700   -0.0032866600
  -0.0010111100    0.0004018300   -0.0038614900
  -0.0013143000    0.0001246400   -0.0034009200
   0.0068961100   -0.0072997200    0.0068500400
  -0.0010550800   -0.0002037200   -0.0031902100
  -0.0010685100    0.0000197800   -0.0034879500
  -0.0009166000    0.0000508600   -0.0034810400
   0.0080583900   -0.0049862600    0.0074508100
   0.0011939000   -0.0002116700   -0.0032866600
   0.0010111100    0.0004018300   -0.0038614900
   0.0013143000    0.0001246400   -0.0034009200
  -0.0068961100   -0.0072997200    0.0068500400
   0.0010550800   -0.0002037200   -0.0031902100
   0.0010685100    0.0000197800   -0.0034879500
   0.0009166000    0.0000508600   -0.0034810400

17   
  0.0000000000000000   0.0049941446136905  -0.0086636320084331
   0.0005006900   -0.0001710200   -0.0168044700
  -0.0005006900   -0.0001710200   -0.0168044700
  -0.0001123900   -0.0000986500   -0.0165438300
   0.0001123900   -0.0000986500   -0.0165438300
  -0.0000390300   -0.0000141900   -0.0168639300
   0.0000390300   -0.0000141900   -0.0168639300
   0.0000085700    0.0000438400   -0.0165867100
  -0.0000085700    0.0000438400   -0.0165867100
  -0.0000000000   -0.0104480200   -0.0182898100
  -0.0000000000   -0.0000411700    0.0002818400
  -0.0000000000   -0.0061948100   -0.0117026900
  -0.0000000000   -0.0000511200    0.0002316100
  -0.0000000000    0.0004900000   -0.0002189800
  -0.0000000000    0.0000195300    0.0003245300
  -0.0000000000    0.0004336400   -0.0002461900
  -0.0000000000    0.0000189000    0.0003289200
  -0.0000000000   -0.0618951000    0.0917807400
  -0.0000000000   -0.0117308300    0.0056958500
  -0.0000000000   -0.0104721200    0.0067575100
  -0.0000000000   -0.0116147600    0.0056972000
  -0.0000000000   -0.0119190700    0.0061290000
  -0.0000000000   -0.0116968300    0.0055925000
  -0.0000000000   -0.0133328100    0.0051540300
  -0.0000000000   -0.0117544600    0.0057286700
   0.0001179200   -0.0112313400    0.0001952600
  -0.0001179200   -0.0112313400    0.0001952600
   0.0000963800   -0.0111740100    0.0003094300
  -0.0000963800   -0.0111740100    0.0003094300
  -0.0004842500   -0.0110884900    0.0002902200
   0.0004842500   -0.0110884900    0.0002902200
   0.0000016400   -0.0112917100    0.0001192600
  -0.0000016400   -0.0112917100    0.0001192600
  -0.0000000000    0.0334168800    0.0054968400
  -0.0000000000    0.0117327100    0.0056331700
  -0.0000000000    0.0119911700    0.0049117900
  -0.0000000000    0.0116948800    0.0056504100
  -0.0000000000    0.0117987600    0.0050081100
  -0.0000000000    0.0116353100    0.0056699800
  -0.0000000000    0.0248088100    0.0050325500
  -0.0000000000    0.0117549200    0.0057433100
  -0.0000679000    0.0111995400    0.0001443600
   0.0000679000    0.0111995400    0.0001443600
  -0.0000222400    0.0113219900    0.0000167100
   0.0000222400    0.0113219900    0.0000167100
  -0.0000412800    0.0113132300    0.0003146200
   0.0000412800    0.0113132300    0.0003146200
   0.0000106200    0.0113438600   -0.0000049600
  -0.0000106200    0.0113438600   -0.0000049600
   0.0109743000    0.0002340700    0.0012866800
   0.0109433700   -0.0000525000    0.0017085500
   0.0112023900    0.0005711700    0.0014082300
   0.0109267300   -0.0000019300    0.0016143600
   0.0109155700    0.0006312800    0.0005338700
   0.0109987400   -0.0000668100    0.0017165900
   0.0107485200   -0.0000096700    0.0010330400
   0.0109760200    0.0000300000    0.0016291400
  -0.0109743000    0.0002340700    0.0012866800
  -0.0109433700   -0.0000525000    0.0017085500
  -0.0112023900    0.0005711700    0.0014082300
  -0.0109267300   -0.0000019300    0.0016143600
  -0.0109155700    0.0006312800    0.0005338700
  -0.0109987400   -0.0000668100    0.0017165900
  -0.0107485200   -0.0000096700    0.0010330400
  -0.0109760200    0.0000300000    0.0016291400
  -0.0118633800    0.0000674300    0.0038661600
  -0.0121128800   -0.0000236000    0.0040074200
  -0.0109244300    0.0000334400    0.0026818400
  -0.0120867200   -0.0000019100    0.0037942000
  -0.0118587400    0.0005071400    0.0027127100
  -0.0119839300   -0.0000398900    0.0038981000
  -0.0129064000    0.0014534600    0.0032341500
  -0.0116967800    0.0001057200    0.0039780000
   0.0118633800    0.0000674300    0.0038661600
   0.0121128800   -0.0000236000    0.0040074200
   0.0109244300    0.0000334400    0.0026818400
   0.0120867200   -0.0000019100    0.0037942000
   0.0118587400    0.0005071400    0.0027127100
   0.0119839300   -0.0000398900    0.0038981000
   0.0129064000    0.0014534600    0.0032341500
   0.0116967800    0.0001057200    0.0039780000
   0.0055782300    0.0047132300   -0.0136742600
  -0.0009409300    0.0002084600   -0.0033661600
  -0.0011222500   -0.0003822100   -0.0027881300
  -0.0008227700   -0.0001322400   -0.0032614400
  -0.0094165200    0.0075524900   -0.0139672800
  -0.0010816600    0.0002050300   -0.0034734300
  -0.0010649600   -0.0000286700   -0.0031796400
  -0.0012206500   -0.0000487500   -0.0031741100
  -0.0055782300    0.0047132300   -0.0136742600
   0.0009409300    0.0002084600   -0.0033661600
   0.0011222500   -0.0003822100   -0.0027881300
   0.0008227700   -0.0001322400   -0.0032614400
   0.0094165200    0.0075524900   -0.0139672800
   0.0010816600    0.0002050300   -0.0034734300
   0.0010649600   -0.0000286700   -0.0031796400
   0.0012206500   -0.0000487500   -0.0031741100

25   
  0.0085355427116908   0.0026019690238905   0.0045137864167035
   0.0015925200   -0.0025376700   -0.0101398400
   0.0000697500    0.0000125200   -0.0167087600
   0.0000491000    0.0004754500   -0.0164607100
   0.0000038600    0.0000370000   -0.0167364900
   0.0037868200    0.0001241000   -0.0148365500
   0.0000242600   -0.0000403500   -0.0166289000
   0.0000688600    0.0005017500   -0.0163319000
   0.0000274200    0.0000237500   -0.0166978900
  -0.0002432900    0.0000276900    0.0003604000
   0.0003811300   -0.0002148000    0.0002607900
   0.0008930800    0.0000931800    0.0006585600
   0.0007039400   -0.0001546200   -0.0000696700
   0.0001073600   -0.0005551400    0.0001927300
  -0.0000061700    0.0003626300    0.0002367300
  -0.0001090500   -0.0000435000    0.0002602400
  -0.0001219100    0.0000332300    0.0002587200
   0.0006413400   -0.0118135700    0.0055392000
   0.0006893000   -0.0114022100    0.0060127800
   0.0003338600   -0.0116786800    0.0055490600
  -0.0001935600   -0.0115887500    0.0058091000
  -0.0000275000   -0.0117821000    0.0060451500
   0.0001137200   -0.0114317500    0.0053177400
  -0.0001318600   -0.0116659000    0.0057988800
  -0.0001371600   -0.0117032800    0.0057829300
  -0.0987454200   -0.0456380400   -0.0414314600
  -0.0000694900   -0.0113645600    0.0002155400
   0.0005277200   -0.0113611200    0.0002699700
   0.0000838300   -0.0113392000    0.0002830900
   0.0005193800   -0.0105937900   -0.0003794300
   0.0000239200   -0.0112836200    0.0002400800
   0.0005145500   -0.0119512900    0.0005884800
  -0.0000537500   -0.0113667700    0.0002138200
  -0.0000524100    0.0117050900    0.0057997500
  -0.0001433300    0.0115307300    0.0057785900
  -0.0000779300    0.0118404700    0.0056275100
   0.0000474100    0.0116388900    0.0056809300
   0.0000576200    0.0116593500    0.0058758500
   0.0000835600    0.0117578100    0.0057926100
  -0.0007127400    0.0111185600    0.0061806900
  -0.0007730200    0.0123604500    0.0054932300
  -0.0011527600    0.0229727700    0.0004758400
   0.0000712300    0.0113864800    0.0002275900
   0.0002095800    0.0115046700    0.0007233000
   0.0000014100    0.0113068700    0.0002565800
   0.0002094000    0.0115131000    0.0007238400
   0.0000026700    0.0113049300    0.0002499600
   0.0014884100    0.0170431200    0.0007342300
   0.0000241100    0.0113327900    0.0001903800
   0.0115892000   -0.0000248400    0.0023881300
   0.0110540000    0.0000364600    0.0016609400
   0.0111121100    0.0001498900    0.0017297200
   0.0111222800   -0.0000210600    0.0015915700
   0.0279445100    0.0115821700   -0.0048685700
   0.0111922600   -0.0000082600    0.0015581600
   0.0108496200    0.0003136300    0.0016812100
   0.0110285000   -0.0000240000    0.0015954300
  -0.0108848900   -0.0000082600    0.0015634400
  -0.0110522500    0.0000590200    0.0019250100
  -0.0109204000    0.0000544600    0.0016329200
  -0.0106408100    0.0004505800    0.0018728800
  -0.0108421800   -0.0000717500    0.0015906300
   0.0067048800   -0.0115761700    0.0085513000
  -0.0109965300   -0.0000337300    0.0015822600
  -0.0111980200   -0.0000873500    0.0019469900
  -0.0127410300    0.0016756100    0.0041773500
  -0.0121690400   -0.0000472300    0.0040065800
  -0.0019537300    0.0106413000    0.0163921300
  -0.0119882800    0.0000243400    0.0042731300
  -0.0113807500   -0.0012378100    0.0040210400
  -0.0120619800   -0.0005395800    0.0042263000
  -0.0117731700    0.0006176600    0.0034498000
  -0.0118406000   -0.0001839200    0.0040321200
   0.0120011700    0.0003142800    0.0040978100
   0.0208068500    0.0059373900    0.0164515400
   0.0119238800    0.0000880900    0.0038594000
   0.0116687000   -0.0008098300    0.0044575100
   0.0118416700    0.0004239200    0.0037077900
   0.0121109900    0.0004294900    0.0034522300
   0.0117452600    0.0000475600    0.0037737500
   0.0123061800   -0.0008891900    0.0045413200
   0.0144533200   -0.0072971900    0.0005514900
  -0.0002338100   -0.0000797200   -0.0032866600
  -0.0007593500   -0.0008491100   -0.0021084100
  -0.0009519100    0.0001804100   -0.0034016200
  -0.0007451600    0.0004818900   -0.0042548600
  -0.0011032900    0.0001054200   -0.0033779700
   0.0002067400    0.0023587200   -0.0027231100
  -0.0011462000    0.0001501300   -0.0034900900
   0.0018174700    0.0000216700   -0.0034826500
   0.0146344200    0.0061127500   -0.0069425500
   0.0011213700   -0.0002240700   -0.0030623100
   0.0013395900    0.0013425100   -0.0034574200
   0.0009990800   -0.0001652200   -0.0032736900
   0.0026344500   -0.0005028000   -0.0010714200
   0.0010850800   -0.0000000400   -0.0033017800
   0.0014900200   -0.0010748700   -0.0035220400

25   
 -0.0085355427116908  -0.0026019690238905  -0.0045137864167035
  -0.0016469400    0.0025362600   -0.0232356600
  -0.0000666200   -0.0000140100   -0.0166290900
  -0.0000521400   -0.0004711300   -0.0168661400
  -0.0000044700   -0.0000418900   -0.0165973700
  -0.0037911500   -0.0001187000   -0.0184716700
  -0.0000259500    0.0000425800   -0.0167081900
  -0.0000663200   -0.0005051500   -0.0170063600
  -0.0000255100   -0.0000241500   -0.0166381500
   0.0002417200   -0.0000256900    0.0001132000
  -0.0003886800    0.0002214800    0.0002132900
  -0.0008878300   -0.0000928100   -0.0001805800
  -0.0007076500    0.0001568900    0.0005422400
  -0.0001045500    0.0005457100    0.0002817700
   0.0000059500   -0.0003666000    0.0002372100
   0.0001119000    0.0000372100    0.0002173400
   0.0001188800   -0.0000360000    0.0002179400
  -0.0006366300   -0.0115724100    0.0059453600
  -0.0006988200   -0.0119859900    0.0054705700
  -0.0003275100   -0.0117002100    0.0059298500
   0.0001976500   -0.0117925400    0.0056741600
   0.0000302500   -0.0116028800    0.0054432400
  -0.0001182500   -0.0119589300    0.0061739700
   0.0001335200   -0.0117220900    0.0056894300
   0.0001367000   -0.0116890000    0.0057050100
   0.0987378000    0.0226196600    0.0420387500
   0.0000695800   -0.0113045400    0.0002214300
  -0.0005271100   -0.0113033200    0.0001655500
  -0.0000843200   -0.0113245600    0.0001551300
  -0.0005195500   -0.0120630700    0.0008144600
  -0.0000217300   -0.0113792100    0.0002027300
  -0.0005173100   -0.0107104400   -0.0001573200
   0.0000527600   -0.0113009700    0.0002163600
   0.0000555900    0.0116807200    0.0056867600
   0.0001368100    0.0118553100    0.0057115300
   0.0000827400    0.0115392200    0.0058546400
  -0.0000550200    0.0117455900    0.0058073800
  -0.0000562900    0.0117239200    0.0056085400
  -0.0000812600    0.0116268700    0.0056909200
   0.0007119000    0.0122668100    0.0053071400
   0.0007762200    0.0110220000    0.0059913500
   0.0012477400   -0.0002121500    0.0000092600
  -0.0000704300    0.0112801600    0.0002126200
  -0.0002100300    0.0111508000   -0.0002857600
   0.0000001200    0.0113513100    0.0001885600
  -0.0002122300    0.0111503800   -0.0002880000
  -0.0000035000    0.0113627700    0.0001858600
  -0.0015282300    0.0055746500   -0.0003412800
  -0.0000248400    0.0113364700    0.0002387900
   0.0104198500    0.0000203100    0.0008279100
   0.0109567800   -0.0000420700    0.0015546200
   0.0108915300   -0.0001470900    0.0014892900
   0.0108879000    0.0000186500    0.0016215900
  -0.0054862800   -0.0112446900    0.0077670000
   0.0108175300    0.0000124900    0.0016509200
   0.0111630600   -0.0003030200    0.0015321600
   0.0109791500    0.0000299700    0.0016160800
  -0.0111249600    0.0000042200    0.0016502100
  -0.0109501900   -0.0000619500    0.0012829600
  -0.0110885300   -0.0000578200    0.0015804400
  -0.0113646200   -0.0004538700    0.0013485800
  -0.0111658200    0.0000749800    0.0016180800
  -0.0291901000    0.0120373400   -0.0055068200
  -0.0110126100    0.0000391000    0.0016301400
  -0.0108151000    0.0000946700    0.0012527500
  -0.0111731100   -0.0016256700    0.0038735700
  -0.0116857700    0.0000460000    0.0039514700
  -0.0215236800   -0.0102625000   -0.0078362900
  -0.0118554900   -0.0000292600    0.0036770900
  -0.0124703900    0.0012426000    0.0039228600
  -0.0117876600    0.0005395700    0.0037262700
  -0.0120830300   -0.0006266600    0.0045125500
  -0.0120217900    0.0001816900    0.0039219800
   0.0118480800   -0.0003104900    0.0038633600
   0.0026946800   -0.0062625300   -0.0090819800
   0.0119251600   -0.0000918200    0.0040907100
   0.0122486600    0.0007352700    0.0034060700
   0.0120084200   -0.0004173500    0.0042488200
   0.0117447400   -0.0004160400    0.0045018400
   0.0121196300   -0.0000485900    0.0041844200
   0.0115502100    0.0008903000    0.0034246400
  -0.0160671500    0.0070082600   -0.0071021600
  -0.0019118400    0.0000776400   -0.0033715200
  -0.0013632300    0.0008528600   -0.0045309200
  -0.0011863200   -0.0001832300   -0.0032557000
  -0.0013920000   -0.0004862700   -0.0023906900
  -0.0010327100   -0.0000929500   -0.0032815700
  -0.0023433500   -0.0023550200   -0.0039454600
  -0.0009871400   -0.0001445300   -0.0031693600
   0.0003298700   -0.0000220300   -0.0031720400
  -0.0130085600   -0.0063365800    0.0004695900
   0.0010160800    0.0002207900   -0.0035982300
   0.0007798900   -0.0013537200   -0.0032114100
   0.0011387900    0.0001687600   -0.0033943400
  -0.0005134300    0.0005079200   -0.0056044900
   0.0010485000    0.0000026100   -0.0033590500
   0.0006494100    0.0010614400   -0.0031426900

25   
  0.0000000000000000  -0.0049941446136905   0.0086636320084331
  -0.0000000000   -0.0141353900    0.0046787000
  -0.0000000000   -0.0000563800   -0.0167154500
  -0.0000000000   -0.0003305000   -0.0176479700
  -0.0000000000    0.0000586800   -0.0168216600
  -0.0000000000   -0.0025796500   -0.0136315300
  -0.0000000000   -0.0000943400   -0.0166527400
  -0.0000000000   -0.0001696600   -0.0174597900
  -0.0000000000    0.0000804600   -0.0167590700
  -0.0003432000   -0.0001262200    0.0002448700
   0.0003432000   -0.0001262200    0.0002448700
  -0.0003122500   -0.0000969900    0.0000153700
   0.0003122500   -0.0000969900    0.0000153700
   0.0000459800   -0.0001952000    0.0001897300
  -0.0000459800   -0.0001952000    0.0001897300
  -0.0000497700   -0.0000276700    0.0003966700
   0.0000497700   -0.0000276700    0.0003966700
  -0.0002451700   -0.0115229900    0.0059222200
   0.0002451700   -0.0115229900    0.0059222200
   0.0002477900   -0.0116426900    0.0057733700
  -0.0002477900   -0.0116426900    0.0057733700
  -0.0001422300   -0.0116581400    0.0058240600
   0.0001422300   -0.0116581400    0.0058240600
  -0.0000409600   -0.0118618800    0.0057756100
   0.0000409600   -0.0118618800    0.0057756100
  -0.0000000000    0.0675617400   -0.0878245200
  -0.0000000000   -0.0114092900    0.0002947300
  -0.0000000000   -0.0116421900    0.0005301900
  -0.0000000000   -0.0114346300    0.0004088100
  -0.0000000000   -0.0099429500   -0.0025313200
  -0.0000000000   -0.0113301300    0.0002002500
  -0.0000000000   -0.0100693600    0.0008831500
  -0.0000000000   -0.0113328900    0.0002515500
  -0.0000105000    0.0116393700    0.0059183300
   0.0000105000    0.0116393700    0.0059183300
  -0.0001148400    0.0116605700    0.0056678200
   0.0001148400    0.0116605700    0.0056678200
   0.0000483600    0.0117895600    0.0058940800
  -0.0000483600    0.0117895600    0.0058940800
   0.0007907300    0.0120042300    0.0057896800
  -0.0007907300    0.0120042300    0.0057896800
  -0.0000000000   -0.0111065800    0.0005537300
  -0.0000000000    0.0113691500    0.0003170000
  -0.0000000000    0.0121010500    0.0018572100
  -0.0000000000    0.0113801400    0.0002777900
  -0.0000000000    0.0121116400    0.0018127600
  -0.0000000000    0.0113678900    0.0002792000
  -0.0000000000   -0.0008005800    0.0005741100
  -0.0000000000    0.0113493800    0.0001796200
   0.0124637200   -0.0002169200    0.0028318300
   0.0109651300    0.0000243300    0.0015212700
   0.0113273800   -0.0000513800    0.0017879500
   0.0110048300    0.0000922500    0.0016241400
  -0.0032593000   -0.0092100000    0.0068854900
   0.0112124300   -0.0001019300    0.0015785000
   0.0114529200    0.0002345400    0.0016680000
   0.0111322000   -0.0000226600    0.0015731400
  -0.0109651300    0.0000243300    0.0015212700
  -0.0124637200   -0.0002169200    0.0028318300
  -0.0110048300    0.0000922500    0.0016241400
  -0.0113273800   -0.0000513800    0.0017879500
  -0.0112124300   -0.0001019300    0.0015785000
   0.0032593000   -0.0092100000    0.0068854900
  -0.0111322000   -0.0000226600    0.0015731400
  -0.0114529200    0.0002345400    0.0016680000
  -0.0189414300    0.0027284200    0.0115246100
  -0.0122384000    0.0001609700    0.0040689700
  -0.0076433400    0.0048170900    0.0125302600
  -0.0119958800    0.0001366300    0.0042239500
  -0.0110191000   -0.0036163800    0.0051763900
  -0.0117619300   -0.0001626800    0.0040093300
  -0.0136357200   -0.0029987600    0.0056595700
  -0.0116170400   -0.0000925800    0.0038497100
   0.0122384000    0.0001609700    0.0040689700
   0.0189414300    0.0027284200    0.0115246100
   0.0119958800    0.0001366300    0.0042239500
   0.0076433400    0.0048170900    0.0125302600
   0.0117619300   -0.0001626800    0.0040093300
   0.0110191000   -0.0036163800    0.0051763900
   0.0116170400   -0.0000925800    0.0038497100
   0.0136357200   -0.0029987600    0.0056595700
   0.0063205000   -0.0066389600    0.0000487900
  -0.0019513800    0.0001094400   -0.0036099900
  -0.0014746200    0.0005927900   -0.0032028600
  -0.0012908200   -0.0000069300   -0.0033433400
  -0.0038150700   -0.0007386000   -0.0014114800
  -0.0015390400    0.0000633900   -0.0034048700
  -0.0021196600   -0.0006821300   -0.0031259300
  -0.0014493100    0.0001453200   -0.0034026300
   0.0019513800    0.0001094400   -0.0036099900
  -0.0063205000   -0.0066389600    0.0000487900
   0.0012908200   -0.0000069300   -0.0033433400
   0.0014746200    0.0005927900   -0.0032028600
   0.0015390400    0.0000633900   -0.0034048700
   0.0038150700   -0.0007386000   -0.0014114800
   0.0014493100    0.0001453200   -0.0034026300
   0.0021196600   -0.0006821300   -0.0031259300

25   
  0.0000000000000000   0.0049941446136905  -0.0086636320084331
   0.0000000000    0.0131870200   -0.0363930600
   0.0000000000    0.0000506100   -0.0166193600
   0.0000000000    0.0003294300   -0.0156939800
   0.0000000000   -0.0000558400   -0.0165167900
   0.0000000000    0.0031129800   -0.0206157100
   0.0000000000    0.0000904200   -0.0166788500
   0.0000000000    0.0001700100   -0.0158759700
   0.0000000000   -0.0000736500   -0.0165797600
   0.0003505600    0.0001273500    0.0002274000
  -0.0003505600    0.0001273500    0.0002274000
   0.0003039600    0.0001018200    0.0004620000
  -0.0003039600    0.0001018200    0.0004620000
  -0.0000473400    0.0001877100    0.0002910600
   0.0000473400    0.0001877100    0.0002910600
   0.0000443500    0.0000263200    0.0000711800
  -0.0000443500    0.0000263200    0.0000711800
   0.0002467700   -0.0118554700    0.0055557500
  -0.0002467700   -0.0118554700    0.0055557500
  -0.0002467800   -0.0117450400    0.0057141600
   0.0002467800   -0.0117450400    0.0057141600
   0.0001385600   -0.0117354600    0.0056678900
  -0.0001385600   -0.0117354600    0.0056678900
   0.0000425100   -0.0115177900    0.0057114400
  -0.0000425100   -0.0115177900    0.0057114400
   0.0000000000   -0.0898856100    0.0876438600
   0.0000000000   -0.0112604300    0.0001444100
   0.0000000000   -0.0110316100   -0.0000982000
   0.0000000000   -0.0112372700    0.0000398400
   0.0000000000   -0.0127247700    0.0029662600
   0.0000000000   -0.0113370900    0.0002079500
   0.0000000000   -0.0125883700   -0.0004462400
   0.0000000000   -0.0113212300    0.0001965000
   0.0000267100    0.0117363200    0.0055559900
  -0.0000267100    0.0117363200    0.0055559900
   0.0001197300    0.0117313900    0.0058260200
  -0.0001197300    0.0117313900    0.0058260200
  -0.0000529900    0.0116024400    0.0055907700
   0.0000529900    0.0116024400    0.0055907700
  -0.0008025000    0.0113768000    0.0056920300
   0.0008025000    0.0113768000    0.0056920300
   0.0000000000    0.0335468500   -0.0002375900
   0.0000000000    0.0112941400    0.0001280200
   0.0000000000    0.0105735800   -0.0013909400
   0.0000000000    0.0112909900    0.0001510100
   0.0000000000    0.0105638400   -0.0014198300
   0.0000000000    0.0112996500    0.0001506600
   0.0000000000    0.0236457400   -0.0000765200
   0.0000000000    0.0113115200    0.0002643000
   0.0095688500    0.0001967500    0.0004134700
   0.0110390400   -0.0000230800    0.0016877600
   0.0106724200    0.0000473800    0.0014295900
   0.0110052200   -0.0000879100    0.0015849600
   0.0255003300    0.0093096100   -0.0036721600
   0.0107990700    0.0000972500    0.0016363300
   0.0105588100   -0.0002273100    0.0015355400
   0.0108818600    0.0000206100    0.0016428700
  -0.0110390400   -0.0000230800    0.0016877600
  -0.0095688500    0.0001967500    0.0004134700
  -0.0110052200   -0.0000879100    0.0015849600
  -0.0106724200    0.0000473800    0.0014295900
  -0.0107990700    0.0000972500    0.0016363300
  -0.0255003300    0.0093096100   -0.0036721600
  -0.0108818600    0.0000206100    0.0016428700
  -0.0105588100   -0.0002273100    0.0015355400
  -0.0048813400   -0.0027552600   -0.0036108900
  -0.0116210900   -0.0001693400    0.0038849300
  -0.0162157300   -0.0047987800   -0.0045403200
  -0.0118576100   -0.0001424300    0.0037347800
  -0.0128151700    0.0035850800    0.0028019100
  -0.0121046200    0.0001703800    0.0039443500
  -0.0101977300    0.0030300800    0.0022822900
  -0.0122148200    0.0001024400    0.0041011100
   0.0116210900   -0.0001693400    0.0038849300
   0.0048813400   -0.0027552600   -0.0036108900
   0.0118576100   -0.0001424300    0.0037347800
   0.0162157300   -0.0047987800   -0.0045403200
   0.0121046200    0.0001703800    0.0039443500
   0.0128151700    0.0035850800    0.0028019100
   0.0122148200    0.0001024400    0.0041011100
   0.0101977300    0.0030300800    0.0022822900
  -0.0084257800    0.0066342500   -0.0067036800
  -0.0001821800   -0.0001210500   -0.0030487400
  -0.0006550500   -0.0006187000   -0.0034496000
  -0.0008371000    0.0000135200   -0.0033096000
   0.0017150000    0.0007572700   -0.0052808400
  -0.0005780100   -0.0000684000   -0.0032589900
  -0.0000218900    0.0006701200   -0.0035456000
  -0.0006810200   -0.0001343400   -0.0032502000
   0.0001821800   -0.0001210500   -0.0030487400
   0.0084257800    0.0066342500   -0.0067036800
   0.0008371000    0.0000135200   -0.0033096000
   0.0006550500   -0.0006187000   -0.0034496000
   0.0005780100   -0.0000684000   -0.0032589900
  -0.0017150000    0.0007572700   -0.0052808400
   0.0006810200   -0.0001343400   -0.0032502000
   0.0000218900    0.0006701200   -0.0035456000

49   
  0.0000000000000000   0.0049941446136905   0.0086636320084331
   0.0068517200    0.0016663500   -0.0095601600
   0.0000745500   -0.0000376600   -0.0165354000
  -0.0003878000    0.0010043600   -0.0159505900
   0.0000235300   -0.0000566700   -0.0167954800
  -0.0000609400   -0.0000474300   -0.0164462700
   0.0000767000    0.0000262800   -0.0166926200
   0.0002116200    0.0001867500   -0.0168614100
  -0.0000097600   -0.0000554400   -0.0166696100
   0.0002259500    0.0002323700   -0.0000371200
   0.0000188400   -0.0000094600    0.0002237000
   0.0000339700   -0.0000963600    0.0004524800
   0.0000150700    0.0000323100    0.0002010500
  -0.0001893600    0.0005829700    0.0007290900
  -0.0000086900   -0.0000475300    0.0001634100
   0.0108889000    0.0005499400    0.0083074200
   0.0000843900   -0.0000402900    0.0002632700
  -0.0002321100   -0.0119479700    0.0057883900
  -0.0000238700   -0.0116705500    0.0056802100
   0.0000239000   -0.0114250000    0.0057696700
  -0.0000491900   -0.0117128600    0.0057150300
  -0.0115332400   -0.0044589600    0.0106202700
  -0.0000703800   -0.0116432600    0.0057174000
   0.0001688100   -0.0115575900    0.0063916400
   0.0000520700   -0.0117206500    0.0056849200
   0.0002074000   -0.0113364800    0.0012993500
   0.0000596400   -0.0112385000    0.0001965700
  -0.0001662500   -0.0108608500    0.0006432100
  -0.0000541600   -0.0113700700    0.0002644400
   0.0000977800   -0.0108131300    0.0003806300
   0.0000067100   -0.0113377400    0.0001229700
  -0.0000205100   -0.0110467300    0.0005802700
   0.0000174200   -0.0113559700    0.0001568900
   0.0000251500    0.0118667700    0.0060990300
  -0.0000041400    0.0116213100    0.0056477900
   0.0005066200    0.0125404000    0.0066956700
  -0.0000113900    0.0116365700    0.0056315000
  -0.0001923500    0.0121235300    0.0060227300
  -0.0000416500    0.0116661800    0.0057522400
   0.0001358800    0.0117335700    0.0062852400
   0.0000881600    0.0117253800    0.0057158800
   0.0002576600    0.0115757100    0.0013953700
   0.0000321100    0.0112540700    0.0001571200
  -0.0137244100    0.0198214500    0.0059688900
  -0.0000442000    0.0113669000    0.0002198800
   0.0000194800    0.0114819300    0.0003330300
   0.0000027700    0.0113046800    0.0001994000
  -0.0002570400    0.0110256500    0.0003283500
   0.0000134000    0.0113092200    0.0002113300
   0.0202257400   -0.0513886000   -0.0863862800
   0.0110110200    0.0000538400    0.0016229200
   0.0110406100    0.0000103100    0.0016793500
   0.0110728000   -0.0000504800    0.0016901900
   0.0108125200    0.0002444800    0.0018057100
   0.0110439400    0.0001095600    0.0017710300
   0.0113883500   -0.0001383900    0.0020024900
   0.0110056200   -0.0000079000    0.0016724900
  -0.0107981800   -0.0000327100    0.0015022700
  -0.0106725500    0.0000455200    0.0014633100
  -0.0110442900    0.0000268200    0.0017370900
  -0.0110584700    0.0000572000    0.0017678800
  -0.0110337700    0.0000716300    0.0017818000
  -0.0111226400    0.0000889400    0.0017857200
  -0.0109957000   -0.0000243800    0.0016632400
  -0.0109631600    0.0000035300    0.0017499500
  -0.0119620300    0.0011209800    0.0058475500
  -0.0121552600    0.0000016900    0.0039968900
  -0.0121388200   -0.0007822000    0.0039632300
  -0.0118004900    0.0000916500    0.0039263800
  -0.0083384100    0.0147034000    0.0119100800
  -0.0118299400   -0.0000920700    0.0038755300
  -0.0161323100   -0.0002024700    0.0169959800
  -0.0120554600   -0.0000540300    0.0041132000
   0.0120121700   -0.0000707700    0.0037942600
   0.0119226000    0.0001086600    0.0041493200
   0.0116992800    0.0000838700    0.0041370400
   0.0119699600   -0.0007406200    0.0034552000
   0.0126576300    0.0000649600    0.0040104900
   0.0133632700    0.0018315800    0.0043359100
   0.0110961700    0.0000619500    0.0037492500
   0.0104555000   -0.0003698900    0.0052601000
  -0.0056958800   -0.0002951600    0.0167347300
  -0.0012150300    0.0000179500   -0.0031473100
   0.0012214100    0.0115289800    0.0032157500
  -0.0011630700    0.0000295900   -0.0033732600
  -0.0009419100   -0.0001827000   -0.0028357800
  -0.0010293000    0.0000944800   -0.0033314300
  -0.0010416100    0.0010753200   -0.0017120200
  -0.0012879600    0.0000387100   -0.0033031700
   0.0001620300   -0.0004177700   -0.0022828900
   0.0000355200    0.0000898900   -0.0034929200
   0.0022699300    0.0012451500   -0.0029711600
   0.0019973000   -0.0000299300   -0.0033189100
   0.0011983500   -0.0004907900   -0.0037477900
   0.0009838300   -0.0000182800   -0.0030811800
   0.0012154200    0.0001048400   -0.0030934300
   0.0014765100   -0.0000637900   -0.0035558700

49   
  0.0000000000000000  -0.0049941446136905  -0.0086636320084331
  -0.0071677400   -0.0016241900   -0.0239324500
  -0.0000752100    0.0000435800   -0.0167979900
   0.0003732000   -0.0009990000   -0.0173715800
  -0.0000332300    0.0000595500   -0.0165382700
   0.0000632000    0.0000606700   -0.0168912000
  -0.0000833200   -0.0000292600   -0.0166458900
  -0.0002155700   -0.0001968300   -0.0164732400
   0.0000168100    0.0000501000   -0.0166658000
  -0.0002122500   -0.0002246100    0.0005094000
  -0.0000129800    0.0000151400    0.0002495500
  -0.0000409100    0.0000904600    0.0000248900
  -0.0000181700   -0.0000247100    0.0002788100
   0.0001732000   -0.0005818400   -0.0002567500
   0.0000052200    0.0000401100    0.0003110600
  -0.0106425600   -0.0006049100   -0.0077403000
  -0.0000760900    0.0000344000    0.0002140900
   0.0002410200   -0.0114361100    0.0056926200
   0.0000272100   -0.0117142000    0.0058002500
  -0.0000277400   -0.0119667100    0.0057206600
   0.0000472600   -0.0116721900    0.0057612300
   0.0117700600   -0.0190270800    0.0008838400
   0.0000705300   -0.0117458800    0.0057717900
  -0.0001726200   -0.0118255100    0.0050923700
  -0.0000496200   -0.0116719900    0.0058064300
  -0.0002162100   -0.0113278100   -0.0008633800
  -0.0000678700   -0.0114222700    0.0002451900
   0.0001593000   -0.0118069900   -0.0002074000
   0.0000419400   -0.0112970300    0.0001659900
   0.0000609400   -0.0117346900   -0.0000189100
   0.0000012000   -0.0113259500    0.0003143300
   0.0000215800   -0.0116142700   -0.0001442000
  -0.0000021000   -0.0113117700    0.0002804800
  -0.0000043700    0.0115145000    0.0053889500
   0.0000134500    0.0117659100    0.0058379000
  -0.0006338900    0.0107548500    0.0048427200
   0.0000154900    0.0117534500    0.0058504100
   0.0001728800    0.0112599400    0.0054618500
   0.0000334400    0.0117182200    0.0057317000
  -0.0001476000    0.0116521300    0.0052020700
  -0.0000900500    0.0116646000    0.0057689100
  -0.0002646100    0.0110795500   -0.0009669700
  -0.0000364500    0.0114115600    0.0002712700
   0.0134107500    0.0029644700   -0.0055407900
   0.0000330100    0.0113026300    0.0002082800
  -0.0000132600    0.0111876500    0.0000925900
   0.0000010000    0.0113559900    0.0002407500
   0.0002538500    0.0116390300    0.0001140000
  -0.0000010600    0.0113535300    0.0002379800
   0.0019151100    0.0513904200    0.0898238500
   0.0109939700   -0.0000568400    0.0015891000
   0.0109683800   -0.0000188000    0.0015463300
   0.0109339900    0.0000399400    0.0015334300
   0.0112028100   -0.0002362600    0.0014086800
   0.0109669300   -0.0000991000    0.0014475000
   0.0106225600    0.0001472000    0.0011989900
   0.0110010200    0.0000115400    0.0015232400
  -0.0112300900    0.0000471600    0.0017127700
  -0.0113187800   -0.0000421200    0.0017530500
  -0.0109624000   -0.0000160400    0.0014584000
  -0.0109475200   -0.0000599900    0.0014415300
  -0.0109727000   -0.0000808200    0.0014343700
  -0.0108825300   -0.0000878400    0.0014266000
  -0.0110096700    0.0000091900    0.0015602300
  -0.0110442700   -0.0000069000    0.0014677400
  -0.0119102500   -0.0011055100    0.0021006500
  -0.0117052600    0.0000031400    0.0039507600
  -0.0117137500    0.0006746600    0.0040482900
  -0.0120671900   -0.0000815700    0.0040218900
  -0.0156403100   -0.0153294800   -0.0042644400
  -0.0120212800    0.0000819300    0.0040814900
  -0.0078416500    0.0001646700   -0.0084112700
  -0.0117984000    0.0000489700    0.0038429000
   0.0118347600    0.0000550300    0.0041624600
   0.0119464700   -0.0001088100    0.0038007900
   0.0121768500   -0.0000854800    0.0038272500
   0.0119054800    0.0007291000    0.0045118700
   0.0112012600   -0.0000668700    0.0039349300
   0.0105033400   -0.0018261500    0.0036279800
   0.0127556000   -0.0000443600    0.0042082100
   0.0134049400    0.0003722900    0.0026771800
   0.0036923600    0.0003646800   -0.0241605500
  -0.0009219500   -0.0000147500   -0.0035020700
  -0.0032500900   -0.0109605100   -0.0095854200
  -0.0009684400   -0.0000268000   -0.0032938600
  -0.0011809500    0.0002636400   -0.0038777300
  -0.0011034500   -0.0000971600   -0.0033315300
  -0.0010939400   -0.0010837100   -0.0049303700
  -0.0008612400   -0.0000434700   -0.0033411000
   0.0019661000    0.0004257200   -0.0043658800
   0.0021122300   -0.0000917700   -0.0031796300
  -0.0001316400   -0.0012484400   -0.0036969700
   0.0001522200    0.0000385100   -0.0033342000
   0.0009115500    0.0005027100   -0.0029206700
   0.0011439400    0.0000113200   -0.0035749100
   0.0009051600   -0.0001106600   -0.0035623200
   0.0006596700    0.0000621600   -0.0031067800

49   
  0.0100000000000000   0.0000000000000000   0.0000000000000000
   0.0108042200   -0.0000000000   -0.0098675400
   0.0002568000   -0.0000000000   -0.0168415800
   0.0004175800   -0.0006709700   -0.0179650100
   0.0002403000    0.0000521900   -0.0166582600
   0.0004175800    0.0006709700   -0.0179650100
   0.0002403000   -0.0000521900   -0.0166582600
  -0.0001562300   -0.0000000000   -0.0172115200
  -0.0000009800   -0.0000000000   -0.0167916000
  -0.0001532000   -0.0000000000   -0.0000312400
  -0.0000391900   -0.0000000000    0.0000894300
   0.0002810500    0.0002526900   -0.0004060600
   0.0001532100   -0.0000577000    0.0002304300
   0.0002810500   -0.0002526900   -0.0004060600
   0.0001532100    0.0000577000    0.0002304300
   0.0157498800   -0.0000000000    0.0105436000
   0.0001056400   -0.0000000000    0.0001491600
  -0.0001075400   -0.0114767400    0.0059008400
  -0.0000046900   -0.0116005100    0.0058636400
   0.0003054500   -0.0111170300    0.0058409400
   0.0001225800   -0.0117674100    0.0057884100
   0.0186453100   -0.0221652700   -0.0001091100
   0.0002040200   -0.0115946400    0.0058055500
   0.0003092000   -0.0113310000    0.0062500700
   0.0000335300   -0.0117346200    0.0057484000
   0.0003088600   -0.0121697500    0.0013991500
   0.0001004900   -0.0113614700    0.0001548500
   0.0002717600   -0.0119002200    0.0002674300
   0.0001175100   -0.0112979500    0.0002350100
   0.0199817400    0.0016314700   -0.0086061800
   0.0002043100   -0.0115145000    0.0003523200
  -0.0002015500   -0.0117432800    0.0004913200
   0.0000197500   -0.0114429600    0.0002982800
  -0.0001075400    0.0114767400    0.0059008400
  -0.0000046900    0.0116005100    0.0058636400
   0.0186453100    0.0221652700   -0.0001091100
   0.0002040200    0.0115946400    0.0058055500
   0.0003054500    0.0111170300    0.0058409400
   0.0001225800    0.0117674100    0.0057884100
   0.0003092000    0.0113310000    0.0062500700
   0.0000335300    0.0117346200    0.0057484000
   0.0003088600    0.0121697500    0.0013991500
   0.0001004900    0.0113614700    0.0001548500
   0.0199817400   -0.0016314700   -0.0086061800
   0.0002043100    0.0115145000    0.0003523200
   0.0002717600    0.0119002200    0.0002674300
   0.0001175100    0.0112979500    0.0002350100
  -0.0002015500    0.0117432800    0.0004913200
   0.0000197500    0.0114429600    0.0002982800
  -0.1231016100   -0.0000000000    0.0121466800
   0.0115547300   -0.0000000000    0.0016172800
   0.0109967600    0.0002331400    0.0015150900
   0.0112346000    0.0000316200    0.0016680100
   0.0109967600   -0.0002331400    0.0015150900
   0.0112346000   -0.0000316200    0.0016680100
   0.0108735200   -0.0000000000    0.0020534200
   0.0111520800   -0.0000000000    0.0016095600
  -0.0071191800   -0.0000000000    0.0013598100
  -0.0063468900   -0.0000000000    0.0012387900
  -0.0112626400    0.0000078000    0.0016501600
  -0.0111689200   -0.0000651800    0.0017100600
  -0.0112626400   -0.0000078000    0.0016501600
  -0.0111689200    0.0000651800    0.0017100600
  -0.0111001600   -0.0000000000    0.0015995700
  -0.0111327700   -0.0000000000    0.0015620000
  -0.0126786200   -0.0000000000    0.0040797200
  -0.0120177400   -0.0000000000    0.0039431500
  -0.0095459900   -0.0037753600    0.0059905900
  -0.0125699300    0.0001460500    0.0038238300
  -0.0095459900    0.0037753600    0.0059905900
  -0.0125699300   -0.0001460500    0.0038238300
  -0.0090985500   -0.0000000000    0.0021766000
  -0.0125912200   -0.0000000000    0.0042940400
   0.0113287800   -0.0000000000    0.0040015700
   0.0119530500   -0.0000000000    0.0038851400
   0.0103270400   -0.0018120100    0.0049115800
   0.0148916900   -0.0033081500    0.0055048400
   0.0103270400    0.0018120100    0.0049115800
   0.0148916900    0.0033081500    0.0055048400
   0.0105041700   -0.0000000000    0.0019451900
   0.0148431300   -0.0000000000    0.0014543700
   0.0000346300   -0.0000000000   -0.0062356800
  -0.0018074400   -0.0000000000   -0.0031048200
   0.0016037400    0.0026811100   -0.0018703600
  -0.0013872200   -0.0000588300   -0.0035493700
   0.0016037400   -0.0026811100   -0.0018703600
  -0.0013872200    0.0000588300   -0.0035493700
  -0.0019814100   -0.0000000000   -0.0035140900
  -0.0008665100   -0.0000000000   -0.0033851600
   0.0041753000   -0.0000000000   -0.0063074600
  -0.0009661600   -0.0000000000   -0.0058550900
   0.0039154200    0.0028235300   -0.0017622000
  -0.0004143300    0.0017239500   -0.0024494600
   0.0039154200   -0.0028235300   -0.0017622000
  -0.0004143300   -0.0017239500   -0.0024494600
   0.0011388800   -0.0000000000   -0.0034077300
   0.0006368300   -0.0000000000   -0.0032451200

49   
 -0.0100000000000000   0.0000000000000000   0.0000000000000000
  -0.0115349600    0.0000000000   -0.0240329900
  -0.0002504800    0.0000000000   -0.0164969600
  -0.0004240600    0.0006799500   -0.0153610700
  -0.0002443600   -0.0000544300   -0.0166731200
  -0.0004240600   -0.0006799500   -0.0153610700
  -0.0002443600    0.0000544300   -0.0166731200
   0.0001591700    0.0000000000   -0.0161200100
  -0.0000015100    0.0000000000   -0.0165435100
   0.0001482600    0.0000000000    0.0005084200
   0.0000381500    0.0000000000    0.0003887900
  -0.0002780400   -0.0002498000    0.0008820800
  -0.0001504500    0.0000549200    0.0002450100
  -0.0002780400    0.0002498000    0.0008820800
  -0.0001504500   -0.0000549200    0.0002450100
  -0.0151647600    0.0000000000   -0.0095772300
  -0.0001062700    0.0000000000    0.0003296600
   0.0000989800   -0.0119106600    0.0055777400
   0.0000021000   -0.0117874600    0.0056202000
  -0.0002978100   -0.0122673900    0.0056445200
  -0.0001189200   -0.0116197400    0.0056971500
  -0.0179686900   -0.0017104800    0.0113298900
  -0.0002045100   -0.0117943300    0.0056768200
  -0.0003032100   -0.0120586200    0.0052322800
  -0.0000305100   -0.0116514200    0.0057344100
  -0.0003131500   -0.0104921800   -0.0009721300
  -0.0000988500   -0.0112991300    0.0002805800
  -0.0002748000   -0.0107627700    0.0001691500
  -0.0001218000   -0.0113596300    0.0001960700
  -0.0206213000   -0.0248065100    0.0093584300
  -0.0002089400   -0.0111488700    0.0000852600
   0.0002049600   -0.0109166500   -0.0000582100
  -0.0000245900   -0.0112241800    0.0001375200
   0.0000989800    0.0119106600    0.0055777400
   0.0000021000    0.0117874600    0.0056202000
  -0.0179686900    0.0017104800    0.0113298900
  -0.0002045100    0.0117943300    0.0056768200
  -0.0002978100    0.0122673900    0.0056445200
  -0.0001189200    0.0116197400    0.0056971500
  -0.0003032100    0.0120586200    0.0052322800
  -0.0000305100    0.0116514200    0.0057344100
  -0.0003131500    0.0104921800   -0.0009721300
  -0.0000988500    0.0112991300    0.0002805800
  -0.0206213000    0.0248065100    0.0093584300
  -0.0002089400    0.0111488700    0.0000852600
  -0.0002748000    0.0107627700    0.0001691500
  -0.0001218000    0.0113596300    0.0001960700
   0.0002049600    0.0109166500   -0.0000582100
  -0.0000245900    0.0112241800    0.0001375200
   0.1452251500    0.0000000000   -0.0089923300
   0.0104580600    0.0000000000    0.0015968400
   0.0110180300   -0.0002284200    0.0016987600
   0.0107762600   -0.0000291700    0.0015464800
   0.0110180300    0.0002284200    0.0016987600
   0.0107762600    0.0000291700    0.0015464800
   0.0111422900    0.0000000000    0.0011666600
   0.0108542400    0.0000000000    0.0016073500
  -0.0148913100    0.0000000000    0.0018605900
  -0.0156833000    0.0000000000    0.0019805600
  -0.0107449900   -0.0000150300    0.0015630100
  -0.0108471000    0.0000651600    0.0015054600
  -0.0107449900    0.0000150300    0.0015630100
  -0.0108471000   -0.0000651600    0.0015054600
  -0.0109065400    0.0000000000    0.0016132600
  -0.0108842900    0.0000000000    0.0016528800
  -0.0111742600    0.0000000000    0.0038806600
  -0.0118193700    0.0000000000    0.0040133500
  -0.0142630500    0.0036393000    0.0020372300
  -0.0112831700   -0.0001458100    0.0041311800
  -0.0142630500   -0.0036393000    0.0020372300
  -0.0112831700    0.0001458100    0.0041311800
  -0.0147147100    0.0000000000    0.0056385800
  -0.0112596400    0.0000000000    0.0036603700
   0.0125213600    0.0000000000    0.0039480900
   0.0118874400    0.0000000000    0.0040718100
   0.0135199000    0.0018175000    0.0030519500
   0.0089496900    0.0033258200    0.0024467400
   0.0135199000   -0.0018175000    0.0030519500
   0.0089496900   -0.0033258200    0.0024467400
   0.0133435300    0.0000000000    0.0060060900
   0.0090077500    0.0000000000    0.0065023700
  -0.0022323800    0.0000000000   -0.0002706600
  -0.0003293400    0.0000000000   -0.0035554100
  -0.0037740900   -0.0027841800   -0.0048524400
  -0.0007449400    0.0000573100   -0.0031094000
  -0.0037740900    0.0027841800   -0.0048524400
  -0.0007449400   -0.0000573100   -0.0031094000
  -0.0001367700    0.0000000000   -0.0031459900
  -0.0012809900    0.0000000000   -0.0032757800
  -0.0020454900    0.0000000000   -0.0003535300
   0.0031247600    0.0000000000   -0.0007840400
  -0.0017859300   -0.0028196100   -0.0049011900
   0.0025579000   -0.0017348400   -0.0042262900
  -0.0017859300    0.0028196100   -0.0049011900
   0.0025579000    0.0017348400   -0.0042262900
   0.0010012400    0.0000000000   -0.0032493300
   0.0015038600    0.0000000000   -0.0034167200

65   
  0.0000000000000000   0.0049941446136905   0.0086636320084331
  -0.0010136400   -0.0004724500   -0.0124703300
  -0.0007946800    0.0000291800   -0.0166913000
   0.0038422900    0.0043739800   -0.0152555400
  -0.0000232100   -0.0000262100   -0.0168837200
   0.0012451100    0.0012440300   -0.0138332900
  -0.0002072100    0.0000867200   -0.0167439100
   0.0015055500    0.0000390700   -0.0123586100
  -0.0004496700   -0.0001920300   -0.0167736600
  -0.0063599000   -0.0001802500    0.0065092000
  -0.0003880300   -0.0000487800   -0.0000256200
   0.0019575100    0.0011614100    0.0019803100
   0.0002227600    0.0000252300    0.0001130900
   0.0004841900   -0.0001635000    0.0011775400
  -0.0000136300   -0.0000757500    0.0002092900
  -0.0014887600    0.0008889800   -0.0003387700
   0.0002094200    0.0000820500    0.0001803000
   0.0057597400   -0.0064958200    0.0088167100
   0.0000429600   -0.0118055600    0.0056528900
  -0.0019438200   -0.0110602500    0.0073844900
  -0.0001620600   -0.0118371600    0.0058439200
   0.0014004800   -0.0126976000    0.0061228300
  -0.0002371300   -0.0117815500    0.0057908700
  -0.0006213100   -0.0108845400    0.0061141000
  -0.0000727000   -0.0116798800    0.0056858600
  -0.0079463700   -0.0046084200    0.0134391500
  -0.0001535000   -0.0112355900    0.0004516200
   0.0089194800   -0.0061327500    0.0142925400
   0.0001880400   -0.0114158400    0.0004985000
  -0.0001849900   -0.0113484500   -0.0006765200
  -0.0000169000   -0.0113543100    0.0001413700
  -0.0000982800   -0.0113948800    0.0001330800
   0.0000750600   -0.0113614700    0.0000151800
  -0.0001887800    0.0118973200    0.0057813600
  -0.0000996900    0.0116672600    0.0057103900
  -0.0000589400    0.0124648300    0.0068480300
  -0.0000406800    0.0117847300    0.0057391200
  -0.0014508100    0.0117033900    0.0070495800
  -0.0001152000    0.0117896800    0.0058769000
   0.0015461500    0.0130974500    0.0065107400
   0.0000598800    0.0115779700    0.0058551400
  -0.0051603900    0.0094410200    0.0073199600
   0.0000560700    0.0113313000    0.0002121500
   0.0007751600    0.0141403000    0.0018349600
   0.0005372700    0.0114090100    0.0002998200
   0.0025662600    0.0104866300    0.0064340800
   0.0002266700    0.0113855100    0.0003605800
  -0.0009948000    0.0141697700    0.0020251600
   0.0002028700    0.0113229600    0.0001456700
   0.0110822900    0.0010979900    0.0034887500
   0.0109738800    0.0000020100    0.0016279100
   0.0108650700    0.0000824500    0.0010906700
   0.0109397500    0.0000439500    0.0015829900
   0.0146281800    0.0145774600    0.0103394800
   0.0107955300   -0.0000468500    0.0014827700
   0.0095405600   -0.0001530800    0.0139249800
   0.0112827800   -0.0000510100    0.0017352600
  -0.0110400900   -0.0000567300    0.0014174300
  -0.0109290800    0.0001049500    0.0017851900
  -0.0108985600    0.0001793000    0.0017057900
  -0.0106829600   -0.0002127500    0.0007764600
  -0.0127083000   -0.0000277200    0.0016976300
  -0.0139968500    0.0013038900    0.0022491900
  -0.0092350900    0.0000419200    0.0013786800
  -0.0088227700   -0.0003638400    0.0029059000
  -0.0139603000   -0.0663780400   -0.1295599200
  -0.0119766200    0.0005196500    0.0043785500
  -0.0125614300    0.0104267400    0.0205887900
  -0.0122669800    0.0002744100    0.0041846600
  -0.0132483600   -0.0048174800    0.0118102700
  -0.0112590000    0.0009033000    0.0045488100
  -0.0100843700    0.0095279500    0.0037558700
  -0.0123438900   -0.0001379200    0.0048424200
   0.0117131600   -0.0008331800    0.0029858300
   0.0109888900    0.0039607600    0.0124605000
   0.0121788100    0.0002528800    0.0047827700
   0.0122880800   -0.0040827800   -0.0020208900
   0.0113596500   -0.0016940400    0.0036448500
   0.0114535700    0.0025609300    0.0018174900
   0.0122115500   -0.0002810400    0.0026631700
   0.0120570900   -0.0049911500    0.0055894000
  -0.0064273600    0.0051825100   -0.0095133200
   0.0001864200   -0.0009654800   -0.0041665300
   0.0019681000   -0.0070468600    0.0006326800
  -0.0015869800   -0.0006199600   -0.0042661200
  -0.0005309400    0.0065537800    0.0074673800
  -0.0013186200   -0.0003855400   -0.0042002300
  -0.0007993900   -0.0044019600   -0.0110007500
  -0.0006684200    0.0002604000   -0.0030675800
   0.0039239800    0.0005772000   -0.0006212400
  -0.0028445200    0.0006606600   -0.0013005600
  -0.0012431600    0.0025340700   -0.0018506500
   0.0049698000    0.0026042700   -0.0013826800
   0.0010389000    0.0007171000   -0.0026751500
   0.0014380100    0.0004813400   -0.0027349100
   0.0009920500    0.0013182000   -0.0017568900
   0.0010200900    0.0014506000   -0.0017303200

65   
  0.0000000000000000  -0.0049941446136905  -0.0086636320084331
   0.0010008700    0.0004683200   -0.0207940300
   0.0007888900   -0.0000205400   -0.0166377300
  -0.0039549900   -0.0045176000   -0.0180731200
   0.0000175900    0.0000219600   -0.0164438400
  -0.0013030700   -0.0010957100   -0.0194745300
   0.0001999500   -0.0000706000   -0.0165828400
  -0.0015202200   -0.0000238000   -0.0210368200
   0.0004442300    0.0001868800   -0.0165632500
   0.0064955100    0.0002089600   -0.0060805400
   0.0004048100    0.0000475800    0.0005005000
  -0.0019433900   -0.0011669700   -0.0014835800
  -0.0002299200   -0.0000218900    0.0003673500
  -0.0004900200    0.0001760400   -0.0007211900
   0.0000072800    0.0000727600    0.0002704600
   0.0014844700   -0.0009152500    0.0008170600
  -0.0001959200   -0.0000851600    0.0003015500
  -0.0056310300   -0.0168394300    0.0026722900
  -0.0000394900   -0.0115803600    0.0058246300
   0.0019573900   -0.0123395800    0.0040861900
   0.0001529600   -0.0115417500    0.0056453200
  -0.0013960400   -0.0107003000    0.0053748200
   0.0002432900   -0.0115993200    0.0056887800
   0.0006120600   -0.0124757700    0.0053764200
   0.0000695200   -0.0117115800    0.0057999100
   0.0074665200   -0.0176832600   -0.0124032800
   0.0001527700   -0.0114179300   -0.0000216700
  -0.0094176200   -0.0168332300   -0.0145004800
  -0.0001908400   -0.0112519800   -0.0000672200
   0.0002056000   -0.0113053400    0.0011042500
   0.0000218500   -0.0113111700    0.0002924000
   0.0001205500   -0.0112760200    0.0003160700
  -0.0000629900   -0.0112951100    0.0004079400
   0.0002397300    0.0114724500    0.0057262000
   0.0001085900    0.0117250200    0.0057652700
   0.0000916700    0.0109246100    0.0046299800
   0.0000367600    0.0115948600    0.0057410700
   0.0014503700    0.0116980700    0.0044297300
   0.0001037600    0.0115943700    0.0056225100
  -0.0015520900    0.0102903700    0.0049576000
  -0.0000737900    0.0118044700    0.0056225500
   0.0050468800    0.0131233900   -0.0067749000
  -0.0000595700    0.0113211700    0.0002144900
  -0.0007887700    0.0084648600   -0.0014294900
  -0.0005483400    0.0112589300    0.0001332200
  -0.0026213000    0.0122255700   -0.0061125500
  -0.0002238700    0.0112790900    0.0000787700
   0.0009930500    0.0085364300   -0.0015708400
  -0.0002015300    0.0113335300    0.0002853600
   0.0109169300   -0.0011372200   -0.0002548800
   0.0110367700    0.0000008700    0.0015821100
   0.0111379600   -0.0000941300    0.0021171100
   0.0110562900   -0.0000490800    0.0016325100
   0.0074952200   -0.0138239800   -0.0067836200
   0.0112095300    0.0000477900    0.0017277500
   0.0125460300    0.0002220400   -0.0114803500
   0.0107315000    0.0000534700    0.0014751300
  -0.0109978200    0.0000604900    0.0017858300
  -0.0110890800   -0.0001069700    0.0014326200
  -0.0110969500   -0.0001757000    0.0015081700
  -0.0113449700    0.0002180500    0.0024320600
  -0.0092832800    0.0000267800    0.0015226200
  -0.0080334500   -0.0013147300    0.0009571000
  -0.0127581900   -0.0000556400    0.0018257200
  -0.0131944800    0.0003729000    0.0003119100
  -0.0091672100    0.0654963400    0.1378509100
  -0.0119096500   -0.0005610100    0.0034930900
  -0.0113292800   -0.0104189300   -0.0126836300
  -0.0115870800   -0.0003448700    0.0036583500
  -0.0106846400    0.0047913600   -0.0039079300
  -0.0126005800   -0.0009759400    0.0032910500
  -0.0138259500   -0.0095611100    0.0041500500
  -0.0115448200    0.0000907100    0.0030240300
   0.0121616600    0.0008270600    0.0049392500
   0.0127642400   -0.0039403200   -0.0044575400
   0.0117074300   -0.0002214300    0.0031555300
   0.0116773300    0.0040965300    0.0099853500
   0.0125329300    0.0017477000    0.0042851600
   0.0124452000   -0.0025689600    0.0061493900
   0.0117027100    0.0002900900    0.0052731100
   0.0118185900    0.0050156500    0.0023585700
   0.0043554200   -0.0049466400    0.0032939600
  -0.0023123200    0.0010249200   -0.0023671900
  -0.0040315300    0.0067795500   -0.0075953900
  -0.0005237300    0.0006820300   -0.0022986400
  -0.0014886400   -0.0063620700   -0.0141387700
  -0.0007837000    0.0004256800   -0.0023639900
  -0.0013340600    0.0043414300    0.0044430500
  -0.0014338900   -0.0002006600   -0.0034729300
  -0.0018015300   -0.0006099100   -0.0060327100
   0.0050016900   -0.0006897500   -0.0054015700
   0.0033869700   -0.0025047100   -0.0047663300
  -0.0028546200   -0.0026209600   -0.0052665800
   0.0010554300   -0.0007464500   -0.0039512000
   0.0006606900   -0.0005409600   -0.0039150600
   0.0010540400   -0.0013339500   -0.0048704800
   0.0010847700   -0.0014554100   -0.0049334800

65   
  0.0100000000000000   0.0000000000000000   0.0000000000000000
   0.0006359700   -0.0000000000   -0.0175663800
   0.0001321500   -0.0000000000   -0.0167032000
   0.0021034100    0.0033980000   -0.0142949100
  -0.0000057800    0.0001585400   -0.0165604500
   0.0021034100   -0.0033980000   -0.0142949100
  -0.0000057800   -0.0001585400   -0.0165604500
   0.0004170900   -0.0000000000   -0.0141662900
   0.0000214400   -0.0000000000   -0.0170415300
   0.0126593000   -0.0000000000   -0.0044707300
   0.0013091300   -0.0000000000    0.0014535500
   0.0013858100    0.0009019900    0.0020328200
  -0.0002961600   -0.0000285200    0.0007622800
   0.0013858100   -0.0009019900    0.0020328200
  -0.0002961600    0.0000285200    0.0007622800
   0.0001300200   -0.0000000000    0.0005621600
   0.0001191600   -0.0000000000    0.0004640300
   0.0123571200   -0.0077408600    0.0080196000
   0.0012633900   -0.0129512600    0.0052523100
   0.0012531400   -0.0128213300    0.0039366700
  -0.0002608200   -0.0122421500    0.0056229400
   0.0003346100   -0.0119987900    0.0054932100
   0.0001295000   -0.0118975600    0.0056822000
   0.0013639600   -0.0140893200    0.0054965200
  -0.0001153700   -0.0121106100    0.0052417200
   0.0048018100   -0.0136835100   -0.0091743800
  -0.0000806700   -0.0113304200   -0.0001519900
   0.0055181500   -0.0060348600    0.0081270800
  -0.0000431400   -0.0113375900    0.0001378600
   0.0004317600   -0.0118885600    0.0009251300
  -0.0001340600   -0.0115602600    0.0002854800
   0.0003117000   -0.0098285700   -0.0008934700
  -0.0000472000   -0.0113765100    0.0005300700
   0.0123571200    0.0077408600    0.0080196000
   0.0012633900    0.0129512600    0.0052523100
   0.0003346100    0.0119987900    0.0054932100
   0.0001295000    0.0118975600    0.0056822000
   0.0012531400    0.0128213300    0.0039366700
  -0.0002608200    0.0122421500    0.0056229400
   0.0013639600    0.0140893200    0.0054965200
  -0.0001153700    0.0121106100    0.0052417200
   0.0048018100    0.0136835100   -0.0091743800
  -0.0000806700    0.0113304200   -0.0001519900
   0.0004317600    0.0118885600    0.0009251300
  -0.0001340600    0.0115602600    0.0002854800
   0.0055181500    0.0060348600    0.0081270800
  -0.0000431400    0.0113375900    0.0001378600
   0.0003117000    0.0098285700   -0.0008934700
  -0.0000472000    0.0113765100    0.0005300700
   0.0102470500   -0.0000000000    0.0015799800
   0.0109073200   -0.0000000000    0.0013338400
   0.0133310400   -0.0038375300    0.0035691400
   0.0103562900    0.0000357000    0.0017399700
   0.0133310400    0.0038375300    0.0035691400
   0.0103562900   -0.0000357000    0.0017399700
   0.0137943900   -0.0000000000   -0.0031511200
   0.0103409100   -0.0000000000    0.0014514400
  -0.0115998100   -0.0000000000    0.0015134300
  -0.0109640400   -0.0000000000    0.0016108600
  -0.0125965700    0.0009659700    0.0013074700
  -0.0080259600    0.0013979500    0.0007700900
  -0.0125965700   -0.0009659700    0.0013074700
  -0.0080259600   -0.0013979500    0.0007700900
  -0.0124312100   -0.0000000000    0.0025725200
  -0.0080806500   -0.0000000000    0.0032976900
  -0.1658662700   -0.0000000000    0.0012489900
  -0.0124845000   -0.0000000000    0.0039356500
  -0.0133386100    0.0006665200    0.0028818700
  -0.0105682100   -0.0010398900    0.0041553700
  -0.0133386100   -0.0006665200    0.0028818700
  -0.0105682100    0.0010398900    0.0041553700
  -0.0134373900   -0.0000000000    0.0061467500
  -0.0114263900   -0.0000000000    0.0035098200
   0.0154564000   -0.0000000000    0.0042172400
   0.0155764600   -0.0000000000    0.0050023700
   0.0097206500   -0.0008250700    0.0041939000
   0.0098574900   -0.0008183900    0.0040817400
   0.0097206500    0.0008250700    0.0041939000
   0.0098574900    0.0008183900    0.0040817400
   0.0107924500   -0.0000000000    0.0036796000
   0.0097248400   -0.0000000000    0.0038432800
   0.0105437500   -0.0000000000   -0.0076392700
  -0.0020037800   -0.0000000000   -0.0019188000
   0.0126658800    0.0048741600   -0.0003469100
  -0.0013225800   -0.0001874100   -0.0039296300
   0.0126658800   -0.0048741600   -0.0003469100
  -0.0013225800    0.0001874100   -0.0039296300
   0.0023403800   -0.0000000000   -0.0029264300
   0.0001478900   -0.0000000000   -0.0029274600
   0.0068282900   -0.0000000000    0.0009206100
   0.0069149900   -0.0000000000   -0.0081345100
   0.0068840700   -0.0030480200   -0.0057213200
   0.0059292500    0.0037567100   -0.0017331600
   0.0068840700    0.0030480200   -0.0057213200
   0.0059292500   -0.0037567100   -0.0017331600
   0.0012029200   -0.0000000000   -0.0032022200
   0.0017239900   -0.0000000000   -0.0033743500

65   
 -0.0100000000000000   0.0000000000000000   0.0000000000000000
  -0.0006231900    0.0000000000   -0.0157911700
  -0.0001257100    0.0000000000   -0.0166278900
  -0.0022319000   -0.0037191000   -0.0190618500
   0.0000004200   -0.0001524000   -0.0167804700
  -0.0022319000    0.0037191000   -0.0190618500
   0.0000004200    0.0001524000   -0.0167804700
  -0.0004237100    0.0000000000   -0.0191759700
  -0.0000084600    0.0000000000   -0.0163074600
  -0.0119487800    0.0000000000    0.0046412000
  -0.0013327300    0.0000000000   -0.0010088600
  -0.0013975800   -0.0008925100   -0.0015560000
   0.0002872300    0.0000147500   -0.0002926700
  -0.0013975800    0.0008925100   -0.0015560000
   0.0002872300   -0.0000147500   -0.0002926700
  -0.0001505600    0.0000000000   -0.0000880900
  -0.0001054700    0.0000000000    0.0000083600
  -0.0116763700   -0.0154089100    0.0036321500
  -0.0013000700   -0.0104320000    0.0062672100
  -0.0012620800   -0.0105718200    0.0075529600
   0.0002564700   -0.0111533000    0.0058832900
  -0.0003573900   -0.0113946900    0.0060080300
  -0.0001297900   -0.0114957300    0.0058040600
  -0.0013752200   -0.0093142200    0.0059871400
   0.0001082000   -0.0112708000    0.0062406100
  -0.0048844400   -0.0088463600    0.0098448300
   0.0001017900   -0.0113398500    0.0005531900
  -0.0056010000   -0.0168197400   -0.0079760900
   0.0000377900   -0.0113418600    0.0002817800
  -0.0004197900   -0.0107932000   -0.0005003600
   0.0001283000   -0.0111277700    0.0001417200
  -0.0003163600   -0.0128422700    0.0013330900
   0.0000559100   -0.0112950500   -0.0001059300
  -0.0116763700    0.0154089100    0.0036321500
  -0.0013000700    0.0104320000    0.0062672100
  -0.0003573900    0.0113946900    0.0060080300
  -0.0001297900    0.0114957300    0.0058040600
  -0.0012620800    0.0105718200    0.0075529600
   0.0002564700    0.0111533000    0.0058832900
  -0.0013752200    0.0093142200    0.0059871400
   0.0001082000    0.0112708000    0.0062406100
  -0.0048844400    0.0088463600    0.0098448300
   0.0001017900    0.0113398500    0.0005531900
  -0.0004197900    0.0107932000   -0.0005003600
   0.0001283000    0.0111277700    0.0001417200
  -0.0056010000    0.0168197400   -0.0079760900
   0.0000377900    0.0113418600    0.0002817800
  -0.0003163600    0.0128422700    0.0013330900
   0.0000559100    0.0112950500   -0.0001059300
   0.0117568200    0.0000000000    0.0016330700
   0.0111016200    0.0000000000    0.0018612700
   0.0086198000    0.0038958400   -0.0003985600
   0.0116447900   -0.0000385700    0.0014829400
   0.0086198000   -0.0038958400   -0.0003985600
   0.0116447900    0.0000385700    0.0014829400
   0.0081730000    0.0000000000    0.0064153000
   0.0116626400    0.0000000000    0.0017509800
  -0.0104030000    0.0000000000    0.0017116400
  -0.0110310000    0.0000000000    0.0015964900
  -0.0094044800   -0.0009713300    0.0018863700
  -0.0139741100   -0.0014088400    0.0024443400
  -0.0094044800    0.0009713300    0.0018863700
  -0.0139741100    0.0014088400    0.0024443400
  -0.0095811300    0.0000000000    0.0006562400
  -0.0139125500    0.0000000000   -0.0000968400
   0.1407769200    0.0000000000    0.0067676300
  -0.0114329600    0.0000000000    0.0039941400
  -0.0106163700   -0.0006726500    0.0050658200
  -0.0133675300    0.0009917900    0.0037829600
  -0.0106163700    0.0006726500    0.0050658200
  -0.0133675300   -0.0009917900    0.0037829600
  -0.0104518800    0.0000000000    0.0018162200
  -0.0125560500    0.0000000000    0.0044333400
   0.0084383800    0.0000000000    0.0037125000
   0.0076762500    0.0000000000    0.0029371400
   0.0142249600    0.0008098100    0.0037664400
   0.0140860400    0.0007920100    0.0038606000
   0.0142249600   -0.0008098100    0.0037664400
   0.0140860400   -0.0007920100    0.0038606000
   0.0131478600    0.0000000000    0.0042698000
   0.0141965600    0.0000000000    0.0041222800
  -0.0124337900    0.0000000000    0.0012433200
   0.0000401600    0.0000000000   -0.0047133400
  -0.0144967400   -0.0050827200   -0.0064227100
  -0.0006805700    0.0002207700   -0.0027071900
  -0.0144967400    0.0050827200   -0.0064227100
  -0.0006805700   -0.0002207700   -0.0027071900
  -0.0043634600    0.0000000000   -0.0037221200
  -0.0021658500    0.0000000000   -0.0036925000
  -0.0047603700    0.0000000000   -0.0074959400
  -0.0049412900    0.0000000000    0.0016158300
  -0.0047797800    0.0030147000   -0.0009290400
  -0.0039392000   -0.0038445500   -0.0049592600
  -0.0047797800   -0.0030147000   -0.0009290400
  -0.0039392000    0.0038445500   -0.0049592600
   0.0007589700    0.0000000000   -0.0034433200
   0.0003408700    0.0000000000   -0.0032820400

81   
  0.0000000000000000   0.0049941446136905   0.0086636320084331
  -0.0046407000    0.0000713700   -0.0105821300
  -0.0002051600    0.0000705600   -0.0165874600
   0.0028544200    0.0012759700   -0.0145021400
   0.0002787600    0.0001589300   -0.0167375800
   0.0006159200   -0.0000075800   -0.0154691300
   0.0001551200   -0.0000963100   -0.0166512500
  -0.0020315100    0.0008704800   -0.0174123000
   0.0001213700    0.0004054600   -0.0166461500
  -0.0007204600   -0.0002467000    0.0030750500
  -0.0006086200    0.0000519400    0.0002779100
   0.0054447900    0.0068164500    0.0012343200
   0.0000784200    0.0000317100    0.0002279400
  -0.0021724400    0.0054367000    0.0021910700
  -0.0000961700    0.0001523300    0.0003259400
   0.0010946300   -0.0000012100    0.0037190100
  -0.0002184400   -0.0000263300    0.0002580800
  -0.0046876500   -0.0136546100    0.0123071500
   0.0001189400   -0.0117458300    0.0056270400
   0.0008617800   -0.0089414500    0.0070144300
   0.0006329300   -0.0116542600    0.0057674400
   0.0019140300   -0.0124946600    0.0114754100
   0.0002533700   -0.0117875400    0.0057140700
  -0.0009338200   -0.0087792300    0.0072903600
   0.0001829300   -0.0116760800    0.0056261500
  -0.0000965900   -0.0112859700   -0.0002002400
   0.0000612600   -0.0112639800    0.0000447800
   0.0000246400   -0.0105923100    0.0011136000
  -0.0000487100   -0.0111707700    0.0002824700
  -0.0013334500   -0.0115347300    0.0016081400
   0.0000287900   -0.0113228700    0.0001791300
   0.0014158700   -0.0102034700    0.0006849500
  -0.0000516100   -0.0113782700    0.0001965900
  -0.0063165800    0.0177242200    0.0152747700
  -0.0000749200    0.0117827400    0.0058434000
   0.0075988900    0.0171925400    0.0176224700
   0.0001704100    0.0117604600    0.0059637500
  -0.0000269700    0.0114665200    0.0051127300
   0.0000122000    0.0116581800    0.0056167700
  -0.0000903800    0.0117462500    0.0055396900
   0.0000498400    0.0116487200    0.0055836800
   0.0076553000    0.0169982200    0.0041374300
   0.0001191900    0.0110981800    0.0000036100
  -0.0019236600    0.0122604400    0.0020652000
  -0.0001253100    0.0111921700    0.0001776400
   0.0013212300    0.0104749700    0.0004729700
  -0.0002955600    0.0111388700    0.0003148800
  -0.0005925100    0.0121136400    0.0003560100
  -0.0001421600    0.0113756900    0.0000320700
   0.0083551000   -0.0003749700    0.0224974500
   0.0111952700    0.0000148100    0.0017833400
   0.0136021500    0.0102689200    0.0082006300
   0.0107875000    0.0000251500    0.0015671800
   0.0109349900    0.0004232600    0.0017571900
   0.0108470200    0.0001016200    0.0016074800
   0.0108582900    0.0010952500    0.0032019400
   0.0109562200    0.0000420400    0.0016176400
  -0.0084180300   -0.0004270900    0.0026476500
  -0.0088111100    0.0000925000    0.0014530400
  -0.0137596200    0.0010510900    0.0020846800
  -0.0126402300   -0.0002360900    0.0017231100
  -0.0109499500   -0.0003004900    0.0010732000
  -0.0109173300    0.0001833600    0.0017360100
  -0.0109364200    0.0001079600    0.0018425500
  -0.0110634000   -0.0000627200    0.0013790100
  -0.0157931000    0.0049376300   -0.0026538700
  -0.0107130700   -0.0010290300    0.0030058800
  -0.0068415700   -0.0058838300    0.0077591600
  -0.0125715400   -0.0006083900    0.0029200000
  -0.0118365100    0.0054680100    0.0153048400
  -0.0123670100   -0.0005037500    0.0030636400
  -0.0115614600   -0.0043358900   -0.0037896400
  -0.0115945600    0.0002006200    0.0041218100
   0.0082785300    0.0006138300    0.0067048000
   0.0161555700    0.0007042000    0.0060708500
   0.0155263000    0.0023524800    0.0055233800
   0.0086066300    0.0027353700    0.0058573500
   0.0124880300    0.0009389400    0.0045058800
   0.0124290400    0.0004235600    0.0046479000
   0.0118166400    0.0013354500    0.0055381500
   0.0119906100    0.0014721700    0.0055949500
  -0.0079547900   -0.0697205400   -0.1327894300
  -0.0012291700    0.0000652800   -0.0030842300
  -0.0015955100    0.0102065800    0.0133085600
  -0.0012741600    0.0003762500   -0.0029342000
  -0.0027119100   -0.0047090200    0.0046937100
  -0.0006077500    0.0006136500   -0.0027956000
  -0.0003092600    0.0092592700   -0.0020813900
  -0.0015276700   -0.0001962100   -0.0025727900
   0.0011572200    0.0037824100    0.0039746300
   0.0007993700   -0.0002698200   -0.0038860100
   0.0008941400   -0.0041601800   -0.0097071800
   0.0012485800   -0.0003236200   -0.0029137400
   0.0004563000    0.0030407300   -0.0055557100
   0.0011000600   -0.0008991700   -0.0032418700
   0.0014750000   -0.0045557900   -0.0019295500
   0.0003949200   -0.0004453100   -0.0044021300

81   
  0.0000000000000000  -0.0049941446136905  -0.0086636320084331
   0.0044802800   -0.0001000400   -0.0226642400
   0.0002031300   -0.0000608900   -0.0167426600
  -0.0028967000   -0.0013040500   -0.0188880400
  -0.0002761500   -0.0001559100   -0.0165911600
  -0.0006096000   -0.0000070500   -0.0178536100
  -0.0001583400    0.0001065200   -0.0166794000
   0.0020164200   -0.0008240000   -0.0159279100
  -0.0001309900   -0.0003984300   -0.0166826400
   0.0007301500    0.0002523500   -0.0026191300
   0.0006134000   -0.0000553700    0.0002048500
  -0.0053397500   -0.0066971500   -0.0007861200
  -0.0000772200   -0.0000310200    0.0002531100
   0.0022255600   -0.0055561000   -0.0017059700
   0.0001005900   -0.0001619000    0.0001577200
  -0.0010952700   -0.0000170900   -0.0032174000
   0.0002278500    0.0000287700    0.0002305000
   0.0047894300   -0.0096521900   -0.0009105000
  -0.0001131900   -0.0116297000    0.0058574100
  -0.0008587500   -0.0144041400    0.0044876400
  -0.0006323000   -0.0117342800    0.0057116600
  -0.0018503400   -0.0109474400    0.0001109300
  -0.0002588400   -0.0116062100    0.0057666000
   0.0009367200   -0.0146310500    0.0041909700
  -0.0001766400   -0.0117086500    0.0058593200
   0.0000908100   -0.0113665900    0.0006412500
  -0.0000738600   -0.0114043600    0.0003965100
  -0.0000504800   -0.0120735800   -0.0006748100
   0.0000529100   -0.0114863300    0.0001408400
   0.0013329500   -0.0111323300   -0.0011596900
  -0.0000210700   -0.0113406000    0.0002344400
  -0.0014023200   -0.0124501600   -0.0002565600
   0.0000579200   -0.0112838600    0.0002371700
   0.0067461800    0.0053370600   -0.0043010700
   0.0000712200    0.0115891000    0.0056353000
  -0.0071335000    0.0064602900   -0.0055727600
  -0.0001806800    0.0116291200    0.0055185200
   0.0000141700    0.0119262100    0.0063734000
  -0.0000279900    0.0117341400    0.0058572700
   0.0000754900    0.0116350100    0.0059387800
  -0.0000516800    0.0117359900    0.0058993300
  -0.0078098200    0.0055833200   -0.0037001800
  -0.0001330100    0.0115702300    0.0004234000
   0.0018939100    0.0104140500   -0.0015888400
   0.0001307900    0.0114660900    0.0002405900
  -0.0013237800    0.0122030800   -0.0000678000
   0.0002827700    0.0115178600    0.0001100500
   0.0005942900    0.0105365700    0.0000612800
   0.0001385000    0.0112881200    0.0003974000
   0.0135215500    0.0002831300   -0.0183966200
   0.0108049700   -0.0000126800    0.0014261300
   0.0082869400   -0.0109528100   -0.0053321300
   0.0112251700   -0.0000283900    0.0016460600
   0.0110854700   -0.0003989700    0.0014383400
   0.0111711800   -0.0000918900    0.0016092400
   0.0111689800   -0.0010604400   -0.0000112300
   0.0110500100   -0.0000450200    0.0015836200
  -0.0135667900    0.0004172400    0.0005621200
  -0.0132067800   -0.0000864200    0.0017719100
  -0.0082245000   -0.0010416600    0.0011287500
  -0.0093751000    0.0002233200    0.0014758200
  -0.0110457600    0.0002910800    0.0021366800
  -0.0111068900   -0.0001789100    0.0014682900
  -0.0110700400   -0.0001089700    0.0013703200
  -0.0109152500    0.0000592400    0.0018286100
  -0.0081212000   -0.0051881600    0.0101579600
  -0.0131396700    0.0009595900    0.0048226800
  -0.0170677500    0.0061703000    0.0005502400
  -0.0113016400    0.0005550000    0.0049507800
  -0.0121258200   -0.0056756100   -0.0073216900
  -0.0115099600    0.0004456800    0.0048098800
  -0.0122631500    0.0044043400    0.0116569900
  -0.0122647600   -0.0002579900    0.0037266200
   0.0155642700   -0.0005832400    0.0012916300
   0.0076998100   -0.0006476900    0.0019601200
   0.0083555700   -0.0023194300    0.0024073000
   0.0152188800   -0.0027285800    0.0021257400
   0.0113558200   -0.0008886200    0.0034385800
   0.0114467600   -0.0003604300    0.0033345300
   0.0120307700   -0.0013084900    0.0024246100
   0.0119055800   -0.0014301000    0.0023864100
   0.0053937900    0.0705622700    0.1254916200
  -0.0008568800   -0.0000116900   -0.0034646900
  -0.0004904100   -0.0102205000   -0.0199116400
  -0.0008420600   -0.0003159000   -0.0036109100
   0.0006779300    0.0047495200   -0.0113018300
  -0.0015075300   -0.0005425900   -0.0037448300
  -0.0017541800   -0.0092279900   -0.0045352400
  -0.0005726100    0.0002431600   -0.0039829700
   0.0011440500   -0.0037994900   -0.0106518200
   0.0013041700    0.0002451000   -0.0028080400
   0.0010899300    0.0041398200    0.0030513100
   0.0008584500    0.0002616000   -0.0037695000
   0.0015716000   -0.0030461600   -0.0010977900
   0.0009941200    0.0008403100   -0.0034330800
   0.0005998700    0.0045165400   -0.0047162300
   0.0016799100    0.0003981300   -0.0022884100

81   
  0.0100000000000000   0.0000000000000000   0.0000000000000000
   0.0087218000   -0.0000000000   -0.0167214600
   0.0009544600   -0.0000000000   -0.0151730600
   0.0018695500    0.0014253500   -0.0139088300
  -0.0002299000   -0.0001089800   -0.0160332500
   0.0018695500   -0.0014253500   -0.0139088300
  -0.0002299000    0.0001089800   -0.0160332500
   0.0002355700   -0.0000000000   -0.0160392600
   0.0002239200   -0.0000000000   -0.0164430500
   0.0004383900   -0.0000000000   -0.0007464100
  -0.0000463700   -0.0000000000    0.0000190200
   0.0049692200    0.0076993800    0.0016273100
   0.0000187400    0.0001569300    0.0001666500
   0.0049692200   -0.0076993800    0.0016273100
   0.0000187400   -0.0001569300    0.0001666500
   0.0001368600   -0.0000000000    0.0022700200
   0.0001293800   -0.0000000000    0.0000863900
   0.0048223600   -0.0092396300   -0.0008575300
  -0.0001007300   -0.0115738000    0.0056788900
   0.0003045700   -0.0106938200    0.0063904300
   0.0000040200   -0.0111491900    0.0057803900
   0.0052888000   -0.0167354000    0.0124110200
   0.0000143300   -0.0115697900    0.0058304900
   0.0000030600   -0.0132961300    0.0048149300
   0.0000337900   -0.0115799500    0.0059855700
   0.0166378300   -0.0171696400    0.0051563700
   0.0009370500   -0.0103507100   -0.0002499000
   0.0003418300   -0.0109069500   -0.0000088900
   0.0001021600   -0.0110494100    0.0001072100
   0.0011121600   -0.0097745700   -0.0020669600
  -0.0000557700   -0.0108177200   -0.0000560700
   0.0009952500   -0.0094636900    0.0000737300
  -0.0000296300   -0.0110385900   -0.0000680700
   0.0048223600    0.0092396300   -0.0008575300
  -0.0001007300    0.0115738000    0.0056788900
   0.0052888000    0.0167354000    0.0124110200
   0.0000143300    0.0115697900    0.0058304900
   0.0003045700    0.0106938200    0.0063904300
   0.0000040200    0.0111491900    0.0057803900
   0.0000030600    0.0132961300    0.0048149300
   0.0000337900    0.0115799500    0.0059855700
   0.0166378300    0.0171696400    0.0051563700
   0.0009370500    0.0103507100   -0.0002499000
   0.0011121600    0.0097745700   -0.0020669600
  -0.0000557700    0.0108177200   -0.0000560700
   0.0003418300    0.0109069500   -0.0000088900
   0.0001021600    0.0110494100    0.0001072100
   0.0009952500    0.0094636900    0.0000737300
  -0.0000296300    0.0110385900   -0.0000680700
   0.0121444300   -0.0000000000   -0.0038530200
   0.0102726600   -0.0000000000    0.0014359500
   0.0137015200    0.0021402600    0.0029721800
   0.0106941800   -0.0001378100    0.0015662400
   0.0137015200   -0.0021402600    0.0029721800
   0.0106941800    0.0001378100    0.0015662400
   0.0100899900   -0.0000000000    0.0016440100
   0.0112154100   -0.0000000000    0.0013582100
  -0.0078977300   -0.0000000000    0.0026419800
  -0.0130404400   -0.0000000000    0.0027904000
  -0.0081637200   -0.0010550800    0.0008273300
  -0.0124900100   -0.0009967500    0.0011277200
  -0.0081637200    0.0010550800    0.0008273300
  -0.0124900100    0.0009967500    0.0011277200
  -0.0109412400   -0.0000000000    0.0014282300
  -0.0114431300   -0.0000000000    0.0011319800
  -0.0005736100   -0.0000000000   -0.0023362500
  -0.0130357700   -0.0000000000    0.0054220800
   0.0014839100    0.0026479800    0.0060625100
  -0.0123210000   -0.0002770300    0.0035158000
   0.0014839100   -0.0026479800    0.0060625100
  -0.0123210000    0.0002770300    0.0035158000
  -0.0086371700   -0.0000000000    0.0043004600
  -0.0108305000   -0.0000000000    0.0044157700
   0.0177990300   -0.0000000000    0.0006385000
   0.0178947700   -0.0000000000    0.0084790000
   0.0178265000    0.0023406300    0.0053312800
   0.0168906700   -0.0035128200    0.0014982800
   0.0178265000   -0.0023406300    0.0053312800
   0.0168906700    0.0035128200    0.0014982800
   0.0121862300   -0.0000000000    0.0040074400
   0.0127019600   -0.0000000000    0.0039941000
  -0.1501162800   -0.0000000000   -0.0109894600
  -0.0018320600   -0.0000000000   -0.0035331800
  -0.0025005900    0.0011445100   -0.0046394600
   0.0004032800   -0.0006660900   -0.0031858900
  -0.0025005900   -0.0011445100   -0.0046394600
   0.0004032800    0.0006660900   -0.0031858900
  -0.0012233400   -0.0000000000   -0.0024952700
  -0.0004467500   -0.0000000000   -0.0038772200
  -0.0069543800   -0.0000000000   -0.0033351600
   0.0053234800   -0.0000000000   -0.0030266700
  -0.0015210300   -0.0004586900   -0.0029460000
  -0.0016348400   -0.0001351000   -0.0034648300
  -0.0015210300    0.0004586900   -0.0029460000
  -0.0016348400    0.0001351000   -0.0034648300
  -0.0016558100   -0.0000000000   -0.0038050000
  -0.0006088700   -0.0000000000   -0.0025663700

81   
 -0.0100000000000000   0.0000000000000000   0.0000000000000000
  -0.0094632400   -0.0000000000   -0.0163182600
  -0.0009248300   -0.0000000000   -0.0181240600
  -0.0018643300   -0.0014380200   -0.0194379700
   0.0002433500    0.0001022400   -0.0172885100
  -0.0018643300    0.0014380200   -0.0194379700
   0.0002433500   -0.0001022400   -0.0172885100
  -0.0002405000   -0.0000000000   -0.0173075800
  -0.0002384500   -0.0000000000   -0.0168881200
  -0.0004681800   -0.0000000000    0.0012304300
   0.0000546100   -0.0000000000    0.0004445200
  -0.0048572100   -0.0074393200   -0.0011629800
  -0.0000125400   -0.0001586100    0.0002959000
  -0.0048572100    0.0074393200   -0.0011629800
  -0.0000125400    0.0001586100    0.0002959000
  -0.0001360700   -0.0000000000   -0.0018013800
  -0.0001331000   -0.0000000000    0.0003820900
  -0.0047412300   -0.0140240800    0.0121307300
   0.0000933600   -0.0118076400    0.0058279300
  -0.0003202900   -0.0127001200    0.0051039200
   0.0000023200   -0.0122361200    0.0057175900
  -0.0052045600   -0.0067842400   -0.0006825300
  -0.0000104800   -0.0118123100    0.0056660500
   0.0000045700   -0.0100791400    0.0066788200
  -0.0000336800   -0.0118023000    0.0055101600
  -0.0174299000   -0.0051602800   -0.0049509900
  -0.0009168700   -0.0123001200    0.0006620800
  -0.0003302400   -0.0117557400    0.0004286100
  -0.0000892400   -0.0116173600    0.0003027400
  -0.0011107700   -0.0129023600    0.0025083000
   0.0000672700   -0.0118483000    0.0004657000
  -0.0009932800   -0.0131987400    0.0003380000
   0.0000306100   -0.0116192000    0.0004888200
  -0.0047412300    0.0140240800    0.0121307300
   0.0000933600    0.0118076400    0.0058279300
  -0.0052045600    0.0067842400   -0.0006825300
  -0.0000104800    0.0118123100    0.0056660500
  -0.0003202900    0.0127001200    0.0051039200
   0.0000023200    0.0122361200    0.0057175900
   0.0000045700    0.0100791400    0.0066788200
  -0.0000336800    0.0118023000    0.0055101600
  -0.0174299000    0.0051602800   -0.0049509900
  -0.0009168700    0.0123001200    0.0006620800
  -0.0011107700    0.0129023600    0.0025083000
   0.0000672700    0.0118483000    0.0004657000
  -0.0003302400    0.0117557400    0.0004286100
  -0.0000892400    0.0116173600    0.0003027400
  -0.0009932800    0.0131987400    0.0003380000
   0.0000306100    0.0116192000    0.0004888200
   0.0098832900   -0.0000000000    0.0069705900
   0.0117506300   -0.0000000000    0.0017781700
   0.0083267200   -0.0020846900    0.0002631400
   0.0113271000    0.0001353100    0.0016376000
   0.0083267200    0.0020846900    0.0002631400
   0.0113271000   -0.0001353100    0.0016376000
   0.0119375600   -0.0000000000    0.0015813300
   0.0107987600   -0.0000000000    0.0018521000
  -0.0141185300   -0.0000000000    0.0005661000
  -0.0089514900   -0.0000000000    0.0004007200
  -0.0138517900    0.0010499800    0.0023811200
  -0.0095174100    0.0010018200    0.0021011200
  -0.0138517900   -0.0010499800    0.0023811200
  -0.0095174100   -0.0010018200    0.0021011200
  -0.0110784600   -0.0000000000    0.0017712800
  -0.0105792600   -0.0000000000    0.0020728800
  -0.0235503300   -0.0000000000    0.0101146800
  -0.0109764800   -0.0000000000    0.0025243900
  -0.0256665300   -0.0024057900    0.0020417200
  -0.0116826700    0.0002580300    0.0044431200
  -0.0256665300    0.0024057900    0.0020417200
  -0.0116826700   -0.0002580300    0.0044431200
  -0.0153383800   -0.0000000000    0.0036696800
  -0.0131616900   -0.0000000000    0.0035301500
   0.0062208000   -0.0000000000    0.0072359300
   0.0060287400   -0.0000000000   -0.0005826000
   0.0061710800   -0.0022615900    0.0026398800
   0.0070174500    0.0035558100    0.0064574600
   0.0061710800    0.0022615900    0.0026398800
   0.0070174500   -0.0035558100    0.0064574600
   0.0117415600   -0.0000000000    0.0039438200
   0.0113136400   -0.0000000000    0.0039351100
   0.1500313600   -0.0000000000    0.0044189100
  -0.0001331100   -0.0000000000   -0.0030989900
   0.0005013400   -0.0011432700   -0.0020375900
  -0.0023704700    0.0006715200   -0.0034587100
   0.0005013400    0.0011432700   -0.0020375900
  -0.0023704700   -0.0006715200   -0.0034587100
  -0.0007928300   -0.0000000000   -0.0041552800
  -0.0015153200   -0.0000000000   -0.0027678400
   0.0093505900   -0.0000000000   -0.0033191500
  -0.0033286600   -0.0000000000   -0.0036216300
   0.0035236000    0.0004515300   -0.0036952700
   0.0035756900    0.0001409200   -0.0031640000
   0.0035236000   -0.0004515300   -0.0036952700
   0.0035756900   -0.0001409200   -0.0031640000
   0.0036694400   -0.0000000000   -0.0028053900
   0.0025859800   -0.0000000000   -0.0040565100
